Date,strategy,rolling_return
2005-01-03,equal_weight,
2005-01-04,equal_weight,
2005-01-05,equal_weight,
2005-01-06,equal_weight,
2005-01-07,equal_weight,
2005-01-10,equal_weight,
2005-01-11,equal_weight,
2005-01-12,equal_weight,
2005-01-13,equal_weight,
2005-01-14,equal_weight,
2005-01-17,equal_weight,
2005-01-18,equal_weight,
2005-01-19,equal_weight,
2005-01-20,equal_weight,
2005-01-21,equal_weight,
2005-01-24,equal_weight,
2005-01-25,equal_weight,
2005-01-26,equal_weight,
2005-01-27,equal_weight,
2005-01-28,equal_weight,
2005-01-31,equal_weight,
2005-02-01,equal_weight,
2005-02-02,equal_weight,
2005-02-03,equal_weight,
2005-02-04,equal_weight,
2005-02-07,equal_weight,
2005-02-08,equal_weight,
2005-02-09,equal_weight,
2005-02-10,equal_weight,
2005-02-11,equal_weight,
2005-02-14,equal_weight,
2005-02-15,equal_weight,
2005-02-16,equal_weight,
2005-02-17,equal_weight,
2005-02-18,equal_weight,
2005-02-21,equal_weight,
2005-02-22,equal_weight,
2005-02-23,equal_weight,
2005-02-24,equal_weight,
2005-02-25,equal_weight,
2005-02-28,equal_weight,
2005-03-01,equal_weight,
2005-03-02,equal_weight,
2005-03-03,equal_weight,
2005-03-04,equal_weight,
2005-03-07,equal_weight,
2005-03-08,equal_weight,
2005-03-09,equal_weight,
2005-03-10,equal_weight,
2005-03-11,equal_weight,
2005-03-14,equal_weight,
2005-03-15,equal_weight,
2005-03-16,equal_weight,
2005-03-17,equal_weight,
2005-03-18,equal_weight,
2005-03-21,equal_weight,
2005-03-22,equal_weight,
2005-03-23,equal_weight,
2005-03-24,equal_weight,
2005-03-25,equal_weight,
2005-03-28,equal_weight,
2005-03-29,equal_weight,
2005-03-30,equal_weight,
2005-03-31,equal_weight,
2005-04-01,equal_weight,
2005-04-04,equal_weight,
2005-04-05,equal_weight,
2005-04-06,equal_weight,
2005-04-07,equal_weight,
2005-04-08,equal_weight,
2005-04-11,equal_weight,
2005-04-12,equal_weight,
2005-04-13,equal_weight,
2005-04-14,equal_weight,
2005-04-15,equal_weight,
2005-04-18,equal_weight,
2005-04-19,equal_weight,
2005-04-20,equal_weight,
2005-04-21,equal_weight,
2005-04-22,equal_weight,
2005-04-25,equal_weight,
2005-04-26,equal_weight,
2005-04-27,equal_weight,
2005-04-28,equal_weight,
2005-04-29,equal_weight,
2005-05-02,equal_weight,
2005-05-03,equal_weight,
2005-05-04,equal_weight,
2005-05-05,equal_weight,
2005-05-06,equal_weight,
2005-05-09,equal_weight,
2005-05-10,equal_weight,
2005-05-11,equal_weight,
2005-05-12,equal_weight,
2005-05-13,equal_weight,
2005-05-16,equal_weight,
2005-05-17,equal_weight,
2005-05-18,equal_weight,
2005-05-19,equal_weight,
2005-05-20,equal_weight,
2005-05-23,equal_weight,
2005-05-24,equal_weight,
2005-05-25,equal_weight,
2005-05-26,equal_weight,
2005-05-27,equal_weight,
2005-05-30,equal_weight,
2005-05-31,equal_weight,
2005-06-01,equal_weight,
2005-06-02,equal_weight,
2005-06-03,equal_weight,
2005-06-06,equal_weight,
2005-06-07,equal_weight,
2005-06-08,equal_weight,
2005-06-09,equal_weight,
2005-06-10,equal_weight,
2005-06-13,equal_weight,
2005-06-14,equal_weight,
2005-06-15,equal_weight,
2005-06-16,equal_weight,
2005-06-17,equal_weight,
2005-06-20,equal_weight,
2005-06-21,equal_weight,
2005-06-22,equal_weight,
2005-06-23,equal_weight,
2005-06-24,equal_weight,
2005-06-27,equal_weight,-0.08424938827069159
2005-06-28,equal_weight,-0.07929309908175215
2005-06-29,equal_weight,-0.07153955238630198
2005-06-30,equal_weight,-0.08107207950535289
2005-07-01,equal_weight,-0.08511708209715958
2005-07-04,equal_weight,-0.08964579782335094
2005-07-05,equal_weight,-0.08490175254052933
2005-07-06,equal_weight,-0.08783805800851617
2005-07-07,equal_weight,-0.10733523745357602
2005-07-08,equal_weight,-0.085050406223297
2005-07-11,equal_weight,-0.05848967463039447
2005-07-12,equal_weight,-0.042853002025508194
2005-07-13,equal_weight,-0.03872502981713775
2005-07-14,equal_weight,-0.02483357689548494
2005-07-15,equal_weight,-0.02854568138665409
2005-07-18,equal_weight,-0.03764935370869161
2005-07-19,equal_weight,-0.0356670923610983
2005-07-20,equal_weight,-0.026908124027981352
2005-07-21,equal_weight,-0.016986666405099115
2005-07-22,equal_weight,-0.025597545862804924
2005-07-25,equal_weight,-0.029701106070118236
2005-07-26,equal_weight,-0.03392878529788936
2005-07-27,equal_weight,-0.028166008666496052
2005-07-28,equal_weight,-0.01782770057929717
2005-07-29,equal_weight,-0.02847750366261796
2005-08-01,equal_weight,-0.020315218444276646
2005-08-02,equal_weight,-0.0061083369863353856
2005-08-03,equal_weight,0.008541366200212263
2005-08-04,equal_weight,-0.001965896575993632
2005-08-05,equal_weight,-0.009767153547837238
2005-08-08,equal_weight,-0.005997628873758087
2005-08-09,equal_weight,0.0066509321807358395
2005-08-10,equal_weight,0.026957199043582
2005-08-11,equal_weight,0.036689918649861854
2005-08-12,equal_weight,0.032575051916058806
2005-08-15,equal_weight,0.04702491301726613
2005-08-16,equal_weight,0.025770067116392358
2005-08-17,equal_weight,0.017152665615752738
2005-08-18,equal_weight,0.007093794344243536
2005-08-19,equal_weight,0.018072583812375732
2005-08-22,equal_weight,0.0310622231228778
2005-08-23,equal_weight,0.01828856503050838
2005-08-24,equal_weight,0.014552989985804402
2005-08-25,equal_weight,0.007551055105417538
2005-08-26,equal_weight,-0.004038252756106994
2005-08-29,equal_weight,-0.004028973682730132
2005-08-30,equal_weight,-0.00809910674645746
2005-08-31,equal_weight,0.010316932215324133
2005-09-01,equal_weight,0.028951071466667807
2005-09-02,equal_weight,0.030913857832821877
2005-09-05,equal_weight,0.04065569516383934
2005-09-06,equal_weight,0.05174620769594971
2005-09-07,equal_weight,0.05435107611438765
2005-09-08,equal_weight,0.05127810281334977
2005-09-09,equal_weight,0.05627969364141673
2005-09-12,equal_weight,0.04934459480057723
2005-09-13,equal_weight,0.03919697617481712
2005-09-14,equal_weight,0.03941917575931291
2005-09-15,equal_weight,0.031862084723204155
2005-09-16,equal_weight,0.04409498588973506
2005-09-19,equal_weight,0.0350770071102802
2005-09-20,equal_weight,0.041968385385967304
2005-09-21,equal_weight,0.025890775657930375
2005-09-22,equal_weight,0.0264313114073083
2005-09-23,equal_weight,0.0243753066427308
2005-09-26,equal_weight,0.04222091831865198
2005-09-27,equal_weight,0.03231867768147326
2005-09-28,equal_weight,0.05525404310422866
2005-09-29,equal_weight,0.05788225905548086
2005-09-30,equal_weight,0.055475271076840665
2005-10-03,equal_weight,0.05547826925325594
2005-10-04,equal_weight,0.05016957247292929
2005-10-05,equal_weight,0.04155495726799877
2005-10-06,equal_weight,0.03879399793205708
2005-10-07,equal_weight,0.03730810885636694
2005-10-10,equal_weight,0.03379420271004123
2005-10-11,equal_weight,0.034812138504399036
2005-10-12,equal_weight,0.029157619093616763
2005-10-13,equal_weight,0.02549048657310284
2005-10-14,equal_weight,0.03660127515789294
2005-10-17,equal_weight,0.026066765627059344
2005-10-18,equal_weight,0.016409919752768867
2005-10-19,equal_weight,0.012755598308549564
2005-10-20,equal_weight,0.018491621073148678
2005-10-21,equal_weight,0.017077646664398913
2005-10-24,equal_weight,0.03533096619114142
2005-10-25,equal_weight,0.040797594768917374
2005-10-26,equal_weight,0.04649092108014329
2005-10-27,equal_weight,0.041883409834512345
2005-10-28,equal_weight,0.04321155404308121
2005-10-31,equal_weight,0.06028066846536014
2005-11-01,equal_weight,0.06826803949193648
2005-11-02,equal_weight,0.08200136313590103
2005-11-03,equal_weight,0.08683907542183639
2005-11-04,equal_weight,0.0789468404812493
2005-11-07,equal_weight,0.083253154052583
2005-11-08,equal_weight,0.07954702578687847
2005-11-09,equal_weight,0.07722024569108203
2005-11-10,equal_weight,0.08504394364613578
2005-11-11,equal_weight,0.10192857388498382
2005-11-14,equal_weight,0.09655870943270453
2005-11-15,equal_weight,0.09312507237322869
2005-11-16,equal_weight,0.08764997885402809
2005-11-17,equal_weight,0.1015849221343901
2005-11-18,equal_weight,0.11064431683291462
2005-11-21,equal_weight,0.11200449204751017
2005-11-22,equal_weight,0.11636124113669093
2005-11-23,equal_weight,0.12393763140012225
2005-11-24,equal_weight,0.11901199344552413
2005-11-25,equal_weight,0.12107272861023634
2005-11-28,equal_weight,0.1223107232642958
2005-11-29,equal_weight,0.11678948031986987
2005-11-30,equal_weight,0.10718163211599013
2005-12-01,equal_weight,0.1170437328245842
2005-12-02,equal_weight,0.11955400728202369
2005-12-05,equal_weight,0.12111564929768465
2005-12-06,equal_weight,0.12660164633980864
2005-12-07,equal_weight,0.11837280874186488
2005-12-08,equal_weight,0.12818712124112686
2005-12-09,equal_weight,0.12247514610067896
2005-12-12,equal_weight,0.13815741937635104
2005-12-13,equal_weight,0.14045311551842238
2005-12-14,equal_weight,0.14219107571448636
2005-12-15,equal_weight,0.1386309921148859
2005-12-16,equal_weight,0.15143777585149865
2005-12-19,equal_weight,0.14884817160357608
2005-12-20,equal_weight,0.14672930293012862
2005-12-21,equal_weight,0.15868851805256592
2005-12-22,equal_weight,0.17077747266775023
2005-12-23,equal_weight,0.17606995752162002
2005-12-26,equal_weight,0.17047244952551233
2005-12-27,equal_weight,0.17367439057929593
2005-12-28,equal_weight,0.16838126265038145
2005-12-29,equal_weight,0.17179026929499494
2005-12-30,equal_weight,0.1659291214193154
2006-01-02,equal_weight,0.17111263065662422
2006-01-03,equal_weight,0.19063414678060375
2006-01-04,equal_weight,0.19860327412676315
2006-01-05,equal_weight,0.1919127118574749
2006-01-06,equal_weight,0.21026356033196414
2006-01-09,equal_weight,0.21063745487792204
2006-01-10,equal_weight,0.20430065137553433
2006-01-11,equal_weight,0.21534110459573272
2006-01-12,equal_weight,0.21039955023519333
2006-01-13,equal_weight,0.20817060318362285
2006-01-16,equal_weight,0.20734348430590094
2006-01-17,equal_weight,0.19532219415194374
2006-01-18,equal_weight,0.17477874073735664
2006-01-19,equal_weight,0.17614801631788912
2006-01-20,equal_weight,0.16456666431083805
2006-01-23,equal_weight,0.17401953208268603
2006-01-24,equal_weight,0.16893830901409854
2006-01-25,equal_weight,0.18275031818955823
2006-01-26,equal_weight,0.19634362233865793
2006-01-27,equal_weight,0.20274631248014222
2006-01-30,equal_weight,0.19549436286846572
2006-01-31,equal_weight,0.19420809510384243
2006-02-01,equal_weight,0.19476728934644233
2006-02-02,equal_weight,0.17849160114585222
2006-02-03,equal_weight,0.18081763013308014
2006-02-06,equal_weight,0.18023593003131044
2006-02-07,equal_weight,0.18374424352953264
2006-02-08,equal_weight,0.1854420476060142
2006-02-09,equal_weight,0.19826309244123583
2006-02-10,equal_weight,0.19509734873452522
2006-02-13,equal_weight,0.20123329976885573
2006-02-14,equal_weight,0.19557995603361192
2006-02-15,equal_weight,0.20119720233856964
2006-02-16,equal_weight,0.20637174530675134
2006-02-17,equal_weight,0.20921629361984914
2006-02-20,equal_weight,0.20888766500972225
2006-02-21,equal_weight,0.19775715434497423
2006-02-22,equal_weight,0.20943614073057792
2006-02-23,equal_weight,0.20969854112430464
2006-02-24,equal_weight,0.21896289517897083
2006-02-27,equal_weight,0.22219463787981555
2006-02-28,equal_weight,0.21447699646145454
2006-03-01,equal_weight,0.22165352751077183
2006-03-02,equal_weight,0.21683678272959664
2006-03-03,equal_weight,0.22156299132130083
2006-03-06,equal_weight,0.22334251031392693
2006-03-07,equal_weight,0.21246787120816313
2006-03-08,equal_weight,0.21813258085609913
2006-03-09,equal_weight,0.22874746423443645
2006-03-10,equal_weight,0.24538818930232584
2006-03-13,equal_weight,0.2522855772630975
2006-03-14,equal_weight,0.25383589387434363
2006-03-15,equal_weight,0.25515841957469465
2006-03-16,equal_weight,0.26565187976040605
2006-03-17,equal_weight,0.27191397778797305
2006-03-20,equal_weight,0.2701667321296941
2006-03-21,equal_weight,0.26841136682340955
2006-03-22,equal_weight,0.277054742995158
2006-03-23,equal_weight,0.2656959286533063
2006-03-24,equal_weight,0.26492820772941217
2006-03-27,equal_weight,0.25844492805765973
2006-03-28,equal_weight,0.24898314626820023
2006-03-29,equal_weight,0.25085535207705684
2006-03-30,equal_weight,0.26741687964606536
2006-03-31,equal_weight,0.25988819236024013
2006-04-03,equal_weight,0.28043942317694526
2006-04-04,equal_weight,0.30046669968993645
2006-04-05,equal_weight,0.311378629645216
2006-04-06,equal_weight,0.30410274237350626
2006-04-07,equal_weight,0.29756455216536565
2006-04-10,equal_weight,0.2995189514405752
2006-04-11,equal_weight,0.2808355473172781
2006-04-12,equal_weight,0.26972191334808604
2006-04-13,equal_weight,0.28057772465806585
2006-04-14,equal_weight,0.28842677504545194
2006-04-17,equal_weight,0.296045007129199
2006-04-18,equal_weight,0.30179685916334686
2006-04-19,equal_weight,0.3075761346382965
2006-04-20,equal_weight,0.3012427080414471
2006-04-21,equal_weight,0.29413145180191214
2006-04-24,equal_weight,0.28754037812608685
2006-04-25,equal_weight,0.3035090473206728
2006-04-26,equal_weight,0.3030303946819994
2006-04-27,equal_weight,0.3255573921804752
2006-04-28,equal_weight,0.3385206897230551
2006-05-01,equal_weight,0.33528196017037165
2006-05-02,equal_weight,0.3530697923482408
2006-05-03,equal_weight,0.34223760964091715
2006-05-04,equal_weight,0.35303195251274877
2006-05-05,equal_weight,0.35251880293903654
2006-05-08,equal_weight,0.3515552444235388
2006-05-09,equal_weight,0.3632860595576968
2006-05-10,equal_weight,0.3552076892603957
2006-05-11,equal_weight,0.35690874230294356
2006-05-12,equal_weight,0.3424655863928717
2006-05-15,equal_weight,0.33102406229982967
2006-05-16,equal_weight,0.33038518740559014
2006-05-17,equal_weight,0.29417286588766034
2006-05-18,equal_weight,0.3048989002859852
2006-05-19,equal_weight,0.3015107120004566
2006-05-22,equal_weight,0.2856979840293564
2006-05-23,equal_weight,0.29206620139500294
2006-05-24,equal_weight,0.28291088620125526
2006-05-25,equal_weight,0.2847282704293367
2006-05-26,equal_weight,0.2995975783181608
2006-05-29,equal_weight,0.2971786311876347
2006-05-30,equal_weight,0.28304989295998967
2006-05-31,equal_weight,0.29247345521065315
2006-06-01,equal_weight,0.3043123056272177
2006-06-02,equal_weight,0.31168832411224634
2006-06-05,equal_weight,0.28672804006425295
2006-06-06,equal_weight,0.259064666978342
2006-06-07,equal_weight,0.27352435162382643
2006-06-08,equal_weight,0.24521376008939683
2006-06-09,equal_weight,0.25854456423624117
2006-06-12,equal_weight,0.24921882801702225
2006-06-13,equal_weight,0.22061449765373803
2006-06-14,equal_weight,0.23070602386523706
2006-06-15,equal_weight,0.25020540339474573
2006-06-16,equal_weight,0.2472185658019072
2006-06-19,equal_weight,0.2524915716854796
2006-06-20,equal_weight,0.25982048331485474
2006-06-21,equal_weight,0.2720126585286266
2006-06-22,equal_weight,0.27154199862445194
2006-06-23,equal_weight,0.267462449786872
2006-06-26,equal_weight,0.28208064388372917
2006-06-27,equal_weight,0.26037049810188156
2006-06-28,equal_weight,0.24621758825352602
2006-06-29,equal_weight,0.2657873088906259
2006-06-30,equal_weight,0.27952359992129755
2006-07-03,equal_weight,0.2821532757883894
2006-07-04,equal_weight,0.28628369005078724
2006-07-05,equal_weight,0.2784801618748808
2006-07-06,equal_weight,0.2849648135889509
2006-07-07,equal_weight,0.28130913879765096
2006-07-10,equal_weight,0.27539427087427654
2006-07-11,equal_weight,0.27791469483866155
2006-07-12,equal_weight,0.2714791244591561
2006-07-13,equal_weight,0.2573852654230327
2006-07-14,equal_weight,0.23805680185659805
2006-07-17,equal_weight,0.22439421587106892
2006-07-18,equal_weight,0.22678077786012843
2006-07-19,equal_weight,0.2526825335768603
2006-07-20,equal_weight,0.24779983988504414
2006-07-21,equal_weight,0.23335595406411153
2006-07-24,equal_weight,0.25526382151107563
2006-07-25,equal_weight,0.2586632942773566
2006-07-26,equal_weight,0.26463602674965303
2006-07-27,equal_weight,0.2660079984054761
2006-07-28,equal_weight,0.2690450990586335
2006-07-31,equal_weight,0.259182631289509
2006-08-01,equal_weight,0.2553192148861595
2006-08-02,equal_weight,0.254909278142523
2006-08-03,equal_weight,0.26755626269915894
2006-08-04,equal_weight,0.28793562360610153
2006-08-07,equal_weight,0.2800586050015149
2006-08-08,equal_weight,0.27072363050889503
2006-08-09,equal_weight,0.26545958585779295
2006-08-10,equal_weight,0.26851164736381483
2006-08-11,equal_weight,0.26652005726814293
2006-08-14,equal_weight,0.27872815989959704
2006-08-15,equal_weight,0.3005518138260536
2006-08-16,equal_weight,0.30999749789438463
2006-08-17,equal_weight,0.31497690960304087
2006-08-18,equal_weight,0.3004998943723545
2006-08-21,equal_weight,0.2842103015714525
2006-08-22,equal_weight,0.2825547591753811
2006-08-23,equal_weight,0.2685313178318948
2006-08-24,equal_weight,0.2646557544957153
2006-08-25,equal_weight,0.2625156678861154
2006-08-28,equal_weight,0.2684487355313326
2006-08-29,equal_weight,0.2692496966115412
2006-08-30,equal_weight,0.2764974149690157
2006-08-31,equal_weight,0.2821766602343288
2006-09-01,equal_weight,0.28964760778746457
2006-09-04,equal_weight,0.2998601948202435
2006-09-05,equal_weight,0.28856589333064553
2006-09-06,equal_weight,0.28549964863150873
2006-09-07,equal_weight,0.2666059247166334
2006-09-08,equal_weight,0.2786461731908187
2006-09-11,equal_weight,0.27707859725468703
2006-09-12,equal_weight,0.2889562692387383
2006-09-13,equal_weight,0.2787712018694848
2006-09-14,equal_weight,0.28948206032938023
2006-09-15,equal_weight,0.27645466706854827
2006-09-18,equal_weight,0.2744167666704178
2006-09-19,equal_weight,0.2696776314626909
2006-09-20,equal_weight,0.2805415286065704
2006-09-21,equal_weight,0.2920899481017849
2006-09-22,equal_weight,0.2912447524306636
2006-09-25,equal_weight,0.2941245999477508
2006-09-26,equal_weight,0.2966545067481345
2006-09-27,equal_weight,0.3033944815224409
2006-09-28,equal_weight,0.3042065742040387
2006-09-29,equal_weight,0.3077022177557521
2006-10-02,equal_weight,0.3127456449847339
2006-10-03,equal_weight,0.305396237699727
2006-10-04,equal_weight,0.3238742468867126
2006-10-05,equal_weight,0.3374193914582616
2006-10-06,equal_weight,0.33751247950542557
2006-10-09,equal_weight,0.3333115627515893
2006-10-10,equal_weight,0.3377610791469902
2006-10-11,equal_weight,0.3207119027488663
2006-10-12,equal_weight,0.3257243708765309
2006-10-13,equal_weight,0.3202346045971225
2006-10-16,equal_weight,0.3242233501524132
2006-10-17,equal_weight,0.3109541522293146
2006-10-18,equal_weight,0.302868208367134
2006-10-19,equal_weight,0.2964206266006384
2006-10-20,equal_weight,0.2845339020916182
2006-10-23,equal_weight,0.2852803277794525
2006-10-24,equal_weight,0.2924010577086678
2006-10-25,equal_weight,0.2907433706468733
2006-10-26,equal_weight,0.30108731775333203
2006-10-27,equal_weight,0.3015740569172359
2006-10-30,equal_weight,0.2920210083887194
2006-10-31,equal_weight,0.2774088369941481
2006-11-01,equal_weight,0.2892316405077415
2006-11-02,equal_weight,0.279934250544042
2006-11-03,equal_weight,0.2833176233237186
2006-11-06,equal_weight,0.2798444375769195
2006-11-07,equal_weight,0.277178449801815
2006-11-08,equal_weight,0.27203990952999957
2006-11-09,equal_weight,0.2643870485615069
2006-11-10,equal_weight,0.257698089126242
2006-11-13,equal_weight,0.2609085791253456
2006-11-14,equal_weight,0.2609479222505844
2006-11-15,equal_weight,0.26028278373801167
2006-11-16,equal_weight,0.2651062497649857
2006-11-17,equal_weight,0.2726251988411282
2006-11-20,equal_weight,0.26045054122979583
2006-11-21,equal_weight,0.2587244802349388
2006-11-22,equal_weight,0.2648820814063805
2006-11-23,equal_weight,0.2581022681820912
2006-11-24,equal_weight,0.26113392457407136
2006-11-27,equal_weight,0.2377086814526383
2006-11-28,equal_weight,0.2458892693364337
2006-11-29,equal_weight,0.2357253488563888
2006-11-30,equal_weight,0.2345499449196492
2006-12-01,equal_weight,0.2298692284204086
2006-12-04,equal_weight,0.24058862494258448
2006-12-05,equal_weight,0.2279299727198918
2006-12-06,equal_weight,0.2313335493890816
2006-12-07,equal_weight,0.234335251120309
2006-12-08,equal_weight,0.2415532894648773
2006-12-11,equal_weight,0.2335274717736052
2006-12-12,equal_weight,0.2371495329287807
2006-12-13,equal_weight,0.23394044684184068
2006-12-14,equal_weight,0.2453283632709099
2006-12-15,equal_weight,0.24907528827465888
2006-12-18,equal_weight,0.2510715227830145
2006-12-19,equal_weight,0.25817176456905827
2006-12-20,equal_weight,0.25968223822706693
2006-12-21,equal_weight,0.2383822827917583
2006-12-22,equal_weight,0.2215123411389588
2006-12-25,equal_weight,0.2249814830423095
2006-12-26,equal_weight,0.2118624175479219
2006-12-27,equal_weight,0.22884126352913228
2006-12-28,equal_weight,0.23899940359132169
2006-12-29,equal_weight,0.2247793471333636
2007-01-01,equal_weight,0.22931481379714988
2007-01-02,equal_weight,0.2415297344115272
2007-01-03,equal_weight,0.2419090670620404
2007-01-04,equal_weight,0.24956729352891033
2007-01-05,equal_weight,0.2473877167845723
2007-01-08,equal_weight,0.2414575161364624
2007-01-09,equal_weight,0.2524673737297449
2007-01-10,equal_weight,0.24129816478567098
2007-01-11,equal_weight,0.2531083318654538
2007-01-12,equal_weight,0.24902172293229358
2007-01-15,equal_weight,0.2375474974216547
2007-01-16,equal_weight,0.2287269730490602
2007-01-17,equal_weight,0.2265343439809777
2007-01-18,equal_weight,0.2157175675895464
2007-01-19,equal_weight,0.2175948700155187
2007-01-22,equal_weight,0.2272428035735865
2007-01-23,equal_weight,0.2384979738684982
2007-01-24,equal_weight,0.2484101469903797
2007-01-25,equal_weight,0.2407598825527351
2007-01-26,equal_weight,0.2357850026631157
2007-01-29,equal_weight,0.22216789007609689
2007-01-30,equal_weight,0.2327432784856788
2007-01-31,equal_weight,0.2327280086594769
2007-02-01,equal_weight,0.232809134027607
2007-02-02,equal_weight,0.23458749344074298
2007-02-05,equal_weight,0.22060515971356578
2007-02-06,equal_weight,0.2266924267014982
2007-02-07,equal_weight,0.2312171938250218
2007-02-08,equal_weight,0.2198494322425431
2007-02-09,equal_weight,0.2125774599603045
2007-02-12,equal_weight,0.19800289328505538
2007-02-13,equal_weight,0.2003733844723242
2007-02-14,equal_weight,0.20940454255528226
2007-02-15,equal_weight,0.21293070397633937
2007-02-16,equal_weight,0.20821278394940515
2007-02-19,equal_weight,0.21268139583588946
2007-02-20,equal_weight,0.22217808453561044
2007-02-21,equal_weight,0.21979679809840286
2007-02-22,equal_weight,0.23011299414771874
2007-02-23,equal_weight,0.23498416648662154
2007-02-26,equal_weight,0.22952012515686662
2007-02-27,equal_weight,0.19227174058144464
2007-02-28,equal_weight,0.17429945067156272
2007-03-01,equal_weight,0.15593552427628565
2007-03-02,equal_weight,0.14525185043499475
2007-03-05,equal_weight,0.12736759062219094
2007-03-06,equal_weight,0.13690454144660175
2007-03-07,equal_weight,0.12906510431734525
2007-03-08,equal_weight,0.14449354004972484
2007-03-09,equal_weight,0.14374862026223573
2007-03-12,equal_weight,0.14949039483307225
2007-03-13,equal_weight,0.12392456840190284
2007-03-14,equal_weight,0.11072714916126974
2007-03-15,equal_weight,0.13169664008851323
2007-03-16,equal_weight,0.12488351180739814
2007-03-19,equal_weight,0.12427284508293734
2007-03-20,equal_weight,0.14169926033150873
2007-03-21,equal_weight,0.14750314494729794
2007-03-22,equal_weight,0.15163129922204013
2007-03-23,equal_weight,0.14764364626308424
2007-03-26,equal_weight,0.14050352260954455
2007-03-27,equal_weight,0.15260314038926834
2007-03-28,equal_weight,0.13965346469969864
2007-03-29,equal_weight,0.16125343777672516
2007-03-30,equal_weight,0.16360879773652515
2007-04-02,equal_weight,0.16085044742334834
2007-04-03,equal_weight,0.17206496601495314
2007-04-04,equal_weight,0.16886489232513024
2007-04-05,equal_weight,0.16446745577288305
2007-04-06,equal_weight,0.15752326662662033
2007-04-09,equal_weight,0.15512317445605764
2007-04-10,equal_weight,0.16181657140028352
2007-04-11,equal_weight,0.16420995852421025
2007-04-12,equal_weight,0.15534657391953705
2007-04-13,equal_weight,0.15875261717026853
2007-04-16,equal_weight,0.16680962429942692
2007-04-17,equal_weight,0.15613051190058322
2007-04-18,equal_weight,0.16881811316569262
2007-04-19,equal_weight,0.15559789290755924
2007-04-20,equal_weight,0.18067394667660713
2007-04-23,equal_weight,0.16884469786793935
2007-04-24,equal_weight,0.14619980240413885
2007-04-25,equal_weight,0.15999648471809855
2007-04-26,equal_weight,0.14409743803219835
2007-04-27,equal_weight,0.14540751036477922
2007-04-30,equal_weight,0.14592234602120824
2007-05-01,equal_weight,0.15698944485319935
2007-05-02,equal_weight,0.17337811710354792
2007-05-03,equal_weight,0.17266110967738213
2007-05-04,equal_weight,0.21104445632625776
2007-05-07,equal_weight,0.21544472803942666
2007-05-08,equal_weight,0.20644680996284176
2007-05-09,equal_weight,0.22654972199613915
2007-05-10,equal_weight,0.21368583145659842
2007-05-11,equal_weight,0.23173179479056832
2007-05-14,equal_weight,0.21544189680369924
2007-05-15,equal_weight,0.20617059907740776
2007-05-16,equal_weight,0.20434933943628275
2007-05-17,equal_weight,0.21676485901920425
2007-05-18,equal_weight,0.21504598056877863
2007-05-21,equal_weight,0.20433893631081754
2007-05-22,equal_weight,0.19042379601921441
2007-05-23,equal_weight,0.21696253008563535
2007-05-24,equal_weight,0.22275267580781644
2007-05-25,equal_weight,0.22044559418512955
2007-05-28,equal_weight,0.24555717183265566
2007-05-29,equal_weight,0.23897767097693495
2007-05-30,equal_weight,0.25109914665863053
2007-05-31,equal_weight,0.2834514500322362
2007-06-01,equal_weight,0.2814002801403018
2007-06-04,equal_weight,0.25882831656885463
2007-06-05,equal_weight,0.25701239084822325
2007-06-06,equal_weight,0.24475847854252805
2007-06-07,equal_weight,0.22682692788713416
2007-06-08,equal_weight,0.22095945386577026
2007-06-11,equal_weight,0.22556101100853976
2007-06-12,equal_weight,0.21907863819194592
2007-06-13,equal_weight,0.22166947592322964
2007-06-14,equal_weight,0.23883445605748865
2007-06-15,equal_weight,0.2507031521365815
2007-06-18,equal_weight,0.22373288044800593
2007-06-19,equal_weight,0.20777381097455844
2007-06-20,equal_weight,0.19332530348857124
2007-06-21,equal_weight,0.18386017790785433
2007-06-22,equal_weight,0.18767948737077453
2007-06-25,equal_weight,0.17631945714974265
2007-06-26,equal_weight,0.16777160315836512
2007-06-27,equal_weight,0.16499727808371714
2007-06-28,equal_weight,0.16764438761875544
2007-06-29,equal_weight,0.18247842677100454
2007-07-02,equal_weight,0.20423534702144014
2007-07-03,equal_weight,0.22759385944408014
2007-07-04,equal_weight,0.23745132966052365
2007-07-05,equal_weight,0.23462208816296673
2007-07-06,equal_weight,0.20918345234366834
2007-07-09,equal_weight,0.20561686383669925
2007-07-10,equal_weight,0.20244973322773194
2007-07-11,equal_weight,0.18224550773820083
2007-07-12,equal_weight,0.19772662925192414
2007-07-13,equal_weight,0.19799675219316754
2007-07-16,equal_weight,0.19223124134409084
2007-07-17,equal_weight,0.17448546063511333
2007-07-18,equal_weight,0.16594684898573642
2007-07-19,equal_weight,0.17108413260432842
2007-07-20,equal_weight,0.14684812451418952
2007-07-23,equal_weight,0.14931471586132472
2007-07-24,equal_weight,0.12163331323213664
2007-07-25,equal_weight,0.12736210248016655
2007-07-26,equal_weight,0.10703382143165394
2007-07-27,equal_weight,0.09097488131099654
2007-07-30,equal_weight,0.09988646494757253
2007-07-31,equal_weight,0.11581174531574695
2007-08-01,equal_weight,0.09507600530388445
2007-08-02,equal_weight,0.08815676999715304
2007-08-03,equal_weight,0.060523358987621644
2007-08-06,equal_weight,0.06837528985076254
2007-08-07,equal_weight,0.08765918715995963
2007-08-08,equal_weight,0.11500387305702545
2007-08-09,equal_weight,0.08512229718649535
2007-08-10,equal_weight,0.06543614843319444
2007-08-13,equal_weight,0.06915276001970674
2007-08-14,equal_weight,0.04453758152256005
2007-08-15,equal_weight,0.025956125259287047
2007-08-16,equal_weight,0.018227639920747347
2007-08-17,equal_weight,0.051725321477476646
2007-08-20,equal_weight,0.05173929667592256
2007-08-21,equal_weight,0.044285069492870255
2007-08-22,equal_weight,0.047984379196756355
2007-08-23,equal_weight,0.051600536329534846
2007-08-24,equal_weight,0.061660752501848964
2007-08-27,equal_weight,0.07023243481126565
2007-08-28,equal_weight,0.04344181300532555
2007-08-29,equal_weight,0.05271619740396476
2007-08-30,equal_weight,0.04268133276185905
2007-08-31,equal_weight,0.05394095148824475
2007-09-03,equal_weight,0.05308223854254035
2007-09-04,equal_weight,0.05453105114051785
2007-09-05,equal_weight,0.034129414839477554
2007-09-06,equal_weight,0.039646378251604754
2007-09-07,equal_weight,0.007693457404886448
2007-09-10,equal_weight,-0.0032286770057819523
2007-09-11,equal_weight,0.019427097666390246
2007-09-12,equal_weight,0.016884690144037248
2007-09-13,equal_weight,0.020494028734491448
2007-09-14,equal_weight,0.008756902405728947
2007-09-17,equal_weight,-0.006728664829424852
2007-09-18,equal_weight,0.02733470021198075
2007-09-19,equal_weight,0.04919172434946135
2007-09-20,equal_weight,0.037116327431524654
2007-09-21,equal_weight,0.02564628919010405
2007-09-24,equal_weight,0.00951862518462325
2007-09-25,equal_weight,0.009356528641220253
2007-09-26,equal_weight,0.014131742211380452
2007-09-27,equal_weight,0.02800600237858665
2007-09-28,equal_weight,0.03007434067662585
2007-10-01,equal_weight,0.030325557120609248
2007-10-02,equal_weight,0.047420464388277246
2007-10-03,equal_weight,0.056845135661513044
2007-10-04,equal_weight,0.07773432404087485
2007-10-05,equal_weight,0.07953528489195996
2007-10-08,equal_weight,0.07012268288620264
2007-10-09,equal_weight,0.07789491434103035
2007-10-10,equal_weight,0.06518087564269653
2007-10-11,equal_weight,0.06298990080525894
2007-10-12,equal_weight,0.05752244021994504
2007-10-15,equal_weight,0.03600019055534075
2007-10-16,equal_weight,0.01808702405978385
2007-10-17,equal_weight,0.02424202161751155
2007-10-18,equal_weight,0.020052502198382748
2007-10-19,equal_weight,-0.0035145000024885513
2007-10-22,equal_weight,-0.0026683035605674487
2007-10-23,equal_weight,0.00846707084849195
2007-10-24,equal_weight,-0.01017893895663285
2007-10-25,equal_weight,-0.014858478553712449
2007-10-26,equal_weight,0.0024856932080458503
2007-10-29,equal_weight,0.02114519845186285
2007-10-30,equal_weight,0.023772703980293252
2007-10-31,equal_weight,0.04252945473816715
2007-11-01,equal_weight,0.012919134714776452
2007-11-02,equal_weight,-0.01803922337644175
2007-11-05,equal_weight,-0.03861011656217765
2007-11-06,equal_weight,-0.028959340476745553
2007-11-07,equal_weight,-0.04907722808048145
2007-11-08,equal_weight,-0.05942569816470295
2007-11-09,equal_weight,-0.08308008878293606
2007-11-12,equal_weight,-0.06788130225460146
2007-11-13,equal_weight,-0.03449425714582455
2007-11-14,equal_weight,-0.013550487348408852
2007-11-15,equal_weight,-0.03398004535438426
2007-11-16,equal_weight,-0.05489980106882205
2007-11-19,equal_weight,-0.08104020040976906
2007-11-20,equal_weight,-0.06422948655073746
2007-11-21,equal_weight,-0.09930498478568635
2007-11-22,equal_weight,-0.09756967789911535
2007-11-23,equal_weight,-0.07349082406114835
2007-11-26,equal_weight,-0.09527209715485656
2007-11-27,equal_weight,-0.08309819019614864
2007-11-28,equal_weight,-0.04279136591327665
2007-11-29,equal_weight,-0.045999720221814054
2007-11-30,equal_weight,-0.025013082866807753
2007-12-03,equal_weight,-0.035002045766889055
2007-12-04,equal_weight,-0.055429165062540246
2007-12-05,equal_weight,-0.047136604434927544
2007-12-06,equal_weight,-0.03030595655159575
2007-12-07,equal_weight,-0.030317502945611648
2007-12-10,equal_weight,-0.011547137137281751
2007-12-11,equal_weight,-0.02769721966014025
2007-12-12,equal_weight,-0.03153232459563455
2007-12-13,equal_weight,-0.06277731068386486
2007-12-14,equal_weight,-0.08360187663470045
2007-12-17,equal_weight,-0.10473388576637854
2007-12-18,equal_weight,-0.10908181213916875
2007-12-19,equal_weight,-0.11286409528892315
2007-12-20,equal_weight,-0.13021635770656476
2007-12-21,equal_weight,-0.11748332689014096
2007-12-24,equal_weight,-0.10494515109393655
2007-12-25,equal_weight,-0.09033232984265685
2007-12-26,equal_weight,-0.08865341283259255
2007-12-27,equal_weight,-0.09174852711878635
2007-12-28,equal_weight,-0.08338518233327556
2007-12-31,equal_weight,-0.09487936949289584
2008-01-01,equal_weight,-0.10198171787394734
2008-01-02,equal_weight,-0.11845085004335945
2008-01-03,equal_weight,-0.11908947450190245
2008-01-04,equal_weight,-0.14091448008470636
2008-01-07,equal_weight,-0.14695337321856763
2008-01-08,equal_weight,-0.14225718404535476
2008-01-09,equal_weight,-0.16462215992717197
2008-01-10,equal_weight,-0.16284874074415395
2008-01-11,equal_weight,-0.16583858727969264
2008-01-14,equal_weight,-0.15049578636782757
2008-01-15,equal_weight,-0.18237183768615406
2008-01-16,equal_weight,-0.19114295817733445
2008-01-17,equal_weight,-0.21128539803148866
2008-01-18,equal_weight,-0.23789146830051858
2008-01-21,equal_weight,-0.30025904752006377
2008-01-22,equal_weight,-0.26304603321311504
2008-01-23,equal_weight,-0.24620878160907964
2008-01-24,equal_weight,-0.20359791990253734
2008-01-25,equal_weight,-0.22094885041483248
2008-01-28,equal_weight,-0.20959110594199984
2008-01-29,equal_weight,-0.19023542039611457
2008-01-30,equal_weight,-0.18099570620911656
2008-01-31,equal_weight,-0.18668791087167025
2008-02-01,equal_weight,-0.18683942544324675
2008-02-04,equal_weight,-0.18847019606678875
2008-02-05,equal_weight,-0.2358176993304328
2008-02-06,equal_weight,-0.2427646779003854
2008-02-07,equal_weight,-0.2599124418223553
2008-02-08,equal_weight,-0.2417918986895026
2008-02-11,equal_weight,-0.2805017855436066
2008-02-12,equal_weight,-0.24674388240390122
2008-02-13,equal_weight,-0.2403137746909066
2008-02-14,equal_weight,-0.2241197173204676
2008-02-15,equal_weight,-0.2297367331414687
2008-02-18,equal_weight,-0.2044573273099073
2008-02-19,equal_weight,-0.19062808764342282
2008-02-20,equal_weight,-0.1841430250311617
2008-02-21,equal_weight,-0.1880141060706649
2008-02-22,equal_weight,-0.1817435456157914
2008-02-25,equal_weight,-0.1713648805762357
2008-02-26,equal_weight,-0.14881670587292642
2008-02-27,equal_weight,-0.1360097198074861
2008-02-28,equal_weight,-0.1351678719382782
2008-02-29,equal_weight,-0.1448823113153286
2008-03-03,equal_weight,-0.17943502333796138
2008-03-04,equal_weight,-0.1920132068343015
2008-03-05,equal_weight,-0.1973485736735436
2008-03-06,equal_weight,-0.2312646515991483
2008-03-07,equal_weight,-0.2553412079370608
2008-03-10,equal_weight,-0.2860814503058117
2008-03-11,equal_weight,-0.24350735841813329
2008-03-12,equal_weight,-0.20853727289414312
2008-03-13,equal_weight,-0.2241973098104405
2008-03-14,equal_weight,-0.24132410979123212
2008-03-17,equal_weight,-0.2849716392834018
2008-03-18,equal_weight,-0.2240393691271845
2008-03-19,equal_weight,-0.2265521588409323
2008-03-20,equal_weight,-0.213672367419219
2008-03-21,equal_weight,-0.206133912135362
2008-03-24,equal_weight,-0.2120756897002955
2008-03-25,equal_weight,-0.17690035229739032
2008-03-26,equal_weight,-0.18603032120300142
2008-03-27,equal_weight,-0.19736872652368528
2008-03-28,equal_weight,-0.2073227045683028
2008-03-31,equal_weight,-0.2159660849940311
2008-04-01,equal_weight,-0.1588802861080986
2008-04-02,equal_weight,-0.159440458247954
2008-04-03,equal_weight,-0.1692570728290993
2008-04-04,equal_weight,-0.1743407404982141
2008-04-07,equal_weight,-0.1622840304938496
2008-04-08,equal_weight,-0.2003793674256033
2008-04-09,equal_weight,-0.20019085704086312
2008-04-10,equal_weight,-0.20748907401547892
2008-04-11,equal_weight,-0.2300289366262436
2008-04-14,equal_weight,-0.24136520723787722
2008-04-15,equal_weight,-0.23667772836271941
2008-04-16,equal_weight,-0.1972500617429408
2008-04-17,equal_weight,-0.18358233108969502
2008-04-18,equal_weight,-0.1598105057334759
2008-04-21,equal_weight,-0.1714393924767592
2008-04-22,equal_weight,-0.18149944402506632
2008-04-23,equal_weight,-0.19802058223122132
2008-04-24,equal_weight,-0.1833587328601745
2008-04-25,equal_weight,-0.1698798408344763
2008-04-28,equal_weight,-0.14716801800378682
2008-04-29,equal_weight,-0.1703439792562062
2008-04-30,equal_weight,-0.1632459601817591
2008-05-01,equal_weight,-0.15594301521376652
2008-05-02,equal_weight,-0.1394360680687961
2008-05-05,equal_weight,-0.13983054671725142
2008-05-06,equal_weight,-0.1534850581613991
2008-05-07,equal_weight,-0.1672062109260782
2008-05-08,equal_weight,-0.186725671329898
2008-05-09,equal_weight,-0.2031220938098299
2008-05-12,equal_weight,-0.1884613260346093
2008-05-13,equal_weight,-0.20086432395766513
2008-05-14,equal_weight,-0.19907578094833722
2008-05-15,equal_weight,-0.1989332569673545
2008-05-16,equal_weight,-0.1988639009218046
2008-05-19,equal_weight,-0.2083156562739882
2008-05-20,equal_weight,-0.22474977895414433
2008-05-21,equal_weight,-0.2437393849222926
2008-05-22,equal_weight,-0.2367200424532499
2008-05-23,equal_weight,-0.23754076708873512
2008-05-26,equal_weight,-0.2295684526697754
2008-05-27,equal_weight,-0.23341628614532342
2008-05-28,equal_weight,-0.24324583095521551
2008-05-29,equal_weight,-0.2329998628148274
2008-05-30,equal_weight,-0.23113301700650402
2008-06-02,equal_weight,-0.2532752489973909
2008-06-03,equal_weight,-0.2670190112607514
2008-06-04,equal_weight,-0.2735100307450571
2008-06-05,equal_weight,-0.2653844336836139
2008-06-06,equal_weight,-0.2963501755712733
2008-06-09,equal_weight,-0.3167981641116605
2008-06-10,equal_weight,-0.31231262802064225
2008-06-11,equal_weight,-0.33654934622929666
2008-06-12,equal_weight,-0.30903158509339357
2008-06-13,equal_weight,-0.2904641178879577
2008-06-16,equal_weight,-0.28028342789606736
2008-06-17,equal_weight,-0.2861207807927824
2008-06-18,equal_weight,-0.30925014068351103
2008-06-19,equal_weight,-0.3293152318122547
2008-06-20,equal_weight,-0.3510156187253883
2008-06-23,equal_weight,-0.3648775161190645
2008-06-24,equal_weight,-0.3551470653809119
2008-06-25,equal_weight,-0.3338296085905631
2008-06-26,equal_weight,-0.362057552938037
2008-06-27,equal_weight,-0.3683762670920398
2008-06-30,equal_weight,-0.3954995912068814
2008-07-01,equal_weight,-0.41951383887003724
2008-07-02,equal_weight,-0.4189618690230283
2008-07-03,equal_weight,-0.4062489067185738
2008-07-04,equal_weight,-0.41254885775279837
2008-07-07,equal_weight,-0.4182519655673121
2008-07-08,equal_weight,-0.410854574488784
2008-07-09,equal_weight,-0.3901974811218088
2008-07-10,equal_weight,-0.3827351791020248
2008-07-11,equal_weight,-0.402523738203367
2008-07-14,equal_weight,-0.3958376603181315
2008-07-15,equal_weight,-0.41884258502441657
2008-07-16,equal_weight,-0.36146910553603057
2008-07-17,equal_weight,-0.30878160865112225
2008-07-18,equal_weight,-0.2574431895481079
2008-07-21,equal_weight,-0.26038779898448694
2008-07-22,equal_weight,-0.22482139883522081
2008-07-23,equal_weight,-0.19598335881440881
2008-07-24,equal_weight,-0.23546618385122892
2008-07-25,equal_weight,-0.27758431987931353
2008-07-28,equal_weight,-0.2766618414556356
2008-07-29,equal_weight,-0.2389568538139461
2008-07-30,equal_weight,-0.22674471631737722
2008-07-31,equal_weight,-0.20393063219174642
2008-08-01,equal_weight,-0.19463788941521332
2008-08-04,equal_weight,-0.2098389275074924
2008-08-05,equal_weight,-0.1982648256538454
2008-08-06,equal_weight,-0.19545060867625652
2008-08-07,equal_weight,-0.21138728395470074
2008-08-08,equal_weight,-0.2254379266097811
2008-08-11,equal_weight,-0.20640072857829364
2008-08-12,equal_weight,-0.23504999553184242
2008-08-13,equal_weight,-0.2791308935799669
2008-08-14,equal_weight,-0.2437113472413674
2008-08-15,equal_weight,-0.24486039980998422
2008-08-18,equal_weight,-0.25822655232156344
2008-08-19,equal_weight,-0.3131126258826543
2008-08-20,equal_weight,-0.3093402409134051
2008-08-21,equal_weight,-0.3305177073680756
2008-08-22,equal_weight,-0.28104496370611814
2008-08-25,equal_weight,-0.29433511540582863
2008-08-26,equal_weight,-0.2834304068057255
2008-08-27,equal_weight,-0.27223489997191525
2008-08-28,equal_weight,-0.254576458179509
2008-08-29,equal_weight,-0.24843984439076838
2008-09-01,equal_weight,-0.2642419522951784
2008-09-02,equal_weight,-0.24152642466746022
2008-09-03,equal_weight,-0.2295045734130543
2008-09-04,equal_weight,-0.31492778902433016
2008-09-05,equal_weight,-0.3469543784456915
2008-09-08,equal_weight,-0.2522506905816924
2008-09-09,equal_weight,-0.28329991611914407
2008-09-10,equal_weight,-0.2947100296248527
2008-09-11,equal_weight,-0.2989977122555693
2008-09-12,equal_weight,-0.28023356302273233
2008-09-15,equal_weight,-0.3741467553516507
2008-09-16,equal_weight,-0.4033560513807265
2008-09-17,equal_weight,-0.4602190367636625
2008-09-18,equal_weight,-0.4597755316002645
2008-09-19,equal_weight,-0.3050365549712713
2008-09-22,equal_weight,-0.3365297334770788
2008-09-23,equal_weight,-0.368980149520864
2008-09-24,equal_weight,-0.3660111736013781
2008-09-25,equal_weight,-0.3431796353167647
2008-09-26,equal_weight,-0.3380737586424228
2008-09-29,equal_weight,-0.449928951575603
2008-09-30,equal_weight,-0.4263338245789046
2008-10-01,equal_weight,-0.3694990812938935
2008-10-02,equal_weight,-0.3604710931364883
2008-10-03,equal_weight,-0.3378459923970699
2008-10-06,equal_weight,-0.4236473066119831
2008-10-07,equal_weight,-0.48596440321463974
2008-10-08,equal_weight,-0.5010821045464662
2008-10-09,equal_weight,-0.5737695679981939
2008-10-10,equal_weight,-0.6487329832523874
2008-10-13,equal_weight,-0.5359024268861032
2008-10-14,equal_weight,-0.47944013193884094
2008-10-15,equal_weight,-0.5690253056146427
2008-10-16,equal_weight,-0.6253018869109153
2008-10-17,equal_weight,-0.6462651205355763
2008-10-20,equal_weight,-0.5833388951077176
2008-10-21,equal_weight,-0.5638336991884378
2008-10-22,equal_weight,-0.6149642654901012
2008-10-23,equal_weight,-0.6361484534450471
2008-10-24,equal_weight,-0.7021295216164266
2008-10-27,equal_weight,-0.7720099292288708
2008-10-28,equal_weight,-0.7522706668786616
2008-10-29,equal_weight,-0.6878805702867125
2008-10-30,equal_weight,-0.6601034325421614
2008-10-31,equal_weight,-0.649997226822466
2008-11-03,equal_weight,-0.6358186098470633
2008-11-04,equal_weight,-0.5326554534315416
2008-11-05,equal_weight,-0.5321790684735648
2008-11-06,equal_weight,-0.6255139954183138
2008-11-07,equal_weight,-0.5916320031906234
2008-11-10,equal_weight,-0.6155382109487733
2008-11-11,equal_weight,-0.7096608650231455
2008-11-12,equal_weight,-0.7510478054589724
2008-11-13,equal_weight,-0.7650743110366245
2008-11-14,equal_weight,-0.8201206247225247
2008-11-17,equal_weight,-0.8654778541885326
2008-11-18,equal_weight,-0.913763446490067
2008-11-19,equal_weight,-1.0067468870205254
2008-11-20,equal_weight,-1.0502833533652567
2008-11-21,equal_weight,-1.0596796756263291
2008-11-24,equal_weight,-0.9243737728400978
2008-11-25,equal_weight,-0.8706689449006567
2008-11-26,equal_weight,-0.8830571202431817
2008-11-27,equal_weight,-0.8226491565371703
2008-11-28,equal_weight,-0.8004384069862274
2008-12-01,equal_weight,-0.8890367752455646
2008-12-02,equal_weight,-0.8373918815755906
2008-12-03,equal_weight,-0.7855795258739575
2008-12-04,equal_weight,-0.7803592752274895
2008-12-05,equal_weight,-0.7844455326162143
2008-12-08,equal_weight,-0.6415635877083201
2008-12-09,equal_weight,-0.7071003910958812
2008-12-10,equal_weight,-0.7163028374321609
2008-12-11,equal_weight,-0.7342163768180143
2008-12-12,equal_weight,-0.77419478906664
2008-12-15,equal_weight,-0.7826646377919033
2008-12-16,equal_weight,-0.7240214822132574
2008-12-17,equal_weight,-0.7331140505428749
2008-12-18,equal_weight,-0.7524217167251145
2008-12-19,equal_weight,-0.7496162994802054
2008-12-22,equal_weight,-0.7775437181451093
2008-12-23,equal_weight,-0.7561621810563451
2008-12-24,equal_weight,-0.742456802214639
2008-12-25,equal_weight,-0.754751905549224
2008-12-26,equal_weight,-0.7331903774594035
2008-12-29,equal_weight,-0.7233850319392945
2008-12-30,equal_weight,-0.7013237294098252
2008-12-31,equal_weight,-0.6965840588926586
2009-01-01,equal_weight,-0.6572243285623575
2009-01-02,equal_weight,-0.6282993443532183
2009-01-05,equal_weight,-0.6130031765718329
2009-01-06,equal_weight,-0.5747430747980841
2009-01-07,equal_weight,-0.53097395058651
2009-01-08,equal_weight,-0.5745613210257572
2009-01-09,equal_weight,-0.6104407005536007
2009-01-12,equal_weight,-0.6842855823005671
2009-01-13,equal_weight,-0.7035745204719841
2009-01-14,equal_weight,-0.7836146153014294
2009-01-15,equal_weight,-0.8758283665076184
2009-01-16,equal_weight,-0.9109457261637318
2009-01-19,equal_weight,-1.0009146403818736
2009-01-20,equal_weight,-1.1706140646786498
2009-01-21,equal_weight,-1.0783336801295995
2009-01-22,equal_weight,-1.0438166655114016
2009-01-23,equal_weight,-1.0407842731766748
2009-01-26,equal_weight,-0.9390206831598877
2009-01-27,equal_weight,-0.9238398886908472
2009-01-28,equal_weight,-0.740414826563455
2009-01-29,equal_weight,-0.8220131384128047
2009-01-30,equal_weight,-0.8302342091454891
2009-02-02,equal_weight,-0.8604603704513772
2009-02-03,equal_weight,-0.8445835688567164
2009-02-04,equal_weight,-0.8496229338510507
2009-02-05,equal_weight,-0.8542558169071393
2009-02-06,equal_weight,-0.7849427258907269
2009-02-09,equal_weight,-0.7737745931260998
2009-02-10,equal_weight,-0.8378085666917772
2009-02-11,equal_weight,-0.8489645738929744
2009-02-12,equal_weight,-0.8974297046629919
2009-02-13,equal_weight,-0.9485695894869438
2009-02-16,equal_weight,-0.9592728503685973
2009-02-17,equal_weight,-1.0186038555768302
2009-02-18,equal_weight,-1.0128315571137239
2009-02-19,equal_weight,-0.9984954839069259
2009-02-20,equal_weight,-1.0677232677770416
2009-02-23,equal_weight,-1.0530344951590167
2009-02-24,equal_weight,-0.9819757752376757
2009-02-25,equal_weight,-0.947106376925483
2009-02-26,equal_weight,-0.9136211000164485
2009-02-27,equal_weight,-1.030667582614377
2009-03-02,equal_weight,-1.1095326639111203
2009-03-03,equal_weight,-1.1097884523108035
2009-03-04,equal_weight,-1.0529838255858914
2009-03-05,equal_weight,-1.2192779842665604
2009-03-06,equal_weight,-1.2446643440649952
2009-03-09,equal_weight,-1.2606311328361357
2009-03-10,equal_weight,-1.1219301779902862
2009-03-11,equal_weight,-1.0966177797147374
2009-03-12,equal_weight,-1.0729755148987257
2009-03-13,equal_weight,-1.0389614609434932
2009-03-16,equal_weight,-0.9887894219130894
2009-03-17,equal_weight,-0.9520602667647461
2009-03-18,equal_weight,-0.8703381548304158
2009-03-19,equal_weight,-0.9159461821130388
2009-03-20,equal_weight,-0.9595835730100213
2009-03-23,equal_weight,-0.8277166085572143
2009-03-24,equal_weight,-0.8520157514890343
2009-03-25,equal_weight,-0.8398026567765918
2009-03-26,equal_weight,-0.8056344456153546
2009-03-27,equal_weight,-0.8206131145175888
2009-03-30,equal_weight,-0.9239359139871588
2009-03-31,equal_weight,-0.8628750932608314
2009-04-01,equal_weight,-0.8070020147242757
2009-04-02,equal_weight,-0.732373999249897
2009-04-03,equal_weight,-0.7442662523412491
2009-04-06,equal_weight,-0.7737001944569201
2009-04-07,equal_weight,-0.8365174537600707
2009-04-08,equal_weight,-0.8272559657666667
2009-04-09,equal_weight,-0.7132333827922095
2009-04-10,equal_weight,-0.7090832958253781
2009-04-13,equal_weight,-0.6872223987220833
2009-04-14,equal_weight,-0.6934223645957821
2009-04-15,equal_weight,-0.7070985272681535
2009-04-16,equal_weight,-0.6750430080263194
2009-04-17,equal_weight,-0.646674797384809
2009-04-20,equal_weight,-0.7420360078678538
2009-04-21,equal_weight,-0.7409130445889647
2009-04-22,equal_weight,-0.7214885891785534
2009-04-23,equal_weight,-0.7080731604981554
2009-04-24,equal_weight,-0.6593259865951552
2009-04-27,equal_weight,-0.6595820070270971
2009-04-28,equal_weight,-0.6736123862506245
2009-04-29,equal_weight,-0.6234570856320216
2009-04-30,equal_weight,-0.5804619437677268
2009-05-01,equal_weight,-0.5815796796498903
2009-05-04,equal_weight,-0.5387950280942434
2009-05-05,equal_weight,-0.5165491102685535
2009-05-06,equal_weight,-0.4668071725227474
2009-05-07,equal_weight,-0.46927459105479974
2009-05-08,equal_weight,-0.38467601769587323
2009-05-11,equal_weight,-0.421294944529327
2009-05-12,equal_weight,-0.439649605664945
2009-05-13,equal_weight,-0.5022480850610856
2009-05-14,equal_weight,-0.48260013407428803
2009-05-15,equal_weight,-0.4762299036600694
2009-05-18,equal_weight,-0.41216878539876334
2009-05-19,equal_weight,-0.4006592103734571
2009-05-20,equal_weight,-0.39659699233942536
2009-05-21,equal_weight,-0.4064719546783143
2009-05-22,equal_weight,-0.3973006143118937
2009-05-25,equal_weight,-0.403931781725255
2009-05-26,equal_weight,-0.3529362322641974
2009-05-27,equal_weight,-0.3377062742074295
2009-05-28,equal_weight,-0.331780703338491
2009-05-29,equal_weight,-0.2803568600666701
2009-06-01,equal_weight,-0.2807906593088027
2009-06-02,equal_weight,-0.3111656090182714
2009-06-03,equal_weight,-0.3515398669318637
2009-06-04,equal_weight,-0.3312818158875962
2009-06-05,equal_weight,-0.3204608107528176
2009-06-08,equal_weight,-0.3155662685040434
2009-06-09,equal_weight,-0.2856519725584741
2009-06-10,equal_weight,-0.25870913804448803
2009-06-11,equal_weight,-0.25007192238757436
2009-06-12,equal_weight,-0.278768535790701
2009-06-15,equal_weight,-0.2855275532268201
2009-06-16,equal_weight,-0.2862459619429395
2009-06-17,equal_weight,-0.2987313157663245
2009-06-18,equal_weight,-0.2626128053773893
2009-06-19,equal_weight,-0.2541348737690129
2009-06-22,equal_weight,-0.3070751017447494
2009-06-23,equal_weight,-0.2852891074242858
2009-06-24,equal_weight,-0.257468907084427
2009-06-25,equal_weight,-0.2501082608102025
2009-06-26,equal_weight,-0.26683870146799976
2009-06-29,equal_weight,-0.2444420970156545
2009-06-30,equal_weight,-0.2301036877566689
2009-07-01,equal_weight,-0.1965884508769877
2009-07-02,equal_weight,-0.2012040802176263
2009-07-03,equal_weight,-0.2530768663115046
2009-07-06,equal_weight,-0.3311994845316866
2009-07-07,equal_weight,-0.3746322668793218
2009-07-08,equal_weight,-0.4038925439808971
2009-07-09,equal_weight,-0.4020486079569955
2009-07-10,equal_weight,-0.45644530613455647
2009-07-13,equal_weight,-0.3957505523199116
2009-07-14,equal_weight,-0.3623301800740902
2009-07-15,equal_weight,-0.2923749389979098
2009-07-16,equal_weight,-0.2988701133426468
2009-07-17,equal_weight,-0.3210677318127168
2009-07-20,equal_weight,-0.3019729903193017
2009-07-21,equal_weight,-0.30052740967453945
2009-07-22,equal_weight,-0.28126318913497017
2009-07-23,equal_weight,-0.3061480237270683
2009-07-24,equal_weight,-0.3044571572886733
2009-07-27,equal_weight,-0.27190400597477987
2009-07-28,equal_weight,-0.27648310933909037
2009-07-29,equal_weight,-0.2940485317906999
2009-07-30,equal_weight,-0.2395392033729437
2009-07-31,equal_weight,-0.17487526800047157
2009-08-03,equal_weight,-0.1505200774193446
2009-08-04,equal_weight,-0.153900295107548
2009-08-05,equal_weight,-0.11671240821958348
2009-08-06,equal_weight,-0.06230034489647629
2009-08-07,equal_weight,-0.06423569974671339
2009-08-10,equal_weight,-0.05394776505933988
2009-08-11,equal_weight,-0.11097590203236057
2009-08-12,equal_weight,-0.07792900920800488
2009-08-13,equal_weight,-0.041257699660023676
2009-08-14,equal_weight,-0.06010969682724608
2009-08-17,equal_weight,-0.1308134158690863
2009-08-18,equal_weight,-0.11627545207880038
2009-08-19,equal_weight,-0.11009622069230209
2009-08-20,equal_weight,-0.10467632874985777
2009-08-21,equal_weight,-0.07841660034809558
2009-08-24,equal_weight,-0.013374379589020984
2009-08-25,equal_weight,-0.0009183253418664841
2009-08-26,equal_weight,-0.08376082168897198
2009-08-27,equal_weight,-0.04684385049387598
2009-08-28,equal_weight,-0.009291132480493385
2009-08-31,equal_weight,-0.009405818589521185
2009-09-01,equal_weight,-0.07491703276766058
2009-09-02,equal_weight,-0.013075521513020685
2009-09-03,equal_weight,0.028598684868175413
2009-09-04,equal_weight,0.0922755442629131
2009-09-07,equal_weight,0.08731553919764742
2009-09-08,equal_weight,-0.0748111989433154
2009-09-09,equal_weight,-0.0371797178893387
2009-09-10,equal_weight,-0.010153284287645097
2009-09-11,equal_weight,-0.0028019443819804965
2009-09-14,equal_weight,-0.03598514773740669
2009-09-15,equal_weight,-0.03196033346292149
2009-09-16,equal_weight,0.11015047637088542
2009-09-17,equal_weight,0.09614651819724682
2009-09-18,equal_weight,0.05014791323741992
2009-09-21,equal_weight,0.04702272583983782
2009-09-22,equal_weight,0.036358877831816225
2009-09-23,equal_weight,0.12281827283099384
2009-09-24,equal_weight,0.1755867247428074
2009-09-25,equal_weight,0.1944933953752409
2009-09-28,equal_weight,0.27421259260288966
2009-09-29,equal_weight,0.36594928731876697
2009-09-30,equal_weight,0.24939898391860654
2009-10-01,equal_weight,0.13903081355188363
2009-10-02,equal_weight,0.19034065411404774
2009-10-05,equal_weight,0.26642090614134534
2009-10-06,equal_weight,0.298407560774623
2009-10-07,equal_weight,0.2671958777006481
2009-10-08,equal_weight,0.28464070764944766
2009-10-09,equal_weight,0.3526741520287017
2009-10-12,equal_weight,0.37394762186730274
2009-10-13,equal_weight,0.4530118384429369
2009-10-14,equal_weight,0.5655138066226528
2009-10-15,equal_weight,0.5581944505832783
2009-10-16,equal_weight,0.456890917587008
2009-10-19,equal_weight,0.4143529876792238
2009-10-20,equal_weight,0.3876288619996236
2009-10-21,equal_weight,0.39409215898418376
2009-10-22,equal_weight,0.3079444501484415
2009-10-23,equal_weight,0.32356778764075883
2009-10-26,equal_weight,0.36500453145440886
2009-10-27,equal_weight,0.3404357521066737
2009-10-28,equal_weight,0.3274865057449417
2009-10-29,equal_weight,0.44476494165317043
2009-10-30,equal_weight,0.4717435988271227
2009-11-02,equal_weight,0.4651827302223737
2009-11-03,equal_weight,0.467251625996816
2009-11-04,equal_weight,0.5279052150940607
2009-11-05,equal_weight,0.563678147343744
2009-11-06,equal_weight,0.6693258606605452
2009-11-09,equal_weight,0.7654122743955023
2009-11-10,equal_weight,0.7618307942152959
2009-11-11,equal_weight,0.6218414143231563
2009-11-12,equal_weight,0.5537316487550591
2009-11-13,equal_weight,0.5495542624604327
2009-11-16,equal_weight,0.5261805876433481
2009-11-17,equal_weight,0.49668103444995987
2009-11-18,equal_weight,0.6121754967399635
2009-11-19,equal_weight,0.5513063079428556
2009-11-20,equal_weight,0.5063143942501187
2009-11-23,equal_weight,0.5334968766558426
2009-11-24,equal_weight,0.5240910200204282
2009-11-25,equal_weight,0.3894274911177708
2009-11-26,equal_weight,0.4037462009104644
2009-11-27,equal_weight,0.40238807836857854
2009-11-30,equal_weight,0.4251550207991194
2009-12-01,equal_weight,0.47934744993074196
2009-12-02,equal_weight,0.4782857144149799
2009-12-03,equal_weight,0.4186479710340073
2009-12-04,equal_weight,0.4313281592220364
2009-12-07,equal_weight,0.43506279518365576
2009-12-08,equal_weight,0.41889184240297744
2009-12-09,equal_weight,0.4441516676783994
2009-12-10,equal_weight,0.4578602554998319
2009-12-11,equal_weight,0.4428740177083889
2009-12-14,equal_weight,0.45274338002881925
2009-12-15,equal_weight,0.4421795377650873
2009-12-16,equal_weight,0.44970006403274526
2009-12-17,equal_weight,0.3890625901621144
2009-12-18,equal_weight,0.3681367765314881
2009-12-21,equal_weight,0.37962322247210945
2009-12-22,equal_weight,0.3540842125352923
2009-12-23,equal_weight,0.3589966231600622
2009-12-24,equal_weight,0.3497740086281842
2009-12-25,equal_weight,0.3638177384535033
2009-12-28,equal_weight,0.3696131712308209
2009-12-29,equal_weight,0.38909032510918407
2009-12-30,equal_weight,0.4085116957917452
2009-12-31,equal_weight,0.4464020573720624
2010-01-01,equal_weight,0.5226032776030871
2010-01-04,equal_weight,0.617222343846202
2010-01-05,equal_weight,0.6728802282193438
2010-01-06,equal_weight,0.7722674381384692
2010-01-07,equal_weight,0.9426774864743322
2010-01-08,equal_weight,0.8652672978753425
2010-01-11,equal_weight,0.8778111296381037
2010-01-12,equal_weight,0.8662677755810492
2010-01-13,equal_weight,0.780096678761834
2010-01-14,equal_weight,0.7618580563485687
2010-01-15,equal_weight,0.600528701270515
2010-01-18,equal_weight,0.6538581777728192
2010-01-19,equal_weight,0.6576902182571693
2010-01-20,equal_weight,0.6764374410420579
2010-01-21,equal_weight,0.6456549232860107
2010-01-22,equal_weight,0.6138387746237153
2010-01-25,equal_weight,0.616094958722036
2010-01-26,equal_weight,0.5406331004949815
2010-01-27,equal_weight,0.5105513446215374
2010-01-28,equal_weight,0.5620451252569695
2010-01-29,equal_weight,0.5525141084840965
2010-02-01,equal_weight,0.5999287706503476
2010-02-02,equal_weight,0.6563148038027622
2010-02-03,equal_weight,0.6707391627915935
2010-02-04,equal_weight,0.713799813814092
2010-02-05,equal_weight,0.700800337908517
2010-02-08,equal_weight,0.6955135701070754
2010-02-09,equal_weight,0.7684555689629656
2010-02-10,equal_weight,0.7947909835064566
2010-02-11,equal_weight,0.7204623406141114
2010-02-12,equal_weight,0.6931024970627293
2010-02-15,equal_weight,0.6182999411365703
2010-02-16,equal_weight,0.738485145868194
2010-02-17,equal_weight,0.8466101268566305
2010-02-18,equal_weight,0.8674881968423729
2010-02-19,equal_weight,0.8566105887140043
2010-02-22,equal_weight,0.9728646768164271
2010-02-23,equal_weight,0.980426109523306
2010-02-24,equal_weight,0.9821203920071221
2010-02-25,equal_weight,0.8241717569758071
2010-02-26,equal_weight,0.8121491156107161
2010-03-01,equal_weight,0.7484575692199814
2010-03-02,equal_weight,0.7404471344936687
2010-03-03,equal_weight,0.7055022484167981
2010-03-04,equal_weight,0.6863792758313048
2010-03-05,equal_weight,0.6484864487839984
2010-03-08,equal_weight,0.6251285851349219
2010-03-09,equal_weight,0.6470285226749773
2010-03-10,equal_weight,0.5415736292276736
2010-03-11,equal_weight,0.5694969457424408
2010-03-12,equal_weight,0.5595856547849543
2010-03-15,equal_weight,0.534561821004114
2010-03-16,equal_weight,0.5750812490380472
2010-03-17,equal_weight,0.7051883474581933
2010-03-18,equal_weight,0.633929509746792
2010-03-19,equal_weight,0.5963168011363165
2010-03-22,equal_weight,0.5194712353415724
2010-03-23,equal_weight,0.49768999006404385
2010-03-24,equal_weight,0.5139033006397672
2010-03-25,equal_weight,0.5625326226132954
2010-03-26,equal_weight,0.5676929600780737
2010-03-29,equal_weight,0.461539991110202
2010-03-30,equal_weight,0.4579623774689874
2010-03-31,equal_weight,0.4282672350485571
2010-04-01,equal_weight,0.4315738675459416
2010-04-02,equal_weight,0.4328976382593188
2010-04-05,equal_weight,0.4183882305734228
2010-04-06,equal_weight,0.39457067532740414
2010-04-07,equal_weight,0.4782582056717592
2010-04-08,equal_weight,0.4585059979229423
2010-04-09,equal_weight,0.4618848731214941
2010-04-12,equal_weight,0.46536701295503463
2010-04-13,equal_weight,0.4281932848909854
2010-04-14,equal_weight,0.4678162891221528
2010-04-15,equal_weight,0.4950896273294338
2010-04-16,equal_weight,0.4056350104854212
2010-04-19,equal_weight,0.3705576912415939
2010-04-20,equal_weight,0.3821688625963655
2010-04-21,equal_weight,0.32416034082349354
2010-04-22,equal_weight,0.2879262605172988
2010-04-23,equal_weight,0.2524891698670122
2010-04-26,equal_weight,0.2726654548364701
2010-04-27,equal_weight,0.1615104295153038
2010-04-28,equal_weight,0.18554161569453312
2010-04-29,equal_weight,0.23780794830794139
2010-04-30,equal_weight,0.2871152421224463
2010-05-03,equal_weight,0.27077288267088623
2010-05-04,equal_weight,0.216470259071703
2010-05-05,equal_weight,0.1418792998712822
2010-05-06,equal_weight,0.0672271367453695
2010-05-07,equal_weight,0.05659020256886829
2010-05-10,equal_weight,0.1726387514932866
2010-05-11,equal_weight,0.1494776752594393
2010-05-12,equal_weight,0.151768751553705
2010-05-13,equal_weight,0.12627229343365529
2010-05-14,equal_weight,0.0896615388088059
2010-05-17,equal_weight,0.08597256625225878
2010-05-18,equal_weight,0.05504834453625969
2010-05-19,equal_weight,0.023821315142497492
2010-05-20,equal_weight,0.019032235199868693
2010-05-21,equal_weight,0.0746328968147533
2010-05-24,equal_weight,0.03578146341352059
2010-05-25,equal_weight,0.017434949888919294
2010-05-26,equal_weight,0.03208353009426749
2010-05-27,equal_weight,0.07013603882350458
2010-05-28,equal_weight,0.04955954979865389
2010-05-31,equal_weight,0.026436618270168983
2010-06-01,equal_weight,0.022551943801140287
2010-06-02,equal_weight,0.06629119154555525
2010-06-03,equal_weight,0.07892552061699115
2010-06-04,equal_weight,0.056176152101133046
2010-06-07,equal_weight,0.01748805713990835
2010-06-08,equal_weight,0.0010692190299185535
2010-06-09,equal_weight,0.05603622437026305
2010-06-10,equal_weight,0.08309045499427145
2010-06-11,equal_weight,0.07392585835314175
2010-06-14,equal_weight,0.08805256844302124
2010-06-15,equal_weight,0.10936255812367913
2010-06-16,equal_weight,0.09410134802751514
2010-06-17,equal_weight,0.11814355282283545
2010-06-18,equal_weight,0.11300915197456814
2010-06-21,equal_weight,0.15431637167129086
2010-06-22,equal_weight,0.13618621754290944
2010-06-23,equal_weight,0.14284018188100295
2010-06-24,equal_weight,0.12232501055771904
2010-06-25,equal_weight,0.16048885454161343
2010-06-28,equal_weight,0.13858755281770316
2010-06-29,equal_weight,0.10598770877540134
2010-06-30,equal_weight,0.06863538567246634
2010-07-01,equal_weight,0.04644773188710314
2010-07-02,equal_weight,0.013303137380994243
2010-07-05,equal_weight,0.0009759710177478405
2010-07-06,equal_weight,0.03505339031083294
2010-07-07,equal_weight,0.05825610983148134
2010-07-08,equal_weight,0.08137741690503195
2010-07-09,equal_weight,0.08595740566380834
2010-07-12,equal_weight,0.060768245444833044
2010-07-13,equal_weight,0.08894809488572103
2010-07-14,equal_weight,0.06854991991236914
2010-07-15,equal_weight,0.07156256064981645
2010-07-16,equal_weight,0.034760731347315645
2010-07-19,equal_weight,0.003959718415047739
2010-07-20,equal_weight,-0.0067721471599320624
2010-07-21,equal_weight,-0.04090756118137236
2010-07-22,equal_weight,-0.011614235116890859
2010-07-23,equal_weight,-0.032057168410715056
2010-07-26,equal_weight,-0.022852106918759656
2010-07-27,equal_weight,0.009979268364663445
2010-07-28,equal_weight,0.011795212812374743
2010-07-29,equal_weight,0.040475389214825845
2010-07-30,equal_weight,0.01737111470559674
2010-08-02,equal_weight,0.02687851116476154
2010-08-03,equal_weight,0.03774701196720282
2010-08-04,equal_weight,0.07333936720551563
2010-08-05,equal_weight,0.04597578737975703
2010-08-06,equal_weight,0.042421520741708234
2010-08-09,equal_weight,0.035578537544935625
2010-08-10,equal_weight,-0.0035491394685538743
2010-08-11,equal_weight,-0.056975462166354976
2010-08-12,equal_weight,-0.08016598467214407
2010-08-13,equal_weight,-0.08580826506824538
2010-08-16,equal_weight,-0.09696160135278648
2010-08-17,equal_weight,-0.09856635810211037
2010-08-18,equal_weight,-0.09213141399233138
2010-08-19,equal_weight,-0.06951734411690377
2010-08-20,equal_weight,-0.06630719428960358
2010-08-23,equal_weight,-0.07900401595292618
2010-08-24,equal_weight,-0.11861688491176159
2010-08-25,equal_weight,-0.14386126851865327
2010-08-26,equal_weight,-0.13779101935520047
2010-08-27,equal_weight,-0.14432150760422385
2010-08-30,equal_weight,-0.15848529480477108
2010-08-31,equal_weight,-0.15958500391655936
2010-09-01,equal_weight,-0.12224526712792058
2010-09-02,equal_weight,-0.11652184838859198
2010-09-03,equal_weight,-0.12505062437340747
2010-09-06,equal_weight,-0.12695816165958806
2010-09-07,equal_weight,-0.14421947347950867
2010-09-08,equal_weight,-0.13181591658246417
2010-09-09,equal_weight,-0.12251085147596297
2010-09-10,equal_weight,-0.12257769525152867
2010-09-13,equal_weight,-0.07841088959766057
2010-09-14,equal_weight,-0.06598380973251428
2010-09-15,equal_weight,-0.08149184541103698
2010-09-16,equal_weight,-0.10086806439365578
2010-09-17,equal_weight,-0.10833704838638558
2010-09-20,equal_weight,-0.054344499213918374
2010-09-21,equal_weight,-0.04131575506472687
2010-09-22,equal_weight,-0.07441463979728648
2010-09-23,equal_weight,-0.10973870867870338
2010-09-24,equal_weight,-0.09474790471509617
2010-09-27,equal_weight,-0.10489362539458738
2010-09-28,equal_weight,-0.10966664910908348
2010-09-29,equal_weight,-0.12597203462664477
2010-09-30,equal_weight,-0.12061524095616238
2010-10-01,equal_weight,-0.15382910027774988
2010-10-04,equal_weight,-0.1544945772475632
2010-10-05,equal_weight,-0.10618770540902978
2010-10-06,equal_weight,-0.11191438804890047
2010-10-07,equal_weight,-0.10212486871900298
2010-10-08,equal_weight,-0.10775774869527788
2010-10-11,equal_weight,-0.10745874887839357
2010-10-12,equal_weight,-0.09905163404093524
2010-10-13,equal_weight,-0.05585598851670734
2010-10-14,equal_weight,-0.053928689012745834
2010-10-15,equal_weight,-0.024122055199873236
2010-10-18,equal_weight,-0.05984301269897653
2010-10-19,equal_weight,-0.02590553236113083
2010-10-20,equal_weight,-0.03432442735938393
2010-10-21,equal_weight,-0.011329134470488032
2010-10-22,equal_weight,-0.02767349232346833
2010-10-25,equal_weight,-0.04807196930953873
2010-10-26,equal_weight,-0.058190292515735625
2010-10-27,equal_weight,-0.09138261048379043
2010-10-28,equal_weight,-0.09058978439774523
2010-10-29,equal_weight,-0.10456062365696432
2010-11-01,equal_weight,-0.09185548052998162
2010-11-02,equal_weight,-0.09310195613786652
2010-11-03,equal_weight,-0.10181386974680312
2010-11-04,equal_weight,-0.059465548438248424
2010-11-05,equal_weight,-0.050110386751869324
2010-11-08,equal_weight,-0.04485612525267672
2010-11-09,equal_weight,-0.040727118392092226
2010-11-10,equal_weight,-0.08052902660313382
2010-11-11,equal_weight,-0.07194901110894192
2010-11-12,equal_weight,-0.08201459665755892
2010-11-15,equal_weight,-0.03634906922748022
2010-11-16,equal_weight,-0.06201018496294412
2010-11-17,equal_weight,-0.07212924725824962
2010-11-18,equal_weight,-0.06924028442662612
2010-11-19,equal_weight,-0.06389161573185932
2010-11-22,equal_weight,-0.08330130201718722
2010-11-23,equal_weight,-0.11091145349163742
2010-11-24,equal_weight,-0.09538667302732771
2010-11-25,equal_weight,-0.07052269799169862
2010-11-26,equal_weight,-0.08365029556422612
2010-11-29,equal_weight,-0.10994981557171554
2010-11-30,equal_weight,-0.12109103282117613
2010-12-01,equal_weight,-0.09968331701744973
2010-12-02,equal_weight,-0.05381754396743502
2010-12-03,equal_weight,-0.07146257545577443
2010-12-06,equal_weight,-0.03874005669347923
2010-12-07,equal_weight,-0.03383602479895923
2010-12-08,equal_weight,-0.030404669368911022
2010-12-09,equal_weight,-0.0041785474203455235
2010-12-10,equal_weight,-0.009241065720983425
2010-12-13,equal_weight,-0.013010576659315326
2010-12-14,equal_weight,-0.009845649865364325
2010-12-15,equal_weight,-0.030461254653113126
2010-12-16,equal_weight,-0.03426030568390693
2010-12-17,equal_weight,-0.03699824209104153
2010-12-20,equal_weight,-0.04020968478223233
2010-12-21,equal_weight,-0.02347911979488153
2010-12-22,equal_weight,-0.04638066415841132
2010-12-23,equal_weight,-0.06842185791058611
2010-12-24,equal_weight,-0.07933115862345523
2010-12-27,equal_weight,-0.09682079413476202
2010-12-28,equal_weight,-0.10255343458502322
2010-12-29,equal_weight,-0.10801666200522442
2010-12-30,equal_weight,-0.09606596039507341
2010-12-31,equal_weight,-0.09780325221059473
2011-01-03,equal_weight,-0.08978316210847131
2011-01-04,equal_weight,-0.06101639606701382
2011-01-05,equal_weight,-0.05821070086655642
2011-01-06,equal_weight,-0.06579560456402912
2011-01-07,equal_weight,-0.06520909950467252
2011-01-10,equal_weight,-0.050539776891681515
2011-01-11,equal_weight,-0.018911633701662017
2011-01-12,equal_weight,0.02044469145384128
2011-01-13,equal_weight,0.05152087446617469
2011-01-14,equal_weight,0.07795905682048199
2011-01-17,equal_weight,0.08482236073256817
2011-01-18,equal_weight,0.08762057305568788
2011-01-19,equal_weight,0.054343322704188686
2011-01-20,equal_weight,0.05022842995852398
2011-01-21,equal_weight,0.07499843092128508
2011-01-24,equal_weight,0.12366108770164007
2011-01-25,equal_weight,0.1363762417981864
2011-01-26,equal_weight,0.13870919063510667
2011-01-27,equal_weight,0.14092430764350927
2011-01-28,equal_weight,0.11080033833816298
2011-01-31,equal_weight,0.11860196178970368
2011-02-01,equal_weight,0.15841292505468618
2011-02-02,equal_weight,0.1640027413635542
2011-02-03,equal_weight,0.12937270446692659
2011-02-04,equal_weight,0.1159991923204147
2011-02-07,equal_weight,0.1325476373968498
2011-02-08,equal_weight,0.13249818336134517
2011-02-09,equal_weight,0.11402068105458307
2011-02-10,equal_weight,0.1313746562739849
2011-02-11,equal_weight,0.12560449540220148
2011-02-14,equal_weight,0.12993900099091488
2011-02-15,equal_weight,0.1269440878734694
2011-02-16,equal_weight,0.15281287357968987
2011-02-17,equal_weight,0.14760528402889186
2011-02-18,equal_weight,0.13356516172757166
2011-02-21,equal_weight,0.11378857864418507
2011-02-22,equal_weight,0.05763485800015178
2011-02-23,equal_weight,0.06175934410824057
2011-02-24,equal_weight,0.06201753071608758
2011-02-25,equal_weight,0.05855638184882059
2011-02-28,equal_weight,0.05301608472245308
2011-03-01,equal_weight,0.030198300968078677
2011-03-02,equal_weight,0.03699115970921398
2011-03-03,equal_weight,0.027152470645265183
2011-03-04,equal_weight,0.003175080411024482
2011-03-07,equal_weight,0.011020117299114384
2011-03-08,equal_weight,0.027576001543545284
2011-03-09,equal_weight,0.02058644889743788
2011-03-10,equal_weight,-0.00040648931357841443
2011-03-11,equal_weight,-0.002479627710807315
2011-03-14,equal_weight,-0.016017511591236815
2011-03-15,equal_weight,-0.040023051997166915
2011-03-16,equal_weight,-0.062279450355287626
2011-03-17,equal_weight,-0.04252520612302412
2011-03-18,equal_weight,-0.03286558393632632
2011-03-21,equal_weight,-0.033277553439489016
2011-03-22,equal_weight,-0.02558534151097522
2011-03-23,equal_weight,-0.030784793109868418
2011-03-24,equal_weight,-0.03050767634203542
2011-03-25,equal_weight,-0.03206324418147112
2011-03-28,equal_weight,-0.029851493532502417
2011-03-29,equal_weight,-0.056275649634626515
2011-03-30,equal_weight,-0.06925510778534821
2011-03-31,equal_weight,-0.07873826541576821
2011-04-01,equal_weight,-0.08415790988051591
2011-04-04,equal_weight,-0.09174739025458442
2011-04-05,equal_weight,-0.05821281780031491
2011-04-06,equal_weight,-0.035939618205515014
2011-04-07,equal_weight,-0.045006888977054814
2011-04-08,equal_weight,-0.03617206218517061
2011-04-11,equal_weight,-0.018064675987833213
2011-04-12,equal_weight,-0.03658985099729331
2011-04-13,equal_weight,-0.040810391068056215
2011-04-14,equal_weight,-0.011698919737140615
2011-04-15,equal_weight,-0.013881892382750914
2011-04-18,equal_weight,-0.05853140833669991
2011-04-19,equal_weight,-0.044499065411658115
2011-04-20,equal_weight,-0.039228859924497914
2011-04-21,equal_weight,0.02778518553230859
2011-04-22,equal_weight,0.04336760547333169
2011-04-25,equal_weight,0.0974248686173511
2011-04-26,equal_weight,0.12313167632198799
2011-04-27,equal_weight,0.025908813051025582
2011-04-28,equal_weight,0.05572809189555249
2011-04-29,equal_weight,0.055884835218270784
2011-05-02,equal_weight,0.06815007245746799
2011-05-03,equal_weight,0.12070335334551968
2011-05-04,equal_weight,0.11088879325922889
2011-05-05,equal_weight,0.1024163436528629
2011-05-06,equal_weight,0.11302764079445679
2011-05-09,equal_weight,0.1112937240682142
2011-05-10,equal_weight,0.10258625390917199
2011-05-11,equal_weight,0.1134511051696452
2011-05-12,equal_weight,0.1270794199363927
2011-05-13,equal_weight,0.10568661208789239
2011-05-16,equal_weight,0.0446992396471355
2011-05-17,equal_weight,0.0609413641173369
2011-05-18,equal_weight,0.0666435776014635
2011-05-19,equal_weight,0.07805962214466859
2011-05-20,equal_weight,0.06528297246200873
2011-05-23,equal_weight,0.041736805635721734
2011-05-24,equal_weight,0.08306250512949573
2011-05-25,equal_weight,0.11777998958208594
2011-05-26,equal_weight,0.12121271240071962
2011-05-27,equal_weight,0.12676195190780892
2011-05-30,equal_weight,0.09840620847218573
2011-05-31,equal_weight,0.10061288493891293
2011-06-01,equal_weight,0.06595168649005673
2011-06-02,equal_weight,0.02923514793209363
2011-06-03,equal_weight,0.03636680593360503
2011-06-06,equal_weight,0.01421114385275103
2011-06-07,equal_weight,-0.00163050608287937
2011-06-08,equal_weight,-0.00766170820918557
2011-06-09,equal_weight,0.0034905854063765314
2011-06-10,equal_weight,0.0004729502929708314
2011-06-13,equal_weight,0.026027385363820432
2011-06-14,equal_weight,0.029004464162552535
2011-06-15,equal_weight,0.010872971262758331
2011-06-16,equal_weight,0.04899924367238173
2011-06-17,equal_weight,0.06319138238659053
2011-06-20,equal_weight,0.06244668037176053
2011-06-21,equal_weight,0.07394985924837243
2011-06-22,equal_weight,0.07962364965272753
2011-06-23,equal_weight,0.020556479003873633
2011-06-24,equal_weight,-0.03777591888512267
2011-06-27,equal_weight,-0.05684980168586276
2011-06-28,equal_weight,-0.045720559033173964
2011-06-29,equal_weight,-0.022136206416202064
2011-06-30,equal_weight,-0.030838834468972967
2011-07-01,equal_weight,-0.0003847294002686692
2011-07-04,equal_weight,0.004319996500718032
2011-07-05,equal_weight,0.03064636389835343
2011-07-06,equal_weight,0.013447049078427128
2011-07-07,equal_weight,0.007121989590867526
2011-07-08,equal_weight,-0.014239908630230173
2011-07-11,equal_weight,-0.08952976434721438
2011-07-12,equal_weight,-0.10432556147102508
2011-07-13,equal_weight,-0.12384351536548757
2011-07-14,equal_weight,-0.15728186143179387
2011-07-15,equal_weight,-0.16798493828452818
2011-07-18,equal_weight,-0.20195228976193136
2011-07-19,equal_weight,-0.18430232565378635
2011-07-20,equal_weight,-0.18468311136237506
2011-07-21,equal_weight,-0.13601782572215596
2011-07-22,equal_weight,-0.13005256761397704
2011-07-25,equal_weight,-0.14667569741533976
2011-07-26,equal_weight,-0.1386555102295002
2011-07-27,equal_weight,-0.17416004831338158
2011-07-28,equal_weight,-0.1542217512381478
2011-07-29,equal_weight,-0.123224686197702
2011-08-01,equal_weight,-0.11804657342995639
2011-08-02,equal_weight,-0.1461139346228115
2011-08-03,equal_weight,-0.1560619939624101
2011-08-04,equal_weight,-0.2188806631810885
2011-08-05,equal_weight,-0.2460508050989337
2011-08-08,equal_weight,-0.2776234492759428
2011-08-09,equal_weight,-0.2433367978819444
2011-08-10,equal_weight,-0.3164208057494152
2011-08-11,equal_weight,-0.2575831948360355
2011-08-12,equal_weight,-0.2204051608881136
2011-08-15,equal_weight,-0.21196869042441038
2011-08-16,equal_weight,-0.2252817947649899
2011-08-17,equal_weight,-0.2228957674444519
2011-08-18,equal_weight,-0.2864868097498573
2011-08-19,equal_weight,-0.35227019105510426
2011-08-22,equal_weight,-0.3759848909975714
2011-08-23,equal_weight,-0.38620615672567193
2011-08-24,equal_weight,-0.3604907318740635
2011-08-25,equal_weight,-0.32505055548551465
2011-08-26,equal_weight,-0.3390990964965839
2011-08-29,equal_weight,-0.3321192059762626
2011-08-30,equal_weight,-0.31957747622212845
2011-08-31,equal_weight,-0.31680037220436336
2011-09-01,equal_weight,-0.3243479386664264
2011-09-02,equal_weight,-0.3803843934774837
2011-09-05,equal_weight,-0.4191376636845345
2011-09-06,equal_weight,-0.4349328285902663
2011-09-07,equal_weight,-0.4115881141701212
2011-09-08,equal_weight,-0.4024685263600098
2011-09-09,equal_weight,-0.4510002622584624
2011-09-12,equal_weight,-0.4887719719528318
2011-09-13,equal_weight,-0.47160309014641294
2011-09-14,equal_weight,-0.4577406231737337
2011-09-15,equal_weight,-0.4012171527557241
2011-09-16,equal_weight,-0.3886571616869968
2011-09-19,equal_weight,-0.42586903924965175
2011-09-20,equal_weight,-0.42771098104063826
2011-09-21,equal_weight,-0.44601649986068387
2011-09-22,equal_weight,-0.5302791248712783
2011-09-23,equal_weight,-0.507832914361224
2011-09-26,equal_weight,-0.45924168401927246
2011-09-27,equal_weight,-0.40527527313636763
2011-09-28,equal_weight,-0.4262270299477508
2011-09-29,equal_weight,-0.3937801571890004
2011-09-30,equal_weight,-0.4378601465147559
2011-10-03,equal_weight,-0.4706974342427966
2011-10-04,equal_weight,-0.4847800799201879
2011-10-05,equal_weight,-0.45754055601892174
2011-10-06,equal_weight,-0.40808105418751245
2011-10-07,equal_weight,-0.41797022855803706
2011-10-10,equal_weight,-0.38402390079467097
2011-10-11,equal_weight,-0.3635676326542469
2011-10-12,equal_weight,-0.3236172564990379
2011-10-13,equal_weight,-0.35732280114420095
2011-10-14,equal_weight,-0.3602407670806134
2011-10-17,equal_weight,-0.3757813556003842
2011-10-18,equal_weight,-0.36375932419977436
2011-10-19,equal_weight,-0.3502327396805831
2011-10-20,equal_weight,-0.37281474515359714
2011-10-21,equal_weight,-0.34679359622188854
2011-10-24,equal_weight,-0.351091426879911
2011-10-25,equal_weight,-0.37482623735124937
2011-10-26,equal_weight,-0.35945523442161603
2011-10-27,equal_weight,-0.25573965399526427
2011-10-28,equal_weight,-0.24020711389326935
2011-10-31,equal_weight,-0.2914933657325827
2011-11-01,equal_weight,-0.3666629069274219
2011-11-02,equal_weight,-0.36454140320438855
2011-11-03,equal_weight,-0.31241087340550794
2011-11-04,equal_weight,-0.3239160084736176
2011-11-07,equal_weight,-0.35115087842588866
2011-11-08,equal_weight,-0.32887880156981375
2011-11-09,equal_weight,-0.35549600709003615
2011-11-10,equal_weight,-0.33927694176727674
2011-11-11,equal_weight,-0.30225320610272666
2011-11-14,equal_weight,-0.3166009189762815
2011-11-15,equal_weight,-0.3191310885611101
2011-11-16,equal_weight,-0.31813489631434355
2011-11-17,equal_weight,-0.3243007733050605
2011-11-18,equal_weight,-0.35642760412232444
2011-11-21,equal_weight,-0.42463363084318906
2011-11-22,equal_weight,-0.4591743512445087
2011-11-23,equal_weight,-0.4837021226952456
2011-11-24,equal_weight,-0.47565442089674304
2011-11-25,equal_weight,-0.48216826757350945
2011-11-28,equal_weight,-0.45522603807277745
2011-11-29,equal_weight,-0.4558508795474706
2011-11-30,equal_weight,-0.4044989820114209
2011-12-01,equal_weight,-0.4102220186201552
2011-12-02,equal_weight,-0.34793157340340675
2011-12-05,equal_weight,-0.31554670670101675
2011-12-06,equal_weight,-0.3107781710162533
2011-12-07,equal_weight,-0.3086848866656405
2011-12-08,equal_weight,-0.37125249614071976
2011-12-09,equal_weight,-0.34530288384068364
2011-12-12,equal_weight,-0.3831349606111055
2011-12-13,equal_weight,-0.40750641636897744
2011-12-14,equal_weight,-0.42830658273006195
2011-12-15,equal_weight,-0.42531465001787816
2011-12-16,equal_weight,-0.41907881290070953
2011-12-19,equal_weight,-0.4324947348755954
2011-12-20,equal_weight,-0.39877627727131254
2011-12-21,equal_weight,-0.41204988571627954
2011-12-22,equal_weight,-0.3982618057067229
2011-12-23,equal_weight,-0.40066200198383806
2011-12-26,equal_weight,-0.39428001966062526
2011-12-27,equal_weight,-0.38336944392926225
2011-12-28,equal_weight,-0.3874229656081344
2011-12-29,equal_weight,-0.391704486264689
2011-12-30,equal_weight,-0.42741201250103256
2012-01-02,equal_weight,-0.4335790265633877
2012-01-03,equal_weight,-0.42865360346668346
2012-01-04,equal_weight,-0.43511864658225474
2012-01-05,equal_weight,-0.4648084473836692
2012-01-06,equal_weight,-0.4728220329290945
2012-01-09,equal_weight,-0.5033431373943436
2012-01-10,equal_weight,-0.4721030060759707
2012-01-11,equal_weight,-0.4595268585174094
2012-01-12,equal_weight,-0.42702341551082434
2012-01-13,equal_weight,-0.41527943910314274
2012-01-16,equal_weight,-0.43225113570419305
2012-01-17,equal_weight,-0.41863142002613835
2012-01-18,equal_weight,-0.3995893112124682
2012-01-19,equal_weight,-0.3681547687673482
2012-01-20,equal_weight,-0.3618277694302241
2012-01-23,equal_weight,-0.3360968298712176
2012-01-24,equal_weight,-0.3386220774889249
2012-01-25,equal_weight,-0.35027643505511
2012-01-26,equal_weight,-0.3491529290523344
2012-01-27,equal_weight,-0.3451286964850964
2012-01-30,equal_weight,-0.3623245768228254
2012-01-31,equal_weight,-0.3580123835347146
2012-02-01,equal_weight,-0.32176337941129934
2012-02-02,equal_weight,-0.31606953808090316
2012-02-03,equal_weight,-0.31353932650410726
2012-02-06,equal_weight,-0.32609937060001093
2012-02-07,equal_weight,-0.32132596210459097
2012-02-08,equal_weight,-0.2908184338741974
2012-02-09,equal_weight,-0.2704088056284197
2012-02-10,equal_weight,-0.29368928227261826
2012-02-13,equal_weight,-0.28767510748025954
2012-02-14,equal_weight,-0.316906037215477
2012-02-15,equal_weight,-0.309838253602081
2012-02-16,equal_weight,-0.2951894264365357
2012-02-17,equal_weight,-0.2710984499096474
2012-02-20,equal_weight,-0.26808317361308887
2012-02-21,equal_weight,-0.26293562854573227
2012-02-22,equal_weight,-0.2748080391660402
2012-02-23,equal_weight,-0.2897309931135471
2012-02-24,equal_weight,-0.27425377043877625
2012-02-27,equal_weight,-0.25912348764059023
2012-02-28,equal_weight,-0.2502974257061929
2012-02-29,equal_weight,-0.24759596298051498
2012-03-01,equal_weight,-0.21445246784903008
2012-03-02,equal_weight,-0.19169654655392987
2012-03-05,equal_weight,-0.22184218687764787
2012-03-06,equal_weight,-0.27410717761639336
2012-03-07,equal_weight,-0.28033289300676106
2012-03-08,equal_weight,-0.264097874847106
2012-03-09,equal_weight,-0.2600810219078514
2012-03-12,equal_weight,-0.28389125518998637
2012-03-13,equal_weight,-0.24488685920135567
2012-03-14,equal_weight,-0.23305581968258796
2012-03-15,equal_weight,-0.21439626594624817
2012-03-16,equal_weight,-0.19639301605241247
2012-03-19,equal_weight,-0.1721193745307787
2012-03-20,equal_weight,-0.19435773825705238
2012-03-21,equal_weight,-0.20059340685845978
2012-03-22,equal_weight,-0.21632469394693607
2012-03-23,equal_weight,-0.2284179079142931
2012-03-26,equal_weight,-0.22406030417224496
2012-03-27,equal_weight,-0.22504191354284486
2012-03-28,equal_weight,-0.23650052751040757
2012-03-29,equal_weight,-0.2523096331270256
2012-03-30,equal_weight,-0.24744610807473508
2012-04-02,equal_weight,-0.22412053479236688
2012-04-03,equal_weight,-0.23754743258864527
2012-04-04,equal_weight,-0.24671379907708318
2012-04-05,equal_weight,-0.25138435492824873
2012-04-06,equal_weight,-0.26348541621854776
2012-04-09,equal_weight,-0.28356787421360696
2012-04-10,equal_weight,-0.32543380352315887
2012-04-11,equal_weight,-0.30542163173145676
2012-04-12,equal_weight,-0.28992061233695765
2012-04-13,equal_weight,-0.32670370889398936
2012-04-16,equal_weight,-0.35165903434698864
2012-04-17,equal_weight,-0.31770796779152705
2012-04-18,equal_weight,-0.33813902778450866
2012-04-19,equal_weight,-0.35756502021396286
2012-04-20,equal_weight,-0.3399881770763409
2012-04-23,equal_weight,-0.3484167445494203
2012-04-24,equal_weight,-0.3329703178128814
2012-04-25,equal_weight,-0.2943236007850516
2012-04-26,equal_weight,-0.312541975565091
2012-04-27,equal_weight,-0.29755802509571966
2012-04-30,equal_weight,-0.29282474846480444
2012-05-01,equal_weight,-0.26824714675765626
2012-05-02,equal_weight,-0.27548506095072683
2012-05-03,equal_weight,-0.295938166686686
2012-05-04,equal_weight,-0.3094148678616518
2012-05-07,equal_weight,-0.29973104968785313
2012-05-08,equal_weight,-0.3048418734154191
2012-05-09,equal_weight,-0.30087019515625335
2012-05-10,equal_weight,-0.27446067787701106
2012-05-11,equal_weight,-0.30676369445999574
2012-05-14,equal_weight,-0.34231281821056403
2012-05-15,equal_weight,-0.38125738954607796
2012-05-16,equal_weight,-0.39580644240157525
2012-05-17,equal_weight,-0.43230091021109635
2012-05-18,equal_weight,-0.4200924233009829
2012-05-21,equal_weight,-0.40078902576124076
2012-05-22,equal_weight,-0.38024542490451146
2012-05-23,equal_weight,-0.3949643825394444
2012-05-24,equal_weight,-0.3876678930464057
2012-05-25,equal_weight,-0.39013021832704237
2012-05-28,equal_weight,-0.39705943928735177
2012-05-29,equal_weight,-0.3842583943582842
2012-05-30,equal_weight,-0.4042234432558175
2012-05-31,equal_weight,-0.41901633715403297
2012-06-01,equal_weight,-0.4189416427422493
2012-06-04,equal_weight,-0.4053315969520931
2012-06-05,equal_weight,-0.4020712590324733
2012-06-06,equal_weight,-0.35593794537290274
2012-06-07,equal_weight,-0.36245081098254284
2012-06-08,equal_weight,-0.3618233138401091
2012-06-11,equal_weight,-0.34537620565223476
2012-06-12,equal_weight,-0.33170603325313075
2012-06-13,equal_weight,-0.3295962410771151
2012-06-14,equal_weight,-0.3324703891566399
2012-06-15,equal_weight,-0.3234345845008647
2012-06-18,equal_weight,-0.36320497565065846
2012-06-19,equal_weight,-0.3688255694810201
2012-06-20,equal_weight,-0.34983401504515627
2012-06-21,equal_weight,-0.3535426293696364
2012-06-22,equal_weight,-0.33572583867685746
2012-06-25,equal_weight,-0.37079837551411143
2012-06-26,equal_weight,-0.3567114132637831
2012-06-27,equal_weight,-0.2898358755038894
2012-06-28,equal_weight,-0.30013001619991386
2012-06-29,equal_weight,-0.2576535424058078
2012-07-02,equal_weight,-0.24170918199453506
2012-07-03,equal_weight,-0.22155794868881928
2012-07-04,equal_weight,-0.19476585832138238
2012-07-05,equal_weight,-0.23437619509033747
2012-07-06,equal_weight,-0.2984593539737681
2012-07-09,equal_weight,-0.35446988165168075
2012-07-10,equal_weight,-0.3557697792579952
2012-07-11,equal_weight,-0.32561777772931116
2012-07-12,equal_weight,-0.34161647974178866
2012-07-13,equal_weight,-0.30855420349074536
2012-07-16,equal_weight,-0.31725197629170915
2012-07-17,equal_weight,-0.30838351580342666
2012-07-18,equal_weight,-0.29346229029585574
2012-07-19,equal_weight,-0.25906835323861893
2012-07-20,equal_weight,-0.27699274139519836
2012-07-23,equal_weight,-0.2579302222519029
2012-07-24,equal_weight,-0.24205330709655434
2012-07-25,equal_weight,-0.18605918511180303
2012-07-26,equal_weight,-0.16677213610518354
2012-07-27,equal_weight,-0.05521315964824044
2012-07-30,equal_weight,-0.07076638168566453
2012-07-31,equal_weight,-0.10872378485363234
2012-08-01,equal_weight,-0.12479739048089815
2012-08-02,equal_weight,-0.15862064541176285
2012-08-03,equal_weight,-0.10219798849391093
2012-08-06,equal_weight,-0.013845126889853943
2012-08-07,equal_weight,0.02228750587521726
2012-08-08,equal_weight,0.041957916003275364
2012-08-09,equal_weight,0.03419664953577676
2012-08-10,equal_weight,-0.00452298004853794
2012-08-13,equal_weight,-0.01878126246023724
2012-08-14,equal_weight,0.0006853313720222593
2012-08-15,equal_weight,-0.031236573793285836
2012-08-16,equal_weight,-0.02405701975796824
2012-08-17,equal_weight,-0.02863912903892324
2012-08-20,equal_weight,-0.03189138556302124
2012-08-21,equal_weight,0.04344393944923296
2012-08-22,equal_weight,0.09063464708567776
2012-08-23,equal_weight,0.10785365817348146
2012-08-24,equal_weight,0.06701789679585807
2012-08-27,equal_weight,0.07134440363277185
2012-08-28,equal_weight,0.12529487644797585
2012-08-29,equal_weight,0.17232966206600367
2012-08-30,equal_weight,0.12451314523122325
2012-08-31,equal_weight,0.12718209316709225
2012-09-03,equal_weight,0.08484304422781705
2012-09-04,equal_weight,0.07448142999794125
2012-09-05,equal_weight,0.12047218527652885
2012-09-06,equal_weight,0.16827261915855257
2012-09-07,equal_weight,0.22168350228830275
2012-09-10,equal_weight,0.28758932061583503
2012-09-11,equal_weight,0.27032538701873554
2012-09-12,equal_weight,0.23785334289199506
2012-09-13,equal_weight,0.19099407356070225
2012-09-14,equal_weight,0.23837105371193945
2012-09-17,equal_weight,0.20304668501429515
2012-09-18,equal_weight,0.22280703011659966
2012-09-19,equal_weight,0.2742264775110276
2012-09-20,equal_weight,0.2799698666281277
2012-09-21,equal_weight,0.24577482701615586
2012-09-24,equal_weight,0.19041366975884527
2012-09-25,equal_weight,0.20564694532745817
2012-09-26,equal_weight,0.13191117738054647
2012-09-27,equal_weight,0.11963642717187517
2012-09-28,equal_weight,0.07609518708893967
2012-10-01,equal_weight,0.12808967073598407
2012-10-02,equal_weight,0.13077516581606266
2012-10-03,equal_weight,0.15388691879575284
2012-10-04,equal_weight,0.15583893328766424
2012-10-05,equal_weight,0.15678897052086224
2012-10-08,equal_weight,0.16542258409072066
2012-10-09,equal_weight,0.12589574136757908
2012-10-10,equal_weight,0.09477858759242065
2012-10-11,equal_weight,0.13238025772598636
2012-10-12,equal_weight,0.12620280093530606
2012-10-15,equal_weight,0.04548239280223906
2012-10-16,equal_weight,0.06676289070877416
2012-10-17,equal_weight,0.14522502840588797
2012-10-18,equal_weight,0.22898946064513376
2012-10-19,equal_weight,0.19625753358805845
2012-10-22,equal_weight,0.17323333552597156
2012-10-23,equal_weight,0.17121627294705996
2012-10-24,equal_weight,0.17508078389336285
2012-10-25,equal_weight,0.15713982692347295
2012-10-26,equal_weight,0.19631993472337697
2012-10-29,equal_weight,0.20472358855146805
2012-10-30,equal_weight,0.17754042776791829
2012-10-31,equal_weight,0.1930870864098783
2012-11-01,equal_weight,0.23862351059957426
2012-11-02,equal_weight,0.2513506479178211
2012-11-05,equal_weight,0.2630590124694511
2012-11-06,equal_weight,0.2766958782652602
2012-11-07,equal_weight,0.2776226108831999
2012-11-08,equal_weight,0.30199543613584506
2012-11-09,equal_weight,0.31740152287092216
2012-11-12,equal_weight,0.31453225375966826
2012-11-13,equal_weight,0.3137021689855561
2012-11-14,equal_weight,0.25075856959188686
2012-11-15,equal_weight,0.25862100663059734
2012-11-16,equal_weight,0.19244581748805797
2012-11-19,equal_weight,0.22630208782509167
2012-11-20,equal_weight,0.18255783193343417
2012-11-21,equal_weight,0.16146439480298067
2012-11-22,equal_weight,0.17523413884298436
2012-11-23,equal_weight,0.18131289564698877
2012-11-26,equal_weight,0.21928469989903956
2012-11-27,equal_weight,0.19456048936022977
2012-11-28,equal_weight,0.23193549528384227
2012-11-29,equal_weight,0.2705169976817698
2012-11-30,equal_weight,0.2962216183533944
2012-12-03,equal_weight,0.2862414932349775
2012-12-04,equal_weight,0.2918466764163666
2012-12-05,equal_weight,0.3213224995239687
2012-12-06,equal_weight,0.29093634129497353
2012-12-07,equal_weight,0.28492634693654356
2012-12-10,equal_weight,0.2478465379339403
2012-12-11,equal_weight,0.25256516032690896
2012-12-12,equal_weight,0.26355547846990346
2012-12-13,equal_weight,0.27567978803133747
2012-12-14,equal_weight,0.2968377777427021
2012-12-17,equal_weight,0.3036673494341476
2012-12-18,equal_weight,0.31606008982291517
2012-12-19,equal_weight,0.31776537810075767
2012-12-20,equal_weight,0.2989443043186139
2012-12-21,equal_weight,0.29747303165871297
2012-12-24,equal_weight,0.31914871333832523
2012-12-25,equal_weight,0.33737280736098907
2012-12-26,equal_weight,0.35725041605059726
2012-12-27,equal_weight,0.31943154778647287
2012-12-28,equal_weight,0.2946134487246349
2012-12-31,equal_weight,0.28221619940030446
2013-01-01,equal_weight,0.27528478188157857
2013-01-02,equal_weight,0.30963024035792447
2013-01-03,equal_weight,0.3064274668228213
2013-01-04,equal_weight,0.2965219591465623
2013-01-07,equal_weight,0.24543426141155075
2013-01-08,equal_weight,0.23361851878012305
2013-01-09,equal_weight,0.22695140116663187
2013-01-10,equal_weight,0.24441889663060176
2013-01-11,equal_weight,0.2555827970170273
2013-01-14,equal_weight,0.24783142679812
2013-01-15,equal_weight,0.24791228778691915
2013-01-16,equal_weight,0.26424246861122985
2013-01-17,equal_weight,0.25768337678694886
2013-01-18,equal_weight,0.23414496152487196
2013-01-21,equal_weight,0.21980194553614635
2013-01-22,equal_weight,0.19249660706896796
2013-01-23,equal_weight,0.1892671513569283
2013-01-24,equal_weight,0.19686987502025116
2013-01-25,equal_weight,0.18428710498387796
2013-01-28,equal_weight,0.1896338222122186
2013-01-29,equal_weight,0.2146679446551521
2013-01-30,equal_weight,0.20715315852687138
2013-01-31,equal_weight,0.2278702084844896
2013-02-01,equal_weight,0.2280880122417554
2013-02-04,equal_weight,0.1975561272014993
2013-02-05,equal_weight,0.188403448980942
2013-02-06,equal_weight,0.1718546593273187
2013-02-07,equal_weight,0.16519307578839862
2013-02-08,equal_weight,0.19589353493230818
2013-02-11,equal_weight,0.1999164455172095
2013-02-12,equal_weight,0.2104113632970393
2013-02-13,equal_weight,0.2062792095711271
2013-02-14,equal_weight,0.1976918930355587
2013-02-15,equal_weight,0.1860781040533487
2013-02-18,equal_weight,0.174333046311885
2013-02-19,equal_weight,0.18180989541262302
2013-02-20,equal_weight,0.1911452068649342
2013-02-21,equal_weight,0.1992119902332085
2013-02-22,equal_weight,0.1978496832144917
2013-02-25,equal_weight,0.17022628963741648
2013-02-26,equal_weight,0.13987117243846442
2013-02-27,equal_weight,0.1725008479336485
2013-02-28,equal_weight,0.13910908000020883
2013-03-01,equal_weight,0.1193494995302269
2013-03-04,equal_weight,0.1023606891288538
2013-03-05,equal_weight,0.10422948706188441
2013-03-06,equal_weight,0.0955519719764736
2013-03-07,equal_weight,0.0977222843889945
2013-03-08,equal_weight,0.1289397588113893
2013-03-11,equal_weight,0.14735211975468482
2013-03-12,equal_weight,0.13316757683428349
2013-03-13,equal_weight,0.1156699988473758
2013-03-14,equal_weight,0.1247785852683261
2013-03-15,equal_weight,0.1372848622523908
2013-03-18,equal_weight,0.1422981034790459
2013-03-19,equal_weight,0.12153465793028492
2013-03-20,equal_weight,0.1236678398379042
2013-03-21,equal_weight,0.1396569905490724
2013-03-22,equal_weight,0.1651133698584526
2013-03-25,equal_weight,0.1603923784666825
2013-03-26,equal_weight,0.1559570672317154
2013-03-27,equal_weight,0.1552203107967451
2013-03-28,equal_weight,0.19098175457572292
2013-03-29,equal_weight,0.1727297649311269
2013-04-01,equal_weight,0.14802467915764753
2013-04-02,equal_weight,0.1984880903474119
2013-04-03,equal_weight,0.18840621465460972
2013-04-04,equal_weight,0.1559499657065325
2013-04-05,equal_weight,0.172654123128717
2013-04-08,equal_weight,0.19387774474069022
2013-04-09,equal_weight,0.1993452375765642
2013-04-10,equal_weight,0.2589634320121787
2013-04-11,equal_weight,0.24770862838331384
2013-04-12,equal_weight,0.2185199034634473
2013-04-15,equal_weight,0.20833221400140292
2013-04-16,equal_weight,0.2022801991663006
2013-04-17,equal_weight,0.20014009431602062
2013-04-18,equal_weight,0.1721919934948351
2013-04-19,equal_weight,0.2044118104238371
2013-04-22,equal_weight,0.2277637464522563
2013-04-23,equal_weight,0.2649607524581544
2013-04-24,equal_weight,0.2589221942079723
2013-04-25,equal_weight,0.2831744162896671
2013-04-26,equal_weight,0.29749477942211483
2013-04-29,equal_weight,0.28965939392115203
2013-04-30,equal_weight,0.31241538068906133
2013-05-01,equal_weight,0.3490373908402011
2013-05-02,equal_weight,0.37660100652631584
2013-05-03,equal_weight,0.3932336528405243
2013-05-06,equal_weight,0.42192138818463804
2013-05-07,equal_weight,0.44694793243211084
2013-05-08,equal_weight,0.43970534755737234
2013-05-09,equal_weight,0.4094935179038932
2013-05-10,equal_weight,0.4338940217597093
2013-05-13,equal_weight,0.4196132718326431
2013-05-14,equal_weight,0.4351535425696084
2013-05-15,equal_weight,0.4451541128088528
2013-05-16,equal_weight,0.438583229784172
2013-05-17,equal_weight,0.4772874125999039
2013-05-20,equal_weight,0.48345171437608975
2013-05-21,equal_weight,0.5010083576780029
2013-05-22,equal_weight,0.5023469616840754
2013-05-23,equal_weight,0.44687196643197297
2013-05-24,equal_weight,0.4063103600396304
2013-05-27,equal_weight,0.4004590884389642
2013-05-28,equal_weight,0.41857045317445485
2013-05-29,equal_weight,0.419004024762947
2013-05-30,equal_weight,0.4381903849539609
2013-05-31,equal_weight,0.43413180851323435
2013-06-03,equal_weight,0.40800209711875035
2013-06-04,equal_weight,0.39150761033840176
2013-06-05,equal_weight,0.38924135453511155
2013-06-06,equal_weight,0.357843745693862
2013-06-07,equal_weight,0.3675344899177822
2013-06-10,equal_weight,0.37742490448926586
2013-06-11,equal_weight,0.36477305713561553
2013-06-12,equal_weight,0.3898657818848915
2013-06-13,equal_weight,0.40886509511450503
2013-06-14,equal_weight,0.38180661346462025
2013-06-17,equal_weight,0.4102346740186022
2013-06-18,equal_weight,0.37246356696902394
2013-06-19,equal_weight,0.34771485213010933
2013-06-20,equal_weight,0.30592829933235594
2013-06-21,equal_weight,0.2971055144617308
2013-06-24,equal_weight,0.3039294759434062
2013-06-25,equal_weight,0.3482110975199476
2013-06-26,equal_weight,0.3659572705491134
2013-06-27,equal_weight,0.36233834053235564
2013-06-28,equal_weight,0.347826696747337
2013-07-01,equal_weight,0.3728845622335849
2013-07-02,equal_weight,0.35694179554014444
2013-07-03,equal_weight,0.3450152000106954
2013-07-04,equal_weight,0.3751927138091751
2013-07-05,equal_weight,0.3643170591155205
2013-07-08,equal_weight,0.37070015095414205
2013-07-09,equal_weight,0.4185159543105201
2013-07-10,equal_weight,0.4374136847799416
2013-07-11,equal_weight,0.4724369354808394
2013-07-12,equal_weight,0.4671523882610213
2013-07-15,equal_weight,0.4355713347296676
2013-07-16,equal_weight,0.3893921532952021
2013-07-17,equal_weight,0.37920472822463275
2013-07-18,equal_weight,0.4167285670072511
2013-07-19,equal_weight,0.4186503174484746
2013-07-22,equal_weight,0.4663622971661922
2013-07-23,equal_weight,0.4234010827134348
2013-07-24,equal_weight,0.40686472225189396
2013-07-25,equal_weight,0.3973543612628528
2013-07-26,equal_weight,0.39399598016718906
2013-07-29,equal_weight,0.3850433844277305
2013-07-30,equal_weight,0.390231517466213
2013-07-31,equal_weight,0.3899617066107486
2013-08-01,equal_weight,0.4144578555353853
2013-08-02,equal_weight,0.4091649767694909
2013-08-05,equal_weight,0.3920266594621348
2013-08-06,equal_weight,0.36872760115657666
2013-08-07,equal_weight,0.377852011562656
2013-08-08,equal_weight,0.37464765921165527
2013-08-09,equal_weight,0.3841583515483107
2013-08-12,equal_weight,0.3928679192670142
2013-08-13,equal_weight,0.3968937554073022
2013-08-14,equal_weight,0.3958575312505049
2013-08-15,equal_weight,0.39071619713094136
2013-08-16,equal_weight,0.4010750907565635
2013-08-19,equal_weight,0.3940486957433372
2013-08-20,equal_weight,0.37284518310866904
2013-08-21,equal_weight,0.3633088627289741
2013-08-22,equal_weight,0.3835918495147555
2013-08-23,equal_weight,0.3845457017418635
2013-08-26,equal_weight,0.3322093965273535
2013-08-27,equal_weight,0.2692156081463496
2013-08-28,equal_weight,0.2675991176683099
2013-08-29,equal_weight,0.25672059426944127
2013-08-30,equal_weight,0.22652601862100588
2013-09-02,equal_weight,0.23377117558800356
2013-09-03,equal_weight,0.20671211599541459
2013-09-04,equal_weight,0.2118329084763811
2013-09-05,equal_weight,0.24058330908740888
2013-09-06,equal_weight,0.23905938652743008
2013-09-09,equal_weight,0.2630358917009875
2013-09-10,equal_weight,0.2821122801922696
2013-09-11,equal_weight,0.29234042201532334
2013-09-12,equal_weight,0.2932066067706784
2013-09-13,equal_weight,0.32666698662082666
2013-09-16,equal_weight,0.33343920528328386
2013-09-17,equal_weight,0.34297296233710695
2013-09-18,equal_weight,0.3370267871529449
2013-09-19,equal_weight,0.35221885632346456
2013-09-20,equal_weight,0.3384475501699803
2013-09-23,equal_weight,0.3139990163858344
2013-09-24,equal_weight,0.2988163170324139
2013-09-25,equal_weight,0.3108142455743762
2013-09-26,equal_weight,0.31630908415589465
2013-09-27,equal_weight,0.3138498948881474
2013-09-30,equal_weight,0.2859456629157527
2013-10-01,equal_weight,0.3071517165178559
2013-10-02,equal_weight,0.2979287792356516
2013-10-03,equal_weight,0.2707550999405294
2013-10-04,equal_weight,0.26029990751948917
2013-10-07,equal_weight,0.2481400901081401
2013-10-08,equal_weight,0.2605428786327815
2013-10-09,equal_weight,0.2690571542145638
2013-10-10,equal_weight,0.3097621585476523
2013-10-11,equal_weight,0.31551243908447557
2013-10-14,equal_weight,0.3183815564267772
2013-10-15,equal_weight,0.3292438734226083
2013-10-16,equal_weight,0.3459317363681672
2013-10-17,equal_weight,0.3367360940125574
2013-10-18,equal_weight,0.34723188300646196
2013-10-21,equal_weight,0.3215935510644331
2013-10-22,equal_weight,0.32385398147531896
2013-10-23,equal_weight,0.3250578683394782
2013-10-24,equal_weight,0.3195167861731028
2013-10-25,equal_weight,0.35127459284306845
2013-10-28,equal_weight,0.3494087453362277
2013-10-29,equal_weight,0.36170975145338713
2013-10-30,equal_weight,0.35284616579023176
2013-10-31,equal_weight,0.34143536140557523
2013-11-01,equal_weight,0.34910065862503514
2013-11-04,equal_weight,0.33772891655681997
2013-11-05,equal_weight,0.3392605004298157
2013-11-06,equal_weight,0.3138458632405994
2013-11-07,equal_weight,0.31190016550710603
2013-11-08,equal_weight,0.315160651555396
2013-11-11,equal_weight,0.3107382626940322
2013-11-12,equal_weight,0.2972369473746971
2013-11-13,equal_weight,0.2974496394901218
2013-11-14,equal_weight,0.30265926106282837
2013-11-15,equal_weight,0.30746315604642555
2013-11-18,equal_weight,0.30497033851724237
2013-11-19,equal_weight,0.2991675981551857
2013-11-20,equal_weight,0.3002312713401542
2013-11-21,equal_weight,0.2999066139963026
2013-11-22,equal_weight,0.2908480817420735
2013-11-25,equal_weight,0.29771302550433376
2013-11-26,equal_weight,0.29536013764613067
2013-11-27,equal_weight,0.3147691330446526
2013-11-28,equal_weight,0.31319528148560066
2013-11-29,equal_weight,0.3034058952722223
2013-12-02,equal_weight,0.30114186361158657
2013-12-03,equal_weight,0.2824126251494847
2013-12-04,equal_weight,0.26499673607599383
2013-12-05,equal_weight,0.2320590028117071
2013-12-06,equal_weight,0.23306853625524068
2013-12-09,equal_weight,0.2329338154997622
2013-12-10,equal_weight,0.2434759050545417
2013-12-11,equal_weight,0.23857217162047129
2013-12-12,equal_weight,0.23168800036270468
2013-12-13,equal_weight,0.22745568971150307
2013-12-16,equal_weight,0.23824507093033687
2013-12-17,equal_weight,0.23840282571421828
2013-12-18,equal_weight,0.2487464183686302
2013-12-19,equal_weight,0.2570238087641731
2013-12-20,equal_weight,0.2282709073759057
2013-12-23,equal_weight,0.2390670483055416
2013-12-24,equal_weight,0.2362496861343046
2013-12-25,equal_weight,0.22726792822758868
2013-12-26,equal_weight,0.2241893401488547
2013-12-27,equal_weight,0.2195216210514854
2013-12-30,equal_weight,0.20675621845501538
2013-12-31,equal_weight,0.20273613612722718
2014-01-01,equal_weight,0.19871525300272438
2014-01-02,equal_weight,0.1962716465468895
2014-01-03,equal_weight,0.2027506849024994
2014-01-06,equal_weight,0.20739224072346688
2014-01-07,equal_weight,0.21802890591511948
2014-01-08,equal_weight,0.22947915675423197
2014-01-09,equal_weight,0.23056381329169667
2014-01-10,equal_weight,0.2379806363370313
2014-01-13,equal_weight,0.2354514317315621
2014-01-14,equal_weight,0.23233034392993548
2014-01-15,equal_weight,0.24848959094511908
2014-01-16,equal_weight,0.23583579514925435
2014-01-17,equal_weight,0.24190377857833859
2014-01-20,equal_weight,0.22772662312826508
2014-01-21,equal_weight,0.22383590592052888
2014-01-22,equal_weight,0.2486474417984402
2014-01-23,equal_weight,0.22855584082011068
2014-01-24,equal_weight,0.211852831897356
2014-01-27,equal_weight,0.21470446482224947
2014-01-28,equal_weight,0.21837330090585738
2014-01-29,equal_weight,0.20912585125357788
2014-01-30,equal_weight,0.1906523804793448
2014-01-31,equal_weight,0.1817224397806399
2014-02-03,equal_weight,0.16139066849347558
2014-02-04,equal_weight,0.1802474401458921
2014-02-05,equal_weight,0.18531855272235828
2014-02-06,equal_weight,0.1897196399219712
2014-02-07,equal_weight,0.20839521796277488
2014-02-10,equal_weight,0.2401165365399857
2014-02-11,equal_weight,0.24297832346238948
2014-02-12,equal_weight,0.25691991415570925
2014-02-13,equal_weight,0.2805569854531431
2014-02-14,equal_weight,0.2671346715311701
2014-02-17,equal_weight,0.2706657675160835
2014-02-18,equal_weight,0.28636290721981617
2014-02-19,equal_weight,0.2828729642907938
2014-02-20,equal_weight,0.263142220549281
2014-02-21,equal_weight,0.2622427696338479
2014-02-24,equal_weight,0.2726310559097605
2014-02-25,equal_weight,0.2478875915409057
2014-02-26,equal_weight,0.2435676295568
2014-02-27,equal_weight,0.24667702248620862
2014-02-28,equal_weight,0.25853254959066246
2014-03-03,equal_weight,0.2287086081980197
2014-03-04,equal_weight,0.2449160910295363
2014-03-05,equal_weight,0.2749586082170082
2014-03-06,equal_weight,0.29807257480998517
2014-03-07,equal_weight,0.2880220762465517
2014-03-10,equal_weight,0.2919926484008323
2014-03-11,equal_weight,0.2927747465841745
2014-03-12,equal_weight,0.2964371046338558
2014-03-13,equal_weight,0.2945667475514367
2014-03-14,equal_weight,0.2841946063652432
2014-03-17,equal_weight,0.30143694264536547
2014-03-18,equal_weight,0.3105447376189391
2014-03-19,equal_weight,0.3167604732266447
2014-03-20,equal_weight,0.3006201959372229
2014-03-21,equal_weight,0.3197481861854307
2014-03-24,equal_weight,0.30665937572238267
2014-03-25,equal_weight,0.3116453218939413
2014-03-26,equal_weight,0.30634608756359
2014-03-27,equal_weight,0.2905126662415633
2014-03-28,equal_weight,0.2634058576694027
2014-03-31,equal_weight,0.27096321337992335
2014-04-01,equal_weight,0.29858383540581357
2014-04-02,equal_weight,0.31502669437195563
2014-04-03,equal_weight,0.3150324584815048
2014-04-04,equal_weight,0.32344594607598187
2014-04-07,equal_weight,0.3220101212849103
2014-04-08,equal_weight,0.30222688519644975
2014-04-09,equal_weight,0.3028560654260636
2014-04-10,equal_weight,0.2613299426824549
2014-04-11,equal_weight,0.2450471750500276
2014-04-14,equal_weight,0.2392491084471417
2014-04-15,equal_weight,0.2338486887936386
2014-04-16,equal_weight,0.23750147268126717
2014-04-17,equal_weight,0.2377399674733092
2014-04-18,equal_weight,0.23629293034094567
2014-04-21,equal_weight,0.22902450680592978
2014-04-22,equal_weight,0.23235023390247897
2014-04-23,equal_weight,0.2260776290575148
2014-04-24,equal_weight,0.2125514667446698
2014-04-25,equal_weight,0.1979217056241614
2014-04-28,equal_weight,0.19311695263569947
2014-04-29,equal_weight,0.2117448104788298
2014-04-30,equal_weight,0.2182826940983837
2014-05-01,equal_weight,0.2185794778625983
2014-05-02,equal_weight,0.215725286499504
2014-05-05,equal_weight,0.21450762514155608
2014-05-06,equal_weight,0.18385541800916408
2014-05-07,equal_weight,0.1749586285371065
2014-05-08,equal_weight,0.1924743022215571
2014-05-09,equal_weight,0.1769726220559188
2014-05-12,equal_weight,0.21669879624022237
2014-05-13,equal_weight,0.2201847996446412
2014-05-14,equal_weight,0.20613784324051418
2014-05-15,equal_weight,0.1677598923369869
2014-05-16,equal_weight,0.18082185317107508
2014-05-19,equal_weight,0.1629555113843772
2014-05-20,equal_weight,0.16733744717709229
2014-05-21,equal_weight,0.1875309262802047
2014-05-22,equal_weight,0.1780682185455658
2014-05-23,equal_weight,0.20409228255585699
2014-05-26,equal_weight,0.2210637028062461
2014-05-27,equal_weight,0.2024888694965346
2014-05-28,equal_weight,0.2077107882598136
2014-05-29,equal_weight,0.2208198993413324
2014-05-30,equal_weight,0.2316990400674328
2014-06-02,equal_weight,0.22392166719609258
2014-06-03,equal_weight,0.2226567927569527
2014-06-04,equal_weight,0.21752396106021707
2014-06-05,equal_weight,0.21674554792063888
2014-06-06,equal_weight,0.2411161308919243
2014-06-09,equal_weight,0.2807710893794881
2014-06-10,equal_weight,0.2924944958690581
2014-06-11,equal_weight,0.3024186585582687
2014-06-12,equal_weight,0.2834796450487847
2014-06-13,equal_weight,0.273233280268341
2014-06-16,equal_weight,0.2655459222104708
2014-06-17,equal_weight,0.2811521531079794
2014-06-18,equal_weight,0.2721263387130539
2014-06-19,equal_weight,0.28229846962157357
2014-06-20,equal_weight,0.2919571498500403
2014-06-23,equal_weight,0.25851771938313434
2014-06-24,equal_weight,0.260572328709947
2014-06-25,equal_weight,0.247314435189155
2014-06-26,equal_weight,0.22423167033142738
2014-06-27,equal_weight,0.23405181370782988
2014-06-30,equal_weight,0.20929325956689288
2014-07-01,equal_weight,0.2228943523549426
2014-07-02,equal_weight,0.2165555181248147
2014-07-03,equal_weight,0.2333421274743599
2014-07-04,equal_weight,0.2145588626670585
2014-07-07,equal_weight,0.1800686548342331
2014-07-08,equal_weight,0.15891517732531701
2014-07-09,equal_weight,0.1533370098228919
2014-07-10,equal_weight,0.13675611299018808
2014-07-11,equal_weight,0.12715029622513688
2014-07-14,equal_weight,0.1421059566766604
2014-07-15,equal_weight,0.14357409442957192
2014-07-16,equal_weight,0.15958360515892592
2014-07-17,equal_weight,0.14682474301312554
2014-07-18,equal_weight,0.14988269743731794
2014-07-21,equal_weight,0.11465591127675702
2014-07-22,equal_weight,0.12811730810125094
2014-07-23,equal_weight,0.13101292739924023
2014-07-24,equal_weight,0.14920823871844693
2014-07-25,equal_weight,0.14816127887793532
2014-07-28,equal_weight,0.12959998858504512
2014-07-29,equal_weight,0.12435039202237842
2014-07-30,equal_weight,0.12681738274048573
2014-07-31,equal_weight,0.10514910346879242
2014-08-01,equal_weight,0.08989299470377092
2014-08-04,equal_weight,0.10326287913975693
2014-08-05,equal_weight,0.08042139251074673
2014-08-06,equal_weight,0.09038233527859801
2014-08-07,equal_weight,0.09082544634506681
2014-08-08,equal_weight,0.09737670540278663
2014-08-11,equal_weight,0.08775237794436232
2014-08-12,equal_weight,0.08230208509545982
2014-08-13,equal_weight,0.09687882503079602
2014-08-14,equal_weight,0.1281604613751526
2014-08-15,equal_weight,0.11744638693825202
2014-08-18,equal_weight,0.12545549405699313
2014-08-19,equal_weight,0.14348231385380172
2014-08-20,equal_weight,0.12767710717745953
2014-08-21,equal_weight,0.1376202456795851
2014-08-22,equal_weight,0.13526799261145642
2014-08-25,equal_weight,0.13481733811516133
2014-08-26,equal_weight,0.142969869773851
2014-08-27,equal_weight,0.1324806227296823
2014-08-28,equal_weight,0.09850375444775462
2014-08-29,equal_weight,0.09812490908165251
2014-09-01,equal_weight,0.09423932917204213
2014-09-02,equal_weight,0.09858713488990042
2014-09-03,equal_weight,0.092414822537736
2014-09-04,equal_weight,0.11202125299597401
2014-09-05,equal_weight,0.09227598461276923
2014-09-08,equal_weight,0.07743975051334132
2014-09-09,equal_weight,0.07278309547047582
2014-09-10,equal_weight,0.09423904926167001
2014-09-11,equal_weight,0.09589107685700642
2014-09-12,equal_weight,0.10254551508595122
2014-09-15,equal_weight,0.10353831098358561
2014-09-16,equal_weight,0.10837466921522701
2014-09-17,equal_weight,0.12454916194091714
2014-09-18,equal_weight,0.11692368879648082
2014-09-19,equal_weight,0.11951088442422342
2014-09-22,equal_weight,0.10940362995166501
2014-09-23,equal_weight,0.09122815030703792
2014-09-24,equal_weight,0.10888818363547771
2014-09-25,equal_weight,0.10481592033896511
2014-09-26,equal_weight,0.10248475768796292
2014-09-29,equal_weight,0.06398446172966421
2014-09-30,equal_weight,0.06518843258263161
2014-10-01,equal_weight,0.056589266179670715
2014-10-02,equal_weight,0.02991310914001892
2014-10-03,equal_weight,0.03174219275353102
2014-10-06,equal_weight,0.027971676903843418
2014-10-07,equal_weight,0.005032718381806418
2014-10-08,equal_weight,0.009797323039986119
2014-10-09,equal_weight,-0.004983563753103779
2014-10-10,equal_weight,-0.0030327867119976804
2014-10-13,equal_weight,-0.01130559522244498
2014-10-14,equal_weight,-0.008939704180784968
2014-10-15,equal_weight,-0.04263029624742437
2014-10-16,equal_weight,-0.04941120365018546
2014-10-17,equal_weight,-0.018523223964903565
2014-10-20,equal_weight,-0.011093164115924564
2014-10-21,equal_weight,0.019147166240341733
2014-10-22,equal_weight,0.024187330492817533
2014-10-23,equal_weight,0.04244051563795273
2014-10-24,equal_weight,0.04137544274762393
2014-10-27,equal_weight,0.03526727935918523
2014-10-28,equal_weight,0.03793079311171883
2014-10-29,equal_weight,0.024905096351035137
2014-10-30,equal_weight,0.025274683115009033
2014-10-31,equal_weight,0.05814396772454943
2014-11-03,equal_weight,0.038430828195766334
2014-11-04,equal_weight,0.030727006231797832
2014-11-05,equal_weight,0.03191971216396583
2014-11-06,equal_weight,0.03310120701545413
2014-11-07,equal_weight,0.021334283608460933
2014-11-10,equal_weight,0.02256404296638633
2014-11-11,equal_weight,0.015134919274961231
2014-11-12,equal_weight,-0.006994965911167269
2014-11-13,equal_weight,-0.004358521107769369
2014-11-14,equal_weight,-0.00807709338229137
2014-11-17,equal_weight,-0.01028785214878527
2014-11-18,equal_weight,-0.006862808626132671
2014-11-19,equal_weight,-0.0025830676909607696
2014-11-20,equal_weight,0.004515118442865031
2014-11-21,equal_weight,0.02507793800730123
2014-11-24,equal_weight,0.04068991884849963
2014-11-25,equal_weight,0.03597776229980053
2014-11-26,equal_weight,0.03194962784252283
2014-11-27,equal_weight,0.03974357267563033
2014-11-28,equal_weight,0.04903700381354833
2014-12-01,equal_weight,0.04011687239791353
2014-12-02,equal_weight,0.056404847067915535
2014-12-03,equal_weight,0.04429436795248204
2014-12-04,equal_weight,0.04106015871074184
2014-12-05,equal_weight,0.05157381044764794
2014-12-08,equal_weight,0.03541223208229724
2014-12-09,equal_weight,0.016000731176543437
2014-12-10,equal_weight,-0.0014956630287359636
2014-12-11,equal_weight,-0.00010814779779546365
2014-12-12,equal_weight,-0.02523524519838666
2014-12-15,equal_weight,-0.046739061112100966
2014-12-16,equal_weight,-0.05229305672837386
2014-12-17,equal_weight,-0.04586751386153286
2014-12-18,equal_weight,-0.03279068041703516
2014-12-19,equal_weight,-0.03137250922190252
2014-12-22,equal_weight,-0.024340445119346524
2014-12-23,equal_weight,-0.01647319599533542
2014-12-24,equal_weight,-0.02401512042667702
2014-12-25,equal_weight,-0.04115569858149332
2014-12-26,equal_weight,-0.05245106846694712
2014-12-29,equal_weight,-0.05328812014292502
2014-12-30,equal_weight,-0.06151049433628782
2014-12-31,equal_weight,-0.07228879650691407
2015-01-01,equal_weight,-0.07507513549095668
2015-01-02,equal_weight,-0.09357634190088707
2015-01-05,equal_weight,-0.12022785838354688
2015-01-06,equal_weight,-0.14123778880417637
2015-01-07,equal_weight,-0.13245435062441335
2015-01-08,equal_weight,-0.11534048898212527
2015-01-09,equal_weight,-0.14049470001817776
2015-01-12,equal_weight,-0.12735056983296117
2015-01-13,equal_weight,-0.10155001402938767
2015-01-14,equal_weight,-0.11515140125006317
2015-01-15,equal_weight,-0.12961586998372837
2015-01-16,equal_weight,-0.11716178660867325
2015-01-19,equal_weight,-0.11389620786546657
2015-01-20,equal_weight,-0.09132448480559056
2015-01-21,equal_weight,-0.059559349524757464
2015-01-22,equal_weight,-0.040756246602103766
2015-01-23,equal_weight,-0.06310428193491786
2015-01-26,equal_weight,-0.08286481160776776
2015-01-27,equal_weight,-0.09695702966897576
2015-01-28,equal_weight,-0.11137324978611048
2015-01-29,equal_weight,-0.12154814576775186
2015-01-30,equal_weight,-0.14019967219680196
2015-02-02,equal_weight,-0.12800292995525656
2015-02-03,equal_weight,-0.10441832250034866
2015-02-04,equal_weight,-0.10461158113207586
2015-02-05,equal_weight,-0.11213993721697917
2015-02-06,equal_weight,-0.08386229521605906
2015-02-09,equal_weight,-0.09945340538535856
2015-02-10,equal_weight,-0.09518919712459967
2015-02-11,equal_weight,-0.10646028066609667
2015-02-12,equal_weight,-0.08585341376484155
2015-02-13,equal_weight,-0.06044234910600657
2015-02-16,equal_weight,-0.05294622830353756
2015-02-17,equal_weight,-0.056198254541455966
2015-02-18,equal_weight,-0.02198737261762827
2015-02-19,equal_weight,-0.04014250483220537
2015-02-20,equal_weight,-0.04447446126035347
2015-02-23,equal_weight,-0.053811320456183066
2015-02-24,equal_weight,-0.04480778595989267
2015-02-25,equal_weight,-0.04797182801463507
2015-02-26,equal_weight,-0.03371244455526856
2015-02-27,equal_weight,-0.03212051523691557
2015-03-02,equal_weight,-0.018613541726948967
2015-03-03,equal_weight,-0.014922337296301968
2015-03-04,equal_weight,-0.024189101596867768
2015-03-05,equal_weight,-0.03272686666524557
2015-03-06,equal_weight,-0.034565932767380465
2015-03-09,equal_weight,-0.04940614476715747
2015-03-10,equal_weight,-0.06215131927887356
2015-03-11,equal_weight,-0.04927467815688507
2015-03-12,equal_weight,-0.05151575667904377
2015-03-13,equal_weight,-0.04976973079678737
2015-03-16,equal_weight,-0.040878180794985265
2015-03-17,equal_weight,-0.049476190328968064
2015-03-18,equal_weight,-0.05782333398974336
2015-03-19,equal_weight,-0.06233710023700016
2015-03-20,equal_weight,-0.06060204268651867
2015-03-23,equal_weight,-0.051844048947130565
2015-03-24,equal_weight,-0.041929650132830065
2015-03-25,equal_weight,-0.03563961879099517
2015-03-26,equal_weight,-0.030208023127292066
2015-03-27,equal_weight,-0.04138810542491527
2015-03-30,equal_weight,-0.01456738738375277
2015-03-31,equal_weight,-0.016168877232436867
2015-04-01,equal_weight,-0.013632132571580868
2015-04-02,equal_weight,0.00469982234389643
2015-04-03,equal_weight,-0.00766277905325507
2015-04-06,equal_weight,-0.010236060994873172
2015-04-07,equal_weight,-0.005019984895845671
2015-04-08,equal_weight,-0.01221386328936877
2015-04-09,equal_weight,-0.014496461994218869
2015-04-10,equal_weight,-0.020932324682076273
2015-04-13,equal_weight,-0.021163630672045474
2015-04-14,equal_weight,-0.01514875205663697
2015-04-15,equal_weight,0.00025240686195292933
2015-04-16,equal_weight,-0.02129145431760407
2015-04-17,equal_weight,-0.030911012938862975
2015-04-20,equal_weight,-0.025733934469718472
2015-04-21,equal_weight,-0.03482027926737267
2015-04-22,equal_weight,-0.02076085165461187
2015-04-23,equal_weight,-0.006935472251982469
2015-04-24,equal_weight,0.00430163576008003
2015-04-27,equal_weight,-0.00037361474024967013
2015-04-28,equal_weight,0.004662586588960429
2015-04-29,equal_weight,-0.0009505813007201712
2015-04-30,equal_weight,-0.00046616469802177084
2015-05-01,equal_weight,0.012666106596723528
2015-05-04,equal_weight,0.037445952226531624
2015-05-05,equal_weight,0.01959144284327253
2015-05-06,equal_weight,0.024334718581893726
2015-05-07,equal_weight,0.03204229484860213
2015-05-08,equal_weight,0.04485356066488792
2015-05-11,equal_weight,0.04070927925815312
2015-05-12,equal_weight,0.02799809399142772
2015-05-13,equal_weight,0.027441026521400118
2015-05-14,equal_weight,0.031331233837276116
2015-05-15,equal_weight,0.02665864938715452
2015-05-18,equal_weight,0.034842250239359315
2015-05-19,equal_weight,0.04118894803519612
2015-05-20,equal_weight,0.034318363138367614
2015-05-21,equal_weight,0.03489374456703602
2015-05-22,equal_weight,0.03569753712620462
2015-05-25,equal_weight,0.017328069361697118
2015-05-26,equal_weight,-0.012926475133221482
2015-05-27,equal_weight,-0.006800891928873681
2015-05-28,equal_weight,-0.004946601870591582
2015-05-29,equal_weight,-0.004505361979580182
2015-06-01,equal_weight,-0.0032076613763885823
2015-06-02,equal_weight,-0.0026482236790809862
2015-06-03,equal_weight,0.027520787427299312
2015-06-04,equal_weight,0.019594167344275115
2015-06-05,equal_weight,0.014681705541444611
2015-06-08,equal_weight,-0.003152259391336388
2015-06-09,equal_weight,0.009330710998064512
2015-06-10,equal_weight,0.03158122716940171
2015-06-11,equal_weight,0.04386672623288901
2015-06-12,equal_weight,0.03960006589519412
2015-06-15,equal_weight,0.03560528004822201
2015-06-16,equal_weight,0.03744202423515131
2015-06-17,equal_weight,0.032776788127326914
2015-06-18,equal_weight,0.02857507459079551
2015-06-19,equal_weight,0.028053356817786913
2015-06-22,equal_weight,0.04562382903391441
2015-06-23,equal_weight,0.05944098741278671
2015-06-24,equal_weight,0.05795628715144411
2015-06-25,equal_weight,0.0774295058594178
2015-06-26,equal_weight,0.07692920483696411
2015-06-29,equal_weight,0.04306995957733371
2015-06-30,equal_weight,0.050799819181704606
2015-07-01,equal_weight,0.05524910144377511
2015-07-02,equal_weight,0.04325968524278881
2015-07-03,equal_weight,0.03209727170854191
2015-07-06,equal_weight,0.02242262479102171
2015-07-07,equal_weight,0.00494212274281311
2015-07-08,equal_weight,0.0023496069982137085
2015-07-09,equal_weight,0.014297097307501208
2015-07-10,equal_weight,0.03246775380287721
2015-07-13,equal_weight,0.04234512824430551
2015-07-14,equal_weight,0.039696330464608506
2015-07-15,equal_weight,0.05164932993301441
2015-07-16,equal_weight,0.061043227741588206
2015-07-17,equal_weight,0.05604363498460241
2015-07-20,equal_weight,0.0791735027389599
2015-07-21,equal_weight,0.0878254006609616
2015-07-22,equal_weight,0.0878119561800547
2015-07-23,equal_weight,0.0951669204961047
2015-07-24,equal_weight,0.09506311163129401
2015-07-27,equal_weight,0.0856578910086315
2015-07-28,equal_weight,0.09595003291402801
2015-07-29,equal_weight,0.0938743483086114
2015-07-30,equal_weight,0.0942803690698014
2015-07-31,equal_weight,0.0841860268535224
2015-08-03,equal_weight,0.0865349264853091
2015-08-04,equal_weight,0.0848740611222691
2015-08-05,equal_weight,0.0811026536330927
2015-08-06,equal_weight,0.07532447323111
2015-08-07,equal_weight,0.0724482056078952
2015-08-10,equal_weight,0.071083596302871
2015-08-11,equal_weight,0.0617876085458013
2015-08-12,equal_weight,0.029173046048061303
2015-08-13,equal_weight,0.028055213846909604
2015-08-14,equal_weight,0.026700427627019206
2015-08-17,equal_weight,0.036132009084702404
2015-08-18,equal_weight,0.03274721271135711
2015-08-19,equal_weight,0.022270790512254203
2015-08-20,equal_weight,-0.0012848642209620925
2015-08-21,equal_weight,-0.04133148404456939
2015-08-24,equal_weight,-0.10780545749652659
2015-08-25,equal_weight,-0.0635415591381259
2015-08-26,equal_weight,-0.0563221558011733
2015-08-27,equal_weight,-0.024412697742128293
2015-08-28,equal_weight,-0.03714556192323809
2015-08-31,equal_weight,-0.042869659221892495
2015-09-01,equal_weight,-0.0832400044692475
2015-09-02,equal_weight,-0.07180016753788009
2015-09-03,equal_weight,-0.059261239147674394
2015-09-04,equal_weight,-0.0996809332152105
2015-09-07,equal_weight,-0.1061993392429228
2015-09-08,equal_weight,-0.0925271348177869
2015-09-09,equal_weight,-0.06800259744157329
2015-09-10,equal_weight,-0.06846507746210839
2015-09-11,equal_weight,-0.07595661785981199
2015-09-14,equal_weight,-0.06743390663065879
2015-09-15,equal_weight,-0.06186557120216189
2015-09-16,equal_weight,-0.044451153729249994
2015-09-17,equal_weight,-0.051285155587016094
2015-09-18,equal_weight,-0.0683954198382616
2015-09-21,equal_weight,-0.0432084727225828
2015-09-22,equal_weight,-0.0856908066199486
2015-09-23,equal_weight,-0.090236544803227
2015-09-24,equal_weight,-0.0918261865675549
2015-09-25,equal_weight,-0.0682846819806409
2015-09-28,equal_weight,-0.08227539485867849
2015-09-29,equal_weight,-0.0722104427396357
2015-09-30,equal_weight,-0.05105559312369329
2015-10-01,equal_weight,-0.0499668392302552
2015-10-02,equal_weight,-0.006083045887834607
2015-10-05,equal_weight,0.027425852229459792
2015-10-06,equal_weight,0.005526874275384994
2015-10-07,equal_weight,0.011885424845803193
2015-10-08,equal_weight,-0.013706573763901306
2015-10-09,equal_weight,-0.004133008579023007
2015-10-12,equal_weight,-0.014248604889029208
2015-10-13,equal_weight,-0.030511618118232907
2015-10-14,equal_weight,-0.03388549650460511
2015-10-15,equal_weight,-0.02141728185623311
2015-10-16,equal_weight,-0.008123351772854908
2015-10-19,equal_weight,-0.00781811470033441
2015-10-20,equal_weight,-0.034314342921739106
2015-10-21,equal_weight,-0.02768441798649341
2015-10-22,equal_weight,-0.007056511240396012
2015-10-23,equal_weight,-0.01655764233296351
2015-10-26,equal_weight,-0.017569145503708708
2015-10-27,equal_weight,-0.00968278084603691
2015-10-28,equal_weight,-0.002912389108247107
2015-10-29,equal_weight,-0.02109254952152691
2015-10-30,equal_weight,-0.01355669169281961
2015-11-02,equal_weight,-0.0008739162597721124
2015-11-03,equal_weight,-0.010682528644387512
2015-11-04,equal_weight,-0.014324318744312912
2015-11-05,equal_weight,-0.02395216680854711
2015-11-06,equal_weight,-0.006576217237441912
2015-11-09,equal_weight,-0.010751728796877413
2015-11-10,equal_weight,-0.027311840822822214
2015-11-11,equal_weight,-0.02849995271669721
2015-11-12,equal_weight,-0.058183670788716016
2015-11-13,equal_weight,-0.06326753098724441
2015-11-16,equal_weight,-0.07504490325916072
2015-11-17,equal_weight,-0.06797764641857451
2015-11-18,equal_weight,-0.04677012127357782
2015-11-19,equal_weight,-0.053316418851064515
2015-11-20,equal_weight,-0.06044116885475002
2015-11-23,equal_weight,-0.05652941843152101
2015-11-24,equal_weight,-0.08980838501007811
2015-11-25,equal_weight,-0.07908725288533211
2015-11-26,equal_weight,-0.05600635904863421
2015-11-27,equal_weight,-0.04972447399526801
2015-11-30,equal_weight,-0.05651243335047621
2015-12-01,equal_weight,-0.019947212458549714
2015-12-02,equal_weight,-0.0060383849253979145
2015-12-03,equal_weight,-0.03127393018156691
2015-12-04,equal_weight,-0.01725378132157071
2015-12-07,equal_weight,-0.04387796342205941
2015-12-08,equal_weight,-0.06765228190961126
2015-12-09,equal_weight,-0.07375815142177955
2015-12-10,equal_weight,-0.07672228056508895
2015-12-11,equal_weight,-0.10118743589198315
2015-12-14,equal_weight,-0.11364519050512024
2015-12-15,equal_weight,-0.08736851588396034
2015-12-16,equal_weight,-0.07524963480844825
2015-12-17,equal_weight,-0.06188694724815365
2015-12-18,equal_weight,-0.079308766314929
2015-12-21,equal_weight,-0.079366300492751
2015-12-22,equal_weight,-0.0757273673307856
2015-12-23,equal_weight,-0.0161954951085036
2015-12-24,equal_weight,0.0026172275405064
2015-12-25,equal_weight,0.0069687387695123
2015-12-28,equal_weight,-0.0171446085367907
2015-12-29,equal_weight,0.0218313448541559
2015-12-30,equal_weight,0.0059413126577368015
2015-12-31,equal_weight,-0.005455120658554201
2016-01-01,equal_weight,0.013542515987445599
2016-01-04,equal_weight,-0.0115485467644523
2016-01-05,equal_weight,-0.0157926266111284
2016-01-06,equal_weight,-0.043851646443594905
2016-01-07,equal_weight,-0.0782301545585788
2016-01-08,equal_weight,-0.0957120960717819
2016-01-11,equal_weight,-0.1210441489175363
2016-01-12,equal_weight,-0.1041794845253886
2016-01-13,equal_weight,-0.1107572874657229
2016-01-14,equal_weight,-0.11280019962509519
2016-01-15,equal_weight,-0.1314937903100272
2016-01-18,equal_weight,-0.1466082272077488
2016-01-19,equal_weight,-0.1338794079057462
2016-01-20,equal_weight,-0.1806163900151994
2016-01-21,equal_weight,-0.1999987531200625
2016-01-22,equal_weight,-0.18098861962247081
2016-01-25,equal_weight,-0.21113615059548269
2016-01-26,equal_weight,-0.21202922572235988
2016-01-27,equal_weight,-0.19253244650522452
2016-01-28,equal_weight,-0.21490066172372901
2016-01-29,equal_weight,-0.1870303208442217
2016-02-01,equal_weight,-0.22773221881083422
2016-02-02,equal_weight,-0.2865719287584888
2016-02-03,equal_weight,-0.31499151392982044
2016-02-04,equal_weight,-0.27658621619673485
2016-02-05,equal_weight,-0.2882953120881731
2016-02-08,equal_weight,-0.3418580408405182
2016-02-09,equal_weight,-0.37783935784378464
2016-02-10,equal_weight,-0.3423066362514383
2016-02-11,equal_weight,-0.40133881915898306
2016-02-12,equal_weight,-0.3371878985943389
2016-02-15,equal_weight,-0.3246534322736873
2016-02-16,equal_weight,-0.3139131762173786
2016-02-17,equal_weight,-0.2969148792213701
2016-02-18,equal_weight,-0.30740732510345253
2016-02-19,equal_weight,-0.3236884279504124
2016-02-22,equal_weight,-0.30213536467111407
2016-02-23,equal_weight,-0.33189429948950744
2016-02-24,equal_weight,-0.3387766619129863
2016-02-25,equal_weight,-0.29403188781257994
2016-02-26,equal_weight,-0.2773638186502053
2016-02-29,equal_weight,-0.28705903715756975
2016-03-01,equal_weight,-0.26846272832908114
2016-03-02,equal_weight,-0.2453654823745768
2016-03-03,equal_weight,-0.2302565587058995
2016-03-04,equal_weight,-0.22021212268344462
2016-03-07,equal_weight,-0.23712628033555352
2016-03-08,equal_weight,-0.256740158537031
2016-03-09,equal_weight,-0.27131928422525103
2016-03-10,equal_weight,-0.2850911792978098
2016-03-11,equal_weight,-0.22079077792745472
2016-03-14,equal_weight,-0.217806513187164
2016-03-15,equal_weight,-0.22692270308306892
2016-03-16,equal_weight,-0.2582227051942219
2016-03-17,equal_weight,-0.24353153066215552
2016-03-18,equal_weight,-0.2247561366134422
2016-03-21,equal_weight,-0.2374533542568675
2016-03-22,equal_weight,-0.24851501975236573
2016-03-23,equal_weight,-0.2713493816422877
2016-03-24,equal_weight,-0.3001780374666449
2016-03-25,equal_weight,-0.29180086896539337
2016-03-28,equal_weight,-0.29708532180181624
2016-03-29,equal_weight,-0.2927722435913184
2016-03-30,equal_weight,-0.28633491731243993
2016-03-31,equal_weight,-0.2843463760414545
2016-04-01,equal_weight,-0.30131888967054765
2016-04-04,equal_weight,-0.3012724912248965
2016-04-05,equal_weight,-0.3166562227743846
2016-04-06,equal_weight,-0.32511869916377095
2016-04-07,equal_weight,-0.3426558077078449
2016-04-08,equal_weight,-0.33390034364192234
2016-04-11,equal_weight,-0.32549170047943354
2016-04-12,equal_weight,-0.3215166336383809
2016-04-13,equal_weight,-0.2756438387229996
2016-04-14,equal_weight,-0.26517254106127214
2016-04-15,equal_weight,-0.2686750965170292
2016-04-18,equal_weight,-0.2641570803046391
2016-04-19,equal_weight,-0.25546919878910834
2016-04-20,equal_weight,-0.2339385930005307
2016-04-21,equal_weight,-0.21448965637252282
2016-04-22,equal_weight,-0.2095370166079391
2016-04-25,equal_weight,-0.238230370060524
2016-04-26,equal_weight,-0.2383359040538864
2016-04-27,equal_weight,-0.2366861710038903
2016-04-28,equal_weight,-0.2364042325815092
2016-04-29,equal_weight,-0.26261620915056844
2016-05-02,equal_weight,-0.2744323234390093
2016-05-03,equal_weight,-0.3020433300846679
2016-05-04,equal_weight,-0.3232085522537943
2016-05-05,equal_weight,-0.3385968814442749
2016-05-06,equal_weight,-0.33562269213401974
2016-05-09,equal_weight,-0.3421253165080128
2016-05-10,equal_weight,-0.3279579805935665
2016-05-11,equal_weight,-0.3261869104287432
2016-05-12,equal_weight,-0.318806040415438
2016-05-13,equal_weight,-0.3294792405901531
2016-05-16,equal_weight,-0.3316600856665376
2016-05-17,equal_weight,-0.3205827847586155
2016-05-18,equal_weight,-0.2926116840144889
2016-05-19,equal_weight,-0.2993773984178111
2016-05-20,equal_weight,-0.3095285574554737
2016-05-23,equal_weight,-0.31084765327516967
2016-05-24,equal_weight,-0.2808979268417844
2016-05-25,equal_weight,-0.2430268394387452
2016-05-26,equal_weight,-0.2539869437313668
2016-05-27,equal_weight,-0.2681392656170215
2016-05-30,equal_weight,-0.2750052010581516
2016-05-31,equal_weight,-0.2749815247194392
2016-06-01,equal_weight,-0.2738892063995873
2016-06-02,equal_weight,-0.275817688399568
2016-06-03,equal_weight,-0.2901244454515617
2016-06-06,equal_weight,-0.2898839122899308
2016-06-07,equal_weight,-0.2886284825093934
2016-06-08,equal_weight,-0.3212930215075273
2016-06-09,equal_weight,-0.33914187301417154
2016-06-10,equal_weight,-0.3618050094414469
2016-06-13,equal_weight,-0.3928934116910971
2016-06-14,equal_weight,-0.416281353663753
2016-06-15,equal_weight,-0.3655643246922288
2016-06-16,equal_weight,-0.3763672182907371
2016-06-17,equal_weight,-0.3602171003792497
2016-06-20,equal_weight,-0.3117599206287862
2016-06-21,equal_weight,-0.2982062285289348
2016-06-22,equal_weight,-0.2705986605494671
2016-06-23,equal_weight,-0.2216331993005462
2016-06-24,equal_weight,-0.3480601268847497
2016-06-27,equal_weight,-0.45111848699721857
2016-06-28,equal_weight,-0.45567327445403477
2016-06-29,equal_weight,-0.45032507017123224
2016-06-30,equal_weight,-0.44132344188294326
2016-07-01,equal_weight,-0.453867480644132
2016-07-04,equal_weight,-0.47459662764324023
2016-07-05,equal_weight,-0.49464702364872215
2016-07-06,equal_weight,-0.5187310198541395
2016-07-07,equal_weight,-0.5043128818948659
2016-07-08,equal_weight,-0.47645932765824656
2016-07-11,equal_weight,-0.4603705799999744
2016-07-12,equal_weight,-0.4159147815077725
2016-07-13,equal_weight,-0.4029770134916396
2016-07-14,equal_weight,-0.3949545013159006
2016-07-15,equal_weight,-0.39301458074770457
2016-07-18,equal_weight,-0.3931677091246746
2016-07-19,equal_weight,-0.3937352252903304
2016-07-20,equal_weight,-0.39137641365085857
2016-07-21,equal_weight,-0.3802258158378629
2016-07-22,equal_weight,-0.38836933781108857
2016-07-25,equal_weight,-0.3956199498838565
2016-07-26,equal_weight,-0.3933304108776871
2016-07-27,equal_weight,-0.39560804594666554
2016-07-28,equal_weight,-0.39971263989040573
2016-07-29,equal_weight,-0.3579217391190728
2016-08-01,equal_weight,-0.3718641769375286
2016-08-02,equal_weight,-0.40310552300867736
2016-08-03,equal_weight,-0.3871034256630026
2016-08-04,equal_weight,-0.37892123881157735
2016-08-05,equal_weight,-0.34614526000415297
2016-08-08,equal_weight,-0.31264489118733385
2016-08-09,equal_weight,-0.2717869801656109
2016-08-10,equal_weight,-0.22056276477050102
2016-08-11,equal_weight,-0.24543649865880768
2016-08-12,equal_weight,-0.2577142826395282
2016-08-15,equal_weight,-0.2741551910709249
2016-08-16,equal_weight,-0.2740304675180788
2016-08-17,equal_weight,-0.268963147414022
2016-08-18,equal_weight,-0.23098188782009071
2016-08-19,equal_weight,-0.2452460012017377
2016-08-22,equal_weight,-0.2567631630867873
2016-08-23,equal_weight,-0.204807926511904
2016-08-24,equal_weight,-0.192060941995478
2016-08-25,equal_weight,-0.2189923955472419
2016-08-26,equal_weight,-0.2257653919229739
2016-08-29,equal_weight,-0.22027073099857458
2016-08-30,equal_weight,-0.2027744771774281
2016-08-31,equal_weight,-0.1848421926677406
2016-09-01,equal_weight,-0.19424224815768001
2016-09-02,equal_weight,-0.1815808761071365
2016-09-05,equal_weight,-0.1870549530629769
2016-09-06,equal_weight,-0.1752927012617142
2016-09-07,equal_weight,-0.16994908225022712
2016-09-08,equal_weight,-0.1350856481169245
2016-09-09,equal_weight,-0.129170208245894
2016-09-12,equal_weight,-0.1332083435080938
2016-09-13,equal_weight,-0.1742753936125929
2016-09-14,equal_weight,-0.15582610606423622
2016-09-15,equal_weight,-0.1511526341152307
2016-09-16,equal_weight,-0.19068967923069322
2016-09-19,equal_weight,-0.19028985851004532
2016-09-20,equal_weight,-0.19732486458534637
2016-09-21,equal_weight,-0.2100142565236173
2016-09-22,equal_weight,-0.1998305325439853
2016-09-23,equal_weight,-0.2196440447412818
2016-09-26,equal_weight,-0.24421895211168787
2016-09-27,equal_weight,-0.2550402024051721
2016-09-28,equal_weight,-0.24616564955081105
2016-09-29,equal_weight,-0.24011279412626757
2016-09-30,equal_weight,-0.2201565386585265
2016-10-03,equal_weight,-0.2462976802346401
2016-10-04,equal_weight,-0.245776981620104
2016-10-05,equal_weight,-0.2256726643137371
2016-10-06,equal_weight,-0.2193845208181474
2016-10-07,equal_weight,-0.2251938867805465
2016-10-10,equal_weight,-0.2319707455377352
2016-10-11,equal_weight,-0.24404056019241932
2016-10-12,equal_weight,-0.2452423137414053
2016-10-13,equal_weight,-0.2626205011444905
2016-10-14,equal_weight,-0.260146928997523
2016-10-17,equal_weight,-0.2427344419749166
2016-10-18,equal_weight,-0.2165677307693075
2016-10-19,equal_weight,-0.2168603993157136
2016-10-20,equal_weight,-0.19636043556163688
2016-10-21,equal_weight,-0.1943884009977989
2016-10-24,equal_weight,-0.1794043160859977
2016-10-25,equal_weight,-0.2023364625305921
2016-10-26,equal_weight,-0.1823560899106836
2016-10-27,equal_weight,-0.1694928737539307
2016-10-28,equal_weight,-0.1715588202037085
2016-10-31,equal_weight,-0.15385797985019312
2016-11-01,equal_weight,-0.1623028531095403
2016-11-02,equal_weight,-0.1755663797042247
2016-11-03,equal_weight,-0.1715332304901081
2016-11-04,equal_weight,-0.18220006393516439
2016-11-07,equal_weight,-0.1597655219800148
2016-11-08,equal_weight,-0.1534704132938187
2016-11-09,equal_weight,-0.1260926967970838
2016-11-10,equal_weight,-0.0854799147010968
2016-11-11,equal_weight,-0.08766194753603929
2016-11-14,equal_weight,-0.069687292827189
2016-11-15,equal_weight,-0.0684617154818688
2016-11-16,equal_weight,-0.0792706146258627
2016-11-17,equal_weight,-0.08671978760591921
2016-11-18,equal_weight,-0.0895751984481249
2016-11-21,equal_weight,-0.0714959312078866
2016-11-22,equal_weight,-0.07899547188826239
2016-11-23,equal_weight,-0.0725959244707988
2016-11-24,equal_weight,-0.0554814986117064
2016-11-25,equal_weight,-0.0548390314409538
2016-11-28,equal_weight,-0.0745365942832214
2016-11-29,equal_weight,-0.0400398717114137
2016-11-30,equal_weight,-0.013045220520958703
2016-12-01,equal_weight,-0.026674773334369704
2016-12-02,equal_weight,-0.041282720123494404
2016-12-05,equal_weight,-0.0386881826855232
2016-12-06,equal_weight,0.0232589254085184
2016-12-07,equal_weight,0.0507118164461824
2016-12-08,equal_weight,0.06448360341838699
2016-12-09,equal_weight,0.0332913329402123
2016-12-12,equal_weight,0.018917192165111896
2016-12-13,equal_weight,0.034260926895307
2016-12-14,equal_weight,0.030079553871815896
2016-12-15,equal_weight,0.034497134303765095
2016-12-16,equal_weight,0.0380330249691979
2016-12-19,equal_weight,0.032321463515142604
2016-12-20,equal_weight,0.0462688846992598
2016-12-21,equal_weight,0.0699250049251493
2016-12-22,equal_weight,0.0658784100898113
2016-12-23,equal_weight,0.0881539967024051
2016-12-26,equal_weight,0.1141174531080449
2016-12-27,equal_weight,0.12500338863126942
2016-12-28,equal_weight,0.1174444302218889
2016-12-29,equal_weight,0.1022332016072213
2016-12-30,equal_weight,0.1250586114782802
2017-01-02,equal_weight,0.1367709340245693
2017-01-03,equal_weight,0.18559809738528021
2017-01-04,equal_weight,0.2067297559436204
2017-01-05,equal_weight,0.20496870409374568
2017-01-06,equal_weight,0.2552433983753899
2017-01-09,equal_weight,0.2304537087299912
2017-01-10,equal_weight,0.20572038706465862
2017-01-11,equal_weight,0.2395688485914332
2017-01-12,equal_weight,0.2137497589078568
2017-01-13,equal_weight,0.2265319689461017
2017-01-16,equal_weight,0.2313407441314326
2017-01-17,equal_weight,0.19576685184233902
2017-01-18,equal_weight,0.2308110730481408
2017-01-19,equal_weight,0.2653339890478444
2017-01-20,equal_weight,0.2962278674273302
2017-01-23,equal_weight,0.2499910938299721
2017-01-24,equal_weight,0.2640394344368343
2017-01-25,equal_weight,0.3398136334018888
2017-01-26,equal_weight,0.3801181559233398
2017-01-27,equal_weight,0.3374562152000601
2017-01-30,equal_weight,0.3731489447652615
2017-01-31,equal_weight,0.3016826990489544
2017-02-01,equal_weight,0.295831165712006
2017-02-02,equal_weight,0.286087477083711
2017-02-03,equal_weight,0.28394150978118
2017-02-06,equal_weight,0.2959971458682886
2017-02-07,equal_weight,0.2999911757434618
2017-02-08,equal_weight,0.2662374401629626
2017-02-09,equal_weight,0.3094243912468797
2017-02-10,equal_weight,0.319820600405271
2017-02-13,equal_weight,0.3009011976778745
2017-02-14,equal_weight,0.2908009857567656
2017-02-15,equal_weight,0.31198294246463837
2017-02-16,equal_weight,0.28624009116768484
2017-02-17,equal_weight,0.25509363046612726
2017-02-20,equal_weight,0.241450094466949
2017-02-21,equal_weight,0.2263790440801297
2017-02-22,equal_weight,0.229334935636959
2017-02-23,equal_weight,0.2366186647697766
2017-02-24,equal_weight,0.22909772072534432
2017-02-27,equal_weight,0.23396310451915936
2017-02-28,equal_weight,0.18789929116111234
2017-03-01,equal_weight,0.21591665559389575
2017-03-02,equal_weight,0.22234153325640116
2017-03-03,equal_weight,0.24981371684669257
2017-03-06,equal_weight,0.24263145523002266
2017-03-07,equal_weight,0.21541614232482614
2017-03-08,equal_weight,0.22408784670767676
2017-03-09,equal_weight,0.24002427395189393
2017-03-10,equal_weight,0.26698435250712804
2017-03-13,equal_weight,0.29357111230201627
2017-03-14,equal_weight,0.28349279683438844
2017-03-15,equal_weight,0.28530703085826087
2017-03-16,equal_weight,0.3019906192005176
2017-03-17,equal_weight,0.28965017330827997
2017-03-20,equal_weight,0.28523751922809415
2017-03-21,equal_weight,0.28270384220245387
2017-03-22,equal_weight,0.2830381298334973
2017-03-23,equal_weight,0.31660380782998265
2017-03-24,equal_weight,0.31098061507939984
2017-03-27,equal_weight,0.3313941253563588
2017-03-28,equal_weight,0.33106755422514206
2017-03-29,equal_weight,0.3140285029839806
2017-03-30,equal_weight,0.30386430271907894
2017-03-31,equal_weight,0.24237525787246333
2017-04-03,equal_weight,0.22594550592556226
2017-04-04,equal_weight,0.22682909778580462
2017-04-05,equal_weight,0.21897935525885293
2017-04-06,equal_weight,0.20571551653091405
2017-04-07,equal_weight,0.17709976727431184
2017-04-10,equal_weight,0.16663231553440525
2017-04-11,equal_weight,0.15362592822225743
2017-04-12,equal_weight,0.16494309234446544
2017-04-13,equal_weight,0.13568857167625642
2017-04-14,equal_weight,0.13141965927009872
2017-04-17,equal_weight,0.14373215050558544
2017-04-18,equal_weight,0.15150704468990434
2017-04-19,equal_weight,0.17503677192809575
2017-04-20,equal_weight,0.21375227627351046
2017-04-21,equal_weight,0.23185059527509863
2017-04-24,equal_weight,0.29601435468230813
2017-04-25,equal_weight,0.30620179008157244
2017-04-26,equal_weight,0.32179436384710836
2017-04-27,equal_weight,0.29457339375267805
2017-04-28,equal_weight,0.2977995576579237
2017-05-01,equal_weight,0.30415352661955386
2017-05-02,equal_weight,0.30606907130853783
2017-05-03,equal_weight,0.31873232074481966
2017-05-04,equal_weight,0.32394684325959516
2017-05-05,equal_weight,0.30618522979633894
2017-05-08,equal_weight,0.30905147749745304
2017-05-09,equal_weight,0.29043515387423824
2017-05-10,equal_weight,0.29684475298308166
2017-05-11,equal_weight,0.26845812110796863
2017-05-12,equal_weight,0.23928685261562466
2017-05-15,equal_weight,0.25359230594193066
2017-05-16,equal_weight,0.25180869502938313
2017-05-17,equal_weight,0.23100720230243424
2017-05-18,equal_weight,0.24022929421212225
2017-05-19,equal_weight,0.2636077004881241
2017-05-22,equal_weight,0.2677663467468434
2017-05-23,equal_weight,0.29826396654005116
2017-05-24,equal_weight,0.28736885180878463
2017-05-25,equal_weight,0.28246375627248466
2017-05-26,equal_weight,0.2815539373128739
2017-05-29,equal_weight,0.28868952133498665
2017-05-30,equal_weight,0.31238497632375184
2017-05-31,equal_weight,0.334698650038636
2017-06-01,equal_weight,0.36543383861231493
2017-06-02,equal_weight,0.3602716028096744
2017-06-05,equal_weight,0.36635968217564363
2017-06-06,equal_weight,0.3297054718359149
2017-06-07,equal_weight,0.3007578844435026
2017-06-08,equal_weight,0.3016522875453702
2017-06-09,equal_weight,0.30500488849328994
2017-06-12,equal_weight,0.2642743545240163
2017-06-13,equal_weight,0.40241888180144786
2017-06-14,equal_weight,0.4784336161659983
2017-06-15,equal_weight,0.45774526703099905
2017-06-16,equal_weight,0.42742690005437717
2017-06-19,equal_weight,0.4321381001445314
2017-06-20,equal_weight,0.4212137136377189
2017-06-21,equal_weight,0.42712269639742634
2017-06-22,equal_weight,0.44546256992428507
2017-06-23,equal_weight,0.4619624685311483
2017-06-26,equal_weight,0.46227135693782345
2017-06-27,equal_weight,0.44051740937735323
2017-06-28,equal_weight,0.45032927572393733
2017-06-29,equal_weight,0.4244841929178995
2017-06-30,equal_weight,0.42419197248601415
2017-07-03,equal_weight,0.42491903708767276
2017-07-04,equal_weight,0.41579831994923694
2017-07-05,equal_weight,0.4164685339352942
2017-07-06,equal_weight,0.4237402108194053
2017-07-07,equal_weight,0.4215585748047682
2017-07-10,equal_weight,0.4147837767782643
2017-07-11,equal_weight,0.4105260728420199
2017-07-12,equal_weight,0.42036459234004875
2017-07-13,equal_weight,0.4314586637406036
2017-07-14,equal_weight,0.4166380026865485
2017-07-17,equal_weight,0.43422843171398795
2017-07-18,equal_weight,0.40380534310000565
2017-07-19,equal_weight,0.4153072089807963
2017-07-20,equal_weight,0.44817332168695334
2017-07-21,equal_weight,0.42408042751346536
2017-07-24,equal_weight,0.4249347224128832
2017-07-25,equal_weight,0.4229058260350345
2017-07-26,equal_weight,0.4099422536627126
2017-07-27,equal_weight,0.40174526202728483
2017-07-28,equal_weight,0.3917602998204149
2017-07-31,equal_weight,0.38773739387568024
2017-08-01,equal_weight,0.4061158343038728
2017-08-02,equal_weight,0.39726184308053814
2017-08-03,equal_weight,0.40673118574751965
2017-08-04,equal_weight,0.41772756895545515
2017-08-07,equal_weight,0.41177941820693525
2017-08-08,equal_weight,0.41807897708497804
2017-08-09,equal_weight,0.40358837059189784
2017-08-10,equal_weight,0.36783943276140907
2017-08-11,equal_weight,0.34244254505176486
2017-08-14,equal_weight,0.36384758838431464
2017-08-15,equal_weight,0.35987402734702784
2017-08-16,equal_weight,0.36095859368725364
2017-08-17,equal_weight,0.3282550308716006
2017-08-18,equal_weight,0.31257188122844415
2017-08-21,equal_weight,0.30264399484062204
2017-08-22,equal_weight,0.2947133618786912
2017-08-23,equal_weight,0.29570993741365825
2017-08-24,equal_weight,0.3121552447675875
2017-08-25,equal_weight,0.30337480048306126
2017-08-28,equal_weight,0.29874215211227806
2017-08-29,equal_weight,0.28897718741791517
2017-08-30,equal_weight,0.307828486957671
2017-08-31,equal_weight,0.32509880597153895
2017-09-01,equal_weight,0.34000335956282546
2017-09-04,equal_weight,0.33238167716429357
2017-09-05,equal_weight,0.33468974592653866
2017-09-06,equal_weight,0.3353914260187367
2017-09-07,equal_weight,0.3277574329673005
2017-09-08,equal_weight,0.31985309319685484
2017-09-11,equal_weight,0.3253929488340991
2017-09-12,equal_weight,0.3492920255763521
2017-09-13,equal_weight,0.38150298815569655
2017-09-14,equal_weight,0.38009479030510535
2017-09-15,equal_weight,0.37315684930499415
2017-09-18,equal_weight,0.3883585195739596
2017-09-19,equal_weight,0.38667249197115056
2017-09-20,equal_weight,0.3900475046826397
2017-09-21,equal_weight,0.3908568700869585
2017-09-22,equal_weight,0.3797485158750782
2017-09-25,equal_weight,0.36278950923360237
2017-09-26,equal_weight,0.36877730485371385
2017-09-27,equal_weight,0.377156343875922
2017-09-28,equal_weight,0.3859129437367118
2017-09-29,equal_weight,0.40110367769353006
2017-10-02,equal_weight,0.4258529630128286
2017-10-03,equal_weight,0.40845961199541536
2017-10-04,equal_weight,0.4032817788858444
2017-10-05,equal_weight,0.3930730240795186
2017-10-06,equal_weight,0.3778805560364751
2017-10-09,equal_weight,0.3597406509240054
2017-10-10,equal_weight,0.35770979008788883
2017-10-11,equal_weight,0.3532364361651898
2017-10-12,equal_weight,0.3500169558030115
2017-10-13,equal_weight,0.3388460125188831
2017-10-16,equal_weight,0.33019638517419214
2017-10-17,equal_weight,0.3316465227243828
2017-10-18,equal_weight,0.34096590665740856
2017-10-19,equal_weight,0.3507088485305049
2017-10-20,equal_weight,0.3814249000629523
2017-10-23,equal_weight,0.361766750456378
2017-10-24,equal_weight,0.38151397612397975
2017-10-25,equal_weight,0.34815396490381306
2017-10-26,equal_weight,0.3544575870544211
2017-10-27,equal_weight,0.32444578755742814
2017-10-30,equal_weight,0.28675384170116947
2017-10-31,equal_weight,0.28587298485175094
2017-11-01,equal_weight,0.26131018835328723
2017-11-02,equal_weight,0.2668460105039612
2017-11-03,equal_weight,0.2712043663654641
2017-11-06,equal_weight,0.26098462151091895
2017-11-07,equal_weight,0.26518253659313973
2017-11-08,equal_weight,0.26561312789245917
2017-11-09,equal_weight,0.24949781443574398
2017-11-10,equal_weight,0.2547475763780941
2017-11-13,equal_weight,0.2572931062555769
2017-11-14,equal_weight,0.25670288226264726
2017-11-15,equal_weight,0.27870192228796503
2017-11-16,equal_weight,0.27385310220019105
2017-11-17,equal_weight,0.2555794728371812
2017-11-20,equal_weight,0.24327319687535714
2017-11-21,equal_weight,0.24803160051795858
2017-11-22,equal_weight,0.24180557731212424
2017-11-23,equal_weight,0.20153370051111905
2017-11-24,equal_weight,0.18055105518927705
2017-11-27,equal_weight,0.15586795586590577
2017-11-28,equal_weight,0.17936632529836988
2017-11-29,equal_weight,0.21106303141309654
2017-11-30,equal_weight,0.19003275236531975
2017-12-01,equal_weight,0.19496699051166086
2017-12-04,equal_weight,0.19300082674152255
2017-12-05,equal_weight,0.19996634357700496
2017-12-06,equal_weight,0.20068618279174177
2017-12-07,equal_weight,0.19670830196126957
2017-12-08,equal_weight,0.21541136534881808
2017-12-11,equal_weight,0.21817277527324827
2017-12-12,equal_weight,0.22938285638543104
2017-12-13,equal_weight,0.22323619569274367
2017-12-14,equal_weight,0.21933157296305744
2017-12-15,equal_weight,0.22451818236488205
2017-12-18,equal_weight,0.24686004217433352
2017-12-19,equal_weight,0.23534473991973373
2017-12-20,equal_weight,0.23126774743166825
2017-12-21,equal_weight,0.22431078330586984
2017-12-22,equal_weight,0.21191888117452073
2017-12-25,equal_weight,0.21187124004659427
2017-12-26,equal_weight,0.19861866412334325
2017-12-27,equal_weight,0.21506185957785084
2017-12-28,equal_weight,0.21430231962900986
2017-12-29,equal_weight,0.21277492660618025
2018-01-01,equal_weight,0.22388834215757467
2018-01-02,equal_weight,0.20999216182247915
2018-01-03,equal_weight,0.22738396311978706
2018-01-04,equal_weight,0.25242476073592307
2018-01-05,equal_weight,0.24233270097328227
2018-01-08,equal_weight,0.24314893258678275
2018-01-09,equal_weight,0.23934684847596396
2018-01-10,equal_weight,0.26522261800281816
2018-01-11,equal_weight,0.2578633598693606
2018-01-12,equal_weight,0.24067824723735617
2018-01-15,equal_weight,0.24137430947948615
2018-01-16,equal_weight,0.25430430720040875
2018-01-17,equal_weight,0.2674541803208326
2018-01-18,equal_weight,0.27875116895407037
2018-01-19,equal_weight,0.27478437014961155
2018-01-22,equal_weight,0.2934105673907024
2018-01-23,equal_weight,0.27643445099087954
2018-01-24,equal_weight,0.28870109956680506
2018-01-25,equal_weight,0.30611001904950874
2018-01-26,equal_weight,0.3173633728628519
2018-01-29,equal_weight,0.3056927214679771
2018-01-30,equal_weight,0.2952283824286236
2018-01-31,equal_weight,0.28585300814656345
2018-02-01,equal_weight,0.2802162063253887
2018-02-02,equal_weight,0.2540054268999873
2018-02-05,equal_weight,0.22903661520622395
2018-02-06,equal_weight,0.21655381514207364
2018-02-07,equal_weight,0.22832262903217976
2018-02-08,equal_weight,0.20882408122983026
2018-02-09,equal_weight,0.20556340095219647
2018-02-12,equal_weight,0.21985579729108998
2018-02-13,equal_weight,0.23052421199501394
2018-02-14,equal_weight,0.2477516226574754
2018-02-15,equal_weight,0.2557605338133615
2018-02-16,equal_weight,0.23384737569190225
2018-02-19,equal_weight,0.2391060891444191
2018-02-20,equal_weight,0.22523954053110082
2018-02-21,equal_weight,0.23282385770139205
2018-02-22,equal_weight,0.23071714334491744
2018-02-23,equal_weight,0.23051691097162805
2018-02-26,equal_weight,0.2250941188524646
2018-02-27,equal_weight,0.21836329886359312
2018-02-28,equal_weight,0.20236134607383505
2018-03-01,equal_weight,0.19429623806695823
2018-03-02,equal_weight,0.18061727271651815
2018-03-05,equal_weight,0.17122299774303354
2018-03-06,equal_weight,0.18074516832967014
2018-03-07,equal_weight,0.19403618999910632
2018-03-08,equal_weight,0.20636822201481392
2018-03-09,equal_weight,0.21118281257350444
2018-03-12,equal_weight,0.21071219428232243
2018-03-13,equal_weight,0.20354575758040364
2018-03-14,equal_weight,0.19792121044386243
2018-03-15,equal_weight,0.18281549144754802
2018-03-16,equal_weight,0.19341617357625823
2018-03-19,equal_weight,0.18092774020532873
2018-03-20,equal_weight,0.19290236143868422
2018-03-21,equal_weight,0.19335948606175613
2018-03-22,equal_weight,0.17657096113274323
2018-03-23,equal_weight,0.15571057677778202
2018-03-26,equal_weight,0.16529406686260645
2018-03-27,equal_weight,0.1712989590048213
2018-03-28,equal_weight,0.17651012528777663
2018-03-29,equal_weight,0.18184609516624803
2018-03-30,equal_weight,0.18810415266990682
2018-04-02,equal_weight,0.19133740165127372
2018-04-03,equal_weight,0.19348973309373133
2018-04-04,equal_weight,0.18642358012851354
2018-04-05,equal_weight,0.21956385969332032
2018-04-06,equal_weight,0.18068042378299012
2018-04-09,equal_weight,0.17879719575814662
2018-04-10,equal_weight,0.18802293234600212
2018-04-11,equal_weight,0.12787300597688653
2018-04-12,equal_weight,0.13199873892446554
2018-04-13,equal_weight,0.12069734843700132
2018-04-16,equal_weight,0.12917310263228612
2018-04-17,equal_weight,0.13848839199483334
2018-04-18,equal_weight,0.13460052913198112
2018-04-19,equal_weight,0.14083686494703174
2018-04-20,equal_weight,0.13260418087032322
2018-04-23,equal_weight,0.1270328991577976
2018-04-24,equal_weight,0.11544994003129053
2018-04-25,equal_weight,0.11415643691574662
2018-04-26,equal_weight,0.11617819465273253
2018-04-27,equal_weight,0.10841624154327352
2018-04-30,equal_weight,0.10943599443633044
2018-05-01,equal_weight,0.11057210221710063
2018-05-02,equal_weight,0.09282311174534102
2018-05-03,equal_weight,0.07911801236328463
2018-05-04,equal_weight,0.10800158522593503
2018-05-07,equal_weight,0.10912960940899093
2018-05-08,equal_weight,0.10049789098619093
2018-05-09,equal_weight,0.10568790104491192
2018-05-10,equal_weight,0.10294687961501083
2018-05-11,equal_weight,0.10958885577245243
2018-05-14,equal_weight,0.10855993091681403
2018-05-15,equal_weight,0.11652155646343612
2018-05-16,equal_weight,0.10503792414746972
2018-05-17,equal_weight,0.11625708901613992
2018-05-18,equal_weight,0.11000064548967464
2018-05-21,equal_weight,0.10098782565903754
2018-05-22,equal_weight,0.11215923580036463
2018-05-23,equal_weight,0.10109934315317433
2018-05-24,equal_weight,0.08817534844219313
2018-05-25,equal_weight,0.07264046916332853
2018-05-28,equal_weight,0.05105413151598023
2018-05-29,equal_weight,0.008195053934308333
2018-05-30,equal_weight,0.018964448844240332
2018-05-31,equal_weight,0.00913868280835563
2018-06-01,equal_weight,0.03635311720402883
2018-06-04,equal_weight,0.04638604648693783
2018-06-05,equal_weight,0.03240297364563503
2018-06-06,equal_weight,0.03581677569928273
2018-06-07,equal_weight,0.05271997241438423
2018-06-08,equal_weight,0.05054907051389563
2018-06-11,equal_weight,0.06678424822968133
2018-06-12,equal_weight,0.06775895542614482
2018-06-13,equal_weight,0.05269350587071843
2018-06-14,equal_weight,0.04319763183896913
2018-06-15,equal_weight,-0.003268836363756168
2018-06-18,equal_weight,-0.016480390094470866
2018-06-19,equal_weight,-0.012714495197495667
2018-06-20,equal_weight,-0.034737654801340466
2018-06-21,equal_weight,-0.043393062308966564
2018-06-22,equal_weight,-0.038075581232595565
2018-06-25,equal_weight,-0.058077698070565065
2018-06-26,equal_weight,-0.059696690249586064
2018-06-27,equal_weight,-0.06594536862627746
2018-06-28,equal_weight,-0.05965980588240286
2018-06-29,equal_weight,-0.05826762769246616
2018-07-02,equal_weight,-0.06358289970231026
2018-07-03,equal_weight,-0.05943933804722417
2018-07-04,equal_weight,-0.060217736062538475
2018-07-05,equal_weight,-0.041193376031555366
2018-07-06,equal_weight,-0.04177665749904837
2018-07-09,equal_weight,-0.026759059636266163
2018-07-10,equal_weight,-0.028021650010434065
2018-07-11,equal_weight,-0.04715394483256896
2018-07-12,equal_weight,-0.06412014821240065
2018-07-13,equal_weight,-0.06853490690661397
2018-07-16,equal_weight,-0.055237031327734956
2018-07-17,equal_weight,-0.04532392917431266
2018-07-18,equal_weight,-0.04969930156738156
2018-07-19,equal_weight,-0.06848901713218007
2018-07-20,equal_weight,-0.061382865895027665
2018-07-23,equal_weight,-0.049565040094579564
2018-07-24,equal_weight,-0.048266601408104064
2018-07-25,equal_weight,-0.04823569531431646
2018-07-26,equal_weight,-0.03993652679518666
2018-07-27,equal_weight,-0.021538171807998663
2018-07-30,equal_weight,0.0015529299272235364
2018-07-31,equal_weight,0.015062289730855638
2018-08-01,equal_weight,-0.006785371520611863
2018-08-02,equal_weight,-0.022685999216427263
2018-08-03,equal_weight,-0.019254089817332162
2018-08-06,equal_weight,-0.006581849655380164
2018-08-07,equal_weight,-0.0007604330173615636
2018-08-08,equal_weight,0.009187472774077637
2018-08-09,equal_weight,-0.004985076587220463
2018-08-10,equal_weight,-0.024618597841945963
2018-08-13,equal_weight,-0.049867309477704964
2018-08-14,equal_weight,-0.04929475259038715
2018-08-15,equal_weight,-0.06631064818153966
2018-08-16,equal_weight,-0.048522974725897255
2018-08-17,equal_weight,-0.05249517680877135
2018-08-20,equal_weight,-0.048373554452527855
2018-08-21,equal_weight,-0.042342437117581753
2018-08-22,equal_weight,-0.031200525876950456
2018-08-23,equal_weight,-0.02003653149561266
2018-08-24,equal_weight,-0.024458126605528256
2018-08-27,equal_weight,0.000162376223036843
2018-08-28,equal_weight,-0.010993717119071857
2018-08-29,equal_weight,-0.028174204602293057
2018-08-30,equal_weight,-0.05227131026269956
2018-08-31,equal_weight,-0.06734358253879397
2018-09-03,equal_weight,-0.06448662616600666
2018-09-04,equal_weight,-0.05687582733876236
2018-09-05,equal_weight,-0.06578911225726086
2018-09-06,equal_weight,-0.07951424948705826
2018-09-07,equal_weight,-0.08810145265258695
2018-09-10,equal_weight,-0.09032696838537656
2018-09-11,equal_weight,-0.09533506719259936
2018-09-12,equal_weight,-0.09140051893360127
2018-09-13,equal_weight,-0.07995499260140836
2018-09-14,equal_weight,-0.08907931773283667
2018-09-17,equal_weight,-0.08829315815916576
2018-09-18,equal_weight,-0.09184084032922206
2018-09-19,equal_weight,-0.07234653455947866
2018-09-20,equal_weight,-0.05864410942171176
2018-09-21,equal_weight,-0.038798015930014654
2018-09-24,equal_weight,-0.06267824804243625
2018-09-25,equal_weight,-0.05716360602988166
2018-09-26,equal_weight,-0.058893988286595256
2018-09-27,equal_weight,-0.06235458021166976
2018-09-28,equal_weight,-0.09685136071153566
2018-10-01,equal_weight,-0.09985216933943926
2018-10-02,equal_weight,-0.10149121499792237
2018-10-03,equal_weight,-0.10111399395532296
2018-10-04,equal_weight,-0.09579403777782886
2018-10-05,equal_weight,-0.10566420914725405
2018-10-08,equal_weight,-0.10999461247755775
2018-10-09,equal_weight,-0.12535276041015225
2018-10-10,equal_weight,-0.11983730324060236
2018-10-11,equal_weight,-0.15510329718503416
2018-10-12,equal_weight,-0.15410035892299956
2018-10-15,equal_weight,-0.16596139360633436
2018-10-16,equal_weight,-0.14417979231347436
2018-10-17,equal_weight,-0.13461959006973365
2018-10-18,equal_weight,-0.15338072273279735
2018-10-19,equal_weight,-0.15771238364479306
2018-10-22,equal_weight,-0.17336073225961676
2018-10-23,equal_weight,-0.17756860713998826
2018-10-24,equal_weight,-0.191328277260588
2018-10-25,equal_weight,-0.17554390171028295
2018-10-26,equal_weight,-0.18650701333942507
2018-10-29,equal_weight,-0.16652276821363526
2018-10-30,equal_weight,-0.16854881728065715
2018-10-31,equal_weight,-0.15430425343188645
2018-11-01,equal_weight,-0.13786478070666497
2018-11-02,equal_weight,-0.12785152327912105
2018-11-05,equal_weight,-0.13438570133906946
2018-11-06,equal_weight,-0.13416867788793074
2018-11-07,equal_weight,-0.12259753826032957
2018-11-08,equal_weight,-0.11485747876519936
2018-11-09,equal_weight,-0.13262200370438956
2018-11-12,equal_weight,-0.16070504294831986
2018-11-13,equal_weight,-0.15828978694315488
2018-11-14,equal_weight,-0.15682411476240105
2018-11-15,equal_weight,-0.17591946384781557
2018-11-16,equal_weight,-0.20232617378120057
2018-11-19,equal_weight,-0.19498109159312155
2018-11-20,equal_weight,-0.21027568494321086
2018-11-21,equal_weight,-0.21502538622226045
2018-11-22,equal_weight,-0.21648003948517835
2018-11-23,equal_weight,-0.20616803627254995
2018-11-26,equal_weight,-0.19101387606876616
2018-11-27,equal_weight,-0.21152976417000066
2018-11-28,equal_weight,-0.20765865053825705
2018-11-29,equal_weight,-0.21897107050120176
2018-11-30,equal_weight,-0.21925100396217326
2018-12-03,equal_weight,-0.20277178506936377
2018-12-04,equal_weight,-0.23190216086076026
2018-12-05,equal_weight,-0.24350374337985486
2018-12-06,equal_weight,-0.27526876138948386
2018-12-07,equal_weight,-0.2804669400307092
2018-12-10,equal_weight,-0.3118756037803697
2018-12-11,equal_weight,-0.3146024927795945
2018-12-12,equal_weight,-0.2964476006367934
2018-12-13,equal_weight,-0.29103167954460885
2018-12-14,equal_weight,-0.29837047750953466
2018-12-17,equal_weight,-0.3167320278314288
2018-12-18,equal_weight,-0.3165962490706242
2018-12-19,equal_weight,-0.3217014179011923
2018-12-20,equal_weight,-0.3457369601128851
2018-12-21,equal_weight,-0.35769952912633296
2018-12-24,equal_weight,-0.38694340762295004
2018-12-25,equal_weight,-0.38742439376054133
2018-12-26,equal_weight,-0.37087596739182055
2018-12-27,equal_weight,-0.3807515203739244
2018-12-28,equal_weight,-0.38109772799105274
2018-12-31,equal_weight,-0.38075876107243484
2019-01-01,equal_weight,-0.38566144311487366
2019-01-02,equal_weight,-0.3905054627605389
2019-01-03,equal_weight,-0.40750566629450125
2019-01-04,equal_weight,-0.36523513287669135
2019-01-07,equal_weight,-0.35732605064690337
2019-01-08,equal_weight,-0.359855871790856
2019-01-09,equal_weight,-0.37283915157063907
2019-01-10,equal_weight,-0.36361109613667486
2019-01-11,equal_weight,-0.366547389713974
2019-01-14,equal_weight,-0.37229959966798815
2019-01-15,equal_weight,-0.3699547105122698
2019-01-16,equal_weight,-0.34411356477950183
2019-01-17,equal_weight,-0.33637201824511503
2019-01-18,equal_weight,-0.31228238420253346
2019-01-21,equal_weight,-0.322796745436464
2019-01-22,equal_weight,-0.3210651267602537
2019-01-23,equal_weight,-0.28688823137981123
2019-01-24,equal_weight,-0.2671646661791899
2019-01-25,equal_weight,-0.26532861679494607
2019-01-28,equal_weight,-0.2493465646387594
2019-01-29,equal_weight,-0.24337575404055084
2019-01-30,equal_weight,-0.24942065460729407
2019-01-31,equal_weight,-0.26477046314550057
2019-02-01,equal_weight,-0.2888038259634675
2019-02-04,equal_weight,-0.303617595327923
2019-02-05,equal_weight,-0.30305878417875176
2019-02-06,equal_weight,-0.29346567141095725
2019-02-07,equal_weight,-0.3189110734891029
2019-02-08,equal_weight,-0.3302751806408915
2019-02-11,equal_weight,-0.31580048672088884
2019-02-12,equal_weight,-0.31089561991641124
2019-02-13,equal_weight,-0.31047649145001516
2019-02-14,equal_weight,-0.32607155211942307
2019-02-15,equal_weight,-0.2861534629515687
2019-02-18,equal_weight,-0.2619720683044999
2019-02-19,equal_weight,-0.25401096964488323
2019-02-20,equal_weight,-0.24935675887999006
2019-02-21,equal_weight,-0.2651338605464715
2019-02-22,equal_weight,-0.2717230848200077
2019-02-25,equal_weight,-0.2623008488693657
2019-02-26,equal_weight,-0.25883722768833345
2019-02-27,equal_weight,-0.24875520217678723
2019-02-28,equal_weight,-0.23617868552107796
2019-03-01,equal_weight,-0.2266074213653994
2019-03-04,equal_weight,-0.2309872393481146
2019-03-05,equal_weight,-0.240618287850958
2019-03-06,equal_weight,-0.2337169443781699
2019-03-07,equal_weight,-0.2590044115685457
2019-03-08,equal_weight,-0.2629960526564914
2019-03-11,equal_weight,-0.22529952097907668
2019-03-12,equal_weight,-0.19955401440421422
2019-03-13,equal_weight,-0.2038318611507441
2019-03-14,equal_weight,-0.1949217742560404
2019-03-15,equal_weight,-0.1877117940926418
2019-03-18,equal_weight,-0.17030124007678
2019-03-19,equal_weight,-0.1703621983394159
2019-03-20,equal_weight,-0.1820164082735976
2019-03-21,equal_weight,-0.19478578580633701
2019-03-22,equal_weight,-0.2255694510818097
2019-03-25,equal_weight,-0.2525220625747493
2019-03-26,equal_weight,-0.2332720214730316
2019-03-27,equal_weight,-0.2346556902046627
2019-03-28,equal_weight,-0.2516657461831696
2019-03-29,equal_weight,-0.24290540958383652
2019-04-01,equal_weight,-0.2321323470398408
2019-04-02,equal_weight,-0.2214968723300343
2019-04-03,equal_weight,-0.2064241219652202
2019-04-04,equal_weight,-0.2035323104562742
2019-04-05,equal_weight,-0.2072103325888237
2019-04-08,equal_weight,-0.21847643812549253
2019-04-09,equal_weight,-0.2208936987341547
2019-04-10,equal_weight,-0.22610587344950922
2019-04-11,equal_weight,-0.2124472894535615
2019-04-12,equal_weight,-0.1880389892388278
2019-04-15,equal_weight,-0.1803794384980431
2019-04-16,equal_weight,-0.1641864155272574
2019-04-17,equal_weight,-0.1523710700044811
2019-04-18,equal_weight,-0.1514402789283557
2019-04-19,equal_weight,-0.1470716071170475
2019-04-22,equal_weight,-0.1357358522138303
2019-04-23,equal_weight,-0.1477293385829004
2019-04-24,equal_weight,-0.1611891852702286
2019-04-25,equal_weight,-0.17048077073545678
2019-04-26,equal_weight,-0.17588357181892061
2019-04-29,equal_weight,-0.1684288057518923
2019-04-30,equal_weight,-0.1741671629689018
2019-05-01,equal_weight,-0.17193241369118373
2019-05-02,equal_weight,-0.17332096719576923
2019-05-03,equal_weight,-0.15523079639522233
2019-05-06,equal_weight,-0.1605137859391156
2019-05-07,equal_weight,-0.16803375257140454
2019-05-08,equal_weight,-0.17324866858494442
2019-05-09,equal_weight,-0.20042877130205433
2019-05-10,equal_weight,-0.18954035968938154
2019-05-13,equal_weight,-0.19278155669695674
2019-05-14,equal_weight,-0.17736834278739014
2019-05-15,equal_weight,-0.17283363739616805
2019-05-16,equal_weight,-0.12378229553400452
2019-05-17,equal_weight,-0.14028380922687983
2019-05-20,equal_weight,-0.14366242290678324
2019-05-21,equal_weight,-0.1572076728239271
2019-05-22,equal_weight,-0.17506606996957322
2019-05-23,equal_weight,-0.17509429747988436
2019-05-24,equal_weight,-0.18414184692990854
2019-05-27,equal_weight,-0.18542986550833324
2019-05-28,equal_weight,-0.18773103293306143
2019-05-29,equal_weight,-0.20588937440151772
2019-05-30,equal_weight,-0.20283671979001033
2019-05-31,equal_weight,-0.21390900341465174
2019-06-03,equal_weight,-0.21411701651931275
2019-06-04,equal_weight,-0.16084241563766624
2019-06-05,equal_weight,-0.16152256483164446
2019-06-06,equal_weight,-0.16710105075296502
2019-06-07,equal_weight,-0.16646193555626942
2019-06-10,equal_weight,-0.14039775880678423
2019-06-11,equal_weight,-0.14332432631383862
2019-06-12,equal_weight,-0.14154318148092795
2019-06-13,equal_weight,-0.14464109368583952
2019-06-14,equal_weight,-0.14024598003041003
2019-06-17,equal_weight,-0.14658467362670644
2019-06-18,equal_weight,-0.13423002518088803
2019-06-19,equal_weight,-0.12717026795030043
2019-06-20,equal_weight,-0.13017780887072633
2019-06-21,equal_weight,-0.13174741246513552
2019-06-24,equal_weight,-0.14137062304288384
2019-06-25,equal_weight,-0.15091315537357153
2019-06-26,equal_weight,-0.15897673429826276
2019-06-27,equal_weight,-0.14163971145912713
2019-06-28,equal_weight,-0.12091144601650954
2019-07-01,equal_weight,-0.11346768057712153
2019-07-02,equal_weight,-0.11478902139457353
2019-07-03,equal_weight,-0.11647884791543114
2019-07-04,equal_weight,-0.11139994033590833
2019-07-05,equal_weight,-0.10609234171168114
2019-07-08,equal_weight,-0.11401078097582704
2019-07-09,equal_weight,-0.11709000835756823
2019-07-10,equal_weight,-0.13495365095227085
2019-07-11,equal_weight,-0.13979072165599923
2019-07-12,equal_weight,-0.13340538316772343
2019-07-15,equal_weight,-0.14356922146122322
2019-07-16,equal_weight,-0.14162297479216351
2019-07-17,equal_weight,-0.15997468257488795
2019-07-18,equal_weight,-0.16197774477826343
2019-07-19,equal_weight,-0.16084185968951742
2019-07-22,equal_weight,-0.14769177844296164
2019-07-23,equal_weight,-0.13142695226337814
2019-07-24,equal_weight,-0.13242004440461025
2019-07-25,equal_weight,-0.13730028288554183
2019-07-26,equal_weight,-0.13902451676579022
2019-07-29,equal_weight,-0.13931767394572783
2019-07-30,equal_weight,-0.13017017146851864
2019-07-31,equal_weight,-0.11347239566604593
2019-08-01,equal_weight,-0.12076141942333585
2019-08-02,equal_weight,-0.12988919731673104
2019-08-05,equal_weight,-0.15910301208354724
2019-08-06,equal_weight,-0.15257168025050644
2019-08-07,equal_weight,-0.17301043992614304
2019-08-08,equal_weight,-0.17177261533948707
2019-08-09,equal_weight,-0.19116346553169214
2019-08-12,equal_weight,-0.20723781334693103
2019-08-13,equal_weight,-0.19417621060476256
2019-08-14,equal_weight,-0.24317432909504133
2019-08-15,equal_weight,-0.25109116505197493
2019-08-16,equal_weight,-0.22859864364004653
2019-08-19,equal_weight,-0.21012181577787195
2019-08-20,equal_weight,-0.21208806331065524
2019-08-21,equal_weight,-0.20869074718975972
2019-08-22,equal_weight,-0.20730274583794714
2019-08-23,equal_weight,-0.22341037375951042
2019-08-26,equal_weight,-0.20597649750125724
2019-08-27,equal_weight,-0.20374808616102225
2019-08-28,equal_weight,-0.20289117072866736
2019-08-29,equal_weight,-0.18868670321224246
2019-08-30,equal_weight,-0.17960165660294652
2019-09-02,equal_weight,-0.18889777013956244
2019-09-03,equal_weight,-0.20429201081078555
2019-09-04,equal_weight,-0.19417359354607905
2019-09-05,equal_weight,-0.16956374616729075
2019-09-06,equal_weight,-0.19037942315186313
2019-09-09,equal_weight,-0.18079754561878494
2019-09-10,equal_weight,-0.16989278129629096
2019-09-11,equal_weight,-0.15127137198029844
2019-09-12,equal_weight,-0.15415748802136806
2019-09-13,equal_weight,-0.12470186693743172
2019-09-16,equal_weight,-0.12620715186595066
2019-09-17,equal_weight,-0.11325391125629354
2019-09-18,equal_weight,-0.10298747443319954
2019-09-19,equal_weight,-0.08717525078027424
2019-09-20,equal_weight,-0.08736849002863314
2019-09-23,equal_weight,-0.10838045746830324
2019-09-24,equal_weight,-0.11792698596590814
2019-09-25,equal_weight,-0.10426932255207234
2019-09-26,equal_weight,-0.10623484373196575
2019-09-27,equal_weight,-0.09584022157762374
2019-09-30,equal_weight,-0.07624195349952334
2019-10-01,equal_weight,-0.09240484429905313
2019-10-02,equal_weight,-0.11211958178106134
2019-10-03,equal_weight,-0.12617975576174034
2019-10-04,equal_weight,-0.12516312620046785
2019-10-07,equal_weight,-0.10464299112060554
2019-10-08,equal_weight,-0.11757548977043183
2019-10-09,equal_weight,-0.10492870533944643
2019-10-10,equal_weight,-0.06903363920172843
2019-10-11,equal_weight,-0.009233849596123236
2019-10-14,equal_weight,-0.01927945334453403
2019-10-15,equal_weight,0.015654168842452767
2019-10-16,equal_weight,0.0066690390609160655
2019-10-17,equal_weight,0.007861637955515366
2019-10-18,equal_weight,0.0016934354849777646
2019-10-21,equal_weight,0.009871919661819563
2019-10-22,equal_weight,-0.006376862272763137
2019-10-23,equal_weight,-0.0027211461619034375
2019-10-24,equal_weight,-0.0025764701629898373
2019-10-25,equal_weight,-0.012013186385823337
2019-10-28,equal_weight,-0.017788143471460037
2019-10-29,equal_weight,0.0004009834673728639
2019-10-30,equal_weight,0.009556635216969964
2019-10-31,equal_weight,-0.004161302537566436
2019-11-01,equal_weight,0.011091036908589863
2019-11-04,equal_weight,0.03761584997442627
2019-11-05,equal_weight,0.05520988138618567
2019-11-06,equal_weight,0.05000923764825016
2019-11-07,equal_weight,0.08209036884314996
2019-11-08,equal_weight,0.06299139749206076
2019-11-11,equal_weight,0.06741631319612566
2019-11-12,equal_weight,0.07253637911436506
2019-11-13,equal_weight,0.03418317269933016
2019-11-14,equal_weight,0.03315932176666036
2019-11-15,equal_weight,0.03653075284810586
2019-11-18,equal_weight,0.03825026426191716
2019-11-19,equal_weight,0.04651478468878576
2019-11-20,equal_weight,0.02916043059337326
2019-11-21,equal_weight,0.05955975325592616
2019-11-22,equal_weight,0.07107205723593817
2019-11-25,equal_weight,0.10751020337640337
2019-11-26,equal_weight,0.11057571410273877
2019-11-27,equal_weight,0.13715422833873056
2019-11-28,equal_weight,0.14197855945161586
2019-11-29,equal_weight,0.11942024738270847
2019-12-02,equal_weight,0.10570426743700967
2019-12-03,equal_weight,0.10317070079604006
2019-12-04,equal_weight,0.13710492274906105
2019-12-05,equal_weight,0.14032031011795026
2019-12-06,equal_weight,0.15718735233336706
2019-12-09,equal_weight,0.17824968777341957
2019-12-10,equal_weight,0.18364827634103256
2019-12-11,equal_weight,0.19861235664098226
2019-12-12,equal_weight,0.22459846824558435
2019-12-13,equal_weight,0.22205414271213156
2019-12-16,equal_weight,0.24227891828066106
2019-12-17,equal_weight,0.22332129380723076
2019-12-18,equal_weight,0.21441440761479186
2019-12-19,equal_weight,0.21100142932678986
2019-12-20,equal_weight,0.20334602001211766
2019-12-23,equal_weight,0.21063577272000067
2019-12-24,equal_weight,0.17199779368935128
2019-12-25,equal_weight,0.16491857371691776
2019-12-26,equal_weight,0.16087271756716526
2019-12-27,equal_weight,0.16081460802778866
2019-12-30,equal_weight,0.15120836197668328
2019-12-31,equal_weight,0.15303829077122805
2020-01-01,equal_weight,0.15202237038550157
2020-01-02,equal_weight,0.16752882200092978
2020-01-03,equal_weight,0.12740453237548507
2020-01-06,equal_weight,0.12830909441083108
2020-01-07,equal_weight,0.11053885164782727
2020-01-08,equal_weight,0.11823080078286746
2020-01-09,equal_weight,0.13209607045814187
2020-01-10,equal_weight,0.11940727520278685
2020-01-13,equal_weight,0.11427193685419376
2020-01-14,equal_weight,0.09878710673868356
2020-01-15,equal_weight,0.08900065643859925
2020-01-16,equal_weight,0.09361999832516757
2020-01-17,equal_weight,0.09345613995044356
2020-01-20,equal_weight,0.10275502019940547
2020-01-21,equal_weight,0.10187325181099896
2020-01-22,equal_weight,0.10148705729594726
2020-01-23,equal_weight,0.08930894496066985
2020-01-24,equal_weight,0.07878002992940497
2020-01-27,equal_weight,0.08772043815785185
2020-01-28,equal_weight,0.10912890081645805
2020-01-29,equal_weight,0.10373420635975916
2020-01-30,equal_weight,0.09553539972961936
2020-01-31,equal_weight,0.07732771170049456
2020-02-03,equal_weight,0.09771982984377736
2020-02-04,equal_weight,0.08539386528209096
2020-02-05,equal_weight,0.09388366567719196
2020-02-06,equal_weight,0.11153314771116776
2020-02-07,equal_weight,0.10364041840485996
2020-02-10,equal_weight,0.10955472795776645
2020-02-11,equal_weight,0.11927659270161907
2020-02-12,equal_weight,0.11709437081898486
2020-02-13,equal_weight,0.11430868776450206
2020-02-14,equal_weight,0.09441052188217247
2020-02-17,equal_weight,0.09241904230437957
2020-02-18,equal_weight,0.07739980971399722
2020-02-19,equal_weight,0.07921935423273083
2020-02-20,equal_weight,0.07967529306780861
2020-02-21,equal_weight,0.06772521871285601
2020-02-24,equal_weight,0.05231466014788383
2020-02-25,equal_weight,0.03424444578304462
2020-02-26,equal_weight,0.018265967917074917
2020-02-27,equal_weight,-0.03264469013517808
2020-02-28,equal_weight,-0.06424091431511439
2020-03-02,equal_weight,-0.07428486456012309
2020-03-03,equal_weight,-0.10498482308470958
2020-03-04,equal_weight,-0.11360250780822968
2020-03-05,equal_weight,-0.15478704294946807
2020-03-06,equal_weight,-0.16931114952765616
2020-03-09,equal_weight,-0.2762886763387068
2020-03-10,equal_weight,-0.21536931521351718
2020-03-11,equal_weight,-0.22524561492222797
2020-03-12,equal_weight,-0.3766128496985942
2020-03-13,equal_weight,-0.31889328311504705
2020-03-16,equal_weight,-0.4218193385384942
2020-03-17,equal_weight,-0.3861908112710696
2020-03-18,equal_weight,-0.46669384155892357
2020-03-19,equal_weight,-0.46157810974775015
2020-03-20,equal_weight,-0.49291808550386196
2020-03-23,equal_weight,-0.5376078317527075
2020-03-24,equal_weight,-0.4229152537642061
2020-03-25,equal_weight,-0.3712194035288766
2020-03-26,equal_weight,-0.3359610040680693
2020-03-27,equal_weight,-0.36963118380932264
2020-03-30,equal_weight,-0.39490971054930313
2020-03-31,equal_weight,-0.44468242747433895
2020-04-01,equal_weight,-0.5108761757450989
2020-04-02,equal_weight,-0.5191656554501934
2020-04-03,equal_weight,-0.5594693511278701
2020-04-06,equal_weight,-0.49026163950673207
2020-04-07,equal_weight,-0.456824838867914
2020-04-08,equal_weight,-0.4381836871184312
2020-04-09,equal_weight,-0.3955204426934856
2020-04-10,equal_weight,-0.3783163287376245
2020-04-13,equal_weight,-0.383762877504567
2020-04-14,equal_weight,-0.4079872682886383
2020-04-15,equal_weight,-0.4791387964738354
2020-04-16,equal_weight,-0.5019221105009052
2020-04-17,equal_weight,-0.4623811830221962
2020-04-20,equal_weight,-0.46938962236111975
2020-04-21,equal_weight,-0.5128316050088352
2020-04-22,equal_weight,-0.49573984717044695
2020-04-23,equal_weight,-0.45314791038175084
2020-04-24,equal_weight,-0.467090795460971
2020-04-27,equal_weight,-0.40476536307786837
2020-04-28,equal_weight,-0.36937432329066705
2020-04-29,equal_weight,-0.29938937722505926
2020-04-30,equal_weight,-0.3524135015856439
2020-05-01,equal_weight,-0.360942126816809
2020-05-04,equal_weight,-0.40493165185717583
2020-05-05,equal_weight,-0.3874686556960472
2020-05-06,equal_weight,-0.39847557260687094
2020-05-07,equal_weight,-0.38801363215403206
2020-05-08,equal_weight,-0.35978978006005213
2020-05-11,equal_weight,-0.3620641476146569
2020-05-12,equal_weight,-0.38525504204149946
2020-05-13,equal_weight,-0.42432537308017165
2020-05-14,equal_weight,-0.41014698742342365
2020-05-15,equal_weight,-0.41309767017412813
2020-05-18,equal_weight,-0.3523612331376487
2020-05-19,equal_weight,-0.3436386473417697
2020-05-20,equal_weight,-0.32451210185347096
2020-05-21,equal_weight,-0.36989016149193366
2020-05-22,equal_weight,-0.3721835604497195
2020-05-25,equal_weight,-0.3602241714099647
2020-05-26,equal_weight,-0.2994092510109696
2020-05-27,equal_weight,-0.25385907679875985
2020-05-28,equal_weight,-0.2670098750803982
2020-05-29,equal_weight,-0.2843895862523402
2020-06-01,equal_weight,-0.25756357401555774
2020-06-02,equal_weight,-0.22700125769765905
2020-06-03,equal_weight,-0.17795081979100658
2020-06-04,equal_weight,-0.17663566630390856
2020-06-05,equal_weight,-0.12343655123479647
2020-06-08,equal_weight,-0.09320643470176915
2020-06-09,equal_weight,-0.12817414664705196
2020-06-10,equal_weight,-0.15173825537208976
2020-06-11,equal_weight,-0.22727993629411797
2020-06-12,equal_weight,-0.22057111995460546
2020-06-15,equal_weight,-0.23419428414640764
2020-06-16,equal_weight,-0.20648503070646007
2020-06-17,equal_weight,-0.22889852590999538
2020-06-18,equal_weight,-0.23549247287402045
2020-06-19,equal_weight,-0.2573286922261442
2020-06-22,equal_weight,-0.2715825834742774
2020-06-23,equal_weight,-0.2514095703846838
2020-06-24,equal_weight,-0.2723740565127323
2020-06-25,equal_weight,-0.2545879218925779
2020-06-26,equal_weight,-0.28479238812296365
2020-06-29,equal_weight,-0.27412749340819326
2020-06-30,equal_weight,-0.2741235124775926
2020-07-01,equal_weight,-0.2856282777558684
2020-07-02,equal_weight,-0.26014476845971773
2020-07-03,equal_weight,-0.25737096103985757
2020-07-06,equal_weight,-0.22656467738657673
2020-07-07,equal_weight,-0.23872615436180825
2020-07-08,equal_weight,-0.24636434075768887
2020-07-09,equal_weight,-0.28195286697787214
2020-07-10,equal_weight,-0.24847553680562326
2020-07-13,equal_weight,-0.23307510289637925
2020-07-14,equal_weight,-0.23834193107678206
2020-07-15,equal_weight,-0.21111562794375688
2020-07-16,equal_weight,-0.19118453418798226
2020-07-17,equal_weight,-0.20322370676174487
2020-07-20,equal_weight,-0.195826442071301
2020-07-21,equal_weight,-0.1589560006130556
2020-07-22,equal_weight,-0.1427876410539831
2020-07-23,equal_weight,-0.15526682669858569
2020-07-24,equal_weight,-0.14660919104401843
2020-07-27,equal_weight,-0.17084669558045862
2020-07-28,equal_weight,-0.1518165045757805
2020-07-29,equal_weight,-0.1364708769277988
2020-07-30,equal_weight,-0.18406969105407012
2020-07-31,equal_weight,-0.1538271835495985
2020-08-03,equal_weight,-0.1335518239988175
2020-08-04,equal_weight,-0.1446276128171506
2020-08-05,equal_weight,-0.145375281787605
2020-08-06,equal_weight,-0.13599766535382732
2020-08-07,equal_weight,-0.1340157671289085
2020-08-10,equal_weight,-0.1325181194205648
2020-08-11,equal_weight,-0.08506329036396759
2020-08-12,equal_weight,-0.0909638904350629
2020-08-13,equal_weight,-0.1004094227999992
2020-08-14,equal_weight,-0.10666472824446731
2020-08-17,equal_weight,-0.1330824578094598
2020-08-18,equal_weight,-0.1465116173200962
2020-08-19,equal_weight,-0.12767871440761042
2020-08-20,equal_weight,-0.1447255958888882
2020-08-21,equal_weight,-0.1586953489424568
2020-08-24,equal_weight,-0.16646462591108602
2020-08-25,equal_weight,-0.16618621264074843
2020-08-26,equal_weight,-0.1827803199341803
2020-08-27,equal_weight,-0.204072056182155
2020-08-28,equal_weight,-0.1981935095607076
2020-08-31,equal_weight,-0.2093254285789885
2020-09-01,equal_weight,-0.2436964471123364
2020-09-02,equal_weight,-0.24022791291388668
2020-09-03,equal_weight,-0.22733940651935258
2020-09-04,equal_weight,-0.2093971774781444
2020-09-07,equal_weight,-0.2173330028489799
2020-09-08,equal_weight,-0.2508158066762154
2020-09-09,equal_weight,-0.2305424416673315
2020-09-10,equal_weight,-0.218037662284248
2020-09-11,equal_weight,-0.2342399049649862
2020-09-14,equal_weight,-0.2189886242845978
2020-09-15,equal_weight,-0.2409789927833175
2020-09-16,equal_weight,-0.23200350182332308
2020-09-17,equal_weight,-0.2270377665836229
2020-09-18,equal_weight,-0.2188205134908342
2020-09-21,equal_weight,-0.26386208581789017
2020-09-22,equal_weight,-0.28093406234144946
2020-09-23,equal_weight,-0.29785897583595583
2020-09-24,equal_weight,-0.27940750979158413
2020-09-25,equal_weight,-0.2868051643422316
2020-09-28,equal_weight,-0.2653645122972797
2020-09-29,equal_weight,-0.32035503381665714
2020-09-30,equal_weight,-0.3106220977869477
2020-10-01,equal_weight,-0.3333900740526517
2020-10-02,equal_weight,-0.332844159963864
2020-10-05,equal_weight,-0.31728739450754445
2020-10-06,equal_weight,-0.2950328340936044
2020-10-07,equal_weight,-0.31441550341720065
2020-10-08,equal_weight,-0.3026862817110175
2020-10-09,equal_weight,-0.3100432991966606
2020-10-12,equal_weight,-0.3005123941282798
2020-10-13,equal_weight,-0.32990928065631164
2020-10-14,equal_weight,-0.3459728510586043
2020-10-15,equal_weight,-0.3530484530476582
2020-10-16,equal_weight,-0.33022022296386283
2020-10-19,equal_weight,-0.31805851205976654
2020-10-20,equal_weight,-0.3157179529340348
2020-10-21,equal_weight,-0.3432143891389618
2020-10-22,equal_weight,-0.3323492004980581
2020-10-23,equal_weight,-0.31484583413162837
2020-10-26,equal_weight,-0.3419720621462479
2020-10-27,equal_weight,-0.3591448282575821
2020-10-28,equal_weight,-0.390611299162789
2020-10-29,equal_weight,-0.39803442426545055
2020-10-30,equal_weight,-0.3699188493438589
2020-11-02,equal_weight,-0.3411734939916864
2020-11-03,equal_weight,-0.3114632068567389
2020-11-04,equal_weight,-0.3229348530305689
2020-11-05,equal_weight,-0.3172094526783084
2020-11-06,equal_weight,-0.31470176196870503
2020-11-09,equal_weight,-0.20224095222788763
2020-11-10,equal_weight,-0.18539107162153
2020-11-11,equal_weight,-0.1857258711701069
2020-11-12,equal_weight,-0.2005079818153463
2020-11-13,equal_weight,-0.1929368769460879
2020-11-16,equal_weight,-0.1542730986654041
2020-11-17,equal_weight,-0.14553137042346542
2020-11-18,equal_weight,-0.1315029307270154
2020-11-19,equal_weight,-0.1226336578811452
2020-11-20,equal_weight,-0.14088344772849248
2020-11-23,equal_weight,-0.1206584896067617
2020-11-24,equal_weight,-0.08877518216304539
2020-11-25,equal_weight,-0.09210817941570532
2020-11-26,equal_weight,-0.0967095315864635
2020-11-27,equal_weight,-0.0927503969441284
2020-11-30,equal_weight,-0.1466878184115234
2020-12-01,equal_weight,-0.134334295563724
2020-12-02,equal_weight,-0.1263860479737416
2020-12-03,equal_weight,-0.12060791411840299
2020-12-04,equal_weight,-0.10334805014667339
2020-12-07,equal_weight,-0.1205533246747437
2020-12-08,equal_weight,-0.1218351626400032
2020-12-09,equal_weight,-0.11234214752474751
2020-12-10,equal_weight,-0.1259766690257475
2020-12-11,equal_weight,-0.14110825591091
2020-12-14,equal_weight,-0.14001401001660932
2020-12-15,equal_weight,-0.12071403558089301
2020-12-16,equal_weight,-0.12322868993993599
2020-12-17,equal_weight,-0.1218814061392552
2020-12-18,equal_weight,-0.1323428686267508
2020-12-21,equal_weight,-0.1659124265127215
2020-12-22,equal_weight,-0.1463563344254735
2020-12-23,equal_weight,-0.1135852889172026
2020-12-24,equal_weight,-0.11243149445875009
2020-12-25,equal_weight,-0.11530529779791729
2020-12-28,equal_weight,-0.115149723729067
2020-12-29,equal_weight,-0.1160823025535791
2020-12-30,equal_weight,-0.1124652487162624
2020-12-31,equal_weight,-0.1064327625694207
2021-01-01,equal_weight,-0.0942997514679109
2021-01-04,equal_weight,-0.1051124020609174
2021-01-05,equal_weight,-0.10404962717061869
2021-01-06,equal_weight,-0.03522236641473421
2021-01-07,equal_weight,-0.010354080637341206
2021-01-08,equal_weight,-0.020013732514152102
2021-01-11,equal_weight,-0.020043393750100304
2021-01-12,equal_weight,-0.007353741925691503
2021-01-13,equal_weight,0.008388007464558398
2021-01-14,equal_weight,0.0032937715119604983
2021-01-15,equal_weight,-0.0206875007930999
2021-01-18,equal_weight,-0.022303967176683797
2021-01-19,equal_weight,-0.0169476445919658
2021-01-20,equal_weight,-0.0248731881964435
2021-01-21,equal_weight,-0.0448840234377777
2021-01-22,equal_weight,-0.0706228230869277
2021-01-25,equal_weight,-0.10953435078256521
2021-01-26,equal_weight,-0.1053459825901413
2021-01-27,equal_weight,-0.1277615745729721
2021-01-28,equal_weight,-0.1225003407192842
2021-01-29,equal_weight,-0.155884476523426
2021-02-01,equal_weight,-0.1476139857190902
2021-02-02,equal_weight,-0.1170122549735598
2021-02-03,equal_weight,-0.10844491143448101
2021-02-04,equal_weight,-0.0699044424508369
2021-02-05,equal_weight,-0.06173482514880461
2021-02-08,equal_weight,-0.036487600651402496
2021-02-09,equal_weight,-0.0257823844050705
2021-02-10,equal_weight,0.0189842969791299
2021-02-11,equal_weight,0.044636757541708205
2021-02-12,equal_weight,0.0556243040317693
2021-02-15,equal_weight,0.1266022750752547
2021-02-16,equal_weight,0.16805440369262398
2021-02-17,equal_weight,0.1650760023847369
2021-02-18,equal_weight,0.1721994400515197
2021-02-19,equal_weight,0.1896599342538309
2021-02-22,equal_weight,0.2398453930490404
2021-02-23,equal_weight,0.28375112927343565
2021-02-24,equal_weight,0.4208107769261092
2021-02-25,equal_weight,0.389667442604253
2021-02-26,equal_weight,0.3789928837347325
2021-03-01,equal_weight,0.5414562238939998
2021-03-02,equal_weight,0.47676660919224634
2021-03-03,equal_weight,0.6086127606040741
2021-03-04,equal_weight,0.5577315454143725
2021-03-05,equal_weight,0.6195627072372001
2021-03-08,equal_weight,0.6357968084068725
2021-03-09,equal_weight,0.6374700303042495
2021-03-10,equal_weight,0.6832009616588759
2021-03-11,equal_weight,0.5652406423796376
2021-03-12,equal_weight,0.5357488599797724
2021-03-15,equal_weight,0.4921326842479848
2021-03-16,equal_weight,0.5246862207659602
2021-03-17,equal_weight,0.5481050364154688
2021-03-18,equal_weight,0.6035260591564182
2021-03-19,equal_weight,0.6470111654776621
2021-03-22,equal_weight,0.6268132103734981
2021-03-23,equal_weight,0.6515812838605826
2021-03-24,equal_weight,0.5812315662446108
2021-03-25,equal_weight,0.5532047209780778
2021-03-26,equal_weight,0.5440402412868468
2021-03-29,equal_weight,0.4926477504553641
2021-03-30,equal_weight,0.5109509189773871
2021-03-31,equal_weight,0.5081067325087144
2021-04-01,equal_weight,0.5337157924099194
2021-04-02,equal_weight,0.5923512117397386
2021-04-05,equal_weight,0.6171798269373125
2021-04-06,equal_weight,0.5812595024320223
2021-04-07,equal_weight,0.5938164783791341
2021-04-08,equal_weight,0.6299806834624626
2021-04-09,equal_weight,0.617186249316854
2021-04-12,equal_weight,0.5985679937757664
2021-04-13,equal_weight,0.6084950059119401
2021-04-14,equal_weight,0.5723358766044643
2021-04-15,equal_weight,0.5260471657577003
2021-04-16,equal_weight,0.49033789324272503
2021-04-19,equal_weight,0.5398612853721105
2021-04-20,equal_weight,0.5248162073323293
2021-04-21,equal_weight,0.5546667868877031
2021-04-22,equal_weight,0.5471837764859493
2021-04-23,equal_weight,0.576429292502493
2021-04-26,equal_weight,0.5775458076053236
2021-04-27,equal_weight,0.57460501157638
2021-04-28,equal_weight,0.61075480557176
2021-04-29,equal_weight,0.6419934115791848
2021-04-30,equal_weight,0.6688192573076579
2021-05-03,equal_weight,0.6605890589933258
2021-05-04,equal_weight,0.6659903426888902
2021-05-05,equal_weight,0.6232212778281614
2021-05-06,equal_weight,0.6439726988305503
2021-05-07,equal_weight,0.6300512771466983
2021-05-10,equal_weight,0.6607796733129636
2021-05-11,equal_weight,0.6504197054970553
2021-05-12,equal_weight,0.6500308319391157
2021-05-13,equal_weight,0.5883455389323204
2021-05-14,equal_weight,0.5463186822673132
2021-05-17,equal_weight,0.5598668511627869
2021-05-18,equal_weight,0.592984160968053
2021-05-19,equal_weight,0.5598616464818009
2021-05-20,equal_weight,0.5333853795934701
2021-05-21,equal_weight,0.5015075136633687
2021-05-24,equal_weight,0.4874932858402128
2021-05-25,equal_weight,0.42693722646345644
2021-05-26,equal_weight,0.3965286686555107
2021-05-27,equal_weight,0.4437134704826992
2021-05-28,equal_weight,0.4746390782446468
2021-05-31,equal_weight,0.55097546945189
2021-06-01,equal_weight,0.5490588660623223
2021-06-02,equal_weight,0.5559883011770792
2021-06-03,equal_weight,0.5210472690959417
2021-06-04,equal_weight,0.5261844943594538
2021-06-07,equal_weight,0.5436253213961575
2021-06-08,equal_weight,0.547190322126396
2021-06-09,equal_weight,0.5431103406756915
2021-06-10,equal_weight,0.5119395388384691
2021-06-11,equal_weight,0.5475183555651502
2021-06-14,equal_weight,0.5237021447158774
2021-06-15,equal_weight,0.5539833589728977
2021-06-16,equal_weight,0.5268444907925446
2021-06-17,equal_weight,0.5083009754611104
2021-06-18,equal_weight,0.4878840510103251
2021-06-21,equal_weight,0.4633778626193364
2021-06-22,equal_weight,0.47631701762496637
2021-06-23,equal_weight,0.4451023715934737
2021-06-24,equal_weight,0.47600393415403924
2021-06-25,equal_weight,0.49258743573004893
2021-06-28,equal_weight,0.4975007950116916
2021-06-29,equal_weight,0.46795998929052973
2021-06-30,equal_weight,0.4505815548508359
2021-07-01,equal_weight,0.46446592222883426
2021-07-02,equal_weight,0.4319063933438907
2021-07-05,equal_weight,0.4405868261189509
2021-07-06,equal_weight,0.4335760632607895
2021-07-07,equal_weight,0.42549303829510765
2021-07-08,equal_weight,0.38534222260643575
2021-07-09,equal_weight,0.4193621572692827
2021-07-12,equal_weight,0.43702138073644575
2021-07-13,equal_weight,0.431561106399785
2021-07-14,equal_weight,0.4398117445852537
2021-07-15,equal_weight,0.43689202627480883
2021-07-16,equal_weight,0.4241843132339931
2021-07-19,equal_weight,0.4267561829167721
2021-07-20,equal_weight,0.44694841624559706
2021-07-21,equal_weight,0.4613687488207888
2021-07-22,equal_weight,0.4436322662255028
2021-07-23,equal_weight,0.44224397160129203
2021-07-26,equal_weight,0.45687849933584274
2021-07-27,equal_weight,0.45079898019762915
2021-07-28,equal_weight,0.44082580462891774
2021-07-29,equal_weight,0.4220620924310128
2021-07-30,equal_weight,0.41307566952396485
2021-08-02,equal_weight,0.42735528240010917
2021-08-03,equal_weight,0.43891322684309647
2021-08-04,equal_weight,0.4521586993308788
2021-08-05,equal_weight,0.47010008108120027
2021-08-06,equal_weight,0.47440550217600547
2021-08-09,equal_weight,0.501404628262897
2021-08-10,equal_weight,0.5090223956906136
2021-08-11,equal_weight,0.4997516485129064
2021-08-12,equal_weight,0.49839228459740215
2021-08-13,equal_weight,0.48889463114284626
2021-08-16,equal_weight,0.47940350556509526
2021-08-17,equal_weight,0.45561913847687385
2021-08-18,equal_weight,0.46349897701253157
2021-08-19,equal_weight,0.45429288314638067
2021-08-20,equal_weight,0.4557580278955392
2021-08-23,equal_weight,0.46864794883970007
2021-08-24,equal_weight,0.45712900428452174
2021-08-25,equal_weight,0.47420313804426134
2021-08-26,equal_weight,0.49793604437661343
2021-08-27,equal_weight,0.4968491542930905
2021-08-30,equal_weight,0.49120716423092586
2021-08-31,equal_weight,0.4993834621712865
2021-09-01,equal_weight,0.49164912166871694
2021-09-02,equal_weight,0.5084123946224562
2021-09-03,equal_weight,0.4988615789001738
2021-09-06,equal_weight,0.5195704946750591
2021-09-07,equal_weight,0.5368938664386743
2021-09-08,equal_weight,0.5719252747033846
2021-09-09,equal_weight,0.5800474383664557
2021-09-10,equal_weight,0.5933977695112217
2021-09-13,equal_weight,0.608328348799761
2021-09-14,equal_weight,0.6018252846229616
2021-09-15,equal_weight,0.5608737793808277
2021-09-16,equal_weight,0.5812597703793513
2021-09-17,equal_weight,0.5651989677493287
2021-09-20,equal_weight,0.5231016221865569
2021-09-21,equal_weight,0.5133744720547038
2021-09-22,equal_weight,0.5218870675463001
2021-09-23,equal_weight,0.5145900370906507
2021-09-24,equal_weight,0.5225340836886537
2021-09-27,equal_weight,0.5313223252958318
2021-09-28,equal_weight,0.5253261427621908
2021-09-29,equal_weight,0.5231757112935705
2021-09-30,equal_weight,0.537762631811356
2021-10-01,equal_weight,0.5485746763132309
2021-10-04,equal_weight,0.5529892487449842
2021-10-05,equal_weight,0.5742656791704382
2021-10-06,equal_weight,0.5690754541156076
2021-10-07,equal_weight,0.5650875515295481
2021-10-08,equal_weight,0.579801585922408
2021-10-11,equal_weight,0.5630487388603445
2021-10-12,equal_weight,0.5429899273610662
2021-10-13,equal_weight,0.540213906197879
2021-10-14,equal_weight,0.5780474883902789
2021-10-15,equal_weight,0.6261548128140145
2021-10-18,equal_weight,0.632452794873026
2021-10-19,equal_weight,0.624681537573332
2021-10-20,equal_weight,0.6052364250874419
2021-10-21,equal_weight,0.5631252711226208
2021-10-22,equal_weight,0.578541406762779
2021-10-25,equal_weight,0.5738516517049324
2021-10-26,equal_weight,0.5816950648650513
2021-10-27,equal_weight,0.45434434740319657
2021-10-28,equal_weight,0.4307192002643004
2021-10-29,equal_weight,0.43331981286717297
2021-11-01,equal_weight,0.4578540115858861
2021-11-02,equal_weight,0.4424268839543043
2021-11-03,equal_weight,0.4075184138217029
2021-11-04,equal_weight,0.3878777926024194
2021-11-05,equal_weight,0.38424562220519
2021-11-08,equal_weight,0.3896107049997957
2021-11-09,equal_weight,0.38365293719319077
2021-11-10,equal_weight,0.3674061313351245
2021-11-11,equal_weight,0.32112565444640095
2021-11-12,equal_weight,0.3222613084755308
2021-11-15,equal_weight,0.3342306654761337
2021-11-16,equal_weight,0.32520926246409937
2021-11-17,equal_weight,0.3458351874170235
2021-11-18,equal_weight,0.3142653662888405
2021-11-19,equal_weight,0.2735549344427337
2021-11-22,equal_weight,0.2782776389729793
2021-11-23,equal_weight,0.2680775664857303
2021-11-24,equal_weight,0.2851947000318592
2021-11-25,equal_weight,0.2903769956145783
2021-11-26,equal_weight,0.2307102075235719
2021-11-29,equal_weight,0.2477571894747222
2021-11-30,equal_weight,0.2551625321331215
2021-12-01,equal_weight,0.2648352575911967
2021-12-02,equal_weight,0.2547686932978991
2021-12-03,equal_weight,0.2495106525951186
2021-12-06,equal_weight,0.2614985897238858
2021-12-07,equal_weight,0.2838035220144535
2021-12-08,equal_weight,0.29261797307817744
2021-12-09,equal_weight,0.2866079730899454
2021-12-10,equal_weight,0.2556464630054584
2021-12-13,equal_weight,0.23772853530230803
2021-12-14,equal_weight,0.24628528877224964
2021-12-15,equal_weight,0.2364407879988182
2021-12-16,equal_weight,0.2681035426766307
2021-12-17,equal_weight,0.2517092909863096
2021-12-20,equal_weight,0.2268792428743217
2021-12-21,equal_weight,0.2544891802684966
2021-12-22,equal_weight,0.2654869339669121
2021-12-23,equal_weight,0.2749524688640702
2021-12-24,equal_weight,0.21371548483001682
2021-12-27,equal_weight,0.2014626785432957
2021-12-28,equal_weight,0.2162135442868428
2021-12-29,equal_weight,0.2195640919782601
2021-12-30,equal_weight,0.21181765202448571
2021-12-31,equal_weight,0.212236806712964
2022-01-03,equal_weight,0.2258399865137816
2022-01-04,equal_weight,0.2781924938624817
2022-01-05,equal_weight,0.2785816585831333
2022-01-06,equal_weight,0.3061530889508649
2022-01-07,equal_weight,0.321407878503955
2022-01-10,equal_weight,0.3318867740853543
2022-01-11,equal_weight,0.3451510662964869
2022-01-12,equal_weight,0.3759465764165877
2022-01-13,equal_weight,0.38397230683068345
2022-01-14,equal_weight,0.4059637294134126
2022-01-17,equal_weight,0.3929223462647406
2022-01-18,equal_weight,0.3987658982146093
2022-01-19,equal_weight,0.3730035509555993
2022-01-20,equal_weight,0.3450368870916249
2022-01-21,equal_weight,0.3156854999981849
2022-01-24,equal_weight,0.26895735746616783
2022-01-25,equal_weight,0.2781505282129842
2022-01-26,equal_weight,0.2778114905117409
2022-01-27,equal_weight,0.28420261721924944
2022-01-28,equal_weight,0.265555028785849
2022-01-31,equal_weight,0.27612980888403765
2022-02-01,equal_weight,0.291848984045535
2022-02-02,equal_weight,0.2805086407509573
2022-02-03,equal_weight,0.26902952191476154
2022-02-04,equal_weight,0.2797136642469182
2022-02-07,equal_weight,0.3087063689403144
2022-02-08,equal_weight,0.2991923776441453
2022-02-09,equal_weight,0.2973227595248867
2022-02-10,equal_weight,0.2878866304849521
2022-02-11,equal_weight,0.2596125636194057
2022-02-14,equal_weight,0.23380660867893754
2022-02-15,equal_weight,0.2694099339752798
2022-02-16,equal_weight,0.24901590967721618
2022-02-17,equal_weight,0.23322504727283133
2022-02-18,equal_weight,0.2078315826702625
2022-02-21,equal_weight,0.2112434006310129
2022-02-22,equal_weight,0.20255154161056851
2022-02-23,equal_weight,0.16637928901228072
2022-02-24,equal_weight,0.11684463960153861
2022-02-25,equal_weight,0.1374384148424779
2022-02-28,equal_weight,0.10301746645435561
2022-03-01,equal_weight,0.03215871813146451
2022-03-02,equal_weight,0.055894013690573
2022-03-03,equal_weight,0.046160494908107
2022-03-04,equal_weight,-0.023520039712198404
2022-03-07,equal_weight,-0.09578491481322579
2022-03-08,equal_weight,-0.0651711515712357
2022-03-09,equal_weight,0.014773664103898396
2022-03-10,equal_weight,0.0083583033839358
2022-03-11,equal_weight,0.005521942251274999
2022-03-14,equal_weight,0.0262372209680165
2022-03-15,equal_weight,0.016892010706135975
2022-03-16,equal_weight,0.07859965080077178
2022-03-17,equal_weight,0.05250462731627207
2022-03-18,equal_weight,0.07357139945405958
2022-03-21,equal_weight,0.06362883937874607
2022-03-22,equal_weight,0.08584503162618518
2022-03-23,equal_weight,0.06722059966073947
2022-03-24,equal_weight,0.057050129280883176
2022-03-25,equal_weight,0.051704329762907175
2022-03-28,equal_weight,0.054207663867999877
2022-03-29,equal_weight,0.08085005361641187
2022-03-30,equal_weight,0.06195776033498457
2022-03-31,equal_weight,0.04930532225306197
2022-04-01,equal_weight,0.04095730707963707
2022-04-04,equal_weight,0.04610638522324568
2022-04-05,equal_weight,0.015749846949755376
2022-04-06,equal_weight,-0.012353595704798524
2022-04-07,equal_weight,0.008121875937382474
2022-04-08,equal_weight,0.026728687882989974
2022-04-11,equal_weight,0.03533315344547407
2022-04-12,equal_weight,0.007932284711428272
2022-04-13,equal_weight,-0.01271302932174743
2022-04-14,equal_weight,-0.01705837131383433
2022-04-15,equal_weight,-0.03715497793029243
2022-04-18,equal_weight,-0.04748372048835263
2022-04-19,equal_weight,-0.030781221558887233
2022-04-20,equal_weight,-0.012463233517214626
2022-04-21,equal_weight,-0.004972171068684927
2022-04-22,equal_weight,-0.04479958926300093
2022-04-25,equal_weight,-0.08258482990767443
2022-04-26,equal_weight,-0.11412389559152122
2022-04-27,equal_weight,-0.136392127332738
2022-04-28,equal_weight,-0.11088393616468353
2022-04-29,equal_weight,-0.12439146535020563
2022-05-02,equal_weight,-0.12772065929277004
2022-05-03,equal_weight,-0.12647909990618653
2022-05-04,equal_weight,-0.1250426435377325
2022-05-05,equal_weight,-0.13990897480106193
2022-05-06,equal_weight,-0.14487491786106063
2022-05-09,equal_weight,-0.16631110215625033
2022-05-10,equal_weight,-0.17389242500103874
2022-05-11,equal_weight,-0.16881484751464793
2022-05-12,equal_weight,-0.17652008500493652
2022-05-13,equal_weight,-0.16124897068277103
2022-05-16,equal_weight,-0.17564600003893674
2022-05-17,equal_weight,-0.15460947298181432
2022-05-18,equal_weight,-0.15185298613150763
2022-05-19,equal_weight,-0.1722517739683535
2022-05-20,equal_weight,-0.16797572802110614
2022-05-23,equal_weight,-0.13381090589823544
2022-05-24,equal_weight,-0.11555281772085334
2022-05-25,equal_weight,-0.10879421004496673
2022-05-26,equal_weight,-0.08456470351233453
2022-05-27,equal_weight,-0.06261086507612754
2022-05-30,equal_weight,-0.05158879656324313
2022-05-31,equal_weight,-0.05503171630220103
2022-06-01,equal_weight,-0.05678580646964293
2022-06-02,equal_weight,-0.05978709153018503
2022-06-03,equal_weight,-0.052339694518021326
2022-06-06,equal_weight,-0.028115062944122124
2022-06-07,equal_weight,-0.000255161234261325
2022-06-08,equal_weight,-0.016512291762059927
2022-06-09,equal_weight,-0.043557154261370426
2022-06-10,equal_weight,-0.09409292425711602
2022-06-13,equal_weight,-0.1407949317620736
2022-06-14,equal_weight,-0.1485419607666358
2022-06-15,equal_weight,-0.11562534512948221
2022-06-16,equal_weight,-0.1360770734243106
2022-06-17,equal_weight,-0.1201735511798612
2022-06-20,equal_weight,-0.11849141958607132
2022-06-21,equal_weight,-0.09147865951603021
2022-06-22,equal_weight,-0.10579464952181132
2022-06-23,equal_weight,-0.11209928607295142
2022-06-24,equal_weight,-0.07789036562413822
2022-06-27,equal_weight,-0.051361023709101915
2022-06-28,equal_weight,-0.07676670354539891
2022-06-29,equal_weight,-0.10052290630071183
2022-06-30,equal_weight,-0.11751654227524891
2022-07-01,equal_weight,-0.11288321062309012
2022-07-04,equal_weight,-0.1153625467596228
2022-07-05,equal_weight,-0.12009042766715311
2022-07-06,equal_weight,-0.10516360880998132
2022-07-07,equal_weight,-0.098235476378211
2022-07-08,equal_weight,-0.1145508859916324
2022-07-11,equal_weight,-0.12141164010566241
2022-07-12,equal_weight,-0.1402313023119407
2022-07-13,equal_weight,-0.1656385276954394
2022-07-14,equal_weight,-0.1948095570213541
2022-07-15,equal_weight,-0.16750648642301302
2022-07-18,equal_weight,-0.16292214587025994
2022-07-19,equal_weight,-0.12045175950992751
2022-07-20,equal_weight,-0.11878962742610971
2022-07-21,equal_weight,-0.1293878427980973
2022-07-22,equal_weight,-0.13830557414068942
2022-07-25,equal_weight,-0.13236527524954242
2022-07-26,equal_weight,-0.16732919021477421
2022-07-27,equal_weight,-0.15725820301531832
2022-07-28,equal_weight,-0.16062490139449792
2022-07-29,equal_weight,-0.15152568854756282
2022-08-01,equal_weight,-0.1485578878036148
2022-08-02,equal_weight,-0.145526004747827
2022-08-03,equal_weight,-0.1276658269628034
2022-08-04,equal_weight,-0.11509428895323141
2022-08-05,equal_weight,-0.09670938295559872
2022-08-08,equal_weight,-0.08152194316272421
2022-08-09,equal_weight,-0.08045779981435001
2022-08-10,equal_weight,-0.0749514839345578
2022-08-11,equal_weight,-0.0689864714920749
2022-08-12,equal_weight,-0.0725879652474129
2022-08-15,equal_weight,-0.07376143062349032
2022-08-16,equal_weight,-0.07863625757279011
2022-08-17,equal_weight,-0.07924670948171111
2022-08-18,equal_weight,-0.07991334054087781
2022-08-19,equal_weight,-0.10971922827740971
2022-08-22,equal_weight,-0.13515279956860893
2022-08-23,equal_weight,-0.1383759417358936
2022-08-24,equal_weight,-0.14288973969559582
2022-08-25,equal_weight,-0.14027903162850752
2022-08-26,equal_weight,-0.14676604721329772
2022-08-29,equal_weight,-0.14856486237085612
2022-08-30,equal_weight,-0.13945293266502373
2022-08-31,equal_weight,-0.15727092398396583
2022-09-01,equal_weight,-0.15564269322476643
2022-09-02,equal_weight,-0.14169112544537202
2022-09-05,equal_weight,-0.16142571692155522
2022-09-06,equal_weight,-0.14816077042156062
2022-09-07,equal_weight,-0.11189866468239881
2022-09-08,equal_weight,-0.08121488127457381
2022-09-09,equal_weight,-0.086442770424154
2022-09-12,equal_weight,-0.0807711288341143
2022-09-13,equal_weight,-0.1048668392454551
2022-09-14,equal_weight,-0.13710580117953863
2022-09-15,equal_weight,-0.10800806919528001
2022-09-16,equal_weight,-0.12297220178609831
2022-09-19,equal_weight,-0.10714126633558381
2022-09-20,equal_weight,-0.11222270673261221
2022-09-21,equal_weight,-0.127552801808673
2022-09-22,equal_weight,-0.1698130246380591
2022-09-23,equal_weight,-0.1994929879446476
2022-09-26,equal_weight,-0.2424999849597444
2022-09-27,equal_weight,-0.2635490663386517
2022-09-28,equal_weight,-0.27609552479743205
2022-09-29,equal_weight,-0.28365983300805586
2022-09-30,equal_weight,-0.25062434370115055
2022-10-03,equal_weight,-0.24999295350366232
2022-10-04,equal_weight,-0.2208860281252708
2022-10-05,equal_weight,-0.23359697491147008
2022-10-06,equal_weight,-0.2531398159265077
2022-10-07,equal_weight,-0.27472318888325736
2022-10-10,equal_weight,-0.2769940396950801
2022-10-11,equal_weight,-0.3013197664329869
2022-10-12,equal_weight,-0.3142418332503767
2022-10-13,equal_weight,-0.27730608386809596
2022-10-14,equal_weight,-0.2524148450460141
2022-10-17,equal_weight,-0.2388489854825992
2022-10-18,equal_weight,-0.2256340439202268
2022-10-19,equal_weight,-0.2426172217518392
2022-10-20,equal_weight,-0.2418562161904418
2022-10-21,equal_weight,-0.2305787252330988
2022-10-24,equal_weight,-0.1936171853460135
2022-10-25,equal_weight,-0.18531275756516427
2022-10-26,equal_weight,-0.1816298916373719
2022-10-27,equal_weight,-0.1610926293120068
2022-10-28,equal_weight,-0.1772504617699938
2022-10-31,equal_weight,-0.17494254069309698
2022-11-01,equal_weight,-0.16577023349783568
2022-11-02,equal_weight,-0.1743637362849245
2022-11-03,equal_weight,-0.17277799001383098
2022-11-04,equal_weight,-0.1490843442334151
2022-11-07,equal_weight,-0.1288911746653575
2022-11-08,equal_weight,-0.0977390740508466
2022-11-09,equal_weight,-0.11469824568851719
2022-11-10,equal_weight,-0.10407560224270389
2022-11-11,equal_weight,-0.08122201360001378
2022-11-14,equal_weight,-0.0717325302687154
2022-11-15,equal_weight,-0.008843488621644486
2022-11-16,equal_weight,-0.017244556061068686
2022-11-17,equal_weight,-0.004377107202265988
2022-11-18,equal_weight,-0.012198549329462585
2022-11-21,equal_weight,-0.017519728356573186
2022-11-22,equal_weight,-0.008642762105000784
2022-11-23,equal_weight,-0.018177538471893684
2022-11-24,equal_weight,-0.016791989311024887
2022-11-25,equal_weight,-0.007765788357378089
2022-11-28,equal_weight,-0.02489786639026179
2022-11-29,equal_weight,-0.00758939551981359
2022-11-30,equal_weight,0.00885785977868981
2022-12-01,equal_weight,-0.010372466671526089
2022-12-02,equal_weight,0.0032429276818710115
2022-12-05,equal_weight,-0.03191531952147829
2022-12-06,equal_weight,-0.02682796172312439
2022-12-07,equal_weight,-0.01248605245359899
2022-12-08,equal_weight,-0.034450242210068587
2022-12-09,equal_weight,-0.031196725564066587
2022-12-12,equal_weight,-0.04376880728755369
2022-12-13,equal_weight,-0.03224258868740829
2022-12-14,equal_weight,-0.042321757639253686
2022-12-15,equal_weight,-0.062026377460005694
2022-12-16,equal_weight,-0.062403287261490185
2022-12-19,equal_weight,-0.06367925560877288
2022-12-20,equal_weight,-0.04100393106384799
2022-12-21,equal_weight,-0.039403719386464586
2022-12-22,equal_weight,-0.07672888926213409
2022-12-23,equal_weight,-0.07330029307890559
2022-12-26,equal_weight,-0.0905908647420242
2022-12-27,equal_weight,-0.1030426029587524
2022-12-28,equal_weight,-0.10783787416807898
2022-12-29,equal_weight,-0.10797846528329429
2022-12-30,equal_weight,-0.11568581270482468
2023-01-02,equal_weight,-0.11757788509801909
2023-01-03,equal_weight,-0.0968257840603918
2023-01-04,equal_weight,-0.07839228333429729
2023-01-05,equal_weight,-0.05608591586813669
2023-01-06,equal_weight,-0.03634151516425129
2023-01-09,equal_weight,-0.02544642411958819
2023-01-10,equal_weight,-0.003571680149030189
2023-01-11,equal_weight,0.02429260581142151
2023-01-12,equal_weight,0.022665016987913712
2023-01-13,equal_weight,0.020758965206392012
2023-01-16,equal_weight,0.015219230184828911
2023-01-17,equal_weight,0.02034969377242321
2023-01-18,equal_weight,0.011290998931647311
2023-01-19,equal_weight,-0.028943577316981786
2023-01-20,equal_weight,-0.026443334200819284
2023-01-23,equal_weight,-0.019155427757904485
2023-01-24,equal_weight,-0.024240090008290187
2023-01-25,equal_weight,-0.03166904761424249
2023-01-26,equal_weight,-0.02952508534722129
2023-01-27,equal_weight,-0.032150999972283184
2023-01-30,equal_weight,-0.035242608670736385
2023-01-31,equal_weight,-0.01697156243894629
2023-02-01,equal_weight,0.01726027141058791
2023-02-02,equal_weight,0.01111439413792161
2023-02-03,equal_weight,0.01276217683229441
2023-02-06,equal_weight,0.012597418361780105
2023-02-07,equal_weight,0.023138044468002605
2023-02-08,equal_weight,0.03586990851097541
2023-02-09,equal_weight,0.043190360554330495
2023-02-10,equal_weight,0.0465967702910227
2023-02-13,equal_weight,0.11466490698663509
2023-02-14,equal_weight,0.09411092593620929
2023-02-15,equal_weight,0.1328009723128514
2023-02-16,equal_weight,0.1942737248862828
2023-02-17,equal_weight,0.1728785310990531
2023-02-20,equal_weight,0.18710215128723978
2023-02-21,equal_weight,0.2397412539256911
2023-02-22,equal_weight,0.2763427681415217
2023-02-23,equal_weight,0.27040585283638313
2023-02-24,equal_weight,0.20152715570185928
2023-02-27,equal_weight,0.2227596582679329
2023-02-28,equal_weight,0.24196185004421128
2023-03-01,equal_weight,0.20765046560834027
2023-03-02,equal_weight,0.20282391183155052
2023-03-03,equal_weight,0.16759661600850312
2023-03-06,equal_weight,0.17823369221497312
2023-03-07,equal_weight,0.15828242253958721
2023-03-08,equal_weight,0.1557858484371214
2023-03-09,equal_weight,0.11103404368549413
2023-03-10,equal_weight,0.09796263010573461
2023-03-13,equal_weight,0.047222688072536226
2023-03-14,equal_weight,0.07006070520656701
2023-03-15,equal_weight,0.011391913217165123
2023-03-16,equal_weight,-0.007865467786845185
2023-03-17,equal_weight,-0.01909674051328049
2023-03-20,equal_weight,0.011397093782874117
2023-03-21,equal_weight,0.056764423212508616
2023-03-22,equal_weight,0.04707668952548922
2023-03-23,equal_weight,0.050649673242468725
2023-03-24,equal_weight,0.042669042429503326
2023-03-27,equal_weight,0.06574891870926482
2023-03-28,equal_weight,0.05986185610144762
2023-03-29,equal_weight,0.07137707271377072
2023-03-30,equal_weight,0.10032730970359502
2023-03-31,equal_weight,0.10953253825347542
2023-04-03,equal_weight,0.10091061741306859
2023-04-04,equal_weight,0.1051674204887204
2023-04-05,equal_weight,0.09827232038185979
2023-04-06,equal_weight,0.1018702482799937
2023-04-07,equal_weight,0.0872252060464024
2023-04-10,equal_weight,0.0848549058540395
2023-04-11,equal_weight,0.10935512114818059
2023-04-12,equal_weight,0.1398467923320628
2023-04-13,equal_weight,0.1716582496084271
2023-04-14,equal_weight,0.2072059702980834
2023-04-17,equal_weight,0.1898182862275906
2023-04-18,equal_weight,0.20561625632233907
2023-04-19,equal_weight,0.2206505953588649
2023-04-20,equal_weight,0.1920038419992133
2023-04-21,equal_weight,0.1813439935576442
2023-04-24,equal_weight,0.1954176221967338
2023-04-25,equal_weight,0.1904870289640018
2023-04-26,equal_weight,0.20641266579665987
2023-04-27,equal_weight,0.22080053913284478
2023-04-28,equal_weight,0.2082279896007159
2023-05-01,equal_weight,0.2103715765375849
2023-05-02,equal_weight,0.1749841670580315
2023-05-03,equal_weight,0.16946473563996997
2023-05-04,equal_weight,0.1281108387373919
2023-05-05,equal_weight,0.15623909153817378
2023-05-08,equal_weight,0.16531680692515638
2023-05-09,equal_weight,0.1587927735172072
2023-05-10,equal_weight,0.11639317263051449
2023-05-11,equal_weight,0.10921064166402779
2023-05-12,equal_weight,0.09273819161736449
2023-05-15,equal_weight,0.07733387630739089
2023-05-16,equal_weight,0.06186656895465569
2023-05-17,equal_weight,0.0729858132563393
2023-05-18,equal_weight,0.08277518242640788
2023-05-19,equal_weight,0.08574120035043328
2023-05-22,equal_weight,0.10083849950555739
2023-05-23,equal_weight,0.1051076066104224
2023-05-24,equal_weight,0.07535623591192989
2023-05-25,equal_weight,0.07797173099350929
2023-05-26,equal_weight,0.09048632098617879
2023-05-29,equal_weight,0.11180112568030438
2023-05-30,equal_weight,0.1556980321266536
2023-05-31,equal_weight,0.1708127250907888
2023-06-01,equal_weight,0.1849083305912423
2023-06-02,equal_weight,0.1938685147067405
2023-06-05,equal_weight,0.2023643932665685
2023-06-06,equal_weight,0.2048463437805454
2023-06-07,equal_weight,0.19803118113094087
2023-06-08,equal_weight,0.18625963165752119
2023-06-09,equal_weight,0.19102458175101739
2023-06-12,equal_weight,0.21897347977909037
2023-06-13,equal_weight,0.19852272395237278
2023-06-14,equal_weight,0.20539952777852688
2023-06-15,equal_weight,0.2029863274231457
2023-06-16,equal_weight,0.2230345996851001
2023-06-19,equal_weight,0.2549131769369938
2023-06-20,equal_weight,0.2439537443698706
2023-06-21,equal_weight,0.2429148433684919
2023-06-22,equal_weight,0.2533459735499332
2023-06-23,equal_weight,0.25609185317163796
2023-06-26,equal_weight,0.23364263393023538
2023-06-27,equal_weight,0.2345472895051776
2023-06-28,equal_weight,0.2529735749692964
2023-06-29,equal_weight,0.2780600712423835
2023-06-30,equal_weight,0.2970497492070567
2023-07-03,equal_weight,0.3431113122323188
2023-07-04,equal_weight,0.31412203336475103
2023-07-05,equal_weight,0.2892794494843031
2023-07-06,equal_weight,0.2265273439712203
2023-07-07,equal_weight,0.2364806801428568
2023-07-10,equal_weight,0.2429596802906523
2023-07-11,equal_weight,0.2633236580061381
2023-07-12,equal_weight,0.2697521668159942
2023-07-13,equal_weight,0.29804304129813747
2023-07-14,equal_weight,0.2846181955109978
2023-07-17,equal_weight,0.28910968306769896
2023-07-18,equal_weight,0.2857282484629106
2023-07-19,equal_weight,0.2942943071214031
2023-07-20,equal_weight,0.2994720455834796
2023-07-21,equal_weight,0.2832953184417838
2023-07-24,equal_weight,0.2878706970648682
2023-07-25,equal_weight,0.2676557879525054
2023-07-26,equal_weight,0.27508751121329195
2023-07-27,equal_weight,0.272761412751413
2023-07-28,equal_weight,0.2642408650655647
2023-07-31,equal_weight,0.2547125503063244
2023-08-01,equal_weight,0.2261062294572224
2023-08-02,equal_weight,0.21320647679438068
2023-08-03,equal_weight,0.21979605638920038
2023-08-04,equal_weight,0.23220424268036668
2023-08-07,equal_weight,0.24096140819669218
2023-08-08,equal_weight,0.24710212661365805
2023-08-09,equal_weight,0.2676372093977072
2023-08-10,equal_weight,0.2802699197973687
2023-08-11,equal_weight,0.2785825204067047
2023-08-14,equal_weight,0.27128468831649516
2023-08-15,equal_weight,0.27579105027044193
2023-08-16,equal_weight,0.27061373291639584
2023-08-17,equal_weight,0.2650481234086355
2023-08-18,equal_weight,0.2613723225578288
2023-08-21,equal_weight,0.27155151939532884
2023-08-22,equal_weight,0.2531343811356438
2023-08-23,equal_weight,0.2682627364498522
2023-08-24,equal_weight,0.26444572999991317
2023-08-25,equal_weight,0.2641580755146411
2023-08-28,equal_weight,0.2452678877547496
2023-08-29,equal_weight,0.23879609786910538
2023-08-30,equal_weight,0.2159875510809738
2023-08-31,equal_weight,0.2284690875775324
2023-09-01,equal_weight,0.23828464564992985
2023-09-04,equal_weight,0.22017861110154863
2023-09-05,equal_weight,0.21988286930109202
2023-09-06,equal_weight,0.20039627167401725
2023-09-07,equal_weight,0.20004387679993296
2023-09-08,equal_weight,0.21919119333439566
2023-09-11,equal_weight,0.24625042574558553
2023-09-12,equal_weight,0.29190087119486835
2023-09-13,equal_weight,0.3276674859744632
2023-09-14,equal_weight,0.3602703818242461
2023-09-15,equal_weight,0.3616692331583015
2023-09-18,equal_weight,0.3600472181440365
2023-09-19,equal_weight,0.35110043417005976
2023-09-20,equal_weight,0.3495514768326287
2023-09-21,equal_weight,0.2937761318977005
2023-09-22,equal_weight,0.2919700750863996
2023-09-25,equal_weight,0.30228857250046426
2023-09-26,equal_weight,0.3128971960232854
2023-09-27,equal_weight,0.31786229579763436
2023-09-28,equal_weight,0.3434175910047639
2023-09-29,equal_weight,0.35944182841089695
2023-10-02,equal_weight,0.30252023630269476
2023-10-03,equal_weight,0.2731064824679288
2023-10-04,equal_weight,0.25295418033462447
2023-10-05,equal_weight,0.24061967697588615
2023-10-06,equal_weight,0.26455385828509737
2023-10-09,equal_weight,0.26045734774709267
2023-10-10,equal_weight,0.26934301036646535
2023-10-11,equal_weight,0.2505157353791089
2023-10-12,equal_weight,0.23737543415351667
2023-10-13,equal_weight,0.21495412525480206
2023-10-16,equal_weight,0.21063972589848745
2023-10-17,equal_weight,0.22880582039894307
2023-10-18,equal_weight,0.21069130665926597
2023-10-19,equal_weight,0.19109128159342254
2023-10-20,equal_weight,0.17691064943381865
2023-10-23,equal_weight,0.17773960279377946
2023-10-24,equal_weight,0.15666189108593914
2023-10-25,equal_weight,0.14382836686422995
2023-10-26,equal_weight,0.12737760902450834
2023-10-27,equal_weight,0.12002691879916376
2023-10-30,equal_weight,0.11077148174467755
2023-10-31,equal_weight,0.09963110485155695
2023-11-01,equal_weight,0.09253154713467315
2023-11-02,equal_weight,0.10907180262952446
2023-11-03,equal_weight,0.13089284158452447
2023-11-06,equal_weight,0.13126061340259576
2023-11-07,equal_weight,0.12101344237932125
2023-11-08,equal_weight,0.11329353109336485
2023-11-09,equal_weight,0.11135093924575505
2023-11-10,equal_weight,0.10536917219359294
2023-11-13,equal_weight,0.09789498226835835
2023-11-14,equal_weight,0.11681410546453745
2023-11-15,equal_weight,0.15422071300084966
2023-11-16,equal_weight,0.13951593408525814
2023-11-17,equal_weight,0.15144422606230204
2023-11-20,equal_weight,0.16622969645408106
2023-11-21,equal_weight,0.15494233177268074
2023-11-22,equal_weight,0.16706676010606394
2023-11-23,equal_weight,0.17762422439801073
2023-11-24,equal_weight,0.18718884211150505
2023-11-27,equal_weight,0.18286714976051244
2023-11-28,equal_weight,0.17958057067296535
2023-11-29,equal_weight,0.19115207192247213
2023-11-30,equal_weight,0.18522297438362156
2023-12-01,equal_weight,0.19780391794943694
2023-12-04,equal_weight,0.22021039382365146
2023-12-05,equal_weight,0.21417563577422336
2023-12-06,equal_weight,0.22108586078447343
2023-12-07,equal_weight,0.19749373212648966
2023-12-08,equal_weight,0.19230862270008925
2023-12-11,equal_weight,0.19705919055960905
2023-12-12,equal_weight,0.18844240395536616
2023-12-13,equal_weight,0.19848101776537286
2023-12-14,equal_weight,0.22100212413528125
2023-12-15,equal_weight,0.21992505573015275
2023-12-18,equal_weight,0.20754644363608496
2023-12-19,equal_weight,0.21724019649897294
2023-12-20,equal_weight,0.20474619714366524
2023-12-21,equal_weight,0.18815945198484044
2023-12-22,equal_weight,0.17869111326341724
2023-12-25,equal_weight,0.17401776455166804
2023-12-26,equal_weight,0.1741802621691465
2023-12-27,equal_weight,0.17118620237850213
2023-12-28,equal_weight,0.1685194599417864
2023-12-29,equal_weight,0.16252468078065624
2024-01-01,equal_weight,0.147167972372733
2024-01-02,equal_weight,0.1381392876616901
2024-01-03,equal_weight,0.12188592311755542
2024-01-04,equal_weight,0.1377863396497796
2024-01-05,equal_weight,0.1529810012704182
2024-01-08,equal_weight,0.1701756688823898
2024-01-09,equal_weight,0.1466880038601844
2024-01-10,equal_weight,0.12718988144682
2024-01-11,equal_weight,0.109458528701441
2024-01-12,equal_weight,0.1018470870397304
2024-01-15,equal_weight,0.079444006420059
2024-01-16,equal_weight,0.0634519900446614
2024-01-17,equal_weight,0.052512987211066404
2024-01-18,equal_weight,0.0485715733011539
2024-01-19,equal_weight,0.0480191121216917
2024-01-22,equal_weight,0.0542021602280213
2024-01-23,equal_weight,0.0595856671197518
2024-01-24,equal_weight,0.0864301917399205
2024-01-25,equal_weight,0.0766341022154558
2024-01-26,equal_weight,0.07582551046370381
2024-01-29,equal_weight,0.07088779254340159
2024-01-30,equal_weight,0.0930335831245845
2024-01-31,equal_weight,0.0868169143286735
2024-02-01,equal_weight,0.06002321467458059
2024-02-02,equal_weight,0.07663792512600169
2024-02-05,equal_weight,0.055480631538456594
2024-02-06,equal_weight,0.060067617198867
2024-02-07,equal_weight,0.052509900813624916
2024-02-08,equal_weight,0.05732783846473912
2024-02-09,equal_weight,0.06374656884484652
2024-02-12,equal_weight,0.06982521524562851
2024-02-13,equal_weight,0.06382830888332873
2024-02-14,equal_weight,0.057098239330434813
2024-02-15,equal_weight,0.057995844880442515
2024-02-16,equal_weight,0.08040574388836252
2024-02-19,equal_weight,0.08831029170048532
2024-02-20,equal_weight,0.08053286014246641
2024-02-21,equal_weight,0.07372204859310862
2024-02-22,equal_weight,0.09660935171140192
2024-02-23,equal_weight,0.11195747090228872
2024-02-26,equal_weight,0.13167658107333952
2024-02-27,equal_weight,0.169273325428618
2024-02-28,equal_weight,0.2277537034195848
2024-02-29,equal_weight,0.20526947766222772
2024-03-01,equal_weight,0.2762144677281852
2024-03-04,equal_weight,0.2802406166443369
2024-03-05,equal_weight,0.31549864142343004
2024-03-06,equal_weight,0.30819276869121104
2024-03-07,equal_weight,0.2692146239495814
2024-03-08,equal_weight,0.28984695360104806
2024-03-11,equal_weight,0.30505321636497934
2024-03-12,equal_weight,0.34751066497790584
2024-03-13,equal_weight,0.33632925252605733
2024-03-14,equal_weight,0.3171800571759542
2024-03-15,equal_weight,0.3020441568129111
2024-03-18,equal_weight,0.29610479055103034
2024-03-19,equal_weight,0.2939053454428626
2024-03-20,equal_weight,0.29954226026024877
2024-03-21,equal_weight,0.32435744165996844
2024-03-22,equal_weight,0.32109900798396585
2024-03-25,equal_weight,0.30598599962001555
2024-03-26,equal_weight,0.3122899461637255
2024-03-27,equal_weight,0.31950728100257947
2024-03-28,equal_weight,0.3226631931300626
2024-03-29,equal_weight,0.31644643679606155
2024-04-01,equal_weight,0.30603592057394036
2024-04-02,equal_weight,0.27083403718174087
2024-04-03,equal_weight,0.29218184725402213
2024-04-04,equal_weight,0.29461374194425866
2024-04-05,equal_weight,0.27722917511209955
2024-04-08,equal_weight,0.29527022220160754
2024-04-09,equal_weight,0.2937412425452595
2024-04-10,equal_weight,0.28775723629575695
2024-04-11,equal_weight,0.2841250018166281
2024-04-12,equal_weight,0.28452145760990033
2024-04-15,equal_weight,0.26327658161720363
2024-04-16,equal_weight,0.24539013318345734
2024-04-17,equal_weight,0.256855387208526
2024-04-18,equal_weight,0.29985631562377824
2024-04-19,equal_weight,0.31073808889784327
2024-04-22,equal_weight,0.3419679347039845
2024-04-23,equal_weight,0.3289234312016738
2024-04-24,equal_weight,0.3292990461700675
2024-04-25,equal_weight,0.3316994018692718
2024-04-26,equal_weight,0.3471777717469767
2024-04-29,equal_weight,0.33885046025405496
2024-04-30,equal_weight,0.3394524267769452
2024-05-01,equal_weight,0.3345996708194148
2024-05-02,equal_weight,0.35115064481260944
2024-05-03,equal_weight,0.33619007239794696
2024-05-06,equal_weight,0.33716629074155013
2024-05-07,equal_weight,0.36004080168638736
2024-05-08,equal_weight,0.34898419135054876
2024-05-09,equal_weight,0.3451880468124955
2024-05-10,equal_weight,0.37504759532866905
2024-05-13,equal_weight,0.3775933103226732
2024-05-14,equal_weight,0.38789822510573035
2024-05-15,equal_weight,0.39891982504525736
2024-05-16,equal_weight,0.40888337051135326
2024-05-17,equal_weight,0.43074852236319616
2024-05-20,equal_weight,0.4146230099565368
2024-05-21,equal_weight,0.38913153012035456
2024-05-22,equal_weight,0.39278723078526706
2024-05-23,equal_weight,0.3729424361574126
2024-05-24,equal_weight,0.37017936967938164
2024-05-27,equal_weight,0.37140353458442976
2024-05-28,equal_weight,0.37150182415500455
2024-05-29,equal_weight,0.36015839820116236
2024-05-30,equal_weight,0.3621909601733606
2024-05-31,equal_weight,0.36498218638237856
2024-06-03,equal_weight,0.36458065222696673
2024-06-04,equal_weight,0.3424818777757536
2024-06-05,equal_weight,0.3356293271193041
2024-06-06,equal_weight,0.35271072188908487
2024-06-07,equal_weight,0.3570951272787692
2024-06-10,equal_weight,0.3550696769290631
2024-06-11,equal_weight,0.34735400183081283
2024-06-12,equal_weight,0.35414560022013697
2024-06-13,equal_weight,0.332825691502368
2024-06-14,equal_weight,0.3114038230125438
2024-06-17,equal_weight,0.3047462308480419
2024-06-18,equal_weight,0.3093437184436524
2024-06-19,equal_weight,0.2951968148970387
2024-06-20,equal_weight,0.30479469348262944
2024-06-21,equal_weight,0.29488962371825805
2024-06-24,equal_weight,0.33558917858306286
2024-06-25,equal_weight,0.32113881032753105
2024-06-26,equal_weight,0.31111009477720875
2024-06-27,equal_weight,0.29649263553848904
2024-06-28,equal_weight,0.28540873860642796
2024-07-01,equal_weight,0.2904854710329691
2024-07-02,equal_weight,0.29186921110547487
2024-07-03,equal_weight,0.29572849545043717
2024-07-04,equal_weight,0.28973571024408395
2024-07-05,equal_weight,0.27206410626053307
2024-07-08,equal_weight,0.27119332848185385
2024-07-09,equal_weight,0.2759841293197937
2024-07-10,equal_weight,0.27913428375115706
2024-07-11,equal_weight,0.2897560296107263
2024-07-12,equal_weight,0.28871829436905044
2024-07-15,equal_weight,0.2944077869650368
2024-07-16,equal_weight,0.302138767648047
2024-07-17,equal_weight,0.30519357483412646
2024-07-18,equal_weight,0.31790202860845457
2024-07-19,equal_weight,0.3289600412510034
2024-07-22,equal_weight,0.3333492492288633
2024-07-23,equal_weight,0.33352096912600687
2024-07-24,equal_weight,0.3158083750855464
2024-07-25,equal_weight,0.33295487752330216
2024-07-26,equal_weight,0.34205171524167854
2024-07-29,equal_weight,0.33187414050075265
2024-07-30,equal_weight,0.34000186044381836
2024-07-31,equal_weight,0.3431394656568489
2024-08-01,equal_weight,0.3241982353085769
2024-08-02,equal_weight,0.27644399865316277
2024-08-05,equal_weight,0.2493239819336221
2024-08-06,equal_weight,0.25719998068565825
2024-08-07,equal_weight,0.2766546749920751
2024-08-08,equal_weight,0.2803312850577136
2024-08-09,equal_weight,0.2882302082947006
2024-08-12,equal_weight,0.28499144025831463
2024-08-13,equal_weight,0.30339607455681616
2024-08-14,equal_weight,0.3053287579777074
2024-08-15,equal_weight,0.30750910827710176
2024-08-16,equal_weight,0.31668429853110286
2024-08-19,equal_weight,0.3283929672566788
2024-08-20,equal_weight,0.32263854008665793
2024-08-21,equal_weight,0.3261135653483016
2024-08-22,equal_weight,0.34308014252042823
2024-08-23,equal_weight,0.3699064869478276
2024-08-26,equal_weight,0.38155714692439163
2024-08-27,equal_weight,0.38213625508872134
2024-08-28,equal_weight,0.3685492012186893
2024-08-29,equal_weight,0.3544201060434095
2024-08-30,equal_weight,0.3563998088792376
2024-09-02,equal_weight,0.3355218510784239
2024-09-03,equal_weight,0.3326795806332192
2024-09-04,equal_weight,0.3371238607281068
2024-09-05,equal_weight,0.33681819462858836
2024-09-06,equal_weight,0.3078297020023386
2024-09-09,equal_weight,0.3295163664803728
2024-09-10,equal_weight,0.3182087256972498
2024-09-11,equal_weight,0.3302830366640976
2024-09-12,equal_weight,0.3425831843667861
2024-09-13,equal_weight,0.3573547791040913
2024-09-16,equal_weight,0.3570009480846038
2024-09-17,equal_weight,0.3589420735994711
2024-09-18,equal_weight,0.3736773923581646
2024-09-19,equal_weight,0.4117472329368664
2024-09-20,equal_weight,0.4157018902022052
2024-09-23,equal_weight,0.3976458234554987
2024-09-24,equal_weight,0.3878458518776154
2024-09-25,equal_weight,0.3884971944270867
2024-09-26,equal_weight,0.3863256674649385
2024-09-27,equal_weight,0.3879555897248427
2024-09-30,equal_weight,0.3905574505624593
2024-10-01,equal_weight,0.3902913954095417
2024-10-02,equal_weight,0.3760378980296916
2024-10-03,equal_weight,0.3614481072080984
2024-10-04,equal_weight,0.39619066262382313
2024-10-07,equal_weight,0.42003665854930283
2024-10-08,equal_weight,0.4289258030685109
2024-10-09,equal_weight,0.4377762131938464
2024-10-10,equal_weight,0.4415298852150591
2024-10-11,equal_weight,0.457665639721265
2024-10-14,equal_weight,0.4665250183164628
2024-10-15,equal_weight,0.4820058515937936
2024-10-16,equal_weight,0.4833024581005675
2024-10-17,equal_weight,0.4776712160718669
2024-10-18,equal_weight,0.4766438586318827
2024-10-21,equal_weight,0.44319017895435553
2024-10-22,equal_weight,0.42542705762283906
2024-10-23,equal_weight,0.4153135769746697
2024-10-24,equal_weight,0.4196957166810897
2024-10-25,equal_weight,0.41867128337942877
2024-10-28,equal_weight,0.4280076492777284
2024-10-29,equal_weight,0.430482335846703
2024-10-30,equal_weight,0.421867533420301
2024-10-31,equal_weight,0.3997343780937865
2024-11-01,equal_weight,0.3900932099323208
2024-11-04,equal_weight,0.3941065754130845
2024-11-05,equal_weight,0.3855082830300215
2024-11-06,equal_weight,0.4174216535435429
2024-11-07,equal_weight,0.401905550932492
2024-11-08,equal_weight,0.4027018556885661
2024-11-11,equal_weight,0.41752169818036133
2024-11-12,equal_weight,0.39884629329615556
2024-11-13,equal_weight,0.3980590755977291
2024-11-14,equal_weight,0.3968042733305307
2024-11-15,equal_weight,0.3907155384157863
2024-11-18,equal_weight,0.3873957674285693
2024-11-19,equal_weight,0.3750487685197314
2024-11-20,equal_weight,0.36783675513964503
2024-11-21,equal_weight,0.3785451495477864
2024-11-22,equal_weight,0.36416732948891883
2024-11-25,equal_weight,0.37251836944292643
2024-11-26,equal_weight,0.343658558106382
2024-11-27,equal_weight,0.3455170840331969
2024-11-28,equal_weight,0.36183834339075605
2024-11-29,equal_weight,0.3571037873260035
2024-12-02,equal_weight,0.3336938942990752
2024-12-03,equal_weight,0.33608200941618444
2024-12-04,equal_weight,0.3441055908635339
2024-12-05,equal_weight,0.3535683870660057
2024-12-06,equal_weight,0.3556253920229609
2024-12-09,equal_weight,0.3537041708618535
2024-12-10,equal_weight,0.3399744285640012
2024-12-11,equal_weight,0.3426524393533213
2024-12-12,equal_weight,0.33971085114227567
2024-12-13,equal_weight,0.32950519294016756
2024-12-16,equal_weight,0.3301382540874265
2024-12-17,equal_weight,0.31656643029137055
2024-12-18,equal_weight,0.3082537885579475
2024-12-19,equal_weight,0.28455237804872785
2024-12-20,equal_weight,0.2990796756822926
2024-12-23,equal_weight,0.29470234657649175
2024-12-24,equal_weight,0.29084548065520055
2024-12-25,equal_weight,0.2865971718956082
2024-12-26,equal_weight,0.2969455437376204
2024-12-27,equal_weight,0.30867256093825796
2024-12-30,equal_weight,0.32262826429316965
2024-12-31,equal_weight,0.3284320247280203
2025-01-02,equal_weight,0.32843935527649587
2025-01-03,equal_weight,0.3403802212083569
2025-01-06,equal_weight,0.37012734390495705
2025-01-07,equal_weight,0.37011477410855625
2025-01-08,equal_weight,0.36466332975020127
2025-01-09,equal_weight,0.35431002963757124
2025-01-10,equal_weight,0.335916024812013
2025-01-13,equal_weight,0.3281683554071248
2025-01-14,equal_weight,0.3432598734307189
2025-01-15,equal_weight,0.37162618611758896
2025-01-16,equal_weight,0.375679112138077
2025-01-17,equal_weight,0.37069575485564177
2025-01-20,equal_weight,0.3806230639597289
2025-01-21,equal_weight,0.4115430640101991
2025-01-22,equal_weight,0.39072049703056283
2025-01-23,equal_weight,0.41496379053942967
2025-01-24,equal_weight,0.4183899630348159
2025-01-27,equal_weight,0.43068029302139366
2025-01-28,equal_weight,0.4383154860871207
2025-01-29,equal_weight,0.44905494363600557
2025-01-30,equal_weight,0.44119991275097054
2025-01-31,equal_weight,0.44982283540908546
2025-02-03,equal_weight,0.42171734588011045
2025-02-04,equal_weight,0.41924427709330186
2025-02-05,equal_weight,0.4177518571425405
2025-02-06,equal_weight,0.4442816952452875
2025-02-07,equal_weight,0.4382974423498263
2025-02-10,equal_weight,0.4257815541958459
2025-02-11,equal_weight,0.4261223334739446
2025-02-12,equal_weight,0.4260945149296749
2025-02-13,equal_weight,0.42404611920968244
2025-02-14,equal_weight,0.42770417370710606
2025-02-17,equal_weight,0.43411181134337434
2025-02-18,equal_weight,0.4489223693662996
2025-02-19,equal_weight,0.4298404456445894
2025-02-20,equal_weight,0.4082225323139664
2025-02-21,equal_weight,0.40711228205566136
2025-02-24,equal_weight,0.40092842565439096
2025-02-25,equal_weight,0.3971726890967869
2025-02-26,equal_weight,0.409750767662868
2025-02-27,equal_weight,0.40686650267821334
2025-02-28,equal_weight,0.4008218528899888
2025-03-03,equal_weight,0.3986793552089192
2025-03-04,equal_weight,0.37070442919343516
2025-03-05,equal_weight,0.4035779794442161
2025-03-06,equal_weight,0.41004556419798516
2025-03-07,equal_weight,0.39776023731700644
2025-03-10,equal_weight,0.35962276127619597
2025-03-11,equal_weight,0.31800663069061347
2025-03-12,equal_weight,0.34190520362408394
2025-03-13,equal_weight,0.33970658726690167
2025-03-14,equal_weight,0.3565197108822925
2025-03-17,equal_weight,0.35741756781174344
2025-03-18,equal_weight,0.37376051389279685
2025-03-19,equal_weight,0.3768416701705502
2025-03-20,equal_weight,0.3711875972363518
2025-03-21,equal_weight,0.37741670560685137
2025-03-24,equal_weight,0.3731265780629694
2025-03-25,equal_weight,0.3734910915480967
2025-03-26,equal_weight,0.3734121780492427
2025-03-27,equal_weight,0.35236570335773965
2025-03-28,equal_weight,0.34000106619266157
2025-03-31,equal_weight,0.3337333796016353
2025-04-01,equal_weight,0.36190848417008054
2025-04-02,equal_weight,0.3717809322473148
2025-04-03,equal_weight,0.30402733166798157
2025-04-04,equal_weight,0.2565151868946538
2025-04-07,equal_weight,0.22327619628318135
2025-04-08,equal_weight,0.22263531726294214
2025-04-09,equal_weight,0.22703324679919407
2025-04-10,equal_weight,0.23195110470089764
2025-04-11,equal_weight,0.23365594111314825
2025-04-14,equal_weight,0.26284058446035374
2025-04-15,equal_weight,0.2854002110648071
2025-04-16,equal_weight,0.2694099854746336
2025-04-17,equal_weight,0.28260840249090213
2025-04-18,equal_weight,0.28617332652206845
2025-04-21,equal_weight,0.28169380716289844
2025-04-22,equal_weight,0.29436930320889915
2025-04-23,equal_weight,0.3165377034709965
2025-04-24,equal_weight,0.31006495899793785
2025-04-25,equal_weight,0.3060600914470327
2025-04-28,equal_weight,0.30900606213305365
2025-04-29,equal_weight,0.32414494206115596
2025-04-30,equal_weight,0.3093195501826727
2025-05-01,equal_weight,0.3037962229993647
2025-05-02,equal_weight,0.30660628892804676
2025-05-05,equal_weight,0.3006789076307011
2025-05-06,equal_weight,0.29091927383262867
2025-05-07,equal_weight,0.29004913802695276
2025-05-08,equal_weight,0.30620182454039635
2025-05-09,equal_weight,0.306745970951623
2025-05-12,equal_weight,0.3446907468071931
2025-05-13,equal_weight,0.35060523507600994
2025-05-14,equal_weight,0.36369552000011096
2025-05-15,equal_weight,0.3597461038240392
2025-05-16,equal_weight,0.3611026863177946
2025-05-19,equal_weight,0.3784333606213889
2025-05-20,equal_weight,0.3788373714264529
2025-05-21,equal_weight,0.3633041088895275
2025-05-22,equal_weight,0.36603985125292704
2025-05-23,equal_weight,0.36840983491734863
2025-05-26,equal_weight,0.3842873384388382
2025-05-27,equal_weight,0.3889653188842612
2025-05-28,equal_weight,0.372346285033034
2025-05-29,equal_weight,0.3873374132606163
2025-05-30,equal_weight,0.4185782624559797
2025-06-02,equal_weight,0.41021091999251436
2025-06-03,equal_weight,0.4338846317378457
2025-06-04,equal_weight,0.44059301254173583
2025-06-05,equal_weight,0.4409028243344678
2025-06-06,equal_weight,0.4440012887270227
2025-06-09,equal_weight,0.44126958375509273
2025-06-10,equal_weight,0.4215508950436085
2025-06-11,equal_weight,0.43705736441075105
2025-06-12,equal_weight,0.4269184048793333
2025-06-13,equal_weight,0.42115616360582103
2025-06-16,equal_weight,0.43973758613943525
2025-06-17,equal_weight,0.4261655433408096
2025-06-18,equal_weight,0.42377522006839724
2025-06-19,equal_weight,0.3922036289116918
2025-06-20,equal_weight,0.4018288751608948
2025-06-23,equal_weight,0.3888133481296696
2025-06-24,equal_weight,0.4059404048822361
2025-06-25,equal_weight,0.4114111482351399
2025-06-26,equal_weight,0.4170033786213869
2025-06-27,equal_weight,0.431641092251355
2025-06-30,equal_weight,0.42401098421767586
2025-07-01,equal_weight,0.41793317695609145
2025-07-02,equal_weight,0.4252341010442363
2025-07-03,equal_weight,0.43180142758503404
2025-07-04,equal_weight,0.41140533564731374
2025-07-07,equal_weight,0.40750062287780914
2025-07-08,equal_weight,0.4077853068310067
2025-07-09,equal_weight,0.4262604395039995
2025-07-10,equal_weight,0.4179018060913851
2025-07-11,equal_weight,0.4010717403157442
2025-07-14,equal_weight,0.41606868463007823
2025-07-15,equal_weight,0.4082406781390768
2025-07-16,equal_weight,0.39633626891082063
2025-07-17,equal_weight,0.41353577267996
2025-07-18,equal_weight,0.4064410356087048
2025-07-21,equal_weight,0.4101175983426371
2025-07-22,equal_weight,0.4475269706004024
2025-07-23,equal_weight,0.5232237389645499
2025-07-24,equal_weight,0.5681894919875131
2025-07-25,equal_weight,0.5652564894785899
2025-07-28,equal_weight,0.5372950204344595
2025-07-29,equal_weight,0.5386368983133897
2025-07-30,equal_weight,0.5354274345455231
2025-07-31,equal_weight,0.5280795628355853
2025-08-01,equal_weight,0.4902542290704173
2025-08-04,equal_weight,0.5039279445159686
2025-08-05,equal_weight,0.48411097658779706
2025-08-06,equal_weight,0.4801510927325683
2025-08-07,equal_weight,0.4796714303562356
2025-08-08,equal_weight,0.5036237804122377
2025-08-11,equal_weight,0.5048780785985771
2025-08-12,equal_weight,0.5091459714115548
2025-08-13,equal_weight,0.5041667259072752
2025-08-14,equal_weight,0.5138499637502116
2025-08-15,equal_weight,0.5013434638493038
2025-08-18,equal_weight,0.5013548134064884
2025-08-19,equal_weight,0.49880860733187893
2025-08-20,equal_weight,0.49261397068105117
2025-08-21,equal_weight,0.4998305763280894
2025-08-22,equal_weight,0.5216364855066158
2025-08-25,equal_weight,0.5304878705094881
2025-08-26,equal_weight,0.5098608264736657
2025-08-27,equal_weight,0.5240352690297206
2025-08-28,equal_weight,0.5128729152656505
2025-08-29,equal_weight,0.5304751925627933
2025-09-01,equal_weight,0.528577174732839
2025-09-02,equal_weight,0.5132745147316919
2025-09-03,equal_weight,0.4924930662647465
2025-09-04,equal_weight,0.5055942374873234
2025-09-05,equal_weight,0.4833568449348756
2025-09-08,equal_weight,0.4949676515938804
2025-09-09,equal_weight,0.4892175095645705
2025-09-10,equal_weight,0.49428793474801647
2025-09-11,equal_weight,0.5134607895156805
2025-09-12,equal_weight,0.5126634403492905
2025-09-15,equal_weight,0.5289604886294327
2025-09-16,equal_weight,0.496251646253721
2025-09-17,equal_weight,0.49807031024649184
2025-09-18,equal_weight,0.5068847485305503
2025-09-19,equal_weight,0.5264319284345225
2025-09-22,equal_weight,0.528030020315856
2025-09-23,equal_weight,0.537833843278103
2025-09-24,equal_weight,0.5182898244680941
2025-09-25,equal_weight,0.49989930305143804
2025-09-26,equal_weight,0.5155087785256071
2025-09-29,equal_weight,0.5060493046907121
2025-09-30,equal_weight,0.5074121042677918
2025-10-01,equal_weight,0.487417694343147
2025-10-02,equal_weight,0.47674725956275243
2025-10-03,equal_weight,0.48460996813023133
2025-10-06,equal_weight,0.46687775437854634
2025-10-07,equal_weight,0.45428602641733906
2025-10-08,equal_weight,0.45710812875489204
2025-10-09,equal_weight,0.4585344336544484
2025-10-10,equal_weight,0.4394353558708628
2025-10-13,equal_weight,0.45576349321911375
2025-10-14,equal_weight,0.4576911364329704
2025-10-15,equal_weight,0.4670368959242471
2025-10-16,equal_weight,0.4575403647055439
2025-10-17,equal_weight,0.4389153516199182
2025-10-20,equal_weight,0.45146487349625053
2025-10-21,equal_weight,0.44664113377832926
2025-10-22,equal_weight,0.4316076933567353
2025-10-23,equal_weight,0.43651308341823525
2025-10-24,equal_weight,0.4393941331314212
2025-10-27,equal_weight,0.41412864278901357
2025-10-28,equal_weight,0.44048318821021404
2025-10-29,equal_weight,0.4457571138335647
2025-10-30,equal_weight,0.43186316955919196
2025-10-31,equal_weight,0.44639246035813834
2025-11-03,equal_weight,0.4491287614717101
2025-11-04,equal_weight,0.44738261815177605
2025-11-05,equal_weight,0.44123368339502367
2025-11-06,equal_weight,0.44267250109935374
2025-11-07,equal_weight,0.44601112190448594
2025-11-10,equal_weight,0.46745129877833025
2025-11-11,equal_weight,0.4723906865866733
2025-11-12,equal_weight,0.4985907150165987
2025-11-13,equal_weight,0.48621061935823107
2025-11-14,equal_weight,0.48290473131074185
2025-11-17,equal_weight,0.47035767591861366
2025-11-18,equal_weight,0.4389836363764159
2025-11-19,equal_weight,0.4385813280307813
2025-11-20,equal_weight,0.43350493470360546
2025-11-21,equal_weight,0.43229472967201965
2025-11-24,equal_weight,0.44138773080077565
2025-11-25,equal_weight,0.4413366050763839
2025-11-26,equal_weight,0.4612696602238024
2025-11-27,equal_weight,0.4696651830095061
2025-11-28,equal_weight,0.4774471167126239
2025-12-01,equal_weight,0.47490530983850715
2025-12-02,equal_weight,0.48514111920339875
2025-12-03,equal_weight,0.48960757719494963
2025-12-04,equal_weight,0.5020269356777801
2025-12-05,equal_weight,0.5145061206579199
2025-12-08,equal_weight,0.5273186182328587
2025-12-09,equal_weight,0.5442915868510649
2025-12-10,equal_weight,0.5560785278101829
2025-12-11,equal_weight,0.565007686823716
2025-12-12,equal_weight,0.5567643615320488
2025-12-15,equal_weight,0.568052458237782
2025-12-16,equal_weight,0.5631955485023947
2025-12-17,equal_weight,0.5647576424455338
2025-12-18,equal_weight,0.5680834730458868
2025-12-19,equal_weight,0.5779876886459464
2025-12-22,equal_weight,0.5838719175954175
2025-12-23,equal_weight,0.5920337033969341
2025-12-24,equal_weight,0.5769829264376196
2025-12-25,equal_weight,0.5737682572525643
2025-12-26,equal_weight,0.5717136946929006
2025-12-29,equal_weight,0.5657538037835422
2025-12-30,equal_weight,0.5890504478782603
2005-01-03,linear,
2005-01-04,linear,
2005-01-05,linear,
2005-01-06,linear,
2005-01-07,linear,
2005-01-10,linear,
2005-01-11,linear,
2005-01-12,linear,
2005-01-13,linear,
2005-01-14,linear,
2005-01-17,linear,
2005-01-18,linear,
2005-01-19,linear,
2005-01-20,linear,
2005-01-21,linear,
2005-01-24,linear,
2005-01-25,linear,
2005-01-26,linear,
2005-01-27,linear,
2005-01-28,linear,
2005-01-31,linear,
2005-02-01,linear,
2005-02-02,linear,
2005-02-03,linear,
2005-02-04,linear,
2005-02-07,linear,
2005-02-08,linear,
2005-02-09,linear,
2005-02-10,linear,
2005-02-11,linear,
2005-02-14,linear,
2005-02-15,linear,
2005-02-16,linear,
2005-02-17,linear,
2005-02-18,linear,
2005-02-21,linear,
2005-02-22,linear,
2005-02-23,linear,
2005-02-24,linear,
2005-02-25,linear,
2005-02-28,linear,
2005-03-01,linear,
2005-03-02,linear,
2005-03-03,linear,
2005-03-04,linear,
2005-03-07,linear,
2005-03-08,linear,
2005-03-09,linear,
2005-03-10,linear,
2005-03-11,linear,
2005-03-14,linear,
2005-03-15,linear,
2005-03-16,linear,
2005-03-17,linear,
2005-03-18,linear,
2005-03-21,linear,
2005-03-22,linear,
2005-03-23,linear,
2005-03-24,linear,
2005-03-25,linear,
2005-03-28,linear,
2005-03-29,linear,
2005-03-30,linear,
2005-03-31,linear,
2005-04-01,linear,
2005-04-04,linear,
2005-04-05,linear,
2005-04-06,linear,
2005-04-07,linear,
2005-04-08,linear,
2005-04-11,linear,
2005-04-12,linear,
2005-04-13,linear,
2005-04-14,linear,
2005-04-15,linear,
2005-04-18,linear,
2005-04-19,linear,
2005-04-20,linear,
2005-04-21,linear,
2005-04-22,linear,
2005-04-25,linear,
2005-04-26,linear,
2005-04-27,linear,
2005-04-28,linear,
2005-04-29,linear,
2005-05-02,linear,
2005-05-03,linear,
2005-05-04,linear,
2005-05-05,linear,
2005-05-06,linear,
2005-05-09,linear,
2005-05-10,linear,
2005-05-11,linear,
2005-05-12,linear,
2005-05-13,linear,
2005-05-16,linear,
2005-05-17,linear,
2005-05-18,linear,
2005-05-19,linear,
2005-05-20,linear,
2005-05-23,linear,
2005-05-24,linear,
2005-05-25,linear,
2005-05-26,linear,
2005-05-27,linear,
2005-05-30,linear,
2005-05-31,linear,
2005-06-01,linear,
2005-06-02,linear,
2005-06-03,linear,
2005-06-06,linear,
2005-06-07,linear,
2005-06-08,linear,
2005-06-09,linear,
2005-06-10,linear,
2005-06-13,linear,
2005-06-14,linear,
2005-06-15,linear,
2005-06-16,linear,
2005-06-17,linear,
2005-06-20,linear,
2005-06-21,linear,
2005-06-22,linear,
2005-06-23,linear,
2005-06-24,linear,
2005-06-27,linear,-0.022757901275331567
2005-06-28,linear,-0.014575791760123857
2005-06-29,linear,-0.02497657257989122
2005-06-30,linear,-0.029069242628376415
2005-07-01,linear,-0.028845633069696595
2005-07-04,linear,-0.02592714156602284
2005-07-05,linear,-0.027388749526692624
2005-07-06,linear,-0.03945401230526012
2005-07-07,linear,-0.01091629191004471
2005-07-08,linear,-0.010835430488488822
2005-07-11,linear,-0.00034357951195281646
2005-07-12,linear,0.005683438897474892
2005-07-13,linear,0.019226288168247604
2005-07-14,linear,0.01664342331965327
2005-07-15,linear,0.016524541724512887
2005-07-18,linear,0.011463154109732813
2005-07-19,linear,0.018751751362687898
2005-07-20,linear,0.025311676010493805
2005-07-21,linear,0.023762375205033704
2005-07-22,linear,0.023598496755343815
2005-07-25,linear,0.01980889639181463
2005-07-26,linear,0.024739358470340256
2005-07-27,linear,0.030208613869031113
2005-07-28,linear,0.019388946972115188
2005-07-29,linear,0.01925968732563442
2005-08-01,linear,0.03344034721002168
2005-08-02,linear,0.05098662492735705
2005-08-03,linear,0.03816606728190861
2005-08-04,linear,0.03110111228655117
2005-08-05,linear,0.030900459949218577
2005-08-08,linear,0.043370298757174706
2005-08-09,linear,0.04950768045106417
2005-08-10,linear,0.05718553072368628
2005-08-11,linear,0.05156133097052868
2005-08-12,linear,0.051239072651962876
2005-08-15,linear,0.04077835306108766
2005-08-16,linear,0.03517304336375155
2005-08-17,linear,0.020398800539560773
2005-08-18,linear,0.03294129345007028
2005-08-19,linear,0.03274164924734258
2005-08-22,linear,0.022950773656913257
2005-08-23,linear,0.021501295514832222
2005-08-24,linear,0.02164243561127777
2005-08-25,linear,0.011006253189289215
2005-08-26,linear,0.010941510523469866
2005-08-29,linear,0.010230808511158
2005-08-30,linear,0.027428974649415586
2005-08-31,linear,0.0433941542608012
2005-09-01,linear,0.04129661620645073
2005-09-02,linear,0.041060635542413876
2005-09-05,linear,0.052045566324401354
2005-09-06,linear,0.05495950287982947
2005-09-07,linear,0.051817376158952974
2005-09-08,linear,0.05634625661874369
2005-09-09,linear,0.05603322185975068
2005-09-12,linear,0.04146293885237323
2005-09-13,linear,0.043392385765796695
2005-09-14,linear,0.0376872172424386
2005-09-15,linear,0.04788560483250748
2005-09-16,linear,0.047626763725304735
2005-09-19,linear,0.053427992385952826
2005-09-20,linear,0.03591865970833122
2005-09-21,linear,0.03659454292495373
2005-09-22,linear,0.034075219644386555
2005-09-23,linear,0.03389587638310031
2005-09-26,linear,0.0272573621906089
2005-09-27,linear,0.06427619426715732
2005-09-28,linear,0.06992257443098422
2005-09-29,linear,0.07059028113643404
2005-09-30,linear,0.07022827969470873
2005-10-03,linear,0.06466211049881972
2005-10-04,linear,0.05528682609504516
2005-10-05,linear,0.045297514480721
2005-10-06,linear,0.04517763757953102
2005-10-07,linear,0.044951749391633364
2005-10-10,linear,0.04332646255725543
2005-10-11,linear,0.0373654885390708
2005-10-12,linear,0.03036691493166861
2005-10-13,linear,0.04644479746856275
2005-10-14,linear,0.046218237480911216
2005-10-17,linear,0.03734457443892575
2005-10-18,linear,0.023138755182122085
2005-10-19,linear,0.036468943064287405
2005-10-20,linear,0.03834467584363599
2005-10-21,linear,0.03816208214914248
2005-10-24,linear,0.04467661590940852
2005-10-25,linear,0.052355360053973884
2005-10-26,linear,0.04814227979130952
2005-10-27,linear,0.04715726656716639
2005-10-28,linear,0.046937930443598175
2005-10-31,linear,0.04657550803235108
2005-11-01,linear,0.056300921736209646
2005-11-02,linear,0.059516613935661565
2005-11-03,linear,0.05741213900738987
2005-11-04,linear,0.057151174739174464
2005-11-07,linear,0.05300852953850304
2005-11-08,linear,0.05049687671870441
2005-11-09,linear,0.058233485146032556
2005-11-10,linear,0.07751013065402096
2005-11-11,linear,0.07716564118444755
2005-11-14,linear,0.07405008202786363
2005-11-15,linear,0.07216205888602083
2005-11-16,linear,0.08362688847788773
2005-11-17,linear,0.09341473735123206
2005-11-18,linear,0.09300858631927018
2005-11-21,linear,0.09713472724618069
2005-11-22,linear,0.10482801283544299
2005-11-23,linear,0.09867584574517245
2005-11-24,linear,0.10253554746374574
2005-11-25,linear,0.10209922598517661
2005-11-28,linear,0.0984417999940685
2005-11-29,linear,0.09203573688461561
2005-11-30,linear,0.10088784925346224
2005-12-01,linear,0.10291318968410891
2005-12-02,linear,0.10248438472709177
2005-12-05,linear,0.10816503103511646
2005-12-06,linear,0.09840520496350347
2005-12-07,linear,0.10274418527334381
2005-12-08,linear,0.10263806850814784
2005-12-09,linear,0.10221913761627785
2005-12-12,linear,0.10885355884574302
2005-12-13,linear,0.11015811179322575
2005-12-14,linear,0.10631545479452652
2005-12-15,linear,0.11802530347640505
2005-12-16,linear,0.11755320226249943
2005-12-19,linear,0.1174272745877299
2005-12-20,linear,0.1227328643768094
2005-12-21,linear,0.13401683372955792
2005-12-22,linear,0.1405494083327996
2005-12-23,linear,0.13036167435579551
2005-12-26,linear,0.13811998164978098
2005-12-27,linear,0.13314546200435068
2005-12-28,linear,0.1357237496314142
2005-12-29,linear,0.12934221021233658
2005-12-30,linear,0.1337458213136494
2006-01-02,linear,0.1545513739262793
2006-01-03,linear,0.159554797562176
2006-01-04,linear,0.15558624591672632
2006-01-05,linear,0.1799950196248042
2006-01-06,linear,0.18715427730672798
2006-01-09,linear,0.1818540588098627
2006-01-10,linear,0.1947355692015226
2006-01-11,linear,0.1903495505802951
2006-01-12,linear,0.1868253311773606
2006-01-13,linear,0.1853405690725295
2006-01-16,linear,0.17359682703269808
2006-01-17,linear,0.1634110865253034
2006-01-18,linear,0.16870917126564308
2006-01-19,linear,0.1554086125680677
2006-01-20,linear,0.1604339389801743
2006-01-23,linear,0.1595782999264384
2006-01-24,linear,0.1733160454111498
2006-01-25,linear,0.1846407822695423
2006-01-26,linear,0.1894568931673743
2006-01-27,linear,0.18225743631453162
2006-01-30,linear,0.1789512418362894
2006-01-31,linear,0.1851365830211223
2006-02-01,linear,0.17126013827828832
2006-02-02,linear,0.1715380199472815
2006-02-03,linear,0.17142363343945807
2006-02-06,linear,0.17651072422048578
2006-02-07,linear,0.175557692476283
2006-02-08,linear,0.19006916430540818
2006-02-09,linear,0.1883803875022478
2006-02-10,linear,0.191792071233172
2006-02-13,linear,0.1894197490186769
2006-02-14,linear,0.1864523617604895
2006-02-15,linear,0.1939186533267413
2006-02-16,linear,0.2003648142812059
2006-02-17,linear,0.2028472209582164
2006-02-20,linear,0.1933078697906373
2006-02-21,linear,0.2066767653154869
2006-02-22,linear,0.2091550232617958
2006-02-23,linear,0.2180252367269696
2006-02-24,linear,0.218675407489896
2006-02-27,linear,0.20947343481253042
2006-02-28,linear,0.21696139833286301
2006-03-01,linear,0.2122114290292641
2006-03-02,linear,0.2159658472869997
2006-03-03,linear,0.21965158217759728
2006-03-06,linear,0.21117568276736962
2006-03-07,linear,0.1999642358210047
2006-03-08,linear,0.2112133058589876
2006-03-09,linear,0.2257225568543032
2006-03-10,linear,0.2243149392700753
2006-03-13,linear,0.2280577717953421
2006-03-14,linear,0.2307578112341804
2006-03-15,linear,0.23852909327690622
2006-03-16,linear,0.24744654570214267
2006-03-17,linear,0.24186507026270918
2006-03-20,linear,0.2404740556230814
2006-03-21,linear,0.24530303879597462
2006-03-22,linear,0.2330054963449317
2006-03-23,linear,0.2327197963462609
2006-03-24,linear,0.2321543679537108
2006-03-27,linear,0.2249858684482261
2006-03-28,linear,0.22609931872945221
2006-03-29,linear,0.2388605823867892
2006-03-30,linear,0.2305840271047957
2006-03-31,linear,0.24201038998607038
2006-04-03,linear,0.2615183723869869
2006-04-04,linear,0.2686005631859316
2006-04-05,linear,0.2599863534833277
2006-04-06,linear,0.2517393346695988
2006-04-07,linear,0.2503228047046052
2006-04-10,linear,0.233470318004854
2006-04-11,linear,0.2330431044855698
2006-04-12,linear,0.2414635793273347
2006-04-13,linear,0.24885026315530678
2006-04-14,linear,0.24894555504028407
2006-04-17,linear,0.25583242148238217
2006-04-18,linear,0.2654121534333786
2006-04-19,linear,0.2570798071807683
2006-04-20,linear,0.2497102714135299
2006-04-21,linear,0.2473903980138596
2006-04-24,linear,0.2703302997934336
2006-04-25,linear,0.27640967029066754
2006-04-26,linear,0.2975029835649512
2006-04-27,linear,0.3070677662817078
2006-04-28,linear,0.30990603742950357
2006-05-01,linear,0.327782985992564
2006-05-02,linear,0.3206610022852875
2006-05-03,linear,0.3327088701859243
2006-05-04,linear,0.33173672319119946
2006-05-05,linear,0.32858882558499813
2006-05-08,linear,0.3384992250236716
2006-05-09,linear,0.3341244889643319
2006-05-10,linear,0.33498617188664115
2006-05-11,linear,0.32248671481270086
2006-05-12,linear,0.32593056264292575
2006-05-15,linear,0.3260111142538202
2006-05-16,linear,0.294933623288881
2006-05-17,linear,0.31080455365072607
2006-05-18,linear,0.3068042513005505
2006-05-19,linear,0.304534851797018
2006-05-22,linear,0.31898017912051196
2006-05-23,linear,0.3162039923101972
2006-05-24,linear,0.31826175794720973
2006-05-25,linear,0.33496402352545523
2006-05-26,linear,0.33409996664854663
2006-05-29,linear,0.3170999552618874
2006-05-30,linear,0.33188102183358126
2006-05-31,linear,0.3484772310203511
2006-06-01,linear,0.3610911628080355
2006-06-02,linear,0.35636222363727327
2006-06-05,linear,0.33176498928028997
2006-06-06,linear,0.33742368146394985
2006-06-07,linear,0.30749393203334124
2006-06-08,linear,0.3272174561315411
2006-06-09,linear,0.3302872500180154
2006-06-12,linear,0.2991742308198909
2006-06-13,linear,0.3076479460139472
2006-06-14,linear,0.3252793665831239
2006-06-15,linear,0.3264415283081152
2006-06-16,linear,0.33178230504101336
2006-06-19,linear,0.3355156578781391
2006-06-20,linear,0.3418085356627315
2006-06-21,linear,0.341224329766695
2006-06-22,linear,0.3352169294406169
2006-06-23,linear,0.341693392532189
2006-06-26,linear,0.3171556259914656
2006-06-27,linear,0.3176799592713071
2006-06-28,linear,0.34076701823784017
2006-06-29,linear,0.3512161684325277
2006-06-30,linear,0.34377729288386055
2006-07-03,linear,0.34809336243039934
2006-07-04,linear,0.33822976866376
2006-07-05,linear,0.3513177821442513
2006-07-06,linear,0.3462366641112881
2006-07-07,linear,0.3424397554763717
2006-07-10,linear,0.3402200892297206
2006-07-11,linear,0.3336921373754262
2006-07-12,linear,0.32122340570591595
2006-07-13,linear,0.2993844753866647
2006-07-14,linear,0.2960742009522338
2006-07-17,linear,0.29557991876047596
2006-07-18,linear,0.32849820205526936
2006-07-19,linear,0.32513145346045175
2006-07-20,linear,0.30854954533085366
2006-07-21,linear,0.31613112745318006
2006-07-24,linear,0.3187319423945657
2006-07-25,linear,0.3299786069999202
2006-07-26,linear,0.3259835247638878
2006-07-27,linear,0.3380823882106879
2006-07-28,linear,0.3330720389109841
2006-07-31,linear,0.32866073807810176
2006-08-01,linear,0.33942870140988646
2006-08-02,linear,0.3490690367379433
2006-08-03,linear,0.3721984166741866
2006-08-04,linear,0.3816151965828348
2006-08-07,linear,0.3729332823263591
2006-08-08,linear,0.3747960443404716
2006-08-09,linear,0.38039684465916745
2006-08-10,linear,0.3777311223619116
2006-08-11,linear,0.3775517063630319
2006-08-14,linear,0.39972021323429385
2006-08-15,linear,0.40758920389025977
2006-08-16,linear,0.4072894921334327
2006-08-17,linear,0.396484153858858
2006-08-18,linear,0.38541508621036935
2006-08-21,linear,0.3871404148103418
2006-08-22,linear,0.3804829701599539
2006-08-23,linear,0.37977339421950357
2006-08-24,linear,0.37503833480564774
2006-08-25,linear,0.3770396802557914
2006-08-28,linear,0.379097307529008
2006-08-29,linear,0.3810440349393776
2006-08-30,linear,0.3909053648194458
2006-08-31,linear,0.39728944440737324
2006-09-01,linear,0.40126029144709047
2006-09-04,linear,0.3946006295295218
2006-09-05,linear,0.3825526327409764
2006-09-06,linear,0.36359274829474575
2006-09-07,linear,0.37475438254249177
2006-09-08,linear,0.37410761784235935
2006-09-11,linear,0.38330764071987966
2006-09-12,linear,0.3856144566153026
2006-09-13,linear,0.3937946047239893
2006-09-14,linear,0.3685558742395026
2006-09-15,linear,0.363976399771702
2006-09-18,linear,0.3572400415148144
2006-09-19,linear,0.3749011562097901
2006-09-20,linear,0.38464071579339226
2006-09-21,linear,0.3859509890881133
2006-09-22,linear,0.39358034176089557
2006-09-25,linear,0.3936389871174648
2006-09-26,linear,0.4013225680861759
2006-09-27,linear,0.4040549711183715
2006-09-28,linear,0.4077588529222569
2006-09-29,linear,0.4132483170244933
2006-10-02,linear,0.4035836638398952
2006-10-03,linear,0.41394120128422895
2006-10-04,linear,0.427614929543691
2006-10-05,linear,0.43622521973168993
2006-10-06,linear,0.4251307045147355
2006-10-09,linear,0.424851109751782
2006-10-10,linear,0.42446944438390805
2006-10-11,linear,0.4259451984141114
2006-10-12,linear,0.41719776425771615
2006-10-13,linear,0.4205510608287223
2006-10-16,linear,0.4102199921543823
2006-10-17,linear,0.4215434493599251
2006-10-18,linear,0.4196826078522276
2006-10-19,linear,0.4120982940549909
2006-10-20,linear,0.4090930487327023
2006-10-23,linear,0.4093569614884011
2006-10-24,linear,0.413082865342157
2006-10-25,linear,0.4233755287902561
2006-10-26,linear,0.42427245808733166
2006-10-27,linear,0.4172257892142647
2006-10-30,linear,0.4008587375041389
2006-10-31,linear,0.4069743688996603
2006-11-01,linear,0.4033086056225318
2006-11-02,linear,0.40461214589952826
2006-11-03,linear,0.3939528474636883
2006-11-06,linear,0.3889554346892351
2006-11-07,linear,0.385000761449548
2006-11-08,linear,0.37709846720044893
2006-11-09,linear,0.3708674874835272
2006-11-10,linear,0.37613981652796213
2006-11-13,linear,0.37637654059572107
2006-11-14,linear,0.3788395296518557
2006-11-15,linear,0.3812568195560791
2006-11-16,linear,0.3853036905641272
2006-11-17,linear,0.3765781410376585
2006-11-20,linear,0.3755602826380065
2006-11-21,linear,0.3822405016279589
2006-11-22,linear,0.37515192225942
2006-11-23,linear,0.3821001288253043
2006-11-24,linear,0.377525615252865
2006-11-27,linear,0.38076640534173933
2006-11-28,linear,0.3872858431279889
2006-11-29,linear,0.38273772551456153
2006-11-30,linear,0.3764523815871458
2006-12-01,linear,0.3797969086660513
2006-12-04,linear,0.3664774467258936
2006-12-05,linear,0.3692870406588953
2006-12-06,linear,0.3692013831638741
2006-12-07,linear,0.36894139909602564
2006-12-08,linear,0.36609697132269403
2006-12-11,linear,0.367852303014707
2006-12-12,linear,0.3689458386968996
2006-12-13,linear,0.37597195500490777
2006-12-14,linear,0.38160982091577883
2006-12-15,linear,0.38233571589372445
2006-12-18,linear,0.3906224005260223
2006-12-19,linear,0.39339440914461743
2006-12-20,linear,0.3700637877400783
2006-12-21,linear,0.3584167746432175
2006-12-22,linear,0.3599597969762202
2006-12-25,linear,0.3405448967705504
2006-12-26,linear,0.3512105952586176
2006-12-27,linear,0.3605856875467183
2006-12-28,linear,0.3450983592299026
2006-12-29,linear,0.34778408750265144
2007-01-01,linear,0.3544047886307987
2007-01-02,linear,0.35605319726777007
2007-01-03,linear,0.36404278412735364
2007-01-04,linear,0.3595324616803115
2007-01-05,linear,0.3471374206689264
2007-01-08,linear,0.3599182695452573
2007-01-09,linear,0.3519100202115749
2007-01-10,linear,0.36399678073706265
2007-01-11,linear,0.3563744083312778
2007-01-12,linear,0.3413738525888738
2007-01-15,linear,0.33816866059799494
2007-01-16,linear,0.33683722463396304
2007-01-17,linear,0.3285670351493396
2007-01-18,linear,0.3268404056081214
2007-01-19,linear,0.3353548508932693
2007-01-22,linear,0.35158167331773527
2007-01-23,linear,0.3604527377149532
2007-01-24,linear,0.352832090356184
2007-01-25,linear,0.3495515656771737
2007-01-26,linear,0.3308811447756012
2007-01-29,linear,0.338074145853763
2007-01-30,linear,0.3405954401539402
2007-01-31,linear,0.3398852461102429
2007-02-01,linear,0.3419614739397581
2007-02-02,linear,0.3293257110097031
2007-02-05,linear,0.3316259106468834
2007-02-06,linear,0.3334832570490988
2007-02-07,linear,0.31965121757622544
2007-02-08,linear,0.31093616935400004
2007-02-09,linear,0.3061879665957764
2007-02-12,linear,0.3089243951505944
2007-02-13,linear,0.3207153370470719
2007-02-14,linear,0.3248453237616671
2007-02-15,linear,0.31659348327334347
2007-02-16,linear,0.3193849388824333
2007-02-19,linear,0.3286237813889584
2007-02-20,linear,0.3236275341041247
2007-02-21,linear,0.3322912087392892
2007-02-22,linear,0.34011850927814546
2007-02-23,linear,0.335260620767464
2007-02-26,linear,0.2963545176898128
2007-02-27,linear,0.2919199538954016
2007-02-28,linear,0.26961001675148244
2007-03-01,linear,0.2562683289401782
2007-03-02,linear,0.2552741737630998
2007-03-05,linear,0.26264206213380953
2007-03-06,linear,0.2603716115442135
2007-03-07,linear,0.27483531637680014
2007-03-08,linear,0.26939905700044514
2007-03-09,linear,0.2780610260400066
2007-03-12,linear,0.2561531205355453
2007-03-13,linear,0.2431359979189225
2007-03-14,linear,0.2647239429145254
2007-03-15,linear,0.25707296828414317
2007-03-16,linear,0.24630572336755
2007-03-19,linear,0.26577665421235896
2007-03-20,linear,0.2812835173927975
2007-03-21,linear,0.2895753582678245
2007-03-22,linear,0.2851821471409508
2007-03-23,linear,0.28681556844395445
2007-03-26,linear,0.3038069758993923
2007-03-27,linear,0.2949725284939803
2007-03-28,linear,0.3164236406230972
2007-03-29,linear,0.3187097413571505
2007-03-30,linear,0.318208734111853
2007-04-02,linear,0.3318064823347513
2007-04-03,linear,0.3359502477955621
2007-04-04,linear,0.32893311198656183
2007-04-05,linear,0.3194590233111484
2007-04-06,linear,0.3225346312988551
2007-04-09,linear,0.3316444000522545
2007-04-10,linear,0.3285702907623541
2007-04-11,linear,0.3127728791178111
2007-04-12,linear,0.3094592317230757
2007-04-13,linear,0.3000658951314579
2007-04-16,linear,0.2916119609193752
2007-04-17,linear,0.2939121960346151
2007-04-18,linear,0.27884870653505384
2007-04-19,linear,0.3036623193690542
2007-04-20,linear,0.2955913588116145
2007-04-23,linear,0.2739936087949181
2007-04-24,linear,0.2852419350179787
2007-04-25,linear,0.2736257930862305
2007-04-26,linear,0.27634840395193944
2007-04-27,linear,0.2784450673616854
2007-04-30,linear,0.2881488937241293
2007-05-01,linear,0.2902744182661976
2007-05-02,linear,0.288590387638311
2007-05-03,linear,0.325300163721001
2007-05-04,linear,0.3189970160235466
2007-05-07,linear,0.3096491464455196
2007-05-08,linear,0.31286381946916253
2007-05-09,linear,0.2909077852435649
2007-05-10,linear,0.3033719917362973
2007-05-11,linear,0.2921842541493
2007-05-14,linear,0.2840243177259312
2007-05-15,linear,0.2835814654419971
2007-05-16,linear,0.2984137815359723
2007-05-17,linear,0.2927398049840549
2007-05-18,linear,0.2798588702366097
2007-05-21,linear,0.25772729136115946
2007-05-22,linear,0.2623594033673127
2007-05-23,linear,0.26589531508625397
2007-05-24,linear,0.2628831675728872
2007-05-25,linear,0.2879490345676779
2007-05-28,linear,0.2743929069646853
2007-05-29,linear,0.2746889551910822
2007-05-30,linear,0.3136564627580814
2007-05-31,linear,0.3072047515545532
2007-06-01,linear,0.2876315282736319
2007-06-04,linear,0.2808218068928608
2007-06-05,linear,0.2688926351371676
2007-06-06,linear,0.2506075943424047
2007-06-07,linear,0.2468363856331838
2007-06-08,linear,0.24601790599782522
2007-06-11,linear,0.23927058308090313
2007-06-12,linear,0.2474212904349902
2007-06-13,linear,0.2667613578329982
2007-06-14,linear,0.2721723194621337
2007-06-15,linear,0.2434659894546466
2007-06-18,linear,0.230392232163759
2007-06-19,linear,0.2296366576162367
2007-06-20,linear,0.22359721001902041
2007-06-21,linear,0.229588990437822
2007-06-22,linear,0.2192673702587572
2007-06-25,linear,0.2131066881836695
2007-06-26,linear,0.2071590319537477
2007-06-27,linear,0.2117593474841208
2007-06-28,linear,0.22137414088082383
2007-06-29,linear,0.23594478983731781
2007-07-02,linear,0.2621682443887449
2007-07-03,linear,0.2639919138901706
2007-07-04,linear,0.2651380445954719
2007-07-05,linear,0.23732505834406853
2007-07-06,linear,0.23211823816956823
2007-07-09,linear,0.22639498605203973
2007-07-10,linear,0.2251401125630972
2007-07-11,linear,0.23859098700935463
2007-07-12,linear,0.23754704916140232
2007-07-13,linear,0.23370008650064752
2007-07-16,linear,0.21461308877334181
2007-07-17,linear,0.20213920999059432
2007-07-18,linear,0.2077235081723997
2007-07-19,linear,0.1836824305257832
2007-07-20,linear,0.18052200306073812
2007-07-23,linear,0.14822369767023053
2007-07-24,linear,0.14542701319154341
2007-07-25,linear,0.12287699560829302
2007-07-26,linear,0.1099440466409656
2007-07-27,linear,0.1106628641745075
2007-07-30,linear,0.13263470503813102
2007-07-31,linear,0.1242372893480618
2007-08-01,linear,0.11908073262893121
2007-08-02,linear,0.08825802200022362
2007-08-03,linear,0.08899657714428032
2007-08-06,linear,0.10712725290187301
2007-08-07,linear,0.1308680361643218
2007-08-08,linear,0.0956918384203308
2007-08-09,linear,0.07485867758946131
2007-08-10,linear,0.0677332993506568
2007-08-13,linear,0.0482510025617408
2007-08-14,linear,0.030969881349104004
2007-08-15,linear,0.014250461676224206
2007-08-16,linear,0.05660949460633961
2007-08-17,linear,0.056990974259904605
2007-08-20,linear,0.04988866838262591
2007-08-21,linear,0.06145698470342921
2007-08-22,linear,0.0644342149392644
2007-08-23,linear,0.0790081590713403
2007-08-24,linear,0.0934971891738969
2007-08-27,linear,0.06779538044151741
2007-08-28,linear,0.08056841120308661
2007-08-29,linear,0.0766280301325295
2007-08-30,linear,0.0891615295762016
2007-08-31,linear,0.0858784462864941
2007-09-03,linear,0.08551256983905942
2007-09-04,linear,0.06572835978475801
2007-09-05,linear,0.06998015131384501
2007-09-06,linear,0.0310337523339414
2007-09-07,linear,0.025344751808670705
2007-09-10,linear,0.049784226160873
2007-09-11,linear,0.045491326549516806
2007-09-12,linear,0.04871936776874881
2007-09-13,linear,0.033121510084637006
2007-09-14,linear,0.03150708683148241
2007-09-17,linear,0.0726996180003608
2007-09-18,linear,0.0971827616631594
2007-09-19,linear,0.0801527399958697
2007-09-20,linear,0.0628401072051728
2007-09-21,linear,0.0562368406487588
2007-09-24,linear,0.051976643128162005
2007-09-25,linear,0.0576634257673439
2007-09-26,linear,0.06642705867876031
2007-09-27,linear,0.0676565323245452
2007-09-28,linear,0.06057471200241621
2007-10-01,linear,0.08326728532402491
2007-10-02,linear,0.08878012893269821
2007-10-03,linear,0.1055449783818292
2007-10-04,linear,0.1035007992559351
2007-10-05,linear,0.1054860269159571
2007-10-08,linear,0.1094875092989565
2007-10-09,linear,0.1018145492780099
2007-10-10,linear,0.0983754221219581
2007-10-11,linear,0.0912009040828458
2007-10-12,linear,0.0843144843435134
2007-10-15,linear,0.0670351224188205
2007-10-16,linear,0.0693639286119826
2007-10-17,linear,0.0669410593082454
2007-10-18,linear,0.0423170513272612
2007-10-19,linear,0.04847071431948301
2007-10-22,linear,0.0605273124963042
2007-10-23,linear,0.0522251587299629
2007-10-24,linear,0.048172582445757096
2007-10-25,linear,0.06571870219455771
2007-10-26,linear,0.0694696189022457
2007-10-29,linear,0.0691830040056982
2007-10-30,linear,0.085255358901932
2007-10-31,linear,0.045680002549428694
2007-11-01,linear,0.017546679718699398
2007-11-02,linear,0.018149442623667796
2007-11-05,linear,0.0233909466096053
2007-11-06,linear,0.004097967716076699
2007-11-07,linear,-0.0033677826051964014
2007-11-08,linear,-0.028343050244746103
2007-11-09,linear,-0.027093836530814503
2007-11-12,linear,-0.00023277479502460327
2007-11-13,linear,0.0153522193357144
2007-11-14,linear,-0.012391845723834002
2007-11-15,linear,-0.0342362078998492
2007-11-16,linear,-0.0365701806041389
2007-11-19,linear,-0.017127776249690904
2007-11-20,linear,-0.0445976397139103
2007-11-21,linear,-0.041247651831830504
2007-11-22,linear,-0.017461443213070596
2007-11-23,linear,-0.0177168387176341
2007-11-26,linear,-0.001247792946527996
2007-11-27,linear,0.0335159231298206
2007-11-28,linear,0.036355854189385105
2007-11-29,linear,0.0607799106376637
2007-11-30,linear,0.0561523798693278
2007-12-03,linear,0.0385833539851203
2007-12-04,linear,0.051118057567926596
2007-12-05,linear,0.0672002813697081
2007-12-06,linear,0.0674878884999094
2007-12-07,linear,0.0690670746862767
2007-12-10,linear,0.0612955516833901
2007-12-11,linear,0.053548778986067094
2007-12-12,linear,0.021960113623752997
2007-12-13,linear,0.0009927062922076985
2007-12-14,linear,-0.0005091809140668016
2007-12-17,linear,-0.0007912512715004018
2007-12-18,linear,0.0007214580050892982
2007-12-19,linear,-0.012959529874356602
2007-12-20,linear,-0.0018578950417652024
2007-12-21,linear,0.002011033266531897
2007-12-24,linear,0.020002464579155096
2007-12-25,linear,0.022920086090431297
2007-12-26,linear,0.011192155552318395
2007-12-27,linear,0.0164211402249453
2007-12-28,linear,0.005065912372073695
2007-12-31,linear,-0.0001248298955259042
2008-01-01,linear,-0.010401401228219805
2008-01-02,linear,-0.015574090826378804
2008-01-03,linear,-0.036776042193661304
2008-01-04,linear,-0.0343902212771262
2008-01-07,linear,-0.023483813392257802
2008-01-08,linear,-0.0324049461480263
2008-01-09,linear,-0.03539600342751931
2008-01-10,linear,-0.03955255297994001
2008-01-11,linear,-0.03350929870976861
2008-01-14,linear,-0.06857364887063722
2008-01-15,linear,-0.0727170691979309
2008-01-16,linear,-0.08606842450214242
2008-01-17,linear,-0.11247475064296711
2008-01-18,linear,-0.11993137471278911
2008-01-21,linear,-0.06972514367217442
2008-01-22,linear,-0.05059894262844022
2008-01-23,linear,-0.00040214668334441483
2008-01-24,linear,-0.016128545562672514
2008-01-25,linear,-0.008491366897844212
2008-01-28,linear,0.014898578309909188
2008-01-29,linear,0.011984465840969287
2008-01-30,linear,0.007748501254932386
2008-01-31,linear,0.008780133742581185
2008-02-01,linear,0.012447083252097485
2008-02-04,linear,-0.034488759754793714
2008-02-05,linear,-0.036777533251473815
2008-02-06,linear,-0.05475359486658322
2008-02-07,linear,-0.028360517114216416
2008-02-08,linear,-0.028001474194555415
2008-02-11,linear,0.014116912196885784
2008-02-12,linear,0.017051090129710584
2008-02-13,linear,0.038421404635861085
2008-02-14,linear,0.030595024787036587
2008-02-15,linear,0.04035510274740889
2008-02-18,linear,0.054189867362600584
2008-02-19,linear,0.050244776662341284
2008-02-20,linear,0.05024297961170758
2008-02-21,linear,0.05685923423337478
2008-02-22,linear,0.04568593633761958
2008-02-25,linear,0.06725363966887599
2008-02-26,linear,0.08177124043586628
2008-02-27,linear,0.07655484178159629
2008-02-28,linear,0.05629432560065158
2008-02-29,linear,0.039285598330260185
2008-03-03,linear,0.027799574538765782
2008-03-04,linear,0.03936012293716128
2008-03-05,linear,0.00452371027411488
2008-03-06,linear,-0.01610095333370282
2008-03-07,linear,-0.03159285159008162
2008-03-10,linear,0.015853523126942486
2008-03-11,linear,0.05192430015718208
2008-03-12,linear,0.03899539612307678
2008-03-13,linear,0.02230102669141118
2008-03-14,linear,0.01316509502468018
2008-03-17,linear,0.08329531714242738
2008-03-18,linear,0.08247749779271898
2008-03-19,linear,0.09672010194528319
2008-03-20,linear,0.10597999181569179
2008-03-21,linear,0.10178870692290198
2008-03-24,linear,0.1446759994319718
2008-03-25,linear,0.12863414546196078
2008-03-26,linear,0.10896889498962747
2008-03-27,linear,0.09808616789825558
2008-03-28,linear,0.09792292637308539
2008-03-31,linear,0.15276422172874587
2008-04-01,linear,0.1733757656606346
2008-04-02,linear,0.1666880966532297
2008-04-03,linear,0.1672895084224399
2008-04-04,linear,0.1733562408309454
2008-04-07,linear,0.12997961838274438
2008-04-08,linear,0.1277699270098621
2008-04-09,linear,0.11766649955652748
2008-04-10,linear,0.09881304118481238
2008-04-11,linear,0.10649887515813368
2008-04-14,linear,0.11413987318028408
2008-04-15,linear,0.15341047783854758
2008-04-16,linear,0.16731784713998907
2008-04-17,linear,0.1923799895210524
2008-04-18,linear,0.1912905161271436
2008-04-21,linear,0.18120977228444038
2008-04-22,linear,0.16942532959087309
2008-04-23,linear,0.18313241527991647
2008-04-24,linear,0.20102329847552158
2008-04-25,linear,0.21560740918827848
2008-04-28,linear,0.19227694296218847
2008-04-29,linear,0.19291802743105407
2008-04-30,linear,0.1998117752177947
2008-05-01,linear,0.2157764449345101
2008-05-02,linear,0.2193816375512589
2008-05-05,linear,0.2076441361270943
2008-05-06,linear,0.19558724441232758
2008-05-07,linear,0.17887644623423668
2008-05-08,linear,0.16605757010137878
2008-05-09,linear,0.1760894515200634
2008-05-12,linear,0.16314848095026588
2008-05-13,linear,0.1621773740212976
2008-05-14,linear,0.16328092947116707
2008-05-15,linear,0.16328026567328138
2008-05-16,linear,0.15729525758351867
2008-05-19,linear,0.14053897241089539
2008-05-20,linear,0.11913574228843188
2008-05-21,linear,0.12988625054064049
2008-05-22,linear,0.1285640346746298
2008-05-23,linear,0.14530989330224509
2008-05-26,linear,0.14206073480493206
2008-05-27,linear,0.13893698112217137
2008-05-28,linear,0.15001115895961536
2008-05-29,linear,0.15086533010946956
2008-05-30,linear,0.14104477321784525
2008-06-02,linear,0.13426342741975328
2008-06-03,linear,0.12831702381349908
2008-06-04,linear,0.13514885728698386
2008-06-05,linear,0.10664002240160958
2008-06-06,linear,0.10971178111016948
2008-06-09,linear,0.10873805812628538
2008-06-10,linear,0.08159567666888237
2008-06-11,linear,0.11699723467267208
2008-06-12,linear,0.13604916088583419
2008-06-13,linear,0.13445338318931757
2008-06-16,linear,0.13330023878677957
2008-06-17,linear,0.11836757434690366
2008-06-18,linear,0.09599962773542357
2008-06-19,linear,0.07646564551856438
2008-06-20,linear,0.08209126428189167
2008-06-23,linear,0.09670306517982717
2008-06-24,linear,0.11809461401647298
2008-06-25,linear,0.09653197002121679
2008-06-26,linear,0.08956041557970508
2008-06-27,linear,0.07767474604128088
2008-06-30,linear,0.05295462725747638
2008-07-01,linear,0.06310858938011588
2008-07-02,linear,0.07506509823281186
2008-07-03,linear,0.07329817187205158
2008-07-04,linear,0.07544685003911407
2008-07-07,linear,0.10491111844924228
2008-07-08,linear,0.15327670086654988
2008-07-09,linear,0.16635018443241759
2008-07-10,linear,0.13656690950731318
2008-07-11,linear,0.15955531897456668
2008-07-14,linear,0.13257452534936529
2008-07-15,linear,0.20012502683222697
2008-07-16,linear,0.23488066590429657
2008-07-17,linear,0.27284920569275223
2008-07-18,linear,0.26288436821405253
2008-07-21,linear,0.31679733517107517
2008-07-22,linear,0.37247081141540134
2008-07-23,linear,0.32378093481892756
2008-07-24,linear,0.28730574985132784
2008-07-25,linear,0.32203272005564876
2008-07-28,linear,0.3753590446649043
2008-07-29,linear,0.39661185444032077
2008-07-30,linear,0.4172545258170459
2008-07-31,linear,0.42648626365741676
2008-08-01,linear,0.43772548868223277
2008-08-04,linear,0.43529989314320755
2008-08-05,linear,0.43688245277604043
2008-08-06,linear,0.41112652495542057
2008-08-07,linear,0.40523534031457153
2008-08-08,linear,0.40132177781449907
2008-08-11,linear,0.3708072867045913
2008-08-12,linear,0.3239254326026335
2008-08-13,linear,0.3613820298227334
2008-08-14,linear,0.35585978879945224
2008-08-15,linear,0.35234442301273605
2008-08-18,linear,0.2986963396101907
2008-08-19,linear,0.3057211794029839
2008-08-20,linear,0.2848237009872187
2008-08-21,linear,0.33191255280413173
2008-08-22,linear,0.33360562082047107
2008-08-25,linear,0.34924147634664776
2008-08-26,linear,0.3562854466714018
2008-08-27,linear,0.3676689451730222
2008-08-28,linear,0.37802094348071796
2008-08-29,linear,0.37464916955910754
2008-09-01,linear,0.3916546470003054
2008-09-02,linear,0.3939121896425185
2008-09-03,linear,0.29882282809445565
2008-09-04,linear,0.263024890391006
2008-09-05,linear,0.2765836328918697
2008-09-08,linear,0.24327262848346515
2008-09-09,linear,0.22372703651613815
2008-09-10,linear,0.21790899471248737
2008-09-11,linear,0.2491879742120371
2008-09-12,linear,0.2390035507701292
2008-09-15,linear,0.21486741436616777
2008-09-16,linear,0.17127646387325718
2008-09-17,linear,0.19377760125426657
2008-09-18,linear,0.3624107659115804
2008-09-19,linear,0.3566224238279613
2008-09-22,linear,0.3244486045912705
2008-09-23,linear,0.3280244648745419
2008-09-24,linear,0.3618190078386064
2008-09-25,linear,0.3725242844362437
2008-09-26,linear,0.3772922107229294
2008-09-29,linear,0.4247057759500241
2008-09-30,linear,0.463166192037206
2008-10-01,linear,0.46313998624433517
2008-10-02,linear,0.474904086322328
2008-10-03,linear,0.4763281260705742
2008-10-06,linear,0.41643912675588807
2008-10-07,linear,0.3955824576185051
2008-10-08,linear,0.34489941087152537
2008-10-09,linear,0.2782228136865359
2008-10-10,linear,0.2780464365528388
2008-10-13,linear,0.3192031222113872
2008-10-14,linear,0.2531848181454499
2008-10-15,linear,0.1909124189981971
2008-10-16,linear,0.1761429196599211
2008-10-17,linear,0.2115059723895411
2008-10-20,linear,0.24282454960239047
2008-10-21,linear,0.1556359373243516
2008-10-22,linear,0.138576136017932
2008-10-23,linear,0.0555484939088243
2008-10-24,linear,0.06171089543856679
2008-10-27,linear,0.0552412784530123
2008-10-28,linear,0.1583283145597579
2008-10-29,linear,0.1777940059454116
2008-10-30,linear,0.1904631024140533
2008-10-31,linear,0.21466141034280067
2008-11-03,linear,0.3040501351992385
2008-11-04,linear,0.2663214778129449
2008-11-05,linear,0.17193280108088196
2008-11-06,linear,0.2133982194070361
2008-11-07,linear,0.2113753610183589
2008-11-10,linear,0.12807377746283619
2008-11-11,linear,0.07354295828543178
2008-11-12,linear,0.0715628432599226
2008-11-13,linear,0.024779185752808384
2008-11-14,linear,0.019626867970766786
2008-11-17,linear,-0.032599632763113916
2008-11-18,linear,-0.1372573490434219
2008-11-19,linear,-0.20928807744854303
2008-11-20,linear,-0.2291600985122025
2008-11-21,linear,-0.2455926182575141
2008-11-24,linear,-0.17736825400572592
2008-11-25,linear,-0.16305725581193162
2008-11-26,linear,-0.09295335056583652
2008-11-27,linear,-0.06145768492858382
2008-11-28,linear,-0.031104837182397024
2008-12-01,linear,0.03445339378707758
2008-12-02,linear,0.055808936904674276
2008-12-03,linear,0.06241880310939697
2008-12-04,linear,0.05668881036010338
2008-12-05,linear,0.06443521938569338
2008-12-08,linear,0.04092247560678118
2008-12-09,linear,0.046988331322257375
2008-12-10,linear,0.01000913551363037
2008-12-11,linear,-0.017742068931278627
2008-12-12,linear,-0.007748596306057927
2008-12-15,linear,0.07602372032518487
2008-12-16,linear,0.07345020521981256
2008-12-17,linear,0.03657551870855057
2008-12-18,linear,0.03783938579746796
2008-12-19,linear,0.043447320899084964
2008-12-22,linear,0.06474686681113796
2008-12-23,linear,0.07278196028701167
2008-12-24,linear,0.05793668614495848
2008-12-25,linear,0.06624018678228237
2008-12-26,linear,0.06200020085091627
2008-12-29,linear,0.08810756723403868
2008-12-30,linear,0.10701054250147717
2008-12-31,linear,0.14739576131318669
2009-01-01,linear,0.16550658790875877
2009-01-02,linear,0.17633671346702137
2009-01-05,linear,0.21060293572870148
2009-01-06,linear,0.19931680804715407
2009-01-07,linear,0.13813585109686888
2009-01-08,linear,0.08967354179843026
2009-01-09,linear,0.03383497220841707
2009-01-12,linear,0.02890706479205037
2009-01-13,linear,-0.049030188752839925
2009-01-14,linear,-0.1428310279331314
2009-01-15,linear,-0.19147928848595303
2009-01-16,linear,-0.1951407059846755
2009-01-19,linear,-0.3445106820096097
2009-01-20,linear,-0.21971123993734143
2009-01-21,linear,-0.18672924264953292
2009-01-22,linear,-0.1880960141554859
2009-01-23,linear,-0.17161605908163202
2009-01-26,linear,-0.15230048617708622
2009-01-27,linear,-0.02914624612075102
2009-01-28,linear,-0.10490325637002232
2009-01-29,linear,-0.1157225889035105
2009-01-30,linear,-0.10723518593202602
2009-02-02,linear,-0.0853382869035251
2009-02-03,linear,-0.08102056136163881
2009-02-04,linear,-0.08841530345979251
2009-02-05,linear,-0.035896005192795205
2009-02-06,linear,-0.051388383533845214
2009-02-09,linear,-0.1065009081600874
2009-02-10,linear,-0.07673831273250961
2009-02-11,linear,-0.12034512649910262
2009-02-12,linear,-0.17297149708007253
2009-02-13,linear,-0.15180780849871334
2009-02-16,linear,-0.1978751689654754
2009-02-17,linear,-0.21105814610079782
2009-02-18,linear,-0.20472819849697171
2009-02-19,linear,-0.2844131979997359
2009-02-20,linear,-0.2635935804505624
2009-02-23,linear,-0.2075144938688114
2009-02-24,linear,-0.19062851040204812
2009-02-25,linear,-0.18098516269139447
2009-02-26,linear,-0.2989043616299039
2009-02-27,linear,-0.2866339762704579
2009-03-02,linear,-0.28384180367747447
2009-03-03,linear,-0.26245962266745837
2009-03-04,linear,-0.43732145643290093
2009-03-05,linear,-0.460837911087837
2009-03-06,linear,-0.4876568866991481
2009-03-09,linear,-0.3803051022596856
2009-03-10,linear,-0.3529876100071943
2009-03-11,linear,-0.3354943621689875
2009-03-12,linear,-0.2919572931976761
2009-03-13,linear,-0.2855311354243521
2009-03-16,linear,-0.2371146120668588
2009-03-17,linear,-0.16336682987846218
2009-03-18,linear,-0.18600952246461389
2009-03-19,linear,-0.24313243626670009
2009-03-20,linear,-0.23538446703523289
2009-03-23,linear,-0.24353244185845999
2009-03-24,linear,-0.21874799965363398
2009-03-25,linear,-0.1884504848056752
2009-03-26,linear,-0.22748048933060427
2009-03-27,linear,-0.2122040083119423
2009-03-30,linear,-0.1386090417067914
2009-03-31,linear,-0.10672957004233541
2009-04-01,linear,-0.032324667601386206
2009-04-02,linear,-0.03996972854558121
2009-04-03,linear,-0.04947007368339842
2009-04-06,linear,-0.11914917693064572
2009-04-07,linear,-0.11689167441759132
2009-04-08,linear,0.0004951986086755844
2009-04-09,linear,0.0008795899760032852
2009-04-10,linear,-0.007756764730919415
2009-04-13,linear,-0.008848224769578514
2009-04-14,linear,0.003383434380102286
2009-04-15,linear,0.037356696452296084
2009-04-16,linear,0.052338366523739785
2009-04-17,linear,0.038730460707924685
2009-04-20,linear,0.06417570521372158
2009-04-21,linear,0.09628525341880897
2009-04-22,linear,0.1207119645635916
2009-04-23,linear,0.1638492922309222
2009-04-24,linear,0.18029310746423877
2009-04-27,linear,0.16616631608843607
2009-04-28,linear,0.22002221261093807
2009-04-29,linear,0.25015728229352274
2009-04-30,linear,0.24275061399675116
2009-05-01,linear,0.23678479368184227
2009-05-04,linear,0.2727625486559735
2009-05-05,linear,0.3180429362620898
2009-05-06,linear,0.32013704882052996
2009-05-07,linear,0.41682309626102776
2009-05-08,linear,0.40768693335048767
2009-05-11,linear,0.39452298958608767
2009-05-12,linear,0.32719793873245506
2009-05-13,linear,0.3496702403559231
2009-05-14,linear,0.36566506396497644
2009-05-15,linear,0.36821409902281216
2009-05-18,linear,0.37878944946152576
2009-05-19,linear,0.37157743465863907
2009-05-20,linear,0.36449138642748347
2009-05-21,linear,0.3831326703423216
2009-05-22,linear,0.3756502140341654
2009-05-25,linear,0.4241197277694816
2009-05-26,linear,0.4174724408238805
2009-05-27,linear,0.43034569049119353
2009-05-28,linear,0.48241621273005836
2009-05-29,linear,0.4541038994215047
2009-06-01,linear,0.42524524371909134
2009-06-02,linear,0.39185427285356794
2009-06-03,linear,0.4059714065142761
2009-06-04,linear,0.4176956531128221
2009-06-05,linear,0.4327243658812729
2009-06-08,linear,0.46718039313303866
2009-06-09,linear,0.4699960359778918
2009-06-10,linear,0.4733051703736931
2009-06-11,linear,0.44615334842943705
2009-06-12,linear,0.47930498378195874
2009-06-15,linear,0.4751321547394988
2009-06-16,linear,0.4438969589511639
2009-06-17,linear,0.4875325365686725
2009-06-18,linear,0.4910617620145395
2009-06-19,linear,0.4820975968681514
2009-06-22,linear,0.5058556553121245
2009-06-23,linear,0.531947711760881
2009-06-24,linear,0.5210071738938619
2009-06-25,linear,0.47467899864040297
2009-06-26,linear,0.4742160350443048
2009-06-29,linear,0.4927562724173245
2009-06-30,linear,0.5017063980008445
2009-07-01,linear,0.5045853285906158
2009-07-02,linear,0.447760809988303
2009-07-03,linear,0.3945685447152254
2009-07-06,linear,0.36102502161640476
2009-07-07,linear,0.33739651068776416
2009-07-08,linear,0.32657451595732
2009-07-09,linear,0.2618556202993465
2009-07-10,linear,0.29144113011005834
2009-07-13,linear,0.32270017133717416
2009-07-14,linear,0.35822925534494005
2009-07-15,linear,0.33630418945041657
2009-07-16,linear,0.3121122248897812
2009-07-17,linear,0.3134336861577517
2009-07-20,linear,0.3194522004766849
2009-07-21,linear,0.3216585738066065
2009-07-22,linear,0.3010129045936757
2009-07-23,linear,0.30043985653849437
2009-07-24,linear,0.3253559857393566
2009-07-27,linear,0.3148483753947265
2009-07-28,linear,0.3192319454818663
2009-07-29,linear,0.37383748049386145
2009-07-30,linear,0.43346173974358926
2009-07-31,linear,0.42332633771577877
2009-08-03,linear,0.41947620598770385
2009-08-04,linear,0.4328714283926184
2009-08-05,linear,0.4800584189581511
2009-08-06,linear,0.48306804394892455
2009-08-07,linear,0.5012571407216592
2009-08-10,linear,0.443685738192465
2009-08-11,linear,0.46792394119915776
2009-08-12,linear,0.4992656587750406
2009-08-13,linear,0.4841889545002795
2009-08-14,linear,0.4541282040542944
2009-08-17,linear,0.46562639734348726
2009-08-18,linear,0.46081260659215734
2009-08-19,linear,0.4683638094554776
2009-08-20,linear,0.48873287377119345
2009-08-21,linear,0.5435321330175878
2009-08-24,linear,0.5597334155896251
2009-08-25,linear,0.55729948637688
2009-08-26,linear,0.6072872019889659
2009-08-27,linear,0.6444011252264195
2009-08-28,linear,0.6573899474250469
2009-08-31,linear,0.5791854463513552
2009-09-01,linear,0.5633315116009496
2009-09-02,linear,0.598641139001315
2009-09-03,linear,0.6561525043739977
2009-09-04,linear,0.613069043801754
2009-09-07,linear,0.43685503727200475
2009-09-08,linear,0.4472491354637141
2009-09-09,linear,0.4731534005216432
2009-09-10,linear,0.4737785557492662
2009-09-11,linear,0.4350073589543213
2009-09-14,linear,0.430019765843311
2009-09-15,linear,0.45425127136938626
2009-09-16,linear,0.4117029677018404
2009-09-17,linear,0.3739870846792008
2009-09-18,linear,0.3923980183237238
2009-09-21,linear,0.3876135611028263
2009-09-22,linear,0.38834181925819716
2009-09-23,linear,0.4441454881866776
2009-09-24,linear,0.45642864428614777
2009-09-25,linear,0.4951584223061767
2009-09-28,linear,0.5790686276817502
2009-09-29,linear,0.5745724365109602
2009-09-30,linear,0.4778928639407272
2009-10-01,linear,0.5156144578386154
2009-10-02,linear,0.5769362889645951
2009-10-05,linear,0.6094382195108106
2009-10-06,linear,0.619029545624651
2009-10-07,linear,0.6223842438298361
2009-10-08,linear,0.7064121498417909
2009-10-09,linear,0.7198176839198848
2009-10-12,linear,0.8090794208744835
2009-10-13,linear,0.8385933532196745
2009-10-14,linear,0.8613797964535851
2009-10-15,linear,0.733993878738648
2009-10-16,linear,0.6896622241239202
2009-10-19,linear,0.6547495332108852
2009-10-20,linear,0.6628773386942437
2009-10-21,linear,0.593076370532806
2009-10-22,linear,0.6201753914265193
2009-10-23,linear,0.6996963802042723
2009-10-26,linear,0.6612858166581026
2009-10-27,linear,0.6268877337794752
2009-10-28,linear,0.7354336277573306
2009-10-29,linear,0.7588346403565459
2009-10-30,linear,0.7388341226413541
2009-11-02,linear,0.7390850806835244
2009-11-03,linear,0.766155085691375
2009-11-04,linear,0.8102700622876098
2009-11-05,linear,0.9258301867514419
2009-11-06,linear,1.0147665947753297
2009-11-09,linear,1.024349823590475
2009-11-10,linear,1.0342084808471415
2009-11-11,linear,0.9537923520985851
2009-11-12,linear,0.9398491412646944
2009-11-13,linear,0.88416034848245
2009-11-16,linear,0.8551587152115571
2009-11-17,linear,0.8491662632425251
2009-11-18,linear,0.7753072400955368
2009-11-19,linear,0.7408077274791977
2009-11-20,linear,0.7370857495570644
2009-11-23,linear,0.72422043045499
2009-11-24,linear,0.726893686375618
2009-11-25,linear,0.7147989863717075
2009-11-26,linear,0.7204581455346722
2009-11-27,linear,0.7541419729851128
2009-11-30,linear,0.8054297010705979
2009-12-01,linear,0.7945953590155057
2009-12-02,linear,0.7194347218951407
2009-12-03,linear,0.7266613673099006
2009-12-04,linear,0.7626114230098355
2009-12-07,linear,0.7458952274299513
2009-12-08,linear,0.7340351416753628
2009-12-09,linear,0.7488354156289366
2009-12-10,linear,0.7334558042692285
2009-12-11,linear,0.7329359588827986
2009-12-14,linear,0.7170413173523077
2009-12-15,linear,0.7383749165528497
2009-12-16,linear,0.6773189330154994
2009-12-17,linear,0.6475563119152513
2009-12-18,linear,0.6464689996876235
2009-12-21,linear,0.6266703098624917
2009-12-22,linear,0.6260438746736434
2009-12-23,linear,0.6231273231158179
2009-12-24,linear,0.6343455031980042
2009-12-25,linear,0.6462113885363469
2009-12-28,linear,0.6710827675418047
2009-12-29,linear,0.6665132637217662
2009-12-30,linear,0.6878630066080423
2009-12-31,linear,0.7677412171987185
2010-01-01,linear,0.8334982638686323
2010-01-04,linear,0.8976354850236082
2010-01-05,linear,0.9066861436249934
2010-01-06,linear,1.0537626597236793
2010-01-07,linear,0.943225665041332
2010-01-08,linear,0.9579433877284057
2010-01-11,linear,0.9486510281241626
2010-01-12,linear,0.9503144593331071
2010-01-13,linear,0.9182662930087645
2010-01-14,linear,0.7761255760127552
2010-01-15,linear,0.813148346278094
2010-01-18,linear,0.8182312607406579
2010-01-19,linear,0.7948446704671469
2010-01-20,linear,0.7588873894893284
2010-01-21,linear,0.7326710093233412
2010-01-22,linear,0.7368726351787691
2010-01-25,linear,0.6757643234198529
2010-01-26,linear,0.6761955722832796
2010-01-27,linear,0.7136931040183125
2010-01-28,linear,0.6872210445616938
2010-01-29,linear,0.7098674312004921
2010-02-01,linear,0.7588632106507348
2010-02-02,linear,0.7409583935481877
2010-02-03,linear,0.7718715041260275
2010-02-04,linear,0.7593995563372494
2010-02-05,linear,0.7710931568740739
2010-02-08,linear,0.8527098003494823
2010-02-09,linear,0.8680385258951155
2010-02-10,linear,0.8129254384241527
2010-02-11,linear,0.7821939977205467
2010-02-12,linear,0.722415295620798
2010-02-15,linear,0.8281126782902278
2010-02-16,linear,0.8377917363506235
2010-02-17,linear,0.8559334629508534
2010-02-18,linear,0.8446251896092023
2010-02-19,linear,0.9474979140421285
2010-02-22,linear,0.95079246217502
2010-02-23,linear,0.9576767600526771
2010-02-24,linear,0.8271520673719951
2010-02-25,linear,0.8193343447601438
2010-02-26,linear,0.7588481611372841
2010-03-01,linear,0.747928349727757
2010-03-02,linear,0.7601167308168197
2010-03-03,linear,0.7302328846806196
2010-03-04,linear,0.68710295202505
2010-03-05,linear,0.6521386261530425
2010-03-08,linear,0.6821859501051055
2010-03-09,linear,0.6964797358374681
2010-03-10,linear,0.7017673096619705
2010-03-11,linear,0.6896001660569363
2010-03-12,linear,0.6849876445304546
2010-03-15,linear,0.7497023430540448
2010-03-16,linear,0.7600472118627222
2010-03-17,linear,0.6783706689805218
2010-03-18,linear,0.6468465149997719
2010-03-19,linear,0.5664527397303031
2010-03-22,linear,0.5370460295690214
2010-03-23,linear,0.5301877026200775
2010-03-24,linear,0.5835913477691811
2010-03-25,linear,0.5844925813139269
2010-03-26,linear,0.47155416701261244
2010-03-29,linear,0.46966567013128857
2010-03-30,linear,0.4724272214829694
2010-03-31,linear,0.46899713076987565
2010-04-01,linear,0.45446277512482813
2010-04-02,linear,0.43413195959630674
2010-04-05,linear,0.4224430093892505
2010-04-06,linear,0.4236154207835333
2010-04-07,linear,0.37103392835894994
2010-04-08,linear,0.36264284393698315
2010-04-09,linear,0.3408465441965886
2010-04-12,linear,0.3044482335061671
2010-04-13,linear,0.32524381286089493
2010-04-14,linear,0.35218435114175894
2010-04-15,linear,0.2572630056329249
2010-04-16,linear,0.2374223618498446
2010-04-19,linear,0.2560769922887156
2010-04-20,linear,0.2441192858144755
2010-04-21,linear,0.18548615470649762
2010-04-22,linear,0.146669905832993
2010-04-23,linear,0.15931007445664802
2010-04-26,linear,0.04847889273597602
2010-04-27,linear,0.037420420411022316
2010-04-28,linear,0.08284749613620832
2010-04-29,linear,0.13315623726802203
2010-04-30,linear,0.11141142506649554
2010-05-03,linear,0.04556134912447282
2010-05-04,linear,0.03553723501715162
2010-05-05,linear,-0.038794494884927574
2010-05-06,linear,-0.058113245794451276
2010-05-07,linear,-0.05018114667418067
2010-05-10,linear,-0.07762465988764318
2010-05-11,linear,-0.07095069400904158
2010-05-12,linear,-0.09610599944227986
2010-05-13,linear,-0.14430290591619938
2010-05-14,linear,-0.15233061925179056
2010-05-17,linear,-0.18364242678494536
2010-05-18,linear,-0.18890452496349497
2010-05-19,linear,-0.1915856664951996
2010-05-20,linear,-0.12722331343403037
2010-05-21,linear,-0.14327414423460905
2010-05-24,linear,-0.15695758495327577
2010-05-25,linear,-0.14254342608381418
2010-05-26,linear,-0.11432065717069335
2010-05-27,linear,-0.12910843502846867
2010-05-28,linear,-0.15213466736559547
2010-05-31,linear,-0.15708441159422276
2010-06-01,linear,-0.15057961127293226
2010-06-02,linear,-0.13157623825969217
2010-06-03,linear,-0.14458871224908876
2010-06-04,linear,-0.17370689784019505
2010-06-07,linear,-0.18987501328807108
2010-06-08,linear,-0.17112547215387167
2010-06-09,linear,-0.15708076385833547
2010-06-10,linear,-0.17374846065624036
2010-06-11,linear,-0.17899907688451766
2010-06-14,linear,-0.15751693887225415
2010-06-15,linear,-0.15455598189059477
2010-06-16,linear,-0.13075624098185865
2010-06-17,linear,-0.12874796773887276
2010-06-18,linear,-0.09357591775022775
2010-06-21,linear,-0.11623138915555026
2010-06-22,linear,-0.12264104273500236
2010-06-23,linear,-0.14640775840785805
2010-06-24,linear,-0.10997601550673657
2010-06-25,linear,-0.13011326776057328
2010-06-28,linear,-0.16023238695346187
2010-06-29,linear,-0.15053710351636884
2010-06-30,linear,-0.17558771551777586
2010-07-01,linear,-0.20371096707748834
2010-07-02,linear,-0.20762162031096296
2010-07-05,linear,-0.16566531999979878
2010-07-06,linear,-0.13157617543090958
2010-07-07,linear,-0.11303100758901397
2010-07-08,linear,-0.10860982135863965
2010-07-09,linear,-0.12984431694716866
2010-07-12,linear,-0.10301184931318845
2010-07-13,linear,-0.10606864289404316
2010-07-14,linear,-0.10637725296381106
2010-07-15,linear,-0.14258146673496425
2010-07-16,linear,-0.16919845798058214
2010-07-19,linear,-0.17865913029411945
2010-07-20,linear,-0.17945447073808216
2010-07-21,linear,-0.15444060841298884
2010-07-22,linear,-0.16196169313238445
2010-07-23,linear,-0.17034091563446677
2010-07-26,linear,-0.15301545973835237
2010-07-27,linear,-0.15488565123041545
2010-07-28,linear,-0.12642020008962976
2010-07-29,linear,-0.15587193915423006
2010-07-30,linear,-0.18156422797136176
2010-08-02,linear,-0.1734541154557701
2010-08-03,linear,-0.1750944513109747
2010-08-04,linear,-0.204304030539149
2010-08-05,linear,-0.2041433539976976
2010-08-06,linear,-0.2207857575868149
2010-08-09,linear,-0.2557852556569773
2010-08-10,linear,-0.2938048253609718
2010-08-11,linear,-0.3182976714818748
2010-08-12,linear,-0.3197142164077271
2010-08-13,linear,-0.3294358322650453
2010-08-16,linear,-0.33101651972696666
2010-08-17,linear,-0.3283868997134485
2010-08-18,linear,-0.3037791957151882
2010-08-19,linear,-0.2994523746585368
2010-08-20,linear,-0.3114736739328518
2010-08-23,linear,-0.34545981518761726
2010-08-24,linear,-0.3637645262345592
2010-08-25,linear,-0.3471109515694284
2010-08-26,linear,-0.3505481175993516
2010-08-27,linear,-0.3535578415002386
2010-08-30,linear,-0.357467848348553
2010-08-31,linear,-0.3251656756287199
2010-09-01,linear,-0.317965729443378
2010-09-02,linear,-0.32037381292478034
2010-09-03,linear,-0.32179046029897274
2010-09-06,linear,-0.34181179891050334
2010-09-07,linear,-0.34369229483326175
2010-09-08,linear,-0.3274877622541479
2010-09-09,linear,-0.328380430919935
2010-09-10,linear,-0.3057867239482665
2010-09-13,linear,-0.2881925648757525
2010-09-14,linear,-0.2869281943046803
2010-09-15,linear,-0.3097955496070936
2010-09-16,linear,-0.3146419839303225
2010-09-17,linear,-0.2727105435277513
2010-09-20,linear,-0.2505034201766483
2010-09-21,linear,-0.261675067178681
2010-09-22,linear,-0.3024231578714523
2010-09-23,linear,-0.2934451230892729
2010-09-24,linear,-0.3024480647327128
2010-09-27,linear,-0.3048763545096428
2010-09-28,linear,-0.3115396751838876
2010-09-29,linear,-0.3053061793525984
2010-09-30,linear,-0.3350860925588809
2010-10-01,linear,-0.3331078701576397
2010-10-04,linear,-0.2831304028478784
2010-10-05,linear,-0.2742828230290408
2010-10-06,linear,-0.26657144913184466
2010-10-07,linear,-0.2778323131662391
2010-10-08,linear,-0.2820951454714736
2010-10-11,linear,-0.2703549019019977
2010-10-12,linear,-0.26008935985156445
2010-10-13,linear,-0.2500008091978837
2010-10-14,linear,-0.22440927779425748
2010-10-15,linear,-0.27624939076835175
2010-10-18,linear,-0.24128173297069228
2010-10-19,linear,-0.24589268649036058
2010-10-20,linear,-0.2248203084091437
2010-10-21,linear,-0.25371561751699323
2010-10-22,linear,-0.2711216855098184
2010-10-25,linear,-0.283183136550711
2010-10-26,linear,-0.2866519590908085
2010-10-27,linear,-0.2920002986288066
2010-10-28,linear,-0.30168024550003086
2010-10-29,linear,-0.2925480967520593
2010-11-01,linear,-0.2909016725954206
2010-11-02,linear,-0.2837317172335194
2010-11-03,linear,-0.25330687701363197
2010-11-04,linear,-0.2492461709229355
2010-11-05,linear,-0.23064366990194368
2010-11-08,linear,-0.2229658960003593
2010-11-09,linear,-0.2264800633731593
2010-11-10,linear,-0.21779656746815398
2010-11-11,linear,-0.22630593359425327
2010-11-12,linear,-0.20344853328099338
2010-11-15,linear,-0.2429547929895376
2010-11-16,linear,-0.2446908866335075
2010-11-17,linear,-0.247931763411733
2010-11-18,linear,-0.2442083670452635
2010-11-19,linear,-0.25004078189508566
2010-11-22,linear,-0.2838168926558011
2010-11-23,linear,-0.28906111481696933
2010-11-24,linear,-0.2639895135863224
2010-11-25,linear,-0.2698881952021342
2010-11-26,linear,-0.2834546277364466
2010-11-29,linear,-0.3026969966592856
2010-11-30,linear,-0.2709944736737103
2010-12-01,linear,-0.22693255653467612
2010-12-02,linear,-0.2442267125659888
2010-12-03,linear,-0.21399261025655808
2010-12-06,linear,-0.2097478128575371
2010-12-07,linear,-0.19641102311405928
2010-12-08,linear,-0.168678826766098
2010-12-09,linear,-0.1720552621726347
2010-12-10,linear,-0.1795199010358419
2010-12-13,linear,-0.1739493393256417
2010-12-14,linear,-0.189838125186096
2010-12-15,linear,-0.1925585513814572
2010-12-16,linear,-0.20339946349252047
2010-12-17,linear,-0.20595224648531718
2010-12-20,linear,-0.19448419480428109
2010-12-21,linear,-0.1931540563794364
2010-12-22,linear,-0.20730182063769767
2010-12-23,linear,-0.21574480869245627
2010-12-24,linear,-0.22627392315033437
2010-12-27,linear,-0.23512021222895838
2010-12-28,linear,-0.23938883101731237
2010-12-29,linear,-0.22875600338827018
2010-12-30,linear,-0.22856619264995248
2010-12-31,linear,-0.2372304296976888
2011-01-03,linear,-0.20892433166993846
2011-01-04,linear,-0.20714165360956818
2011-01-05,linear,-0.2101999401959035
2011-01-06,linear,-0.2104676101518509
2011-01-07,linear,-0.18414628455929755
2011-01-10,linear,-0.15064837903452696
2011-01-11,linear,-0.10919822119846996
2011-01-12,linear,-0.08326014357782177
2011-01-13,linear,-0.06738143871754278
2011-01-14,linear,-0.05411224985840467
2011-01-17,linear,-0.048394122611245066
2011-01-18,linear,-0.05907945702690227
2011-01-19,linear,-0.05958682178978957
2011-01-20,linear,-0.03634074682357427
2011-01-21,linear,0.012091141862915728
2011-01-24,linear,0.022564056307845727
2011-01-25,linear,0.016968348793463126
2011-01-26,linear,0.018354602566816525
2011-01-27,linear,-0.007922271207339574
2011-01-28,linear,-0.0037704698907484744
2011-01-31,linear,0.03657464548878503
2011-02-01,linear,0.04873428009020282
2011-02-02,linear,0.019532188280718028
2011-02-03,linear,0.005695366892377928
2011-02-04,linear,0.010290284536242228
2011-02-07,linear,0.009145490665335928
2011-02-08,linear,0.002600046397775728
2011-02-09,linear,0.020295737451546725
2011-02-10,linear,0.016599144454493824
2011-02-11,linear,0.026368397364493926
2011-02-14,linear,0.018765164662932227
2011-02-15,linear,0.040677052383292125
2011-02-16,linear,0.03095684366469663
2011-02-17,linear,0.01924865884699693
2011-02-18,linear,0.014672818006976028
2011-02-21,linear,-0.03241816417203547
2011-02-22,linear,-0.033282494397868574
2011-02-23,linear,-0.02871355225070477
2011-02-24,linear,-0.02971576841882277
2011-02-25,linear,-0.029757014304548107
2011-02-28,linear,-0.051911776464350405
2011-03-01,linear,-0.05829999270279261
2011-03-02,linear,-0.07305625585745221
2011-03-03,linear,-0.0925780626354753
2011-03-04,linear,-0.0768913542097712
2011-03-07,linear,-0.067938017144634
2011-03-08,linear,-0.0748912784687451
2011-03-09,linear,-0.0919164989971206
2011-03-10,linear,-0.092136689274341
2011-03-11,linear,-0.1030488980993287
2011-03-14,linear,-0.1302886045351665
2011-03-15,linear,-0.1441527003991052
2011-03-16,linear,-0.1208152253934215
2011-03-17,linear,-0.1109303598318067
2011-03-18,linear,-0.1275143652993018
2011-03-21,linear,-0.11823702934318361
2011-03-22,linear,-0.1176045021822458
2011-03-23,linear,-0.11806804855629921
2011-03-24,linear,-0.12331868656142041
2011-03-25,linear,-0.1117042560754152
2011-03-28,linear,-0.14438086954683851
2011-03-29,linear,-0.146521485727968
2011-03-30,linear,-0.15533014276795562
2011-03-31,linear,-0.1577718716427577
2011-04-01,linear,-0.1623988544211144
2011-04-04,linear,-0.12441274655829622
2011-04-05,linear,-0.10839960237808981
2011-04-06,linear,-0.11367023662532602
2011-04-07,linear,-0.10315650778845631
2011-04-08,linear,-0.0807965160831208
2011-04-11,linear,-0.0985212078369221
2011-04-12,linear,-0.0967878331502106
2011-04-13,linear,-0.07720234339227121
2011-04-14,linear,-0.07673856017951242
2011-04-15,linear,-0.09575030451859451
2011-04-18,linear,-0.08428486607691281
2011-04-19,linear,-0.0751970067265196
2011-04-20,linear,-0.007580425773307002
2011-04-21,linear,0.005221946435196798
2011-04-22,linear,0.0599734473946211
2011-04-25,linear,0.09004498330225959
2011-04-26,linear,0.0984723956466203
2011-04-27,linear,0.1219216821786599
2011-04-28,linear,0.11964096328259449
2011-04-29,linear,0.1255911644134132
2011-05-02,linear,0.1829949692007684
2011-05-03,linear,0.17089596195829249
2011-05-04,linear,0.161640697162167
2011-05-05,linear,0.1656242306989522
2011-05-06,linear,0.18405975794982982
2011-05-09,linear,0.1722985777337113
2011-05-10,linear,0.16273151207310382
2011-05-11,linear,0.1689915086408756
2011-05-12,linear,0.1399229346695847
2011-05-13,linear,0.0949544512201316
2011-05-16,linear,0.10687290445858855
2011-05-17,linear,0.11465860626503305
2011-05-18,linear,0.12509879312853334
2011-05-19,linear,0.10462201681707835
2011-05-20,linear,0.09801790077675235
2011-05-23,linear,0.13488370896328145
2011-05-24,linear,0.15357958869595845
2011-05-25,linear,0.15552153762308046
2011-05-26,linear,0.15479494167686755
2011-05-27,linear,0.13123298008086595
2011-05-30,linear,0.13835179594849095
2011-05-31,linear,0.11840834959314735
2011-06-01,linear,0.08685307138477585
2011-06-02,linear,0.09694568403953956
2011-06-03,linear,0.08718566516157535
2011-06-06,linear,0.07362638234829565
2011-06-07,linear,0.06820735091621405
2011-06-08,linear,0.08407429837657644
2011-06-09,linear,0.07762915478264965
2011-06-10,linear,0.10536826945593945
2011-06-13,linear,0.11433305842884686
2011-06-14,linear,0.09428443877138676
2011-06-15,linear,0.12280895929364116
2011-06-16,linear,0.13125444122043245
2011-06-17,linear,0.13778041369987454
2011-06-20,linear,0.14686381932042553
2011-06-21,linear,0.14487097433584642
2011-06-22,linear,0.08070330857690694
2011-06-23,linear,0.025757760325384748
2011-06-24,linear,0.00924346153682195
2011-06-27,linear,0.02223904185032685
2011-06-28,linear,0.043420329553798556
2011-06-29,linear,0.03875648219493495
2011-06-30,linear,0.06705545768717006
2011-07-01,linear,0.07219454642161376
2011-07-04,linear,0.09874885243838125
2011-07-05,linear,0.07808897394686926
2011-07-06,linear,0.07050988213561304
2011-07-07,linear,0.04885532799432875
2011-07-08,linear,0.02044080765902225
2011-07-11,linear,0.006657366346152549
2011-07-12,linear,0.012662942697282149
2011-07-13,linear,-0.01193418406087875
2011-07-14,linear,-0.02307762953536285
2011-07-15,linear,-0.02127631990956605
2011-07-18,linear,0.0013762360786486495
2011-07-19,linear,0.03597274973586764
2011-07-20,linear,0.08586011851506559
2011-07-21,linear,0.09092184832616629
2011-07-22,linear,0.10257413556880808
2011-07-25,linear,0.10957205076060028
2011-07-26,linear,0.08819453217967488
2011-07-27,linear,0.10725850461049678
2011-07-28,linear,0.13553310340864477
2011-07-29,linear,0.1551394609981616
2011-08-01,linear,0.1257855956192854
2011-08-02,linear,0.1111011948887749
2011-08-03,linear,0.04979192338426299
2011-08-04,linear,0.018439137625265386
2011-08-05,linear,0.03507017256196519
2011-08-08,linear,0.09062912978900549
2011-08-09,linear,0.01939208824819469
2011-08-10,linear,0.0812458322771244
2011-08-11,linear,0.11260727048597799
2011-08-12,linear,0.0980216940846093
2011-08-15,linear,0.08122498936037709
2011-08-16,linear,0.07696119954313889
2011-08-17,linear,0.010240931545814791
2011-08-18,linear,-0.0526451089777046
2011-08-19,linear,-0.0578897786287269
2011-08-22,linear,-0.0676046419596555
2011-08-23,linear,-0.0378711197206132
2011-08-24,linear,-0.0011496049709903006
2011-08-25,linear,-0.0122168944517608
2011-08-26,linear,-0.037729876081132
2011-08-29,linear,-0.0337066552724184
2011-08-30,linear,-0.0146499513757921
2011-08-31,linear,-0.026613172371296203
2011-09-01,linear,-0.0816594623997483
2011-09-02,linear,-0.06772356152157771
2011-09-05,linear,-0.0862057712727477
2011-09-06,linear,-0.04862611240420481
2011-09-07,linear,-0.0462252932926852
2011-09-08,linear,-0.086078138637889
2011-09-09,linear,-0.0791348340492909
2011-09-12,linear,-0.05170698138446661
2011-09-13,linear,-0.042299186021437105
2011-09-14,linear,0.01626049583823439
2011-09-15,linear,0.027089737643009693
2011-09-16,linear,0.033915125859758095
2011-09-19,linear,0.03271679553685009
2011-09-20,linear,0.010790421921102893
2011-09-21,linear,-0.0642071515763546
2011-09-22,linear,-0.03969317241454001
2011-09-23,linear,-0.04074594599808191
2011-09-26,linear,0.011751424422486889
2011-09-27,linear,-0.005998181088128912
2011-09-28,linear,0.025957584008798287
2011-09-29,linear,-0.02363028289279631
2011-09-30,linear,-0.00930382486224211
2011-10-03,linear,-0.0015054266521585089
2011-10-04,linear,0.042057776484746685
2011-10-05,linear,0.08516021067001958
2011-10-06,linear,0.07093154722491538
2011-10-07,linear,0.06162815253229368
2011-10-10,linear,0.08204486488859948
2011-10-11,linear,0.11033041683994128
2011-10-12,linear,0.07592663249238998
2011-10-13,linear,0.07761285361570068
2011-10-14,linear,0.08071528181940668
2011-10-17,linear,0.09582906422994367
2011-10-18,linear,0.10384793521659967
2011-10-19,linear,0.08013179912424057
2011-10-20,linear,0.10813286437205638
2011-10-21,linear,0.08296076448313228
2011-10-24,linear,0.06750319141839448
2011-10-25,linear,0.07526533324886008
2011-10-26,linear,0.17377606643518245
2011-10-27,linear,0.18211404780159757
2011-10-28,linear,0.19051315447137057
2011-10-31,linear,0.10203432391416528
2011-11-01,linear,0.11675100260033297
2011-11-02,linear,0.16690663897367009
2011-11-03,linear,0.15236656941350088
2011-11-04,linear,0.12915330103987407
2011-11-07,linear,0.15512921620044437
2011-11-08,linear,0.11004819291764917
2011-11-09,linear,0.13322761778274955
2011-11-10,linear,0.17303482202457918
2011-11-11,linear,0.17369212061759307
2011-11-14,linear,0.17535623624781957
2011-11-15,linear,0.16619442819670938
2011-11-16,linear,0.16552100638555836
2011-11-17,linear,0.13165263918177555
2011-11-18,linear,0.10410299569167698
2011-11-21,linear,0.06437783074848888
2011-11-22,linear,0.04079400730297497
2011-11-23,linear,0.05275448683210637
2011-11-24,linear,0.04932915835603187
2011-11-25,linear,0.02742824556492407
2011-11-28,linear,0.029206091269702368
2011-11-29,linear,0.08576697192764647
2011-11-30,linear,0.07732484612800987
2011-12-01,linear,0.1352385099712101
2011-12-02,linear,0.14242366541581788
2011-12-05,linear,0.15341549746947328
2011-12-06,linear,0.1585811758170277
2011-12-07,linear,0.09968316732251967
2011-12-08,linear,0.13164870917430926
2011-12-09,linear,0.13322162529935627
2011-12-12,linear,0.10833538684401507
2011-12-13,linear,0.08267862496124317
2011-12-14,linear,0.08351843226255638
2011-12-15,linear,0.08672191484603177
2011-12-16,linear,0.08903699182386587
2011-12-19,linear,0.11817788610290718
2011-12-20,linear,0.12183347505858168
2011-12-21,linear,0.13576226877687508
2011-12-22,linear,0.13687080120384956
2011-12-23,linear,0.14273132792828436
2011-12-26,linear,0.15857365995110786
2011-12-27,linear,0.13960770173648449
2011-12-28,linear,0.13772053437915638
2011-12-29,linear,0.10063780996752948
2011-12-30,linear,0.08723383653905947
2012-01-02,linear,0.09669989325941006
2012-01-03,linear,0.08444006439129917
2012-01-04,linear,0.03873056174378277
2012-01-05,linear,0.02178322132906627
2012-01-06,linear,0.011403576455690371
2012-01-09,linear,0.05247087186433427
2012-01-10,linear,0.06779041917063658
2012-01-11,linear,0.09779654384106247
2012-01-12,linear,0.10768335117667778
2012-01-13,linear,0.09280490503228447
2012-01-16,linear,0.10788208311345628
2012-01-17,linear,0.12805252322325397
2012-01-18,linear,0.15589793567407279
2012-01-19,linear,0.15956429952203255
2012-01-20,linear,0.16491743057035735
2012-01-23,linear,0.16513649529369445
2012-01-24,linear,0.16109638868023085
2012-01-25,linear,0.16403799559901786
2012-01-26,linear,0.16979402627387458
2012-01-27,linear,0.1731380610918566
2012-01-30,linear,0.17601636039064877
2012-01-31,linear,0.20693874515690297
2012-02-01,linear,0.20877838090673548
2012-02-02,linear,0.20989340347246638
2012-02-03,linear,0.2030382085992886
2012-02-06,linear,0.20857481817795978
2012-02-07,linear,0.22559030901573457
2012-02-08,linear,0.24170823607003009
2012-02-09,linear,0.2154781495252817
2012-02-10,linear,0.21737325329625248
2012-02-13,linear,0.18764110189612848
2012-02-14,linear,0.19176645007325957
2012-02-15,linear,0.20694173628383297
2012-02-16,linear,0.23074917967198066
2012-02-17,linear,0.22203044020086138
2012-02-20,linear,0.22664704728080376
2012-02-21,linear,0.20553506302523228
2012-02-22,linear,0.19138133822773218
2012-02-23,linear,0.20929956451442738
2012-02-24,linear,0.22410595149001608
2012-02-27,linear,0.23513450580000356
2012-02-28,linear,0.23572560810203105
2012-02-29,linear,0.2740873664929794
2012-03-01,linear,0.29089197816791246
2012-03-02,linear,0.28084305136979215
2012-03-05,linear,0.22239207066566177
2012-03-06,linear,0.23582924317299067
2012-03-07,linear,0.24691253960311335
2012-03-08,linear,0.25015794174095046
2012-03-09,linear,0.2466876837817508
2012-03-12,linear,0.28175265724962467
2012-03-13,linear,0.29014452473621705
2012-03-14,linear,0.3127144045096929
2012-03-15,linear,0.33193896322076644
2012-03-16,linear,0.3460654949986117
2012-03-19,linear,0.32477062450164745
2012-03-20,linear,0.3161413758042746
2012-03-21,linear,0.30096333607054726
2012-03-22,linear,0.2950894220827602
2012-03-23,linear,0.2900832011168653
2012-03-26,linear,0.28992106541813445
2012-03-27,linear,0.28680428476872993
2012-03-28,linear,0.2691794932853302
2012-03-29,linear,0.2712402725150951
2012-03-30,linear,0.28720314715979334
2012-04-02,linear,0.2757948939125451
2012-04-03,linear,0.23816772457174384
2012-04-04,linear,0.23397741360136276
2012-04-05,linear,0.22075440163543966
2012-04-06,linear,0.20611682669795706
2012-04-09,linear,0.17294562269282046
2012-04-10,linear,0.19548596696424417
2012-04-11,linear,0.21110159274538406
2012-04-12,linear,0.17538822899429415
2012-04-13,linear,0.16668757536713308
2012-04-16,linear,0.20729617933194716
2012-04-17,linear,0.19279180796696538
2012-04-18,linear,0.16691900161882395
2012-04-19,linear,0.1902201191963957
2012-04-20,linear,0.20585905074421418
2012-04-23,linear,0.22386643589059868
2012-04-24,linear,0.23917564054992746
2012-04-25,linear,0.22024845846622987
2012-04-26,linear,0.23840643712195317
2012-04-27,linear,0.249038299114178
2012-04-30,linear,0.27195920459526396
2012-05-01,linear,0.25468025153980506
2012-05-02,linear,0.23416995580219768
2012-05-03,linear,0.21981324375120181
2012-05-04,linear,0.22008307422393902
2012-05-07,linear,0.21798114729972964
2012-05-08,linear,0.20220141783248924
2012-05-09,linear,0.23597254495018663
2012-05-10,linear,0.2012273971128236
2012-05-11,linear,0.20177037606507114
2012-05-14,linear,0.15925675347553622
2012-05-15,linear,0.14887511767402284
2012-05-16,linear,0.11428921257020283
2012-05-17,linear,0.12257586254416972
2012-05-18,linear,0.130611595576429
2012-05-21,linear,0.14423499611051582
2012-05-22,linear,0.12087383246660462
2012-05-23,linear,0.1309433229085537
2012-05-24,linear,0.12838752597882083
2012-05-25,linear,0.12445006704323201
2012-05-28,linear,0.13630920448678252
2012-05-29,linear,0.11667087072895471
2012-05-30,linear,0.09854669031492892
2012-05-31,linear,0.09805945334879822
2012-06-01,linear,0.10869947143307972
2012-06-04,linear,0.11102870226632111
2012-06-05,linear,0.1485427548356053
2012-06-06,linear,0.14354363371726664
2012-06-07,linear,0.14639059959387773
2012-06-08,linear,0.17154111982687192
2012-06-11,linear,0.1924478042290474
2012-06-12,linear,0.1935952943495381
2012-06-13,linear,0.18643877415047191
2012-06-14,linear,0.1935431829801182
2012-06-15,linear,0.17036505112735
2012-06-18,linear,0.1708040883074965
2012-06-19,linear,0.18617510436489798
2012-06-20,linear,0.179579086675802
2012-06-21,linear,0.20029358064501507
2012-06-22,linear,0.2045909396220386
2012-06-25,linear,0.21715103220590226
2012-06-26,linear,0.24352643261915377
2012-06-27,linear,0.23220934518127506
2012-06-28,linear,0.26411188912609407
2012-06-29,linear,0.26134909520457383
2012-07-02,linear,0.28422428467172045
2012-07-03,linear,0.27852235671106135
2012-07-04,linear,0.23565061064602394
2012-07-05,linear,0.16887289235079356
2012-07-06,linear,0.11890814500601117
2012-07-09,linear,0.11396205937642856
2012-07-10,linear,0.11964165005586766
2012-07-11,linear,0.10208932451001367
2012-07-12,linear,0.13448595451195716
2012-07-13,linear,0.12779487319336866
2012-07-16,linear,0.13604212502830906
2012-07-17,linear,0.14120479528978724
2012-07-18,linear,0.17089975074476585
2012-07-19,linear,0.15374226094269364
2012-07-20,linear,0.19906388863900035
2012-07-23,linear,0.21774956125239045
2012-07-24,linear,0.22313831280842156
2012-07-25,linear,0.21908160058370216
2012-07-26,linear,0.3193072623589013
2012-07-27,linear,0.27751924470496486
2012-07-30,linear,0.25846399270047093
2012-07-31,linear,0.26382756380768263
2012-08-01,linear,0.24606253683482757
2012-08-02,linear,0.31227065426241696
2012-08-03,linear,0.37869991359716104
2012-08-06,linear,0.40747136431910425
2012-08-07,linear,0.41255148270133785
2012-08-08,linear,0.40321499752233775
2012-08-09,linear,0.36540422510371373
2012-08-10,linear,0.34795951590107915
2012-08-13,linear,0.3614296029063037
2012-08-14,linear,0.3593496284345034
2012-08-15,linear,0.36843155498791336
2012-08-16,linear,0.35819678911051755
2012-08-17,linear,0.36113936407142044
2012-08-20,linear,0.4386435943570883
2012-08-21,linear,0.4334182057544579
2012-08-22,linear,0.45426963146690263
2012-08-23,linear,0.41280410994745087
2012-08-24,linear,0.41649287765287735
2012-08-27,linear,0.46365333122420777
2012-08-28,linear,0.46975266931913057
2012-08-29,linear,0.4138064214447156
2012-08-30,linear,0.421408983249925
2012-08-31,linear,0.36843829743326756
2012-09-03,linear,0.3625895119201147
2012-09-04,linear,0.36741947819706067
2012-09-05,linear,0.40770267496565044
2012-09-06,linear,0.45158976599420075
2012-09-07,linear,0.5009087537900885
2012-09-10,linear,0.4807605274444435
2012-09-11,linear,0.4965758131837967
2012-09-12,linear,0.45963698272970466
2012-09-13,linear,0.5101933972621409
2012-09-14,linear,0.47712702508831806
2012-09-17,linear,0.5077160820138094
2012-09-18,linear,0.5098137386737611
2012-09-19,linear,0.4972289940234802
2012-09-20,linear,0.4597774253424708
2012-09-21,linear,0.4128371399377274
2012-09-24,linear,0.43322664513462666
2012-09-25,linear,0.40994609433631857
2012-09-26,linear,0.3968931622929412
2012-09-27,linear,0.35655774580984956
2012-09-28,linear,0.3921205730147693
2012-10-01,linear,0.39632377355127746
2012-10-02,linear,0.400956315687796
2012-10-03,linear,0.3957846212868121
2012-10-04,linear,0.4006855839287908
2012-10-05,linear,0.42238750850460755
2012-10-08,linear,0.37798890198339924
2012-10-09,linear,0.37053063853009965
2012-10-10,linear,0.4065262005683862
2012-10-11,linear,0.39171900332695164
2012-10-12,linear,0.2986744657377873
2012-10-15,linear,0.3154945226093372
2012-10-16,linear,0.3283953860732782
2012-10-17,linear,0.4242702035542705
2012-10-18,linear,0.38993601367158137
2012-10-19,linear,0.3675616221283475
2012-10-22,linear,0.3689717406012132
2012-10-23,linear,0.36886884374418266
2012-10-24,linear,0.3525485984917942
2012-10-25,linear,0.39003369928759524
2012-10-26,linear,0.39597725487382257
2012-10-29,linear,0.3706125420580638
2012-10-30,linear,0.377996451874804
2012-10-31,linear,0.41673934221306225
2012-11-01,linear,0.4253662827133326
2012-11-02,linear,0.452626591331157
2012-11-05,linear,0.4658339206873922
2012-11-06,linear,0.4338868908648722
2012-11-07,linear,0.46467364561233965
2012-11-08,linear,0.4796297178977206
2012-11-09,linear,0.47428408680237766
2012-11-12,linear,0.474458010826268
2012-11-13,linear,0.45768161592259926
2012-11-14,linear,0.4649407711404521
2012-11-15,linear,0.3979316406116863
2012-11-16,linear,0.40087115230048376
2012-11-19,linear,0.35856968983686194
2012-11-20,linear,0.36284776689155557
2012-11-21,linear,0.37214975083333696
2012-11-22,linear,0.3764456260514773
2012-11-23,linear,0.4219346258191633
2012-11-26,linear,0.39642899977730417
2012-11-27,linear,0.3954979629258395
2012-11-28,linear,0.4391443653731227
2012-11-29,linear,0.4643531807765073
2012-11-30,linear,0.4580972151638972
2012-12-03,linear,0.46237913681213855
2012-12-04,linear,0.47517247907958676
2012-12-05,linear,0.4460028819111479
2012-12-06,linear,0.440779299607179
2012-12-07,linear,0.41753088480080924
2012-12-10,linear,0.4225198417500521
2012-12-11,linear,0.4303752624551181
2012-12-12,linear,0.4383440663754236
2012-12-13,linear,0.4561147300293108
2012-12-14,linear,0.44640264648596917
2012-12-17,linear,0.4589086861642872
2012-12-18,linear,0.47363466109380425
2012-12-19,linear,0.45718474583511426
2012-12-20,linear,0.4581621657377493
2012-12-21,linear,0.49486300516714715
2012-12-24,linear,0.5220411341506205
2012-12-25,linear,0.5218450896998019
2012-12-26,linear,0.473952920319127
2012-12-27,linear,0.45277711505772167
2012-12-28,linear,0.43795300086646616
2012-12-31,linear,0.43267411751166857
2013-01-01,linear,0.4615298420715009
2013-01-02,linear,0.4571548844435492
2013-01-03,linear,0.4447339902722386
2013-01-04,linear,0.390388919678729
2013-01-07,linear,0.3745317750748369
2013-01-08,linear,0.38370189755284073
2013-01-09,linear,0.401885400562297
2013-01-10,linear,0.4168524923977999
2013-01-11,linear,0.40498177168155425
2013-01-14,linear,0.4068160641255748
2013-01-15,linear,0.39974175749404056
2013-01-16,linear,0.3961853856002821
2013-01-17,linear,0.3693016786054576
2013-01-18,linear,0.3555655059165468
2013-01-21,linear,0.3292129457171203
2013-01-22,linear,0.322111095625087
2013-01-23,linear,0.32987225823041866
2013-01-24,linear,0.31541796129719935
2013-01-25,linear,0.3157731668890884
2013-01-28,linear,0.3460146620756317
2013-01-29,linear,0.34159951002723316
2013-01-30,linear,0.3618610219905589
2013-01-31,linear,0.3650529899278318
2013-02-01,linear,0.3594151672772689
2013-02-04,linear,0.353500833461397
2013-02-05,linear,0.3514200546753572
2013-02-06,linear,0.34307688871203174
2013-02-07,linear,0.375354275895531
2013-02-08,linear,0.3801993459441877
2013-02-11,linear,0.3881628675703446
2013-02-12,linear,0.3831484161807414
2013-02-13,linear,0.3743603556703609
2013-02-14,linear,0.3628770868469871
2013-02-15,linear,0.34859629883407633
2013-02-18,linear,0.3576670096091712
2013-02-19,linear,0.3487546521710866
2013-02-20,linear,0.3626259437597912
2013-02-21,linear,0.3589066085525741
2013-02-22,linear,0.3408486726616999
2013-02-25,linear,0.3283069125979551
2013-02-26,linear,0.3442014068016252
2013-02-27,linear,0.31814314955211886
2013-02-28,linear,0.3024569343688816
2013-03-01,linear,0.2888452042837085
2013-03-04,linear,0.29290355809180313
2013-03-05,linear,0.2972652059421676
2013-03-06,linear,0.2955915627079934
2013-03-07,linear,0.32636003031998867
2013-03-08,linear,0.34461741117722977
2013-03-11,linear,0.33099244037390724
2013-03-12,linear,0.32096721768971403
2013-03-13,linear,0.3291836609134341
2013-03-14,linear,0.3375853882133642
2013-03-15,linear,0.3664707327179536
2013-03-18,linear,0.33969619898809067
2013-03-19,linear,0.3499968334792825
2013-03-20,linear,0.3642499272392348
2013-03-21,linear,0.4000706974048805
2013-03-22,linear,0.4098118796553988
2013-03-25,linear,0.4019217874715616
2013-03-26,linear,0.3969102024708823
2013-03-27,linear,0.4231110392516436
2013-03-28,linear,0.4005257307537738
2013-03-29,linear,0.3813693347774058
2013-04-01,linear,0.42780996389959186
2013-04-02,linear,0.4059880226668033
2013-04-03,linear,0.36460067833463433
2013-04-04,linear,0.3754479499813811
2013-04-05,linear,0.3987611449616879
2013-04-08,linear,0.3970572816073585
2013-04-09,linear,0.4270879275655256
2013-04-10,linear,0.4118060312336474
2013-04-11,linear,0.38646568058270414
2013-04-12,linear,0.3861826606868744
2013-04-15,linear,0.3786205703632353
2013-04-16,linear,0.3744060986817343
2013-04-17,linear,0.3466732405216407
2013-04-18,linear,0.3773879817301332
2013-04-19,linear,0.39795195924220583
2013-04-22,linear,0.4267061822592154
2013-04-23,linear,0.429598012011901
2013-04-24,linear,0.4522933907036197
2013-04-25,linear,0.4657898564449223
2013-04-26,linear,0.4394005909184274
2013-04-29,linear,0.463153216434873
2013-04-30,linear,0.4639149083772258
2013-05-01,linear,0.49502778560919924
2013-05-02,linear,0.5074955601011579
2013-05-03,linear,0.5255382896865014
2013-05-06,linear,0.5530865269129588
2013-05-07,linear,0.5552208658473027
2013-05-08,linear,0.5272614542531133
2013-05-09,linear,0.5509571855291953
2013-05-10,linear,0.5434885790740199
2013-05-13,linear,0.5562455513228903
2013-05-14,linear,0.5550339530733917
2013-05-15,linear,0.5486286397043256
2013-05-16,linear,0.5848549575765031
2013-05-17,linear,0.5812111170451405
2013-05-20,linear,0.6013976457195929
2013-05-21,linear,0.6094319500686419
2013-05-22,linear,0.5569923941984052
2013-05-23,linear,0.51589701911795
2013-05-24,linear,0.5044069021676844
2013-05-27,linear,0.5176495590521332
2013-05-28,linear,0.5097891553852355
2013-05-29,linear,0.524236289888079
2013-05-30,linear,0.5194244327283575
2013-05-31,linear,0.5069578130536229
2013-06-03,linear,0.4994318656137166
2013-06-04,linear,0.4802178664389702
2013-06-05,linear,0.44809366779464943
2013-06-06,linear,0.460590277034629
2013-06-07,linear,0.4724526323909709
2013-06-10,linear,0.45621225489998063
2013-06-11,linear,0.44503319969532495
2013-06-12,linear,0.47045461354771584
2013-06-13,linear,0.44105807864608504
2013-06-14,linear,0.46028446971131454
2013-06-17,linear,0.43229021983080723
2013-06-18,linear,0.42911647147432475
2013-06-19,linear,0.38333249382910756
2013-06-20,linear,0.3683357503798699
2013-06-21,linear,0.39376847651460006
2013-06-24,linear,0.44419463186392083
2013-06-25,linear,0.45216000006143436
2013-06-26,linear,0.45471273860184924
2013-06-27,linear,0.43965624251692403
2013-06-28,linear,0.45486376708086435
2013-07-01,linear,0.44024233498892557
2013-07-02,linear,0.4248045047174759
2013-07-03,linear,0.46172431923217333
2013-07-04,linear,0.46160813219471714
2013-07-05,linear,0.46511751625721215
2013-07-08,linear,0.5114643329444607
2013-07-09,linear,0.49989146868712675
2013-07-10,linear,0.535860966159801
2013-07-11,linear,0.5381135738627809
2013-07-12,linear,0.49813844255421424
2013-07-15,linear,0.46042923281158465
2013-07-16,linear,0.46955133225958157
2013-07-17,linear,0.4982279856452312
2013-07-18,linear,0.4919652958546221
2013-07-19,linear,0.5195700953899234
2013-07-22,linear,0.46412355571191355
2013-07-23,linear,0.46948277028035257
2013-07-24,linear,0.4645913551186953
2013-07-25,linear,0.4560137962663433
2013-07-26,linear,0.453241722731599
2013-07-29,linear,0.45910019187465967
2013-07-30,linear,0.45845385678563705
2013-07-31,linear,0.4902525834168664
2013-08-01,linear,0.4906346989319231
2013-08-02,linear,0.47769396208021575
2013-08-05,linear,0.46662168457447456
2013-08-06,linear,0.4676536006667505
2013-08-07,linear,0.45072457558172846
2013-08-08,linear,0.4570991523912161
2013-08-09,linear,0.4640725619239601
2013-08-12,linear,0.47107246322047464
2013-08-13,linear,0.47166587469873783
2013-08-14,linear,0.46484599188531944
2013-08-15,linear,0.4674929297763627
2013-08-16,linear,0.4774419640899336
2013-08-19,linear,0.45561689091406715
2013-08-20,linear,0.45598027031527655
2013-08-21,linear,0.46753129653208414
2013-08-22,linear,0.46587681236675627
2013-08-23,linear,0.427057926782166
2013-08-26,linear,0.3732244597087598
2013-08-27,linear,0.38150533341085296
2013-08-28,linear,0.3689087601094087
2013-08-29,linear,0.34166260683847127
2013-08-30,linear,0.32923712542303035
2013-09-02,linear,0.30355039747093293
2013-09-03,linear,0.30456782348235983
2013-09-04,linear,0.3253284835346605
2013-09-05,linear,0.32301755408043487
2013-09-06,linear,0.33661045199563344
2013-09-09,linear,0.3528477823440113
2013-09-10,linear,0.35260628034368463
2013-09-11,linear,0.34931337584297506
2013-09-12,linear,0.3733337980332171
2013-09-13,linear,0.36779532182028757
2013-09-16,linear,0.37843514969014835
2013-09-17,linear,0.387605609360827
2013-09-18,linear,0.39617462649869956
2013-09-19,linear,0.38519512754566554
2013-09-20,linear,0.37507432915067046
2013-09-23,linear,0.3602231637516142
2013-09-24,linear,0.35689666041901347
2013-09-25,linear,0.3634143706220408
2013-09-26,linear,0.36440800411561397
2013-09-27,linear,0.3458017610204008
2013-09-30,linear,0.36774142516379077
2013-10-01,linear,0.36791100105105334
2013-10-02,linear,0.34430388905746495
2013-10-03,linear,0.3412038656794827
2013-10-04,linear,0.339643988961167
2013-10-07,linear,0.3502045942601403
2013-10-08,linear,0.35896455361877255
2013-10-09,linear,0.39851817776792237
2013-10-10,linear,0.40543753230974855
2013-10-11,linear,0.4028928080901894
2013-10-14,linear,0.41206963221508325
2013-10-15,linear,0.4290107566070165
2013-10-16,linear,0.42272649520758915
2013-10-17,linear,0.42753195500564606
2013-10-18,linear,0.4048837164075616
2013-10-21,linear,0.4074176252623932
2013-10-22,linear,0.39145069553728595
2013-10-23,linear,0.3893472200533346
2013-10-24,linear,0.4204348960978708
2013-10-25,linear,0.42533386312436217
2013-10-28,linear,0.4441984893037634
2013-10-29,linear,0.43838028379126076
2013-10-30,linear,0.4267618615306539
2013-10-31,linear,0.4419771585933726
2013-11-01,linear,0.4369430282661265
2013-11-04,linear,0.43846564304082486
2013-11-05,linear,0.4462870777348136
2013-11-06,linear,0.44543279968672245
2013-11-07,linear,0.45456665378595745
2013-11-08,linear,0.4496832537216225
2013-11-11,linear,0.4373456934884746
2013-11-12,linear,0.43097897703933574
2013-11-13,linear,0.43219796985291564
2013-11-14,linear,0.43539094274058576
2013-11-15,linear,0.41602310820201716
2013-11-18,linear,0.41445462501303165
2013-11-19,linear,0.41190847642730677
2013-11-20,linear,0.4160469410504597
2013-11-21,linear,0.4074492651725445
2013-11-22,linear,0.40562472611467976
2013-11-25,linear,0.4025978026001022
2013-11-26,linear,0.4086781191101764
2013-11-27,linear,0.4030938332624899
2013-11-28,linear,0.3935573091609399
2013-11-29,linear,0.39340043344726927
2013-12-02,linear,0.37845452913362665
2013-12-03,linear,0.377993328021805
2013-12-04,linear,0.34894991985289675
2013-12-05,linear,0.3477328979374433
2013-12-06,linear,0.33840680275207685
2013-12-09,linear,0.348524731053415
2013-12-10,linear,0.34261968858098846
2013-12-11,linear,0.33859824025446017
2013-12-12,linear,0.3344070526691766
2013-12-13,linear,0.33589066877753937
2013-12-16,linear,0.33602813262129166
2013-12-17,linear,0.3540899769086443
2013-12-18,linear,0.36580518857380684
2013-12-19,linear,0.3383026164975597
2013-12-20,linear,0.3385485442728625
2013-12-23,linear,0.33242663682699475
2013-12-24,linear,0.33199871440856893
2013-12-25,linear,0.33429577303930835
2013-12-26,linear,0.33425417056718365
2013-12-27,linear,0.32000936616233466
2013-12-30,linear,0.3141751564948829
2013-12-31,linear,0.3133691298030073
2014-01-01,linear,0.3039162030753732
2014-01-02,linear,0.31018753282521394
2014-01-03,linear,0.307677900539576
2014-01-06,linear,0.31892678283068676
2014-01-07,linear,0.32631082316414656
2014-01-08,linear,0.32630697186666524
2014-01-09,linear,0.33667533201417005
2014-01-10,linear,0.32289736355880416
2014-01-13,linear,0.3218476487142199
2014-01-14,linear,0.34266009170553724
2014-01-15,linear,0.32975115747722794
2014-01-16,linear,0.3343506867056912
2014-01-17,linear,0.33052975657824474
2014-01-20,linear,0.3253717916737293
2014-01-21,linear,0.32179371715801824
2014-01-22,linear,0.29923034407407473
2014-01-23,linear,0.28211110167945735
2014-01-24,linear,0.29501459853218626
2014-01-27,linear,0.29773169705356395
2014-01-28,linear,0.2911508032584906
2014-01-29,linear,0.27814205127309855
2014-01-30,linear,0.26818244134770536
2014-01-31,linear,0.27302046477426256
2014-02-03,linear,0.295088553646631
2014-02-04,linear,0.30205342954204073
2014-02-05,linear,0.30518729069933925
2014-02-06,linear,0.31931405111134575
2014-02-07,linear,0.35124732331347597
2014-02-10,linear,0.354302378412413
2014-02-11,linear,0.35961288066855096
2014-02-12,linear,0.3643418091718039
2014-02-13,linear,0.34842980136112367
2014-02-14,linear,0.3435013117535945
2014-02-17,linear,0.35429107544038807
2014-02-18,linear,0.34261202258890133
2014-02-19,linear,0.3238246144436833
2014-02-20,linear,0.3213721654945294
2014-02-21,linear,0.3259868287457421
2014-02-24,linear,0.29965315986706426
2014-02-25,linear,0.29998888612525537
2014-02-26,linear,0.29583365760465297
2014-02-27,linear,0.30744428617321423
2014-02-28,linear,0.30083395628559534
2014-03-03,linear,0.3202056630157736
2014-03-04,linear,0.3224716622664823
2014-03-05,linear,0.3540746078300097
2014-03-06,linear,0.34524991078752054
2014-03-07,linear,0.35299975938701145
2014-03-10,linear,0.34491233713158787
2014-03-11,linear,0.3359140087003499
2014-03-12,linear,0.3397418044915316
2014-03-13,linear,0.33205393367777775
2014-03-14,linear,0.3362460428009704
2014-03-17,linear,0.342900716784063
2014-03-18,linear,0.3432136931622772
2014-03-19,linear,0.3266771635684572
2014-03-20,linear,0.34583427491759006
2014-03-21,linear,0.34221976830240874
2014-03-24,linear,0.3481990919527333
2014-03-25,linear,0.34698995565262797
2014-03-26,linear,0.3303608077856785
2014-03-27,linear,0.3079526447368527
2014-03-28,linear,0.30650572056411074
2014-03-31,linear,0.33085388310781927
2014-04-01,linear,0.3358473109543165
2014-04-02,linear,0.34060720280485235
2014-04-03,linear,0.3411715990369983
2014-04-04,linear,0.36063796681783516
2014-04-07,linear,0.33749609419099036
2014-04-08,linear,0.341020002140236
2014-04-09,linear,0.30481222557840276
2014-04-10,linear,0.28981451308182293
2014-04-11,linear,0.28319303730447815
2014-04-14,linear,0.27532512273147725
2014-04-15,linear,0.29261340438697886
2014-04-16,linear,0.29206200512861946
2014-04-17,linear,0.29057415632032896
2014-04-18,linear,0.2839519564899039
2014-04-21,linear,0.2858325299430723
2014-04-22,linear,0.2885040870945247
2014-04-23,linear,0.27648706002286005
2014-04-24,linear,0.26154529205686966
2014-04-25,linear,0.26282773348054916
2014-04-28,linear,0.27504560388804034
2014-04-29,linear,0.27606682123160764
2014-04-30,linear,0.27525441028110637
2014-05-01,linear,0.2772603795058686
2014-05-02,linear,0.28466135260476305
2014-05-05,linear,0.2558115566723263
2014-05-06,linear,0.25923939585427247
2014-05-07,linear,0.2739531861859695
2014-05-08,linear,0.25977385533629577
2014-05-09,linear,0.29174341500940687
2014-05-12,linear,0.29870502584205666
2014-05-13,linear,0.29017483408851147
2014-05-14,linear,0.25802001744681047
2014-05-15,linear,0.2678478391447484
2014-05-16,linear,0.2533504239223623
2014-05-19,linear,0.2590112270334558
2014-05-20,linear,0.2660553244238953
2014-05-21,linear,0.25117019241431515
2014-05-22,linear,0.2774759172437088
2014-05-23,linear,0.2839188967965027
2014-05-26,linear,0.2654444212009582
2014-05-27,linear,0.2691457890102555
2014-05-28,linear,0.2842605852929725
2014-05-29,linear,0.29422696117827046
2014-05-30,linear,0.27869534932726286
2014-06-02,linear,0.2795311429623601
2014-06-03,linear,0.28087489038464236
2014-06-04,linear,0.2759068661313376
2014-06-05,linear,0.2955145072365789
2014-06-06,linear,0.3314369323811967
2014-06-09,linear,0.3493648021454402
2014-06-10,linear,0.3437263686079914
2014-06-11,linear,0.3205539130144263
2014-06-12,linear,0.3116320721164131
2014-06-13,linear,0.3106040252496847
2014-06-16,linear,0.3252627348754813
2014-06-17,linear,0.3261440226434007
2014-06-18,linear,0.3334311927672729
2014-06-19,linear,0.34799680777802805
2014-06-20,linear,0.31257471233423667
2014-06-23,linear,0.29958359051361905
2014-06-24,linear,0.29785307934196276
2014-06-25,linear,0.2742237285705421
2014-06-26,linear,0.2865753881971467
2014-06-27,linear,0.2606433838565617
2014-06-30,linear,0.2654918240323642
2014-07-01,linear,0.2698945306597767
2014-07-02,linear,0.2888479549329181
2014-07-03,linear,0.27427964075513606
2014-07-04,linear,0.25160151221206856
2014-07-07,linear,0.2351371541100744
2014-07-08,linear,0.24006728496701338
2014-07-09,linear,0.22298090276765237
2014-07-10,linear,0.21604230266574087
2014-07-11,linear,0.22274613490914116
2014-07-14,linear,0.22969293818250008
2014-07-15,linear,0.24202604779218956
2014-07-16,linear,0.23138758641978477
2014-07-17,linear,0.237357673652913
2014-07-18,linear,0.20503664541998798
2014-07-21,linear,0.21511200667551889
2014-07-22,linear,0.21765857866045898
2014-07-23,linear,0.23044219357583548
2014-07-24,linear,0.2302838978146406
2014-07-25,linear,0.2234906120713747
2014-07-28,linear,0.22070092738416797
2014-07-29,linear,0.22398798352503688
2014-07-30,linear,0.20219877052058086
2014-07-31,linear,0.18673444128469588
2014-08-01,linear,0.1974183628740204
2014-08-04,linear,0.18035634404830708
2014-08-05,linear,0.17210610974713708
2014-08-06,linear,0.16883904828080756
2014-08-07,linear,0.17410854753924007
2014-08-08,linear,0.1642403857050549
2014-08-11,linear,0.16214609557953097
2014-08-12,linear,0.16999456260987778
2014-08-13,linear,0.20429407256209078
2014-08-14,linear,0.19129437797742777
2014-08-15,linear,0.19067761864386476
2014-08-18,linear,0.2066430740223298
2014-08-19,linear,0.2036507539712082
2014-08-20,linear,0.20566209116913728
2014-08-21,linear,0.2048415448897488
2014-08-22,linear,0.19281415276311828
2014-08-25,linear,0.19918962246918476
2014-08-26,linear,0.19757831325947398
2014-08-27,linear,0.16977030096570275
2014-08-28,linear,0.17278528357602488
2014-08-29,linear,0.1745282998446077
2014-09-01,linear,0.17649048815569748
2014-09-02,linear,0.18018588796312038
2014-09-03,linear,0.1879358764449497
2014-09-04,linear,0.17134215981913828
2014-09-05,linear,0.16035254356154438
2014-09-08,linear,0.15704409778732176
2014-09-09,linear,0.16719512350837687
2014-09-10,linear,0.17205836490386406
2014-09-11,linear,0.18065980029784326
2014-09-12,linear,0.18336967600630727
2014-09-15,linear,0.18705908414894828
2014-09-16,linear,0.1951477936014193
2014-09-17,linear,0.1899645784950588
2014-09-18,linear,0.1952769994277343
2014-09-19,linear,0.1972402405561577
2014-09-22,linear,0.1784543526558401
2014-09-23,linear,0.1858598284503795
2014-09-24,linear,0.18237799088901388
2014-09-25,linear,0.18249909842475728
2014-09-26,linear,0.1578115190068809
2014-09-29,linear,0.15651022627798009
2014-09-30,linear,0.14672011329704387
2014-10-01,linear,0.13223891522134879
2014-10-02,linear,0.1302414669587459
2014-10-03,linear,0.1273274590932706
2014-10-06,linear,0.10467202725987138
2014-10-07,linear,0.11141884090191208
2014-10-08,linear,0.10240487238001718
2014-10-09,linear,0.10652706280819198
2014-10-10,linear,0.09758905315411558
2014-10-13,linear,0.09998247255590959
2014-10-14,linear,0.06660452111534859
2014-10-15,linear,0.053980893228237584
2014-10-16,linear,0.08339497690440609
2014-10-17,linear,0.08492801387371939
2014-10-20,linear,0.11117819377877469
2014-10-21,linear,0.10814039134186859
2014-10-22,linear,0.12624585062746457
2014-10-23,linear,0.12306934258250868
2014-10-24,linear,0.12420020511147567
2014-10-27,linear,0.11749285626880149
2014-10-28,linear,0.11936264610368638
2014-10-29,linear,0.11355975275838529
2014-10-30,linear,0.145027541355655
2014-10-31,linear,0.1360184943072999
2014-11-03,linear,0.12710227493962648
2014-11-04,linear,0.14405282813903186
2014-11-05,linear,0.14411118174180598
2014-11-06,linear,0.13217723622289027
2014-11-07,linear,0.12482198615637458
2014-11-10,linear,0.11790016441826807
2014-11-11,linear,0.10710496321747189
2014-11-12,linear,0.11160658105575404
2014-11-13,linear,0.10735853366512224
2014-11-14,linear,0.10506265207622115
2014-11-17,linear,0.10888020781795804
2014-11-18,linear,0.11034740749390304
2014-11-19,linear,0.11719235868812895
2014-11-20,linear,0.13860611555023045
2014-11-21,linear,0.15077605061639066
2014-11-24,linear,0.14706046492895913
2014-11-25,linear,0.14703633443955602
2014-11-26,linear,0.1521969021225687
2014-11-27,linear,0.15815741536418804
2014-11-28,linear,0.16263340953761674
2014-12-01,linear,0.18113988313194992
2014-12-02,linear,0.18193359702651732
2014-12-03,linear,0.17910732829248044
2014-12-04,linear,0.19665703057182052
2014-12-05,linear,0.1859296024402228
2014-12-08,linear,0.16396811649758292
2014-12-09,linear,0.16053119287320453
2014-12-10,linear,0.16107851029732692
2014-12-11,linear,0.1392645138181322
2014-12-12,linear,0.1369986013419073
2014-12-15,linear,0.137062243633851
2014-12-16,linear,0.15146377297082442
2014-12-17,linear,0.1581253308065533
2014-12-18,linear,0.16413728396483893
2014-12-19,linear,0.17254533184115592
2014-12-22,linear,0.18245043230907992
2014-12-23,linear,0.18265616768306722
2014-12-24,linear,0.1688825277372391
2014-12-25,linear,0.16158857603335328
2014-12-26,linear,0.16491807724417026
2014-12-29,linear,0.15280896643181957
2014-12-30,linear,0.15635887958514677
2014-12-31,linear,0.15325048814681838
2015-01-01,linear,0.1380690862865005
2015-01-02,linear,0.14783094209884795
2015-01-05,linear,0.12951419528967245
2015-01-06,linear,0.13024857715771265
2015-01-07,linear,0.14875398691986358
2015-01-08,linear,0.13158503480292838
2015-01-09,linear,0.14264351455303828
2015-01-12,linear,0.16554519130778766
2015-01-13,linear,0.14493516806576806
2015-01-14,linear,0.12329897546160297
2015-01-15,linear,0.14423670141846895
2015-01-16,linear,0.13831696681511996
2015-01-19,linear,0.15585426682218306
2015-01-20,linear,0.16305455596314106
2015-01-21,linear,0.1739524423430822
2015-01-22,linear,0.15580287459235587
2015-01-23,linear,0.14065778684896807
2015-01-26,linear,0.12959248512694976
2015-01-27,linear,0.11353822543276296
2015-01-28,linear,0.10609943895773438
2015-01-29,linear,0.08974118193009427
2015-01-30,linear,0.09367608419181117
2015-02-02,linear,0.11876559044987856
2015-02-03,linear,0.12524431824613935
2015-02-04,linear,0.12194457361912775
2015-02-05,linear,0.15195231178410493
2015-02-06,linear,0.14959742359128425
2015-02-09,linear,0.15588093513191584
2015-02-10,linear,0.15043023056211893
2015-02-11,linear,0.16944402158010105
2015-02-12,linear,0.18869395506631537
2015-02-13,linear,0.19633492419782106
2015-02-16,linear,0.19672431718471567
2015-02-17,linear,0.20984015248060206
2015-02-18,linear,0.18605892953280345
2015-02-19,linear,0.18868300229058335
2015-02-20,linear,0.18006043654044243
2015-02-23,linear,0.18899842169769193
2015-02-24,linear,0.18289506290066546
2015-02-25,linear,0.20599044072987105
2015-02-26,linear,0.20378542096076835
2015-02-27,linear,0.21198286996895374
2015-03-02,linear,0.21253410760788835
2015-03-03,linear,0.21910113153076274
2015-03-04,linear,0.21600947997616704
2015-03-05,linear,0.21242652622114605
2015-03-06,linear,0.20980837809950914
2015-03-09,linear,0.19610908245225306
2015-03-10,linear,0.20223252027208255
2015-03-11,linear,0.20415974320738364
2015-03-12,linear,0.21016074737753926
2015-03-13,linear,0.21729164826372235
2015-03-16,linear,0.21180982376041976
2015-03-17,linear,0.21303842823259894
2015-03-18,linear,0.20787269578058704
2015-03-19,linear,0.21061150104362616
2015-03-20,linear,0.20482278652161365
2015-03-23,linear,0.20869178364507696
2015-03-24,linear,0.19646728395633384
2015-03-25,linear,0.20621137144429533
2015-03-26,linear,0.19615469720268514
2015-03-27,linear,0.21017926099206014
2015-03-30,linear,0.20823188380424573
2015-03-31,linear,0.21457607328490555
2015-04-01,linear,0.23516829701135952
2015-04-02,linear,0.22033065919423506
2015-04-03,linear,0.21317870104083483
2015-04-06,linear,0.21786541162914655
2015-04-07,linear,0.21273668461891554
2015-04-08,linear,0.21366362553535784
2015-04-09,linear,0.20215335206550494
2015-04-10,linear,0.19827893829208884
2015-04-13,linear,0.20399529397816893
2015-04-14,linear,0.21614800490220223
2015-04-15,linear,0.20482211045225954
2015-04-16,linear,0.18729152789713163
2015-04-17,linear,0.18332179496057704
2015-04-20,linear,0.17905668692316673
2015-04-21,linear,0.19157038312421193
2015-04-22,linear,0.20993302593834415
2015-04-23,linear,0.21706551508940655
2015-04-24,linear,0.20270105270684793
2015-04-27,linear,0.20703240206255705
2015-04-28,linear,0.20041708835385252
2015-04-29,linear,0.20162518429618784
2015-04-30,linear,0.21262484422473954
2015-05-01,linear,0.23068288308995974
2015-05-04,linear,0.21038141722757853
2015-05-05,linear,0.21765410893424283
2015-05-06,linear,0.22146219726024444
2015-05-07,linear,0.24377665993430564
2015-05-08,linear,0.23790204285067393
2015-05-11,linear,0.22478077549726586
2015-05-12,linear,0.22973421976007044
2015-05-13,linear,0.22785602278604433
2015-05-14,linear,0.22307348681113012
2015-05-15,linear,0.22414445254170232
2015-05-18,linear,0.22868072690421332
2015-05-19,linear,0.22736908134769182
2015-05-20,linear,0.22613124816055055
2015-05-21,linear,0.22718731919892635
2015-05-22,linear,0.22224147303678984
2015-05-25,linear,0.19395459410893973
2015-05-26,linear,0.20372007211124935
2015-05-27,linear,0.20630492097599812
2015-05-28,linear,0.20256413639820675
2015-05-29,linear,0.20749164128046244
2015-06-01,linear,0.21213109380285453
2015-06-02,linear,0.22826387764063644
2015-06-03,linear,0.21933542310232673
2015-06-04,linear,0.22153246026186993
2015-06-05,linear,0.21784761080891843
2015-06-08,linear,0.22905122948563453
2015-06-09,linear,0.24324163258007564
2015-06-10,linear,0.25643198451290783
2015-06-11,linear,0.25090064407294943
2015-06-12,linear,0.2600250686897042
2015-06-15,linear,0.26264562245841555
2015-06-16,linear,0.25770069568342313
2015-06-17,linear,0.25698484597999705
2015-06-18,linear,0.25043428602429163
2015-06-19,linear,0.24020145125939155
2015-06-22,linear,0.25085082492677335
2015-06-23,linear,0.23803082140247334
2015-06-24,linear,0.25908117087118976
2015-06-25,linear,0.2557033291522412
2015-06-26,linear,0.26629192341926083
2015-06-29,linear,0.2802486286347201
2015-06-30,linear,0.2932710342362496
2015-07-01,linear,0.28260771486849695
2015-07-02,linear,0.2686872541949941
2015-07-03,linear,0.28154449660392006
2015-07-06,linear,0.2577401385447452
2015-07-07,linear,0.2592870895901559
2015-07-08,linear,0.2634931717233138
2015-07-09,linear,0.27483784614380014
2015-07-10,linear,0.26430457071493435
2015-07-13,linear,0.26824753951884533
2015-07-14,linear,0.27980148094253715
2015-07-15,linear,0.29058058533100317
2015-07-16,linear,0.28664649495948463
2015-07-17,linear,0.30532166931833504
2015-07-20,linear,0.3173666406171242
2015-07-21,linear,0.32207578558264244
2015-07-22,linear,0.328220713210064
2015-07-23,linear,0.32552121909103254
2015-07-24,linear,0.33360299656498965
2015-07-27,linear,0.34910109530698774
2015-07-28,linear,0.35623620078500706
2015-07-29,linear,0.356651485067663
2015-07-30,linear,0.34613330833996653
2015-07-31,linear,0.3437065480483566
2015-08-03,linear,0.34521167537876113
2015-08-04,linear,0.3530113196832868
2015-08-05,linear,0.34609835135972145
2015-08-06,linear,0.3419642520143507
2015-08-07,linear,0.33283283374669864
2015-08-10,linear,0.32381297728457753
2015-08-11,linear,0.3037276712368192
2015-08-12,linear,0.30863884079550785
2015-08-13,linear,0.31324579913633355
2015-08-14,linear,0.31870484662583104
2015-08-17,linear,0.31620468837657556
2015-08-18,linear,0.30086816501365443
2015-08-19,linear,0.2800417521642357
2015-08-20,linear,0.24245506221267843
2015-08-21,linear,0.23611511039273814
2015-08-24,linear,0.26970268825042093
2015-08-25,linear,0.2923290434547454
2015-08-26,linear,0.32018643580398715
2015-08-27,linear,0.30630656906356835
2015-08-28,linear,0.3033746594385027
2015-08-31,linear,0.2646205410481974
2015-09-01,linear,0.27580966577523414
2015-09-02,linear,0.28879788165997095
2015-09-03,linear,0.2546435206084791
2015-09-04,linear,0.24493212698241854
2015-09-07,linear,0.2614768596122685
2015-09-08,linear,0.28069282095087333
2015-09-09,linear,0.28769345955998754
2015-09-10,linear,0.2803457248085257
2015-09-11,linear,0.2928844682674394
2015-09-14,linear,0.2950557786675075
2015-09-15,linear,0.2980638993889242
2015-09-16,linear,0.2885994182018489
2015-09-17,linear,0.2769716954457799
2015-09-18,linear,0.28987199188357526
2015-09-21,linear,0.248395196841039
2015-09-22,linear,0.2347729334483946
2015-09-23,linear,0.2333358776958858
2015-09-24,linear,0.25116207107059774
2015-09-25,linear,0.2581769982885008
2015-09-28,linear,0.26778196806890764
2015-09-29,linear,0.2870496370916594
2015-09-30,linear,0.28910928858659324
2015-10-01,linear,0.32553861982438803
2015-10-02,linear,0.3279253726922308
2015-10-05,linear,0.3041893829010176
2015-10-06,linear,0.3114746546253255
2015-10-07,linear,0.2864021491327221
2015-10-08,linear,0.2985807381334095
2015-10-09,linear,0.2894009139439369
2015-10-12,linear,0.2724877066268252
2015-10-13,linear,0.2596153891177862
2015-10-14,linear,0.27478704136206955
2015-10-15,linear,0.2808928407562943
2015-10-16,linear,0.2895717407690486
2015-10-19,linear,0.26562251084851235
2015-10-20,linear,0.2609325769998902
2015-10-21,linear,0.2817787140210362
2015-10-22,linear,0.2718029932798069
2015-10-23,linear,0.2737610693454056
2015-10-26,linear,0.2835371004524196
2015-10-27,linear,0.3017159316907335
2015-10-28,linear,0.2807576585005161
2015-10-29,linear,0.2907775471846594
2015-10-30,linear,0.29087084620924925
2015-11-02,linear,0.2813688276317724
2015-11-03,linear,0.28159354803029374
2015-11-04,linear,0.2769847887883725
2015-11-05,linear,0.29196280652803086
2015-11-06,linear,0.3012590542081838
2015-11-09,linear,0.28207841869059114
2015-11-10,linear,0.28232673370436223
2015-11-11,linear,0.2513621689396713
2015-11-12,linear,0.24708052846320797
2015-11-13,linear,0.24308444144433297
2015-11-16,linear,0.256149667158679
2015-11-17,linear,0.2681874227657492
2015-11-18,linear,0.26287819164649545
2015-11-19,linear,0.25653179176132573
2015-11-20,linear,0.2650768546067133
2015-11-23,linear,0.22159032354007116
2015-11-24,linear,0.22850736124576126
2015-11-25,linear,0.25391919905537297
2015-11-26,linear,0.2594462316178888
2015-11-27,linear,0.25727127570114716
2015-11-30,linear,0.2948147216216337
2015-12-01,linear,0.28706893978787595
2015-12-02,linear,0.25678062334330226
2015-12-03,linear,0.26300905361780114
2015-12-04,linear,0.25125472022748463
2015-12-07,linear,0.22115582191186206
2015-12-08,linear,0.22076985106756666
2015-12-09,linear,0.21852783919577956
2015-12-10,linear,0.19519257124118167
2015-12-11,linear,0.19367865112446936
2015-12-14,linear,0.2225190087709632
2015-12-15,linear,0.2390131426792847
2015-12-16,linear,0.2570291655900177
2015-12-17,linear,0.2302214715170318
2015-12-18,linear,0.231818383895389
2015-12-21,linear,0.2340422904400777
2015-12-22,linear,0.2503163236083636
2015-12-23,linear,0.2674885421931574
2015-12-24,linear,0.2703965608840201
2015-12-25,linear,0.24973179991198055
2015-12-28,linear,0.283223552893627
2015-12-29,linear,0.27116593866799704
2015-12-30,linear,0.26403403274387394
2015-12-31,linear,0.28200451266385745
2016-01-01,linear,0.2897582038187171
2016-01-04,linear,0.2775833236748921
2016-01-05,linear,0.2539814156725599
2016-01-06,linear,0.2272948302394719
2016-01-07,linear,0.2041100851683352
2016-01-08,linear,0.18203627643737189
2016-01-11,linear,0.1946681017851125
2016-01-12,linear,0.184039574662959
2016-01-13,linear,0.1886432681488957
2016-01-14,linear,0.1707539300206525
2016-01-15,linear,0.1654198240966322
2016-01-18,linear,0.1809816327449453
2016-01-19,linear,0.1455120739206992
2016-01-20,linear,0.1312230929412678
2016-01-21,linear,0.1526363089365808
2016-01-22,linear,0.1524406375734437
2016-01-25,linear,0.1596686175593994
2016-01-26,linear,0.1671243157112632
2016-01-27,linear,0.1400323080587075
2016-01-28,linear,0.1720950082422228
2016-01-29,linear,0.1572756671882961
2016-02-01,linear,0.10209789162094901
2016-02-02,linear,0.0788507639048215
2016-02-03,linear,0.1244504484042833
2016-02-04,linear,0.1024134067318032
2016-02-05,linear,0.101537976298898
2016-02-08,linear,0.060498089594882495
2016-02-09,linear,0.1131215542859854
2016-02-10,linear,0.06274591873429741
2016-02-11,linear,0.14259549234836938
2016-02-12,linear,0.1293939359497429
2016-02-15,linear,0.14980149739413268
2016-02-16,linear,0.17673041300345468
2016-02-17,linear,0.1753409361999902
2016-02-18,linear,0.1550697490789251
2016-02-19,linear,0.1515516908768744
2016-02-22,linear,0.1303788346584288
2016-02-23,linear,0.11149902953757561
2016-02-24,linear,0.16102579445113913
2016-02-25,linear,0.17388248464495948
2016-02-26,linear,0.16963303777756888
2016-02-29,linear,0.19183487856120232
2016-03-01,linear,0.22292051081023992
2016-03-02,linear,0.2310301823085466
2016-03-03,linear,0.2413317071250271
2016-03-04,linear,0.232180423024945
2016-03-07,linear,0.21439616257189412
2016-03-08,linear,0.20889678962140631
2016-03-09,linear,0.20294597670430412
2016-03-10,linear,0.2606765492015046
2016-03-11,linear,0.2606385461873543
2016-03-14,linear,0.2554571421198325
2016-03-15,linear,0.2374349890488333
2016-03-16,linear,0.253140587115585
2016-03-17,linear,0.26651819292940754
2016-03-18,linear,0.25607714750189225
2016-03-21,linear,0.2434773074241378
2016-03-22,linear,0.22446996424014193
2016-03-23,linear,0.19144872663933513
2016-03-24,linear,0.1982655885715695
2016-03-25,linear,0.1933719355115136
2016-03-28,linear,0.1984412444046446
2016-03-29,linear,0.20355419037545
2016-03-30,linear,0.2097252511932186
2016-03-31,linear,0.1913723952319955
2016-04-01,linear,0.1901458516422762
2016-04-04,linear,0.1782788974408997
2016-04-05,linear,0.184440843829648
2016-04-06,linear,0.1650409004429554
2016-04-07,linear,0.1709258620345396
2016-04-08,linear,0.1648250310384947
2016-04-11,linear,0.1737780517198372
2016-04-12,linear,0.2296238417803662
2016-04-13,linear,0.23905150935159822
2016-04-14,linear,0.2406912341958362
2016-04-15,linear,0.2361028499320219
2016-04-18,linear,0.2535069243888764
2016-04-19,linear,0.2775509354013586
2016-04-20,linear,0.29757285104517633
2016-04-21,linear,0.30177961450258445
2016-04-22,linear,0.29597509010472034
2016-04-25,linear,0.2917038579478688
2016-04-26,linear,0.2923010897997324
2016-04-27,linear,0.2849730152243029
2016-04-28,linear,0.26860931386395925
2016-04-29,linear,0.26109436113614876
2016-05-02,linear,0.233439302252876
2016-05-03,linear,0.216672308838033
2016-05-04,linear,0.2026650290496611
2016-05-05,linear,0.2045040402059361
2016-05-06,linear,0.20792721424635952
2016-05-09,linear,0.2229932906830075
2016-05-10,linear,0.2148387246653976
2016-05-11,linear,0.2254383975760795
2016-05-12,linear,0.2183156603866283
2016-05-13,linear,0.2185016131675328
2016-05-16,linear,0.2289908764637194
2016-05-17,linear,0.2561687375549041
2016-05-18,linear,0.2456346302279887
2016-05-19,linear,0.2402936718558268
2016-05-20,linear,0.243940322173826
2016-05-23,linear,0.2634852548409618
2016-05-24,linear,0.2840025546924551
2016-05-25,linear,0.26796735888347323
2016-05-26,linear,0.2589523556983784
2016-05-27,linear,0.2537066423621418
2016-05-30,linear,0.2508269295160321
2016-05-31,linear,0.233370765636851
2016-06-01,linear,0.2286339863073558
2016-06-02,linear,0.216341176378021
2016-06-03,linear,0.2045672266466336
2016-06-06,linear,0.20839514245237573
2016-06-07,linear,0.20797970809680602
2016-06-08,linear,0.1916234486848097
2016-06-09,linear,0.172220666462163
2016-06-10,linear,0.1685337937788382
2016-06-13,linear,0.14613060533138922
2016-06-14,linear,0.1517824544421652
2016-06-15,linear,0.13626987781937042
2016-06-16,linear,0.1642552936629627
2016-06-17,linear,0.17146925022747492
2016-06-20,linear,0.1826880913037366
2016-06-21,linear,0.1829101187376859
2016-06-22,linear,0.23467059276761923
2016-06-23,linear,0.1298489712097593
2016-06-24,linear,0.11726538677781412
2016-06-27,linear,0.11727953415767771
2016-06-28,linear,0.13983794536881192
2016-06-29,linear,0.1448120012164775
2016-06-30,linear,0.13355420411048963
2016-07-01,linear,0.12441559620237302
2016-07-04,linear,0.10428388554813002
2016-07-05,linear,0.08593731267177493
2016-07-06,linear,0.10277356265127742
2016-07-07,linear,0.12369547487285681
2016-07-08,linear,0.1258662900851824
2016-07-11,linear,0.1746820962454882
2016-07-12,linear,0.1755436562273577
2016-07-13,linear,0.1831143033702259
2016-07-14,linear,0.18509833638947282
2016-07-15,linear,0.18360186012072272
2016-07-18,linear,0.1840583901026202
2016-07-19,linear,0.1881478356710036
2016-07-20,linear,0.19369325902210402
2016-07-21,linear,0.1844254053175533
2016-07-22,linear,0.186803785794238
2016-07-25,linear,0.18761767214459113
2016-07-26,linear,0.19525880762256212
2016-07-27,linear,0.19459999203472972
2016-07-28,linear,0.2433899593694146
2016-07-29,linear,0.2323165928989333
2016-08-01,linear,0.19401931429272212
2016-08-02,linear,0.20371389703246093
2016-08-03,linear,0.21122617290669413
2016-08-04,linear,0.24931735161197827
2016-08-05,linear,0.26744170475837326
2016-08-08,linear,0.3064439783923084
2016-08-09,linear,0.30242942636514786
2016-08-10,linear,0.28374585101027033
2016-08-11,linear,0.25494451006446284
2016-08-12,linear,0.23674252030595924
2016-08-15,linear,0.23190262435005582
2016-08-16,linear,0.23241642213448982
2016-08-17,linear,0.2689926187263216
2016-08-18,linear,0.25583213423755297
2016-08-19,linear,0.24561914016990152
2016-08-22,linear,0.29123396883547464
2016-08-23,linear,0.29646558161823067
2016-08-24,linear,0.2742304731797081
2016-08-25,linear,0.26169209254949943
2016-08-26,linear,0.26367650175474416
2016-08-29,linear,0.2829090239984148
2016-08-30,linear,0.2943979996653052
2016-08-31,linear,0.2854373584993796
2016-09-01,linear,0.29410579610848525
2016-09-02,linear,0.29805511233966564
2016-09-05,linear,0.3066028452443171
2016-09-06,linear,0.3169518292886114
2016-09-07,linear,0.34833634746370823
2016-09-08,linear,0.35807293202924295
2016-09-09,linear,0.36997605000035383
2016-09-12,linear,0.33057928169348166
2016-09-13,linear,0.3216515354170228
2016-09-14,linear,0.32247539094207234
2016-09-15,linear,0.28768065421465305
2016-09-16,linear,0.28408693709590904
2016-09-19,linear,0.27656921825243735
2016-09-20,linear,0.2922822475378246
2016-09-21,linear,0.2994827443107606
2016-09-22,linear,0.28573371563464256
2016-09-23,linear,0.28611713906314057
2016-09-26,linear,0.27264321299604755
2016-09-27,linear,0.27736965139286746
2016-09-28,linear,0.28427237304005126
2016-09-29,linear,0.3069358272830525
2016-09-30,linear,0.2850595927275148
2016-10-03,linear,0.28317116126382413
2016-10-04,linear,0.30124103927701806
2016-10-05,linear,0.3034398335742269
2016-10-06,linear,0.304135965490779
2016-10-07,linear,0.28994411180110097
2016-10-10,linear,0.27686650853277434
2016-10-11,linear,0.27023257682286705
2016-10-12,linear,0.25333275671789823
2016-10-13,linear,0.25711999691415366
2016-10-14,linear,0.28080442545294454
2016-10-17,linear,0.30300403291121514
2016-10-18,linear,0.3137845515252998
2016-10-19,linear,0.33257114618482214
2016-10-20,linear,0.33471123071615555
2016-10-21,linear,0.3371835376128238
2016-10-24,linear,0.3226889945597016
2016-10-25,linear,0.32910824427683427
2016-10-26,linear,0.34330380414423983
2016-10-27,linear,0.34184691099537523
2016-10-28,linear,0.36301810843343413
2016-10-31,linear,0.3558154675764455
2016-11-01,linear,0.3337079014715518
2016-11-02,linear,0.3384586163154421
2016-11-03,linear,0.3235729019437509
2016-11-04,linear,0.31476289150477355
2016-11-07,linear,0.32048408885436935
2016-11-08,linear,0.34042814398689175
2016-11-09,linear,0.3813645233374039
2016-11-10,linear,0.36560079211640484
2016-11-11,linear,0.36079728776584785
2016-11-14,linear,0.35646959129594663
2016-11-15,linear,0.3368427821740931
2016-11-16,linear,0.32362895312580126
2016-11-17,linear,0.3182934935289505
2016-11-18,linear,0.33938964767570134
2016-11-21,linear,0.3346350247038056
2016-11-22,linear,0.3351070980904822
2016-11-23,linear,0.35021457005233236
2016-11-24,linear,0.34425260591162665
2016-11-25,linear,0.33739249419718326
2016-11-28,linear,0.3707648572204555
2016-11-29,linear,0.3877898833093071
2016-11-30,linear,0.37075967726490844
2016-12-01,linear,0.35266966188794
2016-12-02,linear,0.3434962397340862
2016-12-05,linear,0.4144304661654877
2016-12-06,linear,0.43602705381672124
2016-12-07,linear,0.45124864388023644
2016-12-08,linear,0.42645961852514724
2016-12-09,linear,0.42741976956946426
2016-12-12,linear,0.4446970635849157
2016-12-13,linear,0.44063884977550477
2016-12-14,linear,0.4492900760422371
2016-12-15,linear,0.4545576115397878
2016-12-16,linear,0.45798786188981866
2016-12-19,linear,0.46929004860632434
2016-12-20,linear,0.46638014494160435
2016-12-21,linear,0.46184628309725706
2016-12-22,linear,0.48447241303160465
2016-12-23,linear,0.5085957597726259
2016-12-26,linear,0.5255001163879692
2016-12-27,linear,0.5204674860594923
2016-12-28,linear,0.5057163199611586
2016-12-29,linear,0.5308716766540336
2016-12-30,linear,0.5321188819161933
2017-01-02,linear,0.5799193985291535
2017-01-03,linear,0.5882224766863996
2017-01-04,linear,0.5815368176912525
2017-01-05,linear,0.627187434965421
2017-01-06,linear,0.6164044232937952
2017-01-09,linear,0.5902572507737263
2017-01-10,linear,0.5920172124590248
2017-01-11,linear,0.5600287447031167
2017-01-12,linear,0.5671395847148675
2017-01-13,linear,0.5860388819255811
2017-01-16,linear,0.5572087759531085
2017-01-17,linear,0.5676622882434395
2017-01-18,linear,0.601145104520921
2017-01-19,linear,0.6298778675155743
2017-01-20,linear,0.5823033841448498
2017-01-23,linear,0.6070207624749022
2017-01-24,linear,0.6247176852133082
2017-01-25,linear,0.6703414593525827
2017-01-26,linear,0.605965285708182
2017-01-27,linear,0.6459269986539178
2017-01-30,linear,0.5567598788462568
2017-01-31,linear,0.5729479673938549
2017-02-01,linear,0.5560347482793918
2017-02-02,linear,0.5484203189950647
2017-02-03,linear,0.5619580139740278
2017-02-06,linear,0.5639997470291566
2017-02-07,linear,0.5505061772133715
2017-02-08,linear,0.5880904243850812
2017-02-09,linear,0.6016240833201647
2017-02-10,linear,0.568461443937513
2017-02-13,linear,0.5578810399583477
2017-02-14,linear,0.5696393022410373
2017-02-15,linear,0.538431935610139
2017-02-16,linear,0.5032239306898135
2017-02-17,linear,0.4929736007854681
2017-02-20,linear,0.48120924009845795
2017-02-21,linear,0.47902127116124715
2017-02-22,linear,0.48537907720162465
2017-02-23,linear,0.48036637653996656
2017-02-24,linear,0.48609826778296056
2017-02-27,linear,0.44426240127170447
2017-02-28,linear,0.4688952861556975
2017-03-01,linear,0.47061222948688775
2017-03-02,linear,0.49479102737917163
2017-03-03,linear,0.49313868924412846
2017-03-06,linear,0.46741103410364465
2017-03-07,linear,0.46959053927771144
2017-03-08,linear,0.48466709474812164
2017-03-09,linear,0.5053441237076778
2017-03-10,linear,0.5344048075861106
2017-03-13,linear,0.5263136817290526
2017-03-14,linear,0.5305736508003623
2017-03-15,linear,0.5437647712956194
2017-03-16,linear,0.5294472225783975
2017-03-17,linear,0.5303672351061952
2017-03-20,linear,0.5259226145135314
2017-03-21,linear,0.5200833527812287
2017-03-22,linear,0.5523775797870042
2017-03-23,linear,0.5476608051911013
2017-03-24,linear,0.5705314856399406
2017-03-27,linear,0.568950896667577
2017-03-28,linear,0.5616590900828308
2017-03-29,linear,0.5434354226478841
2017-03-30,linear,0.4821501313903719
2017-03-31,linear,0.4745361409640555
2017-04-03,linear,0.47430027893460425
2017-04-04,linear,0.47276254927332156
2017-04-05,linear,0.4534240995036928
2017-04-06,linear,0.42467445075973326
2017-04-07,linear,0.42298658294725655
2017-04-10,linear,0.4049168130708461
2017-04-11,linear,0.39627398018198545
2017-04-12,linear,0.3601555974852462
2017-04-13,linear,0.3574857157042357
2017-04-14,linear,0.3708433319784261
2017-04-17,linear,0.3718388290847284
2017-04-18,linear,0.3939380898325934
2017-04-19,linear,0.43379506209418367
2017-04-20,linear,0.4540311519595246
2017-04-21,linear,0.4647148367047432
2017-04-24,linear,0.47616888650981815
2017-04-25,linear,0.48213539475231604
2017-04-26,linear,0.45392812885260253
2017-04-27,linear,0.4552717790211331
2017-04-28,linear,0.45652509228954247
2017-05-01,linear,0.45334431889536936
2017-05-02,linear,0.46035084643093244
2017-05-03,linear,0.4631516450288001
2017-05-04,linear,0.44055233662147686
2017-05-05,linear,0.44740346412649984
2017-05-08,linear,0.42770797949898876
2017-05-09,linear,0.4278494684013591
2017-05-10,linear,0.39859009362067005
2017-05-11,linear,0.37403001239373057
2017-05-12,linear,0.3797338047866909
2017-05-15,linear,0.3755689748031428
2017-05-16,linear,0.3471602686122199
2017-05-17,linear,0.35973989396570727
2017-05-18,linear,0.3884268236190392
2017-05-19,linear,0.38976425381055246
2017-05-22,linear,0.41830590808389334
2017-05-23,linear,0.41692280200174675
2017-05-24,linear,0.41505817285303476
2017-05-25,linear,0.40821273263216223
2017-05-26,linear,0.41936583310656184
2017-05-29,linear,0.44194067066919585
2017-05-30,linear,0.4326959386945067
2017-05-31,linear,0.46379058198220885
2017-06-01,linear,0.45763726018186995
2017-06-02,linear,0.46077251712267797
2017-06-05,linear,0.4164148163305261
2017-06-06,linear,0.42813076649982146
2017-06-07,linear,0.43026994037844224
2017-06-08,linear,0.43801887160508807
2017-06-09,linear,0.40473900349022396
2017-06-12,linear,0.5104499249035765
2017-06-13,linear,0.5043681307558951
2017-06-14,linear,0.48719604328855454
2017-06-15,linear,0.45991366028116976
2017-06-16,linear,0.4501230152985121
2017-06-19,linear,0.43850245742735516
2017-06-20,linear,0.43224059739611015
2017-06-21,linear,0.4475219251458925
2017-06-22,linear,0.46040873064017174
2017-06-23,linear,0.44639842711950184
2017-06-26,linear,0.42888851272228745
2017-06-27,linear,0.44801443783217315
2017-06-28,linear,0.42592172800106415
2017-06-29,linear,0.42156094994603827
2017-06-30,linear,0.39285932540153
2017-07-03,linear,0.3795089163954229
2017-07-04,linear,0.381353857646768
2017-07-05,linear,0.39028018735155506
2017-07-06,linear,0.38782282846157734
2017-07-07,linear,0.38549109866264225
2017-07-10,linear,0.38136402062764513
2017-07-11,linear,0.3839675823209569
2017-07-12,linear,0.3976931045617455
2017-07-13,linear,0.3836363458850764
2017-07-14,linear,0.39311813820299146
2017-07-17,linear,0.3538174405319948
2017-07-18,linear,0.3580151107920789
2017-07-19,linear,0.3934189864512365
2017-07-20,linear,0.37729964641743513
2017-07-21,linear,0.36951404818246203
2017-07-24,linear,0.36272206366460935
2017-07-25,linear,0.36259946145406025
2017-07-26,linear,0.35866024518112594
2017-07-27,linear,0.35393896899222915
2017-07-28,linear,0.3464582234445566
2017-07-31,linear,0.36603273711746914
2017-08-01,linear,0.3604064161408565
2017-08-02,linear,0.37456651343287306
2017-08-03,linear,0.38503541534782554
2017-08-04,linear,0.3819384050849207
2017-08-07,linear,0.3864470857790363
2017-08-08,linear,0.3729158531136635
2017-08-09,linear,0.33818001290738414
2017-08-10,linear,0.3229385421677876
2017-08-11,linear,0.3231469211565221
2017-08-14,linear,0.3188690973730198
2017-08-15,linear,0.31714717839647716
2017-08-16,linear,0.2829759975207212
2017-08-17,linear,0.26909000809668265
2017-08-18,linear,0.26699827196816445
2017-08-21,linear,0.26281724984740185
2017-08-22,linear,0.25613377316710784
2017-08-23,linear,0.27464658727140695
2017-08-24,linear,0.2637778444910994
2017-08-25,linear,0.2589264452292085
2017-08-28,linear,0.25558567940087995
2017-08-29,linear,0.25737313641492715
2017-08-30,linear,0.2739688043122777
2017-08-31,linear,0.28934720071600983
2017-09-01,linear,0.29076311470748595
2017-09-04,linear,0.2917787032870526
2017-09-05,linear,0.29470347329148744
2017-09-06,linear,0.28844719334436764
2017-09-07,linear,0.2797974873649871
2017-09-08,linear,0.2727371022195984
2017-09-11,linear,0.2934292461878962
2017-09-12,linear,0.29906016827594534
2017-09-13,linear,0.2986849028626084
2017-09-14,linear,0.29298560704086596
2017-09-15,linear,0.29835116606176104
2017-09-18,linear,0.2956872645819392
2017-09-19,linear,0.29688553890124814
2017-09-20,linear,0.2981408893950085
2017-09-21,linear,0.2846374263439874
2017-09-22,linear,0.28128678981918404
2017-09-25,linear,0.28018613350518234
2017-09-26,linear,0.29590084323909865
2017-09-27,linear,0.30358635547342644
2017-09-28,linear,0.3184154968268727
2017-09-29,linear,0.3400193799294681
2017-10-02,linear,0.31618268232799973
2017-10-03,linear,0.30702486042194665
2017-10-04,linear,0.29786975619269535
2017-10-05,linear,0.28393915097198424
2017-10-06,linear,0.2728223057704963
2017-10-09,linear,0.27311700412316203
2017-10-10,linear,0.27912268447167643
2017-10-11,linear,0.2691180989371156
2017-10-12,linear,0.2581128855827325
2017-10-13,linear,0.24214540548263966
2017-10-16,linear,0.24285179087345674
2017-10-17,linear,0.24901749946955556
2017-10-18,linear,0.2579449170787027
2017-10-19,linear,0.29331172423417934
2017-10-20,linear,0.2754403129067503
2017-10-23,linear,0.2945032261292981
2017-10-24,linear,0.29024783949435806
2017-10-25,linear,0.29521848528770234
2017-10-26,linear,0.2685847046854977
2017-10-27,linear,0.23552330983493514
2017-10-30,linear,0.24379304093816634
2017-10-31,linear,0.24414045921026664
2017-11-01,linear,0.2525114134349025
2017-11-02,linear,0.26132895808294526
2017-11-03,linear,0.25924126010837106
2017-11-06,linear,0.2685609364344115
2017-11-07,linear,0.2634415302061123
2017-11-08,linear,0.24330082582846582
2017-11-09,linear,0.24429700825448433
2017-11-10,linear,0.25408250814184685
2017-11-13,linear,0.25690896781135253
2017-11-14,linear,0.2664810682356987
2017-11-15,linear,0.2589140691029909
2017-11-16,linear,0.2407516760483253
2017-11-17,linear,0.22885143581665612
2017-11-20,linear,0.22995012394690562
2017-11-21,linear,0.23024253680218704
2017-11-22,linear,0.18624826044433704
2017-11-23,linear,0.16626998679854194
2017-11-24,linear,0.14319344905933862
2017-11-27,linear,0.16137569985356334
2017-11-28,linear,0.17727805398939306
2017-11-29,linear,0.15412953925019815
2017-11-30,linear,0.15209680719162566
2017-12-01,linear,0.13070085457589325
2017-12-04,linear,0.13764158237146393
2017-12-05,linear,0.12809978803910435
2017-12-06,linear,0.12555539533946203
2017-12-07,linear,0.14415201996174673
2017-12-08,linear,0.14650392978812643
2017-12-11,linear,0.15751786377381283
2017-12-12,linear,0.15024639570907272
2017-12-13,linear,0.14358039990394114
2017-12-14,linear,0.14904375432443892
2017-12-15,linear,0.16234778693034863
2017-12-18,linear,0.14913627635650864
2017-12-19,linear,0.14903500282142051
2017-12-20,linear,0.14551143451443524
2017-12-21,linear,0.13476105685117964
2017-12-22,linear,0.13693266196951576
2017-12-25,linear,0.12494798808950873
2017-12-26,linear,0.12354601999012424
2017-12-27,linear,0.12131869354740424
2017-12-28,linear,0.11917358992503994
2017-12-29,linear,0.12560539238150184
2018-01-01,linear,0.11334325660378074
2018-01-02,linear,0.11861219142751424
2018-01-03,linear,0.13328308890664314
2018-01-04,linear,0.12196112769689513
2018-01-05,linear,0.12407042724235544
2018-01-08,linear,0.12084098315563853
2018-01-09,linear,0.13862912015990114
2018-01-10,linear,0.12728351020814133
2018-01-11,linear,0.11637459549751374
2018-01-12,linear,0.10690063605376604
2018-01-15,linear,0.12123994297808384
2018-01-16,linear,0.11893084283456574
2018-01-17,linear,0.12998526512263814
2018-01-18,linear,0.12379678818269314
2018-01-19,linear,0.13150579405310714
2018-01-22,linear,0.11540953676343924
2018-01-23,linear,0.12097483792105004
2018-01-24,linear,0.14089116494650583
2018-01-25,linear,0.1543014705996924
2018-01-26,linear,0.14116005702323503
2018-01-29,linear,0.12723731094180743
2018-01-30,linear,0.12189780681108642
2018-01-31,linear,0.12107661970789142
2018-02-01,linear,0.10122041316174482
2018-02-02,linear,0.10543407113895942
2018-02-05,linear,0.10737935454239032
2018-02-06,linear,0.12230996044196302
2018-02-07,linear,0.09370677257139202
2018-02-08,linear,0.09634436979476013
2018-02-09,linear,0.10003859109789713
2018-02-12,linear,0.11033684427222763
2018-02-13,linear,0.12392994346128802
2018-02-14,linear,0.13438083220969954
2018-02-15,linear,0.11475303678859222
2018-02-16,linear,0.12475026381728835
2018-02-19,linear,0.11680404802364153
2018-02-20,linear,0.11858567407041223
2018-02-21,linear,0.11683327641367013
2018-02-22,linear,0.12095345561723841
2018-02-23,linear,0.11602609638620554
2018-02-26,linear,0.12028397683747652
2018-02-27,linear,0.10612358514414902
2018-02-28,linear,0.09476981170540302
2018-03-01,linear,0.07984082010943762
2018-03-02,linear,0.07041910703945012
2018-03-05,linear,0.08456382916536483
2018-03-06,linear,0.08615842749072722
2018-03-07,linear,0.09826572509672503
2018-03-08,linear,0.11213184762996962
2018-03-09,linear,0.10821394003713132
2018-03-12,linear,0.09774226552466662
2018-03-13,linear,0.08679708637230313
2018-03-14,linear,0.07118106712170562
2018-03-15,linear,0.08121817071970931
2018-03-16,linear,0.07992848914030491
2018-03-19,linear,0.09165808304138592
2018-03-20,linear,0.08534557362181541
2018-03-21,linear,0.07308249531768692
2018-03-22,linear,0.04730732981554391
2018-03-23,linear,0.046772236953311716
2018-03-26,linear,0.06288093713289172
2018-03-27,linear,0.06374991500559732
2018-03-28,linear,0.06982365643957562
2018-03-29,linear,0.07745204366103021
2018-03-30,linear,0.08848309845012022
2018-04-02,linear,0.09447904869071232
2018-04-03,linear,0.08874332633660402
2018-04-04,linear,0.12335892978824962
2018-04-05,linear,0.08348209810164531
2018-04-06,linear,0.07236135288894462
2018-04-09,linear,0.08118159297521191
2018-04-10,linear,0.0773877209863705
2018-04-11,linear,0.08228673000183462
2018-04-12,linear,0.07600549525706962
2018-04-13,linear,0.08674686625947703
2018-04-16,linear,0.09628761581482671
2018-04-17,linear,0.09367793373361162
2018-04-18,linear,0.10325946882732522
2018-04-19,linear,0.09509099569983782
2018-04-20,linear,0.09118015192102383
2018-04-23,linear,0.08273022398881141
2018-04-24,linear,0.07726399117869481
2018-04-25,linear,0.08128217405352582
2018-04-26,linear,0.07700490210217631
2018-04-27,linear,0.08364101928826702
2018-04-30,linear,0.08728302070095172
2018-05-01,linear,0.08041416814011162
2018-05-02,linear,0.07135758678097581
2018-05-03,linear,0.10707724696459872
2018-05-04,linear,0.10463918606883572
2018-05-07,linear,0.09556292957590422
2018-05-08,linear,0.10092573908601213
2018-05-09,linear,0.09320977961350882
2018-05-10,linear,0.09952263806814832
2018-05-11,linear,0.09970720473941112
2018-05-14,linear,0.11070796174120873
2018-05-15,linear,0.09741365838801633
2018-05-16,linear,0.10790479189918482
2018-05-17,linear,0.10293403302095612
2018-05-18,linear,0.09269028904271243
2018-05-21,linear,0.10329824592967052
2018-05-22,linear,0.09757851911087442
2018-05-23,linear,0.08190818745572193
2018-05-24,linear,0.06606398154810611
2018-05-25,linear,0.054293317657036926
2018-05-28,linear,0.008402370021880524
2018-05-29,linear,0.017137848585088322
2018-05-30,linear,0.0048514560304911206
2018-05-31,linear,0.03015623795545702
2018-06-01,linear,0.03342293163750762
2018-06-04,linear,0.02311443612253372
2018-06-05,linear,0.04081595021869952
2018-06-06,linear,0.05661305894340842
2018-06-07,linear,0.05663125986164051
2018-06-08,linear,0.06212867699675072
2018-06-11,linear,0.06230010757650282
2018-06-12,linear,0.059448325790488026
2018-06-13,linear,0.05036925092139052
2018-06-14,linear,0.017190353712892924
2018-06-15,linear,0.001416985803897623
2018-06-18,linear,0.0027943999939405223
2018-06-19,linear,0.0009024996858614227
2018-06-20,linear,-0.007711436536048978
2018-06-21,linear,0.0008939668884856231
2018-06-22,linear,-0.005819183100849278
2018-06-25,linear,-0.0069367637745984785
2018-06-26,linear,-0.01684357348245958
2018-06-27,linear,-0.006797896940946779
2018-06-28,linear,-0.004102587957258277
2018-06-29,linear,-0.011515577151907678
2018-07-02,linear,-0.008278538444361279
2018-07-03,linear,-0.0057029818215122785
2018-07-04,linear,0.011394553098190421
2018-07-05,linear,0.01265059675142632
2018-07-06,linear,0.012548350567365023
2018-07-09,linear,0.010293256882355922
2018-07-10,linear,-0.0006917272772391792
2018-07-11,linear,-0.01858349647978528
2018-07-12,linear,-0.021256988284322778
2018-07-13,linear,-0.022428755501189276
2018-07-16,linear,-0.012830819432924278
2018-07-17,linear,-0.012531573010674379
2018-07-18,linear,-0.03159321624111178
2018-07-19,linear,-0.02370972449643398
2018-07-20,linear,-0.02930108481318338
2018-07-23,linear,-0.02696043244962948
2018-07-24,linear,-0.03013228374207688
2018-07-25,linear,-0.02152754991864978
2018-07-26,linear,-0.00527054024183268
2018-07-27,linear,0.009916122897894418
2018-07-30,linear,0.02117583744802302
2018-07-31,linear,0.01705408292712172
2018-08-01,linear,-0.00209650700339788
2018-08-02,linear,0.00026998459936711987
2018-08-03,linear,0.01515090218837482
2018-08-06,linear,0.01998631154623882
2018-08-07,linear,0.02361235778224962
2018-08-08,linear,0.00938706649350692
2018-08-09,linear,-0.00943784440287668
2018-08-10,linear,-0.015080555674821979
2018-08-13,linear,-0.015480128811367582
2018-08-14,linear,-0.028493536512551078
2018-08-15,linear,-0.01412275095951398
2018-08-16,linear,-0.017152244276483177
2018-08-17,linear,-0.018924150883714175
2018-08-20,linear,-0.014004818660219978
2018-08-21,linear,-0.008679234842300978
2018-08-22,linear,0.0002982334573587205
2018-08-23,linear,-0.0047816512295454795
2018-08-24,linear,0.00594096776381222
2018-08-27,linear,-0.002883244738328479
2018-08-28,linear,-0.0010428925878684793
2018-08-29,linear,-0.02310242512851048
2018-08-30,linear,-0.03793605538314588
2018-08-31,linear,-0.03322765046649728
2018-09-03,linear,-0.026798086886438078
2018-09-04,linear,-0.026692186870445278
2018-09-05,linear,-0.04120975727738338
2018-09-06,linear,-0.04993543968011998
2018-09-07,linear,-0.057277947939299384
2018-09-10,linear,-0.06197005651777018
2018-09-11,linear,-0.06863616985757208
2018-09-12,linear,-0.05768005667800338
2018-09-13,linear,-0.06800009583563027
2018-09-14,linear,-0.06958283725980757
2018-09-17,linear,-0.07410487726003227
2018-09-18,linear,-0.052582019664035175
2018-09-19,linear,-0.03820300485645858
2018-09-20,linear,-0.01823718751013688
2018-09-21,linear,-0.03050637822250328
2018-09-24,linear,-0.025561882803607678
2018-09-25,linear,-0.03168510665463698
2018-09-26,linear,-0.03879144994201358
2018-09-27,linear,-0.07603554073254587
2018-09-28,linear,-0.06798162956046608
2018-10-01,linear,-0.07138372179969528
2018-10-02,linear,-0.06688006915497657
2018-10-03,linear,-0.06144505817393438
2018-10-04,linear,-0.07121777214367178
2018-10-05,linear,-0.06863677792996398
2018-10-08,linear,-0.08292211062893678
2018-10-09,linear,-0.08604791844235918
2018-10-10,linear,-0.12469433645852239
2018-10-11,linear,-0.12673454987064608
2018-10-12,linear,-0.13187370702298387
2018-10-15,linear,-0.11574093367304078
2018-10-16,linear,-0.10966137099498738
2018-10-17,linear,-0.12903445507269518
2018-10-18,linear,-0.13286890307905086
2018-10-19,linear,-0.13900226977192306
2018-10-22,linear,-0.14103881941173557
2018-10-23,linear,-0.1619279251189568
2018-10-24,linear,-0.1466268326017175
2018-10-25,linear,-0.15436961211908357
2018-10-26,linear,-0.15010424438101366
2018-10-29,linear,-0.14976346285126357
2018-10-30,linear,-0.14107080663478055
2018-10-31,linear,-0.12482504951070646
2018-11-01,linear,-0.11730650954153268
2018-11-02,linear,-0.11998234085148649
2018-11-05,linear,-0.12044579583377937
2018-11-06,linear,-0.10742362537765777
2018-11-07,linear,-0.09910908969479308
2018-11-08,linear,-0.11628088749239697
2018-11-09,linear,-0.11996305664628967
2018-11-12,linear,-0.11432879621186708
2018-11-13,linear,-0.11644872753238758
2018-11-14,linear,-0.12803186072908937
2018-11-15,linear,-0.15648806333792317
2018-11-16,linear,-0.15425924317308257
2018-11-19,linear,-0.16741914417951909
2018-11-20,linear,-0.1575719039015296
2018-11-21,linear,-0.1611039098951494
2018-11-22,linear,-0.15030053016948428
2018-11-23,linear,-0.15641878086431169
2018-11-26,linear,-0.17581787592831927
2018-11-27,linear,-0.17274640234102587
2018-11-28,linear,-0.18312099915497898
2018-11-29,linear,-0.18138584874847938
2018-11-30,linear,-0.17563975362851236
2018-12-03,linear,-0.20685819332872318
2018-12-04,linear,-0.20934882790207388
2018-12-05,linear,-0.24376597965751987
2018-12-06,linear,-0.24667120278841778
2018-12-07,linear,-0.2570045532719627
2018-12-10,linear,-0.2604285295704046
2018-12-11,linear,-0.2469022313573053
2018-12-12,linear,-0.24188570445584517
2018-12-13,linear,-0.2509033243167836
2018-12-14,linear,-0.2504207691455684
2018-12-17,linear,-0.2499516120353445
2018-12-18,linear,-0.2540595519990716
2018-12-19,linear,-0.27598044646204956
2018-12-20,linear,-0.284289672420401
2018-12-21,linear,-0.29674245954077577
2018-12-24,linear,-0.2944142867182116
2018-12-25,linear,-0.27960108739241035
2018-12-26,linear,-0.2884121401134233
2018-12-27,linear,-0.28403363685903926
2018-12-28,linear,-0.2884841988607382
2018-12-31,linear,-0.29239298122264457
2019-01-01,linear,-0.2829360740994943
2019-01-02,linear,-0.29763634419437407
2019-01-03,linear,-0.2520570015504043
2019-01-04,linear,-0.2476905188478612
2019-01-07,linear,-0.24933617524630197
2019-01-08,linear,-0.24607292128710406
2019-01-09,linear,-0.23618017280180628
2019-01-10,linear,-0.24176818301086156
2019-01-11,linear,-0.2500220798932555
2019-01-14,linear,-0.24886428770328017
2019-01-15,linear,-0.22736912992763386
2019-01-16,linear,-0.21082506735488504
2019-01-17,linear,-0.18164995449162707
2019-01-18,linear,-0.18922849142291664
2019-01-21,linear,-0.19276391000828616
2019-01-22,linear,-0.19077446559700445
2019-01-23,linear,-0.18467212312449105
2019-01-24,linear,-0.18478323867149185
2019-01-25,linear,-0.15594581940257043
2019-01-28,linear,-0.15696256027170463
2019-01-29,linear,-0.15351775922067193
2019-01-30,linear,-0.16704958536060205
2019-01-31,linear,-0.18786238468362715
2019-02-01,linear,-0.20198347972923997
2019-02-04,linear,-0.19500738742535725
2019-02-05,linear,-0.19063340633952686
2019-02-06,linear,-0.20902493205675166
2019-02-07,linear,-0.22320070745349635
2019-02-08,linear,-0.21544244995075273
2019-02-11,linear,-0.21008065685241595
2019-02-12,linear,-0.20684803217182976
2019-02-13,linear,-0.22333235012563654
2019-02-14,linear,-0.17909345407618416
2019-02-15,linear,-0.16133668970238357
2019-02-18,linear,-0.15476665986691793
2019-02-19,linear,-0.14740595293758116
2019-02-20,linear,-0.16193702647220953
2019-02-21,linear,-0.16221989774186796
2019-02-22,linear,-0.16368242971801217
2019-02-25,linear,-0.17119321707404306
2019-02-26,linear,-0.16047185835702635
2019-02-27,linear,-0.15122748577264436
2019-02-28,linear,-0.14051463372808243
2019-03-01,linear,-0.14171668329775075
2019-03-04,linear,-0.15071122295221706
2019-03-05,linear,-0.15227018480586405
2019-03-06,linear,-0.17568649515809465
2019-03-07,linear,-0.19277861366451823
2019-03-08,linear,-0.17530408446647205
2019-03-11,linear,-0.13846056517547445
2019-03-12,linear,-0.12989385193957365
2019-03-13,linear,-0.12766373989527816
2019-03-14,linear,-0.12298225066619885
2019-03-15,linear,-0.12246567738783905
2019-03-18,linear,-0.12113360877477644
2019-03-19,linear,-0.14017250689847843
2019-03-20,linear,-0.16144910793297884
2019-03-21,linear,-0.18681107463317553
2019-03-22,linear,-0.21101191809358424
2019-03-25,linear,-0.18706590999563005
2019-03-26,linear,-0.18243891078655114
2019-03-27,linear,-0.19369328194872334
2019-03-28,linear,-0.18714289401031195
2019-03-29,linear,-0.20402331843060456
2019-04-01,linear,-0.19890602638998134
2019-04-02,linear,-0.18678695032979437
2019-04-03,linear,-0.18182586781409757
2019-04-04,linear,-0.18296074520434893
2019-04-05,linear,-0.19200424771674784
2019-04-08,linear,-0.19034464364945353
2019-04-09,linear,-0.19128038867752153
2019-04-10,linear,-0.17764506073620645
2019-04-11,linear,-0.15683081187944906
2019-04-12,linear,-0.15194533559238896
2019-04-15,linear,-0.13808949865797665
2019-04-16,linear,-0.12894936105961527
2019-04-17,linear,-0.12903622201391457
2019-04-18,linear,-0.12493515463393257
2019-04-19,linear,-0.11688914320059494
2019-04-22,linear,-0.12739447976368254
2019-04-23,linear,-0.14289007058373945
2019-04-24,linear,-0.15335630781522944
2019-04-25,linear,-0.15806041742382765
2019-04-26,linear,-0.16164837552033806
2019-04-29,linear,-0.16460705932812766
2019-04-30,linear,-0.16383807900870176
2019-05-01,linear,-0.16602504853162506
2019-05-02,linear,-0.15307714160950356
2019-05-03,linear,-0.15392032693635935
2019-05-06,linear,-0.16245218361589533
2019-05-07,linear,-0.16561340933495525
2019-05-08,linear,-0.18779236873168806
2019-05-09,linear,-0.17926373806551016
2019-05-10,linear,-0.16024352706332765
2019-05-13,linear,-0.14889950485621065
2019-05-14,linear,-0.15256131689622165
2019-05-15,linear,-0.10042578726598166
2019-05-16,linear,-0.11945804777054765
2019-05-17,linear,-0.10960790611685385
2019-05-20,linear,-0.12169560235494996
2019-05-21,linear,-0.13187084964611884
2019-05-22,linear,-0.13682564731216856
2019-05-23,linear,-0.14733230334672937
2019-05-24,linear,-0.15180499851798518
2019-05-27,linear,-0.15613823532477034
2019-05-28,linear,-0.16038654697899596
2019-05-29,linear,-0.15485793738266485
2019-05-30,linear,-0.16663886059357255
2019-05-31,linear,-0.16568092851435826
2019-06-03,linear,-0.12349156827116997
2019-06-04,linear,-0.12227139926933855
2019-06-05,linear,-0.12990767824783275
2019-06-06,linear,-0.12589613893206947
2019-06-07,linear,-0.11305093220131815
2019-06-10,linear,-0.12010953303666655
2019-06-11,linear,-0.13240644434708515
2019-06-12,linear,-0.13465356220400804
2019-06-13,linear,-0.13005783485882627
2019-06-14,linear,-0.13450822396531698
2019-06-17,linear,-0.12416010560553926
2019-06-18,linear,-0.11638415586466505
2019-06-19,linear,-0.11470813593449196
2019-06-20,linear,-0.11524606712048076
2019-06-21,linear,-0.12174756565611346
2019-06-24,linear,-0.13197541226903953
2019-06-25,linear,-0.12452013516771983
2019-06-26,linear,-0.10863550690380645
2019-06-27,linear,-0.09013887346140245
2019-06-28,linear,-0.08820977508336665
2019-07-01,linear,-0.09069224893174226
2019-07-02,linear,-0.07483920465658925
2019-07-03,linear,-0.07365941968640284
2019-07-04,linear,-0.06944238689176795
2019-07-05,linear,-0.06378027159276005
2019-07-08,linear,-0.07167307782673545
2019-07-09,linear,-0.06832656675418985
2019-07-10,linear,-0.07343586827728975
2019-07-11,linear,-0.06868373571170015
2019-07-12,linear,-0.07982579046751105
2019-07-15,linear,-0.07851544602371095
2019-07-16,linear,-0.08458170892785355
2019-07-17,linear,-0.08751383243526765
2019-07-18,linear,-0.08765871017076915
2019-07-19,linear,-0.07090787716514335
2019-07-22,linear,-0.05422227782742804
2019-07-23,linear,-0.05660285531828534
2019-07-24,linear,-0.059309188411880646
2019-07-25,linear,-0.058239131458561647
2019-07-26,linear,-0.05150937637957865
2019-07-29,linear,-0.04072759471260355
2019-07-30,linear,-0.04588532367437155
2019-07-31,linear,-0.05302281898194795
2019-08-01,linear,-0.05537651017149704
2019-08-02,linear,-0.06252085106909584
2019-08-05,linear,-0.05270685356792905
2019-08-06,linear,-0.06451651711221144
2019-08-07,linear,-0.06031158523247785
2019-08-08,linear,-0.07793948402320405
2019-08-09,linear,-0.07240547319776285
2019-08-12,linear,-0.05910518025286065
2019-08-13,linear,-0.09279784362277294
2019-08-14,linear,-0.09733171684418734
2019-08-15,linear,-0.07624958023978215
2019-08-16,linear,-0.06841843471562764
2019-08-19,linear,-0.07020743848827785
2019-08-20,linear,-0.06693058818538294
2019-08-21,linear,-0.06388571351795146
2019-08-22,linear,-0.07327519638638165
2019-08-23,linear,-0.06588486123358404
2019-08-26,linear,-0.06446491608584175
2019-08-27,linear,-0.058917873086187844
2019-08-28,linear,-0.049578823228235244
2019-08-29,linear,-0.04078999164277224
2019-08-30,linear,-0.046651646576269246
2019-09-02,linear,-0.05983606719408115
2019-09-03,linear,-0.048688328791790046
2019-09-04,linear,-0.02394137151149514
2019-09-05,linear,-0.04466521523582385
2019-09-06,linear,-0.05717360387650135
2019-09-09,linear,-0.04066883060755615
2019-09-10,linear,-0.03850785484649505
2019-09-11,linear,-0.03798213306305704
2019-09-12,linear,-0.00861365990462374
2019-09-13,linear,-0.004166819899767542
2019-09-16,linear,0.005521041420706457
2019-09-17,linear,0.0068024140793057596
2019-09-18,linear,0.024345265780056462
2019-09-19,linear,0.01966512719076896
2019-09-20,linear,0.01473230895400316
2019-09-23,linear,0.00514628187000086
2019-09-24,linear,0.01215513829842166
2019-09-25,linear,0.00999518869332466
2019-09-26,linear,0.02326409913951516
2019-09-27,linear,0.04569556269775176
2019-09-30,linear,0.03358295872363126
2019-10-01,linear,0.010683129083231057
2019-10-02,linear,-0.0017196971059189417
2019-10-03,linear,-0.0009355634112642409
2019-10-04,linear,0.019014483078521258
2019-10-07,linear,0.004664036802800357
2019-10-08,linear,0.00813158269419146
2019-10-09,linear,0.04491746080553806
2019-10-10,linear,0.08954237658099626
2019-10-11,linear,0.07800284916832506
2019-10-14,linear,0.11492021563799065
2019-10-15,linear,0.11978155262758995
2019-10-16,linear,0.12010767847072426
2019-10-17,linear,0.11603364487291895
2019-10-18,linear,0.10330936306434027
2019-10-21,linear,0.08902623040902286
2019-10-22,linear,0.08825880182157415
2019-10-23,linear,0.08694575203672156
2019-10-24,linear,0.07713668597358325
2019-10-25,linear,0.06931934362911596
2019-10-28,linear,0.08713348875848785
2019-10-29,linear,0.06991076816776925
2019-10-30,linear,0.056071657281505455
2019-10-31,linear,0.07137240694621605
2019-11-01,linear,0.07328828153549646
2019-11-04,linear,0.09206677579751135
2019-11-05,linear,0.09125631688193235
2019-11-06,linear,0.11973397469025655
2019-11-07,linear,0.10030666746534515
2019-11-08,linear,0.10368802439147355
2019-11-11,linear,0.10712173470474966
2019-11-12,linear,0.09186709290439665
2019-11-13,linear,0.09035893767479046
2019-11-14,linear,0.09420637712908066
2019-11-15,linear,0.09454281802533196
2019-11-18,linear,0.10315338670003175
2019-11-19,linear,0.09743231160509726
2019-11-20,linear,0.12675886124486854
2019-11-21,linear,0.13900675564605056
2019-11-22,linear,0.17210858840461515
2019-11-25,linear,0.16988209371713145
2019-11-26,linear,0.17457704736746596
2019-11-27,linear,0.17744986803335625
2019-11-28,linear,0.16085370873117716
2019-11-29,linear,0.15764079725980176
2019-12-02,linear,0.15547475133366895
2019-12-03,linear,0.17038522315592347
2019-12-04,linear,0.17276947027683276
2019-12-05,linear,0.19228214626430987
2019-12-06,linear,0.21189863834139436
2019-12-09,linear,0.21385282910144465
2019-12-10,linear,0.21299952463429567
2019-12-11,linear,0.23475380642117405
2019-12-12,linear,0.23756144193491038
2019-12-13,linear,0.24411630346411428
2019-12-16,linear,0.22678890463027684
2019-12-17,linear,0.22360797385091755
2019-12-18,linear,0.21865261235839314
2019-12-19,linear,0.20532809387444956
2019-12-20,linear,0.21744176599830944
2019-12-23,linear,0.17393713298024316
2019-12-24,linear,0.17271054419748946
2019-12-25,linear,0.16763506153445434
2019-12-26,linear,0.16198193186269275
2019-12-27,linear,0.14887095434206785
2019-12-30,linear,0.15044579800195265
2019-12-31,linear,0.15497391612710423
2020-01-01,linear,0.16581132033948537
2020-01-02,linear,0.13409304652433143
2020-01-03,linear,0.13681787621878005
2020-01-06,linear,0.11827868978200115
2020-01-07,linear,0.12081653468346465
2020-01-08,linear,0.13369428543142003
2020-01-09,linear,0.12126639586916926
2020-01-10,linear,0.11734114266451286
2020-01-13,linear,0.09777988768153084
2020-01-14,linear,0.08281289928761294
2020-01-15,linear,0.08674726921715675
2020-01-16,linear,0.08684012730462785
2020-01-17,linear,0.10058577388237334
2020-01-20,linear,0.10462186645369316
2020-01-21,linear,0.10571805705037506
2020-01-22,linear,0.08884023182661825
2020-01-23,linear,0.08139326337097415
2020-01-24,linear,0.10157436006056114
2020-01-27,linear,0.12453941878154764
2020-01-28,linear,0.12400103461000377
2020-01-29,linear,0.11704176254772636
2020-01-30,linear,0.10036962173634746
2020-01-31,linear,0.11092637346332306
2020-02-03,linear,0.09116149936616305
2020-02-04,linear,0.10196481319579576
2020-02-05,linear,0.11965490177282005
2020-02-06,linear,0.11040211979361415
2020-02-07,linear,0.11999307394874437
2020-02-10,linear,0.12842060209825434
2020-02-11,linear,0.13748525729143124
2020-02-12,linear,0.13340833082374604
2020-02-13,linear,0.11791931644705285
2020-02-14,linear,0.11770144658229015
2020-02-17,linear,0.10310611248427916
2020-02-18,linear,0.10266668827353766
2020-02-19,linear,0.10506957134008665
2020-02-20,linear,0.09578633807948465
2020-02-21,linear,0.11291255572761746
2020-02-24,linear,0.10197810162949286
2020-02-25,linear,0.09716140435548276
2020-02-26,linear,0.041121096071262464
2020-02-27,linear,0.005824658107209963
2020-02-28,linear,-0.00780851638518824
2020-03-02,linear,-0.03237688155633274
2020-03-03,linear,-0.02133502387499584
2020-03-04,linear,-0.05550236063475135
2020-03-05,linear,-0.07144402416917775
2020-03-06,linear,-0.05409072344612255
2020-03-09,linear,0.014970225913355253
2020-03-10,linear,0.013725186979074553
2020-03-11,linear,-0.11635142546380595
2020-03-12,linear,-0.05156769065910845
2020-03-13,linear,-0.05260265603370145
2020-03-16,linear,-0.008272415891223447
2020-03-17,linear,-0.05735948528064505
2020-03-18,linear,-0.04981767861688055
2020-03-19,linear,-0.07976379316455956
2020-03-20,linear,-0.08745470938652666
2020-03-23,linear,0.032144974102419344
2020-03-24,linear,0.08457280233732883
2020-03-25,linear,0.13359322132521942
2020-03-26,linear,0.10162551228303154
2020-03-27,linear,0.09186155959006734
2020-03-30,linear,0.04781114914902114
2020-03-31,linear,-0.013086726767815762
2020-04-01,linear,-0.011826400919821761
2020-04-02,linear,-0.04842049686890496
2020-04-03,linear,-0.04793285595184416
2020-04-06,linear,-0.01004206249057496
2020-04-07,linear,0.013064734152439137
2020-04-08,linear,0.04002206557100954
2020-04-09,linear,0.06307818405597514
2020-04-10,linear,0.07138991200624584
2020-04-13,linear,0.05556810367487954
2020-04-14,linear,-0.007365129006105163
2020-04-15,linear,-0.03335450688069926
2020-04-16,linear,0.014276202554316136
2020-04-17,linear,0.012723289651884035
2020-04-20,linear,-0.026611117194334965
2020-04-21,linear,-0.012627314330416166
2020-04-22,linear,0.027321831994135834
2020-04-23,linear,0.02871089778668653
2020-04-24,linear,0.040783372986024136
2020-04-27,linear,0.07596435689944173
2020-04-28,linear,0.11552080033447673
2020-04-29,linear,0.07424189530981133
2020-04-30,linear,0.07406415997826572
2020-05-01,linear,0.05984861932258703
2020-05-04,linear,0.08280440089401153
2020-05-05,linear,0.06590703529628383
2020-05-06,linear,0.07675213521783583
2020-05-07,linear,0.10210636557066922
2020-05-08,linear,0.12209363054794342
2020-05-11,linear,0.09684893406909442
2020-05-12,linear,0.06465243704181903
2020-05-13,linear,0.08811657094556463
2020-05-14,linear,0.08801709368829813
2020-05-15,linear,0.08777682089429083
2020-05-18,linear,0.09915541842209363
2020-05-19,linear,0.12240594858388493
2020-05-20,linear,0.07807263657158323
2020-05-21,linear,0.06915849844775793
2020-05-22,linear,0.07891658130936563
2020-05-25,linear,0.14396406576546772
2020-05-26,linear,0.19459514247290843
2020-05-27,linear,0.18922693324729353
2020-05-28,linear,0.16942228483837563
2020-05-29,linear,0.17115489669064204
2020-06-01,linear,0.20223286960321435
2020-06-02,linear,0.24399880906579943
2020-06-03,linear,0.24475136667610473
2020-06-04,linear,0.2924773134744714
2020-06-05,linear,0.2939798780354501
2020-06-08,linear,0.2620640629089988
2020-06-09,linear,0.2407917706701348
2020-06-10,linear,0.15850705875854823
2020-06-11,linear,0.17412901333229622
2020-06-12,linear,0.16692423604745452
2020-06-15,linear,0.20382090113201132
2020-06-16,linear,0.18619335932781322
2020-06-17,linear,0.1852835518892146
2020-06-18,linear,0.1576976140503883
2020-06-19,linear,0.15565572122799431
2020-06-22,linear,0.1763993145148962
2020-06-23,linear,0.14544697502941603
2020-06-24,linear,0.17353979289879173
2020-06-25,linear,0.15344394762088112
2020-06-26,linear,0.14522989708104062
2020-06-29,linear,0.1483163525680266
2020-06-30,linear,0.136796352285449
2020-07-01,linear,0.15750867116548023
2020-07-02,linear,0.1605442766471653
2020-07-03,linear,0.1622265435612912
2020-07-06,linear,0.1467052457588368
2020-07-07,linear,0.1444092000878644
2020-07-08,linear,0.1118664911514311
2020-07-09,linear,0.15229912045129032
2020-07-10,linear,0.15256705794416972
2020-07-13,linear,0.1407805517113696
2020-07-14,linear,0.1616996395525517
2020-07-15,linear,0.17862917576123752
2020-07-16,linear,0.16444468390824402
2020-07-17,linear,0.17250151108837922
2020-07-20,linear,0.20684681266084332
2020-07-21,linear,0.1988841582615732
2020-07-22,linear,0.1851567564811816
2020-07-23,linear,0.1905150070216328
2020-07-24,linear,0.1749400927911318
2020-07-27,linear,0.19730329302826602
2020-07-28,linear,0.19808653090134862
2020-07-29,linear,0.1459832893401545
2020-07-30,linear,0.174345857688178
2020-07-31,linear,0.18064062010572632
2020-08-03,linear,0.1705865098122896
2020-08-04,linear,0.18070009031152703
2020-08-05,linear,0.18685922384260142
2020-08-06,linear,0.18539442387684382
2020-08-07,linear,0.17689284305427572
2020-08-10,linear,0.2179269484066643
2020-08-11,linear,0.2188771160000027
2020-08-12,linear,0.20917067569523604
2020-08-13,linear,0.20290598338850022
2020-08-14,linear,0.19369262714684563
2020-08-17,linear,0.17917334038306962
2020-08-18,linear,0.19273660397707693
2020-08-19,linear,0.1822669779887015
2020-08-20,linear,0.1685171786084004
2020-08-21,linear,0.1400970516847912
2020-08-24,linear,0.1377776822733568
2020-08-25,linear,0.14551651741091381
2020-08-26,linear,0.1246789233080373
2020-08-27,linear,0.13859197503227702
2020-08-28,linear,0.13627184443656984
2020-08-31,linear,0.10873507106658742
2020-09-01,linear,0.10561099227240162
2020-09-02,linear,0.1250736290064002
2020-09-03,linear,0.1409531875313722
2020-09-04,linear,0.1313983917071011
2020-09-07,linear,0.1018490648434569
2020-09-08,linear,0.10759585690992182
2020-09-09,linear,0.11903565832443651
2020-09-10,linear,0.10696936051011721
2020-09-11,linear,0.11015540176360411
2020-09-14,linear,0.0877111114721764
2020-09-15,linear,0.09859329697609241
2020-09-16,linear,0.10451344335647632
2020-09-17,linear,0.10883417886601361
2020-09-18,linear,0.11179395717490272
2020-09-21,linear,0.09439959272282572
2020-09-22,linear,0.07294233634225301
2020-09-23,linear,0.09570825904289372
2020-09-24,linear,0.08141927092318442
2020-09-25,linear,0.057479206925461206
2020-09-28,linear,0.02045536787467151
2020-09-29,linear,0.035130036072913914
2020-09-30,linear,0.010350575279277713
2020-10-01,linear,0.013252933228115613
2020-10-02,linear,0.011117770042536012
2020-10-05,linear,0.030311426107620613
2020-10-06,linear,0.039583897873933016
2020-10-07,linear,0.050173183070162816
2020-10-08,linear,0.044580443070219314
2020-10-09,linear,0.04749431480317881
2020-10-12,linear,0.017603540687787415
2020-10-13,linear,0.005328138085534114
2020-10-14,linear,0.0014101525111469126
2020-10-15,linear,0.026691723061751813
2020-10-16,linear,0.033278259508154516
2020-10-19,linear,0.030407285247042913
2020-10-20,linear,0.023234892192529014
2020-10-21,linear,0.03696281339754951
2020-10-22,linear,0.05329077188639901
2020-10-23,linear,0.04406396095249471
2020-10-26,linear,0.022824667132238012
2020-10-27,linear,-0.009451931033951682
2020-10-28,linear,-0.017741910665635782
2020-10-29,linear,0.00837071836910312
2020-10-30,linear,0.01359124770515222
2020-11-02,linear,0.04548310183523732
2020-11-03,linear,0.03300359201524422
2020-11-04,linear,0.043748427193154825
2020-11-05,linear,0.05297808260369282
2020-11-06,linear,0.05443924857211142
2020-11-09,linear,0.05860990842888282
2020-11-10,linear,0.06473449833142882
2020-11-11,linear,0.05244419860338742
2020-11-12,linear,0.05770014294263612
2020-11-13,linear,0.06069859808119722
2020-11-16,linear,0.07028414340211912
2020-11-17,linear,0.07526376853772512
2020-11-18,linear,0.08723287256076183
2020-11-19,linear,0.07342776845849672
2020-11-20,linear,0.07095950616442923
2020-11-23,linear,0.09759630368937552
2020-11-24,linear,0.09565889093731002
2020-11-25,linear,0.09040740771835942
2020-11-26,linear,0.09408937604483653
2020-11-27,linear,0.07087537035481102
2020-11-30,linear,0.07788913337863432
2020-12-01,linear,0.09533003752221662
2020-12-02,linear,0.09672465455229623
2020-12-03,linear,0.11765430451107592
2020-12-04,linear,0.11973044033772842
2020-12-07,linear,0.11686684005217791
2020-12-08,linear,0.11928030758383212
2020-12-09,linear,0.10491073114464153
2020-12-10,linear,0.08592871143712162
2020-12-11,linear,0.08265023889094443
2020-12-14,linear,0.10194458520007071
2020-12-15,linear,0.10336144288020081
2020-12-16,linear,0.10328003658138712
2020-12-17,linear,0.09227221813295983
2020-12-18,linear,0.08036028589320192
2020-12-21,linear,0.11068748802144474
2020-12-22,linear,0.13055512113026352
2020-12-23,linear,0.12884078825425013
2020-12-24,linear,0.1260671219970229
2020-12-25,linear,0.12482273409789402
2020-12-28,linear,0.12279218500544653
2020-12-29,linear,0.12655497738234892
2020-12-30,linear,0.13494487705825112
2020-12-31,linear,0.14528719514221922
2021-01-01,linear,0.14191993779565232
2021-01-04,linear,0.14079608210573474
2021-01-05,linear,0.20311933981052274
2021-01-06,linear,0.22678219069682512
2021-01-07,linear,0.21317042826986493
2021-01-08,linear,0.21806707172685333
2021-01-11,linear,0.22744064398265193
2021-01-12,linear,0.22483549755754942
2021-01-13,linear,0.21875403665310825
2021-01-14,linear,0.20233632686114533
2021-01-15,linear,0.19763412144745082
2021-01-18,linear,0.2031749157708034
2021-01-19,linear,0.20159589535921832
2021-01-20,linear,0.18611354819642012
2021-01-21,linear,0.16417128771837242
2021-01-22,linear,0.1505801918305381
2021-01-25,linear,0.1654487785243382
2021-01-26,linear,0.1392805367549591
2021-01-27,linear,0.14610422522369224
2021-01-28,linear,0.11637438451924503
2021-01-29,linear,0.11993523754201922
2021-02-01,linear,0.15254530957542792
2021-02-02,linear,0.16626355693794753
2021-02-03,linear,0.20586524528951222
2021-02-04,linear,0.20946987770018763
2021-02-05,linear,0.21331623727484741
2021-02-08,linear,0.2218045382876062
2021-02-09,linear,0.23154233061588603
2021-02-10,linear,0.25685648260098054
2021-02-11,linear,0.2703486240230908
2021-02-12,linear,0.3168583081797392
2021-02-15,linear,0.36400566177217464
2021-02-16,linear,0.35866395513397065
2021-02-17,linear,0.3574563596928564
2021-02-18,linear,0.3728830440601789
2021-02-19,linear,0.4067327578742778
2021-02-22,linear,0.45486755129177503
2021-02-23,linear,0.4710027048762753
2021-02-24,linear,0.4331416650541649
2021-02-25,linear,0.406873130441552
2021-02-26,linear,0.5307813057252176
2021-03-01,linear,0.46087056840952284
2021-03-02,linear,0.4829438483985469
2021-03-03,linear,0.4253165162363735
2021-03-04,linear,0.4815038925277214
2021-03-05,linear,0.4691595203256008
2021-03-08,linear,0.47434929074224824
2021-03-09,linear,0.4804953520849845
2021-03-10,linear,0.35691962167680985
2021-03-11,linear,0.3233983451112992
2021-03-12,linear,0.27388026764803863
2021-03-15,linear,0.30191544787395685
2021-03-16,linear,0.3109841311076483
2021-03-17,linear,0.3656226667290464
2021-03-18,linear,0.40799375791540293
2021-03-19,linear,0.39701337818197574
2021-03-22,linear,0.41765595824182533
2021-03-23,linear,0.4112905915349728
2021-03-24,linear,0.38143423077820554
2021-03-25,linear,0.3661078438210935
2021-03-26,linear,0.34234489497291076
2021-03-29,linear,0.35686994776209524
2021-03-30,linear,0.34111454970980054
2021-03-31,linear,0.3575067273581427
2021-04-01,linear,0.42191796190366043
2021-04-02,linear,0.4459362712135512
2021-04-05,linear,0.40568484122495746
2021-04-06,linear,0.41176901996577925
2021-04-07,linear,0.44536477655985873
2021-04-08,linear,0.43008087179130217
2021-04-09,linear,0.41287907299920407
2021-04-12,linear,0.40739282050882974
2021-04-13,linear,0.4195286766199058
2021-04-14,linear,0.37397900741602164
2021-04-15,linear,0.34987982875243745
2021-04-16,linear,0.38394296730830635
2021-04-19,linear,0.3635215883241635
2021-04-20,linear,0.36255105322903874
2021-04-21,linear,0.35223791623258616
2021-04-22,linear,0.38212697226270825
2021-04-23,linear,0.3641465808019678
2021-04-26,linear,0.3615729218065771
2021-04-27,linear,0.37652871000402616
2021-04-28,linear,0.41012682664309386
2021-04-29,linear,0.43095121058664215
2021-04-30,linear,0.4180639726026947
2021-05-03,linear,0.41486766247016427
2021-05-04,linear,0.43382668051283757
2021-05-05,linear,0.45432929659034044
2021-05-06,linear,0.4364394105689747
2021-05-07,linear,0.4526363344367
2021-05-10,linear,0.44237944862367484
2021-05-11,linear,0.44473016594533615
2021-05-12,linear,0.38281785338565416
2021-05-13,linear,0.34836864280956575
2021-05-14,linear,0.35034510819464937
2021-05-17,linear,0.38774942155852915
2021-05-18,linear,0.3787264413042146
2021-05-19,linear,0.35198341147039175
2021-05-20,linear,0.32025432928450265
2021-05-21,linear,0.30385478263741933
2021-05-24,linear,0.25292468814610225
2021-05-25,linear,0.24965774624907344
2021-05-26,linear,0.29292668871825284
2021-05-27,linear,0.32059345324655003
2021-05-28,linear,0.40765229785774276
2021-05-31,linear,0.3974513316403442
2021-06-01,linear,0.3992824636309914
2021-06-02,linear,0.35747781938492246
2021-06-03,linear,0.3653616873987978
2021-06-04,linear,0.37155006270085866
2021-06-07,linear,0.3784339125873218
2021-06-08,linear,0.3664412351057086
2021-06-09,linear,0.3338744288687736
2021-06-10,linear,0.3670736039833458
2021-06-11,linear,0.34461642157988037
2021-06-14,linear,0.36021671083492823
2021-06-15,linear,0.35170085292364783
2021-06-16,linear,0.3371669865770199
2021-06-17,linear,0.31931332730978257
2021-06-18,linear,0.294564886974507
2021-06-21,linear,0.30398639815042966
2021-06-22,linear,0.30477609834184377
2021-06-23,linear,0.33574290165175963
2021-06-24,linear,0.34475740842837654
2021-06-25,linear,0.35996994540087224
2021-06-28,linear,0.32494711909818774
2021-06-29,linear,0.3218477926202882
2021-06-30,linear,0.34074138686296146
2021-07-01,linear,0.3120463452066401
2021-07-02,linear,0.30984341490765677
2021-07-05,linear,0.30987599471983296
2021-07-06,linear,0.30065415302515075
2021-07-07,linear,0.25493504441862685
2021-07-08,linear,0.2938116990685277
2021-07-09,linear,0.2989671396506745
2021-07-12,linear,0.29565490326901905
2021-07-13,linear,0.29447804370882635
2021-07-14,linear,0.2859331709510551
2021-07-15,linear,0.2691240119761811
2021-07-16,linear,0.31008207527494225
2021-07-19,linear,0.3280299971370796
2021-07-20,linear,0.350962850976236
2021-07-21,linear,0.33168342996000705
2021-07-22,linear,0.32566647386830844
2021-07-23,linear,0.3304990522764705
2021-07-26,linear,0.33030985566675436
2021-07-27,linear,0.32828570291008274
2021-07-28,linear,0.30975755487118556
2021-07-29,linear,0.3026620141880866
2021-07-30,linear,0.31847591742853865
2021-08-02,linear,0.3295170134500662
2021-08-03,linear,0.32910131740115706
2021-08-04,linear,0.35220630972500866
2021-08-05,linear,0.3576678678203299
2021-08-06,linear,0.3759272438502278
2021-08-09,linear,0.38214661639347036
2021-08-10,linear,0.39293723799445573
2021-08-11,linear,0.39284889324494937
2021-08-12,linear,0.38329788815477134
2021-08-13,linear,0.37682271354843405
2021-08-16,linear,0.3479450192479265
2021-08-17,linear,0.3454752719328504
2021-08-18,linear,0.33325267511922096
2021-08-19,linear,0.33532297618066176
2021-08-20,linear,0.33741088856820706
2021-08-23,linear,0.32636986427109327
2021-08-24,linear,0.34307311504196464
2021-08-25,linear,0.36954920213001197
2021-08-26,linear,0.3650961922212665
2021-08-27,linear,0.3668494232643927
2021-08-30,linear,0.37142403822133563
2021-08-31,linear,0.37171316088437345
2021-09-01,linear,0.38846390581256307
2021-09-02,linear,0.37518348588169337
2021-09-03,linear,0.38767154352249367
2021-09-06,linear,0.40736725348074065
2021-09-07,linear,0.39422550016197105
2021-09-08,linear,0.40073823073965836
2021-09-09,linear,0.42227848351705566
2021-09-10,linear,0.41735003682639127
2021-09-13,linear,0.4160404477337441
2021-09-14,linear,0.417318655587658
2021-09-15,linear,0.4358439057292282
2021-09-16,linear,0.41669433051444016
2021-09-17,linear,0.41741861058407603
2021-09-20,linear,0.40738284742746783
2021-09-21,linear,0.4327030486951381
2021-09-22,linear,0.42927928912519675
2021-09-23,linear,0.429416991961528
2021-09-24,linear,0.4160201990270956
2021-09-27,linear,0.4122431798569524
2021-09-28,linear,0.4196935244692798
2021-09-29,linear,0.4331230607512049
2021-09-30,linear,0.44682840169017374
2021-10-01,linear,0.44981162707751154
2021-10-04,linear,0.4722761234410786
2021-10-05,linear,0.4760737181775752
2021-10-06,linear,0.47839411161057105
2021-10-07,linear,0.4897906093969606
2021-10-08,linear,0.4698380424029293
2021-10-11,linear,0.45073118783723776
2021-10-12,linear,0.43351883155102466
2021-10-13,linear,0.4720889652486681
2021-10-14,linear,0.5218808677181255
2021-10-15,linear,0.5254755516432279
2021-10-18,linear,0.5161551483970966
2021-10-19,linear,0.5197437752978257
2021-10-20,linear,0.4759042266041625
2021-10-21,linear,0.4931690336382076
2021-10-22,linear,0.47934994744383774
2021-10-25,linear,0.4800540827650453
2021-10-26,linear,0.4662091197505047
2021-10-27,linear,0.454717952947632
2021-10-28,linear,0.4551751760905636
2021-10-29,linear,0.4726984671720747
2021-11-01,linear,0.4626994511498851
2021-11-02,linear,0.4652994775590329
2021-11-03,linear,0.4452646701883092
2021-11-04,linear,0.4407241491001485
2021-11-05,linear,0.4413406789635675
2021-11-08,linear,0.4329479201720342
2021-11-09,linear,0.44241077705759607
2021-11-10,linear,0.401090891962473
2021-11-11,linear,0.39981803061854126
2021-11-12,linear,0.4061556142120595
2021-11-15,linear,0.39839150733577205
2021-11-16,linear,0.39158607704479176
2021-11-17,linear,0.3593666253587247
2021-11-18,linear,0.3217847484187347
2021-11-19,linear,0.3155508899638459
2021-11-22,linear,0.2974792701463472
2021-11-23,linear,0.2975971232204474
2021-11-24,linear,0.30464071190479874
2021-11-25,linear,0.24856792161750849
2021-11-26,linear,0.2631718885743137
2021-11-29,linear,0.2694039599927735
2021-11-30,linear,0.2752681474951856
2021-12-01,linear,0.27641135720553556
2021-12-02,linear,0.27343023884437667
2021-12-03,linear,0.27195951053475004
2021-12-06,linear,0.2943262704863483
2021-12-07,linear,0.2888362710740881
2021-12-08,linear,0.2757424042357692
2021-12-09,linear,0.2480591337234581
2021-12-10,linear,0.24447704430371336
2021-12-13,linear,0.2540399355332385
2021-12-14,linear,0.2482526792402776
2021-12-15,linear,0.2852669784615486
2021-12-16,linear,0.2645422378927977
2021-12-17,linear,0.2608941028473056
2021-12-20,linear,0.28764750048418636
2021-12-21,linear,0.29138332724118693
2021-12-22,linear,0.3019786829942358
2021-12-23,linear,0.23943853291942016
2021-12-24,linear,0.21895928959576266
2021-12-27,linear,0.23516195023727265
2021-12-28,linear,0.23530908476949766
2021-12-29,linear,0.22974647022707387
2021-12-30,linear,0.2302520552154237
2021-12-31,linear,0.22576260674885237
2022-01-03,linear,0.2737398886952
2022-01-04,linear,0.27471040233241506
2022-01-05,linear,0.3007247591553209
2022-01-06,linear,0.3158895484168496
2022-01-07,linear,0.3210582653206829
2022-01-10,linear,0.3354987003232389
2022-01-11,linear,0.3419977841486389
2022-01-12,linear,0.33972950476674224
2022-01-13,linear,0.35698022945563485
2022-01-14,linear,0.3404172857816878
2022-01-17,linear,0.34385385151955766
2022-01-18,linear,0.3281948001074186
2022-01-19,linear,0.29618465081440437
2022-01-20,linear,0.26407213891779907
2022-01-21,linear,0.239298111772047
2022-01-24,linear,0.2598218990255214
2022-01-25,linear,0.2745435694376882
2022-01-26,linear,0.27550523145043576
2022-01-27,linear,0.2626969565362815
2022-01-28,linear,0.27172188657530566
2022-01-31,linear,0.2880062192475113
2022-02-01,linear,0.3000503757163206
2022-02-02,linear,0.28115366640786466
2022-02-03,linear,0.2971004796160793
2022-02-04,linear,0.3173259731265531
2022-02-07,linear,0.30604190682092275
2022-02-08,linear,0.31136419115425584
2022-02-09,linear,0.2981678241797164
2022-02-10,linear,0.270424074393036
2022-02-11,linear,0.2703218539099736
2022-02-14,linear,0.3099590132379026
2022-02-15,linear,0.3063709789505891
2022-02-16,linear,0.2915256056575247
2022-02-17,linear,0.26462678931234973
2022-02-18,linear,0.2751673653824751
2022-02-21,linear,0.26413718337476666
2022-02-22,linear,0.25303165269751976
2022-02-23,linear,0.20513194550445302
2022-02-24,linear,0.2346974954043021
2022-02-25,linear,0.24241810179499731
2022-02-28,linear,0.1623793006786618
2022-03-01,linear,0.17693852998202242
2022-03-02,linear,0.1693691934290605
2022-03-03,linear,0.09132046187012482
2022-03-04,linear,0.06538432064313202
2022-03-07,linear,0.1006440118914816
2022-03-08,linear,0.15287829047045612
2022-03-09,linear,0.15324264609285462
2022-03-10,linear,0.1527595582415048
2022-03-11,linear,0.147492910717861
2022-03-14,linear,0.14125725441181772
2022-03-15,linear,0.18610326554708892
2022-03-16,linear,0.1654549594424794
2022-03-17,linear,0.1885104973413543
2022-03-18,linear,0.18728142812286871
2022-03-21,linear,0.20819619410551002
2022-03-22,linear,0.1901065860719546
2022-03-23,linear,0.17610075075403672
2022-03-24,linear,0.166955938375481
2022-03-25,linear,0.17304098505869142
2022-03-28,linear,0.1888866162409952
2022-03-29,linear,0.1733391245090601
2022-03-30,linear,0.15843119264164973
2022-03-31,linear,0.14669693182913052
2022-04-01,linear,0.1542567132722152
2022-04-04,linear,0.12117761505666962
2022-04-05,linear,0.09551963542817642
2022-04-06,linear,0.11041936023247742
2022-04-07,linear,0.1263241653931841
2022-04-08,linear,0.12397830275957042
2022-04-11,linear,0.09428804170928562
2022-04-12,linear,0.09286347321814252
2022-04-13,linear,0.08774954533108181
2022-04-14,linear,0.06973441522012631
2022-04-15,linear,0.05418613699830262
2022-04-18,linear,0.07015052542547481
2022-04-19,linear,0.08621157388336662
2022-04-20,linear,0.0952938419074161
2022-04-21,linear,0.049381036242592914
2022-04-22,linear,0.03213252763420971
2022-04-25,linear,-0.00303834331244689
2022-04-26,linear,-0.00950992217727669
2022-04-27,linear,0.021191142298899606
2022-04-28,linear,0.013693172753547806
2022-04-29,linear,0.008438361849443507
2022-05-02,linear,0.011081546542904205
2022-05-03,linear,0.014653402298184206
2022-05-04,linear,0.002421020105139105
2022-05-05,linear,0.0008954993982662057
2022-05-06,linear,0.0018716386821961057
2022-05-09,linear,-0.003218274438620194
2022-05-10,linear,-0.008275286459536194
2022-05-11,linear,-0.020699159178312096
2022-05-12,linear,-0.004887084939138095
2022-05-13,linear,-0.018277837718726396
2022-05-16,linear,0.0014852178383491024
2022-05-17,linear,0.005249780004663602
2022-05-18,linear,-0.014517336752453099
2022-05-19,linear,-0.009296678527017998
2022-05-20,linear,-0.0119003486483148
2022-05-23,linear,0.0062481870231527025
2022-05-24,linear,0.017439870641781603
2022-05-25,linear,0.04083742882790971
2022-05-26,linear,0.0624428936705047
2022-05-27,linear,0.069749827403653
2022-05-30,linear,0.0668757117598347
2022-05-31,linear,0.059055865867692195
2022-06-01,linear,0.058973612119875
2022-06-02,linear,0.0716936741552694
2022-06-03,linear,0.0815608037417692
2022-06-06,linear,0.1104528066898157
2022-06-07,linear,0.100771428891575
2022-06-08,linear,0.07029759682858129
2022-06-09,linear,0.022454458225568297
2022-06-10,linear,0.011275584974509598
2022-06-13,linear,0.0031598236585660975
2022-06-14,linear,0.022213044261514096
2022-06-15,linear,-0.00012457996094640544
2022-06-16,linear,0.016787067875080795
2022-06-17,linear,0.004983876675877795
2022-06-20,linear,0.029783530017396496
2022-06-21,linear,0.031126231503166197
2022-06-22,linear,0.024537141609887497
2022-06-23,linear,0.056831901092513896
2022-06-24,linear,0.0835728070173063
2022-06-27,linear,0.0544925721038812
2022-06-28,linear,0.040732162861657
2022-06-29,linear,0.018306126929252098
2022-06-30,linear,0.0175755910409739
2022-07-01,linear,0.0160595785344182
2022-07-04,linear,0.012040597766974102
2022-07-05,linear,-0.0101347893864882
2022-07-06,linear,-0.0008357082662235026
2022-07-07,linear,-0.012539100157653903
2022-07-08,linear,-0.006128057602853503
2022-07-11,linear,-0.023185856024492503
2022-07-12,linear,-0.032789250925653005
2022-07-13,linear,-0.06322282771650911
2022-07-14,linear,-0.0357832785412618
2022-07-15,linear,-0.049005653002315804
2022-07-18,linear,-0.009775078447964006
2022-07-19,linear,-0.007924996427337003
2022-07-20,linear,-0.0188355286889368
2022-07-21,linear,-0.025975752936122504
2022-07-22,linear,-0.0366841767418592
2022-07-25,linear,-0.0680104255380109
2022-07-26,linear,-0.0590316380258062
2022-07-27,linear,-0.0558964728741663
2022-07-28,linear,-0.0496710838235268
2022-07-29,linear,-0.048062383534254405
2022-08-01,linear,-0.0483869624721376
2022-08-02,linear,-0.0393267779929337
2022-08-03,linear,-0.027504823657959605
2022-08-04,linear,-0.011797636923806002
2022-08-05,linear,0.0047164839524017985
2022-08-08,linear,0.0069613599042398985
2022-08-09,linear,0.0198720196446745
2022-08-10,linear,0.0276620176790776
2022-08-11,linear,0.0255030199349351
2022-08-12,linear,0.0287527456551008
2022-08-15,linear,0.024212461877993
2022-08-16,linear,0.0174819727738006
2022-08-17,linear,0.0165375639069193
2022-08-18,linear,-0.007416048183653899
2022-08-19,linear,-0.0118656054531839
2022-08-22,linear,-0.013176371851172798
2022-08-23,linear,-0.011053260461118899
2022-08-24,linear,-0.007526975071726899
2022-08-25,linear,-0.008938486454719499
2022-08-26,linear,-0.004920548953037899
2022-08-29,linear,-0.006196806535065548
2022-08-30,linear,-0.01063932018060655
2022-08-31,linear,-0.00767804951255985
2022-09-01,linear,0.012670277627370049
2022-09-02,linear,0.007433056468352548
2022-09-05,linear,0.024489673884125145
2022-09-06,linear,0.025414585675900547
2022-09-07,linear,0.059436363353989746
2022-09-08,linear,0.048885800840139146
2022-09-09,linear,0.028497281726318244
2022-09-12,linear,-0.0031615577808301563
2022-09-13,linear,-0.009661922173291856
2022-09-14,linear,0.015218778651657744
2022-09-15,linear,-0.001361675204762056
2022-09-16,linear,0.011886458235720944
2022-09-19,linear,0.006864755538055144
2022-09-20,linear,-0.009176481851104657
2022-09-21,linear,-0.055309771398386054
2022-09-22,linear,-0.08775077862560096
2022-09-23,linear,-0.10038101614167524
2022-09-26,linear,-0.11694830125627245
2022-09-27,linear,-0.13159209912605785
2022-09-28,linear,-0.13684158322310605
2022-09-29,linear,-0.10447322745385856
2022-09-30,linear,-0.11222400038432345
2022-10-03,linear,-0.08148563105331774
2022-10-04,linear,-0.08991245864817186
2022-10-05,linear,-0.10787178624081466
2022-10-06,linear,-0.12973812747831107
2022-10-07,linear,-0.12470934595631668
2022-10-10,linear,-0.14816012177745705
2022-10-11,linear,-0.15384542787374655
2022-10-12,linear,-0.11974422985581885
2022-10-13,linear,-0.10018736668013505
2022-10-14,linear,-0.10262411956186505
2022-10-17,linear,-0.08945065453107105
2022-10-18,linear,-0.10019728160341995
2022-10-19,linear,-0.10469374285495531
2022-10-20,linear,-0.08801648529075781
2022-10-21,linear,-0.07449736215187622
2022-10-24,linear,-0.07138001356555151
2022-10-25,linear,-0.0647903785367542
2022-10-26,linear,-0.05127467345720151
2022-10-27,linear,-0.05707762881770121
2022-10-28,linear,-0.057799277271274416
2022-10-31,linear,-0.04783338115802771
2022-11-01,linear,-0.04746973542246952
2022-11-02,linear,-0.045717854032384715
2022-11-03,linear,-0.024942399392797812
2022-11-04,linear,-0.017357545570091615
2022-11-07,linear,0.014358778772057186
2022-11-08,linear,0.0033767631923748865
2022-11-09,linear,0.03133915509086158
2022-11-10,linear,0.05566267958102329
2022-11-11,linear,0.05535030254301569
2022-11-14,linear,0.11330293530582389
2022-11-15,linear,0.10850495439034569
2022-11-16,linear,0.1224519435270338
2022-11-17,linear,0.1257873044352048
2022-11-18,linear,0.1077396241282922
2022-11-21,linear,0.1096856189042656
2022-11-22,linear,0.11570228081994871
2022-11-23,linear,0.1170616363345608
2022-11-24,linear,0.1263938531054556
2022-11-25,linear,0.1193836338550393
2022-11-28,linear,0.1376656476786176
2022-11-29,linear,0.1409802944501452
2022-11-30,linear,0.1232903702707551
2022-12-01,linear,0.13262169872235363
2022-12-02,linear,0.1080763937444992
2022-12-05,linear,0.11273128601066132
2022-12-06,linear,0.10814804302807711
2022-12-07,linear,0.08895850299542771
2022-12-08,linear,0.09093799979240971
2022-12-09,linear,0.0779288405907747
2022-12-12,linear,0.09289889601629521
2022-12-13,linear,0.08808141843295031
2022-12-14,linear,0.0665888713548029
2022-12-15,linear,0.0660883384460814
2022-12-16,linear,0.0653503681025203
2022-12-19,linear,0.084079493564837
2022-12-20,linear,0.1023775125325625
2022-12-21,linear,0.063654749923753
2022-12-22,linear,0.0642980931684923
2022-12-23,linear,0.04618245815302661
2022-12-26,linear,0.036417296895778606
2022-12-27,linear,0.035848685545423004
2022-12-28,linear,0.03525922157923331
2022-12-29,linear,0.027589840316115704
2022-12-30,linear,0.016881608054081305
2023-01-02,linear,0.0399876527092277
2023-01-03,linear,0.05801984389206301
2023-01-04,linear,0.07722696770664121
2023-01-05,linear,0.1000299928124541
2023-01-06,linear,0.10419772573173611
2023-01-09,linear,0.1263186110071309
2023-01-10,linear,0.13169641672939442
2023-01-11,linear,0.1253258332452771
2023-01-12,linear,0.1275005558980555
2023-01-13,linear,0.1288927879867981
2023-01-16,linear,0.1253788325336273
2023-01-17,linear,0.1154842903348206
2023-01-18,linear,0.07885410765711351
2023-01-19,linear,0.0828220077459772
2023-01-20,linear,0.08130108819014942
2023-01-23,linear,0.07498359632025031
2023-01-24,linear,0.08166416961392152
2023-01-25,linear,0.08420900436305792
2023-01-26,linear,0.0834318160868777
2023-01-27,linear,0.08347395130204836
2023-01-30,linear,0.09761365077304676
2023-01-31,linear,0.10492304829718016
2023-02-01,linear,0.09575826005295436
2023-02-02,linear,0.09705342747321746
2023-02-03,linear,0.11239880406820027
2023-02-06,linear,0.12621395533938645
2023-02-07,linear,0.13032980207804035
2023-02-08,linear,0.13099055419828518
2023-02-09,linear,0.14176338233686683
2023-02-10,linear,0.20230035760077814
2023-02-13,linear,0.17501015742676368
2023-02-14,linear,0.17653086160234988
2023-02-15,linear,0.23866393234831734
2023-02-16,linear,0.21844532137481526
2023-02-17,linear,0.23088293177211483
2023-02-20,linear,0.28824272452131233
2023-02-21,linear,0.2851469179814478
2023-02-22,linear,0.2728421205533896
2023-02-23,linear,0.21415959764480996
2023-02-24,linear,0.22060662031328368
2023-02-27,linear,0.23339855412757876
2023-02-28,linear,0.22672809286527426
2023-03-01,linear,0.22088899500204348
2023-03-02,linear,0.18672669238938067
2023-03-03,linear,0.18528941803989696
2023-03-06,linear,0.15727244695007475
2023-03-07,linear,0.14979501572579834
2023-03-08,linear,0.10679133329667197
2023-03-09,linear,0.10264995898025076
2023-03-10,linear,0.10850753453232116
2023-03-13,linear,0.13037026408175717
2023-03-14,linear,0.08499246993662707
2023-03-15,linear,0.07944265131774937
2023-03-16,linear,0.07442968245412347
2023-03-17,linear,0.09659602673841736
2023-03-20,linear,0.13530798122152946
2023-03-21,linear,0.12121637822405586
2023-03-22,linear,0.12708768133324927
2023-03-23,linear,0.12596908729915118
2023-03-24,linear,0.13533028885054965
2023-03-27,linear,0.13295038487895186
2023-03-28,linear,0.15169549565701557
2023-03-29,linear,0.17431438796684456
2023-03-30,linear,0.18303943520858787
2023-03-31,linear,0.17554803902937485
2023-04-03,linear,0.17528962268706547
2023-04-04,linear,0.17432848619173946
2023-04-05,linear,0.17760270884866886
2023-04-06,linear,0.1621270431113458
2023-04-07,linear,0.16058887413131878
2023-04-10,linear,0.18572373820258475
2023-04-11,linear,0.19309868249135026
2023-04-12,linear,0.22861236104069846
2023-04-13,linear,0.2624781056375354
2023-04-14,linear,0.2497278960963781
2023-04-17,linear,0.26278577163648487
2023-04-18,linear,0.27175788330778555
2023-04-19,linear,0.24581957833930687
2023-04-20,linear,0.23353805193968918
2023-04-21,linear,0.24046768048819098
2023-04-24,linear,0.23232928510860887
2023-04-25,linear,0.22390522616539166
2023-04-26,linear,0.23794555605350218
2023-04-27,linear,0.24211458030715027
2023-04-28,linear,0.24996665097800233
2023-05-01,linear,0.21195259626732937
2023-05-02,linear,0.20579750085123696
2023-05-03,linear,0.1659051699864082
2023-05-04,linear,0.19332466202428977
2023-05-05,linear,0.20021551332373738
2023-05-08,linear,0.19576307683347968
2023-05-09,linear,0.18993384705157748
2023-05-10,linear,0.18215699113631517
2023-05-11,linear,0.16675687100147377
2023-05-12,linear,0.14820835649255587
2023-05-15,linear,0.13586326106919597
2023-05-16,linear,0.15789285447330825
2023-05-17,linear,0.16686167257126527
2023-05-18,linear,0.1686429930121137
2023-05-19,linear,0.16987429171024798
2023-05-22,linear,0.16842832174495828
2023-05-23,linear,0.1481389666241165
2023-05-24,linear,0.14896664433069326
2023-05-25,linear,0.1580673713949796
2023-05-26,linear,0.18215034970450808
2023-05-29,linear,0.22270745439000597
2023-05-30,linear,0.20848261402913956
2023-05-31,linear,0.22605965230137975
2023-06-01,linear,0.23455988968157418
2023-06-02,linear,0.25386828839771725
2023-06-05,linear,0.2547942040155285
2023-06-06,linear,0.257762416434647
2023-06-07,linear,0.24416504604918846
2023-06-08,linear,0.24595743229980718
2023-06-09,linear,0.2718561631956712
2023-06-12,linear,0.2547742392633039
2023-06-13,linear,0.26752031323531816
2023-06-14,linear,0.2715803143860981
2023-06-15,linear,0.29170870635455026
2023-06-16,linear,0.3238983916724418
2023-06-19,linear,0.3144475063497836
2023-06-20,linear,0.30975333967073027
2023-06-21,linear,0.31355076880470784
2023-06-22,linear,0.322881456053967
2023-06-23,linear,0.3009645480934538
2023-06-26,linear,0.29837207608535976
2023-06-27,linear,0.3031181561785475
2023-06-28,linear,0.33271028277048287
2023-06-29,linear,0.3478455363017526
2023-06-30,linear,0.3766562593651875
2023-07-03,linear,0.3518596482432145
2023-07-04,linear,0.34519167208183
2023-07-05,linear,0.2864228582326386
2023-07-06,linear,0.2948865998559391
2023-07-07,linear,0.2954736854030933
2023-07-10,linear,0.31434895907948396
2023-07-11,linear,0.33455278211791295
2023-07-12,linear,0.3615875542896262
2023-07-13,linear,0.3494161712740485
2023-07-14,linear,0.342663694557176
2023-07-17,linear,0.3445604277286084
2023-07-18,linear,0.3546088470635475
2023-07-19,linear,0.36098189070905906
2023-07-20,linear,0.3438945562347793
2023-07-21,linear,0.34487626871501204
2023-07-24,linear,0.32724272807497257
2023-07-25,linear,0.3310241429380598
2023-07-26,linear,0.32950147157004894
2023-07-27,linear,0.3238045742137255
2023-07-28,linear,0.3098946692928649
2023-07-31,linear,0.2794503993429421
2023-08-01,linear,0.260527977031966
2023-08-02,linear,0.26645626920995386
2023-08-03,linear,0.27958600459959043
2023-08-04,linear,0.28101323989542726
2023-08-07,linear,0.28505712157343877
2023-08-08,linear,0.2833747276336358
2023-08-09,linear,0.29283837955918146
2023-08-10,linear,0.29077139228835136
2023-08-11,linear,0.28612849107157523
2023-08-14,linear,0.2849421978722456
2023-08-15,linear,0.2753644928214584
2023-08-16,linear,0.2780750645837899
2023-08-17,linear,0.277695626092646
2023-08-18,linear,0.28686538674556455
2023-08-21,linear,0.26201498628965075
2023-08-22,linear,0.2632968854804855
2023-08-23,linear,0.2541791825183467
2023-08-24,linear,0.24639380144594222
2023-08-25,linear,0.21464409198602402
2023-08-28,linear,0.21446354140727447
2023-08-29,linear,0.21698639548663035
2023-08-30,linear,0.23679338671610256
2023-08-31,linear,0.24469398175589965
2023-09-01,linear,0.22995046868848543
2023-09-04,linear,0.23084784387543494
2023-09-05,linear,0.21559324412495764
2023-09-06,linear,0.20975513477425684
2023-09-07,linear,0.22861908732941574
2023-09-08,linear,0.24422903055324374
2023-09-11,linear,0.28985874318389987
2023-09-12,linear,0.2933177994865419
2023-09-13,linear,0.32242632126922016
2023-09-14,linear,0.32725456367160105
2023-09-15,linear,0.3360934027610703
2023-09-18,linear,0.32721835852185827
2023-09-19,linear,0.33371390570355874
2023-09-20,linear,0.27534546067361454
2023-09-21,linear,0.27463395895732096
2023-09-22,linear,0.29105570256170915
2023-09-25,linear,0.3044547146776839
2023-09-26,linear,0.30236018657365993
2023-09-27,linear,0.3266107602117265
2023-09-28,linear,0.33703718564163454
2023-09-29,linear,0.29872327198689574
2023-10-02,linear,0.27318107997848157
2023-10-03,linear,0.26859586229103805
2023-10-04,linear,0.2586940942128029
2023-10-05,linear,0.28263307730667964
2023-10-06,linear,0.2871776565908214
2023-10-09,linear,0.29022518739650527
2023-10-10,linear,0.2913451679952481
2023-10-11,linear,0.28326860276660204
2023-10-12,linear,0.26043224806410803
2023-10-13,linear,0.2542039340560992
2023-10-16,linear,0.2593649201777638
2023-10-17,linear,0.24596940913923193
2023-10-18,linear,0.22459577198940422
2023-10-19,linear,0.20737121412496234
2023-10-20,linear,0.21055477575183684
2023-10-23,linear,0.19163491200968102
2023-10-24,linear,0.19190000880364882
2023-10-25,linear,0.17579463080677335
2023-10-26,linear,0.17191605609590124
2023-10-27,linear,0.14427656483549284
2023-10-30,linear,0.13163638369314923
2023-10-31,linear,0.13446064292041482
2023-11-01,linear,0.15463123261139083
2023-11-02,linear,0.17601549965750463
2023-11-03,linear,0.17604504759263032
2023-11-06,linear,0.1629280043340346
2023-11-07,linear,0.1546053425253427
2023-11-08,linear,0.15365874419539832
2023-11-09,linear,0.1486472876260809
2023-11-10,linear,0.1314008724831463
2023-11-13,linear,0.1521750575935536
2023-11-14,linear,0.1720691713215254
2023-11-15,linear,0.1579251703103677
2023-11-16,linear,0.17145067090314653
2023-11-17,linear,0.17981352520877522
2023-11-20,linear,0.17113488343437172
2023-11-21,linear,0.17024770146651774
2023-11-22,linear,0.18300919180175243
2023-11-23,linear,0.19145951941087752
2023-11-24,linear,0.1885203321165959
2023-11-27,linear,0.18705051459718292
2023-11-28,linear,0.19770314398357902
2023-11-29,linear,0.1890887430915508
2023-11-30,linear,0.20188123502850142
2023-12-01,linear,0.21968669329541712
2023-12-04,linear,0.21195358963695632
2023-12-05,linear,0.2186072847829836
2023-12-06,linear,0.19979716146511262
2023-12-07,linear,0.19755506703450912
2023-12-08,linear,0.20525664166047783
2023-12-11,linear,0.1982204878988507
2023-12-12,linear,0.20872307791203681
2023-12-13,linear,0.22705153441738432
2023-12-14,linear,0.2242438190305021
2023-12-15,linear,0.22153179464255082
2023-12-18,linear,0.22966466939427022
2023-12-19,linear,0.2284773283715313
2023-12-20,linear,0.2157375495123453
2023-12-21,linear,0.2076555915913762
2023-12-22,linear,0.2056770875501984
2023-12-25,linear,0.20159156176991713
2023-12-26,linear,0.20702721625873563
2023-12-27,linear,0.2048615896398159
2023-12-28,linear,0.19837705800655023
2023-12-29,linear,0.1810586460372592
2024-01-01,linear,0.1728409809005365
2024-01-02,linear,0.1540813027752017
2024-01-03,linear,0.1712805377402742
2024-01-04,linear,0.1909223499774651
2024-01-05,linear,0.2025927558348664
2024-01-08,linear,0.1770959302990141
2024-01-09,linear,0.17266209744159922
2024-01-10,linear,0.1529490400644462
2024-01-11,linear,0.14214298898908603
2024-01-12,linear,0.12441367849692053
2024-01-15,linear,0.10942369779638451
2024-01-16,linear,0.09696863130842731
2024-01-17,linear,0.09644271562730661
2024-01-18,linear,0.1019757411514279
2024-01-19,linear,0.09901694361461831
2024-01-22,linear,0.1048619618027289
2024-01-23,linear,0.11652096007105602
2024-01-24,linear,0.10744949665772499
2024-01-25,linear,0.105544975446919
2024-01-26,linear,0.10881409843245639
2024-01-29,linear,0.1219740188615216
2024-01-30,linear,0.11717300562824438
2024-01-31,linear,0.09426241469421939
2024-02-01,linear,0.10174392627597599
2024-02-02,linear,0.1007431049769451
2024-02-05,linear,0.1041523364495582
2024-02-06,linear,0.0985462317273743
2024-02-07,linear,0.1078175833470334
2024-02-08,linear,0.10393018322394439
2024-02-09,linear,0.0995020741341334
2024-02-12,linear,0.09500470153421059
2024-02-13,linear,0.10067917672514799
2024-02-14,linear,0.10651931946974119
2024-02-15,linear,0.12631804594188958
2024-02-16,linear,0.13061239042526157
2024-02-19,linear,0.11926340377589699
2024-02-20,linear,0.11552533118528469
2024-02-21,linear,0.1445288996254785
2024-02-22,linear,0.1598536485145514
2024-02-23,linear,0.18046456309650347
2024-02-26,linear,0.21146357999793888
2024-02-27,linear,0.2132656487654209
2024-02-28,linear,0.1971007486788954
2024-02-29,linear,0.25302698698633097
2024-03-01,linear,0.24403127632754268
2024-03-04,linear,0.27393485205340945
2024-03-05,linear,0.2768459960609453
2024-03-06,linear,0.24345352447825747
2024-03-07,linear,0.2633967463666433
2024-03-08,linear,0.2751472767015447
2024-03-11,linear,0.31042536796065306
2024-03-12,linear,0.3143940854686826
2024-03-13,linear,0.29074087004539295
2024-03-14,linear,0.273739755035312
2024-03-15,linear,0.2678194333433734
2024-03-18,linear,0.2623913683634464
2024-03-19,linear,0.2709293458751675
2024-03-20,linear,0.29929438965877697
2024-03-21,linear,0.29467531517515866
2024-03-22,linear,0.2868088171747842
2024-03-25,linear,0.291688869423013
2024-03-26,linear,0.30359103480195754
2024-03-27,linear,0.3059486687311575
2024-03-28,linear,0.3003498508114706
2024-03-29,linear,0.2946463990683535
2024-04-01,linear,0.26091482272534
2024-04-02,linear,0.270762916259061
2024-04-03,linear,0.2674606248822878
2024-04-04,linear,0.2576435473691164
2024-04-05,linear,0.2647568015127821
2024-04-08,linear,0.26676787104516864
2024-04-09,linear,0.26597098760765175
2024-04-10,linear,0.2713930098582562
2024-04-11,linear,0.2772912856988541
2024-04-12,linear,0.2583040116548639
2024-04-15,linear,0.23348645136494836
2024-04-16,linear,0.2401177664039131
2024-04-17,linear,0.278010441475727
2024-04-18,linear,0.29031825439057357
2024-04-19,linear,0.30405305740889366
2024-04-22,linear,0.2833432870815731
2024-04-23,linear,0.2851155417896003
2024-04-24,linear,0.2773020063925
2024-04-25,linear,0.2907217527129874
2024-04-26,linear,0.29009374674710486
2024-04-29,linear,0.2921767865895655
2024-04-30,linear,0.2909813402618815
2024-05-01,linear,0.3010481726726054
2024-05-02,linear,0.285134845043993
2024-05-03,linear,0.2767933069607622
2024-05-06,linear,0.2950802736725628
2024-05-07,linear,0.296630954489947
2024-05-08,linear,0.295966403110478
2024-05-09,linear,0.325232573149676
2024-05-10,linear,0.3248865520448676
2024-05-13,linear,0.3366214925833318
2024-05-14,linear,0.3472771435087739
2024-05-15,linear,0.35846597229903515
2024-05-16,linear,0.3763691040858112
2024-05-17,linear,0.36018936602387003
2024-05-20,linear,0.3382837051336777
2024-05-21,linear,0.33127677061259003
2024-05-22,linear,0.30904774907047866
2024-05-23,linear,0.3094296786479437
2024-05-24,linear,0.3060033495070228
2024-05-27,linear,0.3021234425326089
2024-05-28,linear,0.2906681529594316
2024-05-29,linear,0.2932160613649353
2024-05-30,linear,0.29616888994362167
2024-05-31,linear,0.29027512345563616
2024-06-03,linear,0.27079395371901116
2024-06-04,linear,0.26779763834219344
2024-06-05,linear,0.2859289858006915
2024-06-06,linear,0.2947011674488085
2024-06-07,linear,0.31094864018406637
2024-06-10,linear,0.3019857972348867
2024-06-11,linear,0.3096240770575347
2024-06-12,linear,0.2899215072499588
2024-06-13,linear,0.26733996036712115
2024-06-14,linear,0.25070900778928595
2024-06-17,linear,0.2561369524953668
2024-06-18,linear,0.25674099260624267
2024-06-19,linear,0.26152359060771957
2024-06-20,linear,0.25566516093433483
2024-06-21,linear,0.28134877331893504
2024-06-24,linear,0.2672348429027102
2024-06-25,linear,0.2641114691106994
2024-06-26,linear,0.25050659685656684
2024-06-27,linear,0.23766397229571096
2024-06-28,linear,0.22293062723082097
2024-07-01,linear,0.23063389284550528
2024-07-02,linear,0.2469809297273547
2024-07-03,linear,0.23408233138447898
2024-07-04,linear,0.21533845675424618
2024-07-05,linear,0.21110216199923879
2024-07-08,linear,0.21583658393858068
2024-07-09,linear,0.2239038506293709
2024-07-10,linear,0.23116184713511068
2024-07-11,linear,0.22913798652688216
2024-07-12,linear,0.2294695596758
2024-07-15,linear,0.23094958054165257
2024-07-16,linear,0.23743842280881028
2024-07-17,linear,0.2522640870776731
2024-07-18,linear,0.2662670355004383
2024-07-19,linear,0.26358524494183877
2024-07-22,linear,0.2631225520692554
2024-07-23,linear,0.25236980079166826
2024-07-24,linear,0.26887501100168776
2024-07-25,linear,0.2752756994254662
2024-07-26,linear,0.2695210483248631
2024-07-29,linear,0.28004148125693934
2024-07-30,linear,0.2858043782245082
2024-07-31,linear,0.2648857119359696
2024-08-01,linear,0.2219492789826755
2024-08-02,linear,0.2204319684055472
2024-08-05,linear,0.2301542797944338
2024-08-06,linear,0.257888437815933
2024-08-07,linear,0.2690021351118152
2024-08-08,linear,0.27833669259824245
2024-08-09,linear,0.2748726851611543
2024-08-12,linear,0.2960406382965838
2024-08-13,linear,0.3080831403257443
2024-08-14,linear,0.3137958009639003
2024-08-15,linear,0.3247867079527497
2024-08-16,linear,0.32722838162778217
2024-08-19,linear,0.3215531745723769
2024-08-20,linear,0.3215157092651865
2024-08-21,linear,0.3356018861059702
2024-08-22,linear,0.36129994935014365
2024-08-23,linear,0.37072982306179475
2024-08-26,linear,0.3712286959914106
2024-08-27,linear,0.3715748341066204
2024-08-28,linear,0.3567607196116464
2024-08-29,linear,0.3562969843923277
2024-08-30,linear,0.339531642992371
2024-09-02,linear,0.34137968278394665
2024-09-03,linear,0.33465470474939846
2024-09-04,linear,0.3309819493666251
2024-09-05,linear,0.30249247788016576
2024-09-06,linear,0.3126072492758366
2024-09-09,linear,0.3048762726297531
2024-09-10,linear,0.3168608105131079
2024-09-11,linear,0.3250735072343665
2024-09-12,linear,0.3363606054438269
2024-09-13,linear,0.3307755104128487
2024-09-16,linear,0.33214448112222544
2024-09-17,linear,0.33244186077968135
2024-09-18,linear,0.371095971020541
2024-09-19,linear,0.3773978585091635
2024-09-20,linear,0.367544348511127
2024-09-23,linear,0.3572486087396663
2024-09-24,linear,0.3455660187029051
2024-09-25,linear,0.3405762794043332
2024-09-26,linear,0.3416681255551533
2024-09-27,linear,0.3461882381500294
2024-09-30,linear,0.341278384940753
2024-10-01,linear,0.33417659937920297
2024-10-02,linear,0.3176481603889172
2024-10-03,linear,0.35085653375539444
2024-10-04,linear,0.36547454888797265
2024-10-07,linear,0.3756691679352239
2024-10-08,linear,0.3796476593703189
2024-10-09,linear,0.3845748635336821
2024-10-10,linear,0.4031871306774867
2024-10-11,linear,0.40771715712862105
2024-10-14,linear,0.42568965830219424
2024-10-15,linear,0.4380593274598589
2024-10-16,linear,0.43084440292646775
2024-10-17,linear,0.4312188869686965
2024-10-18,linear,0.4067549872705484
2024-10-21,linear,0.3901776493256193
2024-10-22,linear,0.38366877345368255
2024-10-23,linear,0.3889296182546801
2024-10-24,linear,0.39637209888960084
2024-10-25,linear,0.39693696312460064
2024-10-28,linear,0.39959175583940765
2024-10-29,linear,0.40170290006969717
2024-10-30,linear,0.37297452321459096
2024-10-31,linear,0.36118552970720325
2024-11-01,linear,0.3648631542982749
2024-11-04,linear,0.35688391340025677
2024-11-05,linear,0.38260850068276336
2024-11-06,linear,0.3697719481874632
2024-11-07,linear,0.37211196521272516
2024-11-08,linear,0.37165753080317687
2024-11-11,linear,0.35253369115859434
2024-11-12,linear,0.3474110265027114
2024-11-13,linear,0.34722944797533595
2024-11-14,linear,0.3434840592777552
2024-11-15,linear,0.33734529711429057
2024-11-18,linear,0.32599808483847675
2024-11-19,linear,0.3252984284595828
2024-11-20,linear,0.3359628870075466
2024-11-21,linear,0.31561874793054495
2024-11-22,linear,0.31779930722285193
2024-11-25,linear,0.28740274515580955
2024-11-26,linear,0.28507747646177534
2024-11-27,linear,0.3020549833160752
2024-11-28,linear,0.29511714095526276
2024-11-29,linear,0.27296807685721963
2024-12-02,linear,0.2730150639690183
2024-12-03,linear,0.27005941212455614
2024-12-04,linear,0.2734004799494638
2024-12-05,linear,0.27504403634686997
2024-12-06,linear,0.27359528763139607
2024-12-09,linear,0.2583404960644746
2024-12-10,linear,0.26325372993518037
2024-12-11,linear,0.25602864962203425
2024-12-12,linear,0.24539014719945926
2024-12-13,linear,0.24382915307706984
2024-12-16,linear,0.23151192410401045
2024-12-17,linear,0.22404077103641964
2024-12-18,linear,0.20770293770561662
2024-12-19,linear,0.21957782125610464
2024-12-20,linear,0.20896302433007746
2024-12-23,linear,0.20494368095993784
2024-12-24,linear,0.20414270944997465
2024-12-25,linear,0.21538317828089293
2024-12-26,linear,0.22914616016453626
2024-12-27,linear,0.24457160284157775
2024-12-30,linear,0.25029264164612125
2024-12-31,linear,0.25029264164612125
2025-01-02,linear,0.25860619213402175
2025-01-03,linear,0.27106125862197894
2025-01-06,linear,0.2706016675304332
2025-01-07,linear,0.25898481412478913
2025-01-08,linear,0.25677772922054654
2025-01-09,linear,0.23462163344951797
2025-01-10,linear,0.22296263518119086
2025-01-13,linear,0.23628263866582505
2025-01-14,linear,0.26688387933372226
2025-01-15,linear,0.27141484406747235
2025-01-16,linear,0.2675883644482683
2025-01-17,linear,0.2723893776815455
2025-01-20,linear,0.30029138445285475
2025-01-21,linear,0.2825395367513955
2025-01-22,linear,0.29489097662657326
2025-01-23,linear,0.29783987656292127
2025-01-24,linear,0.3034459812851052
2025-01-27,linear,0.3110225201299658
2025-01-28,linear,0.32451578720335217
2025-01-29,linear,0.3301626743924942
2025-01-30,linear,0.33828450502105467
2025-01-31,linear,0.3326100298301173
2025-02-03,linear,0.3398816217061804
2025-02-04,linear,0.3354091867927401
2025-02-05,linear,0.3635828824048935
2025-02-06,linear,0.36102922646092983
2025-02-07,linear,0.36476729905154215
2025-02-10,linear,0.3677316753366861
2025-02-11,linear,0.3630111363340667
2025-02-12,linear,0.3630871124596821
2025-02-13,linear,0.3649840774202696
2025-02-14,linear,0.3631820086527876
2025-02-17,linear,0.37283913028039034
2025-02-18,linear,0.35423712260769374
2025-02-19,linear,0.34706855576885426
2025-02-20,linear,0.3386802060588819
2025-02-21,linear,0.3357690620513461
2025-02-24,linear,0.33148651746495644
2025-02-25,linear,0.33697692288518116
2025-02-26,linear,0.3383458444468088
2025-02-27,linear,0.337282423550937
2025-02-28,linear,0.33331370604290755
2025-03-03,linear,0.30707164187405284
2025-03-04,linear,0.3402276928842924
2025-03-05,linear,0.3338667730239918
2025-03-06,linear,0.32431507021903094
2025-03-07,linear,0.3157770927073098
2025-03-10,linear,0.2791411896313936
2025-03-11,linear,0.3045253814066165
2025-03-12,linear,0.29899369448882385
2025-03-13,linear,0.31913096734999297
2025-03-14,linear,0.30722880197104835
2025-03-17,linear,0.326605066966526
2025-03-18,linear,0.3323490011972497
2025-03-19,linear,0.317635332028973
2025-03-20,linear,0.3210654775710614
2025-03-21,linear,0.31121738403734045
2025-03-24,linear,0.31849586797413815
2025-03-25,linear,0.31419158554524335
2025-03-26,linear,0.29820904903884776
2025-03-27,linear,0.2831274369735137
2025-03-28,linear,0.2839243204110306
2025-03-31,linear,0.30682499943372765
2025-04-01,linear,0.3168379242970484
2025-04-02,linear,0.25757645046752753
2025-04-03,linear,0.21561366284693495
2025-04-04,linear,0.20898234780797023
2025-04-07,linear,0.2223996204581742
2025-04-08,linear,0.2501373560299248
2025-04-09,linear,0.29315548891146753
2025-04-10,linear,0.29596363988569085
2025-04-11,linear,0.29419138517766363
2025-04-14,linear,0.3179833180987355
2025-04-15,linear,0.3033440313908997
2025-04-16,linear,0.3137922949357686
2025-04-17,linear,0.31597686151263826
2025-04-18,linear,0.3171723078403223
2025-04-21,linear,0.3346466504299348
2025-04-22,linear,0.3532483014555468
2025-04-23,linear,0.3592729790236041
2025-04-24,linear,0.3624528815819671
2025-04-25,linear,0.36090220076458285
2025-04-28,linear,0.3774937331499001
2025-04-29,linear,0.3657913181955032
2025-04-30,linear,0.3620596668812663
2025-05-01,linear,0.36114266715381826
2025-05-02,linear,0.3504870162283762
2025-05-05,linear,0.3391093253144589
2025-05-06,linear,0.33679123670342603
2025-05-07,linear,0.3499220002010962
2025-05-08,linear,0.3496238128834787
2025-05-09,linear,0.3566307474045664
2025-05-12,linear,0.3623786245048244
2025-05-13,linear,0.376758133291356
2025-05-14,linear,0.37941359801029156
2025-05-15,linear,0.3835642373047662
2025-05-16,linear,0.39501952687794345
2025-05-19,linear,0.39288312454157037
2025-05-20,linear,0.3635737479176131
2025-05-21,linear,0.3659443020716919
2025-05-22,linear,0.3641191985490514
2025-05-23,linear,0.3671155139258691
2025-05-26,linear,0.37716642150264934
2025-05-27,linear,0.3595361544884444
2025-05-28,linear,0.3580313299952256
2025-05-29,linear,0.39051908641673183
2025-05-30,linear,0.3828808065940838
2025-06-02,linear,0.4078824887313014
2025-06-03,linear,0.41873300013796066
2025-06-04,linear,0.4287325897773302
2025-06-05,linear,0.43217986913049256
2025-06-06,linear,0.43157582901961666
2025-06-09,linear,0.41029086278589766
2025-06-10,linear,0.42327696472869397
2025-06-11,linear,0.4290234260320104
2025-06-12,linear,0.41956294015125156
2025-06-13,linear,0.4226863139432624
2025-06-16,linear,0.4128320500259897
2025-06-17,linear,0.4094149112379323
2025-06-18,linear,0.39507445263862007
2025-06-19,linear,0.3997749392258943
2025-06-20,linear,0.3834279023440449
2025-06-23,linear,0.4104316683760204
2025-06-24,linear,0.4223556732731009
2025-06-25,linear,0.4283398763538946
2025-06-26,linear,0.44756603576641396
2025-06-27,linear,0.4394987690756238
2025-06-30,linear,0.4324576136459125
2025-07-01,linear,0.4351901820259504
2025-07-02,linear,0.448147248230089
2025-07-03,linear,0.4325793688079158
2025-07-04,linear,0.42609052654075813
2025-07-07,linear,0.4175152734960717
2025-07-08,linear,0.4303187413576467
2025-07-09,linear,0.4350577710024816
2025-07-10,linear,0.4153961752493489
2025-07-11,linear,0.42614892652693603
2025-07-14,linear,0.4183015240403215
2025-07-15,linear,0.41102691938253677
2025-07-16,linear,0.4263028070324
2025-07-17,linear,0.4166788234792024
2025-07-18,linear,0.4109159265116335
2025-07-21,linear,0.4531655599981528
2025-07-22,linear,0.5219661680126165
2025-07-23,linear,0.5345169988842111
2025-07-24,linear,0.5342005339306279
2025-07-25,linear,0.5064663759091288
2025-07-28,linear,0.5001112855051465
2025-07-29,linear,0.4951801481762436
2025-07-30,linear,0.4888700783422267
2025-07-31,linear,0.4464515321024547
2025-08-01,linear,0.43440903007329423
2025-08-04,linear,0.4145486448054318
2025-08-05,linear,0.4074781557821664
2025-08-06,linear,0.40945337803445664
2025-08-07,linear,0.4297244012747452
2025-08-08,linear,0.42976186658193555
2025-08-11,linear,0.43847032958493054
2025-08-12,linear,0.4376019341002143
2025-08-13,linear,0.4475162865686544
2025-08-14,linear,0.4277421133315647
2025-08-15,linear,0.4273959752163549
2025-08-18,linear,0.4237304697310297
2025-08-19,linear,0.4216738064355723
2025-08-20,linear,0.4275197103310756
2025-08-21,linear,0.45451399853777186
2025-08-22,linear,0.46123897657232005
2025-08-25,linear,0.44465766621939057
2025-08-26,linear,0.45632642553328445
2025-08-27,linear,0.4576587641099454
2025-08-28,linear,0.4681730542772124
2025-08-29,linear,0.45618851639385755
2025-09-01,linear,0.4462367062099527
2025-09-02,linear,0.4318656005656849
2025-09-03,linear,0.4506577021972139
2025-09-04,linear,0.4298359524662287
2025-09-05,linear,0.4295385728087728
2025-09-08,linear,0.4238585174581598
2025-09-09,linear,0.4281558829118217
2025-09-10,linear,0.4374806652658646
2025-09-11,linear,0.4388417202659895
2025-09-12,linear,0.4505243103027507
2025-09-15,linear,0.4251417761306453
2025-09-16,linear,0.4282116876528744
2025-09-17,linear,0.4344901908883799
2025-09-18,linear,0.4582173336277718
2025-09-19,linear,0.4653191191893219
2025-09-22,linear,0.47916023894865317
2025-09-23,linear,0.459831115940511
2025-09-24,linear,0.4519276447255934
2025-09-25,linear,0.4664733447198678
2025-09-26,linear,0.46249485328477274
2025-09-29,linear,0.4645134152940211
2025-09-30,linear,0.43857215686986034
2025-10-01,linear,0.43243229412157547
2025-10-02,linear,0.4373272217079328
2025-10-03,linear,0.424957552550268
2025-10-06,linear,0.4132460974596507
2025-10-07,linear,0.4147723445372011
2025-10-08,linear,0.41104864716834055
2025-10-09,linear,0.39343073192155986
2025-10-10,linear,0.3999396077934967
2025-10-13,linear,0.39928637111077026
2025-10-14,linear,0.40471880452903947
2025-10-15,linear,0.40337312473890385
2025-10-16,linear,0.3935297611281431
2025-10-17,linear,0.39141861689785357
2025-10-20,linear,0.391330440078443
2025-10-21,linear,0.3761112329029892
2025-10-22,linear,0.38017689182560627
2025-10-23,linear,0.38153432178386254
2025-10-24,linear,0.35580973450135595
2025-10-27,linear,0.38190602970372817
2025-10-28,linear,0.3820758895800976
2025-10-29,linear,0.38727156814562513
2025-10-30,linear,0.40446710134028896
2025-10-31,linear,0.409589765996172
2025-11-03,linear,0.40693497809662094
2025-11-04,linear,0.3996549195510928
2025-11-05,linear,0.40628566612690475
2025-11-06,linear,0.4100725085300367
2025-11-07,linear,0.41077216490893065
2025-11-10,linear,0.41494886879265097
2025-11-11,linear,0.4454592120379613
2025-11-12,linear,0.4365776587831724
2025-11-13,linear,0.43677143280159847
2025-11-14,linear,0.4390967014956327
2025-11-17,linear,0.41024902415987397
2025-11-18,linear,0.41146549101225655
2025-11-19,linear,0.41069032671978906
2025-11-20,linear,0.4130581034114639
2025-11-21,linear,0.4160137552559261
2025-11-24,linear,0.42381362755308616
2025-11-25,linear,0.4449051569394998
2025-11-26,linear,0.4498327526683093
2025-11-27,linear,0.45959506102114084
2025-11-28,linear,0.45468182715043515
2025-12-01,linear,0.468975896724594
2025-12-02,linear,0.47928348241566127
2025-12-03,linear,0.49642995217836977
2025-12-04,linear,0.5082738109093288
2025-12-05,linear,0.5157449639769196
2025-12-08,linear,0.5226067335115809
2025-12-09,linear,0.5380692213408718
2025-12-10,linear,0.554760518736866
2025-12-11,linear,0.5504696113727389
2025-12-12,linear,0.551270582882702
2025-12-15,linear,0.5469912075157218
2025-12-16,linear,0.5412556579583856
2025-12-17,linear,0.5424418308281603
2025-12-18,linear,0.5570160727736542
2025-12-19,linear,0.5570160727736542
2025-12-22,linear,0.5685184783207079
2025-12-23,linear,0.5737699969333568
2025-12-24,linear,0.5716654094110397
2025-12-25,linear,0.5687558856575017
2025-12-26,linear,0.5709629705617443
2025-12-29,linear,0.593485125347441
2025-12-30,linear,0.5877329855695975
2005-01-03,polynomial,
2005-01-04,polynomial,
2005-01-05,polynomial,
2005-01-06,polynomial,
2005-01-07,polynomial,
2005-01-10,polynomial,
2005-01-11,polynomial,
2005-01-12,polynomial,
2005-01-13,polynomial,
2005-01-14,polynomial,
2005-01-17,polynomial,
2005-01-18,polynomial,
2005-01-19,polynomial,
2005-01-20,polynomial,
2005-01-21,polynomial,
2005-01-24,polynomial,
2005-01-25,polynomial,
2005-01-26,polynomial,
2005-01-27,polynomial,
2005-01-28,polynomial,
2005-01-31,polynomial,
2005-02-01,polynomial,
2005-02-02,polynomial,
2005-02-03,polynomial,
2005-02-04,polynomial,
2005-02-07,polynomial,
2005-02-08,polynomial,
2005-02-09,polynomial,
2005-02-10,polynomial,
2005-02-11,polynomial,
2005-02-14,polynomial,
2005-02-15,polynomial,
2005-02-16,polynomial,
2005-02-17,polynomial,
2005-02-18,polynomial,
2005-02-21,polynomial,
2005-02-22,polynomial,
2005-02-23,polynomial,
2005-02-24,polynomial,
2005-02-25,polynomial,
2005-02-28,polynomial,
2005-03-01,polynomial,
2005-03-02,polynomial,
2005-03-03,polynomial,
2005-03-04,polynomial,
2005-03-07,polynomial,
2005-03-08,polynomial,
2005-03-09,polynomial,
2005-03-10,polynomial,
2005-03-11,polynomial,
2005-03-14,polynomial,
2005-03-15,polynomial,
2005-03-16,polynomial,
2005-03-17,polynomial,
2005-03-18,polynomial,
2005-03-21,polynomial,
2005-03-22,polynomial,
2005-03-23,polynomial,
2005-03-24,polynomial,
2005-03-25,polynomial,
2005-03-28,polynomial,
2005-03-29,polynomial,
2005-03-30,polynomial,
2005-03-31,polynomial,
2005-04-01,polynomial,
2005-04-04,polynomial,
2005-04-05,polynomial,
2005-04-06,polynomial,
2005-04-07,polynomial,
2005-04-08,polynomial,
2005-04-11,polynomial,
2005-04-12,polynomial,
2005-04-13,polynomial,
2005-04-14,polynomial,
2005-04-15,polynomial,
2005-04-18,polynomial,
2005-04-19,polynomial,
2005-04-20,polynomial,
2005-04-21,polynomial,
2005-04-22,polynomial,
2005-04-25,polynomial,
2005-04-26,polynomial,
2005-04-27,polynomial,
2005-04-28,polynomial,
2005-04-29,polynomial,
2005-05-02,polynomial,
2005-05-03,polynomial,
2005-05-04,polynomial,
2005-05-05,polynomial,
2005-05-06,polynomial,
2005-05-09,polynomial,
2005-05-10,polynomial,
2005-05-11,polynomial,
2005-05-12,polynomial,
2005-05-13,polynomial,
2005-05-16,polynomial,
2005-05-17,polynomial,
2005-05-18,polynomial,
2005-05-19,polynomial,
2005-05-20,polynomial,
2005-05-23,polynomial,
2005-05-24,polynomial,
2005-05-25,polynomial,
2005-05-26,polynomial,
2005-05-27,polynomial,
2005-05-30,polynomial,
2005-05-31,polynomial,
2005-06-01,polynomial,
2005-06-02,polynomial,
2005-06-03,polynomial,
2005-06-06,polynomial,
2005-06-07,polynomial,
2005-06-08,polynomial,
2005-06-09,polynomial,
2005-06-10,polynomial,
2005-06-13,polynomial,
2005-06-14,polynomial,
2005-06-15,polynomial,
2005-06-16,polynomial,
2005-06-17,polynomial,
2005-06-20,polynomial,
2005-06-21,polynomial,
2005-06-22,polynomial,
2005-06-23,polynomial,
2005-06-24,polynomial,
2005-06-27,polynomial,0.003549430906814404
2005-06-28,polynomial,0.012089830924456018
2005-06-29,polynomial,-0.002495432027032871
2005-06-30,polynomial,-0.006649394512249279
2005-07-01,polynomial,-0.006598245323693516
2005-07-04,polynomial,-0.0017465291418127015
2005-07-05,polynomial,-0.0026551776078971145
2005-07-06,polynomial,-0.017590298948346694
2005-07-07,polynomial,0.0022262151674479996
2005-07-08,polynomial,0.002209724684726162
2005-07-11,polynomial,0.017885962088617105
2005-07-12,polynomial,0.020049977136280945
2005-07-13,polynomial,0.036029352657171027
2005-07-14,polynomial,0.030878227603332496
2005-07-15,polynomial,0.030657668834737264
2005-07-18,polynomial,0.03855144089992012
2005-07-19,polynomial,0.04741651298056858
2005-07-20,polynomial,0.0621762734874465
2005-07-21,polynomial,0.052675900263418424
2005-07-22,polynomial,0.05231261819263623
2005-07-25,polynomial,0.047959622240379855
2005-07-26,polynomial,0.04979483224415246
2005-07-27,polynomial,0.06052998921261799
2005-07-28,polynomial,0.04834067213688546
2005-07-29,polynomial,0.04801840098930622
2005-08-01,polynomial,0.06185143863826083
2005-08-02,polynomial,0.08001862898734613
2005-08-03,polynomial,0.06756717013296996
2005-08-04,polynomial,0.06220028651732657
2005-08-05,polynomial,0.06179899434624704
2005-08-08,polynomial,0.07397069183183932
2005-08-09,polynomial,0.08064288577243353
2005-08-10,polynomial,0.08590622747255514
2005-08-11,polynomial,0.07978114805241222
2005-08-12,polynomial,0.07928251587708464
2005-08-15,polynomial,0.06808484420017749
2005-08-16,polynomial,0.05523144087190847
2005-08-17,polynomial,0.047691152545991836
2005-08-18,polynomial,0.05667905014273024
2005-08-19,polynomial,0.056335540747925815
2005-08-22,polynomial,0.04639224851364175
2005-08-23,polynomial,0.04358341688899413
2005-08-24,polynomial,0.0407207793453135
2005-08-25,polynomial,0.029967761758320388
2005-08-26,polynomial,0.029791480806800854
2005-08-29,polynomial,0.02951564796507816
2005-08-30,polynomial,0.04781461909833097
2005-08-31,polynomial,0.06366196261463615
2005-09-01,polynomial,0.0631133040861499
2005-09-02,polynomial,0.06275265663422903
2005-09-05,polynomial,0.07744056898881592
2005-09-06,polynomial,0.08035983056301034
2005-09-07,polynomial,0.0770164001605739
2005-09-08,polynomial,0.08081907795935442
2005-09-09,polynomial,0.08037008308180245
2005-09-12,polynomial,0.07293773026147025
2005-09-13,polynomial,0.07138183693952418
2005-09-14,polynomial,0.06321178178913796
2005-09-15,polynomial,0.0741184846165491
2005-09-16,polynomial,0.07371784415916235
2005-09-19,polynomial,0.08316035937261043
2005-09-20,polynomial,0.06597025319712073
2005-09-21,polynomial,0.0674081609992215
2005-09-22,polynomial,0.06460215823714088
2005-09-23,polynomial,0.06426214687799804
2005-09-26,polynomial,0.057464646976109264
2005-09-27,polynomial,0.08488386027242949
2005-09-28,polynomial,0.084525762272233
2005-09-29,polynomial,0.08162304031013562
2005-09-30,polynomial,0.08120446061623748
2005-10-03,polynomial,0.07613180402040291
2005-10-04,polynomial,0.06759504080736013
2005-10-05,polynomial,0.06889876747714528
2005-10-06,polynomial,0.06885925774536657
2005-10-07,polynomial,0.06851496145663974
2005-10-10,polynomial,0.06732686457086666
2005-10-11,polynomial,0.06111164429736194
2005-10-12,polynomial,0.05614432161583899
2005-10-13,polynomial,0.0668055744233936
2005-10-14,polynomial,0.06647969357254778
2005-10-17,polynomial,0.05750767394759321
2005-10-18,polynomial,0.06155485173170817
2005-10-19,polynomial,0.07189052614765083
2005-10-20,polynomial,0.07041093206930103
2005-10-21,polynomial,0.07007564191659008
2005-10-24,polynomial,0.07656990449017285
2005-10-25,polynomial,0.07960549098517905
2005-10-26,polynomial,0.07310773703608917
2005-10-27,polynomial,0.0761197362140743
2005-10-28,polynomial,0.07576569092935767
2005-10-31,polynomial,0.07526980666400984
2005-11-01,polynomial,0.09034294841035777
2005-11-02,polynomial,0.09340248452414847
2005-11-03,polynomial,0.09058627046302849
2005-11-04,polynomial,0.09017451468819654
2005-11-07,polynomial,0.08790209193399397
2005-11-08,polynomial,0.08650100935736976
2005-11-09,polynomial,0.09298839149516193
2005-11-10,polynomial,0.11088293489010367
2005-11-11,polynomial,0.11039012184614766
2005-11-14,polynomial,0.10555896121403953
2005-11-15,polynomial,0.09578813322136079
2005-11-16,polynomial,0.10779848685954961
2005-11-17,polynomial,0.11784420387771052
2005-11-18,polynomial,0.11733183777389439
2005-11-21,polynomial,0.12268500685835036
2005-11-22,polynomial,0.12958856615624487
2005-11-23,polynomial,0.1234560027267495
2005-11-24,polynomial,0.12337229348855003
2005-11-25,polynomial,0.12284730500562002
2005-11-28,polynomial,0.1155306417103462
2005-11-29,polynomial,0.10520357460322609
2005-11-30,polynomial,0.11613266969420506
2005-12-01,polynomial,0.11809422426526703
2005-12-02,polynomial,0.11760216499749508
2005-12-05,polynomial,0.12141576414444946
2005-12-06,polynomial,0.11052289531986946
2005-12-07,polynomial,0.12701084599566384
2005-12-08,polynomial,0.1264287525222381
2005-12-09,polynomial,0.12591271679765753
2005-12-12,polynomial,0.12433629120993919
2005-12-13,polynomial,0.12671238619819972
2005-12-14,polynomial,0.12313111836982851
2005-12-15,polynomial,0.13623291800811033
2005-12-16,polynomial,0.13568798633607787
2005-12-19,polynomial,0.13170071894041513
2005-12-20,polynomial,0.13483280379952595
2005-12-21,polynomial,0.14560449375290074
2005-12-22,polynomial,0.15261561444441835
2005-12-23,polynomial,0.13799279519471855
2005-12-26,polynomial,0.13985773707644733
2005-12-27,polynomial,0.13493126513625053
2005-12-28,polynomial,0.14033813591981484
2005-12-29,polynomial,0.13663640122601584
2005-12-30,polynomial,0.13976864686490034
2006-01-02,polynomial,0.15864473723528735
2006-01-03,polynomial,0.16345616271148383
2006-01-04,polynomial,0.15525970113512566
2006-01-05,polynomial,0.16526680034296123
2006-01-06,polynomial,0.17351984578226293
2006-01-09,polynomial,0.16639699872466815
2006-01-10,polynomial,0.18141961688144684
2006-01-11,polynomial,0.17656561933702775
2006-01-12,polynomial,0.17339621195425986
2006-01-13,polynomial,0.17208951506912953
2006-01-16,polynomial,0.16050475775089626
2006-01-17,polynomial,0.14969984722529975
2006-01-18,polynomial,0.15167469256762994
2006-01-19,polynomial,0.14129528381327186
2006-01-20,polynomial,0.14508681329380524
2006-01-23,polynomial,0.14577492249913973
2006-01-24,polynomial,0.15512138317104943
2006-01-25,polynomial,0.16522357204080473
2006-01-26,polynomial,0.17485391610690035
2006-01-27,polynomial,0.16762007889149264
2006-01-30,polynomial,0.16692683290317356
2006-01-31,polynomial,0.17442081363537665
2006-02-01,polynomial,0.16100481623101975
2006-02-02,polynomial,0.16494542790129954
2006-02-03,polynomial,0.16337515331220603
2006-02-06,polynomial,0.16666563613393315
2006-02-07,polynomial,0.16422082979628194
2006-02-08,polynomial,0.18682476961282343
2006-02-09,polynomial,0.18406874793365774
2006-02-10,polynomial,0.18828473503945126
2006-02-13,polynomial,0.18573210545170363
2006-02-14,polynomial,0.18995334783062995
2006-02-15,polynomial,0.19432293524584104
2006-02-16,polynomial,0.19535914685056877
2006-02-17,polynomial,0.19859234422741376
2006-02-20,polynomial,0.18757842893160845
2006-02-21,polynomial,0.19846921871123635
2006-02-22,polynomial,0.19798624816017976
2006-02-23,polynomial,0.20468266674557975
2006-02-24,polynomial,0.20575041072060166
2006-02-27,polynomial,0.19756714639776277
2006-02-28,polynomial,0.19946912612094206
2006-03-01,polynomial,0.19427147265166286
2006-03-02,polynomial,0.19565474114869605
2006-03-03,polynomial,0.20002424825771856
2006-03-06,polynomial,0.19464024686114303
2006-03-07,polynomial,0.18685429541734275
2006-03-08,polynomial,0.19933286880422035
2006-03-09,polynomial,0.22132370203670626
2006-03-10,polynomial,0.21954210261178114
2006-03-13,polynomial,0.21515065200840505
2006-03-14,polynomial,0.21753552205175616
2006-03-15,polynomial,0.22440766582933266
2006-03-16,polynomial,0.23169108466306024
2006-03-17,polynomial,0.22565728086579215
2006-03-20,polynomial,0.22470248383566954
2006-03-21,polynomial,0.22453734138895423
2006-03-22,polynomial,0.20999577235247774
2006-03-23,polynomial,0.20638402916743998
2006-03-24,polynomial,0.20682643707841886
2006-03-27,polynomial,0.19342633900121745
2006-03-28,polynomial,0.19886457156570905
2006-03-29,polynomial,0.21951489254455214
2006-03-30,polynomial,0.20784563630352945
2006-03-31,polynomial,0.22003040747529995
2006-04-03,polynomial,0.24171100452224253
2006-04-04,polynomial,0.24792740629099394
2006-04-05,polynomial,0.23798846036723165
2006-04-06,polynomial,0.23298057762681906
2006-04-07,polynomial,0.23151440593016237
2006-04-10,polynomial,0.21489179610887235
2006-04-11,polynomial,0.21287756509310735
2006-04-12,polynomial,0.21718668648111167
2006-04-13,polynomial,0.22365990012166226
2006-04-14,polynomial,0.22558091854513007
2006-04-17,polynomial,0.23198634857283607
2006-04-18,polynomial,0.24154050808435965
2006-04-19,polynomial,0.23539457506931596
2006-04-20,polynomial,0.22678364747923574
2006-04-21,polynomial,0.22269910934494175
2006-04-24,polynomial,0.23133378107978364
2006-04-25,polynomial,0.23817766648003924
2006-04-26,polynomial,0.25731516461445636
2006-04-27,polynomial,0.26713491489025537
2006-04-28,polynomial,0.27190767169469665
2006-05-01,polynomial,0.2905054451065687
2006-05-02,polynomial,0.2833733797895939
2006-05-03,polynomial,0.29641793479106615
2006-05-04,polynomial,0.2939047624088587
2006-05-05,polynomial,0.28816231332769965
2006-05-08,polynomial,0.30142286038139554
2006-05-09,polynomial,0.29686232931615225
2006-05-10,polynomial,0.29754932925459554
2006-05-11,polynomial,0.28166791529117957
2006-05-12,polynomial,0.2839215546474603
2006-05-15,polynomial,0.28250485372278844
2006-05-16,polynomial,0.25112515366116733
2006-05-17,polynomial,0.25490470337720034
2006-05-18,polynomial,0.25012496914511495
2006-05-19,polynomial,0.24715131775485136
2006-05-22,polynomial,0.25995203800571004
2006-05-23,polynomial,0.25714629507474285
2006-05-24,polynomial,0.25927901674233345
2006-05-25,polynomial,0.27375806433977695
2006-05-26,polynomial,0.27278331828783764
2006-05-29,polynomial,0.2566802435876132
2006-05-30,polynomial,0.2719175784484371
2006-05-31,polynomial,0.28828061939627925
2006-06-01,polynomial,0.30297780193108864
2006-06-02,polynomial,0.29837589287183014
2006-06-05,polynomial,0.27082277492362866
2006-06-06,polynomial,0.27721077647932374
2006-06-07,polynomial,0.24803508547497527
2006-06-08,polynomial,0.25609013431029953
2006-06-09,polynomial,0.2606683839661748
2006-06-12,polynomial,0.23661447757567666
2006-06-13,polynomial,0.24520352895260195
2006-06-14,polynomial,0.26271430777542354
2006-06-15,polynomial,0.26359150828616384
2006-06-16,polynomial,0.27095192029753734
2006-06-19,polynomial,0.2771582236307114
2006-06-20,polynomial,0.2835050957383358
2006-06-21,polynomial,0.2818619244239273
2006-06-22,polynomial,0.27711440926713626
2006-06-23,polynomial,0.28500737083811917
2006-06-26,polynomial,0.2652594243420722
2006-06-27,polynomial,0.26442476577764423
2006-06-28,polynomial,0.2846949038527147
2006-06-29,polynomial,0.2975417387075319
2006-06-30,polynomial,0.28871156490190053
2006-07-03,polynomial,0.29339965480070995
2006-07-04,polynomial,0.27963876614571415
2006-07-05,polynomial,0.28531150721457926
2006-07-06,polynomial,0.2806546378090746
2006-07-07,polynomial,0.27209089866040753
2006-07-10,polynomial,0.27517189348799587
2006-07-11,polynomial,0.26809749518385634
2006-07-12,polynomial,0.2558982867418074
2006-07-13,polynomial,0.23543571484783535
2006-07-14,polynomial,0.22893334157967243
2006-07-17,polynomial,0.23047284322022685
2006-07-18,polynomial,0.26146822612379406
2006-07-19,polynomial,0.25815202171512264
2006-07-20,polynomial,0.24269168167716984
2006-07-21,polynomial,0.24993396173959925
2006-07-24,polynomial,0.25139167894559056
2006-07-25,polynomial,0.26234776154908196
2006-07-26,polynomial,0.2649940907967891
2006-07-27,polynomial,0.2761766044271424
2006-07-28,polynomial,0.2725565612747946
2006-07-31,polynomial,0.26791364446628896
2006-08-01,polynomial,0.27864584591063957
2006-08-02,polynomial,0.28624431560220526
2006-08-03,polynomial,0.31186086010396796
2006-08-04,polynomial,0.31651893770814454
2006-08-07,polynomial,0.31001656707779995
2006-08-08,polynomial,0.31336782551281267
2006-08-09,polynomial,0.3140581437218986
2006-08-10,polynomial,0.3121704506232839
2006-08-11,polynomial,0.31390592558538455
2006-08-14,polynomial,0.33449572565407326
2006-08-15,polynomial,0.34154995229978896
2006-08-16,polynomial,0.34626371462488886
2006-08-17,polynomial,0.3317157233745033
2006-08-18,polynomial,0.3206466557260147
2006-08-21,polynomial,0.3212163650169305
2006-08-22,polynomial,0.3140894430066755
2006-08-23,polynomial,0.30926662343478367
2006-08-24,polynomial,0.30427153443437294
2006-08-25,polynomial,0.3063142756290978
2006-08-28,polynomial,0.3092241141261432
2006-08-29,polynomial,0.313066913847197
2006-08-30,polynomial,0.3168177725123961
2006-08-31,polynomial,0.3247377238258925
2006-09-01,polynomial,0.3303874788083574
2006-09-04,polynomial,0.31723009231102306
2006-09-05,polynomial,0.3052576249464009
2006-09-06,polynomial,0.2834636597456115
2006-09-07,polynomial,0.29524911858636926
2006-09-08,polynomial,0.2939146069990992
2006-09-11,polynomial,0.30319086067076817
2006-09-12,polynomial,0.3056056448822393
2006-09-13,polynomial,0.3131215380503869
2006-09-14,polynomial,0.2967609042659283
2006-09-15,polynomial,0.29669832114595013
2006-09-18,polynomial,0.2924660585863335
2006-09-19,polynomial,0.308616823203057
2006-09-20,polynomial,0.3188534873784883
2006-09-21,polynomial,0.3162507187070326
2006-09-22,polynomial,0.31495812774899756
2006-09-25,polynomial,0.31509668188231726
2006-09-26,polynomial,0.3219927505786453
2006-09-27,polynomial,0.32331145516448995
2006-09-28,polynomial,0.32606843930461676
2006-09-29,polynomial,0.32982738716196514
2006-10-02,polynomial,0.32186929151605126
2006-10-03,polynomial,0.33224533351625757
2006-10-04,polynomial,0.3454372384136213
2006-10-05,polynomial,0.3396297402249387
2006-10-06,polynomial,0.3308544420890348
2006-10-09,polynomial,0.33465190005155565
2006-10-10,polynomial,0.332988267905051
2006-10-11,polynomial,0.3351223220178669
2006-10-12,polynomial,0.33357740614875087
2006-10-13,polynomial,0.33875366051450867
2006-10-16,polynomial,0.3236596058591335
2006-10-17,polynomial,0.3340026657658783
2006-10-18,polynomial,0.3340133524073809
2006-10-19,polynomial,0.3215809118042658
2006-10-20,polynomial,0.31857566648197716
2006-10-23,polynomial,0.3212770671854786
2006-10-24,polynomial,0.324436010550266
2006-10-25,polynomial,0.333817059390857
2006-10-26,polynomial,0.3330142931695856
2006-10-27,polynomial,0.32693021687559737
2006-10-30,polynomial,0.3114740884182038
2006-10-31,polynomial,0.31755532879266174
2006-11-01,polynomial,0.3141216116479622
2006-11-02,polynomial,0.3216076835378024
2006-11-03,polynomial,0.3103610614634833
2006-11-06,polynomial,0.30589356200477147
2006-11-07,polynomial,0.30213358313107697
2006-11-08,polynomial,0.2928051155016168
2006-11-09,polynomial,0.287738093141178
2006-11-10,polynomial,0.2928940404146549
2006-11-13,polynomial,0.29701031133238137
2006-11-14,polynomial,0.2978039186916651
2006-11-15,polynomial,0.30409078722160093
2006-11-16,polynomial,0.31204324873328154
2006-11-17,polynomial,0.3013038510894076
2006-11-20,polynomial,0.2998017831456121
2006-11-21,polynomial,0.30776549873752135
2006-11-22,polynomial,0.302773151001861
2006-11-23,polynomial,0.3068786056007657
2006-11-24,polynomial,0.2905409273883137
2006-11-27,polynomial,0.2933588325804182
2006-11-28,polynomial,0.29960705086115796
2006-11-29,polynomial,0.3018692942257614
2006-11-30,polynomial,0.2964439532269447
2006-12-01,polynomial,0.29946554860487273
2006-12-04,polynomial,0.28509953791909964
2006-12-05,polynomial,0.28476027102182655
2006-12-06,polynomial,0.28980515879861546
2006-12-07,polynomial,0.30015691800150995
2006-12-08,polynomial,0.2977742147987915
2006-12-11,polynomial,0.30073422962880814
2006-12-12,polynomial,0.30290518215238693
2006-12-13,polynomial,0.3104918743474541
2006-12-14,polynomial,0.31606499939749816
2006-12-15,polynomial,0.31591419489223505
2006-12-18,polynomial,0.3219049397527362
2006-12-19,polynomial,0.325167389513058
2006-12-20,polynomial,0.30344633669217597
2006-12-21,polynomial,0.2913973664435944
2006-12-22,polynomial,0.2931288429947946
2006-12-25,polynomial,0.28553529084456813
2006-12-26,polynomial,0.2946898873843715
2006-12-27,polynomial,0.3064150776521289
2006-12-28,polynomial,0.28942282606882574
2006-12-29,polynomial,0.29205639894414887
2007-01-01,polynomial,0.31102668280850987
2007-01-02,polynomial,0.3110883035061971
2007-01-03,polynomial,0.3182829114017974
2007-01-04,polynomial,0.314382695492221
2007-01-05,polynomial,0.3061287481370571
2007-01-08,polynomial,0.3134141012261136
2007-01-09,polynomial,0.30553832829199107
2007-01-10,polynomial,0.31804220113401316
2007-01-11,polynomial,0.31481590051018876
2007-01-12,polynomial,0.30037407177036013
2007-01-15,polynomial,0.2914522624822842
2007-01-16,polynomial,0.29012659422270415
2007-01-17,polynomial,0.2800185549914668
2007-01-18,polynomial,0.27707060855665244
2007-01-19,polynomial,0.28587402408517026
2007-01-22,polynomial,0.2944073590221072
2007-01-23,polynomial,0.3032895103701015
2007-01-24,polynomial,0.29729926132810636
2007-01-25,polynomial,0.29212766180432653
2007-01-26,polynomial,0.2741710329472584
2007-01-29,polynomial,0.2864451368789865
2007-01-30,polynomial,0.2906278011327308
2007-01-31,polynomial,0.28655300380842263
2007-02-01,polynomial,0.28498809552145105
2007-02-02,polynomial,0.2753427497123835
2007-02-05,polynomial,0.2810701584196016
2007-02-06,polynomial,0.2832039818878235
2007-02-07,polynomial,0.2703342796328304
2007-02-08,polynomial,0.2640973371558267
2007-02-09,polynomial,0.2623066074548547
2007-02-12,polynomial,0.2679852610736554
2007-02-13,polynomial,0.27965216240652635
2007-02-14,polynomial,0.2828921592092827
2007-02-15,polynomial,0.28265145389445695
2007-02-16,polynomial,0.28549726871540626
2007-02-19,polynomial,0.2942331105732711
2007-02-20,polynomial,0.2907008735587127
2007-02-21,polynomial,0.29688799222685935
2007-02-22,polynomial,0.30044796627316017
2007-02-23,polynomial,0.29625378690233656
2007-02-26,polynomial,0.25655607756501225
2007-02-27,polynomial,0.24834207533684793
2007-02-28,polynomial,0.22964604495217728
2007-03-01,polynomial,0.21640537043995237
2007-03-02,polynomial,0.21527366231177616
2007-03-05,polynomial,0.22262287626877056
2007-03-06,polynomial,0.22049761620482727
2007-03-07,polynomial,0.23445569769095376
2007-03-08,polynomial,0.2336709197740109
2007-03-09,polynomial,0.2425835338245894
2007-03-12,polynomial,0.22424311849620365
2007-03-13,polynomial,0.21081911931200514
2007-03-14,polynomial,0.23576468473744966
2007-03-15,polynomial,0.22617340169963915
2007-03-16,polynomial,0.20859721190585295
2007-03-19,polynomial,0.23043466916296246
2007-03-20,polynomial,0.24594191708166285
2007-03-21,polynomial,0.24708039433945786
2007-03-22,polynomial,0.24390219418960157
2007-03-23,polynomial,0.24614663885311125
2007-03-26,polynomial,0.26091280681989654
2007-03-27,polynomial,0.25213437119276716
2007-03-28,polynomial,0.27386615825097227
2007-03-29,polynomial,0.2761749700085338
2007-03-30,polynomial,0.27562894581701547
2007-04-02,polynomial,0.2886013904577174
2007-04-03,polynomial,0.2927562561017093
2007-04-04,polynomial,0.28882516726412916
2007-04-05,polynomial,0.28090178265792676
2007-04-06,polynomial,0.2825153143914565
2007-04-09,polynomial,0.29215517323471907
2007-04-10,polynomial,0.29093163735786914
2007-04-11,polynomial,0.28677692681142597
2007-04-12,polynomial,0.2828844114159391
2007-04-13,polynomial,0.27463007369365144
2007-04-16,polynomial,0.26676711491442956
2007-04-17,polynomial,0.26906236901660857
2007-04-18,polynomial,0.2578893320630615
2007-04-19,polynomial,0.2827282553899835
2007-04-20,polynomial,0.27722660146486977
2007-04-23,polynomial,0.25634293247691575
2007-04-24,polynomial,0.26782495844604176
2007-04-25,polynomial,0.25247771088629595
2007-04-26,polynomial,0.2557408076822113
2007-04-27,polynomial,0.25764477784676876
2007-04-30,polynomial,0.2679585370584112
2007-05-01,polynomial,0.2699281537903238
2007-05-02,polynomial,0.2697136438518634
2007-05-03,polynomial,0.3056542408723813
2007-05-04,polynomial,0.3091152567197143
2007-05-07,polynomial,0.3001560641237777
2007-05-08,polynomial,0.3056265597195609
2007-05-09,polynomial,0.2850081609189196
2007-05-10,polynomial,0.2974656367214752
2007-05-11,polynomial,0.2881611530999042
2007-05-14,polynomial,0.2801007288927353
2007-05-15,polynomial,0.2799750889401513
2007-05-16,polynomial,0.2944726021985948
2007-05-17,polynomial,0.2885467444523342
2007-05-18,polynomial,0.2757591553820687
2007-05-21,polynomial,0.2542138236742574
2007-05-22,polynomial,0.2578231431054708
2007-05-23,polynomial,0.26346975340509615
2007-05-24,polynomial,0.25830258458258526
2007-05-25,polynomial,0.28421705186607094
2007-05-28,polynomial,0.28241312416219333
2007-05-29,polynomial,0.2814717450665374
2007-05-30,polynomial,0.31432050786495047
2007-05-31,polynomial,0.3072861867646689
2007-06-01,polynomial,0.287739050994016
2007-06-04,polynomial,0.2819204585785334
2007-06-05,polynomial,0.2701191693291843
2007-06-06,polynomial,0.2491973777359976
2007-06-07,polynomial,0.24855117587288417
2007-06-08,polynomial,0.2476984083995836
2007-06-11,polynomial,0.23942850189512208
2007-06-12,polynomial,0.2447113016034103
2007-06-13,polynomial,0.2638686319909961
2007-06-14,polynomial,0.2721816271164513
2007-06-15,polynomial,0.24344252867783367
2007-06-18,polynomial,0.2281261212917741
2007-06-19,polynomial,0.22767879407307856
2007-06-20,polynomial,0.21514920169917748
2007-06-21,polynomial,0.22503827700633547
2007-06-22,polynomial,0.2148271251040358
2007-06-25,polynomial,0.2070869671373403
2007-06-26,polynomial,0.20091055837784158
2007-06-27,polynomial,0.20450199659522636
2007-06-28,polynomial,0.21398844565885047
2007-06-29,polynomial,0.2285020381915216
2007-07-02,polynomial,0.255247333912081
2007-07-03,polynomial,0.25823518770250775
2007-07-04,polynomial,0.25683725110514644
2007-07-05,polynomial,0.23130901675951668
2007-07-06,polynomial,0.22614582796984897
2007-07-09,polynomial,0.22264346517836847
2007-07-10,polynomial,0.22074849480898717
2007-07-11,polynomial,0.23348166533648138
2007-07-12,polynomial,0.23049386528607507
2007-07-13,polynomial,0.22006744158559546
2007-07-16,polynomial,0.20381776053578857
2007-07-17,polynomial,0.19187263299683435
2007-07-18,polynomial,0.197907392839626
2007-07-19,polynomial,0.1732204142395634
2007-07-20,polynomial,0.17246139940555708
2007-07-23,polynomial,0.14287814402583338
2007-07-24,polynomial,0.12968130239266287
2007-07-25,polynomial,0.10736879381336087
2007-07-26,polynomial,0.09071290393145018
2007-07-27,polynomial,0.09634897846102777
2007-07-30,polynomial,0.11595315505906198
2007-07-31,polynomial,0.09981633619766457
2007-08-01,polynomial,0.09618347231617497
2007-08-02,polynomial,0.06890585126693308
2007-08-03,polynomial,0.06426104106535609
2007-08-06,polynomial,0.08441478754361467
2007-08-07,polynomial,0.10652125050472187
2007-08-08,polynomial,0.07424447129076588
2007-08-09,polynomial,0.05573652514406788
2007-08-10,polynomial,0.05005210173563618
2007-08-13,polynomial,0.028741763680087077
2007-08-14,polynomial,0.016794222736183778
2007-08-15,polynomial,-0.001051582900590724
2007-08-16,polynomial,0.038345182971541276
2007-08-17,polynomial,0.03961371231189108
2007-08-20,polynomial,0.031729919646754076
2007-08-21,polynomial,0.04243615254315228
2007-08-22,polynomial,0.05140350278750728
2007-08-23,polynomial,0.06414325387566097
2007-08-24,polynomial,0.07867521243414677
2007-08-27,polynomial,0.05170405906180778
2007-08-28,polynomial,0.055847258657645074
2007-08-29,polynomial,0.05188991354271528
2007-08-30,polynomial,0.06496720117133678
2007-08-31,polynomial,0.062348372822168374
2007-09-03,polynomial,0.06165364092713948
2007-09-04,polynomial,0.04211913918893928
2007-09-05,polynomial,0.04666732859649447
2007-09-06,polynomial,0.007861585459233173
2007-09-07,polynomial,0.0012480809352595733
2007-09-10,polynomial,0.029534742624973673
2007-09-11,polynomial,0.02690490415332237
2007-09-12,polynomial,0.02922414306330367
2007-09-13,polynomial,0.01898585061417057
2007-09-14,polynomial,0.01834290996715027
2007-09-17,polynomial,0.05545571104123477
2007-09-18,polynomial,0.08136899831698267
2007-09-19,polynomial,0.07330733049417737
2007-09-20,polynomial,0.05972463716971837
2007-09-21,polynomial,0.05360319397540267
2007-09-24,polynomial,0.05257661969417287
2007-09-25,polynomial,0.05764289316836747
2007-09-26,polynomial,0.06624802744994007
2007-09-27,polynomial,0.06774996237732056
2007-09-28,polynomial,0.05990017395917707
2007-10-01,polynomial,0.07387297540774827
2007-10-02,polynomial,0.08718281370498807
2007-10-03,polynomial,0.11016618402163607
2007-10-04,polynomial,0.10754065571221788
2007-10-05,polynomial,0.10765435522303977
2007-10-08,polynomial,0.11466386819158267
2007-10-09,polynomial,0.10681493544197707
2007-10-10,polynomial,0.10287651083184747
2007-10-11,polynomial,0.09840371423583807
2007-10-12,polynomial,0.09065770870473347
2007-10-15,polynomial,0.07262820107404858
2007-10-16,polynomial,0.07745190864017168
2007-10-17,polynomial,0.07524156842248557
2007-10-18,polynomial,0.05252143182442558
2007-10-19,polynomial,0.059849800481070775
2007-10-22,polynomial,0.07258913464009267
2007-10-23,polynomial,0.06334647450884218
2007-10-24,polynomial,0.058476745028012166
2007-10-25,polynomial,0.07602354652261008
2007-10-26,polynomial,0.07997933996047017
2007-10-29,polynomial,0.08118105495729787
2007-10-30,polynomial,0.09981890118515387
2007-10-31,polynomial,0.062044398384384775
2007-11-01,polynomial,0.027154392344023275
2007-11-02,polynomial,0.027232147753289842
2007-11-05,polynomial,0.032686121453109944
2007-11-06,polynomial,0.010899149527632844
2007-11-07,polynomial,-0.0013905032932859576
2007-11-08,polynomial,-0.02923513137506486
2007-11-09,polynomial,-0.02835659141485496
2007-11-12,polynomial,0.00983039962102724
2007-11-13,polynomial,0.02522053818105004
2007-11-14,polynomial,0.010794015156387542
2007-11-15,polynomial,-0.01038708123179946
2007-11-16,polynomial,-0.01161008658933526
2007-11-19,polynomial,0.005128092409509741
2007-11-20,polynomial,-0.021982267076831062
2007-11-21,polynomial,-0.01945474897916916
2007-11-22,polynomial,0.007851848375909638
2007-11-23,polynomial,0.00623996111489564
2007-11-26,polynomial,0.015310424032970742
2007-11-27,polynomial,0.05567911564030324
2007-11-28,polynomial,0.05709866607227004
2007-11-29,polynomial,0.07911374679749174
2007-11-30,polynomial,0.07595858846661464
2007-12-03,polynomial,0.05673212659385064
2007-12-04,polynomial,0.06697325543763664
2007-12-05,polynomial,0.08157641968333254
2007-12-06,polynomial,0.07976076924071114
2007-12-07,polynomial,0.08033194134450573
2007-12-10,polynomial,0.06869328261143123
2007-12-11,polynomial,0.06760002557369914
2007-12-12,polynomial,0.03478618283633164
2007-12-13,polynomial,0.01548417099315574
2007-12-14,polynomial,0.01302335788293054
2007-12-17,polynomial,0.00851338869753564
2007-12-18,polynomial,0.0050202156928790395
2007-12-19,polynomial,-0.01878511879398026
2007-12-20,polynomial,-0.005632119671768793
2007-12-21,polynomial,-0.0005854735352816927
2007-12-24,polynomial,0.014418676500475807
2007-12-25,polynomial,0.018697521125877106
2007-12-26,polynomial,0.022216649136396406
2007-12-27,polynomial,0.03148729533630221
2007-12-28,polynomial,0.019650175335579004
2007-12-31,polynomial,0.014094243078331507
2008-01-01,polynomial,-0.0018805418613821942
2008-01-02,polynomial,-0.004435588078782695
2008-01-03,polynomial,-0.027068203766228396
2008-01-04,polynomial,-0.024722232618251096
2008-01-07,polynomial,-0.010022344703305396
2008-01-08,polynomial,-0.017303466739492495
2008-01-09,polynomial,-0.011024910311333496
2008-01-10,polynomial,-0.014691795424296697
2008-01-11,polynomial,-0.007145362139851995
2008-01-14,polynomial,-0.0398591116472427
2008-01-15,polynomial,-0.0502614387544376
2008-01-16,polynomial,-0.06648451795394231
2008-01-17,polynomial,-0.09757406092306489
2008-01-18,polynomial,-0.1015466425954346
2008-01-21,polynomial,-0.0843104296540664
2008-01-22,polynomial,-0.0575656919517497
2008-01-23,polynomial,-0.003081894091273997
2008-01-24,polynomial,-0.027889162301180603
2008-01-25,polynomial,-0.020740657405855303
2008-01-28,polynomial,0.0029713590617654988
2008-01-29,polynomial,-0.0013832544093365018
2008-01-30,polynomial,-0.008469144148801603
2008-01-31,polynomial,-0.007780158392606702
2008-02-01,polynomial,-0.0031067757054342032
2008-02-04,polynomial,-0.0543241403695558
2008-02-05,polynomial,-0.0645660160987705
2008-02-06,polynomial,-0.08331576510409801
2008-02-07,polynomial,-0.0759456436038648
2008-02-08,polynomial,-0.0755878584449305
2008-02-11,polynomial,-0.02773276369571219
2008-02-12,polynomial,-0.021700157758235996
2008-02-13,polynomial,-0.004445630316438097
2008-02-14,polynomial,-0.017665683907331295
2008-02-15,polynomial,-0.007580546383066499
2008-02-18,polynomial,0.007919283730104101
2008-02-19,polynomial,-0.002273759137133201
2008-02-20,polynomial,-0.0072934040711569986
2008-02-21,polynomial,-0.004542828327709501
2008-02-22,polynomial,-0.0158669787141371
2008-02-25,polynomial,0.0110417915941383
2008-02-26,polynomial,0.015428997432371102
2008-02-27,polynomial,0.012535013747450502
2008-02-28,polynomial,0.0025526706628615017
2008-02-29,polynomial,-0.0150095945638795
2008-03-03,polynomial,-0.025479349575256598
2008-03-04,polynomial,-0.0233763721231313
2008-03-05,polynomial,-0.0601152597838541
2008-03-06,polynomial,-0.08416305854761859
2008-03-07,polynomial,-0.0945089767577587
2008-03-10,polynomial,-0.054373015614896894
2008-03-11,polynomial,-0.013811476154986901
2008-03-12,polynomial,-0.041548150880226106
2008-03-13,polynomial,-0.060735075070802
2008-03-14,polynomial,-0.06962055318041671
2008-03-17,polynomial,-0.016432706088519794
2008-03-18,polynomial,-0.0239365964276604
2008-03-19,polynomial,-0.020459568707385998
2008-03-20,polynomial,-0.007688481253794503
2008-03-21,polynomial,-0.013959375755709102
2008-03-24,polynomial,0.030166648471737896
2008-03-25,polynomial,0.010065277800533196
2008-03-26,polynomial,0.002480045750955697
2008-03-27,polynomial,-0.004840219434440504
2008-03-28,polynomial,-0.0045064070848085044
2008-03-31,polynomial,0.0548411898636281
2008-04-01,polynomial,0.0693729244639133
2008-04-02,polynomial,0.05556588661598999
2008-04-03,polynomial,0.048969270960151086
2008-04-04,polynomial,0.05066368338228379
2008-04-07,polynomial,0.017726621637959388
2008-04-08,polynomial,0.010860287123653292
2008-04-09,polynomial,0.0006005508722213906
2008-04-10,polynomial,-0.014239551311365409
2008-04-11,polynomial,-0.006013578461907608
2008-04-14,polynomial,-0.004585089124410708
2008-04-15,polynomial,0.0319607635983903
2008-04-16,polynomial,0.050751260680949595
2008-04-17,polynomial,0.07392483780139819
2008-04-18,polynomial,0.07271661118696249
2008-04-21,polynomial,0.0651485748948426
2008-04-22,polynomial,0.0536499703686078
2008-04-23,polynomial,0.0724372496782455
2008-04-24,polynomial,0.08608812623579651
2008-04-25,polynomial,0.1006700359180614
2008-04-28,polynomial,0.0750810600741958
2008-04-29,polynomial,0.0780073394547314
2008-04-30,polynomial,0.0843469785501761
2008-05-01,polynomial,0.1030676471156129
2008-05-02,polynomial,0.1066352404340519
2008-05-05,polynomial,0.0885560968438751
2008-05-06,polynomial,0.06534863299286829
2008-05-07,polynomial,0.046961117927462805
2008-05-08,polynomial,0.0331001750029509
2008-05-09,polynomial,0.04259098401182
2008-05-12,polynomial,0.0331863298919059
2008-05-13,polynomial,0.0408957067646824
2008-05-14,polynomial,0.042261117423647694
2008-05-15,polynomial,0.039151317512807995
2008-05-16,polynomial,0.0331663094230453
2008-05-19,polynomial,0.0194030471328314
2008-05-20,polynomial,7.413743092189382e-05
2008-05-21,polynomial,0.0031154054405105945
2008-05-22,polynomial,0.001236222618543295
2008-05-23,polynomial,0.018088046563555695
2008-05-26,polynomial,0.013993906980609195
2008-05-27,polynomial,0.008864033446848696
2008-05-28,polynomial,0.019541977879823296
2008-05-29,polynomial,0.019852774090261795
2008-05-30,polynomial,0.009975840228214395
2008-06-02,polynomial,0.003199493757817195
2008-06-03,polynomial,-0.004091979298776105
2008-06-04,polynomial,0.010113387975712096
2008-06-05,polynomial,-0.021182187911513207
2008-06-06,polynomial,-0.010642363889491406
2008-06-09,polynomial,-0.010238771702792606
2008-06-10,polynomial,-0.037534914206040604
2008-06-11,polynomial,-0.017930359036103707
2008-06-12,polynomial,0.0077626927694782934
2008-06-13,polynomial,0.006272313179951993
2008-06-16,polynomial,0.008747877308665594
2008-06-17,polynomial,-0.013577414682768504
2008-06-18,polynomial,-0.0315188478706783
2008-06-19,polynomial,-0.054475052076907005
2008-06-20,polynomial,-0.0476496399174353
2008-06-23,polynomial,-0.0434705786101748
2008-06-24,polynomial,-0.0224452849346527
2008-06-25,polynomial,-0.053413139508890706
2008-06-26,polynomial,-0.06544771804035901
2008-06-27,polynomial,-0.0766269672552885
2008-06-30,polynomial,-0.09939685210275721
2008-07-01,polynomial,-0.08924288998011772
2008-07-02,polynomial,-0.07938194089613881
2008-07-03,polynomial,-0.0809151292703725
2008-07-04,polynomial,-0.0787832365890625
2008-07-07,polynomial,-0.0497347584983153
2008-07-08,polynomial,-0.0015571999372460121
2008-07-09,polynomial,0.00248602494151769
2008-07-10,polynomial,-0.016897092829103212
2008-07-11,polynomial,0.005879269085261287
2008-07-14,polynomial,-0.01873702577353891
2008-07-15,polynomial,0.04881347570932278
2008-07-16,polynomial,0.08599785391917408
2008-07-17,polynomial,0.1317546438362112
2008-07-18,polynomial,0.12184746635082368
2008-07-21,polynomial,0.17280298118295828
2008-07-22,polynomial,0.22847645742728448
2008-07-23,polynomial,0.19318577434325088
2008-07-24,polynomial,0.15737374063261017
2008-07-25,polynomial,0.18920701937049947
2008-07-28,polynomial,0.24067760665545057
2008-07-29,polynomial,0.2618615048017602
2008-07-30,polynomial,0.2841302993459531
2008-07-31,polynomial,0.2920548326929088
2008-08-01,polynomial,0.30398407076064465
2008-08-04,polynomial,0.3030341703332293
2008-08-05,polynomial,0.30507421009721686
2008-08-06,polynomial,0.28877931678729407
2008-08-07,polynomial,0.28260665990374156
2008-08-08,polynomial,0.2785822314661146
2008-08-11,polynomial,0.24899695565037944
2008-08-12,polynomial,0.20170178578754427
2008-08-13,polynomial,0.23954878096353296
2008-08-14,polynomial,0.24265637110598376
2008-08-15,polynomial,0.23917447191842717
2008-08-18,polynomial,0.18483374118085266
2008-08-19,polynomial,0.19187288891751525
2008-08-20,polynomial,0.16942464483866146
2008-08-21,polynomial,0.21626378833947335
2008-08-22,polynomial,0.21784707696127548
2008-08-25,polynomial,0.23553639152531727
2008-08-26,polynomial,0.24221680502425966
2008-08-27,polynomial,0.25296513288432376
2008-08-28,polynomial,0.2615898553937272
2008-08-29,polynomial,0.2588898546883104
2008-09-01,polynomial,0.2825416716453093
2008-09-02,polynomial,0.2788982857457644
2008-09-03,polynomial,0.18894411283546456
2008-09-04,polynomial,0.15042661791698217
2008-09-05,polynomial,0.15759304847158637
2008-09-08,polynomial,0.12071789110068117
2008-09-09,polynomial,0.10317178015233318
2008-09-10,polynomial,0.09324298566934687
2008-09-11,polynomial,0.12495851897130637
2008-09-12,polynomial,0.11349777052176627
2008-09-15,polynomial,0.08898441295554878
2008-09-16,polynomial,0.04787135048733518
2008-09-17,polynomial,0.07566932928396708
2008-09-18,polynomial,0.23636235100390526
2008-09-19,polynomial,0.22562511644927966
2008-09-22,polynomial,0.19501304369491096
2008-09-23,polynomial,0.19858890397818235
2008-09-24,polynomial,0.22646859031396918
2008-09-25,polynomial,0.23606263331884886
2008-09-26,polynomial,0.23937643657016408
2008-09-29,polynomial,0.25904127721056397
2008-09-30,polynomial,0.29750169329774584
2008-10-01,polynomial,0.29848150547330554
2008-10-02,polynomial,0.3066273107145688
2008-10-03,polynomial,0.30801851704059247
2008-10-06,polynomial,0.25000835779947533
2008-10-07,polynomial,0.21183683750460983
2008-10-08,polynomial,0.16126426848779857
2008-10-09,polynomial,0.07725885830195367
2008-10-10,polynomial,0.07703946944777167
2008-10-13,polynomial,0.11644151799314097
2008-10-14,polynomial,0.04995886394217176
2008-10-15,polynomial,-0.01305457881375454
2008-10-16,polynomial,-0.030389569483652745
2008-10-17,polynomial,0.002856487633564154
2008-10-20,polynomial,0.03949910222842985
2008-10-21,polynomial,-0.027787355138567955
2008-10-22,polynomial,-0.04500217364971756
2008-10-23,polynomial,-0.12631176424433246
2008-10-24,polynomial,-0.11484125067080077
2008-10-27,polynomial,-0.09092354776403466
2008-10-28,polynomial,0.012163488342710943
2008-10-29,polynomial,0.024181500859968945
2008-10-30,polynomial,0.03704545289932684
2008-10-31,polynomial,0.048713673753790446
2008-11-03,polynomial,0.14428411004177974
2008-11-04,polynomial,0.10228591133116134
2008-11-05,polynomial,0.0077427367496861466
2008-11-06,polynomial,0.04886151571222804
2008-11-07,polynomial,0.047265566918188444
2008-11-10,polynomial,-0.03634245132684716
2008-11-11,polynomial,-0.09182934939214485
2008-11-12,polynomial,-0.10535463563640676
2008-11-13,polynomial,-0.15693230288291865
2008-11-14,polynomial,-0.16187724984375554
2008-11-17,polynomial,-0.21079349834697464
2008-11-18,polynomial,-0.31545121462728265
2008-11-19,polynomial,-0.3893354697293947
2008-11-20,polynomial,-0.40690842890086615
2008-11-21,polynomial,-0.42167859514298456
2008-11-24,polynomial,-0.3518414144601003
2008-11-25,polynomial,-0.33753041626630603
2008-11-26,polynomial,-0.2634684174350068
2008-11-27,polynomial,-0.23862626745734508
2008-11-28,polynomial,-0.20656780316621687
2008-12-01,polynomial,-0.14360038022002514
2008-12-02,polynomial,-0.12224483710242845
2008-12-03,polynomial,-0.10704507679997506
2008-12-04,polynomial,-0.10723342850577905
2008-12-05,polynomial,-0.10217076126620946
2008-12-08,polynomial,-0.12666830481940017
2008-12-09,polynomial,-0.13548086770803797
2008-12-10,polynomial,-0.17153433274585375
2008-12-11,polynomial,-0.20064676030488787
2008-12-12,polynomial,-0.20466703846015327
2008-12-15,polynomial,-0.12506885975574922
2008-12-16,polynomial,-0.12591826715277554
2008-12-17,polynomial,-0.16216274322504054
2008-12-18,polynomial,-0.15226815951974002
2008-12-19,polynomial,-0.14699783208752082
2008-12-22,polynomial,-0.12427338955975653
2008-12-23,polynomial,-0.11623829608388284
2008-12-24,polynomial,-0.13501085411759575
2008-12-25,polynomial,-0.12834736419985313
2008-12-26,polynomial,-0.13838251433566962
2008-12-29,polynomial,-0.11269241284284062
2008-12-30,polynomial,-0.09378943757540215
2008-12-31,polynomial,-0.05237196997895263
2009-01-01,polynomial,-0.025795782767240035
2009-01-02,polynomial,-0.012944544899435037
2009-01-05,polynomial,0.024396732333686964
2009-01-06,polynomial,0.013110604652139562
2009-01-07,polynomial,-0.020048258156444038
2009-01-08,polynomial,-0.07555501403172613
2009-01-09,polynomial,-0.13568058553711923
2009-01-12,polynomial,-0.14077137783824284
2009-01-13,polynomial,-0.20845323504925353
2009-01-14,polynomial,-0.30112656458848724
2009-01-15,polynomial,-0.35148439568469336
2009-01-16,polynomial,-0.35221783604093615
2009-01-19,polynomial,-0.4795661841929473
2009-01-20,polynomial,-0.4430532599115222
2009-01-21,polynomial,-0.40882257519652726
2009-01-22,polynomial,-0.40107471102694675
2009-01-23,polynomial,-0.38334055027895847
2009-01-26,polynomial,-0.3440705471955646
2009-01-27,polynomial,-0.22091630713922944
2009-01-28,polynomial,-0.30162643098529346
2009-01-29,polynomial,-0.31623006343979726
2009-01-30,polynomial,-0.30618853514083205
2009-02-02,polynomial,-0.2722772149557871
2009-02-03,polynomial,-0.2665448221919871
2009-02-04,polynomial,-0.26763945943916606
2009-02-05,polynomial,-0.20810110615813726
2009-02-06,polynomial,-0.21857563661579715
2009-02-09,polynomial,-0.27249138545467344
2009-02-10,polynomial,-0.24248755399623625
2009-02-11,polynomial,-0.29096328751302736
2009-02-12,polynomial,-0.3334592631652397
2009-02-13,polynomial,-0.3153629362793142
2009-02-16,polynomial,-0.37130159327485646
2009-02-17,polynomial,-0.3841174305831492
2009-02-18,polynomial,-0.38118822563527754
2009-02-19,polynomial,-0.450989259945732
2009-02-20,polynomial,-0.42781078291651575
2009-02-23,polynomial,-0.36809656496265475
2009-02-24,polynomial,-0.3500499445404762
2009-02-25,polynomial,-0.32699846403995153
2009-02-26,polynomial,-0.4754582270853919
2009-02-27,polynomial,-0.44836750213477955
2009-03-02,polynomial,-0.4429347747020933
2009-03-03,polynomial,-0.4216004507971424
2009-03-04,polynomial,-0.5771576023447673
2009-03-05,polynomial,-0.5942037687754549
2009-03-06,polynomial,-0.6103388000007833
2009-03-09,polynomial,-0.5063733759484135
2009-03-10,polynomial,-0.4794299944282695
2009-03-11,polynomial,-0.4640929911764059
2009-03-12,polynomial,-0.41642566795666536
2009-03-13,polynomial,-0.4222402665889493
2009-03-16,polynomial,-0.37537281358687724
2009-03-17,polynomial,-0.3016250313984807
2009-03-18,polynomial,-0.32683175728668856
2009-03-19,polynomial,-0.3759012626314129
2009-03-20,polynomial,-0.36202527304265336
2009-03-23,polynomial,-0.36297023942777046
2009-03-24,polynomial,-0.33818579722294445
2009-03-25,polynomial,-0.31028099253554975
2009-03-26,polynomial,-0.344654353919055
2009-03-27,polynomial,-0.32883362346288636
2009-03-30,polynomial,-0.25948571279192917
2009-03-31,polynomial,-0.22721063218915105
2009-04-01,polynomial,-0.14686141773846995
2009-04-02,polynomial,-0.15178172674720247
2009-04-03,polynomial,-0.16465434335143067
2009-04-06,polynomial,-0.2321166251816731
2009-04-07,polynomial,-0.2298591226686187
2009-04-08,polynomial,-0.12198748891259886
2009-04-09,polynomial,-0.12188893571260366
2009-04-10,polynomial,-0.13534569994811116
2009-04-13,polynomial,-0.12625282172735566
2009-04-14,polynomial,-0.11813761733073307
2009-04-15,polynomial,-0.08186955882993446
2009-04-16,polynomial,-0.06905785113060446
2009-04-17,polynomial,-0.08208922331808197
2009-04-20,polynomial,-0.060184108941900766
2009-04-21,polynomial,-0.028074560736813366
2009-04-22,polynomial,-0.008325025082239665
2009-04-23,polynomial,0.04549343590675134
2009-04-24,polynomial,0.06290973951639844
2009-04-27,polynomial,0.050847807507189646
2009-04-28,polynomial,0.10726318115836884
2009-04-29,polynomial,0.13528764632817902
2009-04-30,polynomial,0.12439978922869274
2009-05-01,polynomial,0.11739302821675435
2009-05-04,polynomial,0.15865459406643123
2009-05-05,polynomial,0.20509138926168155
2009-05-06,polynomial,0.20465975265159675
2009-05-07,polynomial,0.29895986328891455
2009-05-08,polynomial,0.29654181165570587
2009-05-11,polynomial,0.28391011917538805
2009-05-12,polynomial,0.21658506832175545
2009-05-13,polynomial,0.23681738108178993
2009-05-14,polynomial,0.25454382452031443
2009-05-15,polynomial,0.25736619114012
2009-05-18,polynomial,0.27854942144512695
2009-05-19,polynomial,0.27498149831961766
2009-05-20,polynomial,0.265994529868647
2009-05-21,polynomial,0.2859808832338243
2009-05-22,polynomial,0.2729976439524095
2009-05-25,polynomial,0.31885944430923074
2009-05-26,polynomial,0.30739065445279584
2009-05-27,polynomial,0.3188425024373408
2009-05-28,polynomial,0.3724785475617852
2009-05-29,polynomial,0.36012264009598494
2009-06-01,polynomial,0.32485161133072865
2009-06-02,polynomial,0.29153746453016427
2009-06-03,polynomial,0.3030068801123311
2009-06-04,polynomial,0.3238714173355524
2009-06-05,polynomial,0.33426927156673625
2009-06-08,polynomial,0.37098333651887044
2009-06-09,polynomial,0.3735833401761277
2009-06-10,polynomial,0.3875793041702291
2009-06-11,polynomial,0.36095556058034606
2009-06-12,polynomial,0.3996826879375919
2009-06-15,polynomial,0.4008607131275979
2009-06-16,polynomial,0.36962551733926285
2009-06-17,polynomial,0.41310189853530954
2009-06-18,polynomial,0.4155097279376228
2009-06-19,polynomial,0.4062655290488708
2009-06-22,polynomial,0.42781731684667385
2009-06-23,polynomial,0.4551295401059036
2009-06-24,polynomial,0.44527223487494383
2009-06-25,polynomial,0.3980201641041835
2009-06-26,polynomial,0.405936374289807
2009-06-29,polynomial,0.42400085975141255
2009-06-30,polynomial,0.4329509853349325
2009-07-01,polynomial,0.43287564924251953
2009-07-02,polynomial,0.37589172597775333
2009-07-03,polynomial,0.32266817630341316
2009-07-06,polynomial,0.2887021517174473
2009-07-07,polynomial,0.2636627187138228
2009-07-08,polynomial,0.25688451103767623
2009-07-09,polynomial,0.1928670722483862
2009-07-10,polynomial,0.2099451005692906
2009-07-13,polynomial,0.2434898584152991
2009-07-14,polynomial,0.2791584843066452
2009-07-15,polynomial,0.2570068901068536
2009-07-16,polynomial,0.23256942072485903
2009-07-17,polynomial,0.2342483156667005
2009-07-20,polynomial,0.2351174407431974
2009-07-21,polynomial,0.2369445914239528
2009-07-22,polynomial,0.21463027173906052
2009-07-23,polynomial,0.21359974355272462
2009-07-24,polynomial,0.23069274350925914
2009-07-27,polynomial,0.21722021491067203
2009-07-28,polynomial,0.22173996804478352
2009-07-29,polynomial,0.2724116195989835
2009-07-30,polynomial,0.33159180052882664
2009-07-31,polynomial,0.32135664867586344
2009-08-03,polynomial,0.3176294013730871
2009-08-04,polynomial,0.3294040223257877
2009-08-05,polynomial,0.3769155056393776
2009-08-06,polynomial,0.3676554894565086
2009-08-07,polynomial,0.3860402357233039
2009-08-10,polynomial,0.3307941586798617
2009-08-11,polynomial,0.35530718854586474
2009-08-12,polynomial,0.386261727354041
2009-08-13,polynomial,0.37151725792833856
2009-08-14,polynomial,0.34145650748235346
2009-08-17,polynomial,0.3526319912423309
2009-08-18,polynomial,0.3479199073952776
2009-08-19,polynomial,0.34445005136545703
2009-08-20,polynomial,0.3720184287126591
2009-08-21,polynomial,0.4268176879590535
2009-08-24,polynomial,0.4459388984325116
2009-08-25,polynomial,0.44308505145377414
2009-08-26,polynomial,0.4918577350297629
2009-08-27,polynomial,0.5263462300965589
2009-08-28,polynomial,0.539556424528587
2009-08-31,polynomial,0.46028791883208114
2009-09-01,polynomial,0.44400620893571646
2009-09-02,polynomial,0.4807025629953732
2009-09-03,polynomial,0.5364614988530495
2009-09-04,polynomial,0.4933780382808057
2009-09-07,polynomial,0.31768106104975724
2009-09-08,polynomial,0.32803284818759454
2009-09-09,polynomial,0.35221384198459854
2009-09-10,polynomial,0.3537753804483707
2009-09-11,polynomial,0.318040282201039
2009-09-14,polynomial,0.31379917461955303
2009-09-15,polynomial,0.33790423861656804
2009-09-16,polynomial,0.3209948137194274
2009-09-17,polynomial,0.28362905646107855
2009-09-18,polynomial,0.30236698734412826
2009-09-21,polynomial,0.2985255882627853
2009-09-22,polynomial,0.2998003368374264
2009-09-23,polynomial,0.3513886519008168
2009-09-24,polynomial,0.3807792988895991
2009-09-25,polynomial,0.4195090769096278
2009-09-28,polynomial,0.5228970529713763
2009-09-29,polynomial,0.5175727255863605
2009-09-30,polynomial,0.42292590909716954
2009-10-01,polynomial,0.46097716912979647
2009-10-02,polynomial,0.5210134162177074
2009-10-05,polynomial,0.5524427452274843
2009-10-06,polynomial,0.5620340713413247
2009-10-07,polynomial,0.5675683112267352
2009-10-08,polynomial,0.6313905556785177
2009-10-09,polynomial,0.6444528447824408
2009-10-12,polynomial,0.7341351317024305
2009-10-13,polynomial,0.7636752903952114
2009-10-14,polynomial,0.7555945283676425
2009-10-15,polynomial,0.630005744458081
2009-10-16,polynomial,0.5856740898433532
2009-10-19,polynomial,0.5504486188902985
2009-10-20,polynomial,0.5571001255952511
2009-10-21,polynomial,0.4810864719718455
2009-10-22,polynomial,0.5124785809051313
2009-10-23,polynomial,0.5928865692591565
2009-10-26,polynomial,0.5543511550296347
2009-10-27,polynomial,0.5170105828903424
2009-10-28,polynomial,0.6266629478651579
2009-10-29,polynomial,0.6475296175327019
2009-10-30,polynomial,0.6379779748963261
2009-11-02,polynomial,0.637556697295805
2009-11-03,polynomial,0.6659547727645863
2009-11-04,polynomial,0.7083648811337432
2009-11-05,polynomial,0.8236573315564838
2009-11-06,polynomial,0.9161213954215127
2009-11-09,polynomial,0.9244884670350824
2009-11-10,polynomial,0.9353741906603135
2009-11-11,polynomial,0.8530758884569362
2009-11-12,polynomial,0.8381151564450058
2009-11-13,polynomial,0.7829293611191662
2009-11-16,polynomial,0.7536993708579498
2009-11-17,polynomial,0.7516284919856336
2009-11-18,polynomial,0.6799760963499084
2009-11-19,polynomial,0.6458550991379087
2009-11-20,polynomial,0.6371349414473746
2009-11-23,polynomial,0.6237195250593994
2009-11-24,polynomial,0.6266441951224554
2009-11-25,polynomial,0.6150697185424875
2009-11-26,polynomial,0.6357573861623118
2009-11-27,polynomial,0.671511827599543
2009-11-30,polynomial,0.7238348514100875
2009-12-01,polynomial,0.713001056085818
2009-12-02,polynomial,0.6380931942279583
2009-12-03,polynomial,0.6438513315543831
2009-12-04,polynomial,0.6795315798358104
2009-12-07,polynomial,0.6603999946919737
2009-12-08,polynomial,0.6479180323567314
2009-12-09,polynomial,0.6627183063103053
2009-12-10,polynomial,0.647416460391053
2009-12-11,polynomial,0.6469430962124314
2009-12-14,polynomial,0.6308968778286236
2009-12-15,polynomial,0.654234110543232
2009-12-16,polynomial,0.5915983655902051
2009-12-17,polynomial,0.5603871275139835
2009-12-18,polynomial,0.5592998152863556
2009-12-21,polynomial,0.5363024824094483
2009-12-22,polynomial,0.5359091209104185
2009-12-23,polynomial,0.532939361255882
2009-12-24,polynomial,0.5441575413380683
2009-12-25,polynomial,0.557423857113329
2009-12-28,polynomial,0.5814814415653512
2009-12-29,polynomial,0.5758907956547513
2009-12-30,polynomial,0.6062078156903563
2009-12-31,polynomial,0.6760934158464925
2010-01-01,polynomial,0.7404008816154812
2010-01-04,polynomial,0.8136121713175125
2010-01-05,polynomial,0.8282390705427094
2010-01-06,polynomial,0.9559200007600437
2010-01-07,polynomial,0.9335621824647619
2010-01-08,polynomial,0.9488875880055349
2010-01-11,polynomial,0.9374744674685972
2010-01-12,polynomial,0.9385130965052986
2010-01-13,polynomial,0.9034874372034865
2010-01-14,polynomial,0.7671187785770808
2010-01-15,polynomial,0.804199785071426
2010-01-18,polynomial,0.8081737607960321
2010-01-19,polynomial,0.7890344907048894
2010-01-20,polynomial,0.7455780108413654
2010-01-21,polynomial,0.7198135162333241
2010-01-22,polynomial,0.7162641278362063
2010-01-25,polynomial,0.6528376030885151
2010-01-26,polynomial,0.6520283265417339
2010-01-27,polynomial,0.6917065418314018
2010-01-28,polynomial,0.6672473847357322
2010-01-29,polynomial,0.689764268307906
2010-02-01,polynomial,0.7377620130653643
2010-02-02,polynomial,0.719956689155646
2010-02-03,polynomial,0.7493816412085482
2010-02-04,polynomial,0.7201724754517909
2010-02-05,polynomial,0.7318660759886153
2010-02-08,polynomial,0.8086160940151031
2010-02-09,polynomial,0.8233554761538459
2010-02-10,polynomial,0.7577869937462638
2010-02-11,polynomial,0.7276089974229889
2010-02-12,polynomial,0.6613833541607073
2010-02-15,polynomial,0.794649821860357
2010-02-16,polynomial,0.8043116924259397
2010-02-17,polynomial,0.8233186988809584
2010-02-18,polynomial,0.8112029464949452
2010-02-19,polynomial,0.9132776702088766
2010-02-22,polynomial,0.9161460742658486
2010-02-23,polynomial,0.9263116967852635
2010-02-24,polynomial,0.7994607799515215
2010-02-25,polynomial,0.7896186499438348
2010-02-26,polynomial,0.728524847559203
2010-03-01,polynomial,0.7170104678538405
2010-03-02,polynomial,0.7334049832559377
2010-03-03,polynomial,0.6990518769214145
2010-03-04,polynomial,0.6531519994625655
2010-03-05,polynomial,0.6160597583975681
2010-03-08,polynomial,0.6445697504347591
2010-03-09,polynomial,0.6597162364607708
2010-03-10,polynomial,0.6703507756751728
2010-03-11,polynomial,0.6553635589691367
2010-03-12,polynomial,0.6426889580161192
2010-03-15,polynomial,0.7078125675363232
2010-03-16,polynomial,0.7181574363450005
2010-03-17,polynomial,0.6360308047174372
2010-03-18,polynomial,0.5977033101127518
2010-03-19,polynomial,0.5172230405939018
2010-03-22,polynomial,0.48984976922058004
2010-03-23,polynomial,0.48469476771007225
2010-03-24,polynomial,0.5379974998449674
2010-03-25,polynomial,0.5401952802171985
2010-03-26,polynomial,0.43533078579440176
2010-03-29,polynomial,0.43671835112543295
2010-03-30,polynomial,0.43923043728403216
2010-03-31,polynomial,0.42742000324982654
2010-04-01,polynomial,0.4169893488362991
2010-04-02,polynomial,0.3966585333077777
2010-04-05,polynomial,0.3853325945506672
2010-04-06,polynomial,0.38741476866495056
2010-04-07,polynomial,0.3372170780208419
2010-04-08,polynomial,0.3289756924234142
2010-04-09,polynomial,0.31799382324445397
2010-04-12,polynomial,0.2823927868677745
2010-04-13,polynomial,0.30267761385571956
2010-04-14,polynomial,0.3294435435658807
2010-04-15,polynomial,0.24157594404287758
2010-04-16,polynomial,0.22173530025979726
2010-04-19,polynomial,0.23528946085121918
2010-04-20,polynomial,0.22558265714426629
2010-04-21,polynomial,0.16643019217196928
2010-04-22,polynomial,0.12640579891997006
2010-04-23,polynomial,0.13904596754362505
2010-04-26,polynomial,0.025370373503836884
2010-04-27,polynomial,0.013042917113890983
2010-04-28,polynomial,0.05848796239424159
2010-04-29,polynomial,0.10906646549986679
2010-04-30,polynomial,0.08722762207826779
2010-05-03,polynomial,0.02613361672886899
2010-05-04,polynomial,0.006516183100738499
2010-05-05,polynomial,-0.07337094084278391
2010-05-06,polynomial,-0.08750132600071171
2010-05-07,polynomial,-0.07921634764037111
2010-05-10,polynomial,-0.1057355450037236
2010-05-11,polynomial,-0.1034194064846602
2010-05-12,polynomial,-0.1236656631514734
2010-05-13,polynomial,-0.1589789324035434
2010-05-14,polynomial,-0.16696255922694941
2010-05-17,polynomial,-0.20016121576312731
2010-05-18,polynomial,-0.2102379097881241
2010-05-19,polynomial,-0.215568829644688
2010-05-20,polynomial,-0.15389950181812742
2010-05-21,polynomial,-0.1702565322884925
2010-05-24,polynomial,-0.19069276300865062
2010-05-25,polynomial,-0.1820231720315801
2010-05-26,polynomial,-0.152762193276514
2010-05-27,polynomial,-0.16763167415296593
2010-05-28,polynomial,-0.1912738480122652
2010-05-31,polynomial,-0.20215398909262428
2010-06-01,polynomial,-0.19738163640045198
2010-06-02,polynomial,-0.17915785032560322
2010-06-03,polynomial,-0.1940207228304772
2010-06-04,polynomial,-0.2226955017321403
2010-06-07,polynomial,-0.2401303252946014
2010-06-08,polynomial,-0.222029179163754
2010-06-09,polynomial,-0.2008354903912199
2010-06-10,polynomial,-0.21981265394840752
2010-06-11,polynomial,-0.2250490496524829
2010-06-14,polynomial,-0.200678968883787
2010-06-15,polynomial,-0.19830450387203621
2010-06-16,polynomial,-0.1742297141399084
2010-06-17,polynomial,-0.1733697840827205
2010-06-18,polynomial,-0.1353735216846094
2010-06-21,polynomial,-0.1543694516031316
2010-06-22,polynomial,-0.159041531955503
2010-06-23,polynomial,-0.1821008854846112
2010-06-24,polynomial,-0.1450946127427586
2010-06-25,polynomial,-0.1690485254952204
2010-06-28,polynomial,-0.20135622417444227
2010-06-29,polynomial,-0.19143128773996937
2010-06-30,polynomial,-0.21654082701753227
2010-07-01,polynomial,-0.24196061657602266
2010-07-02,polynomial,-0.24564474150422919
2010-07-05,polynomial,-0.2015944859978927
2010-07-06,polynomial,-0.1623826812072448
2010-07-07,polynomial,-0.14150891717542569
2010-07-08,polynomial,-0.13506717030531898
2010-07-09,polynomial,-0.15504251578619718
2010-07-12,polynomial,-0.1271278304805366
2010-07-13,polynomial,-0.1292448226097347
2010-07-14,polynomial,-0.12493518908691839
2010-07-15,polynomial,-0.16206769568479917
2010-07-16,polynomial,-0.18392135514679558
2010-07-19,polynomial,-0.1916712105012651
2010-07-20,polynomial,-0.1945285710015273
2010-07-21,polynomial,-0.17036001158113348
2010-07-22,polynomial,-0.1759646076139408
2010-07-23,polynomial,-0.1846274320300488
2010-07-26,polynomial,-0.15656947750442057
2010-07-27,polynomial,-0.159944877382911
2010-07-28,polynomial,-0.1317492382476247
2010-07-29,polynomial,-0.16010733095070462
2010-07-30,polynomial,-0.1860962058023849
2010-08-02,polynomial,-0.1790934930354736
2010-08-03,polynomial,-0.18411716906448058
2010-08-04,polynomial,-0.21327086045423407
2010-08-05,polynomial,-0.2136404106041043
2010-08-06,polynomial,-0.2304801477784775
2010-08-09,polynomial,-0.2681632255604347
2010-08-10,polynomial,-0.306560622449685
2010-08-11,polynomial,-0.33346152374250543
2010-08-12,polynomial,-0.3362380570181418
2010-08-13,polynomial,-0.3449289318989726
2010-08-16,polynomial,-0.3439662754002572
2010-08-17,polynomial,-0.3438906461357631
2010-08-18,polynomial,-0.3196550552933095
2010-08-19,polynomial,-0.31479045367819564
2010-08-20,polynomial,-0.32681175295251064
2010-08-23,polynomial,-0.3615375851298005
2010-08-24,polynomial,-0.38003374017711855
2010-08-25,polynomial,-0.36293828868297595
2010-08-26,polynomial,-0.36610087774796574
2010-08-27,polynomial,-0.36738733038792765
2010-08-30,polynomial,-0.37171489556245074
2010-08-31,polynomial,-0.33933848005067957
2010-09-01,polynomial,-0.33083884457255375
2010-09-02,polynomial,-0.3348274609661018
2010-09-03,polynomial,-0.3362690234781391
2010-09-06,polynomial,-0.36084642750742724
2010-09-07,polynomial,-0.36271093463682386
2010-09-08,polynomial,-0.3487175403771955
2010-09-09,polynomial,-0.3490421656638927
2010-09-10,polynomial,-0.32598142526256396
2010-09-13,polynomial,-0.3068415288274562
2010-09-14,polynomial,-0.3065646814735107
2010-09-15,polynomial,-0.3283823856024218
2010-09-16,polynomial,-0.333632006324989
2010-09-17,polynomial,-0.2921740610020708
2010-09-20,polynomial,-0.27001145855413605
2010-09-21,polynomial,-0.2817028716432687
2010-09-22,polynomial,-0.3240435387598606
2010-09-23,polynomial,-0.31139731626001754
2010-09-24,polynomial,-0.31947777205921596
2010-09-27,polynomial,-0.32107274752294274
2010-09-28,polynomial,-0.32797841817934864
2010-09-29,polynomial,-0.31942798687530327
2010-09-30,polynomial,-0.34982241414082654
2010-10-01,polynomial,-0.34577844253015405
2010-10-04,polynomial,-0.296657697341015
2010-10-05,polynomial,-0.28812888879084614
2010-10-06,polynomial,-0.2798346826767836
2010-10-07,polynomial,-0.28990162207911246
2010-10-08,polynomial,-0.29452552663624887
2010-10-11,polynomial,-0.28078283806722476
2010-10-12,polynomial,-0.27088451324789364
2010-10-13,polynomial,-0.25724529556958015
2010-10-14,polynomial,-0.22862963475393366
2010-10-15,polynomial,-0.28164131194151926
2010-10-18,polynomial,-0.24591005747492678
2010-10-19,polynomial,-0.24950630827221007
2010-10-20,polynomial,-0.22971158760655888
2010-10-21,polynomial,-0.25861121449538416
2010-10-22,polynomial,-0.2762911076101225
2010-10-25,polynomial,-0.28895011530903797
2010-10-26,polynomial,-0.2907246544049837
2010-10-27,polynomial,-0.2925733146839391
2010-10-28,polynomial,-0.30487097024382975
2010-10-29,polynomial,-0.29385664804103695
2010-11-01,polynomial,-0.291390117320753
2010-11-02,polynomial,-0.2838355303732812
2010-11-03,polynomial,-0.2550909278231665
2010-11-04,polynomial,-0.25539306028921166
2010-11-05,polynomial,-0.23656067229630567
2010-11-08,polynomial,-0.23089958866344318
2010-11-09,polynomial,-0.23836484113178807
2010-11-10,polynomial,-0.22983113638489505
2010-11-11,polynomial,-0.24041657899976626
2010-11-12,polynomial,-0.21755917868650637
2010-11-15,polynomial,-0.2559128804343493
2010-11-16,polynomial,-0.2570683559359543
2010-11-17,polynomial,-0.26735069943162154
2010-11-18,polynomial,-0.26172781592704
2010-11-19,polynomial,-0.2678130060393676
2010-11-22,polynomial,-0.30048172460066
2010-11-23,polynomial,-0.30496100721609193
2010-11-24,polynomial,-0.28082123636190914
2010-11-25,polynomial,-0.28587012037562964
2010-11-26,polynomial,-0.29943655290994203
2010-11-29,polynomial,-0.3188950086148368
2010-11-30,polynomial,-0.2874555643529336
2010-12-01,polynomial,-0.23764833322605328
2010-12-02,polynomial,-0.25846545977361746
2010-12-03,polynomial,-0.22673508254845065
2010-12-06,polynomial,-0.22078891728791555
2010-12-07,polynomial,-0.20801837202597884
2010-12-08,polynomial,-0.17722172131210978
2010-12-09,polynomial,-0.17771188411553157
2010-12-10,polynomial,-0.18517652297873877
2010-12-13,polynomial,-0.17941074271727403
2010-12-14,polynomial,-0.19758394007842273
2010-12-15,polynomial,-0.20199060583945463
2010-12-16,polynomial,-0.21156322598343744
2010-12-17,polynomial,-0.21411600897623412
2010-12-20,polynomial,-0.20287673303589573
2010-12-21,polynomial,-0.20157838813586842
2010-12-22,polynomial,-0.22285934607724203
2010-12-23,polynomial,-0.23608925367636482
2010-12-24,polynomial,-0.24877772283075392
2010-12-27,polynomial,-0.257368148623332
2010-12-28,polynomial,-0.2622449688313596
2010-12-29,polynomial,-0.25092938469063664
2010-12-30,polynomial,-0.24901781072693532
2010-12-31,polynomial,-0.25710003899419176
2011-01-03,polynomial,-0.23302041528726725
2011-01-04,polynomial,-0.22903324919588774
2011-01-05,polynomial,-0.23470402423239475
2011-01-06,polynomial,-0.23943643015348773
2011-01-07,polynomial,-0.20845721465595113
2011-01-10,polynomial,-0.18220488340374563
2011-01-11,polynomial,-0.14625731928024915
2011-01-12,polynomial,-0.12283155928751002
2011-01-13,polynomial,-0.10711323061388933
2011-01-14,polynomial,-0.09350101274418512
2011-01-17,polynomial,-0.09096223762684613
2011-01-18,polynomial,-0.09835273081619583
2011-01-19,polynomial,-0.09937118054803143
2011-01-20,polynomial,-0.07583596961592473
2011-01-21,polynomial,-0.025915922404497232
2011-01-24,polynomial,0.001868093219207067
2011-01-25,polynomial,-0.003656209714706533
2011-01-26,polynomial,0.0020942841213273666
2011-01-27,polynomial,-0.024700351243505836
2011-01-28,polynomial,-0.010305535944720634
2011-01-31,polynomial,0.03105978424818797
2011-02-01,polynomial,0.041374244122507765
2011-02-02,polynomial,0.009207042171878569
2011-02-03,polynomial,-0.0021803125638424313
2011-02-04,polynomial,0.001345313366157969
2011-02-07,polynomial,-0.0006594832640589307
2011-02-08,polynomial,-0.006897454205860431
2011-02-09,polynomial,0.012009412136911871
2011-02-10,polynomial,0.003173675829567172
2011-02-11,polynomial,0.009133215513355872
2011-02-14,polynomial,-0.00044740750020932744
2011-02-15,polynomial,0.02747166193786637
2011-02-16,polynomial,0.02191109522773567
2011-02-17,polynomial,0.008301452328653572
2011-02-18,polynomial,0.004330906723350873
2011-02-21,polynomial,-0.04758951285836442
2011-02-22,polynomial,-0.04875257319371872
2011-02-23,polynomial,-0.04472873262915673
2011-02-24,polynomial,-0.04634252893500133
2011-02-25,polynomial,-0.051730740210626326
2011-02-28,polynomial,-0.07139833926144312
2011-03-01,polynomial,-0.07672704582321792
2011-03-02,polynomial,-0.09087455561708692
2011-03-03,polynomial,-0.11471207369924592
2011-03-04,polynomial,-0.09857527652817911
2011-03-07,polynomial,-0.07845085853773262
2011-03-08,polynomial,-0.08409852284344863
2011-03-09,polynomial,-0.10305199067232422
2011-03-10,polynomial,-0.10512326471797383
2011-03-11,polynomial,-0.11610690887498773
2011-03-14,polynomial,-0.1428892726515521
2011-03-15,polynomial,-0.1676078833019332
2011-03-16,polynomial,-0.14798790027680742
2011-03-17,polynomial,-0.13837216971370783
2011-03-18,polynomial,-0.15477598605359194
2011-03-21,polynomial,-0.14725760248088102
2011-03-22,polynomial,-0.14705333472538012
2011-03-23,polynomial,-0.14448995582225752
2011-03-24,polynomial,-0.14990383805833082
2011-03-25,polynomial,-0.1402062904032561
2011-03-28,polynomial,-0.17296561355214624
2011-03-29,polynomial,-0.17488719967936645
2011-03-30,polynomial,-0.18189540308517932
2011-03-31,polynomial,-0.18922780375841933
2011-04-01,polynomial,-0.19368017796607315
2011-04-04,polynomial,-0.1634014222427077
2011-04-05,polynomial,-0.14779517844098583
2011-04-06,polynomial,-0.15124322743335963
2011-04-07,polynomial,-0.13891223126555144
2011-04-08,polynomial,-0.11697015313643572
2011-04-11,polynomial,-0.13423500056185392
2011-04-12,polynomial,-0.1309329005395953
2011-04-13,polynomial,-0.10837126631257782
2011-04-14,polynomial,-0.10625187662654442
2011-04-15,polynomial,-0.12538475735526083
2011-04-18,polynomial,-0.11051455751843593
2011-04-19,polynomial,-0.10280734173976552
2011-04-20,polynomial,-0.03810312777464672
2011-04-21,polynomial,-0.015653158511749928
2011-04-22,polynomial,0.03745713920803887
2011-04-25,polynomial,0.05826773328662997
2011-04-26,polynomial,0.06859084269043186
2011-04-27,polynomial,0.09246259701120527
2011-04-28,polynomial,0.09575389278178767
2011-04-29,polynomial,0.10188125219770047
2011-05-02,polynomial,0.15145472584288996
2011-05-03,polynomial,0.1391851973530395
2011-05-04,polynomial,0.12693162866859617
2011-05-05,polynomial,0.13554299739362277
2011-05-06,polynomial,0.15662830296935967
2011-05-09,polynomial,0.14452538652038438
2011-05-10,polynomial,0.1380302052955158
2011-05-11,polynomial,0.15148460532751495
2011-05-12,polynomial,0.12784903504021028
2011-05-13,polynomial,0.08184234174881187
2011-05-16,polynomial,0.09382858133555307
2011-05-17,polynomial,0.10123737879900188
2011-05-18,polynomial,0.11671005175952508
2011-05-19,polynomial,0.09929121614176886
2011-05-20,polynomial,0.09381895377776357
2011-05-23,polynomial,0.13190429492859237
2011-05-24,polynomial,0.15152877890370486
2011-05-25,polynomial,0.15465932434595467
2011-05-26,polynomial,0.1534678497878285
2011-05-27,polynomial,0.12420068913067928
2011-05-30,polynomial,0.13060604248709137
2011-05-31,polynomial,0.11639523533791497
2011-06-01,polynomial,0.08343329329398527
2011-06-02,polynomial,0.09465820420272217
2011-06-03,polynomial,0.08509888841278027
2011-06-06,polynomial,0.07351789230410896
2011-06-07,polynomial,0.06642824228886186
2011-06-08,polynomial,0.07525388334755118
2011-06-09,polynomial,0.07206490536185928
2011-06-10,polynomial,0.09947031242129357
2011-06-13,polynomial,0.09657061506498657
2011-06-14,polynomial,0.07647138570028547
2011-06-15,polynomial,0.10682351861783007
2011-06-16,polynomial,0.11216289477124879
2011-06-17,polynomial,0.11743324695233669
2011-06-20,polynomial,0.12452871588920038
2011-06-21,polynomial,0.12360745161067119
2011-06-22,polynomial,0.058316639883932986
2011-06-23,polynomial,0.0022519169016135855
2011-06-24,polynomial,-0.015467964609754813
2011-06-27,polynomial,-0.011478730334552312
2011-06-28,polynomial,0.007512992706406287
2011-06-29,polynomial,-0.003397378193662013
2011-06-30,polynomial,0.02268301036980009
2011-07-01,polynomial,0.027312329432725185
2011-07-04,polynomial,0.05303754990554908
2011-07-05,polynomial,0.036183730721664184
2011-07-06,polynomial,0.03758889614200469
2011-07-07,polynomial,0.025389102965104583
2011-07-08,polynomial,-0.002302998890801015
2011-07-11,polynomial,-0.021344251599684214
2011-07-12,polynomial,-0.015072522729723516
2011-07-13,polynomial,-0.04052310168610162
2011-07-14,polynomial,-0.04647996796677231
2011-07-15,polynomial,-0.04673417182122812
2011-07-18,polynomial,-0.036632501675721116
2011-07-19,polynomial,0.0007411256649639819
2011-07-20,polynomial,0.06377972083165438
2011-07-21,polynomial,0.07321055799718418
2011-07-22,polynomial,0.08519388158920808
2011-07-25,polynomial,0.08898585518301337
2011-07-26,polynomial,0.06847968905150847
2011-07-27,polynomial,0.08961230337478199
2011-07-28,polynomial,0.1232585522668389
2011-07-29,polynomial,0.14364245072893567
2011-08-01,polynomial,0.11357034062299787
2011-08-02,polynomial,0.09985249653643027
2011-08-03,polynomial,0.03730353008123028
2011-08-04,polynomial,0.009878450788424531
2011-08-05,polynomial,0.02812955886632273
2011-08-08,polynomial,0.09222744607205682
2011-08-09,polynomial,0.03270017332931693
2011-08-10,polynomial,0.09804618094695493
2011-08-11,polynomial,0.15698133992788915
2011-08-12,polynomial,0.14158000564761702
2011-08-15,polynomial,0.12812663424549373
2011-08-16,polynomial,0.12247759601985712
2011-08-17,polynomial,0.04682512634248753
2011-08-18,polynomial,-0.02255305273166657
2011-08-19,polynomial,-0.028556690883580472
2011-08-22,polynomial,-0.03476647469046318
2011-08-23,polynomial,-0.0042830857454624754
2011-08-24,polynomial,0.025049457434443027
2011-08-25,polynomial,0.016802007356893526
2011-08-26,polynomial,-0.006319500628778275
2011-08-29,polynomial,-0.010208225002978475
2011-08-30,polynomial,0.008852026460448225
2011-08-31,polynomial,-0.011479856015998276
2011-09-01,polynomial,-0.06491225631169667
2011-09-02,polynomial,-0.05323445792743878
2011-09-05,polynomial,-0.07377680362036178
2011-09-06,polynomial,-0.035438683276787175
2011-09-07,polynomial,-0.032961101823767075
2011-09-08,polynomial,-0.06662651171469827
2011-09-09,polynomial,-0.05701802916584117
2011-09-12,polynomial,-0.02508428952069218
2011-09-13,polynomial,-0.018449143154005573
2011-09-14,polynomial,0.04360538340159863
2011-09-15,polynomial,0.053383868307330724
2011-09-16,polynomial,0.05824771260338773
2011-09-19,polynomial,0.056396783867671926
2011-09-20,polynomial,0.026539164118892827
2011-09-21,polynomial,-0.05008392382496177
2011-09-22,polynomial,-0.020011250308346364
2011-09-23,polynomial,-0.021334076068734966
2011-09-26,polynomial,0.023931035517528433
2011-09-27,polynomial,0.0028355184679765347
2011-09-28,polynomial,0.03424710088829503
2011-09-29,polynomial,-0.006954069544865566
2011-09-30,polynomial,0.003933707530141535
2011-10-03,polynomial,0.010425246352832134
2011-10-04,polynomial,0.06877975358788634
2011-10-05,polynomial,0.11107441620399464
2011-10-06,polynomial,0.10192228435723104
2011-10-07,polynomial,0.09375781693128044
2011-10-10,polynomial,0.11248938748938554
2011-10-11,polynomial,0.14114562300908923
2011-10-12,polynomial,0.10806581937736814
2011-10-13,polynomial,0.10504099479977434
2011-10-14,polynomial,0.10585441379284544
2011-10-17,polynomial,0.12621966610195784
2011-10-18,polynomial,0.14835816240752794
2011-10-19,polynomial,0.14520842832914194
2011-10-20,polynomial,0.18277618618169714
2011-10-21,polynomial,0.15951268095286913
2011-10-24,polynomial,0.13996458353326585
2011-10-25,polynomial,0.14807208065947594
2011-10-26,polynomial,0.26058961062842284
2011-10-27,polynomial,0.2737987570719773
2011-10-28,polynomial,0.28236199342352014
2011-10-31,polynomial,0.18706764857934294
2011-11-01,polynomial,0.20566173127867132
2011-11-02,polynomial,0.24814008485319214
2011-11-03,polynomial,0.23818323753463722
2011-11-04,polynomial,0.2209761401533928
2011-11-07,polynomial,0.24409493971451635
2011-11-08,polynomial,0.20680330827594354
2011-11-09,polynomial,0.2293644374105429
2011-11-10,polynomial,0.2719863402394154
2011-11-11,polynomial,0.27305835576348253
2011-11-14,polynomial,0.2750672220099905
2011-11-15,polynomial,0.27001463912658663
2011-11-16,polynomial,0.2657266604615923
2011-11-17,polynomial,0.23334893984793362
2011-11-18,polynomial,0.20020555922330563
2011-11-21,polynomial,0.15694120150865543
2011-11-22,polynomial,0.13164648100796322
2011-11-23,polynomial,0.14513415263770485
2011-11-24,polynomial,0.14019133851661691
2011-11-25,polynomial,0.11621816057513754
2011-11-28,polynomial,0.11652380824994683
2011-11-29,polynomial,0.17558444074415602
2011-11-30,polynomial,0.16421197913313942
2011-12-01,polynomial,0.23086257872010993
2011-12-02,polynomial,0.23997367820208504
2011-12-05,polynomial,0.25055967442656635
2011-12-06,polynomial,0.25275526819662425
2011-12-07,polynomial,0.19464055741275524
2011-12-08,polynomial,0.22966691721786522
2011-12-09,polynomial,0.23244903002451564
2011-12-12,polynomial,0.20437526889228225
2011-12-13,polynomial,0.17691652354767284
2011-12-14,polynomial,0.17840550310891695
2011-12-15,polynomial,0.18605333857648973
2011-12-16,polynomial,0.18864488653233863
2011-12-19,polynomial,0.21605236672258776
2011-12-20,polynomial,0.21472670789242904
2011-12-21,polynomial,0.22438845584874556
2011-12-22,polynomial,0.22339478046259234
2011-12-23,polynomial,0.23366260629152075
2011-12-26,polynomial,0.25122812762485475
2011-12-27,polynomial,0.23138629987474751
2011-12-28,polynomial,0.23395759167752353
2011-12-29,polynomial,0.19991757476545263
2011-12-30,polynomial,0.19057302910661325
2012-01-02,polynomial,0.20143054164657564
2012-01-03,polynomial,0.19373725617736584
2012-01-04,polynomial,0.15374996214418785
2012-01-05,polynomial,0.14548280671979585
2012-01-06,polynomial,0.13661228150815274
2012-01-09,polynomial,0.17052084105942464
2012-01-10,polynomial,0.18990190135488513
2012-01-11,polynomial,0.21384143155641547
2012-01-12,polynomial,0.22384342339916566
2012-01-13,polynomial,0.20904096839497305
2012-01-16,polynomial,0.22811319612621322
2012-01-17,polynomial,0.24663174138113264
2012-01-18,polynomial,0.2753022775531986
2012-01-19,polynomial,0.2822430974849123
2012-01-20,polynomial,0.28904205532142213
2012-01-23,polynomial,0.28641327029418034
2012-01-24,polynomial,0.2860574772138854
2012-01-25,polynomial,0.2853177542319887
2012-01-26,polynomial,0.2891117407474226
2012-01-27,polynomial,0.29188652711750657
2012-01-30,polynomial,0.29937288341224855
2012-01-31,polynomial,0.32964290815708364
2012-02-01,polynomial,0.3387452115539181
2012-02-02,polynomial,0.3343160445967284
2012-02-03,polynomial,0.3238250384636857
2012-02-06,polynomial,0.32617284508481165
2012-02-07,polynomial,0.344745416418719
2012-02-08,polynomial,0.36985478524108584
2012-02-09,polynomial,0.34260262512912887
2012-02-10,polynomial,0.34460656327181494
2012-02-13,polynomial,0.31611199433060044
2012-02-14,polynomial,0.32119705591459524
2012-02-15,polynomial,0.33452117734481723
2012-02-16,polynomial,0.36010924420108686
2012-02-17,polynomial,0.35037284037256333
2012-02-20,polynomial,0.35369895132787693
2012-02-21,polynomial,0.3345176864779739
2012-02-22,polynomial,0.32306764619517725
2012-02-23,polynomial,0.3327255059793748
2012-02-24,polynomial,0.34742670146750354
2012-02-27,polynomial,0.35964649694540785
2012-02-28,polynomial,0.3626120965692428
2012-02-29,polynomial,0.39774399729004234
2012-03-01,polynomial,0.42357959983586185
2012-03-02,polynomial,0.41397210280594443
2012-03-05,polynomial,0.36920059770403485
2012-03-06,polynomial,0.38007264077791403
2012-03-07,polynomial,0.39520357635925735
2012-03-08,polynomial,0.395279357365033
2012-03-09,polynomial,0.3883039301391554
2012-03-12,polynomial,0.43319908728060713
2012-03-13,polynomial,0.43613282331647796
2012-03-14,polynomial,0.45193960739044897
2012-03-15,polynomial,0.46690812345124805
2012-03-16,polynomial,0.47890636609575626
2012-03-19,polynomial,0.46356860814455664
2012-03-20,polynomial,0.45237508111819047
2012-03-21,polynomial,0.4369478877327249
2012-03-22,polynomial,0.4269265802938624
2012-03-23,polynomial,0.41999894892152406
2012-03-26,polynomial,0.41376226633018964
2012-03-27,polynomial,0.40340983580722845
2012-03-28,polynomial,0.39048568254932164
2012-03-29,polynomial,0.391812741481447
2012-03-30,polynomial,0.40795550035880945
2012-04-02,polynomial,0.3987044191114822
2012-04-03,polynomial,0.37173882456607804
2012-04-04,polynomial,0.366094699017364
2012-04-05,polynomial,0.35503852417945847
2012-04-06,polynomial,0.33883174565897445
2012-04-09,polynomial,0.30322077157060745
2012-04-10,polynomial,0.32576766332303264
2012-04-11,polynomial,0.34108457359849276
2012-04-12,polynomial,0.2979990990132285
2012-04-13,polynomial,0.28795166174722364
2012-04-16,polynomial,0.32072265800304683
2012-04-17,polynomial,0.2936736195478654
2012-04-18,polynomial,0.2812648724991302
2012-04-19,polynomial,0.3008330025807578
2012-04-20,polynomial,0.3199453251801826
2012-04-23,polynomial,0.33282282205653396
2012-04-24,polynomial,0.35331975311168856
2012-04-25,polynomial,0.32806232729177515
2012-04-26,polynomial,0.33904686170170534
2012-04-27,polynomial,0.34748944715807706
2012-04-30,polynomial,0.37500803302167884
2012-05-01,polynomial,0.35788295650211355
2012-05-02,polynomial,0.3421192183945595
2012-05-03,polynomial,0.3256171884480274
2012-05-04,polynomial,0.32662310648222426
2012-05-07,polynomial,0.3219289289546651
2012-05-08,polynomial,0.30103854066182156
2012-05-09,polynomial,0.3322866763769319
2012-05-10,polynomial,0.29887977273913696
2012-05-11,polynomial,0.30062225933439546
2012-05-14,polynomial,0.267747382721065
2012-05-15,polynomial,0.2573106542563899
2012-05-16,polynomial,0.22503689303919996
2012-05-17,polynomial,0.22845874662156576
2012-05-18,polynomial,0.23612512010649056
2012-05-21,polynomial,0.24788057178252493
2012-05-22,polynomial,0.21187908915453027
2012-05-23,polynomial,0.21889797920666718
2012-05-24,polynomial,0.22113365918008357
2012-05-25,polynomial,0.22073736982182096
2012-05-28,polynomial,0.22750124808508926
2012-05-29,polynomial,0.20671100547165638
2012-05-30,polynomial,0.20131153145331426
2012-05-31,polynomial,0.20651172923848266
2012-06-01,polynomial,0.21681125754512376
2012-06-04,polynomial,0.22028574000794546
2012-06-05,polynomial,0.25870428292735637
2012-06-06,polynomial,0.25211071812245445
2012-06-07,polynomial,0.25097086016088227
2012-06-08,polynomial,0.27546498761696897
2012-06-11,polynomial,0.29007249515636957
2012-06-12,polynomial,0.2920736723592824
2012-06-13,polynomial,0.29183430432698065
2012-06-14,polynomial,0.30139296739544913
2012-06-15,polynomial,0.28337914141220527
2012-06-18,polynomial,0.2777119058566143
2012-06-19,polynomial,0.29233407472645523
2012-06-20,polynomial,0.29035651530281203
2012-06-21,polynomial,0.30534076134572224
2012-06-22,polynomial,0.29980044021284336
2012-06-25,polynomial,0.3053242738173691
2012-06-26,polynomial,0.32910967034568006
2012-06-27,polynomial,0.3231289478044779
2012-06-28,polynomial,0.36293526945278765
2012-06-29,polynomial,0.362548762329744
2012-07-02,polynomial,0.37347835406481417
2012-07-03,polynomial,0.3688323642305607
2012-07-04,polynomial,0.33914191619252526
2012-07-05,polynomial,0.2822672899584241
2012-07-06,polynomial,0.22029003795158247
2012-07-09,polynomial,0.21602821803687688
2012-07-10,polynomial,0.21896888112883708
2012-07-11,polynomial,0.20290419699012816
2012-07-12,polynomial,0.23942464851203588
2012-07-13,polynomial,0.23205012052306237
2012-07-16,polynomial,0.23504188619406885
2012-07-17,polynomial,0.23835069598051084
2012-07-18,polynomial,0.27582778841591055
2012-07-19,polynomial,0.25166121152889986
2012-07-20,polynomial,0.29630513736693637
2012-07-23,polynomial,0.31365322580846183
2012-07-24,polynomial,0.32072542815673033
2012-07-25,polynomial,0.3103370271918914
2012-07-26,polynomial,0.4115316599956008
2012-07-27,polynomial,0.3662656111657898
2012-07-30,polynomial,0.3140561568945911
2012-07-31,polynomial,0.3123206744478149
2012-08-01,polynomial,0.2886460367648879
2012-08-02,polynomial,0.3250977009301096
2012-08-03,polynomial,0.3999403370349587
2012-08-06,polynomial,0.4470434108887029
2012-08-07,polynomial,0.447419368277482
2012-08-08,polynomial,0.43431425107746996
2012-08-09,polynomial,0.3957696698043285
2012-08-10,polynomial,0.3899198718248782
2012-08-13,polynomial,0.40268618485535673
2012-08-14,polynomial,0.40345400237618473
2012-08-15,polynomial,0.4195618027657691
2012-08-16,polynomial,0.4093981910849407
2012-08-17,polynomial,0.4193710504323626
2012-08-20,polynomial,0.48882625922929807
2012-08-21,polynomial,0.4875620825966291
2012-08-22,polynomial,0.510647989622432
2012-08-23,polynomial,0.4705815540808366
2012-08-24,polynomial,0.47437276419822405
2012-08-27,polynomial,0.5159332370624623
2012-08-28,polynomial,0.5169552511621112
2012-08-29,polynomial,0.45185493244159985
2012-08-30,polynomial,0.45505056223476537
2012-08-31,polynomial,0.39805522405810334
2012-09-03,polynomial,0.3935455513772788
2012-09-04,polynomial,0.39218353942247947
2012-09-05,polynomial,0.4347987046120756
2012-09-06,polynomial,0.5006185572251141
2012-09-07,polynomial,0.5506226477826455
2012-09-10,polynomial,0.5249628393114332
2012-09-11,polynomial,0.5375296575155323
2012-09-12,polynomial,0.5078931489912079
2012-09-13,polynomial,0.5640851160632299
2012-09-14,polynomial,0.5295369348512199
2012-09-17,polynomial,0.5375390178263088
2012-09-18,polynomial,0.5410620326156309
2012-09-19,polynomial,0.5314252263152371
2012-09-20,polynomial,0.4774196306497644
2012-09-21,polynomial,0.4340139419648172
2012-09-24,polynomial,0.4419757202043901
2012-09-25,polynomial,0.41878747085717466
2012-09-26,polynomial,0.4064788007272558
2012-09-27,polynomial,0.36427280078661045
2012-09-28,polynomial,0.39937687797481436
2012-10-01,polynomial,0.4054961006161525
2012-10-02,polynomial,0.41311544708117337
2012-10-03,polynomial,0.4038624216010266
2012-10-04,polynomial,0.40523584928698164
2012-10-05,polynomial,0.40656878646321964
2012-10-08,polynomial,0.35439298033913036
2012-10-09,polynomial,0.3546036597424447
2012-10-10,polynomial,0.3898952453646134
2012-10-11,polynomial,0.37579808140978915
2012-10-12,polynomial,0.2703849219023827
2012-10-15,polynomial,0.28890650195496814
2012-10-16,polynomial,0.31100237873779984
2012-10-17,polynomial,0.4156989860366202
2012-10-18,polynomial,0.3801068511114182
2012-10-19,polynomial,0.3641070945535538
2012-10-22,polynomial,0.35726799436330975
2012-10-23,polynomial,0.35664914317103774
2012-10-24,polynomial,0.3411144810523425
2012-10-25,polynomial,0.37105524966721776
2012-10-26,polynomial,0.3762541091645123
2012-10-29,polynomial,0.34108850212459185
2012-10-30,polynomial,0.34125065390344506
2012-10-31,polynomial,0.3743664086593847
2012-11-01,polynomial,0.3791768333102303
2012-11-02,polynomial,0.4101900201234978
2012-11-05,polynomial,0.4244003967682345
2012-11-06,polynomial,0.39864786964478327
2012-11-07,polynomial,0.43575518061609203
2012-11-08,polynomial,0.45542314395671174
2012-11-09,polynomial,0.4482975698752182
2012-11-12,polynomial,0.4435040478342758
2012-11-13,polynomial,0.43178497573149216
2012-11-14,polynomial,0.43712101697021594
2012-11-15,polynomial,0.36439580471130767
2012-11-16,polynomial,0.37007043366022063
2012-11-19,polynomial,0.3216345030952265
2012-11-20,polynomial,0.32467809171298073
2012-11-21,polynomial,0.3349205379922062
2012-11-22,polynomial,0.34051670827763586
2012-11-23,polynomial,0.38518840017604095
2012-11-26,polynomial,0.34977412235621536
2012-11-27,polynomial,0.34685769898527447
2012-11-28,polynomial,0.38877813588322907
2012-11-29,polynomial,0.41590627568933897
2012-11-30,polynomial,0.40885261593452976
2012-12-03,polynomial,0.409973503670684
2012-12-04,polynomial,0.42273589961315744
2012-12-05,polynomial,0.39426311424531296
2012-12-06,polynomial,0.39503574179582146
2012-12-07,polynomial,0.37450878870265086
2012-12-10,polynomial,0.3765924417848104
2012-12-11,polynomial,0.38321018731879436
2012-12-12,polynomial,0.38989139165655945
2012-12-13,polynomial,0.41063985877966563
2012-12-14,polynomial,0.4018483375689254
2012-12-17,polynomial,0.4160480573665711
2012-12-18,polynomial,0.42988802801446807
2012-12-19,polynomial,0.41344060365940133
2012-12-20,polynomial,0.40829159911314766
2012-12-21,polynomial,0.44019544366621904
2012-12-24,polynomial,0.45528634028929865
2012-12-25,polynomial,0.45510759068814305
2012-12-26,polynomial,0.4169525800838766
2012-12-27,polynomial,0.39174052224064204
2012-12-28,polynomial,0.3820419794804575
2012-12-31,polynomial,0.37647562522573297
2013-01-01,polynomial,0.40828188428309936
2013-01-02,polynomial,0.40066585302807234
2013-01-03,polynomial,0.38988720695941514
2013-01-04,polynomial,0.33198272649553695
2013-01-07,polynomial,0.31986535227991897
2013-01-08,polynomial,0.33396000237840207
2013-01-09,polynomial,0.3524584684893435
2013-01-10,polynomial,0.3612867125401739
2013-01-11,polynomial,0.35481266063334993
2013-01-14,polynomial,0.3546410004331871
2013-01-15,polynomial,0.3515722436595431
2013-01-16,polynomial,0.3434423359575474
2013-01-17,polynomial,0.31785269056127646
2013-01-18,polynomial,0.30122975866554996
2013-01-21,polynomial,0.2744875615089836
2013-01-22,polynomial,0.2674523236409229
2013-01-23,polynomial,0.276381691890947
2013-01-24,polynomial,0.26058334879489
2013-01-25,polynomial,0.25954649482469067
2013-01-28,polynomial,0.29006663431350116
2013-01-29,polynomial,0.2845676890101619
2013-01-30,polynomial,0.303064266202829
2013-01-31,polynomial,0.3043056530962095
2013-02-01,polynomial,0.3008519052180144
2013-02-04,polynomial,0.29235714633681154
2013-02-05,polynomial,0.2910672694732893
2013-02-06,polynomial,0.2912080203248619
2013-02-07,polynomial,0.32160235648129293
2013-02-08,polynomial,0.3189803927755505
2013-02-11,polynomial,0.33567757095494466
2013-02-12,polynomial,0.33140132994912935
2013-02-13,polynomial,0.322086046526562
2013-02-14,polynomial,0.30685363198140464
2013-02-15,polynomial,0.29404881215188405
2013-02-18,polynomial,0.30124151513946246
2013-02-19,polynomial,0.28812007792763134
2013-02-20,polynomial,0.28842207545505083
2013-02-21,polynomial,0.2857262379227155
2013-02-22,polynomial,0.26539236878556616
2013-02-25,polynomial,0.25310512159949994
2013-02-26,polynomial,0.26995726481413834
2013-02-27,polynomial,0.23298902995135012
2013-02-28,polynomial,0.22355672189033993
2013-03-01,polynomial,0.21664109835759934
2013-03-04,polynomial,0.21642982303746844
2013-03-05,polynomial,0.21325652495523195
2013-03-06,polynomial,0.21294762030639414
2013-03-07,polynomial,0.24575506945179484
2013-03-08,polynomial,0.26235573298571885
2013-03-11,polynomial,0.24800744992578125
2013-03-12,polynomial,0.24242869372677653
2013-03-13,polynomial,0.25490965489491246
2013-03-14,polynomial,0.26793545031729016
2013-03-15,polynomial,0.29171204905736403
2013-03-18,polynomial,0.26171467405462623
2013-03-19,polynomial,0.26733829767745265
2013-03-20,polynomial,0.28064261964932796
2013-03-21,polynomial,0.29903142281933554
2013-03-22,polynomial,0.306551896279232
2013-03-25,polynomial,0.30615300597989137
2013-03-26,polynomial,0.29976222053046325
2013-03-27,polynomial,0.3302867822889348
2013-03-28,polynomial,0.3076700010271074
2013-03-29,polynomial,0.2892408049564933
2013-04-01,polynomial,0.3384482495021092
2013-04-02,polynomial,0.3173380388911867
2013-04-03,polynomial,0.285924646380821
2013-04-04,polynomial,0.3133976904895651
2013-04-05,polynomial,0.32301502300161583
2013-04-08,polynomial,0.3228745993790354
2013-04-09,polynomial,0.3511860151567368
2013-04-10,polynomial,0.3451326614364067
2013-04-11,polynomial,0.3140327245559484
2013-04-12,polynomial,0.3230378857988409
2013-04-15,polynomial,0.32123443264724727
2013-04-16,polynomial,0.312782763645147
2013-04-17,polynomial,0.2814361065448727
2013-04-18,polynomial,0.313272829742342
2013-04-19,polynomial,0.3293198054823495
2013-04-22,polynomial,0.3661049765806324
2013-04-23,polynomial,0.3714224266589579
2013-04-24,polynomial,0.3964613811159744
2013-04-25,polynomial,0.41597855787241383
2013-04-26,polynomial,0.39274314929968385
2013-04-29,polynomial,0.41264015480009864
2013-04-30,polynomial,0.4138199805168991
2013-05-01,polynomial,0.4352088304711937
2013-05-02,polynomial,0.44815730980848706
2013-05-03,polynomial,0.4656906579672227
2013-05-06,polynomial,0.4907515281879494
2013-05-07,polynomial,0.4943295628972249
2013-05-08,polynomial,0.46871867087910807
2013-05-09,polynomial,0.5032977579943888
2013-05-10,polynomial,0.49804980841021546
2013-05-13,polynomial,0.5131464262158661
2013-05-14,polynomial,0.5229417503105344
2013-05-15,polynomial,0.5197337557774983
2013-05-16,polynomial,0.5588005064106015
2013-05-17,polynomial,0.5551328380470225
2013-05-20,polynomial,0.5686821492406956
2013-05-21,polynomial,0.5760430418416328
2013-05-22,polynomial,0.5189708503023571
2013-05-23,polynomial,0.47645075525587455
2013-05-24,polynomial,0.465700014791057
2013-05-27,polynomial,0.4862641413015787
2013-05-28,polynomial,0.4743530964821725
2013-05-29,polynomial,0.4891684235558131
2013-05-30,polynomial,0.4876869126154323
2013-05-31,polynomial,0.4756681488216694
2013-06-03,polynomial,0.4697100637240354
2013-06-04,polynomial,0.4481133078079933
2013-06-05,polynomial,0.4226260609015229
2013-06-06,polynomial,0.4383309734718023
2013-06-07,polynomial,0.4471960658863909
2013-06-10,polynomial,0.43168970640295107
2013-06-11,polynomial,0.4192201617445076
2013-06-12,polynomial,0.44606048754045413
2013-06-13,polynomial,0.4183607716235892
2013-06-14,polynomial,0.4372127219537813
2013-06-17,polynomial,0.402339321433466
2013-06-18,polynomial,0.39847985308996225
2013-06-19,polynomial,0.366415759495214
2013-06-20,polynomial,0.3499614574882881
2013-06-21,polynomial,0.3733952982178934
2013-06-24,polynomial,0.41110061261640024
2013-06-25,polynomial,0.4198112076454799
2013-06-26,polynomial,0.4136599648896592
2013-06-27,polynomial,0.396497594359331
2013-06-28,polynomial,0.4138519389011581
2013-07-01,polynomial,0.3955296593661643
2013-07-02,polynomial,0.382487477853721
2013-07-03,polynomial,0.4075878565535224
2013-07-04,polynomial,0.40174582683119214
2013-07-05,polynomial,0.39997122475610414
2013-07-08,polynomial,0.4531155349058825
2013-07-09,polynomial,0.4425467343938218
2013-07-10,polynomial,0.47515953874389594
2013-07-11,polynomial,0.47191752780114293
2013-07-12,polynomial,0.4296251498414987
2013-07-15,polynomial,0.3791548031199205
2013-07-16,polynomial,0.38889529492667607
2013-07-17,polynomial,0.4216849023209881
2013-07-18,polynomial,0.42276630984936037
2013-07-19,polynomial,0.4527051208615631
2013-07-22,polynomial,0.4277583268466363
2013-07-23,polynomial,0.4325104413204015
2013-07-24,polynomial,0.4193566308857919
2013-07-25,polynomial,0.4186775414760512
2013-07-26,polynomial,0.4178759948794789
2013-07-29,polynomial,0.4218992439710655
2013-07-30,polynomial,0.4250026892342918
2013-07-31,polynomial,0.45583566807956905
2013-08-01,polynomial,0.45293193581895974
2013-08-02,polynomial,0.4397627365156317
2013-08-05,polynomial,0.425324070337954
2013-08-06,polynomial,0.42580781001434576
2013-08-07,polynomial,0.43252288272844064
2013-08-08,polynomial,0.44059886026256573
2013-08-09,polynomial,0.44862924703726914
2013-08-12,polynomial,0.453915172263775
2013-08-13,polynomial,0.45513709291739
2013-08-14,polynomial,0.44994781138167006
2013-08-15,polynomial,0.45800338109409594
2013-08-16,polynomial,0.4689324115557748
2013-08-19,polynomial,0.4546018998272037
2013-08-20,polynomial,0.4518372661872782
2013-08-21,polynomial,0.4640586049377078
2013-08-22,polynomial,0.4690860687079134
2013-08-23,polynomial,0.4291761008267754
2013-08-26,polynomial,0.36169291278387183
2013-08-27,polynomial,0.3706642067351611
2013-08-28,polynomial,0.358506077217194
2013-08-29,polynomial,0.3345295128857922
2013-08-30,polynomial,0.3223163425212296
2013-09-02,polynomial,0.2945205863782533
2013-09-03,polynomial,0.2948778722161194
2013-09-04,polynomial,0.3291268712380806
2013-09-05,polynomial,0.3259710895109317
2013-09-06,polynomial,0.3378412683122807
2013-09-09,polynomial,0.35640060784039673
2013-09-10,polynomial,0.3561313755266011
2013-09-11,polynomial,0.3585240439459322
2013-09-12,polynomial,0.38161417967139166
2013-09-13,polynomial,0.37569283066324954
2013-09-16,polynomial,0.3878325584223022
2013-09-17,polynomial,0.39756999992717107
2013-09-18,polynomial,0.40715040898981264
2013-09-19,polynomial,0.39114271754363295
2013-09-20,polynomial,0.38144242264932693
2013-09-23,polynomial,0.35817504275453665
2013-09-24,polynomial,0.35647346832970506
2013-09-25,polynomial,0.3605242544443878
2013-09-26,polynomial,0.35474446166404583
2013-09-27,polynomial,0.3413739847998418
2013-09-30,polynomial,0.36318279665337255
2013-10-01,polynomial,0.3676415452591665
2013-10-02,polynomial,0.3415720630931663
2013-10-03,polynomial,0.3291864576110814
2013-10-04,polynomial,0.3274449677082535
2013-10-07,polynomial,0.33355625115422904
2013-10-08,polynomial,0.34246453716534186
2013-10-09,polynomial,0.38643540678460125
2013-10-10,polynomial,0.39446464449580226
2013-10-11,polynomial,0.3920914188730619
2013-10-14,polynomial,0.40381867976072905
2013-10-15,polynomial,0.42107705298111925
2013-10-16,polynomial,0.4212818085917708
2013-10-17,polynomial,0.43426457267956936
2013-10-18,polynomial,0.41667079802608453
2013-10-21,polynomial,0.4169866380609494
2013-10-22,polynomial,0.40140362874578867
2013-10-23,polynomial,0.3958000462164213
2013-10-24,polynomial,0.41935009704886106
2013-10-25,polynomial,0.42298703762515816
2013-10-28,polynomial,0.4298068231563181
2013-10-29,polynomial,0.4247717125881958
2013-10-30,polynomial,0.4175723023051008
2013-10-31,polynomial,0.42315279049750176
2013-11-01,polynomial,0.4183946258864203
2013-11-04,polynomial,0.4221390443767663
2013-11-05,polynomial,0.42754050528390225
2013-11-06,polynomial,0.42563180033994746
2013-11-07,polynomial,0.43518944266418275
2013-11-08,polynomial,0.42952426621505857
2013-11-11,polynomial,0.41745249340363016
2013-11-12,polynomial,0.41202337791299803
2013-11-13,polynomial,0.42112688298284956
2013-11-14,polynomial,0.4260622124725862
2013-11-15,polynomial,0.41081854508079096
2013-11-18,polynomial,0.40700596477906104
2013-11-19,polynomial,0.4051216250399127
2013-11-20,polynomial,0.4080265877847682
2013-11-21,polynomial,0.39890648897920705
2013-11-22,polynomial,0.39702159115639973
2013-11-25,polynomial,0.3930868046311818
2013-11-26,polynomial,0.39963956888401625
2013-11-27,polynomial,0.39633202289695074
2013-11-28,polynomial,0.38883235380719217
2013-11-29,polynomial,0.38845730414832874
2013-12-02,polynomial,0.3735864958137869
2013-12-03,polynomial,0.3678514930851813
2013-12-04,polynomial,0.33871987489327504
2013-12-05,polynomial,0.33851967242869035
2013-12-06,polynomial,0.32920053211695516
2013-12-09,polynomial,0.3420126380322553
2013-12-10,polynomial,0.334967672137877
2013-12-11,polynomial,0.3305528886934872
2013-12-12,polynomial,0.32536458345569397
2013-12-13,polynomial,0.32388114748630026
2013-12-16,polynomial,0.32399949794162575
2013-12-17,polynomial,0.33922688627235525
2013-12-18,polynomial,0.3522147961939346
2013-12-19,polynomial,0.3232571254358982
2013-12-20,polynomial,0.3238561821857755
2013-12-23,polynomial,0.3178200638210688
2013-12-24,polynomial,0.3174528335018057
2013-12-25,polynomial,0.3131281664758505
2013-12-26,polynomial,0.3072581698127437
2013-12-27,polynomial,0.29311397289918245
2013-12-30,polynomial,0.2903882729119067
2013-12-31,polynomial,0.2895890664687206
2014-01-01,polynomial,0.2836106823898575
2014-01-02,polynomial,0.28823722733111035
2014-01-03,polynomial,0.2875508925262938
2014-01-06,polynomial,0.3013790106091351
2014-01-07,polynomial,0.3099493849233705
2014-01-08,polynomial,0.3121256554718181
2014-01-09,polynomial,0.3217675369122251
2014-01-10,polynomial,0.3077054895380599
2014-01-13,polynomial,0.3060447940189804
2014-01-14,polynomial,0.3274000432401912
2014-01-15,polynomial,0.3163830431217267
2014-01-16,polynomial,0.32129988576903007
2014-01-17,polynomial,0.3177651877974103
2014-01-20,polynomial,0.3143141297732499
2014-01-21,polynomial,0.31152402586926864
2014-01-22,polynomial,0.2905028095588344
2014-01-23,polynomial,0.2702523530842889
2014-01-24,polynomial,0.2802781405508844
2014-01-27,polynomial,0.2835483093483241
2014-01-28,polynomial,0.2769646249415792
2014-01-29,polynomial,0.2619504210265498
2014-01-30,polynomial,0.251523718117247
2014-01-31,polynomial,0.25584548161806747
2014-02-03,polynomial,0.2815898565499111
2014-02-04,polynomial,0.29020933311033675
2014-02-05,polynomial,0.29681395144718675
2014-02-06,polynomial,0.3172935941616499
2014-02-07,polynomial,0.3496352850144412
2014-02-10,polynomial,0.3562176461330739
2014-02-11,polynomial,0.3646837797939622
2014-02-12,polynomial,0.372732104567293
2014-02-13,polynomial,0.35764184186441567
2014-02-14,polynomial,0.35304662770754197
2014-02-17,polynomial,0.36035171060569876
2014-02-18,polynomial,0.34886987451515494
2014-02-19,polynomial,0.33759779166127146
2014-02-20,polynomial,0.34335658304246874
2014-02-21,polynomial,0.3460508193278011
2014-02-24,polynomial,0.3212614785368259
2014-02-25,polynomial,0.3211826253123139
2014-02-26,polynomial,0.32133235774827007
2014-02-27,polynomial,0.32882608780679207
2014-02-28,polynomial,0.31995761676913526
2014-03-03,polynomial,0.3334891065351029
2014-03-04,polynomial,0.3350083603458744
2014-03-05,polynomial,0.3661145726916529
2014-03-06,polynomial,0.3618933155174622
2014-03-07,polynomial,0.3680481414968267
2014-03-10,polynomial,0.3731470835088876
2014-03-11,polynomial,0.3666821950820393
2014-03-12,polynomial,0.36165332794572486
2014-03-13,polynomial,0.35413666762636836
2014-03-14,polynomial,0.35639054432149747
2014-03-17,polynomial,0.3629746072380595
2014-03-18,polynomial,0.3623703818877813
2014-03-19,polynomial,0.35078205198548656
2014-03-20,polynomial,0.36539608223399717
2014-03-21,polynomial,0.3584310441988939
2014-03-24,polynomial,0.3624935759699206
2014-03-25,polynomial,0.3616127887317087
2014-03-26,polynomial,0.35055392119784945
2014-03-27,polynomial,0.33022031059196594
2014-03-28,polynomial,0.3248614927359148
2014-03-31,polynomial,0.3491790808611946
2014-04-01,polynomial,0.3541725087076919
2014-04-02,polynomial,0.3543704072390739
2014-04-03,polynomial,0.3600635319046581
2014-04-04,polynomial,0.3788575824515648
2014-04-07,polynomial,0.3544424497289762
2014-04-08,polynomial,0.35649868981945
2014-04-09,polynomial,0.31541240166644113
2014-04-10,polynomial,0.2962279691176593
2014-04-11,polynomial,0.2885296751137859
2014-04-14,polynomial,0.2777373008145206
2014-04-15,polynomial,0.2931953497740663
2014-04-16,polynomial,0.2941486406390651
2014-04-17,polynomial,0.29224844067773353
2014-04-18,polynomial,0.28682479576404823
2014-04-21,polynomial,0.28860047746899525
2014-04-22,polynomial,0.29011045935450885
2014-04-23,polynomial,0.2814984986795167
2014-04-24,polynomial,0.266388460269363
2014-04-25,polynomial,0.26664452469095773
2014-04-28,polynomial,0.2817242943413381
2014-04-29,polynomial,0.28210881022801104
2014-04-30,polynomial,0.2779293178865894
2014-05-01,polynomial,0.2684310429949444
2014-05-02,polynomial,0.2727362176027756
2014-05-05,polynomial,0.241346321395018
2014-05-06,polynomial,0.24195516065069503
2014-05-07,polynomial,0.2539262958378196
2014-05-08,polynomial,0.24025282618427782
2014-05-09,polynomial,0.2785862226728402
2014-05-12,polynomial,0.28545470432192604
2014-05-13,polynomial,0.2759632351737649
2014-05-14,polynomial,0.23555648408712482
2014-05-15,polynomial,0.24661492240412813
2014-05-16,polynomial,0.23404500598275843
2014-05-19,polynomial,0.23914880238721062
2014-05-20,polynomial,0.2457236812357463
2014-05-21,polynomial,0.22776790464147592
2014-05-22,polynomial,0.25510113676808344
2014-05-23,polynomial,0.2622922227958807
2014-05-26,polynomial,0.2384694301729498
2014-05-27,polynomial,0.24107407999038602
2014-05-28,polynomial,0.2566857755639041
2014-05-29,polynomial,0.2694502488639534
2014-05-30,polynomial,0.2521432431406435
2014-06-02,polynomial,0.2545912182015143
2014-06-03,polynomial,0.2571195493409058
2014-06-04,polynomial,0.25312659954748584
2014-06-05,polynomial,0.2793816242870688
2014-06-06,polynomial,0.309848392305908
2014-06-09,polynomial,0.3284758354299989
2014-06-10,polynomial,0.3183280335814204
2014-06-11,polynomial,0.2948857210174999
2014-06-12,polynomial,0.28527233906435
2014-06-13,polynomial,0.2912782405983535
2014-06-16,polynomial,0.310377077866628
2014-06-17,polynomial,0.31212293328880847
2014-06-18,polynomial,0.32053291594484346
2014-06-19,polynomial,0.3314602992269036
2014-06-20,polynomial,0.3081193028532891
2014-06-23,polynomial,0.3032913091085842
2014-06-24,polynomial,0.3020707763696432
2014-06-25,polynomial,0.2737643397265857
2014-06-26,polynomial,0.28341717801602573
2014-06-27,polynomial,0.2608057352527377
2014-06-30,polynomial,0.2712439689128312
2014-07-01,polynomial,0.2739477967000837
2014-07-02,polynomial,0.292389363464675
2014-07-03,polynomial,0.2747197486700572
2014-07-04,polynomial,0.2537005916133278
2014-07-07,polynomial,0.23997978586645552
2014-07-08,polynomial,0.2428667228490148
2014-07-09,polynomial,0.223901953254631
2014-07-10,polynomial,0.2190591983869382
2014-07-11,polynomial,0.22211169853018647
2014-07-14,polynomial,0.2252365488932929
2014-07-15,polynomial,0.2354350934246516
2014-07-16,polynomial,0.2257550422493196
2014-07-17,polynomial,0.22452255217315928
2014-07-18,polynomial,0.1910352175043496
2014-07-21,polynomial,0.19965950759478918
2014-07-22,polynomial,0.2014391744540307
2014-07-23,polynomial,0.21696677260146377
2014-07-24,polynomial,0.2145037426489537
2014-07-25,polynomial,0.19148901407967628
2014-07-28,polynomial,0.1813715805555714
2014-07-29,polynomial,0.1860731584012822
2014-07-30,polynomial,0.1644857261164272
2014-07-31,polynomial,0.14957734375381798
2014-08-01,polynomial,0.1585629754053636
2014-08-04,polynomial,0.1407564914596789
2014-08-05,polynomial,0.13144788920724
2014-08-06,polynomial,0.1282309379409425
2014-08-07,polynomial,0.13482711448952509
2014-08-08,polynomial,0.12424263417059389
2014-08-11,polynomial,0.12113281151735969
2014-08-12,polynomial,0.12882654257818238
2014-08-13,polynomial,0.1600406099604729
2014-08-14,polynomial,0.1456292019324422
2014-08-15,polynomial,0.14484565785483727
2014-08-18,polynomial,0.1598585692464136
2014-08-19,polynomial,0.15763837772473419
2014-08-20,polynomial,0.16033225288215008
2014-08-21,polynomial,0.15956214492447468
2014-08-22,polynomial,0.14861390854125417
2014-08-25,polynomial,0.1596964904147868
2014-08-26,polynomial,0.1622299473653924
2014-08-27,polynomial,0.13121969604887299
2014-08-28,polynomial,0.13530560957947518
2014-08-29,polynomial,0.13769954556461808
2014-09-01,polynomial,0.14276111660098384
2014-09-02,polynomial,0.14849726760083184
2014-09-03,polynomial,0.16626207728005823
2014-09-04,polynomial,0.14281854282008866
2014-09-05,polynomial,0.13191827478964843
2014-09-08,polynomial,0.12809158996882944
2014-09-09,polynomial,0.13706449934917833
2014-09-10,polynomial,0.13987913234110794
2014-09-11,polynomial,0.14558510924407722
2014-09-12,polynomial,0.14858778445345683
2014-09-15,polynomial,0.15157495501816176
2014-09-16,polynomial,0.16009599357265816
2014-09-17,polynomial,0.15204608054592075
2014-09-18,polynomial,0.15328754459012867
2014-09-19,polynomial,0.15509155272833386
2014-09-22,polynomial,0.13678033008556814
2014-09-23,polynomial,0.14143207683419484
2014-09-24,polynomial,0.13676136675403563
2014-09-25,polynomial,0.13560536302732035
2014-09-26,polynomial,0.10958591641846485
2014-09-29,polynomial,0.10511051981645694
2014-09-30,polynomial,0.09979337072779774
2014-10-01,polynomial,0.08127745566566565
2014-10-02,polynomial,0.08060495103465826
2014-10-03,polynomial,0.07742318225048656
2014-10-06,polynomial,0.05009552800815045
2014-10-07,polynomial,0.05675983750087005
2014-10-08,polynomial,0.043436656620262935
2014-10-09,polynomial,0.04652504323499014
2014-10-10,polynomial,0.03885652547137644
2014-10-13,polynomial,0.04267791938699954
2014-10-14,polynomial,0.007531969779288342
2014-10-15,polynomial,0.0034916426102359426
2014-10-16,polynomial,0.03704603562317524
2014-10-17,polynomial,0.04121123680636374
2014-10-20,polynomial,0.07192366531911544
2014-10-21,polynomial,0.07155165067629714
2014-10-22,polynomial,0.09092900889394044
2014-10-23,polynomial,0.09173692310416315
2014-10-24,polynomial,0.09360415638729035
2014-10-27,polynomial,0.08744694085187844
2014-10-28,polynomial,0.08472858870616644
2014-10-29,polynomial,0.08272787080194434
2014-10-30,polynomial,0.11617583842581564
2014-10-31,polynomial,0.10616190647065243
2014-11-03,polynomial,0.09776930078241494
2014-11-04,polynomial,0.11105475755358024
2014-11-05,polynomial,0.11211248558990664
2014-11-06,polynomial,0.09913450717850804
2014-11-07,polynomial,0.09233764143795314
2014-11-10,polynomial,0.08487185758848104
2014-11-11,polynomial,0.07761568842220964
2014-11-12,polynomial,0.08138678776922664
2014-11-13,polynomial,0.07672243488749314
2014-11-14,polynomial,0.07495283708717285
2014-11-17,polynomial,0.07821778928608464
2014-11-18,polynomial,0.08084252777333464
2014-11-19,polynomial,0.08565512785505325
2014-11-20,polynomial,0.10079598499878653
2014-11-21,polynomial,0.11382033618162153
2014-11-24,polynomial,0.10814539655842674
2014-11-25,polynomial,0.10983310314540644
2014-11-26,polynomial,0.11456981542170232
2014-11-27,polynomial,0.12215813820191893
2014-11-28,polynomial,0.12713967363697082
2014-12-01,polynomial,0.14804531119108302
2014-12-02,polynomial,0.14849760519691454
2014-12-03,polynomial,0.1480993658053031
2014-12-04,polynomial,0.15329693771472544
2014-12-05,polynomial,0.14139769313903403
2014-12-08,polynomial,0.12931128235807243
2014-12-09,polynomial,0.11699851758323643
2014-12-10,polynomial,0.11788750726133522
2014-12-11,polynomial,0.09253116652377372
2014-12-12,polynomial,0.09171792795931343
2014-12-15,polynomial,0.09605861417569572
2014-12-16,polynomial,0.11048103437274752
2014-12-17,polynomial,0.1231606235824401
2014-12-18,polynomial,0.12864964040485022
2014-12-19,polynomial,0.13724366911024383
2014-12-22,polynomial,0.14480872949693582
2014-12-23,polynomial,0.1427670051884047
2014-12-24,polynomial,0.12578914682455442
2014-12-25,polynomial,0.11782389475897392
2014-12-26,polynomial,0.11889991888620663
2014-12-29,polynomial,0.10684855539622852
2014-12-30,polynomial,0.11080485354404482
2014-12-31,polynomial,0.10809806751256812
2015-01-01,polynomial,0.09245336593704422
2015-01-02,polynomial,0.10136544701400951
2015-01-05,polynomial,0.08473877383355763
2015-01-06,polynomial,0.08493642930054512
2015-01-07,polynomial,0.10289009825717302
2015-01-08,polynomial,0.08471349136498171
2015-01-09,polynomial,0.09397010626212401
2015-01-12,polynomial,0.11932310263423222
2015-01-13,polynomial,0.09850479515483151
2015-01-14,polynomial,0.07780382618997742
2015-01-15,polynomial,0.09858012478349132
2015-01-16,polynomial,0.09288695504064512
2015-01-19,polynomial,0.11035679916093842
2015-01-20,polynomial,0.11747556644766881
2015-01-21,polynomial,0.1268108594056116
2015-01-22,polynomial,0.10576176698539452
2015-01-23,polynomial,0.09084745376552772
2015-01-26,polynomial,0.07812653050883381
2015-01-27,polynomial,0.06242160694977362
2015-01-28,polynomial,0.05251925837848731
2015-01-29,polynomial,0.03314568412065972
2015-01-30,polynomial,0.037104557772118615
2015-02-02,polynomial,0.06050459276957251
2015-02-03,polynomial,0.0673536939761522
2015-02-04,polynomial,0.0651205591805158
2015-02-05,polynomial,0.09515435037890102
2015-02-06,polynomial,0.09359077861933651
2015-02-09,polynomial,0.09836832843141141
2015-02-10,polynomial,0.09410191610941442
2015-02-11,polynomial,0.11243197103205242
2015-02-12,polynomial,0.13540768654450652
2015-02-13,polynomial,0.14402130080562864
2015-02-16,polynomial,0.14408075379666463
2015-02-17,polynomial,0.16008639010091144
2015-02-18,polynomial,0.14458708000165554
2015-02-19,polynomial,0.14823417098356842
2015-02-20,polynomial,0.14249617468614373
2015-02-23,polynomial,0.15047196840433263
2015-02-24,polynomial,0.14373712460823343
2015-02-25,polynomial,0.1609215835100256
2015-02-26,polynomial,0.15630568535661304
2015-02-27,polynomial,0.1650824018515033
2015-03-02,polynomial,0.16676478286224353
2015-03-03,polynomial,0.17438703480841392
2015-03-04,polynomial,0.17118654552983192
2015-03-05,polynomial,0.16953266152527552
2015-03-06,polynomial,0.1646759120634166
2015-03-09,polynomial,0.15511322067827973
2015-03-10,polynomial,0.16113243877502303
2015-03-11,polynomial,0.15954923578421593
2015-03-12,polynomial,0.1651652380835451
2015-03-13,polynomial,0.16906592764820771
2015-03-16,polynomial,0.16209262514364223
2015-03-17,polynomial,0.16236857998724963
2015-03-18,polynomial,0.16132156730513073
2015-03-19,polynomial,0.16400773802432222
2015-03-20,polynomial,0.16112393945947223
2015-03-23,polynomial,0.164754419588093
2015-03-24,polynomial,0.1513500141877308
2015-03-25,polynomial,0.1608298188233285
2015-03-26,polynomial,0.15228929550609144
2015-03-27,polynomial,0.16568364504390073
2015-03-30,polynomial,0.16484153491410652
2015-03-31,polynomial,0.17083083812246372
2015-04-01,polynomial,0.1931957267523125
2015-04-02,polynomial,0.18074894243385753
2015-04-03,polynomial,0.17368106573112632
2015-04-06,polynomial,0.17837039711173883
2015-04-07,polynomial,0.17290675692954094
2015-04-08,polynomial,0.17282974604609871
2015-04-09,polynomial,0.16224824322348141
2015-04-10,polynomial,0.15658828724455742
2015-04-13,polynomial,0.16125239519158724
2015-04-14,polynomial,0.17353061760233132
2015-04-15,polynomial,0.16036628631090483
2015-04-16,polynomial,0.14341811233023471
2015-04-17,polynomial,0.13735495690783622
2015-04-20,polynomial,0.13376326337139471
2015-04-21,polynomial,0.14606247313310533
2015-04-22,polynomial,0.1620876181276375
2015-04-23,polynomial,0.17222512510829754
2015-04-24,polynomial,0.16160371030703252
2015-04-27,polynomial,0.16539266137311862
2015-04-28,polynomial,0.15995122961168073
2015-04-29,polynomial,0.162244872178082
2015-04-30,polynomial,0.17420414690674052
2015-05-01,polynomial,0.19610789372296034
2015-05-04,polynomial,0.18029068230014053
2015-05-05,polynomial,0.18743378794130663
2015-05-06,polynomial,0.18851667102819541
2015-05-07,polynomial,0.20560699969984403
2015-05-08,polynomial,0.20097047528232131
2015-05-11,polynomial,0.18904775248938022
2015-05-12,polynomial,0.19509302256340622
2015-05-13,polynomial,0.19706425381695283
2015-05-14,polynomial,0.19353713264094843
2015-05-15,polynomial,0.19530136969184483
2015-05-18,polynomial,0.1993947133062166
2015-05-19,polynomial,0.19447373868220602
2015-05-20,polynomial,0.19250776199618982
2015-05-21,polynomial,0.19229409974669281
2015-05-22,polynomial,0.1850823995421576
2015-05-25,polynomial,0.15066361687814192
2015-05-26,polynomial,0.16050482917675493
2015-05-27,polynomial,0.16317283549742292
2015-05-28,polynomial,0.16363617982131023
2015-05-29,polynomial,0.16887417688014003
2015-06-01,polynomial,0.17031585954806722
2015-06-02,polynomial,0.1883566908710946
2015-06-03,polynomial,0.17990302757105392
2015-06-04,polynomial,0.18046482331986363
2015-06-05,polynomial,0.17436283480841971
2015-06-08,polynomial,0.18740707227443443
2015-06-09,polynomial,0.20463843957975372
2015-06-10,polynomial,0.21721075158147962
2015-06-11,polynomial,0.21052405202608293
2015-06-12,polynomial,0.22357059949294034
2015-06-15,polynomial,0.22775397092130592
2015-06-16,polynomial,0.22215553392930693
2015-06-17,polynomial,0.21983991499613104
2015-06-18,polynomial,0.21901302639537873
2015-06-19,polynomial,0.20937444629139612
2015-06-22,polynomial,0.22231488630688742
2015-06-23,polynomial,0.2109101425578336
2015-06-24,polynomial,0.22909943463856322
2015-06-25,polynomial,0.22871339405416422
2015-06-26,polynomial,0.2418223317238898
2015-06-29,polynomial,0.25390528714581384
2015-06-30,polynomial,0.26902093046159065
2015-07-01,polynomial,0.2583557310798206
2015-07-02,polynomial,0.24656983548464861
2015-07-03,polynomial,0.2602878298965348
2015-07-06,polynomial,0.23993626879439964
2015-07-07,polynomial,0.24148321983981033
2015-07-08,polynomial,0.24757842892109724
2015-07-09,polynomial,0.25978707634415954
2015-07-10,polynomial,0.24980150459180586
2015-07-13,polynomial,0.24919595548656534
2015-07-14,polynomial,0.2576452515073902
2015-07-15,polynomial,0.27245033336310825
2015-07-16,polynomial,0.2644094861550357
2015-07-17,polynomial,0.28243930841140547
2015-07-20,polynomial,0.2906242420895667
2015-07-21,polynomial,0.2939442574766118
2015-07-22,polynomial,0.2979275507118034
2015-07-23,polynomial,0.29625150233088493
2015-07-24,polynomial,0.30396818916590146
2015-07-27,polynomial,0.32126762365888434
2015-07-28,polynomial,0.321485202613004
2015-07-29,polynomial,0.32268093388311503
2015-07-30,polynomial,0.3152858309725686
2015-07-31,polynomial,0.3155927187689223
2015-08-03,polynomial,0.314394725066004
2015-08-04,polynomial,0.32210602179353054
2015-08-05,polynomial,0.3165372191428121
2015-08-06,polynomial,0.31167920992802706
2015-08-07,polynomial,0.30168464089111724
2015-08-10,polynomial,0.29114421674657254
2015-08-11,polynomial,0.27105891069881427
2015-08-12,polynomial,0.27235508525409047
2015-08-13,polynomial,0.265429591618993
2015-08-14,polynomial,0.273531591837815
2015-08-17,polynomial,0.2700808282852708
2015-08-18,polynomial,0.2549848964300845
2015-08-19,polynomial,0.23259604504848952
2015-08-20,polynomial,0.19296860390450715
2015-08-21,polynomial,0.17661383088716975
2015-08-24,polynomial,0.21918425314333895
2015-08-25,polynomial,0.24230268436733843
2015-08-26,polynomial,0.27256458869824485
2015-08-27,polynomial,0.25971642656276234
2015-08-28,polynomial,0.25665724947409785
2015-08-31,polynomial,0.21917366066703325
2015-09-01,polynomial,0.23041143491984734
2015-09-02,polynomial,0.24368086362738745
2015-09-03,polynomial,0.20909417347387022
2015-09-04,polynomial,0.20132494147569102
2015-09-07,polynomial,0.21856891786839241
2015-09-08,polynomial,0.2359820911318659
2015-09-09,polynomial,0.24282061066836144
2015-09-10,polynomial,0.2382266049628123
2015-09-11,polynomial,0.2537840838228695
2015-09-14,polynomial,0.2569911553700347
2015-09-15,polynomial,0.2589357975369997
2015-09-16,polynomial,0.254442550252537
2015-09-17,polynomial,0.2358697955552926
2015-09-18,polynomial,0.2500093125534551
2015-09-21,polynomial,0.2060681355102222
2015-09-22,polynomial,0.1925264892652948
2015-09-23,polynomial,0.1948061096698682
2015-09-24,polynomial,0.21308302160472162
2015-09-25,polynomial,0.2263325206830222
2015-09-28,polynomial,0.23658737386693
2015-09-29,polynomial,0.256885300612121
2015-09-30,polynomial,0.2585803991809179
2015-10-01,polynomial,0.2976704992461277
2015-10-02,polynomial,0.3005177980440927
2015-10-05,polynomial,0.272393408137503
2015-10-06,polynomial,0.2817530021626253
2015-10-07,polynomial,0.2568963053141727
2015-10-08,polynomial,0.27076948033650855
2015-10-09,polynomial,0.2613122833932183
2015-10-12,polynomial,0.24308121597652782
2015-10-13,polynomial,0.23020889846748882
2015-10-14,polynomial,0.2456411176164488
2015-10-15,polynomial,0.2563312747847964
2015-10-16,polynomial,0.2626120014449594
2015-10-19,polynomial,0.23438549981508283
2015-10-20,polynomial,0.2351467767380633
2015-10-21,polynomial,0.2554422589083361
2015-10-22,polynomial,0.24704145008255038
2015-10-23,polynomial,0.2501269078864534
2015-10-26,polynomial,0.2602851630393737
2015-10-27,polynomial,0.27793051556942183
2015-10-28,polynomial,0.2563551385149117
2015-10-29,polynomial,0.2628359951645302
2015-10-30,polynomial,0.2635527136223814
2015-11-02,polynomial,0.2554010561927969
2015-11-03,polynomial,0.2544137136890172
2015-11-04,polynomial,0.24662815233461344
2015-11-05,polynomial,0.2615706184348242
2015-11-06,polynomial,0.27072218731464853
2015-11-09,polynomial,0.2631295758933665
2015-11-10,polynomial,0.2622803428713064
2015-11-11,polynomial,0.23223590065639782
2015-11-12,polynomial,0.2262424231035517
2015-11-13,polynomial,0.2215358949274192
2015-11-16,polynomial,0.2336194182655705
2015-11-17,polynomial,0.2456207206581879
2015-11-18,polynomial,0.2344962679766964
2015-11-19,polynomial,0.2282804476541754
2015-11-20,polynomial,0.2343913341382353
2015-11-23,polynomial,0.20579890045041122
2015-11-24,polynomial,0.21285908105702833
2015-11-25,polynomial,0.22814637718188932
2015-11-26,polynomial,0.2378329912749865
2015-11-27,polynomial,0.23524022077533221
2015-11-30,polynomial,0.2756700910937216
2015-12-01,polynomial,0.26819844669386067
2015-12-02,polynomial,0.2344538094295691
2015-12-03,polynomial,0.2406613488439896
2015-12-04,polynomial,0.2222350086510372
2015-12-07,polynomial,0.19261259516879992
2015-12-08,polynomial,0.19222662432450452
2015-12-09,polynomial,0.19018520025499672
2015-12-10,polynomial,0.16488869568221232
2015-12-11,polynomial,0.1633580566146572
2015-12-14,polynomial,0.1933742821582951
2015-12-15,polynomial,0.20367379621843792
2015-12-16,polynomial,0.22490230748245202
2015-12-17,polynomial,0.19983840932880512
2015-12-18,polynomial,0.2014316626415111
2015-12-21,polynomial,0.2036121861399903
2015-12-22,polynomial,0.22247671443654182
2015-12-23,polynomial,0.23869024332374242
2015-12-24,polynomial,0.24198237093287842
2015-12-25,polynomial,0.2211533115230356
2015-12-28,polynomial,0.2548611736197613
2015-12-29,polynomial,0.2400981533620678
2015-12-30,polynomial,0.2329617871379205
2015-12-31,polynomial,0.25114055129528523
2016-01-01,polynomial,0.2573582801561716
2016-01-04,polynomial,0.24534761798737023
2016-01-05,polynomial,0.2222242346904977
2016-01-06,polynomial,0.1953916012102565
2016-01-07,polynomial,0.17228837799334742
2016-01-08,polynomial,0.14947552502488332
2016-01-11,polynomial,0.16726779961065652
2016-01-12,polynomial,0.1577224503553633
2016-01-13,polynomial,0.16183796284726554
2016-01-14,polynomial,0.14241727624821832
2016-01-15,polynomial,0.137561058159328
2016-01-18,polynomial,0.15344351119742522
2016-01-19,polynomial,0.11763955744568003
2016-01-20,polynomial,0.10265814712003843
2016-01-21,polynomial,0.12370098970503252
2016-01-22,polynomial,0.1251276136276515
2016-01-25,polynomial,0.13213232381925633
2016-01-26,polynomial,0.13694457187120432
2016-01-27,polynomial,0.10482896206293574
2016-01-28,polynomial,0.13570736999865113
2016-01-29,polynomial,0.12055273374795382
2016-02-01,polynomial,0.06205177944493641
2016-02-02,polynomial,0.038804651728808925
2016-02-03,polynomial,0.08504902952480212
2016-02-04,polynomial,0.060345067139240725
2016-02-05,polynomial,0.05963952257311252
2016-02-08,polynomial,0.01832336308490122
2016-02-09,polynomial,0.07094682777600411
2016-02-10,polynomial,0.020917448167160423
2016-02-11,polynomial,0.10139850678030522
2016-02-12,polynomial,0.08769189724184862
2016-02-15,polynomial,0.10797689706615862
2016-02-16,polynomial,0.13242364557027003
2016-02-17,polynomial,0.12304627363661193
2016-02-18,polynomial,0.10117530276513183
2016-02-19,polynomial,0.09786161863655402
2016-02-22,polynomial,0.06898246585269532
2016-02-23,polynomial,0.04988564325544331
2016-02-24,polynomial,0.09923472178391352
2016-02-25,polynomial,0.11167273626007891
2016-02-26,polynomial,0.10876940182629662
2016-02-29,polynomial,0.13104463478629041
2016-03-01,polynomial,0.1495338368643991
2016-03-02,polynomial,0.15877966410149214
2016-03-03,polynomial,0.169251221880362
2016-03-04,polynomial,0.1565836522625048
2016-03-07,polynomial,0.13885202635330152
2016-03-08,polynomial,0.13335265340281371
2016-03-09,polynomial,0.126748826367715
2016-03-10,polynomial,0.1860327892746162
2016-03-11,polynomial,0.1862564706837031
2016-03-14,polynomial,0.18070015991436333
2016-03-15,polynomial,0.16316718141881242
2016-03-16,polynomial,0.179528612154106
2016-03-17,polynomial,0.19291733769996514
2016-03-18,polynomial,0.18271803490578573
2016-03-21,polynomial,0.169831431567656
2016-03-22,polynomial,0.15096618120139543
2016-03-23,polynomial,0.11793654018688124
2016-03-24,polynomial,0.12508831529108252
2016-03-25,polynomial,0.12087789359695943
2016-03-28,polynomial,0.12757126685206452
2016-03-29,polynomial,0.13212656273860912
2016-03-30,polynomial,0.13859960688179573
2016-03-31,polynomial,0.11525688036282361
2016-04-01,polynomial,0.11476383751658373
2016-04-04,polynomial,0.10141137617528263
2016-04-05,polynomial,0.10812136162990002
2016-04-06,polynomial,0.08999016209984123
2016-04-07,polynomial,0.09609448747976393
2016-04-08,polynomial,0.09318273067331892
2016-04-11,polynomial,0.10157968957168172
2016-04-12,polynomial,0.16142293499404572
2016-04-13,polynomial,0.17156055140688053
2016-04-14,polynomial,0.16969903688227353
2016-04-15,polynomial,0.1646384647938582
2016-04-18,polynomial,0.17786400489945403
2016-04-19,polynomial,0.20446636966780524
2016-04-20,polynomial,0.22329227297291854
2016-04-21,polynomial,0.22382951818831243
2016-04-22,polynomial,0.21712317243443943
2016-04-25,polynomial,0.21005597392001413
2016-04-26,polynomial,0.21016919339285714
2016-04-27,polynomial,0.20459209332140965
2016-04-28,polynomial,0.18041658428463825
2016-04-29,polynomial,0.17194106421390223
2016-05-02,polynomial,0.14975046236607834
2016-05-03,polynomial,0.13302407734095142
2016-05-04,polynomial,0.11912508685061814
2016-05-05,polynomial,0.12457342707438221
2016-05-06,polynomial,0.12800574808808152
2016-05-09,polynomial,0.14300692352166333
2016-05-10,polynomial,0.13318207104173962
2016-05-11,polynomial,0.14382891161791614
2016-05-12,polynomial,0.1375023269972384
2016-05-13,polynomial,0.13730716939365892
2016-05-16,polynomial,0.14735327154817604
2016-05-17,polynomial,0.17336511790103604
2016-05-18,polynomial,0.165975094652156
2016-05-19,polynomial,0.15872608879474864
2016-05-20,polynomial,0.16230262226488285
2016-05-23,polynomial,0.1834068476416436
2016-05-24,polynomial,0.20392414749313692
2016-05-25,polynomial,0.18729091586454502
2016-05-26,polynomial,0.17523494846857204
2016-05-27,polynomial,0.17002385014743934
2016-05-30,polynomial,0.16778951798405262
2016-05-31,polynomial,0.14926322050902882
2016-06-01,polynomial,0.14538140056055213
2016-06-02,polynomial,0.1310979257442264
2016-06-03,polynomial,0.11914511961179332
2016-06-06,polynomial,0.12553604533568213
2016-06-07,polynomial,0.12512061098011243
2016-06-08,polynomial,0.10895619347808372
2016-06-09,polynomial,0.08789223233554322
2016-06-10,polynomial,0.08407782092008984
2016-06-13,polynomial,0.06071412328297143
2016-06-14,polynomial,0.06636597239374742
2016-06-15,polynomial,0.05123840042494302
2016-06-16,polynomial,0.07823577493465012
2016-06-17,polynomial,0.08607925597427532
2016-06-20,polynomial,0.09747945260481324
2016-06-21,polynomial,0.09770148003876253
2016-06-22,polynomial,0.14980811496237872
2016-06-23,polynomial,0.04351033201826793
2016-06-24,polynomial,0.030926747586322714
2016-06-27,polynomial,0.029845808646025415
2016-06-28,polynomial,0.053248488673034215
2016-06-29,polynomial,0.06452616827596341
2016-06-30,polynomial,0.05423703522536922
2016-07-01,polynomial,0.042737585992300015
2016-07-04,polynomial,0.025298110469769215
2016-07-05,polynomial,0.005218276998331918
2016-07-06,polynomial,0.024690610135279116
2016-07-07,polynomial,0.047001651935331616
2016-07-08,polynomial,0.051747258833749914
2016-07-11,polynomial,0.09878611726203482
2016-07-12,polynomial,0.0996476772439043
2016-07-13,polynomial,0.10721832438677252
2016-07-14,polynomial,0.11612059484319061
2016-07-15,polynomial,0.11436923441090752
2016-07-18,polynomial,0.11261436341906012
2016-07-19,polynomial,0.11670380898744351
2016-07-20,polynomial,0.12679712063748202
2016-07-21,polynomial,0.11826951648798241
2016-07-22,polynomial,0.1202351538744273
2016-07-25,polynomial,0.12253068141412272
2016-07-26,polynomial,0.1302418042772793
2016-07-27,polynomial,0.1316182496198904
2016-07-28,polynomial,0.18040821695457532
2016-07-29,polynomial,0.16766222746359333
2016-08-01,polynomial,0.1366422226861641
2016-08-02,polynomial,0.1484356205251928
2016-08-03,polynomial,0.15574582155332062
2016-08-04,polynomial,0.1925151055450049
2016-08-05,polynomial,0.20994049951199012
2016-08-08,polynomial,0.25316716990108834
2016-08-09,polynomial,0.24902657226914576
2016-08-10,polynomial,0.22655448219564683
2016-08-11,polynomial,0.19738705130590423
2016-08-12,polynomial,0.17934017677697564
2016-08-15,polynomial,0.18169577699424663
2016-08-16,polynomial,0.18294497129710333
2016-08-17,polynomial,0.21940101832877634
2016-08-18,polynomial,0.20618003983212682
2016-08-19,polynomial,0.19549255393690942
2016-08-22,polynomial,0.24535757448760842
2016-08-23,polynomial,0.25056088491687534
2016-08-24,polynomial,0.22736924997879562
2016-08-25,polynomial,0.21661100793429153
2016-08-26,polynomial,0.21837343973981493
2016-08-29,polynomial,0.23768736577082536
2016-08-30,polynomial,0.24918550123803654
2016-08-31,polynomial,0.24029395016033475
2016-09-01,polynomial,0.25021866570299606
2016-09-02,polynomial,0.2517769230705377
2016-09-05,polynomial,0.26287779571521247
2016-09-06,polynomial,0.27327882556692046
2016-09-07,polynomial,0.3054855332826615
2016-09-08,polynomial,0.31913011865656316
2016-09-09,polynomial,0.3310332366276741
2016-09-12,polynomial,0.2911473361168853
2016-09-13,polynomial,0.2823469634684021
2016-09-14,polynomial,0.28317081899345176
2016-09-15,polynomial,0.24697529485702355
2016-09-16,polynomial,0.24366127866361495
2016-09-19,polynomial,0.23516522633628756
2016-09-20,polynomial,0.25101375929679276
2016-09-21,polynomial,0.2576792519039542
2016-09-22,polynomial,0.24200518213712807
2016-09-23,polynomial,0.24228803438321167
2016-09-26,polynomial,0.22370208704917055
2016-09-27,polynomial,0.22842852544599046
2016-09-28,polynomial,0.23499401924455396
2016-09-29,polynomial,0.25770703065510725
2016-09-30,polynomial,0.23583079609956953
2016-10-03,polynomial,0.23397880917946606
2016-10-04,polynomial,0.25133902732845037
2016-10-05,polynomial,0.25485793734159323
2016-10-06,polynomial,0.24878541370084914
2016-10-07,polynomial,0.23486363110001815
2016-10-10,polynomial,0.22341377631805115
2016-10-11,polynomial,0.21625277070766907
2016-10-12,polynomial,0.19935295060270025
2016-10-13,polynomial,0.20367366950722143
2016-10-14,polynomial,0.22907253327429133
2016-10-17,polynomial,0.25126887211028703
2016-10-18,polynomial,0.26200309947220346
2016-10-19,polynomial,0.27963786348623254
2016-10-20,polynomial,0.28298597158880984
2016-10-21,polynomial,0.28838850430007645
2016-10-24,polynomial,0.27273067689769415
2016-10-25,polynomial,0.27932728561913867
2016-10-26,polynomial,0.28724038763744864
2016-10-27,polynomial,0.2868378925422292
2016-10-28,polynomial,0.3089175061970203
2016-10-31,polynomial,0.3027815793468753
2016-11-01,polynomial,0.2805330617447531
2016-11-02,polynomial,0.28577759284819254
2016-11-03,polynomial,0.27053384850681067
2016-11-04,polynomial,0.26611971847313876
2016-11-07,polynomial,0.27205175614882177
2016-11-08,polynomial,0.29288975182611
2016-11-09,polynomial,0.33304250225092513
2016-11-10,polynomial,0.3354367662376193
2016-11-11,polynomial,0.3293872925943899
2016-11-14,polynomial,0.33340718789361257
2016-11-15,polynomial,0.3225424932507647
2016-11-16,polynomial,0.3122877485010049
2016-11-17,polynomial,0.31383929300166213
2016-11-18,polynomial,0.33501859061419514
2016-11-21,polynomial,0.32567060177539525
2016-11-22,polynomial,0.32123783271674355
2016-11-23,polynomial,0.3414856839632104
2016-11-24,polynomial,0.33908388812542445
2016-11-25,polynomial,0.33200246364063135
2016-11-28,polynomial,0.36589335736654277
2016-11-29,polynomial,0.3807210063838942
2016-11-30,polynomial,0.3654954311938305
2016-12-01,polynomial,0.3483035600611588
2016-12-02,polynomial,0.3365197687147765
2016-12-05,polynomial,0.40030055054268526
2016-12-06,polynomial,0.42325756479751653
2016-12-07,polynomial,0.43317212204264793
2016-12-08,polynomial,0.39869919888597183
2016-12-09,polynomial,0.39969444583525904
2016-12-12,polynomial,0.4120502618374213
2016-12-13,polynomial,0.39787443677171386
2016-12-14,polynomial,0.39368376794500204
2016-12-15,polynomial,0.3973995172486752
2016-12-16,polynomial,0.40072322043878206
2016-12-19,polynomial,0.41051860000767126
2016-12-20,polynomial,0.40897200658371874
2016-12-21,polynomial,0.40399994236762565
2016-12-22,polynomial,0.42656046031111217
2016-12-23,polynomial,0.45062619358617817
2016-12-26,polynomial,0.4631456907873519
2016-12-27,polynomial,0.4565363238111067
2016-12-28,polynomial,0.4367399945832661
2016-12-29,polynomial,0.45641694776111874
2016-12-30,polynomial,0.45766415302327845
2017-01-02,polynomial,0.5073286221652719
2017-01-03,polynomial,0.5149504028073363
2017-01-04,polynomial,0.5087885122642986
2017-01-05,polynomial,0.5535706941260969
2017-01-06,polynomial,0.5433901889425236
2017-01-09,polynomial,0.5160955720365648
2017-01-10,polynomial,0.5165030754480144
2017-01-11,polynomial,0.48177460264224053
2017-01-12,polynomial,0.4920690167303364
2017-01-13,polynomial,0.5168215834275692
2017-01-16,polynomial,0.4853707699472934
2017-01-17,polynomial,0.4960312516713527
2017-01-18,polynomial,0.52762589465362
2017-01-19,polynomial,0.5577563881098504
2017-01-20,polynomial,0.5095375834633039
2017-01-23,polynomial,0.5335684107063728
2017-01-24,polynomial,0.5592442494522604
2017-01-25,polynomial,0.6044574670894614
2017-01-26,polynomial,0.5449353619813375
2017-01-27,polynomial,0.5855865814233566
2017-01-30,polynomial,0.49939518919561054
2017-01-31,polynomial,0.5149319757146125
2017-02-01,polynomial,0.49891360778734095
2017-02-02,polynomial,0.49313574176893454
2017-02-03,polynomial,0.5147381784606371
2017-02-06,polynomial,0.5202734475590013
2017-02-07,polynomial,0.5089860418700058
2017-02-08,polynomial,0.5531306531281571
2017-02-09,polynomial,0.5652270348302245
2017-02-10,polynomial,0.5319368280493031
2017-02-13,polynomial,0.5270469843581901
2017-02-14,polynomial,0.541279399770186
2017-02-15,polynomial,0.5073998339080636
2017-02-16,polynomial,0.4851420635857813
2017-02-17,polynomial,0.47489173368143595
2017-02-20,polynomial,0.46001131985186616
2017-02-21,polynomial,0.45689932299360675
2017-02-22,polynomial,0.460544922820359
2017-02-23,polynomial,0.45371464747213663
2017-02-24,polynomial,0.45944653871513064
2017-02-27,polynomial,0.41748015913165254
2017-02-28,polynomial,0.4451550832030273
2017-03-01,polynomial,0.44831234883228344
2017-03-02,polynomial,0.47339666995910706
2017-03-03,polynomial,0.47174433182406394
2017-03-06,polynomial,0.4471276189397886
2017-03-07,polynomial,0.4498708732822191
2017-03-08,polynomial,0.467666620060901
2017-03-09,polynomial,0.49645775955920857
2017-03-10,polynomial,0.5255184434376414
2017-03-13,polynomial,0.5134283044044035
2017-03-14,polynomial,0.5175683899286905
2017-03-15,polynomial,0.5342716433495069
2017-03-16,polynomial,0.5228836169605466
2017-03-17,polynomial,0.5232784685712085
2017-03-20,polynomial,0.5214822251200687
2017-03-21,polynomial,0.5155014561647144
2017-03-22,polynomial,0.5495533374200035
2017-03-23,polynomial,0.5437223707884893
2017-03-24,polynomial,0.5651482146519664
2017-03-27,polynomial,0.5633182565314486
2017-03-28,polynomial,0.5569297182426366
2017-03-29,polynomial,0.5402448323750053
2017-03-30,polynomial,0.47327329739512186
2017-03-31,polynomial,0.4656593069688055
2017-04-03,polynomial,0.4676947442016257
2017-04-04,polynomial,0.46598160328601784
2017-04-05,polynomial,0.45138833793782285
2017-04-06,polynomial,0.4198453271193822
2017-04-07,polynomial,0.4176892417394916
2017-04-10,polynomial,0.4035054806450019
2017-04-11,polynomial,0.39480952348365256
2017-04-12,polynomial,0.36728316003897554
2017-04-13,polynomial,0.36484828035814415
2017-04-14,polynomial,0.3766116270119674
2017-04-17,polynomial,0.38256673594184176
2017-04-18,polynomial,0.4064757050171274
2017-04-19,polynomial,0.44143830686156016
2017-04-20,polynomial,0.45967625272908014
2017-04-21,polynomial,0.46918697096343587
2017-04-24,polynomial,0.48054567527515113
2017-04-25,polynomial,0.4846136969174935
2017-04-26,polynomial,0.45785761774173334
2017-04-27,polynomial,0.46160909521675186
2017-04-28,polynomial,0.4629854809085117
2017-05-01,polynomial,0.46052018310525095
2017-05-02,polynomial,0.47041720708085216
2017-05-03,polynomial,0.47857007677724545
2017-05-04,polynomial,0.45938051017758075
2017-05-05,polynomial,0.4662316376826038
2017-05-08,polynomial,0.44751871179119523
2017-05-09,polynomial,0.4494385893183742
2017-05-10,polynomial,0.4252795825304229
2017-05-11,polynomial,0.4015412516467282
2017-05-12,polynomial,0.40724504403968853
2017-05-15,polynomial,0.40512653983999714
2017-05-16,polynomial,0.38546888823630976
2017-05-17,polynomial,0.39482104782020255
2017-05-18,polynomial,0.42383691835627163
2017-05-19,polynomial,0.42445132909900346
2017-05-22,polynomial,0.45410070085392606
2017-05-23,polynomial,0.45389289517650544
2017-05-24,polynomial,0.4444983460149582
2017-05-25,polynomial,0.439669302765448
2017-05-26,polynomial,0.4508224032398476
2017-05-29,polynomial,0.47289364772994646
2017-05-30,polynomial,0.4635916599394996
2017-05-31,polynomial,0.49506728551104723
2017-06-01,polynomial,0.4891601116923571
2017-06-02,polynomial,0.4922953686331652
2017-06-05,polynomial,0.44500935864646574
2017-06-06,polynomial,0.45635705887492684
2017-06-07,polynomial,0.45875129102876555
2017-06-08,polynomial,0.4642482146357309
2017-06-09,polynomial,0.4306221856271839
2017-06-12,polynomial,0.537955891412971
2017-06-13,polynomial,0.5319352089423705
2017-06-14,polynomial,0.5160838380619512
2017-06-15,polynomial,0.48826822392136165
2017-06-16,polynomial,0.47957538369979125
2017-06-19,polynomial,0.46860116419942166
2017-06-20,polynomial,0.4645859831645591
2017-06-21,polynomial,0.48056500790591766
2017-06-22,polynomial,0.49521249872144035
2017-06-23,polynomial,0.48124169361532604
2017-06-26,polynomial,0.4646050547101441
2017-06-27,polynomial,0.49048774677466256
2017-06-28,polynomial,0.4681573977083076
2017-06-29,polynomial,0.46549801203945956
2017-06-30,polynomial,0.43679638749495137
2017-07-03,polynomial,0.42341022128535943
2017-07-04,polynomial,0.42370151010175006
2017-07-05,polynomial,0.42742496087121573
2017-07-06,polynomial,0.42580462566253174
2017-07-07,polynomial,0.42234942179215296
2017-07-10,polynomial,0.4182843804770363
2017-07-11,polynomial,0.41937571897533654
2017-07-12,polynomial,0.43054478005008395
2017-07-13,polynomial,0.41548881443910385
2017-07-14,polynomial,0.42506561536084675
2017-07-17,polynomial,0.38556574651717307
2017-07-18,polynomial,0.39078544011028327
2017-07-19,polynomial,0.42705367749660816
2017-07-20,polynomial,0.40676396018555233
2017-07-21,polynomial,0.3990878414931621
2017-07-24,polynomial,0.3934407567065239
2017-07-25,polynomial,0.3940697081902787
2017-07-26,polynomial,0.3840501444691751
2017-07-27,polynomial,0.37896595717570664
2017-07-28,polynomial,0.37257371794813704
2017-07-31,polynomial,0.38993275573583774
2017-08-01,polynomial,0.38348371806855325
2017-08-02,polynomial,0.38849405236661294
2017-08-03,polynomial,0.3998783874812754
2017-08-04,polynomial,0.3969015267785293
2017-08-07,polynomial,0.40009952068288523
2017-08-08,polynomial,0.38538107463761895
2017-08-09,polynomial,0.34705118608731905
2017-08-10,polynomial,0.33182894234320637
2017-08-11,polynomial,0.3320763882385829
2017-08-14,polynomial,0.3279914739128905
2017-08-15,polynomial,0.3239599314505984
2017-08-16,polynomial,0.28978857304019634
2017-08-17,polynomial,0.2732813590014467
2017-08-18,polynomial,0.27121355624758575
2017-08-21,polynomial,0.26648935612678876
2017-08-22,polynomial,0.25957296768357246
2017-08-23,polynomial,0.27589711439400216
2017-08-24,polynomial,0.2648116549100764
2017-08-25,polynomial,0.25996025564818553
2017-08-28,polynomial,0.25124339493643894
2017-08-29,polynomial,0.2528891326690296
2017-08-30,polynomial,0.26995227198735144
2017-08-31,polynomial,0.2846797844870985
2017-09-01,polynomial,0.28609569847857463
2017-09-04,polynomial,0.28748864159235826
2017-09-05,polynomial,0.29046908634723534
2017-09-06,polynomial,0.28423155698769925
2017-09-07,polynomial,0.2754443642613674
2017-09-08,polynomial,0.2683839791159787
2017-09-11,polynomial,0.2887754474947724
2017-09-12,polynomial,0.29411204382008893
2017-09-13,polynomial,0.29480613511644266
2017-09-14,polynomial,0.29011057394614864
2017-09-15,polynomial,0.2955667724469169
2017-09-18,polynomial,0.29330749247715693
2017-09-19,polynomial,0.29495100508798344
2017-09-20,polynomial,0.295914824552264
2017-09-21,polynomial,0.2828422485855469
2017-09-22,polynomial,0.2795309880690414
2017-09-25,polynomial,0.2824757226509889
2017-09-26,polynomial,0.2959605729706204
2017-09-27,polynomial,0.30199064339028925
2017-09-28,polynomial,0.3171163611492467
2017-09-29,polynomial,0.3387202442518421
2017-10-02,polynomial,0.31753027687679614
2017-10-03,polynomial,0.3101838770089643
2017-10-04,polynomial,0.29866421597014636
2017-10-05,polynomial,0.2859183741988626
2017-10-06,polynomial,0.27454685624331704
2017-10-09,polynomial,0.27219425529186586
2017-10-10,polynomial,0.2759441261935981
2017-10-11,polynomial,0.2679263965292391
2017-10-12,polynomial,0.25638827984085194
2017-10-13,polynomial,0.24666193482869625
2017-10-16,polynomial,0.2456528873344171
2017-10-17,polynomial,0.25061686942416866
2017-10-18,polynomial,0.2586253457463148
2017-10-19,polynomial,0.29372698311750167
2017-10-20,polynomial,0.2758555717900727
2017-10-23,polynomial,0.2905694677900745
2017-10-24,polynomial,0.2868562161574733
2017-10-25,polynomial,0.2923127008134905
2017-10-26,polynomial,0.2645726351260268
2017-10-27,polynomial,0.2325873581488839
2017-10-30,polynomial,0.2222202799098476
2017-10-31,polynomial,0.22241215361590488
2017-11-01,polynomial,0.225857781421804
2017-11-02,polynomial,0.22885370635016417
2017-11-03,polynomial,0.22440215183835918
2017-11-06,polynomial,0.2251908218390017
2017-11-07,polynomial,0.22303502683389606
2017-11-08,polynomial,0.20946339271198136
2017-11-09,polynomial,0.21824031794210766
2017-11-10,polynomial,0.22292506979865417
2017-11-13,polynomial,0.2218993538618396
2017-11-14,polynomial,0.23001941212936938
2017-11-15,polynomial,0.2260848776901582
2017-11-16,polynomial,0.21029116462613298
2017-11-17,polynomial,0.194895392023904
2017-11-20,polynomial,0.2015253519346249
2017-11-21,polynomial,0.2016757469519212
2017-11-22,polynomial,0.16329560122984
2017-11-23,polynomial,0.14430290974951498
2017-11-24,polynomial,0.12649728136021748
2017-11-27,polynomial,0.15194821719721377
2017-11-28,polynomial,0.17121599331079837
2017-11-29,polynomial,0.15412306375333448
2017-11-30,polynomial,0.16304453304955768
2017-12-01,polynomial,0.15449405057571639
2017-12-04,polynomial,0.1660015482106824
2017-12-05,polynomial,0.1566252133458643
2017-12-06,polynomial,0.1557695239198435
2017-12-07,polynomial,0.1721810201402467
2017-12-08,polynomial,0.1749711323383722
2017-12-11,polynomial,0.18698943064204238
2017-12-12,polynomial,0.18221755205767057
2017-12-13,polynomial,0.17981330687936697
2017-12-14,polynomial,0.18698201035248227
2017-12-15,polynomial,0.20141568085434108
2017-12-18,polynomial,0.18957668860045448
2017-12-19,polynomial,0.18736754914894338
2017-12-20,polynomial,0.1799230372160933
2017-12-21,polynomial,0.166595475159182
2017-12-22,polynomial,0.16778235326106167
2017-12-25,polynomial,0.15714539788351378
2017-12-26,polynomial,0.1550742848279452
2017-12-27,polynomial,0.15478409591012338
2017-12-28,polynomial,0.15269980998101176
2017-12-29,polynomial,0.16187161748733947
2018-01-01,polynomial,0.14684630080919275
2018-01-02,polynomial,0.15067703417817085
2018-01-03,polynomial,0.16895223836226514
2018-01-04,polynomial,0.15821689452630092
2018-01-05,polynomial,0.162226343559109
2018-01-08,polynomial,0.1584963375813965
2018-01-09,polynomial,0.17459107025473952
2018-01-10,polynomial,0.16777058594760103
2018-01-11,polynomial,0.1479914693209468
2018-01-12,polynomial,0.13892806637927269
2018-01-15,polynomial,0.1486521445150215
2018-01-16,polynomial,0.14647928690873951
2018-01-17,polynomial,0.15433785433568992
2018-01-18,polynomial,0.1489791618552111
2018-01-19,polynomial,0.15579331653843354
2018-01-22,polynomial,0.14017647683193532
2018-01-23,polynomial,0.14471196991842533
2018-01-24,polynomial,0.1627823757895066
2018-01-25,polynomial,0.1737605937570223
2018-01-26,polynomial,0.1607532446375643
2018-01-29,polynomial,0.1489865988746228
2018-01-30,polynomial,0.1454537642386158
2018-01-31,polynomial,0.1391941273882434
2018-02-01,polynomial,0.1155381093802567
2018-02-02,polynomial,0.12240722722126801
2018-02-05,polynomial,0.12443473227516721
2018-02-06,polynomial,0.14151739319022352
2018-02-07,polynomial,0.11860540710594222
2018-02-08,polynomial,0.12216703225035891
2018-02-09,polynomial,0.12857345976712112
2018-02-12,polynomial,0.13873312143686742
2018-02-13,polynomial,0.15165978460593832
2018-02-14,polynomial,0.16342300440016722
2018-02-15,polynomial,0.14056026748720601
2018-02-16,polynomial,0.149443595854053
2018-02-19,polynomial,0.14020057370211841
2018-02-20,polynomial,0.1420032806760711
2018-02-21,polynomial,0.13955181523603843
2018-02-22,polynomial,0.14248862597263032
2018-02-23,polynomial,0.1345682178909874
2018-02-26,polynomial,0.13223389409051423
2018-02-27,polynomial,0.11841758330992082
2018-02-28,polynomial,0.111227489879856
2018-03-01,polynomial,0.09577298169643401
2018-03-02,polynomial,0.08144787595761621
2018-03-05,polynomial,0.09461803100916011
2018-03-06,polynomial,0.09695025576576712
2018-03-07,polynomial,0.11160124918526593
2018-03-08,polynomial,0.12207813694211732
2018-03-09,polynomial,0.11794237512212652
2018-03-12,polynomial,0.10812477979177541
2018-03-13,polynomial,0.09753121156340781
2018-03-14,polynomial,0.08246806316229773
2018-03-15,polynomial,0.09297297819434783
2018-03-16,polynomial,0.09051455892727922
2018-03-19,polynomial,0.10494388644682501
2018-03-20,polynomial,0.09814618463126291
2018-03-21,polynomial,0.08504242771081341
2018-03-22,polynomial,0.059515395004529716
2018-03-23,polynomial,0.05841531466663152
2018-03-26,polynomial,0.07580117518926692
2018-03-27,polynomial,0.07476646448367551
2018-03-28,polynomial,0.08103336382585981
2018-03-29,polynomial,0.0887018142690195
2018-03-30,polynomial,0.0996301687079375
2018-04-02,polynomial,0.10623035229899262
2018-04-03,polynomial,0.10088243786419701
2018-04-04,polynomial,0.13733766854444432
2018-04-05,polynomial,0.0968123677747677
2018-04-06,polynomial,0.08496283913672702
2018-04-09,polynomial,0.0944115978065729
2018-04-10,polynomial,0.09173186396180141
2018-04-11,polynomial,0.09705604618861961
2018-04-12,polynomial,0.09438809710071802
2018-04-13,polynomial,0.10382833195300192
2018-04-16,polynomial,0.11356341436944462
2018-04-17,polynomial,0.11144235100261621
2018-04-18,polynomial,0.12025878125704562
2018-04-19,polynomial,0.10978794795604012
2018-04-20,polynomial,0.10127343362982091
2018-04-23,polynomial,0.09000137639924792
2018-04-24,polynomial,0.08430051153896212
2018-04-25,polynomial,0.08796268217763652
2018-04-26,polynomial,0.08126862121459831
2018-04-27,polynomial,0.08201575145479861
2018-04-30,polynomial,0.08416620266252332
2018-05-01,polynomial,0.07736289581693402
2018-05-02,polynomial,0.06534126282159351
2018-05-03,polynomial,0.09106700907879492
2018-05-04,polynomial,0.09185641395262652
2018-05-07,polynomial,0.08265838863602942
2018-05-08,polynomial,0.08802589029800942
2018-05-09,polynomial,0.08350849789590001
2018-05-10,polynomial,0.08962988799545031
2018-05-11,polynomial,0.09075657224660862
2018-05-14,polynomial,0.09838339790465742
2018-05-15,polynomial,0.08353573782257212
2018-05-16,polynomial,0.09406816250575312
2018-05-17,polynomial,0.08905990297697282
2018-05-18,polynomial,0.07844707864438322
2018-05-21,polynomial,0.08867570333805683
2018-05-22,polynomial,0.08164347073756772
2018-05-23,polynomial,0.06748165799838922
2018-05-24,polynomial,0.05048274796626652
2018-05-25,polynomial,0.03827567024570322
2018-05-28,polynomial,-0.006387188358485382
2018-05-29,polynomial,0.00146542636354682
2018-05-30,polynomial,-0.01037019803429258
2018-05-31,polynomial,0.01453136410185012
2018-06-01,polynomial,0.017475359640262922
2018-06-04,polynomial,0.00602307187226532
2018-06-05,polynomial,0.02332853859495202
2018-06-06,polynomial,0.04057753859382012
2018-06-07,polynomial,0.03943589479334433
2018-06-08,polynomial,0.04423561493687842
2018-06-11,polynomial,0.04460842203674002
2018-06-12,polynomial,0.04114519170293402
2018-06-13,polynomial,0.031994739855389226
2018-06-14,polynomial,-0.009328965601664681
2018-06-15,polynomial,-0.02305282433023728
2018-06-18,polynomial,-0.023298924605078684
2018-06-19,polynomial,-0.024494547759973784
2018-06-20,polynomial,-0.03309550499286748
2018-06-21,polynomial,-0.025983881755563886
2018-06-22,polynomial,-0.028251089683458484
2018-06-25,polynomial,-0.02978195749089528
2018-06-26,polynomial,-0.040213557631521984
2018-06-27,polynomial,-0.031191583811262382
2018-06-28,polynomial,-0.027141729927435885
2018-06-29,polynomial,-0.03352811780541429
2018-07-02,polynomial,-0.029140327115706886
2018-07-03,polynomial,-0.02622317671783378
2018-07-04,polynomial,-0.008689282421216183
2018-07-05,polynomial,-0.008157066258832585
2018-07-06,polynomial,-0.009013262183236483
2018-07-09,polynomial,-0.010141809046123784
2018-07-10,polynomial,-0.019487351372386885
2018-07-11,polynomial,-0.035682408233881885
2018-07-12,polynomial,-0.04059317357365309
2018-07-13,polynomial,-0.03990899009751329
2018-07-16,polynomial,-0.029388970346966883
2018-07-17,polynomial,-0.028325174227716788
2018-07-18,polynomial,-0.04543739563427899
2018-07-19,polynomial,-0.039580840669140784
2018-07-20,polynomial,-0.043071522429337886
2018-07-23,polynomial,-0.04163085546332168
2018-07-24,polynomial,-0.04407738063993368
2018-07-25,polynomial,-0.036351212422570084
2018-07-26,polynomial,-0.01944739892675478
2018-07-27,polynomial,-0.004916879328133086
2018-07-30,polynomial,0.007191404364850014
2018-07-31,polynomial,0.0015725768530623144
2018-08-01,polynomial,-0.014775944676321285
2018-08-02,polynomial,-0.010177354892456983
2018-08-03,polynomial,0.004622336443857115
2018-08-06,polynomial,0.011311274061260614
2018-08-07,polynomial,0.014868743307191915
2018-08-08,polynomial,0.0011021061813362145
2018-08-09,polynomial,-0.017058395311700687
2018-08-10,polynomial,-0.020593510880901587
2018-08-13,polynomial,-0.021141458556857187
2018-08-14,polynomial,-0.035089249138107584
2018-08-15,polynomial,-0.01959748970547809
2018-08-16,polynomial,-0.023401806819932387
2018-08-17,polynomial,-0.025520267055038487
2018-08-20,polynomial,-0.019482864159399885
2018-08-21,polynomial,-0.015336214826150787
2018-08-22,polynomial,-0.006598775615321388
2018-08-23,polynomial,-0.011607995651928988
2018-08-24,polynomial,-0.0008185644225640869
2018-08-27,polynomial,-0.008364789200225287
2018-08-28,polynomial,-0.008481682435664386
2018-08-29,polynomial,-0.03187001536587659
2018-08-30,polynomial,-0.04634473749439439
2018-08-31,polynomial,-0.04195404183622449
2018-09-03,polynomial,-0.034658160832793064
2018-09-04,polynomial,-0.034191968939502666
2018-09-05,polynomial,-0.04963870272706916
2018-09-06,polynomial,-0.05950180070017376
2018-09-07,polynomial,-0.06658543826698646
2018-09-10,polynomial,-0.07091446269570224
2018-09-11,polynomial,-0.07879909847070604
2018-09-12,polynomial,-0.06719299582313515
2018-09-13,polynomial,-0.07515771215693956
2018-09-14,polynomial,-0.07462257574002096
2018-09-17,polynomial,-0.07724811990963505
2018-09-18,polynomial,-0.057182346869695255
2018-09-19,polynomial,-0.04545133780899445
2018-09-20,polynomial,-0.027505645823725146
2018-09-21,polynomial,-0.037407011104249946
2018-09-24,polynomial,-0.03313755299078655
2018-09-25,polynomial,-0.03852473893431165
2018-09-26,polynomial,-0.041081888432064326
2018-09-27,polynomial,-0.07220487623548272
2018-09-28,polynomial,-0.06609652375620222
2018-10-01,polynomial,-0.06773928086691502
2018-10-02,polynomial,-0.06175245436292582
2018-10-03,polynomial,-0.05658417690189422
2018-10-04,polynomial,-0.06479790156569382
2018-10-05,polynomial,-0.06236468007182853
2018-10-08,polynomial,-0.08043861504897942
2018-10-09,polynomial,-0.08333271124665761
2018-10-10,polynomial,-0.11733720498266022
2018-10-11,polynomial,-0.12013979336546803
2018-10-12,polynomial,-0.12576478938047872
2018-10-15,polynomial,-0.11074020027285442
2018-10-16,polynomial,-0.10657882802302791
2018-10-17,polynomial,-0.12545138927698493
2018-10-18,polynomial,-0.12898684945980923
2018-10-19,polynomial,-0.13382622188319213
2018-10-22,polynomial,-0.14231687019267633
2018-10-23,polynomial,-0.16330423053589982
2018-10-24,polynomial,-0.14658572608615603
2018-10-25,polynomial,-0.16019275090107093
2018-10-26,polynomial,-0.15790308755182864
2018-10-29,polynomial,-0.15982155861486994
2018-10-30,polynomial,-0.15148738410537113
2018-10-31,polynomial,-0.1338583665277484
2018-11-01,polynomial,-0.12918964876937902
2018-11-02,polynomial,-0.13180777917476372
2018-11-05,polynomial,-0.1331105722635078
2018-11-06,polynomial,-0.12003654900062671
2018-11-07,polynomial,-0.10876654056024052
2018-11-08,polynomial,-0.1263968029014178
2018-11-09,polynomial,-0.13068983900141473
2018-11-12,polynomial,-0.12855808127711954
2018-11-13,polynomial,-0.12970729507475903
2018-11-14,polynomial,-0.1545207190534934
2018-11-15,polynomial,-0.18099821802065422
2018-11-16,polynomial,-0.17975088754147614
2018-11-19,polynomial,-0.19372901699825873
2018-11-20,polynomial,-0.18661152339691003
2018-11-21,polynomial,-0.19055301547510944
2018-11-22,polynomial,-0.18381146435087065
2018-11-23,polynomial,-0.19011161117170303
2018-11-26,polynomial,-0.20852465602483142
2018-11-27,polynomial,-0.2027917842303481
2018-11-28,polynomial,-0.21307613249920113
2018-11-29,polynomial,-0.21268984073724803
2018-11-30,polynomial,-0.2068206368299395
2018-12-03,polynomial,-0.24020706415484505
2018-12-04,polynomial,-0.24324907633365814
2018-12-05,polynomial,-0.2722040640614809
2018-12-06,polynomial,-0.27758827670603636
2018-12-07,polynomial,-0.28468262375707226
2018-12-10,polynomial,-0.28757865140351463
2018-12-11,polynomial,-0.2717205462987333
2018-12-12,polynomial,-0.27103467624519473
2018-12-13,polynomial,-0.28026877053004445
2018-12-14,polynomial,-0.28057590849783764
2018-12-17,polynomial,-0.2792773702690252
2018-12-18,polynomial,-0.2826296270946945
2018-12-19,polynomial,-0.3036626256214762
2018-12-20,polynomial,-0.30826751301348054
2018-12-21,polynomial,-0.3217038993310174
2018-12-24,polynomial,-0.3205041487037381
2018-12-25,polynomial,-0.3068995944201489
2018-12-26,polynomial,-0.3129944921619605
2018-12-27,polynomial,-0.30538633548292154
2018-12-28,polynomial,-0.3138983523375375
2018-12-31,polynomial,-0.31619517613148734
2019-01-01,polynomial,-0.31116672041437304
2019-01-02,polynomial,-0.32773288877671497
2019-01-03,polynomial,-0.28757840222621106
2019-01-04,polynomial,-0.2829917922424611
2019-01-07,polynomial,-0.2843337431301585
2019-01-08,polynomial,-0.282090643279626
2019-01-09,polynomial,-0.2731682349338085
2019-01-10,polynomial,-0.27792301523861557
2019-01-11,polynomial,-0.28727997128275146
2019-01-14,polynomial,-0.2826766893288519
2019-01-15,polynomial,-0.25648366845081616
2019-01-16,polynomial,-0.24896328686274627
2019-01-17,polynomial,-0.22195300910440705
2019-01-18,polynomial,-0.22926076113583044
2019-01-21,polynomial,-0.23138214935071444
2019-01-22,polynomial,-0.22930956168944344
2019-01-23,polynomial,-0.22437327984140565
2019-01-24,polynomial,-0.22776651578918367
2019-01-25,polynomial,-0.20072162849780986
2019-01-28,polynomial,-0.20196695303949846
2019-01-29,polynomial,-0.19902868789559605
2019-01-30,polynomial,-0.21295633353297055
2019-01-31,polynomial,-0.23271519420100423
2019-02-01,polynomial,-0.24839159191829402
2019-02-04,polynomial,-0.24134687599410698
2019-02-05,polynomial,-0.23045646362682515
2019-02-06,polynomial,-0.25724288880554114
2019-02-07,polynomial,-0.2694749443282441
2019-02-08,polynomial,-0.26178479475815225
2019-02-11,polynomial,-0.26006947726268625
2019-02-12,polynomial,-0.25702006118585413
2019-02-13,polynomial,-0.27793919739782175
2019-02-14,polynomial,-0.23638240882447814
2019-02-15,polynomial,-0.21879031128317877
2019-02-18,polynomial,-0.21118603906160363
2019-02-19,polynomial,-0.20323483879763143
2019-02-20,polynomial,-0.21960292680942844
2019-02-21,polynomial,-0.22517014885353884
2019-02-22,polynomial,-0.22696039471366986
2019-02-25,polynomial,-0.22710195611231324
2019-02-26,polynomial,-0.21210331568590984
2019-02-27,polynomial,-0.19764804474689404
2019-02-28,polynomial,-0.18825540460660634
2019-03-01,polynomial,-0.18976583322661175
2019-03-04,polynomial,-0.19949801482355825
2019-03-05,polynomial,-0.20118706952599957
2019-03-06,polynomial,-0.22924577706391155
2019-03-07,polynomial,-0.23926656301060545
2019-03-08,polynomial,-0.22089529703693134
2019-03-11,polynomial,-0.18546838359416074
2019-03-12,polynomial,-0.17940483569420565
2019-03-13,polynomial,-0.18072974670510006
2019-03-14,polynomial,-0.17308295575564084
2019-03-15,polynomial,-0.17284644485989545
2019-03-18,polynomial,-0.17386180424852174
2019-03-19,polynomial,-0.18905959871846223
2019-03-20,polynomial,-0.20754309071602348
2019-03-21,polynomial,-0.23556463341498055
2019-03-22,polynomial,-0.25984473406235686
2019-03-25,polynomial,-0.23940420524737677
2019-03-26,polynomial,-0.22972014512555786
2019-03-27,polynomial,-0.2503283825684697
2019-03-28,polynomial,-0.24445481044667727
2019-03-29,polynomial,-0.26166506258496425
2019-04-01,polynomial,-0.25819197187568727
2019-04-02,polynomial,-0.24423755716976245
2019-04-03,polynomial,-0.24335367066520586
2019-04-04,polynomial,-0.24516761146729285
2019-04-05,polynomial,-0.2550333715963968
2019-04-08,polynomial,-0.2560327453197307
2019-04-09,polynomial,-0.25824428836206986
2019-04-10,polynomial,-0.24274520021007723
2019-04-11,polynomial,-0.21675799868640835
2019-04-12,polynomial,-0.21249906889929426
2019-04-15,polynomial,-0.19600566666262106
2019-04-16,polynomial,-0.18600880667796915
2019-04-17,polynomial,-0.18691233515915268
2019-04-18,polynomial,-0.18327725621891228
2019-04-19,polynomial,-0.17431251893322666
2019-04-22,polynomial,-0.18639122100484806
2019-04-23,polynomial,-0.19963786799421587
2019-04-24,polynomial,-0.21004527759874267
2019-04-25,polynomial,-0.21144582133325618
2019-04-26,polynomial,-0.21669588887774466
2019-04-29,polynomial,-0.22281052691494457
2019-04-30,polynomial,-0.22108096622320866
2019-05-01,polynomial,-0.22353502056386065
2019-05-02,polynomial,-0.20658190704756976
2019-05-03,polynomial,-0.20671687132925526
2019-05-06,polynomial,-0.21505543187852605
2019-05-07,polynomial,-0.21772594541575535
2019-05-08,polynomial,-0.24106425037562526
2019-05-09,polynomial,-0.23107588882538774
2019-05-10,polynomial,-0.21174108392499374
2019-05-13,polynomial,-0.19793411751816375
2019-05-14,polynomial,-0.20210265933219515
2019-05-15,polynomial,-0.14928217366602906
2019-05-16,polynomial,-0.16842519027720776
2019-05-17,polynomial,-0.15917243976645526
2019-05-20,polynomial,-0.17069667105064726
2019-05-21,polynomial,-0.18162525047571643
2019-05-22,polynomial,-0.18339752817624766
2019-05-23,polynomial,-0.19344256802773324
2019-05-24,polynomial,-0.19787751149646243
2019-05-27,polynomial,-0.20225031227335047
2019-05-28,polynomial,-0.20676221624245386
2019-05-29,polynomial,-0.20113289219325506
2019-05-30,polynomial,-0.21216756158690775
2019-05-31,polynomial,-0.21201152802127865
2019-06-03,polynomial,-0.16512987106314497
2019-06-04,polynomial,-0.16545272448303747
2019-06-05,polynomial,-0.17241498998238589
2019-06-06,polynomial,-0.16827951642301528
2019-06-07,polynomial,-0.15541224239106746
2019-06-10,polynomial,-0.15999062619357485
2019-06-11,polynomial,-0.17278681813407026
2019-06-12,polynomial,-0.17543832112329236
2019-06-13,polynomial,-0.17029352409967077
2019-06-14,polynomial,-0.17443414918284067
2019-06-17,polynomial,-0.16350895759753428
2019-06-18,polynomial,-0.15583853638387068
2019-06-19,polynomial,-0.15807462554435356
2019-06-20,polynomial,-0.15908344487851486
2019-06-21,polynomial,-0.16582213161838535
2019-06-24,polynomial,-0.17659142933238825
2019-06-25,polynomial,-0.16816040718340797
2019-06-26,polynomial,-0.14864086110941918
2019-06-27,polynomial,-0.13042486753029275
2019-06-28,polynomial,-0.13025607801865755
2019-07-01,polynomial,-0.13179466802246856
2019-07-02,polynomial,-0.11614273489602797
2019-07-03,polynomial,-0.11494160714704867
2019-07-04,polynomial,-0.11092647358216076
2019-07-05,polynomial,-0.10512429029755616
2019-07-08,polynomial,-0.11050677000805027
2019-07-09,polynomial,-0.10727839373247137
2019-07-10,polynomial,-0.11399681691659426
2019-07-11,polynomial,-0.10996144169089227
2019-07-12,polynomial,-0.11890239956877637
2019-07-15,polynomial,-0.11609126158244136
2019-07-16,polynomial,-0.12365703469318244
2019-07-17,polynomial,-0.12682427701845764
2019-07-18,polynomial,-0.12531858259226017
2019-07-19,polynomial,-0.11154007795615367
2019-07-22,polynomial,-0.09499600689323166
2019-07-23,polynomial,-0.09795933519028696
2019-07-24,polynomial,-0.09987944838778987
2019-07-25,polynomial,-0.10065681583294327
2019-07-26,polynomial,-0.09403533629591687
2019-07-29,polynomial,-0.08449455406692906
2019-07-30,polynomial,-0.09017162434167716
2019-07-31,polynomial,-0.09593094373265826
2019-08-01,polynomial,-0.09930811506459937
2019-08-02,polynomial,-0.10618595291445657
2019-08-05,polynomial,-0.09579974349560687
2019-08-06,polynomial,-0.11046409557895598
2019-08-07,polynomial,-0.10518578143353137
2019-08-08,polynomial,-0.12128154744490827
2019-08-09,polynomial,-0.11551433237828407
2019-08-12,polynomial,-0.10233002617286327
2019-08-13,polynomial,-0.13597755477256576
2019-08-14,polynomial,-0.14197244617545837
2019-08-15,polynomial,-0.11780205808299438
2019-08-16,polynomial,-0.10849071778987207
2019-08-19,polynomial,-0.11085575552083526
2019-08-20,polynomial,-0.10766658406548467
2019-08-21,polynomial,-0.10703596329267197
2019-08-22,polynomial,-0.11678794713048656
2019-08-23,polynomial,-0.10892262727467436
2019-08-26,polynomial,-0.10685700880351037
2019-08-27,polynomial,-0.10120057888443967
2019-08-28,polynomial,-0.09118679490916948
2019-08-29,polynomial,-0.08133383758738548
2019-08-30,polynomial,-0.09057342809914028
2019-09-02,polynomial,-0.10396757537227007
2019-09-03,polynomial,-0.09284118345181157
2019-09-04,polynomial,-0.06975724040686468
2019-09-05,polynomial,-0.08886297489645897
2019-09-06,polynomial,-0.10137008801668308
2019-09-09,polynomial,-0.08505244352992848
2019-09-10,polynomial,-0.08302520603765978
2019-09-11,polynomial,-0.08342947366332527
2019-09-12,polynomial,-0.05525849215068157
2019-09-13,polynomial,-0.05270950730027538
2019-09-16,polynomial,-0.04495408093434178
2019-09-17,polynomial,-0.043665825744383775
2019-09-18,polynomial,-0.027835494398618772
2019-09-19,polynomial,-0.03290196102631568
2019-09-20,polynomial,-0.03580946287578848
2019-09-23,polynomial,-0.04628453028176637
2019-09-24,polynomial,-0.039181516898939374
2019-09-25,polynomial,-0.037570669832757975
2019-09-26,polynomial,-0.024230476444245374
2019-09-27,polynomial,-0.0016974367594800761
2019-09-30,polynomial,-0.013893062539827278
2019-10-01,polynomial,-0.03766542125433878
2019-10-02,polynomial,-0.04901463304914588
2019-10-03,polynomial,-0.046813148240955976
2019-10-04,polynomial,-0.027027953341273975
2019-10-07,polynomial,-0.04184877896386878
2019-10-08,polynomial,-0.03829338994195788
2019-10-09,polynomial,0.0023571039724711237
2019-10-10,polynomial,0.046700413995962226
2019-10-11,polynomial,0.035113339444779526
2019-10-14,polynomial,0.07601894943883103
2019-10-15,polynomial,0.08182995652436052
2019-10-16,polynomial,0.08113672491419142
2019-10-17,polynomial,0.07709467106403281
2019-10-18,polynomial,0.06327913610530603
2019-10-21,polynomial,0.05338480659735942
2019-10-22,polynomial,0.05309906298195642
2019-10-23,polynomial,0.05259796541176652
2019-10-24,polynomial,0.04247276513070762
2019-10-25,polynomial,0.03146515385212932
2019-10-28,polynomial,0.04936405735983613
2019-10-29,polynomial,0.03195933757989612
2019-10-30,polynomial,0.01938817463055702
2019-10-31,polynomial,0.03446469152332862
2019-11-01,polynomial,0.049435574525191324
2019-11-04,polynomial,0.06374144820221551
2019-11-05,polynomial,0.06240498660790321
2019-11-06,polynomial,0.09167182252064343
2019-11-07,polynomial,0.07496270770490993
2019-11-08,polynomial,0.07844397310216361
2019-11-11,polynomial,0.08635095439499832
2019-11-12,polynomial,0.07078507423209883
2019-11-13,polynomial,0.06879608900251671
2019-11-14,polynomial,0.07072259528949812
2019-11-15,polynomial,0.06955151060806693
2019-11-18,polynomial,0.07697888529220083
2019-11-19,polynomial,0.07133221665388383
2019-11-20,polynomial,0.10334523340255972
2019-11-21,polynomial,0.11659494903849482
2019-11-22,polynomial,0.14725732509764483
2019-11-25,polynomial,0.14974973901905742
2019-11-26,polynomial,0.1539533567163245
2019-11-27,polynomial,0.1595201946339092
2019-11-28,polynomial,0.1404830133607717
2019-11-29,polynomial,0.14145587057472792
2019-12-02,polynomial,0.13997143530100292
2019-12-03,polynomial,0.15597335362302844
2019-12-04,polynomial,0.15855437867218863
2019-12-05,polynomial,0.1772488656901191
2019-12-06,polynomial,0.19820051875500372
2019-12-09,polynomial,0.1980248902925484
2019-12-10,polynomial,0.1970870862507971
2019-12-11,polynomial,0.21877638680543482
2019-12-12,polynomial,0.22056790835209253
2019-12-13,polynomial,0.22350944633151373
2019-12-16,polynomial,0.2029410401925731
2019-12-17,polynomial,0.1999034771196658
2019-12-18,polynomial,0.1949641209988813
2019-12-19,polynomial,0.186029107090419
2019-12-20,polynomial,0.19976983773403312
2019-12-23,polynomial,0.1618845450784397
2019-12-24,polynomial,0.16069504532888929
2019-12-25,polynomial,0.1554887150793828
2019-12-26,polynomial,0.1507257124528035
2019-12-27,polynomial,0.13875126132777912
2019-12-30,polynomial,0.14055941521731133
2019-12-31,polynomial,0.14407344926697802
2020-01-01,polynomial,0.15158101526274148
2020-01-02,polynomial,0.1151648783451981
2020-01-03,polynomial,0.1264115834152544
2020-01-06,polynomial,0.11028504769770821
2020-01-07,polynomial,0.1128228925991717
2020-01-08,polynomial,0.1255895251141833
2020-01-09,polynomial,0.11317333909059321
2020-01-10,polynomial,0.1099781204328298
2020-01-13,polynomial,0.0923276308269739
2020-01-14,polynomial,0.0785026551405687
2020-01-15,polynomial,0.08226234449495291
2020-01-16,polynomial,0.08293389768731761
2020-01-17,polynomial,0.09903152995365601
2020-01-20,polynomial,0.1014492188428082
2020-01-21,polynomial,0.10099504508635691
2020-01-22,polynomial,0.0840258420734257
2020-01-23,polynomial,0.0694382941185772
2020-01-24,polynomial,0.09791639881795511
2020-01-27,polynomial,0.11899373798942421
2020-01-28,polynomial,0.1221024048534685
2020-01-29,polynomial,0.1212100876575814
2020-01-30,polynomial,0.10529448088471441
2020-01-31,polynomial,0.11862205176510811
2020-02-03,polynomial,0.1001796786043114
2020-02-04,polynomial,0.1109829924339441
2020-02-05,polynomial,0.12186649051653921
2020-02-06,polynomial,0.11251522696984051
2020-02-07,polynomial,0.12254589043250921
2020-02-10,polynomial,0.1362673902480613
2020-02-11,polynomial,0.1455288939798647
2020-02-12,polynomial,0.1410224910344248
2020-02-13,polynomial,0.123101531883522
2020-02-14,polynomial,0.117584837451754
2020-02-17,polynomial,0.10485500047868591
2020-02-18,polynomial,0.10383972529989131
2020-02-19,polynomial,0.10413651970848611
2020-02-20,polynomial,0.0940101324510197
2020-02-21,polynomial,0.11476780202690541
2020-02-24,polynomial,0.0986161868763136
2020-02-25,polynomial,0.09405471095559892
2020-02-26,polynomial,0.03769737859710281
2020-02-27,polynomial,0.0045762771227080105
2020-02-28,polynomial,-0.006544026338943593
2020-03-02,polynomial,-0.03139208140620459
2020-03-03,polynomial,-0.017628101891144794
2020-03-04,polynomial,-0.050506256383803794
2020-03-05,polynomial,-0.0724456968089757
2020-03-06,polynomial,-0.058240728194481194
2020-03-09,polynomial,0.012473052727303306
2020-03-10,polynomial,0.013008290216488406
2020-03-11,polynomial,-0.12786092097441337
2020-03-12,polynomial,-0.07254066101397001
2020-03-13,polynomial,-0.0628927430832972
2020-03-16,polynomial,-0.0188561864355168
2020-03-17,polynomial,-0.0679432558249384
2020-03-18,polynomial,-0.0593575314255168
2020-03-19,polynomial,-0.0966410531497952
2020-03-20,polynomial,-0.1011866470658893
2020-03-23,polynomial,0.019729082491401206
2020-03-24,polynomial,0.0733777065528705
2020-03-25,polynomial,0.12446896706486932
2020-03-26,polynomial,0.09333030189587682
2020-03-27,polynomial,0.0822809912212619
2020-03-30,polynomial,0.03574334442566671
2020-03-31,polynomial,-0.025154531491170293
2020-04-01,polynomial,-0.027743856518871294
2020-04-02,polynomial,-0.06519467485424499
2020-04-03,polynomial,-0.0632205665485848
2020-04-06,polynomial,-0.024866787913642094
2020-04-07,polynomial,-0.0017599912706279947
2020-04-08,polynomial,0.028464751205454004
2020-04-09,polynomial,0.04931453039514241
2020-04-10,polynomial,0.058430392255221
2020-04-13,polynomial,0.0393014182500111
2020-04-14,polynomial,-0.023631814430973605
2020-04-15,polynomial,-0.0442713341487021
2020-04-16,polynomial,-0.0007465012492208073
2020-04-17,polynomial,-0.0006747949615378138
2020-04-20,polynomial,-0.04255979783524302
2020-04-21,polynomial,-0.028249313531422217
2020-04-22,polynomial,0.011601293129173882
2020-04-23,polynomial,0.011643121450936982
2020-04-24,polynomial,0.02500812642504738
2020-04-27,polynomial,0.060697718963787284
2020-04-28,polynomial,0.10025416239882229
2020-04-29,polynomial,0.058252303714921974
2020-04-30,polynomial,0.062029331596468784
2020-05-01,polynomial,0.048152753493576575
2020-05-04,polynomial,0.07251818992143719
2020-05-05,polynomial,0.05242676623048558
2020-05-06,polynomial,0.06346233299263108
2020-05-07,polynomial,0.08956989547936478
2020-05-08,polynomial,0.10720739506147428
2020-05-11,polynomial,0.08419353903080418
2020-05-12,polynomial,0.05199704200352888
2020-05-13,polynomial,0.07304577198611847
2020-05-14,polynomial,0.07191743905563039
2020-05-15,polynomial,0.07134765056248457
2020-05-18,polynomial,0.08380451749889498
2020-05-19,polynomial,0.10701985371800828
2020-05-20,polynomial,0.05924408532445098
2020-05-21,polynomial,0.05196646374224388
2020-05-22,polynomial,0.06097265520341228
2020-05-25,polynomial,0.12519992826272308
2020-05-26,polynomial,0.17647493316101467
2020-05-27,polynomial,0.17205874772986737
2020-05-28,polynomial,0.15275337995102628
2020-05-29,polynomial,0.15446664038798577
2020-06-01,polynomial,0.18603839995952068
2020-06-02,polynomial,0.22898925434414968
2020-06-03,polynomial,0.22570091287348837
2020-06-04,polynomial,0.2728162268577868
2020-06-05,polynomial,0.27800936807638577
2020-06-08,polynomial,0.2457378500430082
2020-06-09,polynomial,0.22748902008859348
2020-06-10,polynomial,0.1414070332554712
2020-06-11,polynomial,0.15606666165543087
2020-06-12,polynomial,0.14617198191635647
2020-06-15,polynomial,0.18170984503085888
2020-06-16,polynomial,0.16347144437455757
2020-06-17,polynomial,0.1591848755120752
2020-06-18,polynomial,0.13053463052616276
2020-06-19,polynomial,0.12803826795204817
2020-06-22,polynomial,0.15029946139665287
2020-06-23,polynomial,0.11921252606507597
2020-06-24,polynomial,0.14734915178344288
2020-06-25,polynomial,0.127371441302499
2020-06-26,polynomial,0.12001566810308648
2020-06-29,polynomial,0.12339854107465348
2020-06-30,polynomial,0.11181434435044157
2020-07-01,polynomial,0.13163352420618457
2020-07-02,polynomial,0.13616863989446815
2020-07-03,polynomial,0.13724653184160607
2020-07-06,polynomial,0.12168851266388987
2020-07-07,polynomial,0.11903521432770908
2020-07-08,polynomial,0.08572285641583849
2020-07-09,polynomial,0.12673823652189567
2020-07-10,polynomial,0.12697849067353356
2020-07-13,polynomial,0.11674288764407237
2020-07-14,polynomial,0.13938185057087188
2020-07-15,polynomial,0.15802187604728427
2020-07-16,polynomial,0.14428215914533926
2020-07-17,polynomial,0.15127385584449365
2020-07-20,polynomial,0.18942210028233178
2020-07-21,polynomial,0.18145944588306168
2020-07-22,polynomial,0.16732381821704675
2020-07-23,polynomial,0.1756047017167664
2020-07-24,polynomial,0.1583618448244393
2020-07-27,polynomial,0.17978105328593458
2020-07-28,polynomial,0.17594377921437138
2020-07-29,polynomial,0.12455583039454228
2020-07-30,polynomial,0.15451633454677505
2020-07-31,polynomial,0.16099611049315546
2020-08-03,polynomial,0.14923323066696917
2020-08-04,polynomial,0.15935976675759098
2020-08-05,polynomial,0.16576764916552197
2020-08-06,polynomial,0.16457920520049388
2020-08-07,polynomial,0.15662182619772386
2020-08-10,polynomial,0.19765814064219928
2020-08-11,polynomial,0.19860830823553766
2020-08-12,polynomial,0.18888306949420688
2020-08-13,polynomial,0.1825283078926012
2020-08-14,polynomial,0.17255590616377958
2020-08-17,polynomial,0.15869254186708318
2020-08-18,polynomial,0.17423303270810597
2020-08-19,polynomial,0.16371201219518505
2020-08-20,polynomial,0.15002846354092017
2020-08-21,polynomial,0.12160535251701197
2020-08-24,polynomial,0.11912495842690048
2020-08-25,polynomial,0.12725185589429408
2020-08-26,polynomial,0.10659895022551226
2020-08-27,polynomial,0.12126747608981676
2020-08-28,polynomial,0.11941390001138617
2020-08-31,polynomial,0.09404820698488948
2020-09-01,polynomial,0.09005013913421067
2020-09-02,polynomial,0.10722710754435447
2020-09-03,polynomial,0.12495662273118256
2020-09-04,polynomial,0.11571055646307296
2020-09-07,polynomial,0.08506298614986617
2020-09-08,polynomial,0.09058563207063047
2020-09-09,polynomial,0.10271021489667796
2020-09-10,polynomial,0.08579672524671728
2020-09-11,polynomial,0.08940669338862198
2020-09-14,polynomial,0.06973674037713447
2020-09-15,polynomial,0.07871278729820916
2020-09-16,polynomial,0.08491927447147138
2020-09-17,polynomial,0.09093818030018347
2020-09-18,polynomial,0.09416487299754177
2020-09-21,polynomial,0.07754340170669917
2020-09-22,polynomial,0.059307390302449074
2020-09-23,polynomial,0.08131569993612127
2020-09-24,polynomial,0.06616309677059307
2020-09-25,polynomial,0.04187202088013597
2020-09-28,polynomial,0.005228042217315671
2020-09-29,polynomial,0.01997798571361177
2020-09-30,polynomial,-0.005340923075407729
2020-10-01,polynomial,-0.0033425330963243296
2020-10-02,polynomial,-0.005074986594588529
2020-10-05,polynomial,0.01864900521199917
2020-10-06,polynomial,0.028083756379459673
2020-10-07,polynomial,0.039793599489135675
2020-10-08,polynomial,0.033526133674963265
2020-10-09,polynomial,0.03629608838057097
2020-10-12,polynomial,0.007221941258514376
2020-10-13,polynomial,-0.006660025680525029
2020-10-14,polynomial,-0.01059840248960463
2020-10-15,polynomial,0.01645369710232837
2020-10-16,polynomial,0.02292877955286597
2020-10-19,polynomial,0.02025368154433997
2020-10-20,polynomial,0.013081288489826072
2020-10-21,polynomial,0.02778957093238607
2020-10-22,polynomial,0.04464353209996887
2020-10-23,polynomial,0.034609181413495574
2020-10-26,polynomial,0.01193120828177597
2020-10-27,polynomial,-0.01822839942410963
2020-10-28,polynomial,-0.02489053159998453
2020-10-29,polynomial,0.001092580701727467
2020-10-30,polynomial,0.006629707987987267
2020-11-02,polynomial,0.03778109707819117
2020-11-03,polynomial,0.024940637323869468
2020-11-04,polynomial,0.028677686272645168
2020-11-05,polynomial,0.03759593221594467
2020-11-06,polynomial,0.03841000629530417
2020-11-09,polynomial,0.050280354527931365
2020-11-10,polynomial,0.05026691783732541
2020-11-11,polynomial,0.03842301310469012
2020-11-12,polynomial,0.04544389470858302
2020-11-13,polynomial,0.04847886585228762
2020-11-16,polynomial,0.05805498375619472
2020-11-17,polynomial,0.06154581378928922
2020-11-18,polynomial,0.07392092257460361
2020-11-19,polynomial,0.05785246554146681
2020-11-20,polynomial,0.05564968478115611
2020-11-23,polynomial,0.08242652891183572
2020-11-24,polynomial,0.080406692911273
2020-11-25,polynomial,0.0765821691217316
2020-11-26,polynomial,0.08203363674744951
2020-11-27,polynomial,0.05921944767743751
2020-11-30,polynomial,0.06865833453562212
2020-12-01,polynomial,0.0855571498746257
2020-12-02,polynomial,0.08960020428018892
2020-12-03,polynomial,0.11038288085029171
2020-12-04,polynomial,0.11172233864579281
2020-12-07,polynomial,0.1083614715365878
2020-12-08,polynomial,0.11085264635351681
2020-12-09,polynomial,0.09670968664136134
2020-12-10,polynomial,0.08861543789694952
2020-12-11,polynomial,0.08498562499563042
2020-12-14,polynomial,0.10366448034300832
2020-12-15,polynomial,0.10515493107102122
2020-12-16,polynomial,0.10418013192295142
2020-12-17,polynomial,0.09379128163235842
2020-12-18,polynomial,0.08198962140417523
2020-12-21,polynomial,0.09886129234880812
2020-12-22,polynomial,0.12658511258503083
2020-12-23,polynomial,0.12483525282951143
2020-12-24,polynomial,0.12255561792999023
2020-12-25,polynomial,0.12133397622585343
2020-12-28,polynomial,0.11768416973381873
2020-12-29,polynomial,0.11766472612305894
2020-12-30,polynomial,0.12573690857899852
2020-12-31,polynomial,0.13565672493745953
2021-01-01,polynomial,0.13269273183860664
2021-01-04,polynomial,0.13351858590264112
2021-01-05,polynomial,0.19530353730637082
2021-01-06,polynomial,0.21976474004954522
2021-01-07,polynomial,0.20775808265965723
2021-01-08,polynomial,0.21287038258998775
2021-01-11,polynomial,0.22444195853876092
2021-01-12,polynomial,0.22256476816114443
2021-01-13,polynomial,0.21731779797986592
2021-01-14,polynomial,0.19756619342966522
2021-01-15,polynomial,0.19106312805106393
2021-01-18,polynomial,0.19522198647391742
2021-01-19,polynomial,0.19162923032904372
2021-01-20,polynomial,0.17619820363363675
2021-01-21,polynomial,0.15621738829660775
2021-01-22,polynomial,0.1490440406515725
2021-01-25,polynomial,0.15259332693543934
2021-01-26,polynomial,0.12579202817475482
2021-01-27,polynomial,0.12699018367383383
2021-01-28,polynomial,0.09502679357841903
2021-01-29,polynomial,0.09517863912100524
2021-02-01,polynomial,0.12709427754462563
2021-02-02,polynomial,0.13988394229904755
2021-02-03,polynomial,0.17691899591918042
2021-02-04,polynomial,0.18868209162955824
2021-02-05,polynomial,0.19400110207467192
2021-02-08,polynomial,0.20334517852848172
2021-02-09,polynomial,0.2129692450742353
2021-02-10,polynomial,0.2367156861234354
2021-02-11,polynomial,0.25180245074136454
2021-02-12,polynomial,0.29997304327898167
2021-02-15,polynomial,0.34713754516629514
2021-02-16,polynomial,0.3414191635502927
2021-02-17,polynomial,0.34337081956995613
2021-02-18,polynomial,0.35185351234224804
2021-02-19,polynomial,0.38677453294172304
2021-02-22,polynomial,0.43698833076379306
2021-02-23,polynomial,0.45323980416999554
2021-02-24,polynomial,0.41498064076308183
2021-02-25,polynomial,0.390072263479521
2021-02-26,polynomial,0.5271172775498337
2021-03-01,polynomial,0.4611314137351658
2021-03-02,polynomial,0.4833660045293141
2021-03-03,polynomial,0.42602865486717373
2021-03-04,polynomial,0.4788056833035588
2021-03-05,polynomial,0.4653467956404195
2021-03-08,polynomial,0.47291035775623974
2021-03-09,polynomial,0.4829772812559438
2021-03-10,polynomial,0.36023176824145364
2021-03-11,polynomial,0.32457162709921467
2021-03-12,polynomial,0.2750535496359541
2021-03-15,polynomial,0.30453675798310015
2021-03-16,polynomial,0.3136270781246952
2021-03-17,polynomial,0.36468021023894204
2021-03-18,polynomial,0.4074597554386363
2021-03-19,polynomial,0.39832986166552325
2021-03-22,polynomial,0.41792416193716625
2021-03-23,polynomial,0.41625335067733965
2021-03-24,polynomial,0.383485161857652
2021-03-25,polynomial,0.36828012257034215
2021-03-26,polynomial,0.3440659875123675
2021-03-29,polynomial,0.36037538386705764
2021-03-30,polynomial,0.3442420698172321
2021-03-31,polynomial,0.36567289786039103
2021-04-01,polynomial,0.43009809044740355
2021-04-02,polynomial,0.4509386637802022
2021-04-05,polynomial,0.40886207826719634
2021-04-06,polynomial,0.41392758904178834
2021-04-07,polynomial,0.44801757228873834
2021-04-08,polynomial,0.43300889595196485
2021-04-09,polynomial,0.41580709715986675
2021-04-12,polynomial,0.41097816544459814
2021-04-13,polynomial,0.41788875559835664
2021-04-14,polynomial,0.37226542956513703
2021-04-15,polynomial,0.3457634984747735
2021-04-16,polynomial,0.3796096005555054
2021-04-19,polynomial,0.35247411178476895
2021-04-20,polynomial,0.35320051649344353
2021-04-21,polynomial,0.33730789464660355
2021-04-22,polynomial,0.36086926041596246
2021-04-23,polynomial,0.34247704527246675
2021-04-26,polynomial,0.340458201482185
2021-04-27,polynomial,0.35531325747038855
2021-04-28,polynomial,0.387231185664117
2021-04-29,polynomial,0.4075555512291013
2021-04-30,polynomial,0.396036446858738
2021-05-03,polynomial,0.40213277193423586
2021-05-04,polynomial,0.41845589878663925
2021-05-05,polynomial,0.43367184175507395
2021-05-06,polynomial,0.41560872582208674
2021-05-07,polynomial,0.43194385065004587
2021-05-10,polynomial,0.4227869800236159
2021-05-11,polynomial,0.4242056048471912
2021-05-12,polynomial,0.36312098358252626
2021-05-13,polynomial,0.3278757832001976
2021-05-14,polynomial,0.3294674403801582
2021-05-17,polynomial,0.36352564930017334
2021-05-18,polynomial,0.3549532334213945
2021-05-19,polynomial,0.3275935009243869
2021-05-20,polynomial,0.29674330147305183
2021-05-21,polynomial,0.28396525897628005
2021-05-24,polynomial,0.22920763451643833
2021-05-25,polynomial,0.22075319873775553
2021-05-26,polynomial,0.26432689936894815
2021-05-27,polynomial,0.2874722216629527
2021-05-28,polynomial,0.37857159645458416
2021-05-31,polynomial,0.3660924023089045
2021-06-01,polynomial,0.3680822155219552
2021-06-02,polynomial,0.3272400053293613
2021-06-03,polynomial,0.33595784237450077
2021-06-04,polynomial,0.3460648150968106
2021-06-07,polynomial,0.3533248680774648
2021-06-08,polynomial,0.3406458487665092
2021-06-09,polynomial,0.30743521250788286
2021-06-10,polynomial,0.3388735567868327
2021-06-11,polynomial,0.3167118934811062
2021-06-14,polynomial,0.33358908656653624
2021-06-15,polynomial,0.3272232717191349
2021-06-16,polynomial,0.30860857891193566
2021-06-17,polynomial,0.28669341757585254
2021-06-18,polynomial,0.26187773228322553
2021-06-21,polynomial,0.27026695318420485
2021-06-22,polynomial,0.26985410841594176
2021-06-23,polynomial,0.30266650159337044
2021-06-24,polynomial,0.31285376688633515
2021-06-25,polynomial,0.32905500641371155
2021-06-28,polynomial,0.29010496087924814
2021-06-29,polynomial,0.2851758138496989
2021-06-30,polynomial,0.30131983502696386
2021-07-01,polynomial,0.27124292403815414
2021-07-02,polynomial,0.26813900626900716
2021-07-05,polynomial,0.2675273970219192
2021-07-06,polynomial,0.2597879535333571
2021-07-07,polynomial,0.21188233876535675
2021-07-08,polynomial,0.24795719724207244
2021-07-09,polynomial,0.25386519487110126
2021-07-12,polynomial,0.24921632924687326
2021-07-13,polynomial,0.24664616621752197
2021-07-14,polynomial,0.23902419129201927
2021-07-15,polynomial,0.22629338939085997
2021-07-16,polynomial,0.26652580728699876
2021-07-19,polynomial,0.28409412941304457
2021-07-20,polynomial,0.3071323964842816
2021-07-21,polynomial,0.2890140377233554
2021-07-22,polynomial,0.28593694073990494
2021-07-23,polynomial,0.2910322218661385
2021-07-26,polynomial,0.290242451172362
2021-07-27,polynomial,0.2872300459052414
2021-07-28,polynomial,0.2698727478430382
2021-07-29,polynomial,0.26261058599070825
2021-07-30,polynomial,0.2784897916231531
2021-08-02,polynomial,0.29226364481385236
2021-08-03,polynomial,0.2942306359557675
2021-08-04,polynomial,0.3148464822418174
2021-08-05,polynomial,0.31903513736006067
2021-08-06,polynomial,0.3374301711602843
2021-08-09,polynomial,0.34439712631777036
2021-08-10,polynomial,0.35467017192386485
2021-08-11,polynomial,0.3546888570072019
2021-08-12,polynomial,0.3441855893432302
2021-08-13,polynomial,0.33792155840781984
2021-08-16,polynomial,0.30974640429475914
2021-08-17,polynomial,0.30424867669786654
2021-08-18,polynomial,0.28690348365517215
2021-08-19,polynomial,0.2902014329073769
2021-08-20,polynomial,0.29264215503298563
2021-08-23,polynomial,0.28089519259465645
2021-08-24,polynomial,0.2982213606306475
2021-08-25,polynomial,0.32489572356287544
2021-08-26,polynomial,0.32143860878476965
2021-08-27,polynomial,0.32303883593874805
2021-08-30,polynomial,0.333273586621544
2021-08-31,polynomial,0.3365043382098761
2021-09-01,polynomial,0.34798998268224846
2021-09-02,polynomial,0.33644658024833196
2021-09-03,polynomial,0.34895155887082596
2021-09-06,polynomial,0.36762406958680777
2021-09-07,polynomial,0.3556922858389955
2021-09-08,polynomial,0.3649015487253345
2021-09-09,polynomial,0.38284742177981873
2021-09-10,polynomial,0.3790035242455083
2021-09-13,polynomial,0.3781072310884793
2021-09-14,polynomial,0.38063048596355165
2021-09-15,polynomial,0.39938631726158236
2021-09-16,polynomial,0.38032969762337193
2021-09-17,polynomial,0.38050581623836044
2021-09-20,polynomial,0.37104371973218814
2021-09-21,polynomial,0.39626561648857156
2021-09-22,polynomial,0.38814776277613017
2021-09-23,polynomial,0.3885506116262408
2021-09-24,polynomial,0.3739463219986122
2021-09-27,polynomial,0.37009848543532065
2021-09-28,polynomial,0.3749801950555356
2021-09-29,polynomial,0.38806140549843676
2021-09-30,polynomial,0.40027774018887197
2021-10-01,polynomial,0.40379708081412574
2021-10-04,polynomial,0.42395281655581957
2021-10-05,polynomial,0.42538523304798576
2021-10-06,polynomial,0.42418940582321424
2021-10-07,polynomial,0.43617820507262384
2021-10-08,polynomial,0.41437377180661583
2021-10-11,polynomial,0.39613203462716096
2021-10-12,polynomial,0.37766900852175717
2021-10-13,polynomial,0.417726270195071
2021-10-14,polynomial,0.46614041354487923
2021-10-15,polynomial,0.46753034816849875
2021-10-18,polynomial,0.45878436394875777
2021-10-19,polynomial,0.4631372691555394
2021-10-20,polynomial,0.4201053404350651
2021-10-21,polynomial,0.43701934253919517
2021-10-22,polynomial,0.4302405057287043
2021-10-25,polynomial,0.4310176334987767
2021-10-26,polynomial,0.4175097507289456
2021-10-27,polynomial,0.3971709481586754
2021-10-28,polynomial,0.40332105371342075
2021-10-29,polynomial,0.42026589662070996
2021-11-01,polynomial,0.4093730847907884
2021-11-02,polynomial,0.4109964766338539
2021-11-03,polynomial,0.3872953003614993
2021-11-04,polynomial,0.38409301959876446
2021-11-05,polynomial,0.38450755342759335
2021-11-08,polynomial,0.3772013618818528
2021-11-09,polynomial,0.3869474524910142
2021-11-10,polynomial,0.34506372696182314
2021-11-11,polynomial,0.3439466486203288
2021-11-12,polynomial,0.3487209548953517
2021-11-15,polynomial,0.3398949083467041
2021-11-16,polynomial,0.33210956473391773
2021-11-17,polynomial,0.2994117579664539
2021-11-18,polynomial,0.2615076086265547
2021-11-19,polynomial,0.2543300710075501
2021-11-22,polynomial,0.23597679007147332
2021-11-23,polynomial,0.23807656400516272
2021-11-24,polynomial,0.24480322385482062
2021-11-25,polynomial,0.1896169244641356
2021-11-26,polynomial,0.2036635478876626
2021-11-29,polynomial,0.19943379875985193
2021-11-30,polynomial,0.20694477490946883
2021-12-01,polynomial,0.20814553059610275
2021-12-02,polynomial,0.20155907652381283
2021-12-03,polynomial,0.20094500900066753
2021-12-06,polynomial,0.22371754470016955
2021-12-07,polynomial,0.21784373159721693
2021-12-08,polynomial,0.20599681128277064
2021-12-09,polynomial,0.17009383717934573
2021-12-10,polynomial,0.16449278953007912
2021-12-13,polynomial,0.17340575803698624
2021-12-14,polynomial,0.16734667628322683
2021-12-15,polynomial,0.20386449643744944
2021-12-16,polynomial,0.18682605206333563
2021-12-17,polynomial,0.18271493424597363
2021-12-20,polynomial,0.20901093924467254
2021-12-21,polynomial,0.21287748542798204
2021-12-22,polynomial,0.22124488760270583
2021-12-23,polynomial,0.15932491282323613
2021-12-24,polynomial,0.1392782186898723
2021-12-27,polynomial,0.15461822028248223
2021-12-28,polynomial,0.1534213755014867
2021-12-29,polynomial,0.14645277809096843
2021-12-30,polynomial,0.14546064433721262
2021-12-31,polynomial,0.14005962389577223
2022-01-03,polynomial,0.18638042644179453
2022-01-04,polynomial,0.18756008376712305
2022-01-05,polynomial,0.2146066212099667
2022-01-06,polynomial,0.231348126110336
2022-01-07,polynomial,0.2374810481737895
2022-01-10,polynomial,0.24929940350803148
2022-01-11,polynomial,0.2565678748845959
2022-01-12,polynomial,0.26908135919947634
2022-01-13,polynomial,0.2864094159734337
2022-01-14,polynomial,0.274724757946306
2022-01-17,polynomial,0.2748987382666904
2022-01-18,polynomial,0.2556108463715249
2022-01-19,polynomial,0.22291096928287743
2022-01-20,polynomial,0.19069819467935573
2022-01-21,polynomial,0.16759390612037084
2022-01-24,polynomial,0.17408940499503223
2022-01-25,polynomial,0.18749090397940332
2022-01-26,polynomial,0.18664292061782195
2022-01-27,polynomial,0.17668180463405503
2022-01-28,polynomial,0.18590546649770273
2022-01-31,polynomial,0.19996272580143304
2022-02-01,polynomial,0.21436524795618492
2022-02-02,polynomial,0.19637347387187673
2022-02-03,polynomial,0.215375268461928
2022-02-04,polynomial,0.23165958726565783
2022-02-07,polynomial,0.22542575120693162
2022-02-08,polynomial,0.2281182380745525
2022-02-09,polynomial,0.21931567835853225
2022-02-10,polynomial,0.19069081449007613
2022-02-11,polynomial,0.19160565410895802
2022-02-14,polynomial,0.2227027502888787
2022-02-15,polynomial,0.21847808053029072
2022-02-16,polynomial,0.20470351104100404
2022-02-17,polynomial,0.17721118035625114
2022-02-18,polynomial,0.18731813509359024
2022-02-21,polynomial,0.17996886637489393
2022-02-22,polynomial,0.16937799307066032
2022-02-23,polynomial,0.12129087784715101
2022-02-24,polynomial,0.13622627241857652
2022-02-25,polynomial,0.1419910600446916
2022-02-28,polynomial,0.06290803155801802
2022-03-01,polynomial,0.07769136198553903
2022-03-02,polynomial,0.07044894188332741
2022-03-03,polynomial,0.003957497852579421
2022-03-04,polynomial,-0.020844324129455277
2022-03-07,polynomial,0.005073549426926221
2022-03-08,polynomial,0.05773953331672582
2022-03-09,polynomial,0.05133658433777553
2022-03-10,polynomial,0.046068621815684316
2022-03-11,polynomial,0.04365125990577812
2022-03-14,polynomial,0.03684182571255412
2022-03-15,polynomial,0.08392311024512403
2022-03-16,polynomial,0.058445790262948924
2022-03-17,polynomial,0.08192143380103092
2022-03-18,polynomial,0.07565262183561543
2022-03-21,polynomial,0.10090957816209972
2022-03-22,polynomial,0.08307737593066501
2022-03-23,polynomial,0.07385103734609533
2022-03-24,polynomial,0.06414795058980971
2022-03-25,polynomial,0.06983751678235932
2022-03-28,polynomial,0.08813943670234611
2022-03-29,polynomial,0.07262383580805072
2022-03-30,polynomial,0.056272769114244614
2022-03-31,polynomial,0.048974227824137524
2022-04-01,polynomial,0.055951832368868824
2022-04-04,polynomial,0.024963079899747918
2022-04-05,polynomial,0.00515107515263552
2022-04-06,polynomial,0.024366033276664423
2022-04-07,polynomial,0.03896956499675792
2022-04-08,polynomial,0.04178715230488382
2022-04-11,polynomial,0.024393792464414525
2022-04-12,polynomial,0.02210032599652362
2022-04-13,polynomial,0.02236274363422272
2022-04-14,polynomial,0.004531419060556219
2022-04-15,polynomial,-0.011633079973703282
2022-04-18,polynomial,0.009556246660077318
2022-04-19,polynomial,0.023917621291752518
2022-04-20,polynomial,0.031426876954168716
2022-04-21,polynomial,-0.011098467510269484
2022-04-22,polynomial,-0.024273377687655882
2022-04-25,polynomial,-0.05912004999607658
2022-04-26,polynomial,-0.06489674036773309
2022-04-27,polynomial,-0.03713423511457559
2022-04-28,polynomial,-0.04014818767660888
2022-04-29,polynomial,-0.04623068987573018
2022-05-02,polynomial,-0.04273973819188008
2022-05-03,polynomial,-0.038929145049790184
2022-05-04,polynomial,-0.048976635710333484
2022-05-05,polynomial,-0.05124493768839489
2022-05-06,polynomial,-0.05017016164591698
2022-05-09,polynomial,-0.05492081360218468
2022-05-10,polynomial,-0.05898171931149219
2022-05-11,polynomial,-0.0640961273180995
2022-05-12,polynomial,-0.040858134990640886
2022-05-13,polynomial,-0.054068648652167685
2022-05-16,polynomial,-0.030402914284430885
2022-05-17,polynomial,-0.03559215567073688
2022-05-18,polynomial,-0.05000899711776599
2022-05-19,polynomial,-0.04598303554420799
2022-05-20,polynomial,-0.049549139718979784
2022-05-23,polynomial,-0.03295606967769429
2022-05-24,polynomial,-0.02423685506241079
2022-05-25,polynomial,-0.00275084282570549
2022-05-26,polynomial,0.01957704221124041
2022-05-27,polynomial,0.025447555341124112
2022-05-30,polynomial,0.02308902420045381
2022-05-31,polynomial,0.01571751265135351
2022-06-01,polynomial,0.014426007534799112
2022-06-02,polynomial,0.02177772418536231
2022-06-03,polynomial,0.03542069397190451
2022-06-06,polynomial,0.0665011852144939
2022-06-07,polynomial,0.05793960034382522
2022-06-08,polynomial,0.02911179888785101
2022-06-09,polynomial,-0.020416690343426587
2022-06-10,polynomial,-0.033557931257548884
2022-06-13,polynomial,-0.04233861974028979
2022-06-14,polynomial,-0.020599440169038783
2022-06-15,polynomial,-0.040740208257306586
2022-06-16,polynomial,-0.020689620458116387
2022-06-17,polynomial,-0.029378140406697985
2022-06-20,polynomial,-0.005523985697366885
2022-06-21,polynomial,-0.004474392030423784
2022-06-22,polynomial,-0.012080413935764983
2022-06-23,polynomial,0.01661190711050482
2022-06-24,polynomial,0.04369423935385852
2022-06-27,polynomial,0.017659515924021117
2022-06-28,polynomial,0.00954839445320202
2022-06-29,polynomial,-0.012059170298635083
2022-06-30,polynomial,-0.008124435288911684
2022-07-01,polynomial,-0.009972552146776482
2022-07-04,polynomial,-0.015794127409522383
2022-07-05,polynomial,-0.03168436593441268
2022-07-06,polynomial,-0.02147963258361368
2022-07-07,polynomial,-0.034411142528612985
2022-07-08,polynomial,-0.02858339879852538
2022-07-11,polynomial,-0.043794370907036785
2022-07-12,polynomial,-0.059710362463832684
2022-07-13,polynomial,-0.08927781889519298
2022-07-14,polynomial,-0.05931863591750429
2022-07-15,polynomial,-0.07371186035525229
2022-07-18,polynomial,-0.027412267021247994
2022-07-19,polynomial,-0.025244000553295988
2022-07-20,polynomial,-0.03581024180913599
2022-07-21,polynomial,-0.04583012083194209
2022-07-22,polynomial,-0.05455092436807579
2022-07-25,polynomial,-0.0874576147548353
2022-07-26,polynomial,-0.07613372759292888
2022-07-27,polynomial,-0.07784971521274138
2022-07-28,polynomial,-0.0693852161838936
2022-07-29,polynomial,-0.06788354572746458
2022-08-01,polynomial,-0.06764112337923939
2022-08-02,polynomial,-0.05785979637802998
2022-08-03,polynomial,-0.04575119613517408
2022-08-04,polynomial,-0.025677644108783284
2022-08-05,polynomial,-0.005750553608710789
2022-08-08,polynomial,-0.004730999949972189
2022-08-09,polynomial,0.01019845494113321
2022-08-10,polynomial,0.017205253764595613
2022-08-11,polynomial,0.013305213585141713
2022-08-12,polynomial,0.01635806108982831
2022-08-15,polynomial,0.013643449863727612
2022-08-16,polynomial,0.006986512183507513
2022-08-17,polynomial,0.0031039499282105127
2022-08-18,polynomial,-0.02988004792610869
2022-08-19,polynomial,-0.03214183657782799
2022-08-22,polynomial,-0.03718989155436369
2022-08-23,polynomial,-0.03608841417306149
2022-08-24,polynomial,-0.03267788544279289
2022-08-25,polynomial,-0.03622022457741749
2022-08-26,polynomial,-0.035170873230930294
2022-08-29,polynomial,-0.02199220803331529
2022-08-30,polynomial,-0.02182502979284339
2022-08-31,polynomial,-0.019425766695775788
2022-09-01,polynomial,-0.01393287539189029
2022-09-02,polynomial,-0.019400677707368287
2022-09-05,polynomial,-0.014838465534577789
2022-09-06,polynomial,-0.029685681448844287
2022-09-07,polynomial,-0.0007535395334955855
2022-09-08,polynomial,-0.006427800914986587
2022-09-09,polynomial,-0.026326059668473088
2022-09-12,polynomial,-0.058081505179698595
2022-09-13,polynomial,-0.07085843401722039
2022-09-14,polynomial,-0.04330505088047689
2022-09-15,polynomial,-0.05627076809309499
2022-09-16,polynomial,-0.04322665439576179
2022-09-19,polynomial,-0.05028547790821029
2022-09-20,polynomial,-0.06613087164542329
2022-09-21,polynomial,-0.10672458779526998
2022-09-22,polynomial,-0.1364308987837807
2022-09-23,polynomial,-0.1464872766456153
2022-09-26,polynomial,-0.1679048689539121
2022-09-27,polynomial,-0.17188978515918932
2022-09-28,polynomial,-0.1768616484149147
2022-09-29,polynomial,-0.14637072809967078
2022-09-30,polynomial,-0.1541583954268803
2022-10-03,polynomial,-0.12409093771283519
2022-10-04,polynomial,-0.1322829532532139
2022-10-05,polynomial,-0.1515552261923954
2022-10-06,polynomial,-0.1734508484417628
2022-10-07,polynomial,-0.16922968689295712
2022-10-10,polynomial,-0.1914723267584659
2022-10-11,polynomial,-0.2029016010626295
2022-10-12,polynomial,-0.17109072252296081
2022-10-13,polynomial,-0.15024882439218612
2022-10-14,polynomial,-0.1519880735116651
2022-10-17,polynomial,-0.1386331658500894
2022-10-18,polynomial,-0.1505377874013933
2022-10-19,polynomial,-0.1539624828986556
2022-10-20,polynomial,-0.1475768434263817
2022-10-21,polynomial,-0.13027270888957798
2022-10-24,polynomial,-0.1265323742903871
2022-10-25,polynomial,-0.12100306559240752
2022-10-26,polynomial,-0.09720260085658
2022-10-27,polynomial,-0.12758771688772802
2022-10-28,polynomial,-0.12782306568147772
2022-10-31,polynomial,-0.1200962918797334
2022-11-01,polynomial,-0.12439612940269251
2022-11-02,polynomial,-0.12515100630338
2022-11-03,polynomial,-0.09947478347550291
2022-11-04,polynomial,-0.09161193939647061
2022-11-07,polynomial,-0.058615631048343705
2022-11-08,polynomial,-0.0672684717969592
2022-11-09,polynomial,-0.055907802390973906
2022-11-10,polynomial,-0.032204014066604905
2022-11-11,polynomial,-0.03166324861570981
2022-11-14,polynomial,0.028887375162045495
2022-11-15,polynomial,0.023097831433124594
2022-11-16,polynomial,0.0444519460273215
2022-11-17,polynomial,0.041658238875041
2022-11-18,polynomial,0.024298530617075993
2022-11-21,polynomial,0.03357383672563549
2022-11-22,polynomial,0.03726417850467379
2022-11-23,polynomial,0.0384831545234951
2022-11-24,polynomial,0.04570412173121599
2022-11-25,polynomial,0.050902487140536995
2022-11-28,polynomial,0.069639510069612
2022-11-29,polynomial,0.0746110157511268
2022-11-30,polynomial,0.0547702979914031
2022-12-01,polynomial,0.0684549912751653
2022-12-02,polynomial,0.0459305759752965
2022-12-05,polynomial,0.055460388969843705
2022-12-06,polynomial,0.050802408429856505
2022-12-07,polynomial,0.0291200460457609
2022-12-08,polynomial,0.03445750696809209
2022-12-09,polynomial,0.021654432393066695
2022-12-12,polynomial,0.033050474908165595
2022-12-13,polynomial,0.027195764046548797
2022-12-14,polynomial,0.008731691586742897
2022-12-15,polynomial,0.006443254906393397
2022-12-16,polynomial,0.005537411955705196
2022-12-19,polynomial,0.029732862930487297
2022-12-20,polynomial,0.0536159558529317
2022-12-21,polynomial,0.0177286217458036
2022-12-22,polynomial,0.021261773871120798
2022-12-23,polynomial,0.0029225687014584984
2022-12-26,polynomial,-0.009900314331560602
2022-12-27,polynomial,-0.00993667191758977
2022-12-28,polynomial,-0.011728768692732969
2022-12-29,polynomial,-0.023038147445405867
2022-12-30,polynomial,-0.03770085476142657
2023-01-02,polynomial,-0.012467913684059365
2023-01-03,polynomial,0.004068425880155133
2023-01-04,polynomial,0.03192932688588533
2023-01-05,polynomial,0.04990988369597363
2023-01-06,polynomial,0.05361644108550013
2023-01-09,polynomial,0.07582389006853293
2023-01-10,polynomial,0.08021646590055624
2023-01-11,polynomial,0.07915231977846293
2023-01-12,polynomial,0.08508473771260983
2023-01-13,polynomial,0.08840408658028913
2023-01-16,polynomial,0.08364389569575884
2023-01-17,polynomial,0.08057478679957564
2023-01-18,polynomial,0.041124448397304336
2023-01-19,polynomial,0.03725581629850884
2023-01-20,polynomial,0.03514064206994323
2023-01-23,polynomial,0.024813801717144337
2023-01-24,polynomial,0.027003320639116736
2023-01-25,polynomial,0.025251949332039936
2023-01-26,polynomial,0.025466016289190836
2023-01-27,polynomial,0.021192013078253535
2023-01-30,polynomial,0.032547558674570036
2023-01-31,polynomial,0.03962834285346043
2023-02-01,polynomial,0.03977541743542534
2023-02-02,polynomial,0.040289801652342534
2023-02-03,polynomial,0.05504591487403483
2023-02-06,polynomial,0.06699557371465914
2023-02-07,polynomial,0.07299595280583483
2023-02-08,polynomial,0.08804959777526072
2023-02-09,polynomial,0.09164767904799864
2023-02-10,polynomial,0.15550033917404124
2023-02-13,polynomial,0.13748167085872254
2023-02-14,polynomial,0.12751598468769074
2023-02-15,polynomial,0.19767547180180453
2023-02-16,polynomial,0.17219897929830685
2023-02-17,polynomial,0.18330839926470405
2023-02-20,polynomial,0.23253478549517873
2023-02-21,polynomial,0.22516693199141483
2023-02-22,polynomial,0.22110133008348953
2023-02-23,polynomial,0.16228913480683865
2023-02-24,polynomial,0.17655174186486775
2023-02-27,polynomial,0.19344337768206205
2023-02-28,polynomial,0.17999186304206305
2023-03-01,polynomial,0.17081141505665004
2023-03-02,polynomial,0.13776374109827014
2023-03-03,polynomial,0.13932853252543453
2023-03-06,polynomial,0.12373379567698115
2023-03-07,polynomial,0.11433541262872055
2023-03-08,polynomial,0.06535230112328214
2023-03-09,polynomial,0.047229171995794045
2023-03-10,polynomial,0.05327770250215244
2023-03-13,polynomial,0.08881231934564104
2023-03-14,polynomial,0.018613567494901742
2023-03-15,polynomial,0.013070546185549644
2023-03-16,polynomial,0.005085022979296746
2023-03-17,polynomial,0.02889370660383764
2023-03-20,polynomial,0.07313604160354474
2023-03-21,polynomial,0.06042139343872034
2023-03-22,polynomial,0.06472805015972163
2023-03-23,polynomial,0.05143560161307823
2023-03-24,polynomial,0.05974764619227044
2023-03-27,polynomial,0.05397744447524254
2023-03-28,polynomial,0.07131410222559484
2023-03-29,polynomial,0.09346644647046654
2023-03-30,polynomial,0.10402741346185544
2023-03-31,polynomial,0.09060485655277364
2023-04-03,polynomial,0.09530709630442114
2023-04-04,polynomial,0.09305262614585813
2023-04-05,polynomial,0.09212651327460604
2023-04-06,polynomial,0.07844564256299764
2023-04-07,polynomial,0.07048029872467515
2023-04-10,polynomial,0.10029437243860954
2023-04-11,polynomial,0.10562186612521644
2023-04-12,polynomial,0.13928400650415465
2023-04-13,polynomial,0.17314928932915225
2023-04-14,polynomial,0.16214412970452424
2023-04-17,polynomial,0.16967579789100354
2023-04-18,polynomial,0.18096359859121403
2023-04-19,polynomial,0.14940372914354455
2023-04-20,polynomial,0.14235954831212794
2023-04-21,polynomial,0.15045038977199254
2023-04-24,polynomial,0.14363184490265105
2023-04-25,polynomial,0.13683962282442613
2023-04-26,polynomial,0.14785839132615214
2023-04-27,polynomial,0.15157152295621876
2023-04-28,polynomial,0.15665782022470576
2023-05-01,polynomial,0.11830141686518035
2023-05-02,polynomial,0.10924024280792853
2023-05-03,polynomial,0.06795200199165065
2023-05-04,polynomial,0.10432312902704255
2023-05-05,polynomial,0.10812851407081125
2023-05-08,polynomial,0.09926319965350384
2023-05-09,polynomial,0.09580894293893574
2023-05-10,polynomial,0.09074806618501854
2023-05-11,polynomial,0.07824822957187015
2023-05-12,polynomial,0.06250047621398234
2023-05-15,polynomial,0.04881084660940754
2023-05-16,polynomial,0.06651204950360395
2023-05-17,polynomial,0.07414549753549894
2023-05-18,polynomial,0.07347787195680675
2023-05-19,polynomial,0.07464151819329605
2023-05-22,polynomial,0.07581234412110055
2023-05-23,polynomial,0.05706822547245965
2023-05-24,polynomial,0.060141494990653445
2023-05-25,polynomial,0.07240350670343224
2023-05-26,polynomial,0.09587274468088464
2023-05-29,polynomial,0.14105366758738005
2023-05-30,polynomial,0.12363230065004076
2023-05-31,polynomial,0.13960527124929606
2023-06-01,polynomial,0.14307336056509135
2023-06-02,polynomial,0.16411212237882064
2023-06-05,polynomial,0.16117747809115784
2023-06-06,polynomial,0.16866432426366204
2023-06-07,polynomial,0.15364987456647822
2023-06-08,polynomial,0.15566236033686562
2023-06-09,polynomial,0.18329677866598793
2023-06-12,polynomial,0.16597904146777545
2023-06-13,polynomial,0.16691879746419874
2023-06-14,polynomial,0.16034763914642064
2023-06-15,polynomial,0.17008456648106485
2023-06-16,polynomial,0.20272446544075945
2023-06-19,polynomial,0.19373974413820305
2023-06-20,polynomial,0.19336270520722446
2023-06-21,polynomial,0.20701889721589364
2023-06-22,polynomial,0.20351603304702476
2023-06-23,polynomial,0.17943000201764964
2023-06-26,polynomial,0.17658853943756284
2023-06-27,polynomial,0.18352845673143303
2023-06-28,polynomial,0.20037171383029823
2023-06-29,polynomial,0.22114764091622563
2023-06-30,polynomial,0.2495041405510398
2023-07-03,polynomial,0.22181712860650343
2023-07-04,polynomial,0.21448237010735663
2023-07-05,polynomial,0.14668927838922166
2023-07-06,polynomial,0.15614817512706713
2023-07-07,polynomial,0.15363889487474294
2023-07-10,polynomial,0.17271783575210672
2023-07-11,polynomial,0.19194620203608964
2023-07-12,polynomial,0.21645646610891495
2023-07-13,polynomial,0.20133677239534042
2023-07-14,polynomial,0.19864296159147324
2023-07-17,polynomial,0.19738848670332024
2023-07-18,polynomial,0.20752624882553453
2023-07-19,polynomial,0.21228589348315163
2023-07-20,polynomial,0.19422272588040534
2023-07-21,polynomial,0.19359351639403694
2023-07-24,polynomial,0.17455935988030274
2023-07-25,polynomial,0.17817642925802543
2023-07-26,polynomial,0.17898977840580774
2023-07-27,polynomial,0.16567184039052074
2023-07-28,polynomial,0.15139423362860144
2023-07-31,polynomial,0.11996236932053223
2023-08-01,polynomial,0.10043711524367673
2023-08-02,polynomial,0.10352777347051903
2023-08-03,polynomial,0.11646651240552475
2023-08-04,polynomial,0.11992480024515953
2023-08-07,polynomial,0.13268442009969356
2023-08-08,polynomial,0.13409600307621994
2023-08-09,polynomial,0.14592300008551864
2023-08-10,polynomial,0.14329757469051485
2023-08-11,polynomial,0.13896798813006384
2023-08-14,polynomial,0.13668353877171713
2023-08-15,polynomial,0.12778000683613372
2023-08-16,polynomial,0.11735776056944024
2023-08-17,polynomial,0.11275114955924673
2023-08-18,polynomial,0.12284539376282542
2023-08-21,polynomial,0.10969052415212724
2023-08-22,polynomial,0.11407737840296153
2023-08-23,polynomial,0.11808140912589223
2023-08-24,polynomial,0.12459678457615114
2023-08-25,polynomial,0.09731734210236184
2023-08-28,polynomial,0.09424609528171804
2023-08-29,polynomial,0.09728182311181434
2023-08-30,polynomial,0.11519940443044084
2023-08-31,polynomial,0.12784165862364594
2023-09-01,polynomial,0.11068932147976944
2023-09-04,polynomial,0.11184908401879093
2023-09-05,polynomial,0.09540060188929624
2023-09-06,polynomial,0.09346069522609513
2023-09-07,polynomial,0.11265919102846593
2023-09-08,polynomial,0.12344979162462584
2023-09-11,polynomial,0.17084808312773575
2023-09-12,polynomial,0.17270609234857015
2023-09-13,polynomial,0.20578077745824774
2023-09-14,polynomial,0.20242469852483583
2023-09-15,polynomial,0.21012079938674563
2023-09-18,polynomial,0.20513626802456625
2023-09-19,polynomial,0.21136928951248735
2023-09-20,polynomial,0.15253508406604363
2023-09-21,polynomial,0.14808941575394413
2023-09-22,polynomial,0.16569044077405415
2023-09-25,polynomial,0.18085307951385063
2023-09-26,polynomial,0.18019456613202714
2023-09-27,polynomial,0.20228019016693413
2023-09-28,polynomial,0.21955240174865204
2023-09-29,polynomial,0.18369281813392846
2023-10-02,polynomial,0.15338617030050314
2023-10-03,polynomial,0.15156168243264376
2023-10-04,polynomial,0.14259925811129612
2023-10-05,polynomial,0.16832227577851874
2023-10-06,polynomial,0.17141528380454255
2023-10-09,polynomial,0.18767345239582814
2023-10-10,polynomial,0.18819390522261265
2023-10-11,polynomial,0.18009842738772394
2023-10-12,polynomial,0.15539022955270032
2023-10-13,polynomial,0.13896249507372466
2023-10-16,polynomial,0.16603121880673363
2023-10-17,polynomial,0.14927607685580377
2023-10-18,polynomial,0.13012041694886775
2023-10-19,polynomial,0.11642293436505713
2023-10-20,polynomial,0.12149019423042565
2023-10-23,polynomial,0.10068213162410805
2023-10-24,polynomial,0.10510424066410624
2023-10-25,polynomial,0.09201485892570314
2023-10-26,polynomial,0.08670573251013235
2023-10-27,polynomial,0.07595323054302835
2023-10-30,polynomial,0.06297159816816994
2023-10-31,polynomial,0.06907469057522414
2023-11-01,polynomial,0.08898066271394345
2023-11-02,polynomial,0.11628079868347695
2023-11-03,polynomial,0.10844018171105294
2023-11-06,polynomial,0.09957154936796975
2023-11-07,polynomial,0.09062467641772914
2023-11-08,polynomial,0.08457467518902703
2023-11-09,polynomial,0.08345418578543624
2023-11-10,polynomial,0.06633749030803923
2023-11-13,polynomial,0.08858336114943084
2023-11-14,polynomial,0.11259803756543543
2023-11-15,polynomial,0.09405606796536635
2023-11-16,polynomial,0.10790183630506645
2023-11-17,polynomial,0.11857137555594074
2023-11-20,polynomial,0.10457132688316474
2023-11-21,polynomial,0.10433499331596834
2023-11-22,polynomial,0.11309974778564404
2023-11-23,polynomial,0.12205966599360205
2023-11-24,polynomial,0.12135118270694295
2023-11-27,polynomial,0.11585970262233954
2023-11-28,polynomial,0.12669887624804224
2023-11-29,polynomial,0.12300653652356644
2023-11-30,polynomial,0.13619351279526884
2023-12-01,polynomial,0.15177841480880414
2023-12-04,polynomial,0.14721099654033704
2023-12-05,polynomial,0.15483786289500162
2023-12-06,polynomial,0.13301846028641084
2023-12-07,polynomial,0.12456057013176156
2023-12-08,polynomial,0.13077003937902376
2023-12-11,polynomial,0.12002687373334915
2023-12-12,polynomial,0.12616261264538994
2023-12-13,polynomial,0.15545210821758934
2023-12-14,polynomial,0.15020055936233653
2023-12-15,polynomial,0.14935180231063402
2023-12-18,polynomial,0.1605126175806811
2023-12-19,polynomial,0.1599316051885441
2023-12-20,polynomial,0.1454201676386193
2023-12-21,polynomial,0.14048040560819933
2023-12-22,polynomial,0.13514741064569613
2023-12-25,polynomial,0.1398169761974507
2023-12-26,polynomial,0.14291392206474332
2023-12-27,polynomial,0.141875833901543
2023-12-28,polynomial,0.13641580476112872
2023-12-29,polynomial,0.12023663147697741
2024-01-01,polynomial,0.10846678514924081
2024-01-02,polynomial,0.0907019908930938
2024-01-03,polynomial,0.10683650160373641
2024-01-04,polynomial,0.12079866670818211
2024-01-05,polynomial,0.1356664571095087
2024-01-08,polynomial,0.1159292097462793
2024-01-09,polynomial,0.1105789720939686
2024-01-10,polynomial,0.09590117866891831
2024-01-11,polynomial,0.09102862970053371
2024-01-12,polynomial,0.07676716477898501
2024-01-15,polynomial,0.06275846829600092
2024-01-16,polynomial,0.05021242931608241
2024-01-17,polynomial,0.05241230124195881
2024-01-18,polynomial,0.05605664641667571
2024-01-19,polynomial,0.04918561544916581
2024-01-22,polynomial,0.055538663008332406
2024-01-23,polynomial,0.0669776441702386
2024-01-24,polynomial,0.06017461041783591
2024-01-25,polynomial,0.05746218880454601
2024-01-26,polynomial,0.04606785350685291
2024-01-29,polynomial,0.06577195107245912
2024-01-30,polynomial,0.06330324353955422
2024-01-31,polynomial,0.04019904658881651
2024-02-01,polynomial,0.062217921839014416
2024-02-02,polynomial,0.05315298029234391
2024-02-05,polynomial,0.060881870465053806
2024-02-06,polynomial,0.0550238767681157
2024-02-07,polynomial,0.06063941750548631
2024-02-08,polynomial,0.06417060220688181
2024-02-09,polynomial,0.06043666127556841
2024-02-12,polynomial,0.05717272512822801
2024-02-13,polynomial,0.062285397416392614
2024-02-14,polynomial,0.06486507285321311
2024-02-15,polynomial,0.08935400936774711
2024-02-16,polynomial,0.0974421341906799
2024-02-19,polynomial,0.08662902866573681
2024-02-20,polynomial,0.0872921712002891
2024-02-21,polynomial,0.10448595178927522
2024-02-22,polynomial,0.12104790908233892
2024-02-23,polynomial,0.14328210435526523
2024-02-26,polynomial,0.18683641443007432
2024-02-27,polynomial,0.1887649607764057
2024-02-28,polynomial,0.15862622820098068
2024-02-29,polynomial,0.23945665066242422
2024-03-01,polynomial,0.22739594408474223
2024-03-04,polynomial,0.2594184279833804
2024-03-05,polynomial,0.2637453841318539
2024-03-06,polynomial,0.2283430591242967
2024-03-07,polynomial,0.248166772890688
2024-03-08,polynomial,0.2617943562941361
2024-03-11,polynomial,0.30614902795412685
2024-03-12,polynomial,0.3111553203630081
2024-03-13,polynomial,0.2916207649184802
2024-03-14,polynomial,0.2773348458287717
2024-03-15,polynomial,0.269105919345962
2024-03-18,polynomial,0.2665992881644475
2024-03-19,polynomial,0.2755891999497936
2024-03-20,polynomial,0.2987636280906695
2024-03-21,polynomial,0.2976273617090134
2024-03-22,polynomial,0.2892362794087759
2024-03-25,polynomial,0.2942885195002697
2024-03-26,polynomial,0.3039445089020155
2024-03-27,polynomial,0.3060227332871575
2024-03-28,polynomial,0.30131994318187455
2024-03-29,polynomial,0.2973522548252309
2024-04-01,polynomial,0.2623105289551075
2024-04-02,polynomial,0.2750596569983783
2024-04-03,polynomial,0.27461013711628013
2024-04-04,polynomial,0.2572782878559365
2024-04-05,polynomial,0.2693174011037929
2024-04-08,polynomial,0.265535435213211
2024-04-09,polynomial,0.2624830955432661
2024-04-10,polynomial,0.26498046633268335
2024-04-11,polynomial,0.2693685666900667
2024-04-12,polynomial,0.2509997952113144
2024-04-15,polynomial,0.22741227362602512
2024-04-16,polynomial,0.2338122625063819
2024-04-17,polynomial,0.2731225074788554
2024-04-18,polynomial,0.2881163611819185
2024-04-19,polynomial,0.3008423752908697
2024-04-22,polynomial,0.2830113146206502
2024-04-23,polynomial,0.2855475178561537
2024-04-24,polynomial,0.2863272159627242
2024-04-25,polynomial,0.29775185298369583
2024-04-26,polynomial,0.2957402233074894
2024-04-29,polynomial,0.29629552021625416
2024-04-30,polynomial,0.29442948208558223
2024-05-01,polynomial,0.30742772198368723
2024-05-02,polynomial,0.2915913083504163
2024-05-03,polynomial,0.28596498251181873
2024-05-06,polynomial,0.3081578114955315
2024-05-07,polynomial,0.3082086195114015
2024-05-08,polynomial,0.3083128058094943
2024-05-09,polynomial,0.3349149060404963
2024-05-10,polynomial,0.3342605033400081
2024-05-13,polynomial,0.34352862021926167
2024-05-14,polynomial,0.3558085058516415
2024-05-15,polynomial,0.3677365977708057
2024-05-16,polynomial,0.3898019036162967
2024-05-17,polynomial,0.3750756545429984
2024-05-20,polynomial,0.35434847494145777
2024-05-21,polynomial,0.3472188375507464
2024-05-22,polynomial,0.3269865485792427
2024-05-23,polynomial,0.3212971156495754
2024-05-24,polynomial,0.31989535869943836
2024-05-27,polynomial,0.31574915334142084
2024-05-28,polynomial,0.30366512926052125
2024-05-29,polynomial,0.3090967800425011
2024-05-30,polynomial,0.32027699007255
2024-05-31,polynomial,0.3247706677427199
2024-06-03,polynomial,0.31025163699981273
2024-06-04,polynomial,0.30637354947727014
2024-06-05,polynomial,0.3235511961219758
2024-06-06,polynomial,0.3283516245254013
2024-06-07,polynomial,0.33708508375220053
2024-06-10,polynomial,0.33297884163352365
2024-06-11,polynomial,0.34092424597803384
2024-06-12,polynomial,0.3221786889226411
2024-06-13,polynomial,0.29772261114198384
2024-06-14,polynomial,0.2890408870444586
2024-06-17,polynomial,0.2943712295943353
2024-06-18,polynomial,0.2951260490037998
2024-06-19,polynomial,0.30293914744574224
2024-06-20,polynomial,0.2965059221579503
2024-06-21,polynomial,0.3243114148010726
2024-06-24,polynomial,0.3096432284611833
2024-06-25,polynomial,0.30730199186000234
2024-06-26,polynomial,0.29385996255931435
2024-06-27,polynomial,0.2803222700571126
2024-06-28,polynomial,0.2689895504117807
2024-07-01,polynomial,0.2766101589805269
2024-07-02,polynomial,0.28972598708221753
2024-07-03,polynomial,0.279180870866602
2024-07-04,polynomial,0.2607127915590686
2024-07-05,polynomial,0.25808709474980446
2024-07-08,polynomial,0.262486735523212
2024-07-09,polynomial,0.2704880259905176
2024-07-10,polynomial,0.2791382057316118
2024-07-11,polynomial,0.2777534106157351
2024-07-12,polynomial,0.2766206264076883
2024-07-15,polynomial,0.2838150213322989
2024-07-16,polynomial,0.2911940477508619
2024-07-17,polynomial,0.3079422745971743
2024-07-18,polynomial,0.32206613636500026
2024-07-19,polynomial,0.3196245582216002
2024-07-22,polynomial,0.3204930483186376
2024-07-23,polynomial,0.3100443073815658
2024-07-24,polynomial,0.3240030736376706
2024-07-25,polynomial,0.3263285351164668
2024-07-26,polynomial,0.3221169485965456
2024-07-29,polynomial,0.33283176224879196
2024-07-30,polynomial,0.3371864969589446
2024-07-31,polynomial,0.32756889642351533
2024-08-01,polynomial,0.2816835968737189
2024-08-02,polynomial,0.2792173162925632
2024-08-05,polynomial,0.2886687929868423
2024-08-06,polynomial,0.3043227997001952
2024-08-07,polynomial,0.30853446902750364
2024-08-08,polynomial,0.31321923480458186
2024-08-09,polynomial,0.30895966805077496
2024-08-12,polynomial,0.3283413040538791
2024-08-13,polynomial,0.3401471526676623
2024-08-14,polynomial,0.34187004044023334
2024-08-15,polynomial,0.3509296887108254
2024-08-16,polynomial,0.3549299528858532
2024-08-19,polynomial,0.35038455345526853
2024-08-20,polynomial,0.3521755612331772
2024-08-21,polynomial,0.3664185645651839
2024-08-22,polynomial,0.39328782440543136
2024-08-23,polynomial,0.4039521868296852
2024-08-26,polynomial,0.4041085928896823
2024-08-27,polynomial,0.4046920616138134
2024-08-28,polynomial,0.38728762184427523
2024-08-29,polynomial,0.3885139411591768
2024-08-30,polynomial,0.3720404421629003
2024-09-02,polynomial,0.36934767855540374
2024-09-03,polynomial,0.3619986079126932
2024-09-04,polynomial,0.3590640918459188
2024-09-05,polynomial,0.3328622518897698
2024-09-06,polynomial,0.34337446397824584
2024-09-09,polynomial,0.3351497311244295
2024-09-10,polynomial,0.3428071908112932
2024-09-11,polynomial,0.3509196323850609
2024-09-12,polynomial,0.36011803082227334
2024-09-13,polynomial,0.35620150430306674
2024-09-16,polynomial,0.3595644697459529
2024-09-17,polynomial,0.35869821138823865
2024-09-18,polynomial,0.3997154009584346
2024-09-19,polynomial,0.4026902435618439
2024-09-20,polynomial,0.3921610913574764
2024-09-23,polynomial,0.3814803767970025
2024-09-24,polynomial,0.3718922251478858
2024-09-25,polynomial,0.36522045645480145
2024-09-26,polynomial,0.36824708765189
2024-09-27,polynomial,0.3723136816172282
2024-09-30,polynomial,0.3739912467627574
2024-10-01,polynomial,0.3681198283141313
2024-10-02,polynomial,0.3552354226519271
2024-10-03,polynomial,0.39263497525768565
2024-10-04,polynomial,0.40720077570493435
2024-10-07,polynomial,0.41949391289929
2024-10-08,polynomial,0.4244169734107366
2024-10-09,polynomial,0.42662058969458566
2024-10-10,polynomial,0.4410818886016034
2024-10-11,polynomial,0.4421802959927752
2024-10-14,polynomial,0.4576208669437411
2024-10-15,polynomial,0.4669507422089857
2024-10-16,polynomial,0.45877855909236803
2024-10-17,polynomial,0.45305463312949923
2024-10-18,polynomial,0.4252931617867806
2024-10-21,polynomial,0.40303750270391714
2024-10-22,polynomial,0.39675180344699973
2024-10-23,polynomial,0.4012652633104205
2024-10-24,polynomial,0.4070889567810302
2024-10-25,polynomial,0.4089596552454498
2024-10-28,polynomial,0.4086766846470941
2024-10-29,polynomial,0.4099874564739924
2024-10-30,polynomial,0.3891277999624293
2024-10-31,polynomial,0.37568050459509084
2024-11-01,polynomial,0.3836646051332871
2024-11-04,polynomial,0.3745503956954328
2024-11-05,polynomial,0.4163056341253216
2024-11-06,polynomial,0.39894647676869344
2024-11-07,polynomial,0.3980467118360435
2024-11-08,polynomial,0.3968100323566942
2024-11-11,polynomial,0.37819714487813383
2024-11-12,polynomial,0.37441872934504783
2024-11-13,polynomial,0.3739589179312397
2024-11-14,polynomial,0.3683300847177676
2024-11-15,polynomial,0.36076140530288453
2024-11-18,polynomial,0.3481802833730978
2024-11-19,polynomial,0.3459058307733861
2024-11-20,polynomial,0.35737659609133887
2024-11-21,polynomial,0.3381448699216586
2024-11-22,polynomial,0.3386381456868396
2024-11-25,polynomial,0.31011826194875314
2024-11-26,polynomial,0.3092536509615681
2024-11-27,polynomial,0.32562033967976634
2024-11-28,polynomial,0.32300551339146477
2024-11-29,polynomial,0.29339015209678887
2024-12-02,polynomial,0.2992613998669672
2024-12-03,polynomial,0.2975998607970938
2024-12-04,polynomial,0.3049068700148577
2024-12-05,polynomial,0.3061274731144184
2024-12-06,polynomial,0.30487921157370307
2024-12-09,polynomial,0.28825465551353985
2024-12-10,polynomial,0.29239461038802933
2024-12-11,polynomial,0.2863630173122984
2024-12-12,polynomial,0.2771229939745857
2024-12-13,polynomial,0.27537674300385295
2024-12-16,polynomial,0.2621086663592808
2024-12-17,polynomial,0.25296122567208723
2024-12-18,polynomial,0.2371256792637622
2024-12-19,polynomial,0.24856359285650684
2024-12-20,polynomial,0.23752632246840782
2024-12-23,polynomial,0.23227319575694222
2024-12-24,polynomial,0.23173881783365302
2024-12-25,polynomial,0.24234299402592932
2024-12-26,polynomial,0.2571394364982123
2024-12-27,polynomial,0.2688606573020126
2024-12-30,polynomial,0.2731892703475812
2024-12-31,polynomial,0.2731892703475812
2025-01-02,polynomial,0.28209287421803625
2025-01-03,polynomial,0.2946389131979547
2025-01-06,polynomial,0.2967911482439059
2025-01-07,polynomial,0.286746662090173
2025-01-08,polynomial,0.28576421219005244
2025-01-09,polynomial,0.2665308728649275
2025-01-10,polynomial,0.25509189170302127
2025-01-13,polynomial,0.2692203779104482
2025-01-14,polynomial,0.2984837369969201
2025-01-15,polynomial,0.3030567725830902
2025-01-16,polynomial,0.300116371036482
2025-01-17,polynomial,0.3025850785693869
2025-01-20,polynomial,0.33273938374754675
2025-01-21,polynomial,0.31265842263216465
2025-01-22,polynomial,0.3254091535147365
2025-01-23,polynomial,0.3295465529615426
2025-01-24,polynomial,0.33540454665848074
2025-01-27,polynomial,0.3432658447621499
2025-01-28,polynomial,0.3524356601617713
2025-01-29,polynomial,0.3577523883171837
2025-01-30,polynomial,0.364630791732299
2025-01-31,polynomial,0.3595181194441344
2025-02-03,polynomial,0.36265819704461333
2025-02-04,polynomial,0.3598874285480315
2025-02-05,polynomial,0.38968379121844876
2025-02-06,polynomial,0.3862226525184431
2025-02-07,polynomial,0.3855595099838908
2025-02-10,polynomial,0.3878845258336279
2025-02-11,polynomial,0.386416352366572
2025-02-12,polynomial,0.3864298358256167
2025-02-13,polynomial,0.3890023995546166
2025-02-14,polynomial,0.38707385320828513
2025-02-17,polynomial,0.4002112523666241
2025-02-18,polynomial,0.3812649464791335
2025-02-19,polynomial,0.3722671486641666
2025-02-20,polynomial,0.3717929454627822
2025-02-21,polynomial,0.3674659893143087
2025-02-24,polynomial,0.36154314599113185
2025-02-25,polynomial,0.3654931418695781
2025-02-26,polynomial,0.36677775925869277
2025-02-27,polynomial,0.3614484724042138
2025-02-28,polynomial,0.3564421799953325
2025-03-03,polynomial,0.3260415696330553
2025-03-04,polynomial,0.3576814890608052
2025-03-05,polynomial,0.3522765368010334
2025-03-06,polynomial,0.3395622004453186
2025-03-07,polynomial,0.3305722886599725
2025-03-10,polynomial,0.29422263242322333
2025-03-11,polynomial,0.3179178941569779
2025-03-12,polynomial,0.3117409204887227
2025-03-13,polynomial,0.3314985076680348
2025-03-14,polynomial,0.32184251826628896
2025-03-17,polynomial,0.3363097965466653
2025-03-18,polynomial,0.3432067953143589
2025-03-19,polynomial,0.3307734239446304
2025-03-20,polynomial,0.33448820282429653
2025-03-21,polynomial,0.3217390747810257
2025-03-24,polynomial,0.32518998112607217
2025-03-25,polynomial,0.3265399617131117
2025-03-26,polynomial,0.31074637069719513
2025-03-27,polynomial,0.2962435283434005
2025-03-28,polynomial,0.2992958680133454
2025-03-31,polynomial,0.31860210728448074
2025-04-01,polynomial,0.3282777728936531
2025-04-02,polynomial,0.2683985926362228
2025-04-03,polynomial,0.22410820959387018
2025-04-04,polynomial,0.2177082207135134
2025-04-07,polynomial,0.2277350201385422
2025-04-08,polynomial,0.2548056178380188
2025-04-09,polynomial,0.2576416396829242
2025-04-10,polynomial,0.26115636153998967
2025-04-11,polynomial,0.25862015830448615
2025-04-14,polynomial,0.27918471214605367
2025-04-15,polynomial,0.2651406606875746
2025-04-16,polynomial,0.27560912752951283
2025-04-17,polynomial,0.27889362252173083
2025-04-18,polynomial,0.2807596606524027
2025-04-21,polynomial,0.29649080610604944
2025-04-22,polynomial,0.31869323112584574
2025-04-23,polynomial,0.3244582155370863
2025-04-24,polynomial,0.32554441727263733
2025-04-25,polynomial,0.32549360925676735
2025-04-28,polynomial,0.3420676571188048
2025-04-29,polynomial,0.33014414864582176
2025-04-30,polynomial,0.32546519992075157
2025-05-01,polynomial,0.32194909707664077
2025-05-02,polynomial,0.30966921144426096
2025-05-05,polynomial,0.29458141195720466
2025-05-06,polynomial,0.2914118303151079
2025-05-07,polynomial,0.30452307001677376
2025-05-08,polynomial,0.30532773604506336
2025-05-09,polynomial,0.3124573734357748
2025-05-12,polynomial,0.31961911721632413
2025-05-13,polynomial,0.33437085817302176
2025-05-14,polynomial,0.33708399153457524
2025-05-15,polynomial,0.3418188920886446
2025-05-16,polynomial,0.35390291616954417
2025-05-19,polynomial,0.35039056177999384
2025-05-20,polynomial,0.32471449422936643
2025-05-21,polynomial,0.32709710474904385
2025-05-22,polynomial,0.3242854558930593
2025-05-23,polynomial,0.3281635434156019
2025-05-26,polynomial,0.33574271707851616
2025-05-27,polynomial,0.3173386671839028
2025-05-28,polynomial,0.3164685486859964
2025-05-29,polynomial,0.3507435254476228
2025-05-30,polynomial,0.34279812110311253
2025-06-02,polynomial,0.36700137820711
2025-06-03,polynomial,0.3769850807631175
2025-06-04,polynomial,0.3866733584457328
2025-06-05,polynomial,0.39134309304272985
2025-06-06,polynomial,0.39058827363326537
2025-06-09,polynomial,0.36731188807712495
2025-06-10,polynomial,0.38116885245031507
2025-06-11,polynomial,0.38695740165589937
2025-06-12,polynomial,0.37877831149021496
2025-06-13,polynomial,0.381119548091396
2025-06-16,polynomial,0.37105596260165713
2025-06-17,polynomial,0.3685226568607817
2025-06-18,polynomial,0.3538973367119374
2025-06-19,polynomial,0.35991498181883647
2025-06-20,polynomial,0.34679915371714587
2025-06-23,polynomial,0.3741054115466842
2025-06-24,polynomial,0.38499498531868726
2025-06-25,polynomial,0.39144837605997357
2025-06-26,polynomial,0.41156402272486836
2025-06-27,polynomial,0.40356273225756273
2025-06-30,polynomial,0.3976189629034586
2025-07-01,polynomial,0.4062623758153073
2025-07-02,polynomial,0.41662403892426003
2025-07-03,polynomial,0.39978875819554094
2025-07-04,polynomial,0.3924097317769779
2025-07-07,polynomial,0.3953878090446692
2025-07-08,polynomial,0.41459094471678315
2025-07-09,polynomial,0.40972888120257567
2025-07-10,polynomial,0.39433063111720557
2025-07-11,polynomial,0.40477937205427733
2025-07-14,polynomial,0.39472814327602446
2025-07-15,polynomial,0.38509539275314464
2025-07-16,polynomial,0.40096199104570535
2025-07-17,polynomial,0.39237442327313315
2025-07-18,polynomial,0.3880196885629806
2025-07-21,polynomial,0.41817469641999794
2025-07-22,polynomial,0.4947323143335809
2025-07-23,polynomial,0.5150945225438651
2025-07-24,polynomial,0.5071630101599702
2025-07-25,polynomial,0.49150900344661724
2025-07-28,polynomial,0.49584635693842444
2025-07-29,polynomial,0.49121091839750713
2025-07-30,polynomial,0.48456583145964804
2025-07-31,polynomial,0.446250730986541
2025-08-01,polynomial,0.4344448823727578
2025-08-04,polynomial,0.41007139488344596
2025-08-05,polynomial,0.4051800879775935
2025-08-06,polynomial,0.41202158415774526
2025-08-07,polynomial,0.4360438256949732
2025-08-08,polynomial,0.4342528179170645
2025-08-11,polynomial,0.4396891112064163
2025-08-12,polynomial,0.43837421776587715
2025-08-13,polynomial,0.45213307095590116
2025-08-14,polynomial,0.44649016630769317
2025-08-15,polynomial,0.44590669758356205
2025-08-18,polynomial,0.44326701544392394
2025-08-19,polynomial,0.43855278233431
2025-08-20,polynomial,0.4389278134864284
2025-08-21,polynomial,0.45036180496771505
2025-08-22,polynomial,0.45771087561042556
2025-08-25,polynomial,0.43825069142034256
2025-08-26,polynomial,0.4551720379676937
2025-08-27,polynomial,0.4565506484830464
2025-08-28,polynomial,0.47564575972345413
2025-08-29,polynomial,0.4679883000365904
2025-09-01,polynomial,0.4493242370910082
2025-09-02,polynomial,0.43375095963025695
2025-09-03,polynomial,0.45139322265847187
2025-09-04,polynomial,0.429556778038824
2025-09-05,polynomial,0.43042303639653834
2025-09-08,polynomial,0.42569679892545403
2025-09-09,polynomial,0.42691133381008983
2025-09-10,polynomial,0.43693220183586984
2025-09-11,polynomial,0.43586086543450725
2025-09-12,polynomial,0.44544901708362394
2025-09-15,polynomial,0.41605243423638544
2025-09-16,polynomial,0.41809734897363565
2025-09-17,polynomial,0.42647249802358833
2025-09-18,polynomial,0.44581912803952733
2025-09-19,polynomial,0.45169054648815343
2025-09-22,polynomial,0.46107621245813424
2025-09-23,polynomial,0.44008148919657625
2025-09-24,polynomial,0.43085042512216987
2025-09-25,polynomial,0.44372190258619565
2025-09-26,polynomial,0.43879884207474906
2025-09-29,polynomial,0.43873412777092974
2025-09-30,polynomial,0.42023758520429394
2025-10-01,polynomial,0.4128530499087977
2025-10-02,polynomial,0.41954492744810506
2025-10-03,polynomial,0.4102150521828605
2025-10-06,polynomial,0.39841530003096964
2025-10-07,polynomial,0.40185441700365804
2025-10-08,polynomial,0.38833868841315444
2025-10-09,polynomial,0.36913054258419853
2025-10-10,polynomial,0.37541624184111594
2025-10-13,polynomial,0.37679111474453153
2025-10-14,polynomial,0.38203923976462445
2025-10-15,polynomial,0.3835379072290904
2025-10-16,polynomial,0.36916415543414216
2025-10-17,polynomial,0.36785338360724384
2025-10-20,polynomial,0.3615963819853378
2025-10-21,polynomial,0.34852257915813345
2025-10-22,polynomial,0.35320995587920806
2025-10-23,polynomial,0.3542550776717463
2025-10-24,polynomial,0.31249983924185754
2025-10-27,polynomial,0.34333156131513054
2025-10-28,polynomial,0.35207369094376084
2025-10-29,polynomial,0.35328757917411696
2025-10-30,polynomial,0.36521588497860946
2025-10-31,polynomial,0.36899430051169546
2025-11-03,polynomial,0.3664573242741974
2025-11-04,polynomial,0.3599831642883769
2025-11-05,polynomial,0.3605308882694069
2025-11-06,polynomial,0.36611941846565055
2025-11-07,polynomial,0.36839387106536226
2025-11-10,polynomial,0.37239002149175654
2025-11-11,polynomial,0.4036441331396736
2025-11-12,polynomial,0.3971123641276542
2025-11-13,polynomial,0.39225821092006413
2025-11-14,polynomial,0.3931228219072491
2025-11-17,polynomial,0.36284625115908753
2025-11-18,polynomial,0.3626843992040747
2025-11-19,polynomial,0.360461682381652
2025-11-20,polynomial,0.35941045066799554
2025-11-21,polynomial,0.3610719897378689
2025-11-24,polynomial,0.3650565498022774
2025-11-25,polynomial,0.38551341266193784
2025-11-26,polynomial,0.3933079689546009
2025-11-27,polynomial,0.40250128596136003
2025-11-28,polynomial,0.39836133108687055
2025-12-01,polynomial,0.41163710224180833
2025-12-02,polynomial,0.4117777149559113
2025-12-03,polynomial,0.4242733837031649
2025-12-04,polynomial,0.43713889968826486
2025-12-05,polynomial,0.44628634037545845
2025-12-08,polynomial,0.45702029284672646
2025-12-09,polynomial,0.47130450890084424
2025-12-10,polynomial,0.48821934887494284
2025-12-11,polynomial,0.4754242522922101
2025-12-12,polynomial,0.4759586302154993
2025-12-15,polynomial,0.47028811346173055
2025-12-16,polynomial,0.46861124133517273
2025-12-17,polynomial,0.4729402513902756
2025-12-18,polynomial,0.4801212563965878
2025-12-19,polynomial,0.4801212563965878
2025-12-22,polynomial,0.49024892614665416
2025-12-23,polynomial,0.49202037768966334
2025-12-24,polynomial,0.48860627885122154
2025-12-25,polynomial,0.4867633702298391
2025-12-26,polynomial,0.48774582012995976
2025-12-29,polynomial,0.5132909564917402
2025-12-30,polynomial,0.5083823227368002
2005-01-03,gaussian,
2005-01-04,gaussian,
2005-01-05,gaussian,
2005-01-06,gaussian,
2005-01-07,gaussian,
2005-01-10,gaussian,
2005-01-11,gaussian,
2005-01-12,gaussian,
2005-01-13,gaussian,
2005-01-14,gaussian,
2005-01-17,gaussian,
2005-01-18,gaussian,
2005-01-19,gaussian,
2005-01-20,gaussian,
2005-01-21,gaussian,
2005-01-24,gaussian,
2005-01-25,gaussian,
2005-01-26,gaussian,
2005-01-27,gaussian,
2005-01-28,gaussian,
2005-01-31,gaussian,
2005-02-01,gaussian,
2005-02-02,gaussian,
2005-02-03,gaussian,
2005-02-04,gaussian,
2005-02-07,gaussian,
2005-02-08,gaussian,
2005-02-09,gaussian,
2005-02-10,gaussian,
2005-02-11,gaussian,
2005-02-14,gaussian,
2005-02-15,gaussian,
2005-02-16,gaussian,
2005-02-17,gaussian,
2005-02-18,gaussian,
2005-02-21,gaussian,
2005-02-22,gaussian,
2005-02-23,gaussian,
2005-02-24,gaussian,
2005-02-25,gaussian,
2005-02-28,gaussian,
2005-03-01,gaussian,
2005-03-02,gaussian,
2005-03-03,gaussian,
2005-03-04,gaussian,
2005-03-07,gaussian,
2005-03-08,gaussian,
2005-03-09,gaussian,
2005-03-10,gaussian,
2005-03-11,gaussian,
2005-03-14,gaussian,
2005-03-15,gaussian,
2005-03-16,gaussian,
2005-03-17,gaussian,
2005-03-18,gaussian,
2005-03-21,gaussian,
2005-03-22,gaussian,
2005-03-23,gaussian,
2005-03-24,gaussian,
2005-03-25,gaussian,
2005-03-28,gaussian,
2005-03-29,gaussian,
2005-03-30,gaussian,
2005-03-31,gaussian,
2005-04-01,gaussian,
2005-04-04,gaussian,
2005-04-05,gaussian,
2005-04-06,gaussian,
2005-04-07,gaussian,
2005-04-08,gaussian,
2005-04-11,gaussian,
2005-04-12,gaussian,
2005-04-13,gaussian,
2005-04-14,gaussian,
2005-04-15,gaussian,
2005-04-18,gaussian,
2005-04-19,gaussian,
2005-04-20,gaussian,
2005-04-21,gaussian,
2005-04-22,gaussian,
2005-04-25,gaussian,
2005-04-26,gaussian,
2005-04-27,gaussian,
2005-04-28,gaussian,
2005-04-29,gaussian,
2005-05-02,gaussian,
2005-05-03,gaussian,
2005-05-04,gaussian,
2005-05-05,gaussian,
2005-05-06,gaussian,
2005-05-09,gaussian,
2005-05-10,gaussian,
2005-05-11,gaussian,
2005-05-12,gaussian,
2005-05-13,gaussian,
2005-05-16,gaussian,
2005-05-17,gaussian,
2005-05-18,gaussian,
2005-05-19,gaussian,
2005-05-20,gaussian,
2005-05-23,gaussian,
2005-05-24,gaussian,
2005-05-25,gaussian,
2005-05-26,gaussian,
2005-05-27,gaussian,
2005-05-30,gaussian,
2005-05-31,gaussian,
2005-06-01,gaussian,
2005-06-02,gaussian,
2005-06-03,gaussian,
2005-06-06,gaussian,
2005-06-07,gaussian,
2005-06-08,gaussian,
2005-06-09,gaussian,
2005-06-10,gaussian,
2005-06-13,gaussian,
2005-06-14,gaussian,
2005-06-15,gaussian,
2005-06-16,gaussian,
2005-06-17,gaussian,
2005-06-20,gaussian,
2005-06-21,gaussian,
2005-06-22,gaussian,
2005-06-23,gaussian,
2005-06-24,gaussian,
2005-06-27,gaussian,0.0068407703260918275
2005-06-28,gaussian,0.014002025956832835
2005-06-29,gaussian,0.003845235951005034
2005-06-30,gaussian,-0.0003187928222610425
2005-07-01,gaussian,-0.0003163405697821114
2005-07-04,gaussian,0.00238437007511367
2005-07-05,gaussian,0.0005463766986491177
2005-07-06,gaussian,-0.011728924622966057
2005-07-07,gaussian,0.016601892132829244
2005-07-08,gaussian,0.016478915154067547
2005-07-11,gaussian,0.028632285068226643
2005-07-12,gaussian,0.03413937615578595
2005-07-13,gaussian,0.04747602298265786
2005-07-14,gaussian,0.04457625488828306
2005-07-15,gaussian,0.044257853067652474
2005-07-18,gaussian,0.03900550265637375
2005-07-19,gaussian,0.04609800933330763
2005-07-20,gaussian,0.051285740379537224
2005-07-21,gaussian,0.04912917537530872
2005-07-22,gaussian,0.04879035347616866
2005-07-25,gaussian,0.04488191980523934
2005-07-26,gaussian,0.04964181709863962
2005-07-27,gaussian,0.05577131228303269
2005-07-28,gaussian,0.04396551292670482
2005-07-29,gaussian,0.043672409507193456
2005-08-01,gaussian,0.05618346607122699
2005-08-02,gaussian,0.07231326660123982
2005-08-03,gaussian,0.05921769626776939
2005-08-04,gaussian,0.05189480825262516
2005-08-05,gaussian,0.05156000303809209
2005-08-08,gaussian,0.06308614922205058
2005-08-09,gaussian,0.06909795225055866
2005-08-10,gaussian,0.0752201589166395
2005-08-11,gaussian,0.07413862543320147
2005-08-12,gaussian,0.07367525902424396
2005-08-15,gaussian,0.06321390412761238
2005-08-16,gaussian,0.057470103374310064
2005-08-17,gaussian,0.04255353138960868
2005-08-18,gaussian,0.05495800158150383
2005-08-19,gaussian,0.05462492278404017
2005-08-22,gaussian,0.04671640777279112
2005-08-23,gaussian,0.04512462044438746
2005-08-24,gaussian,0.04522736121222347
2005-08-25,gaussian,0.03446769828494967
2005-08-26,gaussian,0.03426494711856761
2005-08-29,gaussian,0.033417850740202544
2005-08-30,gaussian,0.0504812084934074
2005-08-31,gaussian,0.06964904608835319
2005-09-01,gaussian,0.07355963859300146
2005-09-02,gaussian,0.07313929780104146
2005-09-05,gaussian,0.08261672336596095
2005-09-06,gaussian,0.08528569602847703
2005-09-07,gaussian,0.08198060423098226
2005-09-08,gaussian,0.08634090543842256
2005-09-09,gaussian,0.08586123374154245
2005-09-12,gaussian,0.07112615508840925
2005-09-13,gaussian,0.07276813488193169
2005-09-14,gaussian,0.06706244972132755
2005-09-15,gaussian,0.07710118930879375
2005-09-16,gaussian,0.07668442612334082
2005-09-19,gaussian,0.08232943079260162
2005-09-20,gaussian,0.06455793322515724
2005-09-21,gaussian,0.06516180116761155
2005-09-22,gaussian,0.06293935233125562
2005-09-23,gaussian,0.06260809258214375
2005-09-26,gaussian,0.05581925265039033
2005-09-27,gaussian,0.09268234774779148
2005-09-28,gaussian,0.09631553418396589
2005-09-29,gaussian,0.09684719470512199
2005-09-30,gaussian,0.0963505424245829
2005-10-03,gaussian,0.09065109637803126
2005-10-04,gaussian,0.08143942002429767
2005-10-05,gaussian,0.07131802460225
2005-10-06,gaussian,0.0712474524054506
2005-10-07,gaussian,0.07089121514342336
2005-10-10,gaussian,0.06953241478309374
2005-10-11,gaussian,0.06344170832814752
2005-10-12,gaussian,0.05631468043607009
2005-10-13,gaussian,0.07225274572114325
2005-10-14,gaussian,0.07190029330299134
2005-10-17,gaussian,0.06290196008711227
2005-10-18,gaussian,0.04857267519915794
2005-10-19,gaussian,0.061725189748598065
2005-10-20,gaussian,0.061836374421676166
2005-10-21,gaussian,0.061541915495858655
2005-10-24,gaussian,0.06809168053017332
2005-10-25,gaussian,0.07193017341553314
2005-10-26,gaussian,0.06762519262065488
2005-10-27,gaussian,0.06654913774777647
2005-10-28,gaussian,0.06623960687453102
2005-10-31,gaussian,0.06627110098762126
2005-11-01,gaussian,0.07701135759950878
2005-11-02,gaussian,0.08015214528219133
2005-11-03,gaussian,0.07795344418338754
2005-11-04,gaussian,0.07759911034619033
2005-11-07,gaussian,0.07337760715402826
2005-11-08,gaussian,0.07077420173235789
2005-11-09,gaussian,0.07846574192445785
2005-11-10,gaussian,0.09765206485754255
2005-11-11,gaussian,0.09721805568039792
2005-11-14,gaussian,0.09399447692543797
2005-11-15,gaussian,0.09201859301312125
2005-11-16,gaussian,0.1033963325430272
2005-11-17,gaussian,0.11297155158876948
2005-11-18,gaussian,0.11248037092968788
2005-11-21,gaussian,0.11652221841672646
2005-11-22,gaussian,0.12401585948776785
2005-11-23,gaussian,0.11778134112431134
2005-11-24,gaussian,0.12155939542673448
2005-11-25,gaussian,0.12104212140364198
2005-11-28,gaussian,0.11618946043632913
2005-11-29,gaussian,0.10971188100168262
2005-11-30,gaussian,0.11848972385743232
2005-12-01,gaussian,0.12044141627718372
2005-12-02,gaussian,0.11993957704269546
2005-12-05,gaussian,0.12493883590189844
2005-12-06,gaussian,0.11529547490535419
2005-12-07,gaussian,0.1195649479314832
2005-12-08,gaussian,0.11980678148132586
2005-12-09,gaussian,0.11931777420997351
2005-12-12,gaussian,0.12378957367015189
2005-12-13,gaussian,0.12502600036731962
2005-12-14,gaussian,0.1214478765145852
2005-12-15,gaussian,0.1327301819442909
2005-12-16,gaussian,0.13219926121651374
2005-12-19,gaussian,0.1320149827092581
2005-12-20,gaussian,0.13725900871769423
2005-12-21,gaussian,0.1480413742870496
2005-12-22,gaussian,0.1544124918000782
2005-12-23,gaussian,0.14432177681490152
2005-12-26,gaussian,0.1477487024139892
2005-12-27,gaussian,0.14269434680801102
2005-12-28,gaussian,0.1452552332272285
2005-12-29,gaussian,0.1384845178215795
2005-12-30,gaussian,0.14283150785535653
2006-01-02,gaussian,0.1631459175022826
2006-01-03,gaussian,0.1724557566416038
2006-01-04,gaussian,0.16923680419492762
2006-01-05,gaussian,0.19235387279429011
2006-01-06,gaussian,0.19996858421768443
2006-01-09,gaussian,0.19346913170839572
2006-01-10,gaussian,0.20448220157220512
2006-01-11,gaussian,0.20004277552247302
2006-01-12,gaussian,0.1963183882957247
2006-01-13,gaussian,0.1948388731434174
2006-01-16,gaussian,0.1825075092358364
2006-01-17,gaussian,0.1712705897663763
2006-01-18,gaussian,0.17373530059935893
2006-01-19,gaussian,0.1642030980117559
2006-01-20,gaussian,0.1684899381922799
2006-01-23,gaussian,0.16841748235484538
2006-01-24,gaussian,0.1823883321144314
2006-01-25,gaussian,0.19276040879515202
2006-01-26,gaussian,0.2014401870170861
2006-01-27,gaussian,0.19420909606360043
2006-01-30,gaussian,0.19114157204621762
2006-01-31,gaussian,0.19866276405173222
2006-02-01,gaussian,0.1847715332431019
2006-02-02,gaussian,0.1846783482070585
2006-02-03,gaussian,0.1843768614400263
2006-02-06,gaussian,0.186567117721286
2006-02-07,gaussian,0.1848579192636102
2006-02-08,gaussian,0.1996936605370089
2006-02-09,gaussian,0.1925317885293456
2006-02-10,gaussian,0.1963174349295291
2006-02-13,gaussian,0.1935975897390221
2006-02-14,gaussian,0.1978188321179484
2006-02-15,gaussian,0.20524454528629643
2006-02-16,gaussian,0.2083455515566504
2006-02-17,gaussian,0.2111033179670747
2006-02-20,gaussian,0.200967392575392
2006-02-21,gaussian,0.2131090666446968
2006-02-22,gaussian,0.21515318078213902
2006-02-23,gaussian,0.22212800289259083
2006-02-24,gaussian,0.22265970916804972
2006-02-27,gaussian,0.2130928653159614
2006-02-28,gaussian,0.21952335835069312
2006-03-01,gaussian,0.21433460524900852
2006-03-02,gaussian,0.2179325384006336
2006-03-03,gaussian,0.2216183522105188
2006-03-06,gaussian,0.20889376853546301
2006-03-07,gaussian,0.20012751131027143
2006-03-08,gaussian,0.2113831024270541
2006-03-09,gaussian,0.2280930177704798
2006-03-10,gaussian,0.22657447909157238
2006-03-13,gaussian,0.2242446433964635
2006-03-14,gaussian,0.2258569714516622
2006-03-15,gaussian,0.235151891713758
2006-03-16,gaussian,0.24389666135992552
2006-03-17,gaussian,0.23895742240290652
2006-03-20,gaussian,0.23786412284158281
2006-03-21,gaussian,0.24271896123078562
2006-03-22,gaussian,0.22992863106963493
2006-03-23,gaussian,0.2278019678540834
2006-03-24,gaussian,0.2271995801892061
2006-03-27,gaussian,0.2167083260008301
2006-03-28,gaussian,0.2181713653037038
2006-03-29,gaussian,0.2370957660487741
2006-03-30,gaussian,0.2262492776355855
2006-03-31,gaussian,0.23808624172396
2006-04-03,gaussian,0.2588340987774581
2006-04-04,gaussian,0.26495643633026
2006-04-05,gaussian,0.2571504558370156
2006-04-06,gaussian,0.2519207725106304
2006-04-07,gaussian,0.2504193165659536
2006-04-10,gaussian,0.2333042407230598
2006-04-11,gaussian,0.232739814551088
2006-04-12,gaussian,0.23707844006952233
2006-04-13,gaussian,0.2444203214159214
2006-04-14,gaussian,0.2444573558421347
2006-04-17,gaussian,0.250207186407641
2006-04-18,gaussian,0.25753282207591227
2006-04-19,gaussian,0.24921452123344096
2006-04-20,gaussian,0.2417949993009394
2006-04-21,gaussian,0.2393427780025699
2006-04-24,gaussian,0.2504982181978588
2006-04-25,gaussian,0.25597117665939106
2006-04-26,gaussian,0.2772808189357043
2006-04-27,gaussian,0.289545344822362
2006-04-28,gaussian,0.2925732479153001
2006-05-01,gaussian,0.3109714582374193
2006-05-02,gaussian,0.30341356176902157
2006-05-03,gaussian,0.3148534019871264
2006-05-04,gaussian,0.31357564650394953
2006-05-05,gaussian,0.31068433422102193
2006-05-08,gaussian,0.32393255637265334
2006-05-09,gaussian,0.3211023051860828
2006-05-10,gaussian,0.3193876574368859
2006-05-11,gaussian,0.3065553350920039
2006-05-12,gaussian,0.3095685029245682
2006-05-15,gaussian,0.30887581443654066
2006-05-16,gaussian,0.2778293291128667
2006-05-17,gaussian,0.2837791942225176
2006-05-18,gaussian,0.2798984212177851
2006-05-19,gaussian,0.2774860790447723
2006-05-22,gaussian,0.2912875733986109
2006-05-23,gaussian,0.2885229747553502
2006-05-24,gaussian,0.290415731215583
2006-05-25,gaussian,0.3069584754899032
2006-05-26,gaussian,0.30608457842640246
2006-05-29,gaussian,0.2893037360165192
2006-05-30,gaussian,0.3045410708773431
2006-05-31,gaussian,0.3209072458674795
2006-06-01,gaussian,0.3330547622079639
2006-06-02,gaussian,0.32853237999500495
2006-06-05,gaussian,0.30108015523598186
2006-06-06,gaussian,0.3057189066773064
2006-06-07,gaussian,0.2744067923846906
2006-06-08,gaussian,0.28350318288522613
2006-06-09,gaussian,0.2867655360648371
2006-06-12,gaussian,0.26114056212360504
2006-06-13,gaussian,0.26099009051613653
2006-06-14,gaussian,0.2848753246971646
2006-06-15,gaussian,0.27729651495434343
2006-06-16,gaussian,0.2823999558066812
2006-06-19,gaussian,0.2900291047645514
2006-06-20,gaussian,0.29637597687217576
2006-06-21,gaussian,0.2965769566684119
2006-06-22,gaussian,0.2911561469022137
2006-06-23,gaussian,0.29763260999378577
2006-06-26,gaussian,0.27298149945473493
2006-06-27,gaussian,0.2727655789697113
2006-06-28,gaussian,0.2948093895347696
2006-06-29,gaussian,0.3091076265178205
2006-06-30,gaussian,0.30166875096915335
2006-07-03,gaussian,0.30481202124930357
2006-07-04,gaussian,0.2903373491552322
2006-07-05,gaussian,0.3034632923829814
2006-07-06,gaussian,0.3009190052467584
2006-07-07,gaussian,0.2977922451319007
2006-07-10,gaussian,0.2975413492232511
2006-07-11,gaussian,0.29094817288703756
2006-07-12,gaussian,0.2784483214007004
2006-07-13,gaussian,0.256512147785854
2006-07-14,gaussian,0.2527152941970095
2006-07-17,gaussian,0.25252774695421987
2006-07-18,gaussian,0.28520006259101366
2006-07-19,gaussian,0.2793997218570613
2006-07-20,gaussian,0.2652938505320451
2006-07-21,gaussian,0.2729577751130758
2006-07-24,gaussian,0.2756326775785142
2006-07-25,gaussian,0.28708803265275395
2006-07-26,gaussian,0.2933856443101336
2006-07-27,gaussian,0.3048855105004802
2006-07-28,gaussian,0.3007727858755146
2006-07-31,gaussian,0.2932757505558341
2006-08-01,gaussian,0.3040437138876188
2006-08-02,gaussian,0.3091611886407358
2006-08-03,gaussian,0.33228698496255077
2006-08-04,gaussian,0.3417073465900588
2006-08-07,gaussian,0.3330273410439112
2006-08-08,gaussian,0.33163390024198997
2006-08-09,gaussian,0.32828542920017906
2006-08-10,gaussian,0.3255418894013844
2006-08-11,gaussian,0.325294329602016
2006-08-14,gaussian,0.3452472336051335
2006-08-15,gaussian,0.3515302829199948
2006-08-16,gaussian,0.35469394853476427
2006-08-17,gaussian,0.34227453895990695
2006-08-18,gaussian,0.3289153440693553
2006-08-21,gaussian,0.32647209336693284
2006-08-22,gaussian,0.318623585268017
2006-08-23,gaussian,0.3188109174890781
2006-08-24,gaussian,0.3143128244343452
2006-08-25,gaussian,0.31630893810071664
2006-08-28,gaussian,0.3185608555659019
2006-08-29,gaussian,0.3225483699766497
2006-08-30,gaussian,0.3313381890089224
2006-08-31,gaussian,0.3376216620646674
2006-09-01,gaussian,0.3414763138484318
2006-09-04,gaussian,0.32876675665590566
2006-09-05,gaussian,0.31644271092092047
2006-09-06,gaussian,0.29742876695324877
2006-09-07,gaussian,0.308619961666296
2006-09-08,gaussian,0.3079132747361112
2006-09-11,gaussian,0.31677727964458946
2006-09-12,gaussian,0.3189499903090355
2006-09-13,gaussian,0.32579112188249126
2006-09-14,gaussian,0.3027878846422266
2006-09-15,gaussian,0.2996375380948875
2006-09-18,gaussian,0.29237959068112507
2006-09-19,gaussian,0.3096266992391857
2006-09-20,gaussian,0.32039365608949816
2006-09-21,gaussian,0.31816701384106183
2006-09-22,gaussian,0.3257963665138441
2006-09-25,gaussian,0.3258328594766165
2006-09-26,gaussian,0.33338456532872457
2006-09-27,gaussian,0.3350155698046536
2006-09-28,gaussian,0.33726339561684
2006-09-29,gaussian,0.3427528597190764
2006-10-02,gaussian,0.32882605282175476
2006-10-03,gaussian,0.3393033726314902
2006-10-04,gaussian,0.35307816560067634
2006-10-05,gaussian,0.36280457061861754
2006-10-06,gaussian,0.3517557781524163
2006-10-09,gaussian,0.3537051596733472
2006-10-10,gaussian,0.3513625665053828
2006-10-11,gaussian,0.3527510963692681
2006-10-12,gaussian,0.3516536167712841
2006-10-13,gaussian,0.35500691334229023
2006-10-16,gaussian,0.3433607687026417
2006-10-17,gaussian,0.3546842259081845
2006-10-18,gaussian,0.3550981502415606
2006-10-19,gaussian,0.3464708916822435
2006-10-20,gaussian,0.34344826044246446
2006-10-23,gaussian,0.3434460024421834
2006-10-24,gaussian,0.3472658176010801
2006-10-25,gaussian,0.3584883887834993
2006-10-26,gaussian,0.36042282631141287
2006-10-27,gaussian,0.3533355736742278
2006-10-30,gaussian,0.33692681980233485
2006-10-31,gaussian,0.3425893295351641
2006-11-01,gaussian,0.3393786840903612
2006-11-02,gaussian,0.34076277039459724
2006-11-03,gaussian,0.3301034719587572
2006-11-06,gaussian,0.32543236960126554
2006-11-07,gaussian,0.32089677954251383
2006-11-08,gaussian,0.313001135618786
2006-11-09,gaussian,0.30745801505331294
2006-11-10,gaussian,0.31273034409774786
2006-11-13,gaussian,0.3130339384663171
2006-11-14,gaussian,0.313310445136686
2006-11-15,gaussian,0.31689005169789763
2006-11-16,gaussian,0.3210110041811683
2006-11-17,gaussian,0.3122854546546996
2006-11-20,gaussian,0.31125142655698995
2006-11-21,gaussian,0.3184581976029012
2006-11-22,gaussian,0.3119432540000906
2006-11-23,gaussian,0.3178606039525451
2006-11-24,gaussian,0.31328609038010585
2006-11-27,gaussian,0.3164308702296824
2006-11-28,gaussian,0.32273338570148014
2006-11-29,gaussian,0.31904915284833063
2006-11-30,gaussian,0.31490112632604245
2006-12-01,gaussian,0.31792631963997425
2006-12-04,gaussian,0.3045580251457841
2006-12-05,gaussian,0.3053147895046877
2006-12-06,gaussian,0.3051506429554953
2006-12-07,gaussian,0.31368187572412004
2006-12-08,gaussian,0.3113178901923087
2006-12-11,gaussian,0.31309862475140254
2006-12-12,gaussian,0.3167010760220525
2006-12-13,gaussian,0.3235869394963423
2006-12-14,gaussian,0.32881352857094776
2006-12-15,gaussian,0.3295394235488933
2006-12-18,gaussian,0.33702806511812416
2006-12-19,gaussian,0.3399599576053197
2006-12-20,gaussian,0.3181315890708608
2006-12-21,gaussian,0.3018457663994046
2006-12-22,gaussian,0.3026770598702584
2006-12-25,gaussian,0.28329054767103734
2006-12-26,gaussian,0.2920646171620127
2006-12-27,gaussian,0.30407125519129874
2006-12-28,gaussian,0.29034004197309293
2006-12-29,gaussian,0.29329285967683244
2007-01-01,gaussian,0.3008986461450409
2007-01-02,gaussian,0.30250936312773336
2007-01-03,gaussian,0.30926250073079664
2007-01-04,gaussian,0.3057944255229408
2007-01-05,gaussian,0.2965890943324312
2007-01-08,gaussian,0.3047832560046426
2007-01-09,gaussian,0.29713030341551316
2007-01-10,gaussian,0.3092912317177965
2007-01-11,gaussian,0.305451479399681
2007-01-12,gaussian,0.29145431800163035
2007-01-15,gaussian,0.28074156572589143
2007-01-16,gaussian,0.27940262330301946
2007-01-17,gaussian,0.27126359492469193
2007-01-18,gaussian,0.26833667092099267
2007-01-19,gaussian,0.27663970998941523
2007-01-22,gaussian,0.2925787211021402
2007-01-23,gaussian,0.30051127419179663
2007-01-24,gaussian,0.2926722229381982
2007-01-25,gaussian,0.2873247093182795
2007-01-26,gaussian,0.2685908193692311
2007-01-29,gaussian,0.28356925549616274
2007-01-30,gaussian,0.28599449393349824
2007-01-31,gaussian,0.28431234295210844
2007-02-01,gaussian,0.28360542779334813
2007-02-02,gaussian,0.2708785462100222
2007-02-05,gaussian,0.27537992510258535
2007-02-06,gaussian,0.27767295556106647
2007-02-07,gaussian,0.26430246858575124
2007-02-08,gaussian,0.2567008055013092
2007-02-09,gaussian,0.25206108005911043
2007-02-12,gaussian,0.25715586077141095
2007-02-13,gaussian,0.26912014661915845
2007-02-14,gaussian,0.2746957581773518
2007-02-15,gaussian,0.2704537724640492
2007-02-16,gaussian,0.27329958728499854
2007-02-19,gaussian,0.28421381372759064
2007-02-20,gaussian,0.27925469160477556
2007-02-21,gaussian,0.2906247827296574
2007-02-22,gaussian,0.2942222245432298
2007-02-23,gaussian,0.28937177620879173
2007-02-26,gaussian,0.2498192894439973
2007-02-27,gaussian,0.24538472564958613
2007-02-28,gaussian,0.22826588498403544
2007-03-01,gaussian,0.21579775245996294
2007-03-02,gaussian,0.21319313880826693
2007-03-05,gaussian,0.21956735210791922
2007-03-06,gaussian,0.21503931326531112
2007-03-07,gaussian,0.22843961830579174
2007-03-08,gaussian,0.22692318625844454
2007-03-09,gaussian,0.23499274221346234
2007-03-12,gaussian,0.21520762918881164
2007-03-13,gaussian,0.19693835326257195
2007-03-14,gaussian,0.22152416948600423
2007-03-15,gaussian,0.21465953821109854
2007-03-16,gaussian,0.19753542720327183
2007-03-19,gaussian,0.21801646718720133
2007-03-20,gaussian,0.23520390811029773
2007-03-21,gaussian,0.23506633616646555
2007-03-22,gaussian,0.23183673854341202
2007-03-23,gaussian,0.23246591339802114
2007-03-26,gaussian,0.2455839240224361
2007-03-27,gaussian,0.23679815242153038
2007-03-28,gaussian,0.25787918752884087
2007-03-29,gaussian,0.26066010626413416
2007-03-30,gaussian,0.260089389125366
2007-04-02,gaussian,0.2737376615138567
2007-04-03,gaussian,0.2766772921351875
2007-04-04,gaussian,0.27143662445817335
2007-04-05,gaussian,0.2647552313577553
2007-04-06,gaussian,0.2677692231855796
2007-04-09,gaussian,0.2752337484971816
2007-04-10,gaussian,0.2743151735909711
2007-04-11,gaussian,0.26988235084564954
2007-04-12,gaussian,0.26758765212133234
2007-04-13,gaussian,0.2575779991320528
2007-04-16,gaussian,0.24823958719331227
2007-04-17,gaussian,0.25195102488605703
2007-04-18,gaussian,0.24059788187072323
2007-04-19,gaussian,0.2658567545367637
2007-04-20,gaussian,0.2579295091842322
2007-04-23,gaussian,0.23627191472300832
2007-04-24,gaussian,0.24585007313531893
2007-04-25,gaussian,0.22982687307963395
2007-04-26,gaussian,0.23117057790864742
2007-04-27,gaussian,0.23553136892389412
2007-04-30,gaussian,0.24732702992963476
2007-05-01,gaussian,0.24929664667012585
2007-05-02,gaussian,0.25134453818781033
2007-05-03,gaussian,0.28769121373219764
2007-05-04,gaussian,0.29115222957953063
2007-05-07,gaussian,0.2803072963224124
2007-05-08,gaussian,0.2894819412139659
2007-05-09,gaussian,0.2687511705333187
2007-05-10,gaussian,0.2808253199978053
2007-05-11,gaussian,0.27033191511737925
2007-05-14,gaussian,0.2620318545077917
2007-05-15,gaussian,0.2606712489654264
2007-05-16,gaussian,0.2750165506467797
2007-05-17,gaussian,0.2679514506869375
2007-05-18,gaussian,0.2551574312445315
2007-05-21,gaussian,0.23313877290874224
2007-05-22,gaussian,0.23769911561961773
2007-05-23,gaussian,0.24364338973652827
2007-05-24,gaussian,0.24141237891522976
2007-05-25,gaussian,0.26732684619871544
2007-05-28,gaussian,0.26481613777928226
2007-05-29,gaussian,0.2641646865820668
2007-05-30,gaussian,0.29751614289741124
2007-05-31,gaussian,0.29918987733835445
2007-06-01,gaussian,0.27352349539400844
2007-06-04,gaussian,0.2753798208684041
2007-06-05,gaussian,0.2651340282077834
2007-06-06,gaussian,0.25065019431214663
2007-06-07,gaussian,0.2478948098967954
2007-06-08,gaussian,0.24629114456916423
2007-06-11,gaussian,0.24059769433303024
2007-06-12,gaussian,0.24777358512991
2007-06-13,gaussian,0.262076673371638
2007-06-14,gaussian,0.277743150767553
2007-06-15,gaussian,0.24907498614106738
2007-06-18,gaussian,0.23229047076096704
2007-06-19,gaussian,0.23114001478367713
2007-06-20,gaussian,0.22620538998787443
2007-06-21,gaussian,0.23677571313127335
2007-06-22,gaussian,0.22641295861353464
2007-06-25,gaussian,0.21755239528708045
2007-06-26,gaussian,0.21147552728169897
2007-06-27,gaussian,0.21425570511897266
2007-06-28,gaussian,0.22393572299759473
2007-06-29,gaussian,0.23850637195408875
2007-07-02,gaussian,0.26456616391763227
2007-07-03,gaussian,0.26674220447853264
2007-07-04,gaussian,0.26775451507677084
2007-07-05,gaussian,0.24020220640028436
2007-07-06,gaussian,0.23833253939345794
2007-07-09,gaussian,0.23278034242299275
2007-07-10,gaussian,0.23084314837492564
2007-07-11,gaussian,0.24848871075351192
2007-07-12,gaussian,0.24480517360594645
2007-07-13,gaussian,0.23116772540993347
2007-07-16,gaussian,0.21383168496238375
2007-07-17,gaussian,0.20246614957996695
2007-07-18,gaussian,0.20996603990030416
2007-07-19,gaussian,0.18327495432022206
2007-07-20,gaussian,0.18454876083430125
2007-07-23,gaussian,0.15813687728848017
2007-07-24,gaussian,0.14550361631639916
2007-07-25,gaussian,0.12240973782092046
2007-07-26,gaussian,0.11267708622397385
2007-07-27,gaussian,0.12101836904786134
2007-07-30,gaussian,0.14475585576279695
2007-07-31,gaussian,0.13771319014607514
2007-08-01,gaussian,0.13472381754715457
2007-08-02,gaussian,0.10343644234349404
2007-08-03,gaussian,0.10071162011595415
2007-08-06,gaussian,0.12214379448636235
2007-08-07,gaussian,0.14925607450121475
2007-08-08,gaussian,0.12277376975728434
2007-08-09,gaussian,0.10762984690153295
2007-08-10,gaussian,0.10053312500893664
2007-08-13,gaussian,0.07921510426348526
2007-08-14,gaussian,0.06152388950468166
2007-08-15,gaussian,0.042034632455510354
2007-08-16,gaussian,0.07945848655209845
2007-08-17,gaussian,0.08091147705345894
2007-08-20,gaussian,0.07274310216410186
2007-08-21,gaussian,0.07772725957265905
2007-08-22,gaussian,0.07964282855152255
2007-08-23,gaussian,0.09110178018266465
2007-08-24,gaussian,0.10564486980666235
2007-08-27,gaussian,0.08004123372083925
2007-08-28,gaussian,0.08694414495643635
2007-08-29,gaussian,0.08285719013052896
2007-08-30,gaussian,0.09796738563839845
2007-08-31,gaussian,0.09602331888392185
2007-09-03,gaussian,0.09350526506095144
2007-09-04,gaussian,0.07318475714966055
2007-09-05,gaussian,0.07755785080857085
2007-09-06,gaussian,0.04063942979877206
2007-09-07,gaussian,0.03392303200679106
2007-09-10,gaussian,0.05919043301494825
2007-09-11,gaussian,0.05946126697971385
2007-09-12,gaussian,0.06099668436244776
2007-09-13,gaussian,0.04793541482303515
2007-09-14,gaussian,0.047106901050609454
2007-09-17,gaussian,0.08811021800229105
2007-09-18,gaussian,0.11468375688016355
2007-09-19,gaussian,0.10837495851762226
2007-09-20,gaussian,0.09094254336152376
2007-09-21,gaussian,0.08423821209538565
2007-09-24,gaussian,0.07880727429621295
2007-09-25,gaussian,0.08431116865635585
2007-09-26,gaussian,0.09738477509153984
2007-09-27,gaussian,0.10087101406372985
2007-09-28,gaussian,0.09375414158978004
2007-10-01,gaussian,0.10466513794602425
2007-10-02,gaussian,0.11842008606344806
2007-10-03,gaussian,0.13850690498571194
2007-10-04,gaussian,0.13712726489956256
2007-10-05,gaussian,0.13642349002927365
2007-10-08,gaussian,0.14047645359568584
2007-10-09,gaussian,0.13282878381600263
2007-10-10,gaussian,0.12968964926454984
2007-10-11,gaussian,0.12282578061222944
2007-10-12,gaussian,0.11499746774378494
2007-10-15,gaussian,0.09524817570841237
2007-10-16,gaussian,0.09757698190157449
2007-10-17,gaussian,0.09431680517988289
2007-10-18,gaussian,0.06997610292604628
2007-10-19,gaussian,0.07569194973172438
2007-10-22,gaussian,0.08766800188130602
2007-10-23,gaussian,0.07949588967005362
2007-10-24,gaussian,0.07523130567773942
2007-10-25,gaussian,0.09532177489578253
2007-10-26,gaussian,0.09906604127809923
2007-10-29,gaussian,0.09812189891040823
2007-10-30,gaussian,0.11441502455943534
2007-10-31,gaussian,0.07466169262427733
2007-11-01,gaussian,0.05151463659043543
2007-11-02,gaussian,0.051999259659708724
2007-11-05,gaussian,0.05716351434752132
2007-11-06,gaussian,0.037886604693545725
2007-11-07,gaussian,0.03537204730623493
2007-11-08,gaussian,0.009832892048903027
2007-11-09,gaussian,0.011090847706830227
2007-11-12,gaussian,0.03811468144997583
2007-11-13,gaussian,0.053914575371818624
2007-11-14,gaussian,0.03390028772129873
2007-11-15,gaussian,0.012327897147902727
2007-11-16,gaussian,0.011173318725600425
2007-11-19,gaussian,0.028378980107302124
2007-11-20,gaussian,0.0008277900446002281
2007-11-21,gaussian,0.004684002502604329
2007-11-22,gaussian,0.031134096878399527
2007-11-23,gaussian,0.03095719042800723
2007-11-26,gaussian,0.03918031649999362
2007-11-27,gaussian,0.06999429904538952
2007-11-28,gaussian,0.07306195482848801
2007-11-29,gaussian,0.09251836160501463
2007-11-30,gaussian,0.08807353541282394
2007-12-03,gaussian,0.06779590587321094
2007-12-04,gaussian,0.07934882504671913
2007-12-05,gaussian,0.09596942383091253
2007-12-06,gaussian,0.09702778039962433
2007-12-07,gaussian,0.09729526168840802
2007-12-10,gaussian,0.08983420985123663
2007-12-11,gaussian,0.08997278188021833
2007-12-12,gaussian,0.058209599274413326
2007-12-13,gaussian,0.03844028310085882
2007-12-14,gaussian,0.03586723219534272
2007-12-17,gaussian,0.03297544440913322
2007-12-18,gaussian,0.03446463702993112
2007-12-19,gaussian,0.020101459900202026
2007-12-20,gaussian,0.031372331928091725
2007-12-21,gaussian,0.036614714956403324
2007-12-24,gaussian,0.054346207828154226
2007-12-25,gaussian,0.05849556037188563
2007-12-26,gaussian,0.05033983778094433
2007-12-27,gaussian,0.057814524703726625
2007-12-28,gaussian,0.04633097974364732
2007-12-31,gaussian,0.03704834398780693
2008-01-01,gaussian,0.02228855413828453
2008-01-02,gaussian,0.022349750217462924
2008-01-03,gaussian,0.00015580268552002619
2008-01-04,gaussian,0.002683823608587025
2008-01-07,gaussian,0.018529679641354126
2008-01-08,gaussian,-0.004131490438095072
2008-01-09,gaussian,-0.0021745727607293715
2008-01-10,gaussian,-0.005039674447383272
2008-01-11,gaussian,0.004566655664518528
2008-01-14,gaussian,-0.028783996195638872
2008-01-15,gaussian,-0.03147090586739157
2008-01-16,gaussian,-0.04936831750938367
2008-01-17,gaussian,-0.07803485152348948
2008-01-18,gaussian,-0.08440007953877747
2008-01-21,gaussian,-0.029788779581343572
2008-01-22,gaussian,0.0005267056691042327
2008-01-23,gaussian,0.06124220877658653
2008-01-24,gaussian,0.03802208341762073
2008-01-25,gaussian,0.04567137303326813
2008-01-28,gaussian,0.06947206418575352
2008-01-29,gaussian,0.06767784973895903
2008-01-30,gaussian,0.06356741878142823
2008-01-31,gaussian,0.06407073468993303
2008-02-01,gaussian,0.06680293479701253
2008-02-04,gaussian,0.020766964540191633
2008-02-05,gaussian,0.019085567193167327
2008-02-06,gaussian,0.004737482187908126
2008-02-07,gaussian,0.034038162109426624
2008-02-08,gaussian,0.03582767998926903
2008-02-11,gaussian,0.07974192630147883
2008-02-12,gaussian,0.08232190698642564
2008-02-13,gaussian,0.10155452677171153
2008-02-14,gaussian,0.08750591720673723
2008-02-15,gaussian,0.09739351445243152
2008-02-18,gaussian,0.10870721506383073
2008-02-19,gaussian,0.10052628583999913
2008-02-20,gaussian,0.10196997807794633
2008-02-21,gaussian,0.11373128487173843
2008-02-22,gaussian,0.10306623307595514
2008-02-25,gaussian,0.12591819165097473
2008-02-26,gaussian,0.14208042359820064
2008-02-27,gaussian,0.13976371421152392
2008-02-28,gaussian,0.12398663055816353
2008-02-29,gaussian,0.10668943320971953
2008-03-03,gaussian,0.09830505356490413
2008-03-04,gaussian,0.10972835065570893
2008-03-05,gaussian,0.07289959584928823
2008-03-06,gaussian,0.045945726882950934
2008-03-07,gaussian,0.03768582264839454
2008-03-10,gaussian,0.08001301227654165
2008-03-11,gaussian,0.09192362624689623
2008-03-12,gaussian,0.0678019345521769
2008-03-13,gaussian,0.051537008428838606
2008-03-14,gaussian,0.042709424263520396
2008-03-17,gaussian,0.094671824655585
2008-03-18,gaussian,0.086854592340687
2008-03-19,gaussian,0.1084207396544714
2008-03-20,gaussian,0.12185167809263131
2008-03-21,gaussian,0.1167207948873881
2008-03-24,gaussian,0.1622959621293916
2008-03-25,gaussian,0.1422665206553936
2008-03-26,gaussian,0.1361481183943273
2008-03-27,gaussian,0.12282915337538
2008-03-28,gaussian,0.12278876742358774
2008-03-31,gaussian,0.18034799031658355
2008-04-01,gaussian,0.19401559265501253
2008-04-02,gaussian,0.17993613709946482
2008-04-03,gaussian,0.17874402823476285
2008-04-04,gaussian,0.18061856496923756
2008-04-07,gaussian,0.13654722399230884
2008-04-08,gaussian,0.13386192977237962
2008-04-09,gaussian,0.12972903957090404
2008-04-10,gaussian,0.11425930826895464
2008-04-11,gaussian,0.12280983138963834
2008-04-14,gaussian,0.12700068671293774
2008-04-15,gaussian,0.16427585793900315
2008-04-16,gaussian,0.17782596427460234
2008-04-17,gaussian,0.20338020813381352
2008-04-18,gaussian,0.19932783958699063
2008-04-21,gaussian,0.18907091073078053
2008-04-22,gaussian,0.17730669644434194
2008-04-23,gaussian,0.19540800862664723
2008-04-24,gaussian,0.20518048785383883
2008-04-25,gaussian,0.21940927601630994
2008-04-28,gaussian,0.19770376099860734
2008-04-29,gaussian,0.19862535316325056
2008-04-30,gaussian,0.20496430274796604
2008-05-01,gaussian,0.22395214384949644
2008-05-02,gaussian,0.22767195431306145
2008-05-05,gaussian,0.21184109396523393
2008-05-06,gaussian,0.18927874359758384
2008-05-07,gaussian,0.17062986280668502
2008-05-08,gaussian,0.15868339042882593
2008-05-09,gaussian,0.1685225166429366
2008-05-12,gaussian,0.15753031883381982
2008-05-13,gaussian,0.16304614268995912
2008-05-14,gaussian,0.1655602662627531
2008-05-15,gaussian,0.16889357286450074
2008-05-16,gaussian,0.16323398548869683
2008-05-19,gaussian,0.1478906699623067
2008-05-20,gaussian,0.12574731798679623
2008-05-21,gaussian,0.12959493671938532
2008-05-22,gaussian,0.1260531026732787
2008-05-23,gaussian,0.13502411489596722
2008-05-26,gaussian,0.1332793250799472
2008-05-27,gaussian,0.1311282105398201
2008-05-28,gaussian,0.1443208556174897
2008-05-29,gaussian,0.1418041131684764
2008-05-30,gaussian,0.1371338794314596
2008-06-02,gaussian,0.12203470098265581
2008-06-03,gaussian,0.11515375486121772
2008-06-04,gaussian,0.12198743250619973
2008-06-05,gaussian,0.09739385219204272
2008-06-06,gaussian,0.10059628504950252
2008-06-09,gaussian,0.10210141924478013
2008-06-10,gaussian,0.07109730032748342
2008-06-11,gaussian,0.10658769046580101
2008-06-12,gaussian,0.11985372751962181
2008-06-13,gaussian,0.11835325360778091
2008-06-16,gaussian,0.11846046630934232
2008-06-17,gaussian,0.09899458627295071
2008-06-18,gaussian,0.07681165342827471
2008-06-19,gaussian,0.056481654251254315
2008-06-20,gaussian,0.06241598927600342
2008-06-23,gaussian,0.06977933047333061
2008-06-24,gaussian,0.09321306386204561
2008-06-25,gaussian,0.06783499549730901
2008-06-26,gaussian,0.06203597574427692
2008-06-27,gaussian,0.04595561827352382
2008-06-30,gaussian,0.02358340349272791
2008-07-01,gaussian,0.033737365615367415
2008-07-02,gaussian,0.04557792588589072
2008-07-03,gaussian,0.042721495519853214
2008-07-04,gaussian,0.043102543951537814
2008-07-07,gaussian,0.052087543176043215
2008-07-08,gaussian,0.10032630015091341
2008-07-09,gaussian,0.10576132138946512
2008-07-10,gaussian,0.0858146229577546
2008-07-11,gaussian,0.1093468933372364
2008-07-14,gaussian,0.08267152447618692
2008-07-15,gaussian,0.1502220259590486
2008-07-16,gaussian,0.18275195812342251
2008-07-17,gaussian,0.2193657478385308
2008-07-18,gaussian,0.2094385484720206
2008-07-21,gaussian,0.2646192578675877
2008-07-22,gaussian,0.32029273411191395
2008-07-23,gaussian,0.2692665792121556
2008-07-24,gaussian,0.2293274034052446
2008-07-25,gaussian,0.255276402732958
2008-07-28,gaussian,0.30439600858330584
2008-07-29,gaussian,0.3256057313912629
2008-07-30,gaussian,0.3476775779022102
2008-07-31,gaussian,0.3578999396041285
2008-08-01,gaussian,0.3717147612501669
2008-08-04,gaussian,0.3725940983737527
2008-08-05,gaussian,0.3745816719270207
2008-08-06,gaussian,0.34939199371048846
2008-08-07,gaussian,0.342074690912118
2008-08-08,gaussian,0.3452726849439746
2008-08-11,gaussian,0.3170330486868897
2008-08-12,gaussian,0.2704240016820118
2008-08-13,gaussian,0.307832720536247
2008-08-14,gaussian,0.308180599038938
2008-08-15,gaussian,0.3048118070075721
2008-08-18,gaussian,0.2489627141166573
2008-08-19,gaussian,0.25599255785838954
2008-08-20,gaussian,0.2347550392423472
2008-08-21,gaussian,0.28074675161487833
2008-08-22,gaussian,0.28284010665826914
2008-08-25,gaussian,0.28774126947331785
2008-08-26,gaussian,0.29551688271247983
2008-08-27,gaussian,0.30937833926107544
2008-08-28,gaussian,0.3150972360978618
2008-08-29,gaussian,0.3132980473498191
2008-09-01,gaussian,0.3284259485669518
2008-09-02,gaussian,0.3302090896964384
2008-09-03,gaussian,0.2367649983572714
2008-09-04,gaussian,0.1975867910259182
2008-09-05,gaussian,0.2046966820056581
2008-09-08,gaussian,0.1715699686568633
2008-09-09,gaussian,0.15200898232360252
2008-09-10,gaussian,0.14606990946103313
2008-09-11,gaussian,0.17743238475581022
2008-09-12,gaussian,0.16207224288532263
2008-09-15,gaussian,0.13362865295628074
2008-09-16,gaussian,0.09251559048806714
2008-09-17,gaussian,0.11772440716881721
2008-09-18,gaussian,0.2779723190685714
2008-09-19,gaussian,0.2701770834771279
2008-09-22,gaussian,0.2325878813673794
2008-09-23,gaussian,0.23616374165065082
2008-09-24,gaussian,0.2676290412476621
2008-09-25,gaussian,0.2779285176202577
2008-09-26,gaussian,0.2826626220583243
2008-09-29,gaussian,0.33502874802465105
2008-09-30,gaussian,0.37348916411183297
2008-10-01,gaussian,0.3745683829602771
2008-10-02,gaussian,0.38861077931520666
2008-10-03,gaussian,0.39091382864317437
2008-10-06,gaussian,0.33509354108904776
2008-10-07,gaussian,0.29676791710722694
2008-10-08,gaussian,0.24608487036024723
2008-10-09,gaussian,0.1830215079550269
2008-10-10,gaussian,0.18284560107460263
2008-10-13,gaussian,0.22047959308158394
2008-10-14,gaussian,0.15399693903061473
2008-10-15,gaussian,0.10621951061353362
2008-10-16,gaussian,0.09122924052246431
2008-10-17,gaussian,0.1267033985339287
2008-10-20,gaussian,0.1545787103405554
2008-10-21,gaussian,0.0673900980625165
2008-10-22,gaussian,0.05627886508848571
2008-10-23,gaussian,-0.027514781087292398
2008-10-24,gaussian,-0.026287402793454498
2008-10-27,gaussian,-0.03285973527617379
2008-10-28,gaussian,0.0711385088989665
2008-10-29,gaussian,0.09129387872786329
2008-10-30,gaussian,0.10361907835930181
2008-10-31,gaussian,0.11977996578685982
2008-11-03,gaussian,0.208017420734133
2008-11-04,gaussian,0.16595397410373253
2008-11-05,gaussian,0.07290052211392879
2008-11-06,gaussian,0.11470001189215041
2008-11-07,gaussian,0.1125821656405931
2008-11-10,gaussian,0.02871784160391031
2008-11-11,gaussian,-0.026769056461387497
2008-11-12,gaussian,-0.0336296810779158
2008-11-13,gaussian,-0.07582893376053089
2008-11-14,gaussian,-0.0810924744710948
2008-11-17,gaussian,-0.12888154777269
2008-11-18,gaussian,-0.233539264052998
2008-11-19,gaussian,-0.3032285996925489
2008-11-20,gaussian,-0.3067127830728139
2008-11-21,gaussian,-0.3228600829269997
2008-11-24,gaussian,-0.25556635198232247
2008-11-25,gaussian,-0.24125535378852817
2008-11-26,gaussian,-0.1713607527890712
2008-11-27,gaussian,-0.1476699544426424
2008-11-28,gaussian,-0.11673644156316698
2008-12-01,gaussian,-0.0581478212935036
2008-12-02,gaussian,-0.03679227817590689
2008-12-03,gaussian,-0.022462189344766896
2008-12-04,gaussian,-0.027815050359548392
2008-12-05,gaussian,-0.019922863101365193
2008-12-08,gaussian,-0.04244899361197549
2008-12-09,gaussian,-0.03581401053084189
2008-12-10,gaussian,-0.07459495016250808
2008-12-11,gaussian,-0.12430117087566879
2008-12-12,gaussian,-0.1175554070126285
2008-12-15,gaussian,-0.045697595214124684
2008-12-16,gaussian,-0.05278448099224889
2008-12-17,gaussian,-0.07467540629297179
2008-12-18,gaussian,-0.0689750321518088
2008-12-19,gaussian,-0.06453000402850559
2008-12-22,gaussian,-0.042230955492952096
2008-12-23,gaussian,-0.034195862017078395
2008-12-24,gaussian,-0.0541626218730392
2008-12-25,gaussian,-0.0321190839120346
2008-12-26,gaussian,-0.041067166750226994
2008-12-29,gaussian,-0.015312736925309899
2008-12-30,gaussian,0.0034498124867932065
2008-12-31,gaussian,0.044944488652172904
2009-01-01,gaussian,0.0690911415032177
2009-01-02,gaussian,0.08291360279473481
2009-01-05,gaussian,0.1257478215342096
2009-01-06,gaussian,0.1140340574344901
2009-01-07,gaussian,0.0520048718635249
2009-01-08,gaussian,0.013741189517713099
2009-01-09,gaussian,-0.0517401387863069
2009-01-12,gaussian,-0.0799942242489584
2009-01-13,gaussian,-0.1593418587210234
2009-01-14,gaussian,-0.2553694044580677
2009-01-15,gaussian,-0.2845434579329485
2009-01-16,gaussian,-0.2882421159007292
2009-01-19,gaussian,-0.47632166054440794
2009-01-20,gaussian,-0.3579333874169769
2009-01-21,gaussian,-0.3223226941684421
2009-01-22,gaussian,-0.3217151887131833
2009-01-23,gaussian,-0.3105794429096527
2009-01-26,gaussian,-0.2910987160180725
2009-01-27,gaussian,-0.16546978591749412
2009-01-28,gaussian,-0.250030507500931
2009-01-29,gaussian,-0.2624680706071637
2009-01-30,gaussian,-0.2534127313740161
2009-02-02,gaussian,-0.24645896800544156
2009-02-03,gaussian,-0.2387253117713152
2009-02-04,gaussian,-0.23930163340539928
2009-02-05,gaussian,-0.1815871202892031
2009-02-06,gaussian,-0.1975470140941749
2009-02-09,gaussian,-0.2692345972522996
2009-02-10,gaussian,-0.2749364319779576
2009-02-11,gaussian,-0.3301748854851301
2009-02-12,gaussian,-0.378844026115946
2009-02-13,gaussian,-0.3611008247657394
2009-02-16,gaussian,-0.4063994644504689
2009-02-17,gaussian,-0.4122866151830531
2009-02-18,gaussian,-0.3881136195467253
2009-02-19,gaussian,-0.4517397028053834
2009-02-20,gaussian,-0.4287334820643854
2009-02-23,gaussian,-0.3612267524484294
2009-02-24,gaussian,-0.33448161702684764
2009-02-25,gaussian,-0.28599441427018524
2009-02-26,gaussian,-0.4002121601651714
2009-02-27,gaussian,-0.3760295411675734
2009-03-02,gaussian,-0.37696769394234453
2009-03-03,gaussian,-0.36258439969670203
2009-03-04,gaussian,-0.5359385432700641
2009-03-05,gaussian,-0.5629502206186685
2009-03-06,gaussian,-0.5971456872499825
2009-03-09,gaussian,-0.484806949889449
2009-03-10,gaussian,-0.4721400985244624
2009-03-11,gaussian,-0.4558772510265613
2009-03-12,gaussian,-0.41745661776561427
2009-03-13,gaussian,-0.4229024021696663
2009-03-16,gaussian,-0.37160847662532953
2009-03-17,gaussian,-0.29649032729246383
2009-03-18,gaussian,-0.361400760587348
2009-03-19,gaussian,-0.4082448191709175
2009-03-20,gaussian,-0.39449703428013455
2009-03-23,gaussian,-0.436430599032242
2009-03-24,gaussian,-0.41328875471955423
2009-03-25,gaussian,-0.36954527880237426
2009-03-26,gaussian,-0.39191375786361987
2009-03-27,gaussian,-0.3821721503605222
2009-03-30,gaussian,-0.31029074301438697
2009-03-31,gaussian,-0.2727803859875815
2009-04-01,gaussian,-0.20174878240471392
2009-04-02,gaussian,-0.2082422310433171
2009-04-03,gaussian,-0.2193052137745511
2009-04-06,gaussian,-0.2797436583806221
2009-04-07,gaussian,-0.27518018208037137
2009-04-08,gaussian,-0.16353789589097512
2009-04-09,gaussian,-0.15339763071633247
2009-04-10,gaussian,-0.16499636996838937
2009-04-13,gaussian,-0.1948239030641567
2009-04-14,gaussian,-0.1874707026831548
2009-04-15,gaussian,-0.1626948482980549
2009-04-16,gaussian,-0.12844650512187838
2009-04-17,gaussian,-0.1414374948605016
2009-04-20,gaussian,-0.11895094845610299
2009-04-21,gaussian,-0.08894970441972799
2009-04-22,gaussian,-0.07281583681665599
2009-04-23,gaussian,-0.01964248931102169
2009-04-24,gaussian,-0.0009186821923130861
2009-04-27,gaussian,-0.016226754697826987
2009-04-28,gaussian,0.031526979227217415
2009-04-29,gaussian,0.08755155622585972
2009-04-30,gaussian,0.07741031026754991
2009-05-01,gaussian,0.0699616170573383
2009-05-04,gaussian,0.07482060248149822
2009-05-05,gaussian,0.12768546136243453
2009-05-06,gaussian,0.12472655707536089
2009-05-07,gaussian,0.2019434154558485
2009-05-08,gaussian,0.2001820895812476
2009-05-11,gaussian,0.17930676613371593
2009-05-12,gaussian,0.11198171528008333
2009-05-13,gaussian,0.12314250099785731
2009-05-14,gaussian,0.1269787014899149
2009-05-15,gaussian,0.12585361306385612
2009-05-18,gaussian,0.13751833564495441
2009-05-19,gaussian,0.11895130119709162
2009-05-20,gaussian,0.10799090693016032
2009-05-21,gaussian,0.1197781737469665
2009-05-22,gaussian,0.11232321987973293
2009-05-25,gaussian,0.1471429040786489
2009-05-26,gaussian,0.1271583550936059
2009-05-27,gaussian,0.1272935683252136
2009-05-28,gaussian,0.18513744222122772
2009-05-29,gaussian,0.1569005475821707
2009-06-01,gaussian,0.12992230219036363
2009-06-02,gaussian,0.09883446861781903
2009-06-03,gaussian,0.11997941352594022
2009-06-04,gaussian,0.13572950847504892
2009-06-05,gaussian,0.15083411336017433
2009-06-08,gaussian,0.18159285994581323
2009-06-09,gaussian,0.18397424589120742
2009-06-10,gaussian,0.1950660696568544
2009-06-11,gaussian,0.16603388635377841
2009-06-12,gaussian,0.20111798671783304
2009-06-15,gaussian,0.1983564614360678
2009-06-16,gaussian,0.17707191701663852
2009-06-17,gaussian,0.2042162342611311
2009-06-18,gaussian,0.206761331080058
2009-06-19,gaussian,0.1967611544925401
2009-06-22,gaussian,0.2135862128914693
2009-06-23,gaussian,0.23173784500356
2009-06-24,gaussian,0.23415949634804512
2009-06-25,gaussian,0.1888429239308468
2009-06-26,gaussian,0.19013558443180661
2009-06-29,gaussian,0.21123966164285832
2009-06-30,gaussian,0.22080793949692332
2009-07-01,gaussian,0.21977447772079314
2009-07-02,gaussian,0.16058993960859513
2009-07-03,gaussian,0.10793555289343992
2009-07-06,gaussian,0.07354995175492952
2009-07-07,gaussian,0.05216362281787652
2009-07-08,gaussian,0.03737578888183872
2009-07-09,gaussian,-0.026903102394314572
2009-07-10,gaussian,0.0033312584071490247
2009-07-13,gaussian,0.037794980609048325
2009-07-14,gaussian,0.07568696892067872
2009-07-15,gaussian,0.05178311799898823
2009-07-16,gaussian,0.029578317297082126
2009-07-17,gaussian,0.03112010488540123
2009-07-20,gaussian,0.03621054215440182
2009-07-21,gaussian,0.03845396942538332
2009-07-22,gaussian,0.015953725052685726
2009-07-23,gaussian,0.016554334770788725
2009-07-24,gaussian,0.042160793878435125
2009-07-27,gaussian,0.03497752479366502
2009-07-28,gaussian,0.03555418552729972
2009-07-29,gaussian,0.09216836506228573
2009-07-30,gaussian,0.15089892848542963
2009-07-31,gaussian,0.14076352645761914
2009-08-03,gaussian,0.13554566665980453
2009-08-04,gaussian,0.14884383092712872
2009-08-05,gaussian,0.20914560275973132
2009-08-06,gaussian,0.21073441133975304
2009-08-07,gaussian,0.22918554835493754
2009-08-10,gaussian,0.17640074434522673
2009-08-11,gaussian,0.18847397385288392
2009-08-12,gaussian,0.22922775642282764
2009-08-13,gaussian,0.21182807029959813
2009-08-14,gaussian,0.18176731985361305
2009-08-17,gaussian,0.19355373370197784
2009-08-18,gaussian,0.18870723153209384
2009-08-19,gaussian,0.20069556096280144
2009-08-20,gaussian,0.22414932877947044
2009-08-21,gaussian,0.27894858802586486
2009-08-24,gaussian,0.29925095512934624
2009-08-25,gaussian,0.30540980625540975
2009-08-26,gaussian,0.3522451000444574
2009-08-27,gaussian,0.3897885802698978
2009-08-28,gaussian,0.4029530589760774
2009-08-31,gaussian,0.3277697619622525
2009-09-01,gaussian,0.3146852729769576
2009-09-02,gaussian,0.35312623487912853
2009-09-03,gaussian,0.4115362874632298
2009-09-04,gaussian,0.3730145406423685
2009-09-07,gaussian,0.20534842780241383
2009-09-08,gaussian,0.22407927907293293
2009-09-09,gaussian,0.25339251613157354
2009-09-10,gaussian,0.25494075932465443
2009-09-11,gaussian,0.21853821985639243
2009-09-14,gaussian,0.21780873263967981
2009-09-15,gaussian,0.24537816606824592
2009-09-16,gaussian,0.19833766457124333
2009-09-17,gaussian,0.15868185485861983
2009-09-18,gaussian,0.17741978574166953
2009-09-21,gaussian,0.17744692789343122
2009-09-22,gaussian,0.17175166908499692
2009-09-23,gaussian,0.22085611442407332
2009-09-24,gaussian,0.25402545477628896
2009-09-25,gaussian,0.2927552327963178
2009-09-28,gaussian,0.37228688996463194
2009-09-29,gaussian,0.3700497107026711
2009-09-30,gaussian,0.27587242686234975
2009-10-01,gaussian,0.31580769424416183
2009-10-02,gaussian,0.36271108818608033
2009-10-05,gaussian,0.3933641987009181
2009-10-06,gaussian,0.3947378889409999
2009-10-07,gaussian,0.39330601890864925
2009-10-08,gaussian,0.4773408272758966
2009-10-09,gaussian,0.48479779302160164
2009-10-12,gaussian,0.5754429484551822
2009-10-13,gaussian,0.6070785458113261
2009-10-14,gaussian,0.6293425060885309
2009-10-15,gaussian,0.4998893664424572
2009-10-16,gaussian,0.4555577118277294
2009-10-19,gaussian,0.42054870910980113
2009-10-20,gaussian,0.4247468748338763
2009-10-21,gaussian,0.3608571812545829
2009-10-22,gaussian,0.39699120353786943
2009-10-23,gaussian,0.47528389777988433
2009-10-26,gaussian,0.4466541989827367
2009-10-27,gaussian,0.41085741547726856
2009-10-28,gaussian,0.5177484853694357
2009-10-29,gaussian,0.5354509380025377
2009-10-30,gaussian,0.5197893087910138
2009-11-02,gaussian,0.516151855836313
2009-11-03,gaussian,0.5195648139873945
2009-11-04,gaussian,0.5611021180529591
2009-11-05,gaussian,0.6702467381113029
2009-11-06,gaussian,0.7600414698218395
2009-11-09,gaussian,0.7530193053356282
2009-11-10,gaussian,0.7657128031771445
2009-11-11,gaussian,0.683941416445004
2009-11-12,gaussian,0.6712530393399636
2009-11-13,gaussian,0.615795473709813
2009-11-16,gaussian,0.5817743260169433
2009-11-17,gaussian,0.5789662710615981
2009-11-18,gaussian,0.5121043097659108
2009-11-19,gaussian,0.47756045765267136
2009-11-20,gaussian,0.4688402999621373
2009-11-23,gaussian,0.45461645801985473
2009-11-24,gaussian,0.45970368029425474
2009-11-25,gaussian,0.44431990351064005
2009-11-26,gaussian,0.42188211938164655
2009-11-27,gaussian,0.45763656081887777
2009-11-30,gaussian,0.5293399019843364
2009-12-01,gaussian,0.5174327771101958
2009-12-02,gaussian,0.4479495296398948
2009-12-03,gaussian,0.45781557773412046
2009-12-04,gaussian,0.4788580413492134
2009-12-07,gaussian,0.46734697666395847
2009-12-08,gaussian,0.46160737763236204
2009-12-09,gaussian,0.4684213927208011
2009-12-10,gaussian,0.4518411271758411
2009-12-11,gaussian,0.4513677629972195
2009-12-14,gaussian,0.43871784074200565
2009-12-15,gaussian,0.46316971146315333
2009-12-16,gaussian,0.4030187415609935
2009-12-17,gaussian,0.37691955138927585
2009-12-18,gaussian,0.37583223916164804
2009-12-21,gaussian,0.34884636185076595
2009-12-22,gaussian,0.34851981155403666
2009-12-23,gaussian,0.33939152725453936
2009-12-24,gaussian,0.3509717049756004
2009-12-25,gaussian,0.35487526336896563
2009-12-28,gaussian,0.35904768851288066
2009-12-29,gaussian,0.35366793415115017
2009-12-30,gaussian,0.40752386494122994
2009-12-31,gaussian,0.4866539780459875
2010-01-01,gaussian,0.5543408216456835
2010-01-04,gaussian,0.6018438636793058
2010-01-05,gaussian,0.610763349077444
2010-01-06,gaussian,0.7976266782042585
2010-01-07,gaussian,0.6927087779013315
2010-01-08,gaussian,0.7009455475881885
2010-01-11,gaussian,0.6906672548815306
2010-01-12,gaussian,0.6924687428224813
2010-01-13,gaussian,0.6575651636095174
2010-01-14,gaussian,0.5104893647607222
2010-01-15,gaussian,0.5563046554435684
2010-01-18,gaussian,0.5641541037205363
2010-01-19,gaussian,0.5401371666845652
2010-01-20,gaussian,0.5206197610942773
2010-01-21,gaussian,0.48970524338293103
2010-01-22,gaussian,0.48982366887448975
2010-01-25,gaussian,0.42401370064574156
2010-01-26,gaussian,0.419040740377114
2010-01-27,gaussian,0.47194950365254446
2010-01-28,gaussian,0.4825753799317818
2010-01-29,gaussian,0.5116234685220791
2010-02-01,gaussian,0.5546280957255161
2010-02-02,gaussian,0.5373959966642791
2010-02-03,gaussian,0.5706776712768535
2010-02-04,gaussian,0.5513833937006375
2010-02-05,gaussian,0.540996369681157
2010-02-08,gaussian,0.6053003577650202
2010-02-09,gaussian,0.6201608934977816
2010-02-10,gaussian,0.5576420817457564
2010-02-11,gaussian,0.5240043043358174
2010-02-12,gaussian,0.43029717202125944
2010-02-15,gaussian,0.5561435753123114
2010-02-16,gaussian,0.565871457938859
2010-02-17,gaussian,0.5870205403468521
2010-02-18,gaussian,0.5810151619554821
2010-02-19,gaussian,0.7001904125734582
2010-02-22,gaussian,0.7132893999198009
2010-02-23,gaussian,0.7203718711361834
2010-02-24,gaussian,0.5839523270617145
2010-02-25,gaussian,0.5888189785497577
2010-02-26,gaussian,0.5263367212419999
2010-03-01,gaussian,0.5211447944669456
2010-03-02,gaussian,0.5364962896622495
2010-03-03,gaussian,0.5043018360435128
2010-03-04,gaussian,0.45921512808343073
2010-03-05,gaussian,0.46338807874810406
2010-03-08,gaussian,0.490105245645211
2010-03-09,gaussian,0.5039098190057948
2010-03-10,gaussian,0.5437035811378863
2010-03-11,gaussian,0.5318265398634211
2010-03-12,gaussian,0.514453428725527
2010-03-15,gaussian,0.5628282024413953
2010-03-16,gaussian,0.5732898242323607
2010-03-17,gaussian,0.4915535056800148
2010-03-18,gaussian,0.44879476472422014
2010-03-19,gaussian,0.37505885217561014
2010-03-22,gaussian,0.34680286736871646
2010-03-23,gaussian,0.3396701277777002
2010-03-24,gaussian,0.38216016251801027
2010-03-25,gaussian,0.3808800576036969
2010-03-26,gaussian,0.27419451004979745
2010-03-29,gaussian,0.26385907689937693
2010-03-30,gaussian,0.26596000700267475
2010-03-31,gaussian,0.29301485187067033
2010-04-01,gaussian,0.2834476568302477
2010-04-02,gaussian,0.2710677666416245
2010-04-05,gaussian,0.24021039254969506
2010-04-06,gaussian,0.24235474064402004
2010-04-07,gaussian,0.19127938926702065
2010-04-08,gaussian,0.18482434595549704
2010-04-09,gaussian,0.17634910379927085
2010-04-12,gaussian,0.14069040174845335
2010-04-13,gaussian,0.16121784698798494
2010-04-14,gaussian,0.18890375538837492
2010-04-15,gaussian,0.10122304455271933
2010-04-16,gaussian,0.053782924743167836
2010-04-19,gaussian,0.06865251490354303
2010-04-20,gaussian,0.056995688890921735
2010-04-21,gaussian,0.02803688269078243
2010-04-22,gaussian,-0.018777611889504067
2010-04-23,gaussian,-0.0019986549095150656
2010-04-26,gaussian,-0.09289448146058837
2010-04-27,gaussian,-0.10451328146736427
2010-04-28,gaussian,-0.052121282173922374
2010-04-29,gaussian,-0.0011675318194928688
2010-04-30,gaussian,-0.014175015413520068
2010-05-03,gaussian,-0.06985906014463357
2010-05-04,gaussian,-0.08853821578121207
2010-05-05,gaussian,-0.16205544646050188
2010-05-06,gaussian,-0.16753801407801036
2010-05-07,gaussian,-0.15692899827316678
2010-05-10,gaussian,-0.17513945854778576
2010-05-11,gaussian,-0.17004397796617537
2010-05-12,gaussian,-0.1879512996853319
2010-05-13,gaussian,-0.21588504761702576
2010-05-14,gaussian,-0.21362104609323856
2010-05-17,gaussian,-0.24739097457149717
2010-05-18,gaussian,-0.2519970128832838
2010-05-19,gaussian,-0.2507077147162946
2010-05-20,gaussian,-0.193086436021227
2010-05-21,gaussian,-0.2174254351733182
2010-05-24,gaussian,-0.2363070573860025
2010-05-25,gaussian,-0.23492638438980137
2010-05-26,gaussian,-0.20212384693208788
2010-05-27,gaussian,-0.21628444778202577
2010-05-28,gaussian,-0.23985961970530728
2010-05-31,gaussian,-0.24669938412259487
2010-06-01,gaussian,-0.23989701221160006
2010-06-02,gaussian,-0.2277474159602104
2010-06-03,gaussian,-0.24978219975577065
2010-06-04,gaussian,-0.2623261201461417
2010-06-07,gaussian,-0.27967493022731266
2010-06-08,gaussian,-0.2637087810155206
2010-06-09,gaussian,-0.240892660196141
2010-06-10,gaussian,-0.2505873366028233
2010-06-11,gaussian,-0.24607086492351637
2010-06-14,gaussian,-0.22527428144232728
2010-06-15,gaussian,-0.22259251095193988
2010-06-16,gaussian,-0.20170840116324418
2010-06-17,gaussian,-0.19839797109566007
2010-06-18,gaussian,-0.15956304805961258
2010-06-21,gaussian,-0.17691611257910628
2010-06-22,gaussian,-0.18402675419619277
2010-06-23,gaussian,-0.20526187086117517
2010-06-24,gaussian,-0.17108715122755078
2010-06-25,gaussian,-0.18647570079828088
2010-06-28,gaussian,-0.21741192611863508
2010-06-29,gaussian,-0.20765769496782718
2010-06-30,gaussian,-0.23497882988515756
2010-07-01,gaussian,-0.26839243393186907
2010-07-02,gaussian,-0.2706157579058592
2010-07-05,gaussian,-0.24046183361234177
2010-07-06,gaussian,-0.19611081096098607
2010-07-07,gaussian,-0.17632956566074398
2010-07-08,gaussian,-0.17256624024241277
2010-07-09,gaussian,-0.19235670150063686
2010-07-12,gaussian,-0.16211860221618926
2010-07-13,gaussian,-0.16524371671187457
2010-07-14,gaussian,-0.15997312885472634
2010-07-15,gaussian,-0.18745162231553378
2010-07-16,gaussian,-0.2149610714895918
2010-07-19,gaussian,-0.22263524464923487
2010-07-20,gaussian,-0.22285134877414364
2010-07-21,gaussian,-0.19862379028067578
2010-07-22,gaussian,-0.20689803165840195
2010-07-23,gaussian,-0.22863361677240526
2010-07-26,gaussian,-0.21134210911141607
2010-07-27,gaussian,-0.2145577292575946
2010-07-28,gaussian,-0.18782145117801016
2010-07-29,gaussian,-0.20443358943781287
2010-07-30,gaussian,-0.23041722237106707
2010-08-02,gaussian,-0.21995226367128298
2010-08-03,gaussian,-0.2188721505447783
2010-08-04,gaussian,-0.24416660381682476
2010-08-05,gaussian,-0.24380134760609726
2010-08-06,gaussian,-0.26540801456663304
2010-08-09,gaussian,-0.30363859692917655
2010-08-10,gaussian,-0.3418700267713636
2010-08-11,gaussian,-0.36991647886099255
2010-08-12,gaussian,-0.3816993492956586
2010-08-13,gaussian,-0.38845283438954836
2010-08-16,gaussian,-0.394570461932353
2010-08-17,gaussian,-0.3961232269191811
2010-08-18,gaussian,-0.3786601271252056
2010-08-19,gaussian,-0.3770113368260764
2010-08-20,gaussian,-0.388152354603431
2010-08-23,gaussian,-0.4258224431870586
2010-08-24,gaussian,-0.4420557370135043
2010-08-25,gaussian,-0.43727991991380444
2010-08-26,gaussian,-0.44852904206411487
2010-08-27,gaussian,-0.4501968941324004
2010-08-30,gaussian,-0.45482982884322487
2010-08-31,gaussian,-0.41784116890465867
2010-09-01,gaussian,-0.41201761058225744
2010-09-02,gaussian,-0.4183087554826079
2010-09-03,gaussian,-0.4205903264585083
2010-09-06,gaussian,-0.44254405081189147
2010-09-07,gaussian,-0.44174380423538295
2010-09-08,gaussian,-0.4347470828086656
2010-09-09,gaussian,-0.4304659144211351
2010-09-10,gaussian,-0.40507187968507746
2010-09-13,gaussian,-0.3897470162011341
2010-09-14,gaussian,-0.3884440033480486
2010-09-15,gaussian,-0.4123276321436104
2010-09-16,gaussian,-0.42042213807263995
2010-09-17,gaussian,-0.37943372539859127
2010-09-20,gaussian,-0.3594707712729195
2010-09-21,gaussian,-0.3712770617578482
2010-09-22,gaussian,-0.41015757194559876
2010-09-23,gaussian,-0.3931817584725758
2010-09-24,gaussian,-0.3967546508833788
2010-09-27,gaussian,-0.4015168134639874
2010-09-28,gaussian,-0.409119070993972
2010-09-29,gaussian,-0.40058677492679434
2010-09-30,gaussian,-0.4314929460123876
2010-10-01,gaussian,-0.42885218959545246
2010-10-04,gaussian,-0.37677183455612556
2010-10-05,gaussian,-0.3679255093457053
2010-10-06,gaussian,-0.3613826836242294
2010-10-07,gaussian,-0.36810048876285195
2010-10-08,gaussian,-0.37717837502923346
2010-10-11,gaussian,-0.3727533816364179
2010-10-12,gaussian,-0.3643647643180437
2010-10-13,gaussian,-0.36009751495646086
2010-10-14,gaussian,-0.32927551773159547
2010-10-15,gaussian,-0.37950912232177864
2010-10-18,gaussian,-0.3363905007855374
2010-10-19,gaussian,-0.3384919718646024
2010-10-20,gaussian,-0.31168547012245856
2010-10-21,gaussian,-0.3165357951763937
2010-10-22,gaussian,-0.3333428839875397
2010-10-25,gaussian,-0.3387627868437227
2010-10-26,gaussian,-0.34176280348944227
2010-10-27,gaussian,-0.34367126370043777
2010-10-28,gaussian,-0.35723399801220157
2010-10-29,gaussian,-0.34674659128064556
2010-11-01,gaussian,-0.348634710185827
2010-11-02,gaussian,-0.34448377711601114
2010-11-03,gaussian,-0.30404422306774165
2010-11-04,gaussian,-0.30362879521250596
2010-11-05,gaussian,-0.28436020750390284
2010-11-08,gaussian,-0.2756356029423329
2010-11-09,gaussian,-0.2820515181125252
2010-11-10,gaussian,-0.2716544282221799
2010-11-11,gaussian,-0.2831853297623904
2010-11-12,gaussian,-0.2581570114787475
2010-11-15,gaussian,-0.2695556896854768
2010-11-16,gaussian,-0.2711867425104096
2010-11-17,gaussian,-0.27475507556252826
2010-11-18,gaussian,-0.2702427707787769
2010-11-19,gaussian,-0.2724390694406326
2010-11-22,gaussian,-0.3075373065159186
2010-11-23,gaussian,-0.31259680908565657
2010-11-24,gaussian,-0.29281894638683764
2010-11-25,gaussian,-0.3053158924072108
2010-11-26,gaussian,-0.3108960660763884
2010-11-29,gaussian,-0.32907610215557526
2010-11-30,gaussian,-0.2973063462354364
2010-12-01,gaussian,-0.25063687261250506
2010-12-02,gaussian,-0.26967248850663933
2010-12-03,gaussian,-0.24034339983239908
2010-12-06,gaussian,-0.23880869020735848
2010-12-07,gaussian,-0.2254719004638807
2010-12-08,gaussian,-0.19576080700203857
2010-12-09,gaussian,-0.1988109290953495
2010-12-10,gaussian,-0.2062755679585567
2010-12-13,gaussian,-0.20039127596544798
2010-12-14,gaussian,-0.217804119796989
2010-12-15,gaussian,-0.2228019857309933
2010-12-16,gaussian,-0.22926685111127457
2010-12-17,gaussian,-0.2339416015382182
2010-12-20,gaussian,-0.21947817875058218
2010-12-21,gaussian,-0.21776736076929648
2010-12-22,gaussian,-0.23660137362647268
2010-12-23,gaussian,-0.2447506652390758
2010-12-24,gaussian,-0.2560020514784638
2010-12-27,gaussian,-0.2637384876994374
2010-12-28,gaussian,-0.2679958107156392
2010-12-29,gaussian,-0.25965274697465607
2010-12-30,gaussian,-0.258708187562452
2010-12-31,gaussian,-0.26762689303977183
2011-01-03,gaussian,-0.2358267455843684
2011-01-04,gaussian,-0.2324696317885211
2011-01-05,gaussian,-0.2372611089254707
2011-01-06,gaussian,-0.23851329745932628
2011-01-07,gaussian,-0.2074664818782274
2011-01-10,gaussian,-0.1788082044732649
2011-01-11,gaussian,-0.1444924164583299
2011-01-12,gaussian,-0.12001354907473828
2011-01-13,gaussian,-0.09939678243796889
2011-01-14,gaussian,-0.08785123050645868
2011-01-17,gaussian,-0.08476886572338348
2011-01-18,gaussian,-0.09694088064453198
2011-01-19,gaussian,-0.0989798306505106
2011-01-20,gaussian,-0.07600858081605769
2011-01-21,gaussian,-0.02994525616430248
2011-01-24,gaussian,-0.01989729614207148
2011-01-25,gaussian,-0.025500692993140082
2011-01-26,gaussian,-0.024824043773297083
2011-01-27,gaussian,-0.05077575447387739
2011-01-28,gaussian,-0.04599724429456728
2011-01-31,gaussian,-0.010897476479419885
2011-02-01,gaussian,-0.0015938957265686816
2011-02-02,gaussian,-0.03240495508769578
2011-02-03,gaussian,-0.04213126806157082
2011-02-04,gaussian,-0.03729149997054882
2011-02-07,gaussian,-0.038186501512869515
2011-02-08,gaussian,-0.04556093028265981
2011-02-09,gaussian,-0.027081426014857017
2011-02-10,gaussian,-0.03266714147056142
2011-02-11,gaussian,-0.02495690381611682
2011-02-14,gaussian,-0.030070678924027816
2011-02-15,gaussian,-0.01292461509364972
2011-02-16,gaussian,-0.02015637463195652
2011-02-17,gaussian,-0.03396922932653152
2011-02-18,gaussian,-0.03883116132697382
2011-02-21,gaussian,-0.09127403463480552
2011-02-22,gaussian,-0.09330164053262313
2011-02-23,gaussian,-0.08981993613252101
2011-02-24,gaussian,-0.08708680193418702
2011-02-25,gaussian,-0.08746632814221403
2011-02-28,gaussian,-0.10940297911059021
2011-03-01,gaussian,-0.11583607136295251
2011-03-02,gaussian,-0.12866770771582242
2011-03-03,gaussian,-0.1498979141587838
2011-03-04,gaussian,-0.13415143006293434
2011-03-07,gaussian,-0.11914510379115813
2011-03-08,gaussian,-0.12525092523619533
2011-03-09,gaussian,-0.14237561632495732
2011-03-10,gaussian,-0.14379915342202113
2011-03-11,gaussian,-0.15337460415596244
2011-03-14,gaussian,-0.17568038143679643
2011-03-15,gaussian,-0.19992806330114063
2011-03-16,gaussian,-0.17772475373626714
2011-03-17,gaussian,-0.16820294525587554
2011-03-18,gaussian,-0.18437738114684893
2011-03-21,gaussian,-0.18057319286573725
2011-03-22,gaussian,-0.17874249305613615
2011-03-23,gaussian,-0.17777745882485152
2011-03-24,gaussian,-0.18348546738705024
2011-03-25,gaussian,-0.17252389797361453
2011-03-28,gaussian,-0.20489662715853965
2011-03-29,gaussian,-0.20564095530204154
2011-03-30,gaussian,-0.21610598440979092
2011-03-31,gaussian,-0.22371450351395203
2011-04-01,gaussian,-0.22870620974184452
2011-04-04,gaussian,-0.19027717330046204
2011-04-05,gaussian,-0.17535344575097483
2011-04-06,gaussian,-0.18196279829018952
2011-04-07,gaussian,-0.16941377361177232
2011-04-08,gaussian,-0.14799580824032513
2011-04-11,gaussian,-0.16559543084713255
2011-04-12,gaussian,-0.16007547172848044
2011-04-13,gaussian,-0.14157572258565673
2011-04-14,gaussian,-0.13950907109891444
2011-04-15,gaussian,-0.15723812023809733
2011-04-18,gaussian,-0.14578477093927833
2011-04-19,gaussian,-0.1339888749587317
2011-04-20,gaussian,-0.06383352000848933
2011-04-21,gaussian,-0.042149798099192934
2011-04-22,gaussian,0.01504356165113217
2011-04-25,gaussian,0.04272923399472097
2011-04-26,gaussian,0.05315487718909477
2011-04-27,gaussian,0.07458415758239087
2011-04-28,gaussian,0.07359688810070808
2011-04-29,gaussian,0.08242856191239548
2011-05-02,gaussian,0.13276465598358428
2011-05-03,gaussian,0.11949460783744367
2011-05-04,gaussian,0.10802897157955818
2011-05-05,gaussian,0.11341914822408516
2011-05-06,gaussian,0.13191892640046377
2011-05-09,gaussian,0.12028525335882727
2011-05-10,gaussian,0.11097299817282028
2011-05-11,gaussian,0.12499883630742607
2011-05-12,gaussian,0.10720987909071317
2011-05-13,gaussian,0.06180255366348077
2011-05-16,gaussian,0.07299530225938658
2011-05-17,gaussian,0.08116786482122848
2011-05-18,gaussian,0.09195785505247968
2011-05-19,gaussian,0.07395902654147697
2011-05-20,gaussian,0.07230716937295167
2011-05-23,gaussian,0.10700579674978718
2011-05-24,gaussian,0.12487912278298179
2011-05-25,gaussian,0.13015998899026138
2011-05-26,gaussian,0.1305895316053164
2011-05-27,gaussian,0.10517031813546188
2011-05-30,gaussian,0.11269874092884238
2011-05-31,gaussian,0.09148896725901558
2011-06-01,gaussian,0.060751625828409685
2011-06-02,gaussian,0.06945945512849598
2011-06-03,gaussian,0.06005122753254008
2011-06-06,gaussian,0.04317794753412418
2011-06-07,gaussian,0.03898288873540168
2011-06-08,gaussian,0.04818136720069158
2011-06-09,gaussian,0.04134748119222038
2011-06-10,gaussian,0.06739707489732667
2011-06-13,gaussian,0.07555694530303286
2011-06-14,gaussian,0.05588320703174937
2011-06-15,gaussian,0.08404003238415707
2011-06-16,gaussian,0.09341077148266418
2011-06-17,gaussian,0.09909507999015388
2011-06-20,gaussian,0.11462874935130497
2011-06-21,gaussian,0.11216759242800847
2011-06-22,gaussian,0.054668786325240276
2011-06-23,gaussian,-0.014244891304219333
2011-06-24,gaussian,-0.031647720816576734
2011-06-27,gaussian,-0.020081004610654235
2011-06-28,gaussian,0.0012364312185163644
2011-06-29,gaussian,-0.009931827693751331
2011-06-30,gaussian,0.01822891413914287
2011-07-01,gaussian,0.02247474075657797
2011-07-04,gaussian,0.04493592988113567
2011-07-05,gaussian,0.02532060584953567
2011-07-06,gaussian,0.01810114829262877
2011-07-07,gaussian,0.002053241911185371
2011-07-08,gaussian,-0.024207246522756028
2011-07-11,gaussian,-0.035912298477514724
2011-07-12,gaussian,-0.029640569607554026
2011-07-13,gaussian,-0.05491338658290153
2011-07-14,gaussian,-0.06432610432581412
2011-07-15,gaussian,-0.06394878285692793
2011-07-18,gaussian,-0.04043512925225263
2011-07-19,gaussian,-0.003358720771623032
2011-07-20,gaussian,0.05685267373343547
2011-07-21,gaussian,0.05847638535692267
2011-07-22,gaussian,0.06599469397905237
2011-07-25,gaussian,0.07279450988117497
2011-07-26,gaussian,0.05059152109100247
2011-07-27,gaussian,0.07148525333449457
2011-07-28,gaussian,0.10333864857598386
2011-07-29,gaussian,0.12368740201561218
2011-08-01,gaussian,0.09441495373829006
2011-08-02,gaussian,0.08106765461560446
2011-08-03,gaussian,0.024606765489048076
2011-08-04,gaussian,0.004081281222943572
2011-08-05,gaussian,0.024935108787872973
2011-08-08,gaussian,0.08534267225548178
2011-08-09,gaussian,0.023496442422933674
2011-08-10,gaussian,0.08905551422131718
2011-08-11,gaussian,0.14113199384886949
2011-08-12,gaussian,0.1300194295719464
2011-08-15,gaussian,0.10860991756148057
2011-08-16,gaussian,0.10815298454247667
2011-08-17,gaussian,0.041191259431843666
2011-08-18,gaussian,-0.026096918877533425
2011-08-19,gaussian,-0.033842796576134426
2011-08-22,gaussian,-0.03776985282785883
2011-08-23,gaussian,-0.009310161528606826
2011-08-24,gaussian,0.03271149968893997
2011-08-25,gaussian,0.021070117552422177
2011-08-26,gaussian,-0.0023249485741485294
2011-08-29,gaussian,-0.003849459239501029
2011-08-30,gaussian,0.01300444810562787
2011-08-31,gaussian,-0.00753831696337303
2011-09-01,gaussian,-0.060573052015913134
2011-09-02,gaussian,-0.04498560577219274
2011-09-05,gaussian,-0.06704130914222553
2011-09-06,gaussian,-0.028198802773570536
2011-09-07,gaussian,-0.025340468839501137
2011-09-08,gaussian,-0.06515810594588624
2011-09-09,gaussian,-0.05823356183093123
2011-09-12,gaussian,-0.023515746257851328
2011-09-13,gaussian,-0.016721337009904927
2011-09-14,gaussian,0.03606966869432387
2011-09-15,gaussian,0.04343290731590667
2011-09-16,gaussian,0.04732601164490217
2011-09-19,gaussian,0.04389138806589337
2011-09-20,gaussian,0.018679324045142668
2011-09-21,gaussian,-0.05557382139080893
2011-09-22,gaussian,-0.02677579855159723
2011-09-23,gaussian,-0.026434715108426127
2011-09-26,gaussian,0.021738676192004376
2011-09-27,gaussian,0.004208271716699977
2011-09-28,gaussian,0.04076314744483268
2011-09-29,gaussian,-0.006676594661197417
2011-09-30,gaussian,0.0034375550588476786
2011-10-03,gaussian,0.006390334464857979
2011-10-04,gaussian,0.061762058249758375
2011-10-05,gaussian,0.09945546294353619
2011-10-06,gaussian,0.07513133316644698
2011-10-07,gaussian,0.06334755451622327
2011-10-10,gaussian,0.08196662357071609
2011-10-11,gaussian,0.10886017178270269
2011-10-12,gaussian,0.07096566377773268
2011-10-13,gaussian,0.06845202421404838
2011-10-14,gaussian,0.06931391311801198
2011-10-17,gaussian,0.08853139257992017
2011-10-18,gaussian,0.09933226013153768
2011-10-19,gaussian,0.08113991341878897
2011-10-20,gaussian,0.10853431430272517
2011-10-21,gaussian,0.07828653757191488
2011-10-24,gaussian,0.06268590751516628
2011-10-25,gaussian,0.07051130223532358
2011-10-26,gaussian,0.15280219217561658
2011-10-27,gaussian,0.16433545423906015
2011-10-28,gaussian,0.17202587468498096
2011-10-31,gaussian,0.07904424983206987
2011-11-01,gaussian,0.09464647986973178
2011-11-02,gaussian,0.137712553177063
2011-11-03,gaussian,0.12748128312452048
2011-11-04,gaussian,0.10490314318060978
2011-11-07,gaussian,0.1329876510228115
2011-11-08,gaussian,0.08375747500592298
2011-11-09,gaussian,0.11092718098577148
2011-11-10,gaussian,0.15397940540015637
2011-11-11,gaussian,0.1547720230949518
2011-11-14,gaussian,0.16398053996429676
2011-11-15,gaussian,0.1590961301476773
2011-11-16,gaussian,0.1574441930228245
2011-11-17,gaussian,0.12487155489568597
2011-11-18,gaussian,0.09146963564641308
2011-11-21,gaussian,0.04653728827179388
2011-11-22,gaussian,0.017205259630723883
2011-11-23,gaussian,0.02922359636527578
2011-11-24,gaussian,0.023714537762646783
2011-11-25,gaussian,-0.00047042156760531556
2011-11-28,gaussian,0.0005442093504712843
2011-11-29,gaussian,0.05406162600404048
2011-11-30,gaussian,0.04697288188972708
2011-12-01,gaussian,0.10332530351395008
2011-12-02,gaussian,0.11209894139940338
2011-12-05,gaussian,0.12086619597400217
2011-12-06,gaussian,0.12771923142583788
2011-12-07,gaussian,0.06294249267119348
2011-12-08,gaussian,0.09831749499290449
2011-12-09,gaussian,0.10061673373813379
2011-12-12,gaussian,0.07381429245189867
2011-12-13,gaussian,0.04910736453657208
2011-12-14,gaussian,0.04879843957062468
2011-12-15,gaussian,0.05260299766086688
2011-12-16,gaussian,0.05561211851830728
2011-12-19,gaussian,0.08187633066530119
2011-12-20,gaussian,0.08327471650443408
2011-12-21,gaussian,0.09593463305883838
2011-12-22,gaussian,0.09575875770934968
2011-12-23,gaussian,0.10255836899061728
2011-12-26,gaussian,0.12152903905709068
2011-12-27,gaussian,0.10198938067989428
2011-12-28,gaussian,0.10680540770548977
2011-12-29,gaussian,0.07595149445481489
2011-12-30,gaussian,0.06774901140760688
2012-01-02,gaussian,0.08663242182678027
2012-01-03,gaussian,0.06805988002992278
2012-01-04,gaussian,0.02533809758903867
2012-01-05,gaussian,0.008272091069925769
2012-01-06,gaussian,-0.00018667744394272774
2012-01-09,gaussian,0.04450204256424908
2012-01-10,gaussian,0.06388908487750747
2012-01-11,gaussian,0.09727651823613398
2012-01-12,gaussian,0.11003207459732517
2012-01-13,gaussian,0.09725422346147237
2012-01-16,gaussian,0.11185631222688668
2012-01-17,gaussian,0.12918117512862787
2012-01-18,gaussian,0.15727219752836308
2012-01-19,gaussian,0.16582077790635588
2012-01-20,gaussian,0.1730925659010627
2012-01-23,gaussian,0.1695585339295875
2012-01-24,gaussian,0.1690084723981472
2012-01-25,gaussian,0.17430073437784832
2012-01-26,gaussian,0.18144890218630802
2012-01-27,gaussian,0.18469932023566482
2012-01-30,gaussian,0.1931012523162966
2012-01-31,gaussian,0.2247132334707812
2012-02-01,gaussian,0.22999957895497564
2012-02-02,gaussian,0.23534600857348822
2012-02-03,gaussian,0.2293785030999002
2012-02-06,gaussian,0.23342217253142442
2012-02-07,gaussian,0.2524625342232518
2012-02-08,gaussian,0.27256425247333993
2012-02-09,gaussian,0.24399535881682444
2012-02-10,gaussian,0.24697294376475584
2012-02-13,gaussian,0.21391089840181823
2012-02-14,gaussian,0.21926653801556853
2012-02-15,gaussian,0.23666659702576603
2012-02-16,gaussian,0.26057670202241284
2012-02-17,gaussian,0.25008733794058924
2012-02-20,gaussian,0.2583441674344277
2012-02-21,gaussian,0.23726839487966317
2012-02-22,gaussian,0.22470120697557572
2012-02-23,gaussian,0.23793475089346522
2012-02-24,gaussian,0.2525337042016587
2012-02-27,gaussian,0.26476594069401266
2012-02-28,gaussian,0.26256687496605585
2012-02-29,gaussian,0.29844247078775293
2012-03-01,gaussian,0.32722845463581063
2012-03-02,gaussian,0.31698452733315363
2012-03-05,gaussian,0.25810686200172456
2012-03-06,gaussian,0.26744643704113125
2012-03-07,gaussian,0.28643993454387057
2012-03-08,gaussian,0.28717187368981734
2012-03-09,gaussian,0.2818942782096425
2012-03-12,gaussian,0.31836561436726396
2012-03-13,gaussian,0.32155401559043545
2012-03-14,gaussian,0.34034663922969355
2012-03-15,gaussian,0.3575801511669635
2012-03-16,gaussian,0.3730928851875462
2012-03-19,gaussian,0.35648382052102073
2012-03-20,gaussian,0.3472559937996371
2012-03-21,gaussian,0.3316134926247236
2012-03-22,gaussian,0.32516996636706724
2012-03-23,gaussian,0.32153515084807727
2012-03-26,gaussian,0.3180761589218059
2012-03-27,gaussian,0.3132846942251265
2012-03-28,gaussian,0.29519764241895896
2012-03-29,gaussian,0.295005375753353
2012-03-30,gaussian,0.3123279467566255
2012-04-02,gaussian,0.30062676452162473
2012-04-03,gaussian,0.27376058213092214
2012-04-04,gaussian,0.2685273872895495
2012-04-05,gaussian,0.2527768281828327
2012-04-06,gaussian,0.23662043201177335
2012-04-09,gaussian,0.20128282782560142
2012-04-10,gaussian,0.22420027638623952
2012-04-11,gaussian,0.23980686638483623
2012-04-12,gaussian,0.20228499897237684
2012-04-13,gaussian,0.19415985815833162
2012-04-16,gaussian,0.23593541696508713
2012-04-17,gaussian,0.20829135662046533
2012-04-18,gaussian,0.18604482253888754
2012-04-19,gaussian,0.21230967716827254
2012-04-20,gaussian,0.23070548692569923
2012-04-23,gaussian,0.2444207725400754
2012-04-24,gaussian,0.2622626235732841
2012-04-25,gaussian,0.2416228021294264
2012-04-26,gaussian,0.2586269219996915
2012-04-27,gaussian,0.2671984911650529
2012-04-30,gaussian,0.291278859116502
2012-05-01,gaussian,0.27193106171154946
2012-05-02,gaussian,0.25170769370716983
2012-05-03,gaussian,0.23591764706983862
2012-05-04,gaussian,0.23756587117023603
2012-05-07,gaussian,0.23224456005523114
2012-05-08,gaussian,0.21533863280787835
2012-05-09,gaussian,0.2510428385747545
2012-05-10,gaussian,0.21311216145239553
2012-05-11,gaussian,0.2124810463847205
2012-05-14,gaussian,0.18010648332961593
2012-05-15,gaussian,0.17110817750609314
2012-05-16,gaussian,0.13619594920353123
2012-05-17,gaussian,0.14696594161127335
2012-05-18,gaussian,0.15398451500301824
2012-05-21,gaussian,0.16801887060929085
2012-05-22,gaussian,0.13946724393916266
2012-05-23,gaussian,0.15050411898086744
2012-05-24,gaussian,0.14868257411101343
2012-05-25,gaussian,0.14847119679455353
2012-05-28,gaussian,0.16129117503293255
2012-05-29,gaussian,0.14244522601124623
2012-05-30,gaussian,0.12203355644241874
2012-05-31,gaussian,0.12200039868859315
2012-06-01,gaussian,0.13338521368836673
2012-06-04,gaussian,0.13471440480452393
2012-06-05,gaussian,0.17498215883139753
2012-06-06,gaussian,0.16328367794168222
2012-06-07,gaussian,0.16654638995083315
2012-06-08,gaussian,0.19488634965403295
2012-06-11,gaussian,0.22246397758765762
2012-06-12,gaussian,0.22294793724287454
2012-06-13,gaussian,0.21837476105438203
2012-06-14,gaussian,0.22659435593308933
2012-06-15,gaussian,0.20493633228953845
2012-06-18,gaussian,0.20336039619298704
2012-06-19,gaussian,0.22086581654267984
2012-06-20,gaussian,0.2126930870225237
2012-06-21,gaussian,0.23055190934059944
2012-06-22,gaussian,0.23332402363888344
2012-06-25,gaussian,0.24061541072815323
2012-06-26,gaussian,0.2638711634229152
2012-06-27,gaussian,0.2550008180102636
2012-06-28,gaussian,0.28936545649335577
2012-06-29,gaussian,0.28872811348596017
2012-07-02,gaussian,0.3030116320912295
2012-07-03,gaussian,0.2997265094031633
2012-07-04,gaussian,0.25796781165155075
2012-07-05,gaussian,0.18837730055878313
2012-07-06,gaussian,0.127325020238008
2012-07-09,gaussian,0.12641789258192193
2012-07-10,gaussian,0.13209748326136103
2012-07-11,gaussian,0.11237773672143853
2012-07-12,gaussian,0.14543482272474864
2012-07-13,gaussian,0.13753476389764444
2012-07-16,gaussian,0.14176794519157632
2012-07-17,gaussian,0.13895606849641512
2012-07-18,gaussian,0.1773596611965254
2012-07-19,gaussian,0.15615653243640393
2012-07-20,gaussian,0.20075255521358532
2012-07-23,gaussian,0.21169269454952505
2012-07-24,gaussian,0.21951592476360784
2012-07-25,gaussian,0.21154326451162483
2012-07-26,gaussian,0.3020587918646002
2012-07-27,gaussian,0.2568728185339566
2012-07-30,gaussian,0.21503110789026783
2012-07-31,gaussian,0.22062201686481803
2012-08-01,gaussian,0.20577510137922564
2012-08-02,gaussian,0.26367789339979913
2012-08-03,gaussian,0.3301484497449043
2012-08-06,gaussian,0.3591627541194756
2012-08-07,gaussian,0.36261802118403524
2012-08-08,gaussian,0.34950654929739755
2012-08-09,gaussian,0.31429033777759385
2012-08-10,gaussian,0.29541779453887185
2012-08-13,gaussian,0.31017107757588197
2012-08-14,gaussian,0.3081663309110905
2012-08-15,gaussian,0.324052634693689
2012-08-16,gaussian,0.32082426416746496
2012-08-17,gaussian,0.33119844938212767
2012-08-20,gaussian,0.40478189471586706
2012-08-21,gaussian,0.39972755965857937
2012-08-22,gaussian,0.42277743786349464
2012-08-23,gaussian,0.3802637015433156
2012-08-24,gaussian,0.3839898001527315
2012-08-27,gaussian,0.4325055978031722
2012-08-28,gaussian,0.4382644486301336
2012-08-29,gaussian,0.3744652693185968
2012-08-30,gaussian,0.3858125249930047
2012-08-31,gaussian,0.340937485780176
2012-09-03,gaussian,0.33357513969285557
2012-09-04,gaussian,0.33562766992275844
2012-09-05,gaussian,0.3808975323380787
2012-09-06,gaussian,0.44275193697519083
2012-09-07,gaussian,0.4903796228427489
2012-09-10,gaussian,0.46409158921771615
2012-09-11,gaussian,0.4816726063968556
2012-09-12,gaussian,0.43783223469199734
2012-09-13,gaussian,0.4897623072581657
2012-09-14,gaussian,0.4547118624843314
2012-09-17,gaussian,0.48412936596948886
2012-09-18,gaussian,0.4879923809815853
2012-09-19,gaussian,0.4785818019050956
2012-09-20,gaussian,0.4298171336578307
2012-09-21,gaussian,0.3867895528600074
2012-09-24,gaussian,0.41268028068569984
2012-09-25,gaussian,0.38525757877043953
2012-09-26,gaussian,0.3750386185685619
2012-09-27,gaussian,0.3355840173643887
2012-09-28,gaussian,0.37441152444750603
2012-10-01,gaussian,0.3833390323648031
2012-10-02,gaussian,0.3888415785699001
2012-10-03,gaussian,0.3811908137346038
2012-10-04,gaussian,0.38518376715780833
2012-10-05,gaussian,0.4036416116869844
2012-10-08,gaussian,0.3637290101191481
2012-10-09,gaussian,0.3595180441128285
2012-10-10,gaussian,0.3985427675878193
2012-10-11,gaussian,0.3842828214604196
2012-10-12,gaussian,0.3064556359541994
2012-10-15,gaussian,0.3154795302228052
2012-10-16,gaussian,0.341394950763653
2012-10-17,gaussian,0.4410016826226868
2012-10-18,gaussian,0.40425845530289
2012-10-19,gaussian,0.388393861250148
2012-10-22,gaussian,0.3847074265605463
2012-10-23,gaussian,0.38350348428856357
2012-10-24,gaussian,0.3644233861745755
2012-10-25,gaussian,0.4075628528668862
2012-10-26,gaussian,0.41271222164622234
2012-10-29,gaussian,0.38469330332342644
2012-10-30,gaussian,0.3914048719346081
2012-10-31,gaussian,0.4206197364170953
2012-11-01,gaussian,0.4251719006683461
2012-11-02,gaussian,0.4535490459414721
2012-11-05,gaussian,0.46547601223740737
2012-11-06,gaussian,0.4244342373951287
2012-11-07,gaussian,0.4554591037371288
2012-11-08,gaussian,0.47576387979825935
2012-11-09,gaussian,0.4695474741982813
2012-11-12,gaussian,0.4650058500157588
2012-11-13,gaussian,0.44775596516861177
2012-11-14,gaussian,0.4550574312747642
2012-11-15,gaussian,0.39088283316459754
2012-11-16,gaussian,0.39222087166446074
2012-11-19,gaussian,0.3509021456198344
2012-11-20,gaussian,0.35380007576950057
2012-11-21,gaussian,0.3623060521999799
2012-11-22,gaussian,0.3656259051188173
2012-11-23,gaussian,0.4161567424531332
2012-11-26,gaussian,0.3852269083775335
2012-11-27,gaussian,0.3805774315810181
2012-11-28,gaussian,0.42609265411607516
2012-11-29,gaussian,0.45143049055685364
2012-11-30,gaussian,0.4460054789192705
2012-12-03,gaussian,0.4507770078241648
2012-12-04,gaussian,0.4626472859744599
2012-12-05,gaussian,0.43553652316689456
2012-12-06,gaussian,0.43387708049719603
2012-12-07,gaussian,0.41086388523560524
2012-12-10,gaussian,0.4161119798787391
2012-12-11,gaussian,0.4248962031909202
2012-12-12,gaussian,0.4351072648263183
2012-12-13,gaussian,0.45351742500058
2012-12-14,gaussian,0.4432239820472419
2012-12-17,gaussian,0.4606199142765172
2012-12-18,gaussian,0.4706506106776707
2012-12-19,gaussian,0.4432025697944382
2012-12-20,gaussian,0.4475374354537766
2012-12-21,gaussian,0.4822528115580062
2012-12-24,gaussian,0.5110352655726473
2012-12-25,gaussian,0.5108778095298377
2012-12-26,gaussian,0.4585904104289946
2012-12-27,gaussian,0.4337204279616294
2012-12-28,gaussian,0.41546646288957223
2012-12-31,gaussian,0.4080247989051608
2013-01-01,gaussian,0.4388360147317303
2013-01-02,gaussian,0.4351010373500506
2013-01-03,gaussian,0.4244798428385243
2013-01-04,gaussian,0.3681816946119989
2013-01-07,gaussian,0.35219357418245983
2013-01-08,gaussian,0.3689035312579751
2013-01-09,gaussian,0.3863356167610475
2013-01-10,gaussian,0.3995131782473189
2013-01-11,gaussian,0.38673800195566593
2013-01-14,gaussian,0.3862361585406484
2013-01-15,gaussian,0.38058129307953403
2013-01-16,gaussian,0.3715387624781299
2013-01-17,gaussian,0.34451378261256477
2013-01-18,gaussian,0.32680770938325165
2013-01-21,gaussian,0.30176913897154595
2013-01-22,gaussian,0.29596590238717513
2013-01-23,gaussian,0.3013459182330222
2013-01-24,gaussian,0.2851072899491627
2013-01-25,gaussian,0.2874170036341226
2013-01-28,gaussian,0.3214397233935893
2013-01-29,gaussian,0.317357217115948
2013-01-30,gaussian,0.33671318822922336
2013-01-31,gaussian,0.3374249449340105
2013-02-01,gaussian,0.3306967338539667
2013-02-04,gaussian,0.3243451310161428
2013-02-05,gaussian,0.323137742239607
2013-02-06,gaussian,0.3132004791055719
2013-02-07,gaussian,0.3449028289140746
2013-02-08,gaussian,0.347712074475375
2013-02-11,gaussian,0.3586056631056919
2013-02-12,gaussian,0.3524909404329244
2013-02-13,gaussian,0.3438826334677461
2013-02-14,gaussian,0.3351601429670049
2013-02-15,gaussian,0.3183069530402044
2013-02-18,gaussian,0.3236258513630325
2013-02-19,gaussian,0.3151401758701548
2013-02-20,gaussian,0.3279026502586553
2013-02-21,gaussian,0.3278583236636813
2013-02-22,gaussian,0.30727463253925097
2013-02-25,gaussian,0.2963409874354136
2013-02-26,gaussian,0.30802572536218503
2013-02-27,gaussian,0.2821822354620918
2013-02-28,gaussian,0.2722626341317228
2013-03-01,gaussian,0.2622965389525384
2013-03-04,gaussian,0.26572581366195
2013-03-05,gaussian,0.2698945462606066
2013-03-06,gaussian,0.2719355371962351
2013-03-07,gaussian,0.306946440637345
2013-03-08,gaussian,0.3240868822814872
2013-03-11,gaussian,0.3098952049745883
2013-03-12,gaussian,0.30190985283514654
2013-03-13,gaussian,0.3128786954872652
2013-03-14,gaussian,0.3236778232803471
2013-03-15,gaussian,0.3533141333926723
2013-03-18,gaussian,0.3275559619696108
2013-03-19,gaussian,0.3381184283183052
2013-03-20,gaussian,0.352227014837048
2013-03-21,gaussian,0.37757668823165735
2013-03-22,gaussian,0.38772783427341406
2013-03-25,gaussian,0.3856084118606264
2013-03-26,gaussian,0.3809829557626013
2013-03-27,gaussian,0.40950420598391357
2013-03-28,gaussian,0.3865552181183408
2013-03-29,gaussian,0.3673125578415266
2013-04-01,gaussian,0.41451546170464165
2013-04-02,gaussian,0.39192284928297594
2013-04-03,gaussian,0.34969520884271116
2013-04-04,gaussian,0.37529574470155747
2013-04-05,gaussian,0.39512448162868335
2013-04-08,gaussian,0.39047550537155795
2013-04-09,gaussian,0.41849171858660983
2013-04-10,gaussian,0.4064162228773337
2013-04-11,gaussian,0.37822886814848056
2013-04-12,gaussian,0.3839689175114518
2013-04-15,gaussian,0.3787861964971404
2013-04-16,gaussian,0.3656967376928734
2013-04-17,gaussian,0.33802498461900254
2013-04-18,gaussian,0.37201802634445497
2013-04-19,gaussian,0.39282786065747244
2013-04-22,gaussian,0.42437987002647887
2013-04-23,gaussian,0.4272576061152127
2013-04-24,gaussian,0.44987592846517394
2013-04-25,gaussian,0.46377119550224355
2013-04-26,gaussian,0.43668769057352147
2013-04-29,gaussian,0.461409547139247
2013-04-30,gaussian,0.46247109992606394
2013-05-01,gaussian,0.48420343724940973
2013-05-02,gaussian,0.49673559259589195
2013-05-03,gaussian,0.515662442399665
2013-05-06,gaussian,0.5412381264051549
2013-05-07,gaussian,0.5448111069879372
2013-05-08,gaussian,0.5193618286313859
2013-05-09,gaussian,0.5463919257393965
2013-05-10,gaussian,0.5393496227744586
2013-05-13,gaussian,0.5518407878243973
2013-05-14,gaussian,0.5613346580192614
2013-05-15,gaussian,0.5577551179022234
2013-05-16,gaussian,0.5948082384530071
2013-05-17,gaussian,0.594271646919557
2013-05-20,gaussian,0.6122685526607216
2013-05-21,gaussian,0.6136688515687942
2013-05-22,gaussian,0.5610752549988961
2013-05-23,gaussian,0.5167633402610905
2013-05-24,gaussian,0.5084497675247358
2013-05-27,gaussian,0.5231796855568001
2013-05-28,gaussian,0.5133799090176057
2013-05-29,gaussian,0.5264651171614899
2013-05-30,gaussian,0.5241964684662652
2013-05-31,gaussian,0.5111961757595225
2013-06-03,gaussian,0.5005466782875105
2013-06-04,gaussian,0.47918240457950634
2013-06-05,gaussian,0.4493102664851306
2013-06-06,gaussian,0.45434839909320335
2013-06-07,gaussian,0.46696177221597446
2013-06-10,gaussian,0.45352719580243983
2013-06-11,gaussian,0.44206540814872813
2013-06-12,gaussian,0.4589884912650937
2013-06-13,gaussian,0.43235487668773787
2013-06-14,gaussian,0.44790635116555017
2013-06-17,gaussian,0.4151212583218088
2013-06-18,gaussian,0.411402528521565
2013-06-19,gaussian,0.37518952747926476
2013-06-20,gaussian,0.35585142727612895
2013-06-21,gaussian,0.37863538017521176
2013-06-24,gaussian,0.42937762187820205
2013-06-25,gaussian,0.43876001794816205
2013-06-26,gaussian,0.43904390480363664
2013-06-27,gaussian,0.42138580039296203
2013-06-28,gaussian,0.4387869769899184
2013-07-01,gaussian,0.4233096452823096
2013-07-02,gaussian,0.4106527287587138
2013-07-03,gaussian,0.44469583502770954
2013-07-04,gaussian,0.45294052923029415
2013-07-05,gaussian,0.4494334041161085
2013-07-08,gaussian,0.4992437211751157
2013-07-09,gaussian,0.48759977468315624
2013-07-10,gaussian,0.5215071456164608
2013-07-11,gaussian,0.521325274661389
2013-07-12,gaussian,0.4803260701319289
2013-07-15,gaussian,0.44407720837036935
2013-07-16,gaussian,0.4518433496221622
2013-07-17,gaussian,0.48084688858894964
2013-07-18,gaussian,0.47457453576582187
2013-07-19,gaussian,0.5033492341416713
2013-07-22,gaussian,0.4518122182510597
2013-07-23,gaussian,0.455337309276977
2013-07-24,gaussian,0.44991857026026044
2013-07-25,gaussian,0.44381751043826356
2013-07-26,gaussian,0.43957775004840993
2013-07-29,gaussian,0.4428532058297996
2013-07-30,gaussian,0.4440473620599287
2013-07-31,gaussian,0.4741999192076203
2013-08-01,gaussian,0.47512424887739657
2013-08-02,gaussian,0.46217654618105436
2013-08-05,gaussian,0.44353263198958287
2013-08-06,gaussian,0.4389078148789491
2013-08-07,gaussian,0.4250757326812761
2013-08-08,gaussian,0.43336660638672414
2013-08-09,gaussian,0.442704116742832
2013-08-12,gaussian,0.44779162166378617
2013-08-13,gaussian,0.44826479724592233
2013-08-14,gaussian,0.4404907243895326
2013-08-15,gaussian,0.4435749575835489
2013-08-16,gaussian,0.454306817608901
2013-08-19,gaussian,0.43097682536071963
2013-08-20,gaussian,0.42425704108093193
2013-08-21,gaussian,0.44424566461930476
2013-08-22,gaussian,0.44583051472222146
2013-08-23,gaussian,0.4032658496153593
2013-08-26,gaussian,0.33760752475691413
2013-08-27,gaussian,0.3446756818302765
2013-08-28,gaussian,0.3330823971531463
2013-08-29,gaussian,0.3040916338467042
2013-08-30,gaussian,0.30227825366567934
2013-09-02,gaussian,0.27531833343726797
2013-09-03,gaussian,0.2759997219440288
2013-09-04,gaussian,0.2989127271342917
2013-09-05,gaussian,0.29492111940816457
2013-09-06,gaussian,0.3063537053592468
2013-09-09,gaussian,0.32154565487691406
2013-09-10,gaussian,0.321899690983785
2013-09-11,gaussian,0.3190407302608203
2013-09-12,gaussian,0.34560762065096273
2013-09-13,gaussian,0.338644878701201
2013-09-16,gaussian,0.34964131061613557
2013-09-17,gaussian,0.3583294376059917
2013-09-18,gaussian,0.36722736650757076
2013-09-19,gaussian,0.35451848077678455
2013-09-20,gaussian,0.34382100262042015
2013-09-23,gaussian,0.32709584987517654
2013-09-24,gaussian,0.3258280477607963
2013-09-25,gaussian,0.3311179832609542
2013-09-26,gaussian,0.3290934706362254
2013-09-27,gaussian,0.3080620043180926
2013-09-30,gaussian,0.32229296150958503
2013-10-01,gaussian,0.32257904361422335
2013-10-02,gaussian,0.30658230680993004
2013-10-03,gaussian,0.29088340753981995
2013-10-04,gaussian,0.29070197979950774
2013-10-07,gaussian,0.3028833096262323
2013-10-08,gaussian,0.31179199243360234
2013-10-09,gaussian,0.3520283294185557
2013-10-10,gaussian,0.36031936636706346
2013-10-11,gaussian,0.35870977672923915
2013-10-14,gaussian,0.36690692808787134
2013-10-15,gaussian,0.3838506245899149
2013-10-16,gaussian,0.37723660865237835
2013-10-17,gaussian,0.38380540330303203
2013-10-18,gaussian,0.3636185670031693
2013-10-21,gaussian,0.36464921958534324
2013-10-22,gaussian,0.3487005596917323
2013-10-23,gaussian,0.34274982192106224
2013-10-24,gaussian,0.3818434775475404
2013-10-25,gaussian,0.39033470375314605
2013-10-28,gaussian,0.4028554853951882
2013-10-29,gaussian,0.39793453091146824
2013-10-30,gaussian,0.39311538698382864
2013-10-31,gaussian,0.41044506225398486
2013-11-01,gaussian,0.4055056376197961
2013-11-04,gaussian,0.4065067942868219
2013-11-05,gaussian,0.41164786320429225
2013-11-06,gaussian,0.40742663360292025
2013-11-07,gaussian,0.41939268352635156
2013-11-08,gaussian,0.41396407226328524
2013-11-11,gaussian,0.39825328053996867
2013-11-12,gaussian,0.39426011316558507
2013-11-13,gaussian,0.39655472697797606
2013-11-14,gaussian,0.40354339046381954
2013-11-15,gaussian,0.38406041542946234
2013-11-18,gaussian,0.380475208797462
2013-11-19,gaussian,0.3790658255197419
2013-11-20,gaussian,0.38157221810852676
2013-11-21,gaussian,0.3730925778573784
2013-11-22,gaussian,0.37119308116479505
2013-11-25,gaussian,0.36682073016619937
2013-11-26,gaussian,0.37329654668571577
2013-11-27,gaussian,0.36662981615794515
2013-11-28,gaussian,0.3561644894492801
2013-11-29,gaussian,0.3522518833172353
2013-12-02,gaussian,0.3397279922846823
2013-12-03,gaussian,0.3394224342815154
2013-12-04,gaussian,0.3049376594459162
2013-12-05,gaussian,0.3066834505522089
2013-12-06,gaussian,0.2996042746481262
2013-12-09,gaussian,0.31490197438738926
2013-12-10,gaussian,0.30728146581552634
2013-12-11,gaussian,0.30248830465201537
2013-12-12,gaussian,0.29919379086159215
2013-12-13,gaussian,0.3010533191810276
2013-12-16,gaussian,0.30032259301279635
2013-12-17,gaussian,0.31581594490588827
2013-12-18,gaussian,0.32515467628816347
2013-12-19,gaussian,0.29604964013550855
2013-12-20,gaussian,0.29627370371959283
2013-12-23,gaussian,0.2907838360129778
2013-12-24,gaussian,0.2907053709714502
2013-12-25,gaussian,0.28992566913855555
2013-12-26,gaussian,0.28107294495093543
2013-12-27,gaussian,0.26717332176666564
2013-12-30,gaussian,0.25909780532030974
2013-12-31,gaussian,0.25842883522221266
2014-01-01,gaussian,0.25068054407971463
2014-01-02,gaussian,0.2541568226802744
2014-01-03,gaussian,0.25330066544036856
2014-01-06,gaussian,0.26394145777057665
2014-01-07,gaussian,0.27186478325146446
2014-01-08,gaussian,0.2711317194649522
2014-01-09,gaussian,0.2809071171863932
2014-01-10,gaussian,0.26994479140829314
2014-01-13,gaussian,0.26876588188101974
2014-01-14,gaussian,0.2899782742146029
2014-01-15,gaussian,0.27709388142304014
2014-01-16,gaussian,0.28087056732002075
2014-01-17,gaussian,0.27803893401076524
2014-01-20,gaussian,0.27303428302766664
2014-01-21,gaussian,0.2696561152747696
2014-01-22,gaussian,0.24925626732255676
2014-01-23,gaussian,0.22999776827410734
2014-01-24,gaussian,0.24244678656630003
2014-01-27,gaussian,0.24606855049186482
2014-01-28,gaussian,0.23965567930658643
2014-01-29,gaussian,0.22718285082637615
2014-01-30,gaussian,0.21803449525734345
2014-01-31,gaussian,0.22296684241824782
2014-02-03,gaussian,0.24675035272466556
2014-02-04,gaussian,0.253710953478445
2014-02-05,gaussian,0.25885693594644366
2014-02-06,gaussian,0.27273451222525696
2014-02-07,gaussian,0.30722696458449616
2014-02-10,gaussian,0.3117111561640956
2014-02-11,gaussian,0.3191647451533338
2014-02-12,gaussian,0.32366976625219623
2014-02-13,gaussian,0.31335317324252365
2014-02-14,gaussian,0.30628898745286914
2014-02-17,gaussian,0.31398087860519697
2014-02-18,gaussian,0.30193061641715213
2014-02-19,gaussian,0.2841343379968467
2014-02-20,gaussian,0.2820440041012781
2014-02-21,gaussian,0.28369315169680465
2014-02-24,gaussian,0.25420785530495915
2014-02-25,gaussian,0.25425725690116785
2014-02-26,gaussian,0.2565236678784173
2014-02-27,gaussian,0.26567422205244634
2014-02-28,gaussian,0.25727217266080316
2014-03-03,gaussian,0.2723436837137195
2014-03-04,gaussian,0.2747461686852606
2014-03-05,gaussian,0.3037992134054168
2014-03-06,gaussian,0.2944684142180733
2014-03-07,gaussian,0.30161315845436487
2014-03-10,gaussian,0.29525012290404146
2014-03-11,gaussian,0.2897915145013679
2014-03-12,gaussian,0.2878145079149339
2014-03-13,gaussian,0.27803648783230644
2014-03-14,gaussian,0.28184827552444813
2014-03-17,gaussian,0.28861486593571656
2014-03-18,gaussian,0.28820796849109387
2014-03-19,gaussian,0.27117843689455107
2014-03-20,gaussian,0.29123725880637213
2014-03-21,gaussian,0.28758112933995383
2014-03-24,gaussian,0.29353152337559424
2014-03-25,gaussian,0.29245915295418307
2014-03-26,gaussian,0.2765123528918097
2014-03-27,gaussian,0.2569190388635312
2014-03-28,gaussian,0.2544951106256908
2014-03-31,gaussian,0.2790945925329158
2014-04-01,gaussian,0.2840880203794131
2014-04-02,gaussian,0.28725820538583546
2014-04-03,gaussian,0.2954938820575035
2014-04-04,gaussian,0.31549355140043717
2014-04-07,gaussian,0.29162110699644317
2014-04-08,gaussian,0.293176678430243
2014-04-09,gaussian,0.25550170540824135
2014-04-10,gaussian,0.2399526104981318
2014-04-11,gaussian,0.23385205586318328
2014-04-14,gaussian,0.22463595607031547
2014-04-15,gaussian,0.2400815426290301
2014-04-16,gaussian,0.24049835556853918
2014-04-17,gaussian,0.2387134176477179
2014-04-18,gaussian,0.23295995155262958
2014-04-21,gaussian,0.23373591251118236
2014-04-22,gaussian,0.23640746966263476
2014-04-23,gaussian,0.22657297306731397
2014-04-24,gaussian,0.20945414086355799
2014-04-25,gaussian,0.20947946382336308
2014-04-28,gaussian,0.22362330948317466
2014-04-29,gaussian,0.22390437325015916
2014-04-30,gaussian,0.22284131832748397
2014-05-01,gaussian,0.21373814926687895
2014-05-02,gaussian,0.21844223877109556
2014-05-05,gaussian,0.18749826930719177
2014-05-06,gaussian,0.19072962556787587
2014-05-07,gaussian,0.20875666968214995
2014-05-08,gaussian,0.20116928848172555
2014-05-09,gaussian,0.23330872368615146
2014-05-12,gaussian,0.24053009738664966
2014-05-13,gaussian,0.23082206002829236
2014-05-14,gaussian,0.19409268873277846
2014-05-15,gaussian,0.20479692352863546
2014-05-16,gaussian,0.18869674242923046
2014-05-19,gaussian,0.19519704762014795
2014-05-20,gaussian,0.20231986848493455
2014-05-21,gaussian,0.18930695233270026
2014-05-22,gaussian,0.21751130176695405
2014-05-23,gaussian,0.22392374862067227
2014-05-26,gaussian,0.21037419311307798
2014-05-27,gaussian,0.21381559233399447
2014-05-28,gaussian,0.22792734441850157
2014-05-29,gaussian,0.23868076212166905
2014-05-30,gaussian,0.23073030242238585
2014-06-02,gaussian,0.23170904247755875
2014-06-03,gaussian,0.23411615036288444
2014-06-04,gaussian,0.23123424278179058
2014-06-05,gaussian,0.25028259359298866
2014-06-06,gaussian,0.28484041391911064
2014-06-09,gaussian,0.30498042125523556
2014-06-10,gaussian,0.29755512269187206
2014-06-11,gaussian,0.27426017059140934
2014-06-12,gaussian,0.26419432860502096
2014-06-13,gaussian,0.2621137446556406
2014-06-16,gaussian,0.27955018267577186
2014-06-17,gaussian,0.28042339730303956
2014-06-18,gaussian,0.2903550209710702
2014-06-19,gaussian,0.30165640160331747
2014-06-20,gaussian,0.26975814864108744
2014-06-23,gaussian,0.2566654106803123
2014-06-24,gaussian,0.2557704340683844
2014-06-25,gaussian,0.22909629264643516
2014-06-26,gaussian,0.2408319783889501
2014-06-27,gaussian,0.2180627173726384
2014-06-30,gaussian,0.22436871021946722
2014-07-01,gaussian,0.22688915829607662
2014-07-02,gaussian,0.2426050761102525
2014-07-03,gaussian,0.2293927201286745
2014-07-04,gaussian,0.20638770600446932
2014-07-07,gaussian,0.18909859830046388
2014-07-08,gaussian,0.1931320797071115
2014-07-09,gaussian,0.176511754126291
2014-07-10,gaussian,0.1711661016107606
2014-07-11,gaussian,0.1778700546237168
2014-07-14,gaussian,0.1834488456964064
2014-07-15,gaussian,0.19684602434592352
2014-07-16,gaussian,0.1851988757723792
2014-07-17,gaussian,0.1891887149703847
2014-07-18,gaussian,0.1551240103456923
2014-07-21,gaussian,0.16548564951903488
2014-07-22,gaussian,0.168258431921656
2014-07-23,gaussian,0.18233378080133172
2014-07-24,gaussian,0.1878322182430465
2014-07-25,gaussian,0.1798125773064347
2014-07-28,gaussian,0.1740758873229351
2014-07-29,gaussian,0.17689386055771522
2014-07-30,gaussian,0.1552186769156545
2014-07-31,gaussian,0.14102197518296372
2014-08-01,gaussian,0.15190417798022662
2014-08-04,gaussian,0.13357040561934122
2014-08-05,gaussian,0.1261670559456848
2014-08-06,gaussian,0.12347914455802032
2014-08-07,gaussian,0.1350372085871206
2014-08-08,gaussian,0.12264995004447012
2014-08-11,gaussian,0.1197289197132033
2014-08-12,gaussian,0.1282071220296004
2014-08-13,gaussian,0.15965769663387971
2014-08-14,gaussian,0.1480161709239214
2014-08-15,gaussian,0.14825314117645239
2014-08-18,gaussian,0.1641974751506358
2014-08-19,gaussian,0.1619553358437505
2014-08-20,gaussian,0.164018767738691
2014-08-21,gaussian,0.1636609771617308
2014-08-22,gaussian,0.1503815932739664
2014-08-25,gaussian,0.15674519918940302
2014-08-26,gaussian,0.1551338899796922
2014-08-27,gaussian,0.1267934796383667
2014-08-28,gaussian,0.1289650107347163
2014-08-29,gaussian,0.1323588444881428
2014-09-01,gaussian,0.1363229024997181
2014-09-02,gaussian,0.142513740155966
2014-09-03,gaussian,0.15041831305315842
2014-09-04,gaussian,0.1346558545788736
2014-09-05,gaussian,0.1223440739694013
2014-09-08,gaussian,0.1196448885385329
2014-09-09,gaussian,0.1296860912407465
2014-09-10,gaussian,0.1345764055833398
2014-09-11,gaussian,0.1401763378341721
2014-09-12,gaussian,0.1432536699480985
2014-09-15,gaussian,0.14659218946326158
2014-09-16,gaussian,0.1547755265536939
2014-09-17,gaussian,0.1566809780215071
2014-09-18,gaussian,0.1616237686361417
2014-09-19,gaussian,0.1634792642785779
2014-09-22,gaussian,0.1436989882678917
2014-09-23,gaussian,0.150649467133921
2014-09-24,gaussian,0.14726095835025302
2014-09-25,gaussian,0.1465693447310644
2014-09-26,gaussian,0.12188176531318799
2014-09-29,gaussian,0.1228182369983717
2014-09-30,gaussian,0.11260595609748561
2014-10-01,gaussian,0.09744587801292949
2014-10-02,gaussian,0.0958756086363963
2014-10-03,gaussian,0.0925158210520819
2014-10-06,gaussian,0.0695403595357819
2014-10-07,gaussian,0.07312312622243
2014-10-08,gaussian,0.060672497594773396
2014-10-09,gaussian,0.0638683212408883
2014-10-10,gaussian,0.058694974922622704
2014-10-13,gaussian,0.062262011763035
2014-10-14,gaussian,0.026840477407353805
2014-10-15,gaussian,0.02039048815255441
2014-10-16,gaussian,0.04875696332551231
2014-10-17,gaussian,0.05029000029482561
2014-10-20,gaussian,0.0674828837862346
2014-10-21,gaussian,0.06610154637712559
2014-10-22,gaussian,0.0852147681099875
2014-10-23,gaussian,0.0847134764975363
2014-10-24,gaussian,0.09131385435085261
2014-10-27,gaussian,0.08357673979346439
2014-10-28,gaussian,0.08583544860974449
2014-10-29,gaussian,0.0814518908890498
2014-10-30,gaussian,0.1127673822799326
2014-10-31,gaussian,0.1043167822401446
2014-11-03,gaussian,0.0960979557830663
2014-11-04,gaussian,0.11398059388591811
2014-11-05,gaussian,0.1140921369645868
2014-11-06,gaussian,0.09749376028072851
2014-11-07,gaussian,0.09066860371300889
2014-11-10,gaussian,0.0848920874179278
2014-11-11,gaussian,0.0748963133764132
2014-11-12,gaussian,0.0792833819132908
2014-11-13,gaussian,0.0752968882775498
2014-11-14,gaussian,0.0735342857158279
2014-11-17,gaussian,0.07745641940322441
2014-11-18,gaussian,0.0792920526632741
2014-11-19,gaussian,0.08350428601036121
2014-11-20,gaussian,0.1081186906565536
2014-11-21,gaussian,0.1217456584986174
2014-11-24,gaussian,0.120552660138051
2014-11-25,gaussian,0.1213907623277205
2014-11-26,gaussian,0.1243337375380266
2014-11-27,gaussian,0.132048851898026
2014-11-28,gaussian,0.1372975804871572
2014-12-01,gaussian,0.15605443530598634
2014-12-02,gaussian,0.15685005222803142
2014-12-03,gaussian,0.15347163802434394
2014-12-04,gaussian,0.17407998254912793
2014-12-05,gaussian,0.16503075564114156
2014-12-08,gaussian,0.13991655886144982
2014-12-09,gaussian,0.13521651344252272
2014-12-10,gaussian,0.13514330346061565
2014-12-11,gaussian,0.11261400444249936
2014-12-12,gaussian,0.11152966557408914
2014-12-15,gaussian,0.11083725108007964
2014-12-16,gaussian,0.12525967127713145
2014-12-17,gaussian,0.13634170963955183
2014-12-18,gaussian,0.14338060949112644
2014-12-19,gaussian,0.15185700500997254
2014-12-22,gaussian,0.16303329100423974
2014-12-23,gaussian,0.16304438789105052
2014-12-24,gaussian,0.14928041889908572
2014-12-25,gaussian,0.1419311979022673
2014-12-26,gaussian,0.14521033865159472
2014-12-29,gaussian,0.13138321898993463
2014-12-30,gaussian,0.13483879988059383
2014-12-31,gaussian,0.1312326954852211
2015-01-01,gaussian,0.11565689670019742
2015-01-02,gaussian,0.1251150692866266
2015-01-05,gaussian,0.10833535797818072
2015-01-06,gaussian,0.10901895326541912
2015-01-07,gaussian,0.12818312950871222
2015-01-08,gaussian,0.1075177564199745
2015-01-09,gaussian,0.11679219446572682
2015-01-12,gaussian,0.1414717553016383
2015-01-13,gaussian,0.12100415329567792
2015-01-14,gaussian,0.10070665535153521
2015-01-15,gaussian,0.12150702163578031
2015-01-16,gaussian,0.11595853901282141
2015-01-19,gaussian,0.1336617745625512
2015-01-20,gaussian,0.1409690985959123
2015-01-21,gaussian,0.14985849089185002
2015-01-22,gaussian,0.13366400091846842
2015-01-23,gaussian,0.11866081814392823
2015-01-26,gaussian,0.10805946515291023
2015-01-27,gaussian,0.09224679339479992
2015-01-28,gaussian,0.08470555443719552
2015-01-29,gaussian,0.06594398589679801
2015-01-30,gaussian,0.06980997094622512
2015-02-02,gaussian,0.09331416357540281
2015-02-03,gaussian,0.10006131706480352
2015-02-04,gaussian,0.09799475031310281
2015-02-05,gaussian,0.12810984206949402
2015-02-06,gaussian,0.12598766198661981
2015-02-09,gaussian,0.1320141404364361
2015-02-10,gaussian,0.12644373092230482
2015-02-11,gaussian,0.14518952158253443
2015-02-12,gaussian,0.16472930179082296
2015-02-13,gaussian,0.16817436682864156
2015-02-16,gaussian,0.16885600545021454
2015-02-17,gaussian,0.18380702119486134
2015-02-18,gaussian,0.16328521712209376
2015-02-19,gaussian,0.16576817133718993
2015-02-20,gaussian,0.15714560558704904
2015-02-23,gaussian,0.16625655218585766
2015-02-24,gaussian,0.15970477863154184
2015-02-25,gaussian,0.18178837734483566
2015-02-26,gaussian,0.17596616115436534
2015-02-27,gaussian,0.18401725327975724
2015-03-02,gaussian,0.18560120909478545
2015-03-03,gaussian,0.19166137524076035
2015-03-04,gaussian,0.18845327253773864
2015-03-05,gaussian,0.18568012803191214
2015-03-06,gaussian,0.18260297998342556
2015-03-09,gaussian,0.16885279450948565
2015-03-10,gaussian,0.17502007394039296
2015-03-11,gaussian,0.17602338976910142
2015-03-12,gaussian,0.18083637150831225
2015-03-13,gaussian,0.18843734134456666
2015-03-16,gaussian,0.18268348970436693
2015-03-17,gaussian,0.18446419462975683
2015-03-18,gaussian,0.18020610224592665
2015-03-19,gaussian,0.18295476883292455
2015-03-20,gaussian,0.17727544015655536
2015-03-23,gaussian,0.18306717391713273
2015-03-24,gaussian,0.17101936386057423
2015-03-25,gaussian,0.18045394408458615
2015-03-26,gaussian,0.17177769689870726
2015-03-27,gaussian,0.18551814462719177
2015-03-30,gaussian,0.18417977554285686
2015-03-31,gaussian,0.19036425159416426
2015-04-01,gaussian,0.21294181765384962
2015-04-02,gaussian,0.19943086933251045
2015-04-03,gaussian,0.19434955091644024
2015-04-06,gaussian,0.19910039357257545
2015-04-07,gaussian,0.19389557110269504
2015-04-08,gaussian,0.19321991419885987
2015-04-09,gaussian,0.18167248056705565
2015-04-10,gaussian,0.17637107441897115
2015-04-13,gaussian,0.18228882916276853
2015-04-14,gaussian,0.19467197052296045
2015-04-15,gaussian,0.18358217396812604
2015-04-16,gaussian,0.16874803757226323
2015-04-17,gaussian,0.16333653111357635
2015-04-20,gaussian,0.15947509291717057
2015-04-21,gaussian,0.17197914557462526
2015-04-22,gaussian,0.19072997446402465
2015-04-23,gaussian,0.19795641167454495
2015-04-24,gaussian,0.18163935784421545
2015-04-27,gaussian,0.18602368061286395
2015-04-28,gaussian,0.17833186964957526
2015-04-29,gaussian,0.18024792478072427
2015-04-30,gaussian,0.19282134581209404
2015-05-01,gaussian,0.21401924398968913
2015-05-04,gaussian,0.19474089642814485
2015-05-05,gaussian,0.20209327844358685
2015-05-06,gaussian,0.20165656088350825
2015-05-07,gaussian,0.22378882235396644
2015-05-08,gaussian,0.21791420527033475
2015-05-11,gaussian,0.20414445688222596
2015-05-12,gaussian,0.20987140375587793
2015-05-13,gaussian,0.20830714196250855
2015-05-14,gaussian,0.20381784780088152
2015-05-15,gaussian,0.20489717384343334
2015-05-18,gaussian,0.20909582730119994
2015-05-19,gaussian,0.20772615565973424
2015-05-20,gaussian,0.20669653119015305
2015-05-21,gaussian,0.20647805961076104
2015-05-22,gaussian,0.20150869268254346
2015-05-25,gaussian,0.17407438582074025
2015-05-26,gaussian,0.18373168711969134
2015-05-27,gaussian,0.18606295257328534
2015-05-28,gaussian,0.18432154995635514
2015-05-29,gaussian,0.18938836296596553
2015-06-01,gaussian,0.19409755175833535
2015-06-02,gaussian,0.21058652421627894
2015-06-03,gaussian,0.20165318489805584
2015-06-04,gaussian,0.20248164859334686
2015-06-05,gaussian,0.19717325941978756
2015-06-08,gaussian,0.20979256801274723
2015-06-09,gaussian,0.22409039841993963
2015-06-10,gaussian,0.23613194886461217
2015-06-11,gaussian,0.22979200973313404
2015-06-12,gaussian,0.24120626197888315
2015-06-15,gaussian,0.24430889277065201
2015-06-16,gaussian,0.2400063015396655
2015-06-17,gaussian,0.23812176263537552
2015-06-18,gaussian,0.23344907514979352
2015-06-19,gaussian,0.22531272157674992
2015-06-22,gaussian,0.2347884705818001
2015-06-23,gaussian,0.22205532571751233
2015-06-24,gaussian,0.24447587914194502
2015-06-25,gaussian,0.24162871950117712
2015-06-26,gaussian,0.2523402019710396
2015-06-29,gaussian,0.2672439406332906
2015-06-30,gaussian,0.28037022196064787
2015-07-01,gaussian,0.270189503119923
2015-07-02,gaussian,0.2552049734065926
2015-07-03,gaussian,0.27033318641929904
2015-07-06,gaussian,0.2466685850760952
2015-07-07,gaussian,0.2472005253888085
2015-07-08,gaussian,0.25050288764242623
2015-07-09,gaussian,0.2617184195221089
2015-07-10,gaussian,0.2526614480149999
2015-07-13,gaussian,0.2546489365154783
2015-07-14,gaussian,0.2653416675025996
2015-07-15,gaussian,0.2762135605693024
2015-07-16,gaussian,0.2729453795843679
2015-07-17,gaussian,0.2932042882569985
2015-07-20,gaussian,0.30331330539512374
2015-07-21,gaussian,0.30802245036064196
2015-07-22,gaussian,0.314937321902249
2015-07-23,gaussian,0.3113916057116396
2015-07-24,gaussian,0.3192678444251312
2015-07-27,gaussian,0.3355605420774586
2015-07-28,gaussian,0.3426956475554779
2015-07-29,gaussian,0.3434747058465437
2015-07-30,gaussian,0.33235609179065545
2015-07-31,gaussian,0.32992150142845983
2015-08-03,gaussian,0.3308624524906683
2015-08-04,gaussian,0.33866209679519405
2015-08-05,gaussian,0.3324809613850486
2015-08-06,gaussian,0.3275966812954416
2015-08-07,gaussian,0.3180935015380485
2015-08-10,gaussian,0.30968013594995186
2015-08-11,gaussian,0.28959482990219354
2015-08-12,gaussian,0.29339470344274693
2015-08-13,gaussian,0.29804662810621163
2015-08-14,gaussian,0.30458803339223434
2015-08-17,gaussian,0.3024948814689623
2015-08-18,gaussian,0.28648882505315515
2015-08-19,gaussian,0.2659551845997125
2015-08-20,gaussian,0.22587305679933023
2015-08-21,gaussian,0.21953310497938994
2015-08-24,gaussian,0.2517893413118711
2015-08-25,gaussian,0.2745396193519312
2015-08-26,gaussian,0.30086161691738883
2015-08-27,gaussian,0.28703907529464834
2015-08-28,gaussian,0.28408009272247664
2015-08-31,gaussian,0.24626877625709762
2015-09-01,gaussian,0.2575065505099117
2015-09-02,gaussian,0.2710909955210144
2015-09-03,gaussian,0.2368420068315613
2015-09-04,gaussian,0.22714014957949813
2015-09-07,gaussian,0.2448554659029284
2015-09-08,gaussian,0.2635169073945653
2015-09-09,gaussian,0.2667796390124003
2015-09-10,gaussian,0.25988690118944857
2015-09-11,gaussian,0.272235077428527
2015-09-14,gaussian,0.27504224021503937
2015-09-15,gaussian,0.27736392032163476
2015-09-16,gaussian,0.26758780431008267
2015-09-17,gaussian,0.25578794402631816
2015-09-18,gaussian,0.26884158007681985
2015-09-21,gaussian,0.2262645509017642
2015-09-22,gaussian,0.21264228750911976
2015-09-23,gaussian,0.21043426779247348
2015-09-24,gaussian,0.2317927225333984
2015-09-25,gaussian,0.2435449441442498
2015-09-28,gaussian,0.25405801087522006
2015-09-29,gaussian,0.2738327072125524
2015-09-30,gaussian,0.2755278057813493
2015-10-01,gaussian,0.3148415998697326
2015-10-02,gaussian,0.3177980600624294
2015-10-05,gaussian,0.2945587565710698
2015-10-06,gaussian,0.3033063763923802
2015-10-07,gaussian,0.2851617349987276
2015-10-08,gaussian,0.29674504032635374
2015-10-09,gaussian,0.28728784338306357
2015-10-12,gaussian,0.2703797854099655
2015-10-13,gaussian,0.2575074679009265
2015-10-14,gaussian,0.27225683694075486
2015-10-15,gaussian,0.2779699331471103
2015-10-16,gaussian,0.28789139422044857
2015-10-19,gaussian,0.2618267021397595
2015-10-20,gaussian,0.2571367682911374
2015-10-21,gaussian,0.27720826174856555
2015-10-22,gaussian,0.26414809603035166
2015-10-23,gaussian,0.26699085105823156
2015-10-26,gaussian,0.28029454802218334
2015-10-27,gaussian,0.2992524493026897
2015-10-28,gaussian,0.2762394639315541
2015-10-29,gaussian,0.28545992545641574
2015-10-30,gaussian,0.2857062647486996
2015-11-02,gaussian,0.2768165322831206
2015-11-03,gaussian,0.27714086141275307
2015-11-04,gaussian,0.271971239934838
2015-11-05,gaussian,0.2866382952675881
2015-11-06,gaussian,0.2960794511559886
2015-11-09,gaussian,0.2735425247456504
2015-11-10,gaussian,0.2737908397594215
2015-11-11,gaussian,0.2420361531744828
2015-11-12,gaussian,0.23689228001894688
2015-11-13,gaussian,0.23288928120689686
2015-11-16,gaussian,0.24600251302526413
2015-11-17,gaussian,0.25820092173766535
2015-11-18,gaussian,0.25182924558159125
2015-11-19,gaussian,0.24453348511970524
2015-11-20,gaussian,0.25412556564573086
2015-11-23,gaussian,0.21014888472790544
2015-11-24,gaussian,0.21706592243359554
2015-11-25,gaussian,0.24552945387440522
2015-11-26,gaussian,0.2526544936409485
2015-11-27,gaussian,0.2515139029392557
2015-11-30,gaussian,0.28942319402176564
2015-12-01,gaussian,0.28231221173085136
2015-12-02,gaussian,0.25396809572443263
2015-12-03,gaussian,0.2601756351388531
2015-12-04,gaussian,0.24454161326795754
2015-12-07,gaussian,0.21323908041146675
2015-12-08,gaussian,0.21285310956717135
2015-12-09,gaussian,0.21071202217921461
2015-12-10,gaussian,0.18790055144899814
2015-12-11,gaussian,0.18643672682183535
2015-12-14,gaussian,0.21449795081854545
2015-12-15,gaussian,0.22935340873350527
2015-12-16,gaussian,0.25364174339867374
2015-12-17,gaussian,0.22738574822948507
2015-12-18,gaussian,0.22936902874416326
2015-12-21,gaussian,0.23065503862482506
2015-12-22,gaussian,0.24706465777596237
2015-12-23,gaussian,0.26315494251578175
2015-12-24,gaussian,0.26595060161961426
2015-12-25,gaussian,0.24572368004088235
2015-12-28,gaussian,0.2825119472315171
2015-12-29,gaussian,0.2706267811174608
2015-12-30,gaussian,0.2630894049164276
2015-12-31,gaussian,0.2809174636003521
2016-01-01,gaussian,0.28696662036519177
2016-01-04,gaussian,0.2747610772841927
2016-01-05,gaussian,0.25163769398732017
2016-01-06,gaussian,0.22513180340432457
2016-01-07,gaussian,0.20675841589099317
2016-01-08,gaussian,0.18500706951733575
2016-01-11,gaussian,0.19494042096144087
2016-01-12,gaussian,0.18539507170614766
2016-01-13,gaussian,0.19084182769066937
2016-01-14,gaussian,0.17271090162634967
2016-01-15,gaussian,0.16647270055992186
2016-01-18,gaussian,0.17428865748011246
2016-01-19,gaussian,0.13575831895939566
2016-01-20,gaussian,0.11039482877127976
2016-01-21,gaussian,0.13153961907345285
2016-01-22,gaussian,0.13264549478002324
2016-01-25,gaussian,0.14013733051112306
2016-01-26,gaussian,0.14747657971927947
2016-01-27,gaussian,0.12068064186615388
2016-01-28,gaussian,0.15520573136343466
2016-01-29,gaussian,0.14016216037532425
2016-02-01,gaussian,0.08392732406058807
2016-02-02,gaussian,0.06068019634446058
2016-02-03,gaussian,0.10705216033484677
2016-02-04,gaussian,0.09941369904419227
2016-02-05,gaussian,0.09885632896764096
2016-02-08,gaussian,0.05782107508547677
2016-02-09,gaussian,0.10109633955157467
2016-02-10,gaussian,0.045412648062000564
2016-02-11,gaussian,0.12802635870735746
2016-02-12,gaussian,0.11382230454048037
2016-02-15,gaussian,0.13430734237767328
2016-02-16,gaussian,0.16123625798699528
2016-02-17,gaussian,0.15456510778510077
2016-02-18,gaussian,0.13480077844093516
2016-02-19,gaussian,0.13127383003762308
2016-02-22,gaussian,0.10963239273971837
2016-02-23,gaussian,0.09568920419641157
2016-02-24,gaussian,0.14314854752173398
2016-02-25,gaussian,0.15573309685164027
2016-02-26,gaussian,0.15082291147306687
2016-02-29,gaussian,0.16654502072321836
2016-03-01,gaussian,0.19307492634178725
2016-03-02,gaussian,0.20065620869955897
2016-03-03,gaussian,0.21062916790690647
2016-03-04,gaussian,0.20063328207915607
2016-03-07,gaussian,0.18300300513984746
2016-03-08,gaussian,0.17750363218935966
2016-03-09,gaussian,0.17248618119844897
2016-03-10,gaussian,0.23200573039279937
2016-03-11,gaussian,0.23179835025228157
2016-03-14,gaussian,0.22507777930725276
2016-03-15,gaussian,0.20940105925575625
2016-03-16,gaussian,0.22804961392624837
2016-03-17,gaussian,0.24041073068478275
2016-03-18,gaussian,0.23005992462824837
2016-03-21,gaussian,0.21944250199763887
2016-03-22,gaussian,0.20303441260703367
2016-03-23,gaussian,0.17925675145377085
2016-03-24,gaussian,0.18614970884565468
2016-03-25,gaussian,0.18251555526797766
2016-03-28,gaussian,0.18887304750334857
2016-03-29,gaussian,0.19256368140985347
2016-03-30,gaussian,0.1993983611666449
2016-03-31,gaussian,0.18169551892480637
2016-04-01,gaussian,0.18016299938194658
2016-04-04,gaussian,0.16730853474584986
2016-04-05,gaussian,0.17401852020046726
2016-04-06,gaussian,0.15803206680563275
2016-04-07,gaussian,0.16201446033356356
2016-04-08,gaussian,0.15600042937897057
2016-04-11,gaussian,0.16505598492211726
2016-04-12,gaussian,0.22605366589632367
2016-04-13,gaussian,0.23547041584634326
2016-04-14,gaussian,0.23767384166266717
2016-04-15,gaussian,0.23258057354195205
2016-04-18,gaussian,0.24954291247036228
2016-04-19,gaussian,0.2704523652754707
2016-04-20,gaussian,0.2905141223928291
2016-04-21,gaussian,0.29440527373971037
2016-04-22,gaussian,0.2901263751488794
2016-04-25,gaussian,0.28595862072128375
2016-04-26,gaussian,0.2860567033431563
2016-04-27,gaussian,0.28109426660444725
2016-04-28,gaussian,0.26286316540260396
2016-04-29,gaussian,0.2554334297458022
2016-05-02,gaussian,0.22332152629770818
2016-05-03,gaussian,0.2066095618879015
2016-05-04,gaussian,0.1960175888868275
2016-05-05,gaussian,0.1974493591466608
2016-05-06,gaussian,0.20087810544366302
2016-05-09,gaussian,0.21393271065356262
2016-05-10,gaussian,0.20577814463595273
2016-05-11,gaussian,0.2162496341689557
2016-05-12,gaussian,0.2113810349214091
2016-05-13,gaussian,0.21153298502289222
2016-05-16,gaussian,0.22112800458125884
2016-05-17,gaussian,0.24442180060764662
2016-05-18,gaussian,0.23354493022668224
2016-05-19,gaussian,0.22832484170246503
2016-05-20,gaussian,0.23180025673179233
2016-05-23,gaussian,0.25276475638693263
2016-05-24,gaussian,0.27249871279226623
2016-05-25,gaussian,0.2547115886065669
2016-05-26,gaussian,0.24558915810872084
2016-05-27,gaussian,0.24120752811740012
2016-05-30,gaussian,0.23830087940308173
2016-05-31,gaussian,0.21820219779933353
2016-06-01,gaussian,0.21190885501714643
2016-06-02,gaussian,0.19598666748406374
2016-06-03,gaussian,0.18392385428251393
2016-06-06,gaussian,0.18644900425449742
2016-06-07,gaussian,0.18366169603731852
2016-06-08,gaussian,0.16730104420030295
2016-06-09,gaussian,0.14513902624778513
2016-06-10,gaussian,0.14068902437593545
2016-06-13,gaussian,0.11959065860832442
2016-06-14,gaussian,0.12524250771910042
2016-06-15,gaussian,0.10890290896940652
2016-06-16,gaussian,0.13788964546753313
2016-06-17,gaussian,0.1451373659930057
2016-06-20,gaussian,0.15964443340435772
2016-06-21,gaussian,0.16027625896921321
2016-06-22,gaussian,0.2091532254513535
2016-06-23,gaussian,0.09202166780268703
2016-06-24,gaussian,0.07943808337074182
2016-06-27,gaussian,0.08027873481873761
2016-06-28,gaussian,0.10807572789717101
2016-06-29,gaussian,0.11433542316340813
2016-06-30,gaussian,0.10265243698507592
2016-07-01,gaussian,0.09428069525371231
2016-07-04,gaussian,0.07395215811897413
2016-07-05,gaussian,0.05560558524261902
2016-07-06,gaussian,0.07320989748295152
2016-07-07,gaussian,0.09413180970453092
2016-07-08,gaussian,0.0967076265028314
2016-07-11,gaussian,0.14373871491799572
2016-07-12,gaussian,0.14200048202235882
2016-07-13,gaussian,0.141037010792275
2016-07-14,gaussian,0.1434569781411408
2016-07-15,gaussian,0.1419615698485222
2016-07-18,gaussian,0.1421702001038422
2016-07-19,gaussian,0.1462596456722256
2016-07-20,gaussian,0.15256625425759462
2016-07-21,gaussian,0.1432806050607483
2016-07-22,gaussian,0.144927152624013
2016-07-25,gaussian,0.1473664208928378
2016-07-26,gaussian,0.1550075563708088
2016-07-27,gaussian,0.1536155317111898
2016-07-28,gaussian,0.2020303358598658
2016-07-29,gaussian,0.1919954491179064
2016-08-01,gaussian,0.1536462145758889
2016-08-02,gaussian,0.1633407973156277
2016-08-03,gaussian,0.17080004781005662
2016-08-04,gaussian,0.20900434825975342
2016-08-05,gaussian,0.22642974222673862
2016-08-08,gaussian,0.2655347739287607
2016-08-09,gaussian,0.26152022190160007
2016-08-10,gaussian,0.2438369230878369
2016-08-11,gaussian,0.21495378697786383
2016-08-12,gaussian,0.19853731436896382
2016-08-15,gaussian,0.19383840921677303
2016-08-16,gaussian,0.19624311372886533
2016-08-17,gaussian,0.2335859418944112
2016-08-18,gaussian,0.22031197190640991
2016-08-19,gaussian,0.20962448601119252
2016-08-22,gaussian,0.25523931467676564
2016-08-23,gaussian,0.2604709274595217
2016-08-24,gaussian,0.2349750473110089
2016-08-25,gaussian,0.22299118652776811
2016-08-26,gaussian,0.22929220964988162
2016-08-29,gaussian,0.24836592098353494
2016-08-30,gaussian,0.25985489665042544
2016-08-31,gaussian,0.25093373015357545
2016-09-01,gaussian,0.26028860837750234
2016-09-02,gaussian,0.26204115802734573
2016-09-05,gaussian,0.27118319637964255
2016-09-06,gaussian,0.28153218042393685
2016-09-07,gaussian,0.3135871817353731
2016-09-08,gaussian,0.32327825172081087
2016-09-09,gaussian,0.33518136969192175
2016-09-12,gaussian,0.2953741771296247
2016-09-13,gaussian,0.28646163468859426
2016-09-14,gaussian,0.28728549021364386
2016-09-15,gaussian,0.25198098870867497
2016-09-16,gaussian,0.24866697251526634
2016-09-19,gaussian,0.24030837373632635
2016-09-20,gaussian,0.25615690669683155
2016-09-21,gaussian,0.26301107464434187
2016-09-22,gaussian,0.24811072035507453
2016-09-23,gaussian,0.24898268783430894
2016-09-26,gaussian,0.23444758041248007
2016-09-27,gaussian,0.23917401880929995
2016-09-28,gaussian,0.24607674045648376
2016-09-29,gaussian,0.26888010300841614
2016-09-30,gaussian,0.24700386845287842
2016-10-03,gaussian,0.24512466434452895
2016-10-04,gaussian,0.2631945423577229
2016-10-05,gaussian,0.26528754694671614
2016-10-06,gaussian,0.26598367886326824
2016-10-07,gaussian,0.2517918251735903
2016-10-10,gaussian,0.24011171903471953
2016-10-11,gaussian,0.23349820291715165
2016-10-12,gaussian,0.21659838281218285
2016-10-13,gaussian,0.21960655296624587
2016-10-14,gaussian,0.24500541673331577
2016-10-17,gaussian,0.26720502419158637
2016-10-18,gaussian,0.27798386228130717
2016-10-19,gaussian,0.29550111706459864
2016-10-20,gaussian,0.29759472606348497
2016-10-21,gaussian,0.3005233172504875
2016-10-24,gaussian,0.2859713030201688
2016-10-25,gaussian,0.2923960525020388
2016-10-26,gaussian,0.30788594395475394
2016-10-27,gaussian,0.30642905080588934
2016-10-28,gaussian,0.32760024824394823
2016-10-31,gaussian,0.32039760738695966
2016-11-01,gaussian,0.29820424748129676
2016-11-02,gaussian,0.302867821202222
2016-11-03,gaussian,0.2881217596423049
2016-11-04,gaussian,0.2791885508127827
2016-11-07,gaussian,0.28585720571161716
2016-11-08,gaussian,0.30580126084413956
2016-11-09,gaussian,0.3457789445809085
2016-11-10,gaussian,0.33341660643435905
2016-11-11,gaussian,0.32836109209932646
2016-11-14,gaussian,0.32369851021994656
2016-11-15,gaussian,0.30407170109809295
2016-11-16,gaussian,0.2908578720498012
2016-11-17,gaussian,0.2849349665757451
2016-11-18,gaussian,0.3061142641882781
2016-11-21,gaussian,0.30135964121638226
2016-11-22,gaussian,0.30183171460305896
2016-11-23,gaussian,0.31671873905586045
2016-11-24,gaussian,0.31017717836354114
2016-11-25,gaussian,0.30332056661778534
2016-11-28,gaussian,0.336453827132248
2016-11-29,gaussian,0.3539684839145972
2016-11-30,gaussian,0.3370839131025457
2016-12-01,gaussian,0.32079902881712363
2016-12-02,gaussian,0.3063656526765449
2016-12-05,gaussian,0.37684251246681716
2016-12-06,gaussian,0.40008127275134936
2016-12-07,gaussian,0.41555876868849906
2016-12-08,gaussian,0.39060992317923277
2016-12-09,gaussian,0.39160517012852
2016-12-12,gaussian,0.40904561031180336
2016-12-13,gaussian,0.40143620731111357
2016-12-14,gaussian,0.4100874335778459
2016-12-15,gaussian,0.41518252096382297
2016-12-16,gaussian,0.41850622415392974
2016-12-19,gaussian,0.4298084108704355
2016-12-20,gaussian,0.42663873017505055
2016-12-21,gaussian,0.42209204369710746
2016-12-22,gaussian,0.4442396489259954
2016-12-23,gaussian,0.4683053822010614
2016-12-26,gaussian,0.48029134636619625
2016-12-27,gaussian,0.4752477869281064
2016-12-28,gaussian,0.4612442920976937
2016-12-29,gaussian,0.4853164709237083
2016-12-30,gaussian,0.48507916714426896
2017-01-02,gaussian,0.5336177627198678
2017-01-03,gaussian,0.543064577586693
2017-01-04,gaussian,0.5448293900609946
2017-01-05,gaussian,0.5925374861205145
2017-01-06,gaussian,0.5930286387623539
2017-01-09,gaussian,0.566881466242285
2017-01-10,gaussian,0.5684223318435373
2017-01-11,gaussian,0.5364972376109981
2017-01-12,gaussian,0.5437245265664563
2017-01-13,gaussian,0.5624155872666776
2017-01-16,gaussian,0.5312476455041053
2017-01-17,gaussian,0.5419735349809017
2017-01-18,gaussian,0.575776739244266
2017-01-19,gaussian,0.6058564045399268
2017-01-20,gaussian,0.5576375998933804
2017-01-23,gaussian,0.5661212173928467
2017-01-24,gaussian,0.5838181401312527
2017-01-25,gaussian,0.6294419142705273
2017-01-26,gaussian,0.5777972308013652
2017-01-27,gaussian,0.6231383085307799
2017-01-30,gaussian,0.5316471804744087
2017-01-31,gaussian,0.5478352690220069
2017-02-01,gaussian,0.5301765039481899
2017-02-02,gaussian,0.5234160588435737
2017-02-03,gaussian,0.5429067294110925
2017-02-06,gaussian,0.544974083371283
2017-02-07,gaussian,0.5314811596248914
2017-02-08,gaussian,0.5694440524497028
2017-02-09,gaussian,0.5776689879079772
2017-02-10,gaussian,0.5464936205664392
2017-02-13,gaussian,0.5366316141441171
2017-02-14,gaussian,0.5484056478195156
2017-02-15,gaussian,0.5258999740427747
2017-02-16,gaussian,0.49524769575291777
2017-02-17,gaussian,0.48499736584857245
2017-02-20,gaussian,0.4713009622238196
2017-02-21,gaussian,0.46993112820100974
2017-02-22,gaussian,0.47572375637856573
2017-02-23,gaussian,0.47075500643129203
2017-02-24,gaussian,0.4748345057942243
2017-02-27,gaussian,0.43096254142262025
2017-02-28,gaussian,0.45559542630661326
2017-03-01,gaussian,0.45977052007729496
2017-03-02,gaussian,0.48147906771983545
2017-03-03,gaussian,0.47684024095505406
2017-03-06,gaussian,0.45228820467481073
2017-03-07,gaussian,0.45464161622428995
2017-03-08,gaussian,0.46730960290512613
2017-03-09,gaussian,0.48570490670008915
2017-03-10,gaussian,0.505455110331221
2017-03-13,gaussian,0.4970520926663823
2017-03-14,gaussian,0.5013479164205041
2017-03-15,gaussian,0.5132880137354726
2017-03-16,gaussian,0.5019486596623742
2017-03-17,gaussian,0.5027420767827591
2017-03-20,gaussian,0.4974618381306999
2017-03-21,gaussian,0.49166832851337083
2017-03-22,gaussian,0.522944747853754
2017-03-23,gaussian,0.5175530312159812
2017-03-24,gaussian,0.5370102216729624
2017-03-27,gaussian,0.5373418443078426
2017-03-28,gaussian,0.5302923954744914
2017-03-29,gaussian,0.5120687280395446
2017-03-30,gaussian,0.44510662668282774
2017-03-31,gaussian,0.43749263625651136
2017-04-03,gaussian,0.43776957050955845
2017-04-04,gaussian,0.43623184084827576
2017-04-05,gaussian,0.41630367068893825
2017-04-06,gaussian,0.39069731258360874
2017-04-07,gaussian,0.38900944477113203
2017-04-10,gaussian,0.37126388364603424
2017-04-11,gaussian,0.36262105075717366
2017-04-12,gaussian,0.3265026680604345
2017-04-13,gaussian,0.3243212406842061
2017-04-14,gaussian,0.3362133500847743
2017-04-17,gaussian,0.33795256349959474
2017-04-18,gaussian,0.36005182424745974
2017-04-19,gaussian,0.40486172890891536
2017-04-20,gaussian,0.42504278976921994
2017-04-21,gaussian,0.43214447926307153
2017-04-24,gaussian,0.4440130092144244
2017-04-25,gaussian,0.4504107713023408
2017-04-26,gaussian,0.4233530073095839
2017-04-27,gaussian,0.4246966574781144
2017-04-28,gaussian,0.4263298537959603
2017-05-01,gaussian,0.421045320886134
2017-05-02,gaussian,0.4283474751024311
2017-05-03,gaussian,0.4320791194510453
2017-05-04,gaussian,0.4137177771709413
2017-05-05,gaussian,0.4205689046759643
2017-05-08,gaussian,0.4003963615803468
2017-05-09,gaussian,0.4006641644814282
2017-05-10,gaussian,0.3706227871119414
2017-05-11,gaussian,0.3480111253157077
2017-05-12,gaussian,0.3545344767997958
2017-05-15,gaussian,0.35036964681624766
2017-05-16,gaussian,0.32184181383059196
2017-05-17,gaussian,0.33376791487783747
2017-05-18,gaussian,0.36462407064554614
2017-05-19,gaussian,0.36772304338540884
2017-05-22,gaussian,0.39933125152842713
2017-05-23,gaussian,0.39814582295305223
2017-05-24,gaussian,0.3974858565709012
2017-05-25,gaussian,0.3934875133674269
2017-05-26,gaussian,0.4058186309291774
2017-05-29,gaussian,0.4311012732848616
2017-05-30,gaussian,0.4218565413101724
2017-05-31,gaussian,0.4520200189266001
2017-06-01,gaussian,0.44579904306111784
2017-06-02,gaussian,0.4490554646381739
2017-06-05,gaussian,0.4037172316817249
2017-06-06,gaussian,0.4154331818510202
2017-06-07,gaussian,0.4149428476505525
2017-06-08,gaussian,0.4218863701473797
2017-06-09,gaussian,0.39149000958030855
2017-06-12,gaussian,0.5104761509425499
2017-06-13,gaussian,0.5042502710099284
2017-06-14,gaussian,0.486133486239638
2017-06-15,gaussian,0.453612521364954
2017-06-16,gaussian,0.4444917172671575
2017-06-19,gaussian,0.4341575589049153
2017-06-20,gaussian,0.42876453485036076
2017-06-21,gaussian,0.4428227176011387
2017-06-22,gaussian,0.4557095230954179
2017-06-23,gaussian,0.4417197198675148
2017-06-26,gaussian,0.42450295176993
2017-06-27,gaussian,0.44451197821482374
2017-06-28,gaussian,0.4242033235729205
2017-06-29,gaussian,0.4224329421796808
2017-06-30,gaussian,0.4022654360081246
2017-07-03,gaussian,0.3883345760283568
2017-07-04,gaussian,0.3903261959965996
2017-07-05,gaussian,0.39790699016347497
2017-07-06,gaussian,0.39521103054780793
2017-07-07,gaussian,0.39253683953682633
2017-07-10,gaussian,0.3885893964141151
2017-07-11,gaussian,0.3910951921861261
2017-07-12,gaussian,0.4022016174378359
2017-07-13,gaussian,0.3880221738483079
2017-07-14,gaussian,0.397503966166223
2017-07-17,gaussian,0.3585221077310777
2017-07-18,gaussian,0.3628458213240739
2017-07-19,gaussian,0.3982571144516239
2017-07-20,gaussian,0.38106416873404964
2017-07-21,gaussian,0.37317250295967214
2017-07-24,gaussian,0.3670290286379636
2017-07-25,gaussian,0.3667523281968375
2017-07-26,gaussian,0.3629092422197156
2017-07-27,gaussian,0.3582309697632294
2017-07-28,gaussian,0.35073236372894007
2017-07-31,gaussian,0.36976814742402336
2017-08-01,gaussian,0.36441915210521797
2017-08-02,gaussian,0.37809779066985394
2017-08-03,gaussian,0.38620236076799985
2017-08-04,gaussian,0.3823387189313809
2017-08-07,gaussian,0.3862163548444343
2017-08-08,gaussian,0.3727029854879207
2017-08-09,gaussian,0.3380803846567133
2017-08-10,gaussian,0.3228642921061556
2017-08-11,gaussian,0.3254159832119652
2017-08-14,gaussian,0.3212273739410171
2017-08-15,gaussian,0.31837021779167723
2017-08-16,gaussian,0.28507718876607147
2017-08-17,gaussian,0.2711002811367626
2017-08-18,gaussian,0.2689972156589187
2017-08-21,gaussian,0.26488902369067513
2017-08-22,gaussian,0.2579247890282877
2017-08-23,gaussian,0.2759880444338617
2017-08-24,gaussian,0.2660268445326172
2017-08-25,gaussian,0.2611754452707263
2017-08-28,gaussian,0.25802288811620366
2017-08-29,gaussian,0.2599360075973904
2017-08-30,gaussian,0.2764882393334024
2017-08-31,gaussian,0.2917533052487162
2017-09-01,gaussian,0.2931692192401923
2017-09-04,gaussian,0.2940892023155861
2017-09-05,gaussian,0.2970254429430051
2017-09-06,gaussian,0.29095167152446855
2017-09-07,gaussian,0.28205462054967717
2017-09-08,gaussian,0.2749942354042885
2017-09-11,gaussian,0.295174900597465
2017-09-12,gaussian,0.3007792966805166
2017-09-13,gaussian,0.30019585230246454
2017-09-14,gaussian,0.2946084697911404
2017-09-15,gaussian,0.2999740288120355
2017-09-18,gaussian,0.2964325016900301
2017-09-19,gaussian,0.2974861377773122
2017-09-20,gaussian,0.2993442589919484
2017-09-21,gaussian,0.286192265137788
2017-09-22,gaussian,0.2828416286129846
2017-09-25,gaussian,0.2819665029667396
2017-09-26,gaussian,0.2966200353064727
2017-09-27,gaussian,0.3046458029945274
2017-09-28,gaussian,0.3201201971596547
2017-09-29,gaussian,0.3417240802622501
2017-10-02,gaussian,0.3185637610201406
2017-10-03,gaussian,0.310403584960867
2017-10-04,gaussian,0.3012464353931637
2017-10-05,gaussian,0.287197944278421
2017-10-06,gaussian,0.2760810990769331
2017-10-09,gaussian,0.2761525998547876
2017-10-10,gaussian,0.2808321491186425
2017-10-11,gaussian,0.2714505933298128
2017-10-12,gaussian,0.2602658717870694
2017-10-13,gaussian,0.243004060101667
2017-10-16,gaussian,0.2433287914570775
2017-10-17,gaussian,0.2490542991146625
2017-10-18,gaussian,0.2577524165444769
2017-10-19,gaussian,0.2925096953474206
2017-10-20,gaussian,0.27463828401999163
2017-10-23,gaussian,0.2920700879165826
2017-10-24,gaussian,0.2879774897388832
2017-10-25,gaussian,0.29346058253853613
2017-10-26,gaussian,0.2659860460771853
2017-10-27,gaussian,0.2338833468403658
2017-10-30,gaussian,0.24004018731366297
2017-10-31,gaussian,0.2400181314249321
2017-11-01,gaussian,0.24828560879599054
2017-11-02,gaussian,0.25730365274684147
2017-11-03,gaussian,0.2552159547722672
2017-11-06,gaussian,0.2641467648929303
2017-11-07,gaussian,0.25951319925117255
2017-11-08,gaussian,0.23956732147570461
2017-11-09,gaussian,0.24277530910718323
2017-11-10,gaussian,0.25282088775739503
2017-11-13,gaussian,0.25642860108887805
2017-11-14,gaussian,0.2656259298444286
2017-11-15,gaussian,0.2586602870318676
2017-11-16,gaussian,0.24019477907335754
2017-11-17,gaussian,0.22844402140462944
2017-11-20,gaussian,0.22925859542343763
2017-11-21,gaussian,0.22988167133657203
2017-11-22,gaussian,0.18546397085150712
2017-11-23,gaussian,0.16573707858467013
2017-11-24,gaussian,0.14333697921829913
2017-11-27,gaussian,0.16249714736789572
2017-11-28,gaussian,0.18016776890081332
2017-11-29,gaussian,0.15678398421993953
2017-11-30,gaussian,0.15924237787035314
2017-12-01,gaussian,0.13784642525462074
2017-12-04,gaussian,0.1448726227162923
2017-12-05,gaussian,0.13615659229892552
2017-12-06,gaussian,0.13348145221660543
2017-12-07,gaussian,0.15254130919156542
2017-12-08,gaussian,0.15490604365154093
2017-12-11,gaussian,0.16684844395008552
2017-12-12,gaussian,0.16150778902608554
2017-12-13,gaussian,0.15450180319339463
2017-12-14,gaussian,0.15999882855599473
2017-12-15,gaussian,0.17330286116190444
2017-12-18,gaussian,0.1587570075485522
2017-12-19,gaussian,0.15802022179822
2017-12-20,gaussian,0.1513019090544392
2017-12-21,gaussian,0.1394254215072706
2017-12-22,gaussian,0.1411526316639376
2017-12-25,gaussian,0.13014352668969362
2017-12-26,gaussian,0.1286238817943213
2017-12-27,gaussian,0.1265102093951575
2017-12-28,gaussian,0.124537918863983
2017-12-29,gaussian,0.1309063477970759
2018-01-01,gaussian,0.118417409397696
2018-01-02,gaussian,0.12250551792465621
2018-01-03,gaussian,0.1368620115956738
2018-01-04,gaussian,0.12623441246871236
2018-01-05,gaussian,0.12907686271558716
2018-01-08,gaussian,0.12490796403189124
2018-01-09,gaussian,0.14402330436304625
2018-01-10,gaussian,0.13363440825404796
2018-01-11,gaussian,0.11922573481852486
2018-01-12,gaussian,0.10975177537477716
2018-01-15,gaussian,0.12346351642994924
2018-01-16,gaussian,0.12207068910144775
2018-01-17,gaussian,0.13301478086551718
2018-01-18,gaussian,0.12678389159535447
2018-01-19,gaussian,0.13523844342512226
2018-01-22,gaussian,0.11757444608140637
2018-01-23,gaussian,0.11851243116857796
2018-01-24,gaussian,0.13744716298871806
2018-01-25,gaussian,0.15050333383655576
2018-01-26,gaussian,0.13736192026009836
2018-01-29,gaussian,0.12376255951621216
2018-01-30,gaussian,0.11837518478861075
2018-01-31,gaussian,0.11731427797672216
2018-02-01,gaussian,0.09053501986182316
2018-02-02,gaussian,0.09357797307061305
2018-02-05,gaussian,0.09506532891469455
2018-02-06,gaussian,0.11134140186455005
2018-02-07,gaussian,0.08635628343331275
2018-02-08,gaussian,0.08817574574227996
2018-02-09,gaussian,0.09227130007053735
2018-02-12,gaussian,0.10121915904876065
2018-02-13,gaussian,0.11501793593915416
2018-02-14,gaussian,0.12557175388837036
2018-02-15,gaussian,0.10767483522304874
2018-02-16,gaussian,0.11734098814947497
2018-02-19,gaussian,0.10872927728993965
2018-02-20,gaussian,0.11033084126299775
2018-02-21,gaussian,0.10596330850250306
2018-02-22,gaussian,0.10927431088952186
2018-02-23,gaussian,0.10528910860191976
2018-02-26,gaussian,0.10624607004255394
2018-02-27,gaussian,0.09251859231240855
2018-02-28,gaussian,0.08158962116441876
2018-03-01,gaussian,0.06653674028467405
2018-03-02,gaussian,0.05711502721468656
2018-03-05,gaussian,0.07078495180969446
2018-03-06,gaussian,0.07354584552094796
2018-03-07,gaussian,0.08509254276809296
2018-03-08,gaussian,0.09637867600235216
2018-03-09,gaussian,0.09250979392694406
2018-03-12,gaussian,0.08330985767707345
2018-03-13,gaussian,0.07251583005175975
2018-03-14,gaussian,0.05689981080116224
2018-03-15,gaussian,0.06785603763139265
2018-03-16,gaussian,0.06656635605198825
2018-03-19,gaussian,0.07902990532576365
2018-03-20,gaussian,0.07246722710888315
2018-03-21,gaussian,0.05966023624982525
2018-03-22,gaussian,0.033840732319079345
2018-03-23,gaussian,0.033941179876994146
2018-03-26,gaussian,0.03580285584195075
2018-03-27,gaussian,0.036236091041683946
2018-03-28,gaussian,0.04303973025144465
2018-03-29,gaussian,0.05065001459305964
2018-03-30,gaussian,0.06168106938214965
2018-04-02,gaussian,0.06797552583127493
2018-04-03,gaussian,0.06357581236485144
2018-04-04,gaussian,0.09675324632260565
2018-04-05,gaussian,0.05753033670110644
2018-04-06,gaussian,0.045880230428455335
2018-04-09,gaussian,0.053290876532180946
2018-04-10,gaussian,0.047483725875260945
2018-04-11,gaussian,0.05249069812801255
2018-04-12,gaussian,0.04429453752971764
2018-04-13,gaussian,0.056109060006641245
2018-04-16,gaussian,0.06455487630626404
2018-04-17,gaussian,0.06341350498841364
2018-04-18,gaussian,0.07335950939978145
2018-04-19,gaussian,0.06570693133225465
2018-04-20,gaussian,0.06154696860556755
2018-04-23,gaussian,0.05397734060989865
2018-04-24,gaussian,0.04770194497251725
2018-04-25,gaussian,0.05194599725002395
2018-04-26,gaussian,0.04715836413262735
2018-04-27,gaussian,0.05453356352441515
2018-04-30,gaussian,0.05647119059213205
2018-05-01,gaussian,0.04942194709937275
2018-05-02,gaussian,0.04021671215942025
2018-05-03,gaussian,0.07574459132807994
2018-05-04,gaussian,0.07396005473855885
2018-05-07,gaussian,0.06633675370109375
2018-05-08,gaussian,0.07356396885042345
2018-05-09,gaussian,0.06591787109317475
2018-05-10,gaussian,0.07356149198095045
2018-05-11,gaussian,0.07384854780009055
2018-05-14,gaussian,0.08347544114806285
2018-05-15,gaussian,0.06802584030154095
2018-05-16,gaussian,0.07837696950859085
2018-05-17,gaussian,0.07394028278737574
2018-05-18,gaussian,0.06368884917267935
2018-05-21,gaussian,0.07369824830047156
2018-05-22,gaussian,0.06501094912869605
2018-05-23,gaussian,0.04832657411157964
2018-05-24,gaussian,0.03227164809988524
2018-05-25,gaussian,0.019842265952814242
2018-05-28,gaussian,-0.02571524328976266
2018-05-29,gaussian,-0.01702138286884866
2018-05-30,gaussian,-0.026807131783024164
2018-05-31,gaussian,-0.0023633226702513624
2018-06-01,gaussian,0.0009244963697393376
2018-06-04,gaussian,-0.009772247942581263
2018-06-05,gaussian,0.007884765094548338
2018-06-06,gaussian,0.023660766235339338
2018-06-07,gaussian,0.021740256662260336
2018-06-08,gaussian,0.028460818796375038
2018-06-11,gaussian,0.029304510756626136
2018-06-12,gaussian,0.026404130388190436
2018-06-13,gaussian,0.01918644926729484
2018-06-14,gaussian,-0.014373247382033065
2018-06-15,gaussian,-0.030146615291028363
2018-06-18,gaussian,-0.028961516292770263
2018-06-19,gaussian,-0.030075014490874664
2018-06-20,gaussian,-0.04096499965936466
2018-06-21,gaussian,-0.03185262783719976
2018-06-22,gaussian,-0.03700164051990396
2018-06-25,gaussian,-0.03788062046796376
2018-06-26,gaussian,-0.04697128074329476
2018-06-27,gaussian,-0.03723687058098846
2018-06-28,gaussian,-0.03744638958510296
2018-06-29,gaussian,-0.04386566370914526
2018-07-02,gaussian,-0.04236078700333956
2018-07-03,gaussian,-0.04030811273312746
2018-07-04,gaussian,-0.02163385492165086
2018-07-05,gaussian,-0.01866631867998436
2018-07-06,gaussian,-0.01876899271927076
2018-07-09,gaussian,-0.01799321980764866
2018-07-10,gaussian,-0.028882864759212562
2018-07-11,gaussian,-0.04756319518286966
2018-07-12,gaussian,-0.04988724070861766
2018-07-13,gaussian,-0.05125789628938346
2018-07-16,gaussian,-0.04191804186520426
2018-07-17,gaussian,-0.04351524189305066
2018-07-18,gaussian,-0.06141049420735786
2018-07-19,gaussian,-0.05361407941148406
2018-07-20,gaussian,-0.05881247390340226
2018-07-23,gaussian,-0.05955027139038067
2018-07-24,gaussian,-0.05998678987958516
2018-07-25,gaussian,-0.04937868932694036
2018-07-26,gaussian,-0.03310585664828236
2018-07-27,gaussian,-0.018032432883627263
2018-07-30,gaussian,-0.007151729895600961
2018-07-31,gaussian,-0.009634839133395162
2018-08-01,gaussian,-0.029551929515063663
2018-08-02,gaussian,-0.026315623992656263
2018-08-03,gaussian,-0.012154047343781463
2018-08-06,gaussian,-0.006612468009052361
2018-08-07,gaussian,-0.002839672617597862
2018-08-08,gaussian,-0.017049271617336662
2018-08-09,gaussian,-0.037046202691336565
2018-08-10,gaussian,-0.042239355264556765
2018-08-13,gaussian,-0.043829283991723866
2018-08-14,gaussian,-0.055205349751156665
2018-08-15,gaussian,-0.04134379208078776
2018-08-16,gaussian,-0.04391461103559047
2018-08-17,gaussian,-0.04560087163687847
2018-08-20,gaussian,-0.041387724262693465
2018-08-21,gaussian,-0.03383160843397636
2018-08-22,gaussian,-0.024444936489308365
2018-08-23,gaussian,-0.029464080832524865
2018-08-24,gaussian,-0.018923970367750363
2018-08-27,gaussian,-0.028912682672593868
2018-08-28,gaussian,-0.027192389768518965
2018-08-29,gaussian,-0.04842277694405497
2018-08-30,gaussian,-0.06372634734081997
2018-08-31,gaussian,-0.05880976345945616
2018-09-03,gaussian,-0.054041115464831965
2018-09-04,gaussian,-0.05465136212726797
2018-09-05,gaussian,-0.06910232388080446
2018-09-06,gaussian,-0.07755851104135528
2018-09-07,gaussian,-0.08550923317027757
2018-09-10,gaussian,-0.09005428538538146
2018-09-11,gaussian,-0.09695199884433196
2018-09-12,gaussian,-0.08782921867093846
2018-09-13,gaussian,-0.09673284934967996
2018-09-14,gaussian,-0.09790098328350187
2018-09-17,gaussian,-0.10331313550851227
2018-09-18,gaussian,-0.08056203755868377
2018-09-19,gaussian,-0.06627960240916006
2018-09-20,gaussian,-0.047689179977724865
2018-09-21,gaussian,-0.059956325351639264
2018-09-24,gaussian,-0.05525288255784007
2018-09-25,gaussian,-0.06366586587268956
2018-09-26,gaussian,-0.07130557969018257
2018-09-27,gaussian,-0.10398958291232147
2018-09-28,gaussian,-0.09655870148597287
2018-10-01,gaussian,-0.10131590571886416
2018-10-02,gaussian,-0.09767393934416736
2018-10-03,gaussian,-0.09194505477561897
2018-10-04,gaussian,-0.10075883331304696
2018-10-05,gaussian,-0.09794853892000636
2018-10-08,gaussian,-0.11112255545677877
2018-10-09,gaussian,-0.11601715571434787
2018-10-10,gaussian,-0.15470358939176568
2018-10-11,gaussian,-0.1565006002552564
2018-10-12,gaussian,-0.16215220441390277
2018-10-15,gaussian,-0.14593130277579808
2018-10-16,gaussian,-0.13983383115572098
2018-10-17,gaussian,-0.16007356263629677
2018-10-18,gaussian,-0.1629026586652545
2018-10-19,gaussian,-0.1689325485045492
2018-10-22,gaussian,-0.1697720353266688
2018-10-23,gaussian,-0.19141821425529448
2018-10-24,gaussian,-0.176087787781555
2018-10-25,gaussian,-0.1876863609315051
2018-10-26,gaussian,-0.1836158197956137
2018-10-29,gaussian,-0.1845013642241202
2018-10-30,gaussian,-0.1733525734196898
2018-10-31,gaussian,-0.1591573067128266
2018-11-01,gaussian,-0.15654599695498939
2018-11-02,gaussian,-0.1599132408134853
2018-11-05,gaussian,-0.1620916547047492
2018-11-06,gaussian,-0.1485908575987856
2018-11-07,gaussian,-0.1355663175273798
2018-11-08,gaussian,-0.15042121917551549
2018-11-09,gaussian,-0.1536799642021933
2018-11-12,gaussian,-0.1496689688711055
2018-11-13,gaussian,-0.1533386765284136
2018-11-14,gaussian,-0.16080535901260531
2018-11-15,gaussian,-0.1910912056618225
2018-11-16,gaussian,-0.18862711555530298
2018-11-19,gaussian,-0.2040206427557349
2018-11-20,gaussian,-0.1926571734530525
2018-11-21,gaussian,-0.19582321661540447
2018-11-22,gaussian,-0.1840133675843223
2018-11-23,gaussian,-0.1900008708964719
2018-11-26,gaussian,-0.21006417731321791
2018-11-27,gaussian,-0.2075447268868981
2018-11-28,gaussian,-0.21801072559431459
2018-11-29,gaussian,-0.2179105381583793
2018-11-30,gaussian,-0.21182445301085298
2018-12-03,gaussian,-0.2462295007779972
2018-12-04,gaussian,-0.24902751809065443
2018-12-05,gaussian,-0.2863134815062009
2018-12-06,gaussian,-0.28762944498016746
2018-12-07,gaussian,-0.29550612998955555
2018-12-10,gaussian,-0.2983959006756682
2018-12-11,gaussian,-0.288996322897773
2018-12-12,gaussian,-0.28219828592742746
2018-12-13,gaussian,-0.29089993920779655
2018-12-14,gaussian,-0.2905310380801376
2018-12-17,gaussian,-0.288592496019505
2018-12-18,gaussian,-0.2946187403203185
2018-12-19,gaussian,-0.3165630490670336
2018-12-20,gaussian,-0.3211680704107909
2018-12-21,gaussian,-0.33331130230238576
2018-12-24,gaussian,-0.3322875736850824
2018-12-25,gaussian,-0.306400691241978
2018-12-26,gaussian,-0.3070066601079147
2018-12-27,gaussian,-0.3015359571835512
2018-12-28,gaussian,-0.30694323302801163
2018-12-31,gaussian,-0.30658442355423277
2019-01-01,gaussian,-0.29694668711044453
2019-01-02,gaussian,-0.3154879769971293
2019-01-03,gaussian,-0.27694804414625374
2019-01-04,gaussian,-0.2724629449449931
2019-01-07,gaussian,-0.27358655102100454
2019-01-08,gaussian,-0.27205195336383203
2019-01-09,gaussian,-0.2645803152479427
2019-01-10,gaussian,-0.26532799559505044
2019-01-11,gaussian,-0.27262591817719034
2019-01-14,gaussian,-0.2703873887645614
2019-01-15,gaussian,-0.2466167526021839
2019-01-16,gaussian,-0.22989173194516202
2019-01-17,gaussian,-0.19984874041114511
2019-01-18,gaussian,-0.207677655937748
2019-01-21,gaussian,-0.2036452097761384
2019-01-22,gaussian,-0.201613649694552
2019-01-23,gaussian,-0.19518450665404294
2019-01-24,gaussian,-0.1970338475926752
2019-01-25,gaussian,-0.1701059896694225
2019-01-28,gaussian,-0.1710511134934605
2019-01-29,gaussian,-0.1682642685607432
2019-01-30,gaussian,-0.17793938645441412
2019-01-31,gaussian,-0.1989757565033885
2019-02-01,gaussian,-0.2131293492187925
2019-02-04,gaussian,-0.208036353829003
2019-02-05,gaussian,-0.19681348178658212
2019-02-06,gaussian,-0.21687186232381372
2019-02-07,gaussian,-0.23092510586672194
2019-02-08,gaussian,-0.2205511296358257
2019-02-11,gaussian,-0.21509660886167903
2019-02-12,gaussian,-0.21145624072237562
2019-02-13,gaussian,-0.22706348054687722
2019-02-14,gaussian,-0.18395318355499832
2019-02-15,gaussian,-0.1663093296641731
2019-02-18,gaussian,-0.1585813796920096
2019-02-19,gaussian,-0.15104604975578942
2019-02-20,gaussian,-0.166461094605344
2019-02-21,gaussian,-0.16785249711485062
2019-02-22,gaussian,-0.16879925482828972
2019-02-25,gaussian,-0.17291531020706843
2019-02-26,gaussian,-0.1609925694351841
2019-02-27,gaussian,-0.15384682812891812
2019-02-28,gaussian,-0.1407701698619661
2019-03-01,gaussian,-0.1419722194316344
2019-03-04,gaussian,-0.15154363688345063
2019-03-05,gaussian,-0.15517615289786763
2019-03-06,gaussian,-0.1790998557224643
2019-03-07,gaussian,-0.1955550748903299
2019-03-08,gaussian,-0.1775366331373543
2019-03-11,gaussian,-0.1448460999702885
2019-03-12,gaussian,-0.13428266329010372
2019-03-13,gaussian,-0.1224636165482107
2019-03-14,gaussian,-0.1173728115379425
2019-03-15,gaussian,-0.11767442298492871
2019-03-18,gaussian,-0.1179954846516754
2019-03-19,gaussian,-0.1336278532957669
2019-03-20,gaussian,-0.1537529194714206
2019-03-21,gaussian,-0.1774538513931562
2019-03-22,gaussian,-0.1998663444375395
2019-03-25,gaussian,-0.17598357091638311
2019-03-26,gaussian,-0.165040246430265
2019-03-27,gaussian,-0.1767628739555661
2019-03-28,gaussian,-0.1684390678723025
2019-03-29,gaussian,-0.18537666869477462
2019-04-01,gaussian,-0.17986879935010022
2019-04-02,gaussian,-0.1670339319035344
2019-04-03,gaussian,-0.16382177516089683
2019-04-04,gaussian,-0.1680112926279634
2019-04-05,gaussian,-0.1774614661809094
2019-04-08,gaussian,-0.17753378426945432
2019-04-09,gaussian,-0.17845687379463301
2019-04-10,gaussian,-0.1655039653655011
2019-04-11,gaussian,-0.1413983732171769
2019-04-12,gaussian,-0.1367387663327925
2019-04-15,gaussian,-0.12101936287330861
2019-04-16,gaussian,-0.11259261804352402
2019-04-17,gaussian,-0.11357901775764331
2019-04-18,gaussian,-0.10920275470234722
2019-04-19,gaussian,-0.10100808968819291
2019-04-22,gaussian,-0.11071020900564751
2019-04-23,gaussian,-0.12632652103182151
2019-04-24,gaussian,-0.13765080024668033
2019-04-25,gaussian,-0.14392413943166732
2019-04-26,gaussian,-0.14766147105336772
2019-04-29,gaussian,-0.15317813756878593
2019-04-30,gaussian,-0.15125052356528443
2019-05-01,gaussian,-0.1534846947907574
2019-05-02,gaussian,-0.13830851497462882
2019-05-03,gaussian,-0.13904712372055733
2019-05-06,gaussian,-0.1481647245699669
2019-05-07,gaussian,-0.15174601914998442
2019-05-08,gaussian,-0.17447447788992002
2019-05-09,gaussian,-0.1631570684415183
2019-05-10,gaussian,-0.14324747829343681
2019-05-13,gaussian,-0.1321477631342158
2019-05-14,gaussian,-0.1358720646295291
2019-05-15,gaussian,-0.08735984266465631
2019-05-16,gaussian,-0.1066085825928693
2019-05-17,gaussian,-0.0992093577049819
2019-05-20,gaussian,-0.1104007818437819
2019-05-21,gaussian,-0.12033828400589011
2019-05-22,gaussian,-0.1246471647697951
2019-05-23,gaussian,-0.13510945461864082
2019-05-24,gaussian,-0.1395610422059787
2019-05-27,gaussian,-0.14485364546293453
2019-05-28,gaussian,-0.1501094683058513
2019-05-29,gaussian,-0.1451355002513525
2019-05-30,gaussian,-0.1565507852161925
2019-05-31,gaussian,-0.1577473931848097
2019-06-03,gaussian,-0.11575704882788511
2019-06-04,gaussian,-0.11526412805483431
2019-06-05,gaussian,-0.12194502944727821
2019-06-06,gaussian,-0.1184795320175483
2019-06-07,gaussian,-0.1032137596961756
2019-06-10,gaussian,-0.1095396248269286
2019-06-11,gaussian,-0.1218539238600494
2019-06-12,gaussian,-0.12400246134482601
2019-06-13,gaussian,-0.11971847933328371
2019-06-14,gaussian,-0.1240194414805582
2019-06-17,gaussian,-0.11119211120691362
2019-06-18,gaussian,-0.1021890308174032
2019-06-19,gaussian,-0.0977366009522483
2019-06-20,gaussian,-0.09778948359124821
2019-06-21,gaussian,-0.10581138106849722
2019-06-24,gaussian,-0.11794416016455442
2019-06-25,gaussian,-0.11071614754642872
2019-06-26,gaussian,-0.09599722218858311
2019-06-27,gaussian,-0.07792973641571761
2019-06-28,gaussian,-0.07530417570424162
2019-07-01,gaussian,-0.0785595468089123
2019-07-02,gaussian,-0.06717396950895851
2019-07-03,gaussian,-0.06472328466903592
2019-07-04,gaussian,-0.05798949721522742
2019-07-05,gaussian,-0.052997170526090515
2019-07-08,gaussian,-0.05706516403226231
2019-07-09,gaussian,-0.055170003277586206
2019-07-10,gaussian,-0.05759155978371311
2019-07-11,gaussian,-0.05559335849082231
2019-07-12,gaussian,-0.0680428992213333
2019-07-15,gaussian,-0.06544379100437821
2019-07-16,gaussian,-0.0759448503957246
2019-07-17,gaussian,-0.07502312411810991
2019-07-18,gaussian,-0.07749928956790471
2019-07-19,gaussian,-0.06007117062368421
2019-07-22,gaussian,-0.04557458813701251
2019-07-23,gaussian,-0.04861310695133101
2019-07-24,gaussian,-0.05258895961641281
2019-07-25,gaussian,-0.05290028717925141
2019-07-26,gaussian,-0.04625905454179131
2019-07-29,gaussian,-0.03537940657615761
2019-07-30,gaussian,-0.03816065242395401
2019-07-31,gaussian,-0.049612529199172306
2019-08-01,gaussian,-0.05982263413636631
2019-08-02,gaussian,-0.066600441245006
2019-08-05,gaussian,-0.0576679805621169
2019-08-06,gaussian,-0.0713424781395591
2019-08-07,gaussian,-0.0713536793418183
2019-08-08,gaussian,-0.0924217514494216
2019-08-09,gaussian,-0.0871986013018468
2019-08-12,gaussian,-0.0723372257783919
2019-08-13,gaussian,-0.1058630634163151
2019-08-14,gaussian,-0.1160069747811264
2019-08-15,gaussian,-0.0965369412466298
2019-08-16,gaussian,-0.08933448479631341
2019-08-19,gaussian,-0.0912843829077299
2019-08-20,gaussian,-0.0884793533415186
2019-08-21,gaussian,-0.0845144470296023
2019-08-22,gaussian,-0.09947931311905729
2019-08-23,gaussian,-0.0914178692864088
2019-08-26,gaussian,-0.0893433218768679
2019-08-27,gaussian,-0.084479087511081
2019-08-28,gaussian,-0.0688271373362483
2019-08-29,gaussian,-0.0604551357689824
2019-08-30,gaussian,-0.0647089883640609
2019-09-02,gaussian,-0.0808951478108665
2019-09-03,gaussian,-0.0688626955075266
2019-09-04,gaussian,-0.043434075939605896
2019-09-05,gaussian,-0.06530967011180819
2019-09-06,gaussian,-0.07839785745379169
2019-09-09,gaussian,-0.0646420144712706
2019-09-10,gaussian,-0.0568587328613517
2019-09-11,gaussian,-0.0577765264491132
2019-09-12,gaussian,-0.029016792492696796
2019-09-13,gaussian,-0.023866517581577096
2019-09-16,gaussian,-0.017088051845264695
2019-09-17,gaussian,-0.014273387139967994
2019-09-18,gaussian,0.0028751446135251053
2019-09-19,gaussian,0.008778361879165806
2019-09-20,gaussian,0.003933324090300406
2019-09-23,gaussian,-0.006182732293527695
2019-09-24,gaussian,-0.000571312859530995
2019-09-25,gaussian,-0.004248122650349694
2019-09-26,gaussian,0.008296948772603606
2019-09-27,gaussian,0.032099231400946206
2019-09-30,gaussian,0.016632519306169203
2019-10-01,gaussian,-0.008537958483591093
2019-10-02,gaussian,-0.019491344118163494
2019-10-03,gaussian,-0.016332349145878593
2019-10-04,gaussian,0.003195842302259406
2019-10-07,gaussian,-0.010630485207003595
2019-10-08,gaussian,-0.008212022969011695
2019-10-09,gaussian,0.023206838078717103
2019-10-10,gaussian,0.0733322216455287
2019-10-11,gaussian,0.0621048728160965
2019-10-14,gaussian,0.0997254726736721
2019-10-15,gaussian,0.10512261118003241
2019-10-16,gaussian,0.10411576820989711
2019-10-17,gaussian,0.0959757737610613
2019-10-18,gaussian,0.0851003252593298
2019-10-21,gaussian,0.0761513696690233
2019-10-22,gaussian,0.0766060274928742
2019-10-23,gaussian,0.07959973591205372
2019-10-24,gaussian,0.0696707573712857
2019-10-25,gaussian,0.057261069651534005
2019-10-28,gaussian,0.0734397738166444
2019-10-29,gaussian,0.0573877275076608
2019-10-30,gaussian,0.044368368719495004
2019-10-31,gaussian,0.061421209901878
2019-11-01,gaussian,0.0582669505946021
2019-11-04,gaussian,0.07790907824244031
2019-11-05,gaussian,0.0790767285133145
2019-11-06,gaussian,0.11284157335266361
2019-11-07,gaussian,0.0916801041221385
2019-11-08,gaussian,0.0946100285508982
2019-11-11,gaussian,0.0965025766702062
2019-11-12,gaussian,0.0809520439830002
2019-11-13,gaussian,0.0815103899737209
2019-11-14,gaussian,0.0867581682895904
2019-11-15,gaussian,0.0862575447664469
2019-11-18,gaussian,0.0943369452817206
2019-11-19,gaussian,0.0882698593887749
2019-11-20,gaussian,0.12251303140721802
2019-11-21,gaussian,0.13355736167775462
2019-11-22,gaussian,0.1708623491359319
2019-11-25,gaussian,0.1698724570681308
2019-11-26,gaussian,0.1729988504734112
2019-11-27,gaussian,0.1755126785988887
2019-11-28,gaussian,0.1623071279939282
2019-11-29,gaussian,0.1573404384590236
2019-12-02,gaussian,0.1542484048072889
2019-12-03,gaussian,0.1716368263248413
2019-12-04,gaussian,0.17283024505411793
2019-12-05,gaussian,0.19355686504651592
2019-12-06,gaussian,0.2134235740289963
2019-12-09,gaussian,0.2126399041057515
2019-12-10,gaussian,0.21129360565091082
2019-12-11,gaussian,0.23479390115896398
2019-12-12,gaussian,0.2241941151813801
2019-12-13,gaussian,0.22213644515147932
2019-12-16,gaussian,0.1898529492661512
2019-12-17,gaussian,0.187707258291193
2019-12-18,gaussian,0.1835236374542492
2019-12-19,gaussian,0.1709234268865146
2019-12-20,gaussian,0.1841223947210914
2019-12-23,gaussian,0.147246170663512
2019-12-24,gaussian,0.1461685893160512
2019-12-25,gaussian,0.1409835694822169
2019-12-26,gaussian,0.1376363644872365
2019-12-27,gaussian,0.12766025321035743
2019-12-30,gaussian,0.12833943590050773
2019-12-31,gaussian,0.1304992317582109
2020-01-01,gaussian,0.1456563540466865
2020-01-02,gaussian,0.111568861821787
2020-01-03,gaussian,0.1141614549936837
2020-01-06,gaussian,0.0938504244656605
2020-01-07,gaussian,0.0958082550718133
2020-01-08,gaussian,0.10867579813764709
2020-01-09,gaussian,0.0966615703084859
2020-01-10,gaussian,0.0928674440951832
2020-01-13,gaussian,0.07544504790887341
2020-01-14,gaussian,0.0604016342200032
2020-01-15,gaussian,0.0637695170018411
2020-01-16,gaussian,0.06343301212681861
2020-01-17,gaussian,0.07462839394002771
2020-01-20,gaussian,0.0758138572865206
2020-01-21,gaussian,0.07440222834643591
2020-01-22,gaussian,0.057360504486237696
2020-01-23,gaussian,0.042337510526296404
2020-01-24,gaussian,0.0649757743320193
2020-01-27,gaussian,0.0882811762735658
2020-01-28,gaussian,0.0889476952802135
2020-01-29,gaussian,0.078960622057418
2020-01-30,gaussian,0.062203028386103205
2020-01-31,gaussian,0.0748660923656128
2020-02-03,gaussian,0.0579304786734298
2020-02-04,gaussian,0.0751257544354289
2020-02-05,gaussian,0.0913450708422901
2020-02-06,gaussian,0.0836896849130791
2020-02-07,gaussian,0.09308352533421921
2020-02-10,gaussian,0.10014695835136729
2020-02-11,gaussian,0.1089938120055213
2020-02-12,gaussian,0.1059938700611154
2020-02-13,gaussian,0.0883730409594314
2020-02-14,gaussian,0.0891089670861914
2020-02-17,gaussian,0.0711935725442183
2020-02-18,gaussian,0.0706656727405016
2020-02-19,gaussian,0.07079198629019731
2020-02-20,gaussian,0.0622388238973533
2020-02-21,gaussian,0.0796633978306851
2020-02-24,gaussian,0.0684461494486939
2020-02-25,gaussian,0.0638381766048296
2020-02-26,gaussian,0.011498875349316103
2020-02-27,gaussian,-0.026559902100423395
2020-02-28,gaussian,-0.0355437195070519
2020-03-02,gaussian,-0.0633931710286093
2020-03-03,gaussian,-0.0551574258771285
2020-03-04,gaussian,-0.0934769386189189
2020-03-05,gaussian,-0.11309928701893851
2020-03-06,gaussian,-0.09718533253805431
2020-03-09,gaussian,-0.030085362956078804
2020-03-10,gaussian,-0.0310156810932113
2020-03-11,gaussian,-0.1693910949143104
2020-03-12,gaussian,-0.11810324327195679
2020-03-13,gaussian,-0.11726035830087919
2020-03-16,gaussian,-0.0753313719213582
2020-03-17,gaussian,-0.13899693944387892
2020-03-18,gaussian,-0.1290098064760248
2020-03-19,gaussian,-0.1626332692566092
2020-03-20,gaussian,-0.16748032644979022
2020-03-23,gaussian,-0.045733553777675504
2020-03-24,gaussian,0.005528574549405606
2020-03-25,gaussian,0.028339834618587606
2020-03-26,gaussian,-0.011279766038536095
2020-03-27,gaussian,-0.021595500218282895
2020-03-30,gaussian,-0.0724181601936996
2020-03-31,gaussian,-0.1333878904640978
2020-04-01,gaussian,-0.13604068746826378
2020-04-02,gaussian,-0.1709877066449718
2020-04-03,gaussian,-0.1690612286076693
2020-04-06,gaussian,-0.1405809184462214
2020-04-07,gaussian,-0.12866425404249499
2020-04-08,gaussian,-0.0888972638282716
2020-04-09,gaussian,-0.0700353711843552
2020-04-10,gaussian,-0.061845265095991704
2020-04-13,gaussian,-0.086277200902362
2020-04-14,gaussian,-0.1383342858922944
2020-04-15,gaussian,-0.1623827938228966
2020-04-16,gaussian,-0.1174525270492775
2020-04-17,gaussian,-0.1180595977511236
2020-04-20,gaussian,-0.1585329976541516
2020-04-21,gaussian,-0.1438933705608615
2020-04-22,gaussian,-0.0975283419858197
2020-04-23,gaussian,-0.1168444793318592
2020-04-24,gaussian,-0.1035562929650096
2020-04-27,gaussian,-0.0702964518197152
2020-04-28,gaussian,-0.01546946018674719
2020-04-29,gaussian,-0.0696494495128858
2020-04-30,gaussian,-0.06892848546953509
2020-05-01,gaussian,-0.07945854625351369
2020-05-04,gaussian,-0.0600496099369902
2020-05-05,gaussian,-0.0822794491307651
2020-05-06,gaussian,-0.0698631350028618
2020-05-07,gaussian,-0.042798809759148994
2020-05-08,gaussian,-0.023069212886672796
2020-05-11,gaussian,-0.045743907228270396
2020-05-12,gaussian,-0.078416664749543
2020-05-13,gaussian,-0.054190111553046996
2020-05-14,gaussian,-0.05518656501428349
2020-05-15,gaussian,-0.05554445764695749
2020-05-18,gaussian,-0.05365621076692019
2020-05-19,gaussian,-0.032583889625641495
2020-05-20,gaussian,-0.07611000697327619
2020-05-21,gaussian,-0.0815677749296488
2020-05-22,gaussian,-0.0725633582465864
2020-05-25,gaussian,-0.016460341746023295
2020-05-26,gaussian,0.0431083331451393
2020-05-27,gaussian,0.0264498378033325
2020-05-28,gaussian,0.010502506747273002
2020-05-29,gaussian,0.012136538227393101
2020-06-01,gaussian,0.042442133742913904
2020-06-02,gaussian,0.085682105380542
2020-06-03,gaussian,0.0863710753833844
2020-06-04,gaussian,0.1374275759798469
2020-06-05,gaussian,0.13800857752044332
2020-06-08,gaussian,0.10491685402510391
2020-06-09,gaussian,0.0821045563537061
2020-06-10,gaussian,0.005180322196607495
2020-06-11,gaussian,0.0209562913274564
2020-06-12,gaussian,0.012959956035824201
2020-06-15,gaussian,0.0477209194987285
2020-06-16,gaussian,0.034845409805300695
2020-06-17,gaussian,0.030721225434819196
2020-06-18,gaussian,0.008961691560858897
2020-06-19,gaussian,0.005863976780403896
2020-06-22,gaussian,0.0276110497833902
2020-06-23,gaussian,-0.009602348067419102
2020-06-24,gaussian,0.013088767585984998
2020-06-25,gaussian,-0.0261823312398244
2020-06-26,gaussian,-0.0335322518569574
2020-06-29,gaussian,-0.033093470462294
2020-06-30,gaussian,-0.0450541914394677
2020-07-01,gaussian,-0.0230820525106536
2020-07-02,gaussian,-0.0169177861856925
2020-07-03,gaussian,-0.0187357356835319
2020-07-06,gaussian,-0.028899102023064
2020-07-07,gaussian,-0.0313250061002737
2020-07-08,gaussian,-0.062471037844614
2020-07-09,gaussian,-0.0213804672212936
2020-07-10,gaussian,-0.0204582619285225
2020-07-13,gaussian,-0.0290924469281164
2020-07-14,gaussian,-0.010733766923643601
2020-07-15,gaussian,0.0100522380460224
2020-07-16,gaussian,-0.004095126412028301
2020-07-17,gaussian,0.008558894947307296
2020-07-20,gaussian,0.04562039417571259
2020-07-21,gaussian,0.0398162021583171
2020-07-22,gaussian,0.022970862921231898
2020-07-23,gaussian,0.030876726119766197
2020-07-24,gaussian,0.020322256473557093
2020-07-27,gaussian,0.03473661327045069
2020-07-28,gaussian,0.019533473418394093
2020-07-29,gaussian,-0.02479965032181631
2020-07-30,gaussian,0.0048938366612423945
2020-07-31,gaussian,0.018074978345183297
2020-08-03,gaussian,0.009074758288351897
2020-08-04,gaussian,0.015752867565140997
2020-08-05,gaussian,0.02739806021541806
2020-08-06,gaussian,0.02774816574820806
2020-08-07,gaussian,0.019875555556171758
2020-08-10,gaussian,0.06754826346221286
2020-08-11,gaussian,0.06862680448426436
2020-08-12,gaussian,0.058620030831491754
2020-08-13,gaussian,0.05264421739704366
2020-08-14,gaussian,0.03661943527828136
2020-08-17,gaussian,0.023911514917301056
2020-08-18,gaussian,0.04162609277527807
2020-08-19,gaussian,0.030747887076755766
2020-08-20,gaussian,0.01614591780956746
2020-08-21,gaussian,-0.012731427580902238
2020-08-24,gaussian,-0.014090031320797237
2020-08-25,gaussian,-0.005963133853403637
2020-08-26,gaussian,-0.036225372360913936
2020-08-27,gaussian,-0.035094560238664335
2020-08-28,gaussian,-0.03561055641968014
2020-08-31,gaussian,-0.07439451238451394
2020-09-01,gaussian,-0.07546921831993494
2020-09-02,gaussian,-0.060693010548069644
2020-09-03,gaussian,-0.04367045889178664
2020-09-04,gaussian,-0.05130181435151504
2020-09-07,gaussian,-0.09149742038996093
2020-09-08,gaussian,-0.08606063839049394
2020-09-09,gaussian,-0.07213894649871204
2020-09-10,gaussian,-0.07928158611493884
2020-09-11,gaussian,-0.07499467868462853
2020-09-14,gaussian,-0.09680068017634963
2020-09-15,gaussian,-0.09166383753833393
2020-09-16,gaussian,-0.08553360105260284
2020-09-17,gaussian,-0.07883829487558254
2020-09-18,gaussian,-0.07657532955028644
2020-09-21,gaussian,-0.09647408587988543
2020-09-22,gaussian,-0.11359043387775374
2020-09-23,gaussian,-0.09198450776013774
2020-09-24,gaussian,-0.09591835428247573
2020-09-25,gaussian,-0.11588896333708223
2020-09-28,gaussian,-0.16240447337677943
2020-09-29,gaussian,-0.14772980517853704
2020-09-30,gaussian,-0.17213908712305084
2020-10-01,gaussian,-0.16926761552700004
2020-10-02,gaussian,-0.17105528914651352
2020-10-05,gaussian,-0.14967601280972073
2020-10-06,gaussian,-0.14723163617488283
2020-10-07,gaussian,-0.13778236894208423
2020-10-08,gaussian,-0.14499982236324382
2020-10-09,gaussian,-0.14486426571499852
2020-10-12,gaussian,-0.17666249033557543
2020-10-13,gaussian,-0.18673770854615382
2020-10-14,gaussian,-0.19529316954587334
2020-10-15,gaussian,-0.17168060382836622
2020-10-16,gaussian,-0.16618410838898343
2020-10-19,gaussian,-0.16281566199515093
2020-10-20,gaussian,-0.17441037183515173
2020-10-21,gaussian,-0.16394255318286394
2020-10-22,gaussian,-0.14635092089569035
2020-10-23,gaussian,-0.1595712291843313
2020-10-26,gaussian,-0.17504082234129892
2020-10-27,gaussian,-0.20668781530187463
2020-10-28,gaussian,-0.21574827619048426
2020-10-29,gaussian,-0.18951107147757343
2020-10-30,gaussian,-0.18589628733112323
2020-11-02,gaussian,-0.15805975713778764
2020-11-03,gaussian,-0.16539156467246602
2020-11-04,gaussian,-0.16446903569771051
2020-11-05,gaussian,-0.16324633561193982
2020-11-06,gaussian,-0.16353792578774892
2020-11-09,gaussian,-0.15053703184627532
2020-11-10,gaussian,-0.14864457666196043
2020-11-11,gaussian,-0.16307369773763913
2020-11-12,gaussian,-0.15513371712109852
2020-11-13,gaussian,-0.15232810188011991
2020-11-16,gaussian,-0.14448972001430324
2020-11-17,gaussian,-0.13950351058002874
2020-11-18,gaussian,-0.13230806878526483
2020-11-19,gaussian,-0.15126892508801215
2020-11-20,gaussian,-0.15396946094799915
2020-11-23,gaussian,-0.11634316738081124
2020-11-24,gaussian,-0.12444906186964974
2020-11-25,gaussian,-0.12967442215169794
2020-11-26,gaussian,-0.12477816415968883
2020-11-27,gaussian,-0.14940047863488035
2020-11-30,gaussian,-0.13896158211746043
2020-12-01,gaussian,-0.11382030478410093
2020-12-02,gaussian,-0.09833858304907304
2020-12-03,gaussian,-0.08278502226839445
2020-12-04,gaussian,-0.08224846020811234
2020-12-07,gaussian,-0.08701350171780833
2020-12-08,gaussian,-0.08565238330588984
2020-12-09,gaussian,-0.09322154933105165
2020-12-10,gaussian,-0.11329740970057364
2020-12-11,gaussian,-0.11694598306816335
2020-12-14,gaussian,-0.09681710876417735
2020-12-15,gaussian,-0.09644563043578125
2020-12-16,gaussian,-0.09456730467565275
2020-12-17,gaussian,-0.10361589818098284
2020-12-18,gaussian,-0.12057479698353343
2020-12-21,gaussian,-0.10063828413941094
2020-12-22,gaussian,-0.08047301661817555
2020-12-23,gaussian,-0.08096386034884674
2020-12-24,gaussian,-0.08315170578708804
2020-12-25,gaussian,-0.08504647057503094
2020-12-28,gaussian,-0.09000476293669445
2020-12-29,gaussian,-0.08624197055979203
2020-12-30,gaussian,-0.07941731836533214
2020-12-31,gaussian,-0.07054680630715043
2021-01-01,gaussian,-0.07341919355110765
2021-01-04,gaussian,-0.07522539184468795
2021-01-05,gaussian,-0.012912166234399149
2021-01-06,gaussian,0.011527784734530257
2021-01-07,gaussian,-0.0012249995560830416
2021-01-08,gaussian,0.003987762695654258
2021-01-11,gaussian,0.013993357877354257
2021-01-12,gaussian,0.012256508396111258
2021-01-13,gaussian,0.006161127896828957
2021-01-14,gaussian,-0.012183349092699042
2021-01-15,gaussian,-0.013315210580548242
2021-01-18,gaussian,-0.010165207915861842
2021-01-19,gaussian,-0.010712039665416942
2021-01-20,gaussian,-0.028292117224100945
2021-01-21,gaussian,-0.05636382953621144
2021-01-22,gaussian,-0.06955403878961335
2021-01-25,gaussian,-0.05439860194275564
2021-01-26,gaussian,-0.07962493828864595
2021-01-27,gaussian,-0.07198736218344425
2021-01-28,gaussian,-0.10236301321066245
2021-01-29,gaussian,-0.10073963950440805
2021-02-01,gaussian,-0.06624421586030754
2021-02-02,gaussian,-0.05135317859258664
2021-02-03,gaussian,-0.008625852830943345
2021-02-04,gaussian,-0.0056593427943814455
2021-02-05,gaussian,-0.00012101688914004486
2021-02-08,gaussian,0.009653961802804254
2021-02-09,gaussian,0.019371177472114955
2021-02-10,gaussian,0.044233290522364556
2021-02-11,gaussian,0.057662095580394555
2021-02-12,gaussian,0.10466809726087085
2021-02-15,gaussian,0.15224472935118985
2021-02-16,gaussian,0.14547557383804205
2021-02-17,gaussian,0.14864910361073547
2021-02-18,gaussian,0.16729268026472524
2021-02-19,gaussian,0.20696580322050795
2021-02-22,gaussian,0.25528113295909394
2021-02-23,gaussian,0.27139820164794215
2021-02-24,gaussian,0.23379023489491654
2021-02-25,gaussian,0.20764724454478314
2021-02-26,gaussian,0.33926353371836004
2021-03-01,gaussian,0.27746063621403055
2021-03-02,gaussian,0.30104656922485545
2021-03-03,gaussian,0.2463461379730738
2021-03-04,gaussian,0.31714929565979394
2021-03-05,gaussian,0.30345269185764395
2021-03-08,gaussian,0.31120086383956824
2021-03-09,gaussian,0.31666894001277507
2021-03-10,gaussian,0.19062280720055647
2021-03-11,gaussian,0.15718995811432146
2021-03-12,gaussian,0.13480143998491403
2021-03-15,gaussian,0.16957913343789666
2021-03-16,gaussian,0.17889448928940527
2021-03-17,gaussian,0.23827190900384057
2021-03-18,gaussian,0.28197740426654033
2021-03-19,gaussian,0.27343062802753765
2021-03-22,gaussian,0.2923633296586086
2021-03-23,gaussian,0.28727837549090085
2021-03-24,gaussian,0.26663206028245706
2021-03-25,gaussian,0.2626183558122445
2021-03-26,gaussian,0.22555343873247177
2021-03-29,gaussian,0.24408408746133795
2021-03-30,gaussian,0.22802797995068586
2021-03-31,gaussian,0.25181582440550004
2021-04-01,gaussian,0.3056102280153731
2021-04-02,gaussian,0.3287172101489927
2021-04-05,gaussian,0.28997068327187175
2021-04-06,gaussian,0.2948732440113734
2021-04-07,gaussian,0.33060353000869314
2021-04-08,gaussian,0.3157273411208121
2021-04-09,gaussian,0.29216133209108414
2021-04-12,gaussian,0.3084169130896804
2021-04-13,gaussian,0.31447581507847366
2021-04-14,gaussian,0.27244528104559035
2021-04-15,gaussian,0.22700834291134225
2021-04-16,gaussian,0.27442759292065894
2021-04-19,gaussian,0.25392136807898846
2021-04-20,gaussian,0.24876698114302712
2021-04-21,gaussian,0.24286756748400945
2021-04-22,gaussian,0.27884750046062934
2021-04-23,gaussian,0.25940468129137484
2021-04-26,gaussian,0.25465921137258346
2021-04-27,gaussian,0.26746683098146945
2021-04-28,gaussian,0.30264338409152836
2021-04-29,gaussian,0.3228748565339268
2021-04-30,gaussian,0.3112544402220201
2021-05-03,gaussian,0.30899628714385136
2021-05-04,gaussian,0.32679784069643275
2021-05-05,gaussian,0.3558939579981488
2021-05-06,gaussian,0.3412095666144026
2021-05-07,gaussian,0.3562960098095469
2021-05-10,gaussian,0.34339036973997106
2021-05-11,gaussian,0.3465728616597944
2021-05-12,gaussian,0.29589010931223636
2021-05-13,gaussian,0.25179362566131075
2021-05-14,gaussian,0.26367399434346284
2021-05-17,gaussian,0.29699167774145957
2021-05-18,gaussian,0.28805001087264864
2021-05-19,gaussian,0.26097464402435144
2021-05-20,gaussian,0.22815933840897967
2021-05-21,gaussian,0.21234676136459613
2021-05-24,gaussian,0.15786602699391583
2021-05-25,gaussian,0.15499702540396232
2021-05-26,gaussian,0.19725094264141463
2021-05-27,gaussian,0.22624107293179013
2021-05-28,gaussian,0.30800683635028325
2021-05-31,gaussian,0.296256746758608
2021-06-01,gaussian,0.29755673170249264
2021-06-02,gaussian,0.2576429703942993
2021-06-03,gaussian,0.26103653108274205
2021-06-04,gaussian,0.2710168325247684
2021-06-07,gaussian,0.27664103563959486
2021-06-08,gaussian,0.26512102578275676
2021-06-09,gaussian,0.23130902857143454
2021-06-10,gaussian,0.2696963699427302
2021-06-11,gaussian,0.24862582831842955
2021-06-14,gaussian,0.28500906889440664
2021-06-15,gaussian,0.276534586769017
2021-06-16,gaussian,0.2654786733499291
2021-06-17,gaussian,0.24811921709949422
2021-06-18,gaussian,0.22078850663158064
2021-06-21,gaussian,0.23225997854664954
2021-06-22,gaussian,0.23118823108896483
2021-06-23,gaussian,0.25776435397868563
2021-06-24,gaussian,0.2666171526916117
2021-06-25,gaussian,0.2828874525762128
2021-06-28,gaussian,0.24831286888693724
2021-06-29,gaussian,0.24597461812167873
2021-06-30,gaussian,0.26321316318198457
2021-07-01,gaussian,0.23685707549449164
2021-07-02,gaussian,0.23215258829557925
2021-07-05,gaussian,0.23033542566010815
2021-07-06,gaussian,0.22261279590978145
2021-07-07,gaussian,0.18052452458228582
2021-07-08,gaussian,0.21707277618599424
2021-07-09,gaussian,0.22564335421380632
2021-07-12,gaussian,0.22221352787182982
2021-07-13,gaussian,0.22088476322423314
2021-07-14,gaussian,0.22151324069281084
2021-07-15,gaussian,0.22028025033125073
2021-07-16,gaussian,0.25183490226380373
2021-07-19,gaussian,0.2679166735725386
2021-07-20,gaussian,0.2911736202311246
2021-07-21,gaussian,0.27269260895505454
2021-07-22,gaussian,0.27364290133703123
2021-07-23,gaussian,0.27364678111188406
2021-07-26,gaussian,0.27212027778859277
2021-07-27,gaussian,0.27026968503736204
2021-07-28,gaussian,0.2507560405656142
2021-07-29,gaussian,0.24414263002546327
2021-07-30,gaussian,0.2594774073419637
2021-08-02,gaussian,0.2708243843943653
2021-08-03,gaussian,0.2744292505305155
2021-08-04,gaussian,0.29470709926285915
2021-08-05,gaussian,0.2960173430942107
2021-08-06,gaussian,0.317331806578547
2021-08-09,gaussian,0.32330673723229686
2021-08-10,gaussian,0.333264672215792
2021-08-11,gaussian,0.33227398590790197
2021-08-12,gaussian,0.3208386407271265
2021-08-13,gaussian,0.32691478987995404
2021-08-16,gaussian,0.30714344225343027
2021-08-17,gaussian,0.30477955991852196
2021-08-18,gaussian,0.30674890424560897
2021-08-19,gaussian,0.30675386322450526
2021-08-20,gaussian,0.31320364367461156
2021-08-23,gaussian,0.29955264267521803
2021-08-24,gaussian,0.31642470753709817
2021-08-25,gaussian,0.3441348961329691
2021-08-26,gaussian,0.33999189629122145
2021-08-27,gaussian,0.3392745316631106
2021-08-30,gaussian,0.33775766023202436
2021-08-31,gaussian,0.33818078449654726
2021-09-01,gaussian,0.3566026425258053
2021-09-02,gaussian,0.34907033033053714
2021-09-03,gaussian,0.36429641498077314
2021-09-06,gaussian,0.38383474006047996
2021-09-07,gaussian,0.3705928159705951
2021-09-08,gaussian,0.37722753614504817
2021-09-09,gaussian,0.3947308679823253
2021-09-10,gaussian,0.3898024212916609
2021-09-13,gaussian,0.3805344323420313
2021-09-14,gaussian,0.38180528972132083
2021-09-15,gaussian,0.40522491635919394
2021-09-16,gaussian,0.3860753411444059
2021-09-17,gaussian,0.389096162023052
2021-09-20,gaussian,0.37875383019184966
2021-09-21,gaussian,0.40345115894257655
2021-09-22,gaussian,0.39623669294191066
2021-09-23,gaussian,0.40321183331559635
2021-09-24,gaussian,0.39090288315971644
2021-09-27,gaussian,0.38751429399307796
2021-09-28,gaussian,0.396556924277503
2021-09-29,gaussian,0.4114215862137512
2021-09-30,gaussian,0.42301937929045325
2021-10-01,gaussian,0.42962796186006363
2021-10-04,gaussian,0.44965160120937
2021-10-05,gaussian,0.45122771641885606
2021-10-06,gaussian,0.44808899943292263
2021-10-07,gaussian,0.4640748522270899
2021-10-08,gaussian,0.44658013104326344
2021-10-11,gaussian,0.424449402399534
2021-10-12,gaussian,0.4075758744769842
2021-10-13,gaussian,0.44073865950089586
2021-10-14,gaussian,0.4884687443378394
2021-10-15,gaussian,0.4925428384934255
2021-10-18,gaussian,0.48375719311047566
2021-10-19,gaussian,0.48723449496108495
2021-10-20,gaussian,0.4472954044437011
2021-10-21,gaussian,0.45886994441276674
2021-10-22,gaussian,0.45510848241080226
2021-10-25,gaussian,0.46419896964233337
2021-10-26,gaussian,0.4503540066277928
2021-10-27,gaussian,0.43153115666147007
2021-10-28,gaussian,0.4357528231642562
2021-10-29,gaussian,0.45322458553203476
2021-11-01,gaussian,0.4409420970076356
2021-11-02,gaussian,0.44117285811957335
2021-11-03,gaussian,0.42379620120152517
2021-11-04,gaussian,0.41926889029868336
2021-11-05,gaussian,0.4253867803313956
2021-11-08,gaussian,0.4196053587395435
2021-11-09,gaussian,0.4292246602243279
2021-11-10,gaussian,0.377228483638499
2021-11-11,gaussian,0.3820802930491102
2021-11-12,gaussian,0.38860623607120026
2021-11-15,gaussian,0.3791573865029856
2021-11-16,gaussian,0.37229063488315595
2021-11-17,gaussian,0.33923577475674144
2021-11-18,gaussian,0.2960642145655922
2021-11-19,gaussian,0.2882799454603739
2021-11-22,gaussian,0.2743207509323354
2021-11-23,gaussian,0.2738590063331754
2021-11-24,gaussian,0.281895219261268
2021-11-25,gaussian,0.22730184987612637
2021-11-26,gaussian,0.23460013443649347
2021-11-29,gaussian,0.24723074781605553
2021-11-30,gaussian,0.25309493531846766
2021-12-01,gaussian,0.2524987488113414
2021-12-02,gaussian,0.24963401206198427
2021-12-03,gaussian,0.24688619887164157
2021-12-06,gaussian,0.2696553163490145
2021-12-07,gaussian,0.2641880530221571
2021-12-08,gaussian,0.25849808085797377
2021-12-09,gaussian,0.23138990974439907
2021-12-10,gaussian,0.22753616719667796
2021-12-13,gaussian,0.23697230805010938
2021-12-14,gaussian,0.23112398294355127
2021-12-15,gaussian,0.26640235008235824
2021-12-16,gaussian,0.24755588195575584
2021-12-17,gaussian,0.24372689393638255
2021-12-20,gaussian,0.27203375094571347
2021-12-21,gaussian,0.27569617904702737
2021-12-22,gaussian,0.287333971307119
2021-12-23,gaussian,0.22520547766608356
2021-12-24,gaussian,0.20681765650924216
2021-12-27,gaussian,0.22423510857504167
2021-12-28,gaussian,0.22235207288664446
2021-12-29,gaussian,0.21628591228389846
2021-12-30,gaussian,0.21517760821429846
2021-12-31,gaussian,0.21041926634188435
2022-01-03,gaussian,0.25830081270341254
2022-01-04,gaussian,0.25942676979151613
2022-01-05,gaussian,0.28763180019845735
2022-01-06,gaussian,0.30086345502623646
2022-01-07,gaussian,0.30599632701537
2022-01-10,gaussian,0.3195418891401652
2022-01-11,gaussian,0.3269170541032326
2022-01-12,gaussian,0.3270972988439992
2022-01-13,gaussian,0.342953635560137
2022-01-14,gaussian,0.32688313523604035
2022-01-17,gaussian,0.32864870590220835
2022-01-18,gaussian,0.3143873005649758
2022-01-19,gaussian,0.28201058304132914
2022-01-20,gaussian,0.24806741283283065
2022-01-21,gaussian,0.22097285097152217
2022-01-24,gaussian,0.24192048664563456
2022-01-25,gaussian,0.25546737303630035
2022-01-26,gaussian,0.2545587238839378
2022-01-27,gaussian,0.24504376435148686
2022-01-28,gaussian,0.25441679706797454
2022-01-31,gaussian,0.27012748296372985
2022-02-01,gaussian,0.28450926426930745
2022-02-02,gaussian,0.26716738045219096
2022-02-03,gaussian,0.2872199489393877
2022-02-04,gaussian,0.3063718304782503
2022-02-07,gaussian,0.29557456844849966
2022-02-08,gaussian,0.2982670553161205
2022-02-09,gaussian,0.28429173805876223
2022-02-10,gaussian,0.2558772132803589
2022-02-11,gaussian,0.25448585583956806
2022-02-14,gaussian,0.29431593017958396
2022-02-15,gaussian,0.2903813097998483
2022-02-16,gaussian,0.2751969179540138
2022-02-17,gaussian,0.2469716041992976
2022-02-18,gaussian,0.25722639364521455
2022-02-21,gaussian,0.2465169020200669
2022-02-22,gaussian,0.23444115600117196
2022-02-23,gaussian,0.18299741197750435
2022-02-24,gaussian,0.21446785957861336
2022-02-25,gaussian,0.22409810850363426
2022-02-28,gaussian,0.14520346267797016
2022-03-01,gaussian,0.16028459809198867
2022-03-02,gaussian,0.15478757726220066
2022-03-03,gaussian,0.07228488211548134
2022-03-04,gaussian,0.045899925865519955
2022-03-07,gaussian,0.08392003742518415
2022-03-08,gaussian,0.13673726092706806
2022-03-09,gaussian,0.13767721069886535
2022-03-10,gaussian,0.13607466697759585
2022-03-11,gaussian,0.13091365246205497
2022-03-14,gaussian,0.12409024046920275
2022-03-15,gaussian,0.17117152500177266
2022-03-16,gaussian,0.15192506323575775
2022-03-17,gaussian,0.17512063326723767
2022-03-18,gaussian,0.17481084865445107
2022-03-21,gaussian,0.19604415277018974
2022-03-22,gaussian,0.17784379368505143
2022-03-23,gaussian,0.16484330540856335
2022-03-24,gaussian,0.15783694806231555
2022-03-25,gaussian,0.16285348299841707
2022-03-28,gaussian,0.17558451916365525
2022-03-29,gaussian,0.16133570458558805
2022-03-30,gaussian,0.14747420482077744
2022-03-31,gaussian,0.14561535483645677
2022-04-01,gaussian,0.15175593744741944
2022-04-04,gaussian,0.12416410558647968
2022-04-05,gaussian,0.09872939217497546
2022-04-06,gaussian,0.11283044321372705
2022-04-07,gaussian,0.13147265527209226
2022-04-08,gaussian,0.12851801212188546
2022-04-11,gaussian,0.10052270513284896
2022-04-12,gaussian,0.09882983194255696
2022-04-13,gaussian,0.09629571316498967
2022-04-14,gaussian,0.08052036843163116
2022-04-15,gaussian,0.060823786474885955
2022-04-18,gaussian,0.07777857924596995
2022-04-19,gaussian,0.09393508224914356
2022-04-20,gaussian,0.10405826290787117
2022-04-21,gaussian,0.059032658569725754
2022-04-22,gaussian,0.042363959721248054
2022-04-25,gaussian,0.006614521309384856
2022-04-26,gaussian,0.0008378309377283589
2022-04-27,gaussian,0.031189970470472957
2022-04-28,gaussian,0.026078243256689657
2022-04-29,gaussian,0.018305979872059057
2022-05-02,gaussian,0.022058730282164457
2022-05-03,gaussian,0.025913212432580955
2022-05-04,gaussian,0.013030994256819256
2022-05-05,gaussian,0.009986632465004657
2022-05-06,gaussian,0.011563082061569759
2022-05-09,gaussian,0.00814981835216486
2022-05-10,gaussian,0.0010920082718403586
2022-05-11,gaussian,-0.010526949306974242
2022-05-12,gaussian,0.007125608831755061
2022-05-13,gaussian,-0.004036376541570038
2022-05-16,gaussian,0.013752122497341862
2022-05-17,gaussian,0.01914908377724906
2022-05-18,gaussian,-0.0002048277043858373
2022-05-19,gaussian,0.005137099944316362
2022-05-20,gaussian,0.003112056968303763
2022-05-23,gaussian,0.020000827236066263
2022-05-24,gaussian,0.029300465945686166
2022-05-25,gaussian,0.05374495587733186
2022-05-26,gaussian,0.07485880385084245
2022-05-27,gaussian,0.08178714063321627
2022-05-30,gaussian,0.08087707583416197
2022-05-31,gaussian,0.07287797585483496
2022-06-01,gaussian,0.0738149010793633
2022-06-02,gaussian,0.08625110225919251
2022-06-03,gaussian,0.09530655147993071
2022-06-06,gaussian,0.12518990185799309
2022-06-07,gaussian,0.11374696566036019
2022-06-08,gaussian,0.0832313333210123
2022-06-09,gaussian,0.0343617467791563
2022-06-10,gaussian,0.0229082649165566
2022-06-13,gaussian,0.015234648754883302
2022-06-14,gaussian,0.0369738283261343
2022-06-15,gaussian,0.012948454472905501
2022-06-16,gaussian,0.0243108222028347
2022-06-17,gaussian,0.0122449943135069
2022-06-20,gaussian,0.0378087649749431
2022-06-21,gaussian,0.0389372938617367
2022-06-22,gaussian,0.030606012612739406
2022-06-23,gaussian,0.0609613081572482
2022-06-24,gaussian,0.08757425095296531
2022-06-27,gaussian,0.059839750332643306
2022-06-28,gaussian,0.0461306930583102
2022-06-29,gaussian,0.022541380672372102
2022-06-30,gaussian,0.020909459238143302
2022-07-01,gaussian,0.019378581251558197
2022-07-04,gaussian,0.020794865085590697
2022-07-05,gaussian,-0.0016613313579326994
2022-07-06,gaussian,0.008759034859830803
2022-07-07,gaussian,-0.002972972052924896
2022-07-08,gaussian,0.0033179328414051036
2022-07-11,gaussian,-0.020333748429756895
2022-07-12,gaussian,-0.0328120034722469
2022-07-13,gaussian,-0.0638688268479736
2022-07-14,gaussian,-0.0325800186389588
2022-07-15,gaussian,-0.045163969321361
2022-07-18,gaussian,-0.004158661421459896
2022-07-19,gaussian,-0.005101691897391097
2022-07-20,gaussian,-0.0171849084137694
2022-07-21,gaussian,-0.0283633345269017
2022-07-22,gaussian,-0.0374075510065805
2022-07-25,gaussian,-0.06838845397736219
2022-07-26,gaussian,-0.0606252271174913
2022-07-27,gaussian,-0.06070003755639629
2022-07-28,gaussian,-0.05217486512034809
2022-07-29,gaussian,-0.05070107885018929
2022-08-01,gaussian,-0.0477379729384125
2022-08-02,gaussian,-0.0384983003342251
2022-08-03,gaussian,-0.027595758711341862
2022-08-04,gaussian,-0.01306593337549026
2022-08-05,gaussian,0.0034019276206896393
2022-08-08,gaussian,0.005913368504968539
2022-08-09,gaussian,0.01649147193989754
2022-08-10,gaussian,0.02477334879031904
2022-08-11,gaussian,0.022769616985394137
2022-08-12,gaussian,0.025709850787631636
2022-08-15,gaussian,0.022066256927524036
2022-08-16,gaussian,0.015026777005593637
2022-08-17,gaussian,0.01661043165687784
2022-08-18,gaussian,-0.01282290064300336
2022-08-19,gaussian,-0.01708922834592446
2022-08-22,gaussian,-0.018109245556807763
2022-08-23,gaussian,-0.015832982393873762
2022-08-24,gaussian,-0.01564390872365136
2022-08-25,gaussian,-0.023329963624870362
2022-08-26,gaussian,-0.019322394062086364
2022-08-29,gaussian,-0.021042406000909564
2022-08-30,gaussian,-0.020106435553386464
2022-08-31,gaussian,-0.01829752745654336
2022-09-01,gaussian,0.005720452255470739
2022-09-02,gaussian,0.00033713101910893845
2022-09-05,gaussian,0.018387536336040636
2022-09-06,gaussian,0.014139374695790938
2022-09-07,gaussian,0.04494075018194554
2022-09-08,gaussian,0.03567339319094974
2022-09-09,gaussian,0.01849978649922824
2022-09-12,gaussian,-0.01347100630057086
2022-09-13,gaussian,-0.01941831291892286
2022-09-14,gaussian,0.006426603223220237
2022-09-15,gaussian,-0.010022086725791864
2022-09-16,gaussian,0.0033396573933412357
2022-09-19,gaussian,-0.0034272980580167646
2022-09-20,gaussian,-0.019514984646949264
2022-09-21,gaussian,-0.062134442490286365
2022-09-22,gaussian,-0.09297053880920547
2022-09-23,gaussian,-0.10658340174217945
2022-09-26,gaussian,-0.12585064832577716
2022-09-27,gaussian,-0.14509316609046047
2022-09-28,gaussian,-0.14981925808770227
2022-09-29,gaussian,-0.12128373525440526
2022-09-30,gaussian,-0.12917892719350665
2022-10-03,gaussian,-0.09691912012660515
2022-10-04,gaussian,-0.10509898181188017
2022-10-05,gaussian,-0.12525759825365185
2022-10-06,gaussian,-0.14700654800129825
2022-10-07,gaussian,-0.14267121641943925
2022-10-10,gaussian,-0.16938576242349526
2022-10-11,gaussian,-0.17545722290986535
2022-10-12,gaussian,-0.14854544452129187
2022-10-13,gaussian,-0.11858447676908584
2022-10-14,gaussian,-0.12100883370211615
2022-10-17,gaussian,-0.10752821336467674
2022-10-18,gaussian,-0.11540529163220516
2022-10-19,gaussian,-0.11917150033565946
2022-10-20,gaussian,-0.10483285908754916
2022-10-21,gaussian,-0.09148861120825237
2022-10-24,gaussian,-0.07800221676600605
2022-10-25,gaussian,-0.07362078098727105
2022-10-26,gaussian,-0.05247001548354486
2022-10-27,gaussian,-0.08440489774260386
2022-10-28,gaussian,-0.08473539041554726
2022-10-31,gaussian,-0.07467391233825747
2022-11-01,gaussian,-0.07397998863012377
2022-11-02,gaussian,-0.07232278120632066
2022-11-03,gaussian,-0.04948252447668747
2022-11-04,gaussian,-0.042153657333213364
2022-11-07,gaussian,-0.011471256211786464
2022-11-08,gaussian,-0.018358720925064263
2022-11-09,gaussian,0.008487208491552836
2022-11-10,gaussian,0.031082754126535734
2022-11-11,gaussian,0.03077405683208553
2022-11-14,gaussian,0.09076378060561943
2022-11-15,gaussian,0.08867218740440162
2022-11-16,gaussian,0.09757233086794365
2022-11-17,gaussian,0.09799968300916793
2022-11-18,gaussian,0.08027960255011614
2022-11-21,gaussian,0.08437178440736484
2022-11-22,gaussian,0.08918479007022274
2022-11-23,gaussian,0.08993589348019183
2022-11-24,gaussian,0.09568021029639753
2022-11-25,gaussian,0.09175052567898034
2022-11-28,gaussian,0.10920071429466693
2022-11-29,gaussian,0.11325216536064263
2022-11-30,gaussian,0.09158667563192124
2022-12-01,gaussian,0.10133317623484313
2022-12-02,gaussian,0.08099576920527443
2022-12-05,gaussian,0.08285338388442423
2022-12-06,gaussian,0.07766366717212304
2022-12-07,gaussian,0.05840712269645764
2022-12-08,gaussian,0.06076786346863444
2022-12-09,gaussian,0.04848592944442834
2022-12-12,gaussian,0.061973957761988135
2022-12-13,gaussian,0.05764610568426134
2022-12-14,gaussian,0.03658974933024474
2022-12-15,gaussian,0.03517981559589664
2022-12-16,gaussian,0.035040502934463036
2022-12-19,gaussian,0.059616909935360236
2022-12-20,gaussian,0.08368265166839724
2022-12-21,gaussian,0.047403552710617546
2022-12-22,gaussian,0.048813472471698635
2022-12-23,gaussian,0.030575664932082438
2022-12-26,gaussian,0.018118715875374638
2022-12-27,gaussian,0.016336789099543437
2022-12-28,gaussian,0.018728640431952936
2022-12-29,gaussian,0.008753022995652338
2022-12-30,gaussian,-0.006462602598981163
2023-01-02,gaussian,0.020291581045004836
2023-01-03,gaussian,0.03768705234785254
2023-01-04,gaussian,0.060982575900333943
2023-01-05,gaussian,0.07399479160723224
2023-01-06,gaussian,0.07757417381657813
2023-01-09,gaussian,0.10155792038149544
2023-01-10,gaussian,0.10713674935089094
2023-01-11,gaussian,0.09985182783892224
2023-01-12,gaussian,0.10375971750994305
2023-01-13,gaussian,0.10707906637762234
2023-01-16,gaussian,0.10258246731235383
2023-01-17,gaussian,0.09937458340658674
2023-01-18,gaussian,0.05839345924677893
2023-01-19,gaussian,0.05780150081530064
2023-01-20,gaussian,0.05506209331165284
2023-01-23,gaussian,0.044662047312143446
2023-01-24,gaussian,0.04696881682251804
2023-01-25,gaussian,0.04567318641781884
2023-01-26,gaussian,0.04724610348213914
2023-01-27,gaussian,0.04816080804502254
2023-01-30,gaussian,0.06914146690892313
2023-01-31,gaussian,0.07355071171292733
2023-02-01,gaussian,0.06725661511793213
2023-02-02,gaussian,0.06676077057945663
2023-02-03,gaussian,0.08151688380114894
2023-02-06,gaussian,0.09400234360980474
2023-02-07,gaussian,0.10223765531856233
2023-02-08,gaussian,0.10380161259754184
2023-02-09,gaussian,0.10975412910068454
2023-02-10,gaussian,0.17423829647644645
2023-02-13,gaussian,0.14705109298432015
2023-02-14,gaussian,0.14290170901033766
2023-02-15,gaussian,0.21315009972419613
2023-02-16,gaussian,0.18841903470981836
2023-02-17,gaussian,0.19968105226892616
2023-02-20,gaussian,0.26624434144056175
2023-02-21,gaussian,0.2507191123985053
2023-02-22,gaussian,0.23407575823689142
2023-02-23,gaussian,0.17409573251265734
2023-02-24,gaussian,0.18074335545671244
2023-02-27,gaussian,0.19657731181659613
2023-02-28,gaussian,0.18330965584561723
2023-03-01,gaussian,0.17897006087408102
2023-03-02,gaussian,0.14431595494722166
2023-03-03,gaussian,0.14178618736662796
2023-03-06,gaussian,0.11446994738405424
2023-03-07,gaussian,0.10500638809417813
2023-03-08,gaussian,0.06460733230201643
2023-03-09,gaussian,0.05165162332677613
2023-03-10,gaussian,0.056540757703264534
2023-03-13,gaussian,0.07284517803606903
2023-03-14,gaussian,-0.0027592177019713643
2023-03-15,gaussian,-0.006443856305979366
2023-03-16,gaussian,-0.014814665783642966
2023-03-17,gaussian,0.005688684908628434
2023-03-20,gaussian,0.053732652665328035
2023-03-21,gaussian,0.04109861707102304
2023-03-22,gaussian,0.04820397843304074
2023-03-23,gaussian,0.04447751089818714
2023-03-24,gaussian,0.05388602215306863
2023-03-27,gaussian,0.047362742507631436
2023-03-28,gaussian,0.06599379851369433
2023-03-29,gaussian,0.08742784282234184
2023-03-30,gaussian,0.09800479328336364
2023-03-31,gaussian,0.08815755889811774
2023-04-03,gaussian,0.09290665495193533
2023-04-04,gaussian,0.09388093420766133
2023-04-05,gaussian,0.10219933960297174
2023-04-06,gaussian,0.08689092081854174
2023-04-07,gaussian,0.08527816954213614
2023-04-10,gaussian,0.11546425293072904
2023-04-11,gaussian,0.12071191716271154
2023-04-12,gaussian,0.15387724188421253
2023-04-13,gaussian,0.19216137391785332
2023-04-14,gaussian,0.17967972163800644
2023-04-17,gaussian,0.18747695610363152
2023-04-18,gaussian,0.20066206127312083
2023-04-19,gaussian,0.17214116915117403
2023-04-20,gaussian,0.16298706290961923
2023-04-21,gaussian,0.17081322777656452
2023-04-24,gaussian,0.16302275367162222
2023-04-25,gaussian,0.16052720802278034
2023-04-26,gaussian,0.17008936680061526
2023-04-27,gaussian,0.17023922969976593
2023-04-28,gaussian,0.17627934066328793
2023-05-01,gaussian,0.13831615086538604
2023-05-02,gaussian,0.13025981331975614
2023-05-03,gaussian,0.09285964765915893
2023-05-04,gaussian,0.11071839641612033
2023-05-05,gaussian,0.11881841574045582
2023-05-08,gaussian,0.11129552641043523
2023-05-09,gaussian,0.10693641548881212
2023-05-10,gaussian,0.10002787392389914
2023-05-11,gaussian,0.08528205735180253
2023-05-12,gaussian,0.06558732087933683
2023-05-15,gaussian,0.04633432244812183
2023-05-16,gaussian,0.058763245103190934
2023-05-17,gaussian,0.06405864119661503
2023-05-18,gaussian,0.06424824612076104
2023-05-19,gaussian,0.0643040183913889
2023-05-22,gaussian,0.06502972145284669
2023-05-23,gaussian,0.04325876231135459
2023-05-24,gaussian,0.04111986890809819
2023-05-25,gaussian,0.056360848886582486
2023-05-26,gaussian,0.07974180237724679
2023-05-29,gaussian,0.1230148664694793
2023-05-30,gaussian,0.10632648111053408
2023-05-31,gaussian,0.12255129632642839
2023-06-01,gaussian,0.1273676223508457
2023-06-02,gaussian,0.1479155280843481
2023-06-05,gaussian,0.15106726888322608
2023-06-06,gaussian,0.15386647085938118
2023-06-07,gaussian,0.1405948718550264
2023-06-08,gaussian,0.1411195587764513
2023-06-09,gaussian,0.1681966129667668
2023-06-12,gaussian,0.15112297703680677
2023-06-13,gaussian,0.15185038666526537
2023-06-14,gaussian,0.1456055778317607
2023-06-15,gaussian,0.1636491045798171
2023-06-16,gaussian,0.1964368776866396
2023-06-19,gaussian,0.1907277016326322
2023-06-20,gaussian,0.1915981791514468
2023-06-21,gaussian,0.1962237570132123
2023-06-22,gaussian,0.2002087883311257
2023-06-23,gaussian,0.1775390014594918
2023-06-26,gaussian,0.1769684914455748
2023-06-27,gaussian,0.181320048858861
2023-06-28,gaussian,0.2105925394010064
2023-06-29,gaussian,0.22819589923953348
2023-06-30,gaussian,0.2576240908395502
2023-07-03,gaussian,0.2275794260379741
2023-07-04,gaussian,0.2212340773454244
2023-07-05,gaussian,0.15792525240467029
2023-07-06,gaussian,0.1697930986860358
2023-07-07,gaussian,0.1716409172186737
2023-07-10,gaussian,0.1908747628671298
2023-07-11,gaussian,0.2101268255602286
2023-07-12,gaussian,0.2358722016782826
2023-07-13,gaussian,0.2245667287630991
2023-07-14,gaussian,0.22123612551210262
2023-07-17,gaussian,0.2199761483112592
2023-07-18,gaussian,0.2294225601039073
2023-07-19,gaussian,0.23461870888717587
2023-07-20,gaussian,0.22001574874997618
2023-07-21,gaussian,0.21997046102144827
2023-07-24,gaussian,0.20414762170186906
2023-07-25,gaussian,0.20732058977438717
2023-07-26,gaussian,0.20173836517239466
2023-07-27,gaussian,0.19580115895888586
2023-07-28,gaussian,0.18133306674627814
2023-07-31,gaussian,0.15025049928752007
2023-08-01,gaussian,0.13088970580443338
2023-08-02,gaussian,0.13569840324679114
2023-08-03,gaussian,0.14894262245673576
2023-08-04,gaussian,0.15040705941876795
2023-08-07,gaussian,0.15839766786657375
2023-08-08,gaussian,0.15767743267910567
2023-08-09,gaussian,0.16595526394150095
2023-08-10,gaussian,0.16477463240660614
2023-08-11,gaussian,0.16352240526941694
2023-08-14,gaussian,0.16843614314674824
2023-08-15,gaussian,0.15770772281700104
2023-08-16,gaussian,0.16082290941819116
2023-08-17,gaussian,0.15535300073613476
2023-08-18,gaussian,0.16432746587326735
2023-08-21,gaussian,0.13364483382152925
2023-08-22,gaussian,0.13416837564096565
2023-08-23,gaussian,0.12388027742562105
2023-08-24,gaussian,0.11988590202304086
2023-08-25,gaussian,0.09115824826567745
2023-08-28,gaussian,0.09202355074201116
2023-08-29,gaussian,0.09520607764537525
2023-08-30,gaussian,0.11735948681450915
2023-08-31,gaussian,0.12402999124771154
2023-09-01,gaussian,0.10833645986951565
2023-09-04,gaussian,0.10762570711948606
2023-09-05,gaussian,0.09242299601522795
2023-09-06,gaussian,0.08829162861322856
2023-09-07,gaussian,0.10612315925090227
2023-09-08,gaussian,0.12115845833640956
2023-09-11,gaussian,0.16798840299715675
2023-09-12,gaussian,0.17049531516491287
2023-09-13,gaussian,0.20193857396529347
2023-09-14,gaussian,0.21031881627710045
2023-09-15,gaussian,0.21841635436002393
2023-09-18,gaussian,0.21267395341313797
2023-09-19,gaussian,0.21919867622605946
2023-09-20,gaussian,0.16006408832314556
2023-09-21,gaussian,0.15815105195352666
2023-09-22,gaussian,0.17640864175254345
2023-09-25,gaussian,0.18597734803401877
2023-09-26,gaussian,0.18421363253948256
2023-09-27,gaussian,0.21073108558651707
2023-09-28,gaussian,0.22694258620585436
2023-09-29,gaussian,0.19578470639292478
2023-10-02,gaussian,0.16083548187599356
2023-10-03,gaussian,0.15670319405444955
2023-10-04,gaussian,0.14695287489241365
2023-10-05,gaussian,0.16891621432253084
2023-10-06,gaussian,0.17389853752856335
2023-10-09,gaussian,0.18182867003966374
2023-10-10,gaussian,0.18217728358015955
2023-10-11,gaussian,0.16392319617648116
2023-10-12,gaussian,0.14283688447336407
2023-10-13,gaussian,0.12903997534668477
2023-10-16,gaussian,0.15776324059733665
2023-10-17,gaussian,0.14322974117093326
2023-10-18,gaussian,0.12169916056153357
2023-10-19,gaussian,0.10443063117268016
2023-10-20,gaussian,0.10867231377992335
2023-10-23,gaussian,0.08699675303307326
2023-10-24,gaussian,0.08747297861755167
2023-10-25,gaussian,0.06948911218625306
2023-10-26,gaussian,0.06260964073261567
2023-10-27,gaussian,0.036315036038316664
2023-10-30,gaussian,0.024035435054062162
2023-10-31,gaussian,0.029216571429995262
2023-11-01,gaussian,0.05106647168073296
2023-11-02,gaussian,0.06874191457165146
2023-11-03,gaussian,0.06836459944553017
2023-11-06,gaussian,0.05800515870622356
2023-11-07,gaussian,0.05216004461815836
2023-11-08,gaussian,0.049739724595870866
2023-11-09,gaussian,0.04198362965288966
2023-11-10,gaussian,0.02535220641317456
2023-11-13,gaussian,0.049720230194730555
2023-11-14,gaussian,0.07418250779661056
2023-11-15,gaussian,0.06218837099119706
2023-11-16,gaussian,0.07232156909017967
2023-11-17,gaussian,0.08478093279755816
2023-11-20,gaussian,0.07592518800492257
2023-11-21,gaussian,0.07541213378917297
2023-11-22,gaussian,0.08917986958876856
2023-11-23,gaussian,0.09860218796347615
2023-11-24,gaussian,0.09572477706049916
2023-11-27,gaussian,0.09385781555444607
2023-11-28,gaussian,0.10441980856637977
2023-11-29,gaussian,0.09618393119103796
2023-11-30,gaussian,0.10948928827110195
2023-12-01,gaussian,0.12729260579001705
2023-12-04,gaussian,0.12217451329481785
2023-12-05,gaussian,0.12814136311595037
2023-12-06,gaussian,0.10440970332109097
2023-12-07,gaussian,0.09689782662421356
2023-12-08,gaussian,0.10297333720334537
2023-12-11,gaussian,0.09611252085147416
2023-12-12,gaussian,0.10654038457672377
2023-12-13,gaussian,0.12797360173729855
2023-12-14,gaussian,0.12685832583230755
2023-12-15,gaussian,0.12179734892521427
2023-12-18,gaussian,0.13252909800886795
2023-12-19,gaussian,0.13297161460130616
2023-12-20,gaussian,0.11845822838967567
2023-12-21,gaussian,0.11178061356458045
2023-12-22,gaussian,0.10824831671899525
2023-12-25,gaussian,0.11293394287181716
2023-12-26,gaussian,0.11734809954398516
2023-12-27,gaussian,0.11399736476048886
2023-12-28,gaussian,0.10659215957333307
2023-12-29,gaussian,0.09049083517834416
2024-01-01,gaussian,0.08057155261820856
2024-01-02,gaussian,0.06384214954793556
2024-01-03,gaussian,0.08072722976255046
2024-01-04,gaussian,0.09491159064143556
2024-01-05,gaussian,0.11136119669132237
2024-01-08,gaussian,0.08816534846037846
2024-01-09,gaussian,0.08290652236130226
2024-01-10,gaussian,0.06421090119186545
2024-01-11,gaussian,0.05828884617280897
2024-01-12,gaussian,0.043502416801788166
2024-01-15,gaussian,0.028238773354113164
2024-01-16,gaussian,0.015258730640167665
2024-01-17,gaussian,0.008782963629113367
2024-01-18,gaussian,0.01801136129532157
2024-01-19,gaussian,0.011548692037566767
2024-01-22,gaussian,0.017900848178032367
2024-01-23,gaussian,0.030028234070008368
2024-01-24,gaussian,0.023064471787246566
2024-01-25,gaussian,0.016780946116744966
2024-01-26,gaussian,0.018788890298713667
2024-01-29,gaussian,0.03813530798083937
2024-01-30,gaussian,0.035738444848160564
2024-01-31,gaussian,0.011486686205354365
2024-02-01,gaussian,0.02484147971145017
2024-02-02,gaussian,0.015658455582409664
2024-02-05,gaussian,0.025079762540546963
2024-02-06,gaussian,0.019720823570677167
2024-02-07,gaussian,0.023381927276304667
2024-02-08,gaussian,0.03369642279633127
2024-02-09,gaussian,0.029583900405979364
2024-02-12,gaussian,0.02615145924170437
2024-02-13,gaussian,0.03239408252178537
2024-02-14,gaussian,0.03315310591676537
2024-02-15,gaussian,0.061373819749070066
2024-02-16,gaussian,0.06463386677994457
2024-02-19,gaussian,0.05290236543827077
2024-02-20,gaussian,0.05440175382440486
2024-02-21,gaussian,0.08294888866252666
2024-02-22,gaussian,0.09950689801880316
2024-02-23,gaussian,0.11693533107528556
2024-02-26,gaussian,0.15552288578314086
2024-02-27,gaussian,0.15681268709774868
2024-02-28,gaussian,0.14353627286692638
2024-02-29,gaussian,0.23001609412260038
2024-03-01,gaussian,0.22120625835596117
2024-03-04,gaussian,0.2531892631179747
2024-03-05,gaussian,0.25608456096447507
2024-03-06,gaussian,0.20890235721910025
2024-03-07,gaussian,0.22829275827123666
2024-03-08,gaussian,0.23938917527143885
2024-03-11,gaussian,0.27599297619261476
2024-03-12,gaussian,0.28223238079140905
2024-03-13,gaussian,0.2658888342438675
2024-03-14,gaussian,0.24905713571030436
2024-03-15,gaussian,0.24186830460784836
2024-03-18,gaussian,0.24003859881961306
2024-03-19,gaussian,0.24864714153493117
2024-03-20,gaussian,0.2715373099931242
2024-03-21,gaussian,0.26586047827919196
2024-03-22,gaussian,0.2530285651916718
2024-03-25,gaussian,0.25787512772533255
2024-03-26,gaussian,0.27041848897916215
2024-03-27,gaussian,0.2731301417555769
2024-03-28,gaussian,0.26929748121341196
2024-03-29,gaussian,0.2654936651462417
2024-04-01,gaussian,0.22624957534529816
2024-04-02,gaussian,0.23701674450809157
2024-04-03,gaussian,0.2355684253536382
2024-04-04,gaussian,0.22048811258361817
2024-04-05,gaussian,0.22978406305522256
2024-04-08,gaussian,0.2276781517944612
2024-04-09,gaussian,0.22762106725994266
2024-04-10,gaussian,0.23285052199807274
2024-04-11,gaussian,0.23481024008440904
2024-04-12,gaussian,0.21823667899372273
2024-04-15,gaussian,0.20162515204176493
2024-04-16,gaussian,0.20759683411648694
2024-04-17,gaussian,0.24581577547324904
2024-04-18,gaussian,0.26163802002479114
2024-04-19,gaussian,0.2750718540274988
2024-04-22,gaussian,0.26293445577080854
2024-04-23,gaussian,0.26498515157850444
2024-04-24,gaussian,0.26178867399602984
2024-04-25,gaussian,0.2719857699302911
2024-04-26,gaussian,0.27148749023242674
2024-04-29,gaussian,0.27328097273240337
2024-04-30,gaussian,0.2727611984004287
2024-05-01,gaussian,0.29126076722944766
2024-05-02,gaussian,0.2844122593621504
2024-05-03,gaussian,0.27885298454729424
2024-05-06,gaussian,0.30079079093553884
2024-05-07,gaussian,0.30076153477329154
2024-05-08,gaussian,0.29932925399598054
2024-05-09,gaussian,0.3293443295411754
2024-05-10,gaussian,0.33092004979397793
2024-05-13,gaussian,0.3394316963131077
2024-05-14,gaussian,0.3505330300311195
2024-05-15,gaussian,0.3628640560938658
2024-05-16,gaussian,0.38232255302806256
2024-05-17,gaussian,0.3673444593381253
2024-05-20,gaussian,0.3471925597137013
2024-05-21,gaussian,0.34054443524118566
2024-05-22,gaussian,0.3208790515245833
2024-05-23,gaussian,0.32092280671987927
2024-05-24,gaussian,0.31662804274581796
2024-05-27,gaussian,0.31301744800852976
2024-05-28,gaussian,0.3012470595606614
2024-05-29,gaussian,0.3047466601816461
2024-05-30,gaussian,0.31839900371891217
2024-05-31,gaussian,0.32163425358642594
2024-06-03,gaussian,0.3051324791233779
2024-06-04,gaussian,0.30206098621827365
2024-06-05,gaussian,0.3192687317436541
2024-06-06,gaussian,0.32218166733269565
2024-06-07,gaussian,0.33257593585051437
2024-06-10,gaussian,0.32524795341560114
2024-06-11,gaussian,0.3343418592567698
2024-06-12,gaussian,0.31102403843281895
2024-06-13,gaussian,0.28855828790075005
2024-06-14,gaussian,0.2753090769710009
2024-06-17,gaussian,0.280356820514255
2024-06-18,gaussian,0.2813410284417009
2024-06-19,gaussian,0.2876206147215662
2024-06-20,gaussian,0.2807151383122209
2024-06-21,gaussian,0.30855352487117327
2024-06-24,gaussian,0.29559310026224733
2024-06-25,gaussian,0.29165369545268743
2024-06-26,gaussian,0.2775766018808051
2024-06-27,gaussian,0.26461547149748416
2024-06-28,gaussian,0.25082617666088336
2024-07-01,gaussian,0.25888429651223477
2024-07-02,gaussian,0.2739924486539699
2024-07-03,gaussian,0.26278346391545154
2024-07-04,gaussian,0.24461532241629375
2024-07-05,gaussian,0.23976451543463026
2024-07-08,gaussian,0.24035406396989206
2024-07-09,gaussian,0.24843164973241855
2024-07-10,gaussian,0.25638761184466013
2024-07-11,gaussian,0.25678678396018617
2024-07-12,gaussian,0.2609273146344245
2024-07-15,gaussian,0.2661880406341506
2024-07-16,gaussian,0.27360147277301594
2024-07-17,gaussian,0.2871644837728103
2024-07-18,gaussian,0.3009389388373149
2024-07-19,gaussian,0.2984800530973453
2024-07-22,gaussian,0.29918698746168315
2024-07-23,gaussian,0.28834934582065724
2024-07-24,gaussian,0.3040368297214885
2024-07-25,gaussian,0.3082202129180608
2024-07-26,gaussian,0.3033578684238012
2024-07-29,gaussian,0.3120115307330232
2024-07-30,gaussian,0.31582834556524075
2024-07-31,gaussian,0.3058839552746436
2024-08-01,gaussian,0.2616932187831455
2024-08-02,gaussian,0.2599110602813697
2024-08-05,gaussian,0.27015098951339567
2024-08-06,gaussian,0.30048091407815825
2024-08-07,gaussian,0.31066691721666617
2024-08-08,gaussian,0.31989187097662525
2024-08-09,gaussian,0.3166044708915839
2024-08-12,gaussian,0.3366184661312706
2024-08-13,gaussian,0.3486149842731231
2024-08-14,gaussian,0.3511113652798436
2024-08-15,gaussian,0.36037105364204236
2024-08-16,gaussian,0.36076892026418395
2024-08-19,gaussian,0.3553572203619125
2024-08-20,gaussian,0.35775873323124147
2024-08-21,gaussian,0.3743889045821925
2024-08-22,gaussian,0.39991411602298266
2024-08-23,gaussian,0.40928986401021633
2024-08-26,gaussian,0.4103124467363899
2024-08-27,gaussian,0.4110380645498953
2024-08-28,gaussian,0.3947384755705902
2024-08-29,gaussian,0.3947746823390644
2024-08-30,gaussian,0.37820752716811507
2024-09-02,gaussian,0.3811022869451625
2024-09-03,gaussian,0.3739722275223102
2024-09-04,gaussian,0.37229799974455996
2024-09-05,gaussian,0.3427790121378857
2024-09-06,gaussian,0.3535707010975303
2024-09-09,gaussian,0.3404608781859949
2024-09-10,gaussian,0.35194214706720867
2024-09-11,gaussian,0.3642376888485185
2024-09-12,gaussian,0.37474895111262124
2024-09-13,gaussian,0.37070331163525544
2024-09-16,gaussian,0.37209119107147154
2024-09-17,gaussian,0.37089195197371794
2024-09-18,gaussian,0.4079900705543589
2024-09-19,gaussian,0.4136340066625035
2024-09-20,gaussian,0.40378958379999896
2024-09-23,gaussian,0.3921610167545041
2024-09-24,gaussian,0.3833805310331042
2024-09-25,gaussian,0.38011501639341194
2024-09-26,gaussian,0.38362658077894124
2024-09-27,gaussian,0.38793537520894067
2024-09-30,gaussian,0.3858211802338143
2024-10-01,gaussian,0.380647957895309
2024-10-02,gaussian,0.36633518123197756
2024-10-03,gaussian,0.4012613209681406
2024-10-04,gaussian,0.4159845085784778
2024-10-07,gaussian,0.42570218778297725
2024-10-08,gaussian,0.42996307503681847
2024-10-09,gaussian,0.43576947197037824
2024-10-10,gaussian,0.45417407357065603
2024-10-11,gaussian,0.45950582173831755
2024-10-14,gaussian,0.4756198435079077
2024-10-15,gaussian,0.4852745412942301
2024-10-16,gaussian,0.4806073938570129
2024-10-17,gaussian,0.4776179504929119
2024-10-18,gaussian,0.44901057744186335
2024-10-21,gaussian,0.43343567593786925
2024-10-22,gaussian,0.4261600888334027
2024-10-23,gaussian,0.4290250625177667
2024-10-24,gaussian,0.43318194161311585
2024-10-25,gaussian,0.4340033381991157
2024-10-28,gaussian,0.43729771865608136
2024-10-29,gaussian,0.4389317015465052
2024-10-30,gaussian,0.41739765843494053
2024-10-31,gaussian,0.4037523885844034
2024-11-01,gaussian,0.4052392403664696
2024-11-04,gaussian,0.40176694909453925
2024-11-05,gaussian,0.4491576039312404
2024-11-06,gaussian,0.43152077827115876
2024-11-07,gaussian,0.4323060912653953
2024-11-08,gaussian,0.43176441653634995
2024-11-11,gaussian,0.41161801377067486
2024-11-12,gaussian,0.4056074938225865
2024-11-13,gaussian,0.40552056579104934
2024-11-14,gaussian,0.40075484655829396
2024-11-15,gaussian,0.39531796364682253
2024-11-18,gaussian,0.3821760978924357
2024-11-19,gaussian,0.37854924282816776
2024-11-20,gaussian,0.39048066751463145
2024-11-21,gaussian,0.3726212814385208
2024-11-22,gaussian,0.374621687783326
2024-11-25,gaussian,0.3439560483228924
2024-11-26,gaussian,0.341395057248539
2024-11-27,gaussian,0.3566479093529776
2024-11-28,gaussian,0.34852924526602996
2024-11-29,gaussian,0.326868154083939
2024-12-02,gaussian,0.3303075140507256
2024-12-03,gaussian,0.3309162463136943
2024-12-04,gaussian,0.3340493884759295
2024-12-05,gaussian,0.3344552686092076
2024-12-06,gaussian,0.33158447080660447
2024-12-09,gaussian,0.31460082692692876
2024-12-10,gaussian,0.3195140607976345
2024-12-11,gaussian,0.31390913681366406
2024-12-12,gaussian,0.3031460349729724
2024-12-13,gaussian,0.301565156132329
2024-12-16,gaussian,0.29032416045923903
2024-12-17,gaussian,0.28256568108196084
2024-12-18,gaussian,0.2521845759217657
2024-12-19,gaussian,0.2620818368743278
2024-12-20,gaussian,0.24949109958812157
2024-12-23,gaussian,0.24373841033174337
2024-12-24,gaussian,0.24245867270848756
2024-12-25,gaussian,0.2530045347097693
2024-12-26,gaussian,0.26753590382815856
2024-12-27,gaussian,0.28334815802305585
2024-12-30,gaussian,0.28864606766884576
2024-12-31,gaussian,0.28864606766884576
2025-01-02,gaussian,0.29735244960377677
2025-01-03,gaussian,0.31033249231772225
2025-01-06,gaussian,0.31208950035399197
2025-01-07,gaussian,0.29917470921346834
2025-01-08,gaussian,0.29848273806938014
2025-01-09,gaussian,0.2792955017365832
2025-01-10,gaussian,0.2671681158446072
2025-01-13,gaussian,0.28015798826654825
2025-01-14,gaussian,0.3099829704718724
2025-01-15,gaussian,0.31527885609162837
2025-01-16,gaussian,0.31019952488294844
2025-01-17,gaussian,0.3125963880156272
2025-01-20,gaussian,0.34109507724409316
2025-01-21,gaussian,0.3251809564547722
2025-01-22,gaussian,0.33727963311104486
2025-01-23,gaussian,0.33824501870157136
2025-01-24,gaussian,0.34360395767144114
2025-01-27,gaussian,0.3533428469252614
2025-01-28,gaussian,0.3630653128820573
2025-01-29,gaussian,0.36851603634766067
2025-01-30,gaussian,0.37643496690302697
2025-01-31,gaussian,0.37019234362294595
2025-02-03,gaussian,0.3794027489424229
2025-02-04,gaussian,0.3739668650079488
2025-02-05,gaussian,0.39891811570477886
2025-02-06,gaussian,0.39724740156366056
2025-02-07,gaussian,0.39574801317752645
2025-02-10,gaussian,0.3987994814017199
2025-02-11,gaussian,0.39521485687459995
2025-02-12,gaussian,0.39541971570210427
2025-02-13,gaussian,0.39925930438557694
2025-02-14,gaussian,0.3979695030709692
2025-02-17,gaussian,0.41036667131150845
2025-02-18,gaussian,0.3918898254162709
2025-02-19,gaussian,0.3847647471360229
2025-02-20,gaussian,0.3761285914392751
2025-02-21,gaussian,0.37323329359277463
2025-02-24,gaussian,0.3709410187185966
2025-02-25,gaussian,0.37560022984053365
2025-02-26,gaussian,0.37702580724389245
2025-02-27,gaussian,0.37512066897147434
2025-02-28,gaussian,0.36888126437268004
2025-03-03,gaussian,0.3385846175115344
2025-03-04,gaussian,0.37168530681725687
2025-03-05,gaussian,0.364918711156212
2025-03-06,gaussian,0.3509909784786706
2025-03-07,gaussian,0.3423824357633525
2025-03-10,gaussian,0.30626855998646946
2025-03-11,gaussian,0.3309625449721439
2025-03-12,gaussian,0.3250023649712827
2025-03-13,gaussian,0.34481938971555476
2025-03-14,gaussian,0.33227602846172516
2025-03-17,gaussian,0.34640871213789987
2025-03-18,gaussian,0.3525137690478847
2025-03-19,gaussian,0.3380924142747312
2025-03-20,gaussian,0.34159070787657414
2025-03-21,gaussian,0.33082353871378073
2025-03-24,gaussian,0.3383758898061075
2025-03-25,gaussian,0.33473986435727787
2025-03-26,gaussian,0.3187604912056189
2025-03-27,gaussian,0.3043938148486959
2025-03-28,gaussian,0.3044508993832144
2025-03-31,gaussian,0.32908115659074294
2025-04-01,gaussian,0.3367102790658081
2025-04-02,gaussian,0.2815152617276876
2025-04-03,gaussian,0.2380278242224153
2025-04-04,gaussian,0.2320561421476933
2025-04-07,gaussian,0.24275438982376238
2025-04-08,gaussian,0.2692471294307167
2025-04-09,gaussian,0.2690937905753473
2025-04-10,gaussian,0.27467275732718177
2025-04-11,gaussian,0.27262206151948587
2025-04-14,gaussian,0.2950480398144888
2025-04-15,gaussian,0.2830668690745175
2025-04-16,gaussian,0.2935353359164558
2025-04-17,gaussian,0.297602147097
2025-04-18,gaussian,0.2981219214289747
2025-04-21,gaussian,0.3144426216015825
2025-04-22,gaussian,0.33298543797443536
2025-04-23,gaussian,0.3391674894279687
2025-04-24,gaussian,0.3414642659351781
2025-04-25,gaussian,0.34149352209742534
2025-04-28,gaussian,0.35726220800986314
2025-04-29,gaussian,0.34352222689419054
2025-04-30,gaussian,0.3390504591090002
2025-05-01,gaussian,0.3367489668028126
2025-05-02,gaussian,0.32564763308480077
2025-05-05,gaussian,0.31217676592918564
2025-05-06,gaussian,0.31066778043049825
2025-05-07,gaussian,0.3232263222478762
2025-05-08,gaussian,0.3220351255441191
2025-05-09,gaussian,0.32868325001663473
2025-05-12,gaussian,0.33424142559660425
2025-05-13,gaussian,0.3474484607730548
2025-05-14,gaussian,0.34841904577865523
2025-05-15,gaussian,0.35339340334860087
2025-05-16,gaussian,0.3651637917964693
2025-05-19,gaussian,0.36192067328511823
2025-05-20,gaussian,0.33357705960446815
2025-05-21,gaussian,0.33534147576875223
2025-05-22,gaussian,0.3315317742932319
2025-05-23,gaussian,0.33460326719833605
2025-05-26,gaussian,0.3429604324107522
2025-05-27,gaussian,0.3250843974049875
2025-05-28,gaussian,0.32378192805682415
2025-05-29,gaussian,0.36033340675153136
2025-05-30,gaussian,0.35123950091036277
2025-06-02,gaussian,0.37771954505188216
2025-06-03,gaussian,0.3878165487832889
2025-06-04,gaussian,0.39796103748290973
2025-06-05,gaussian,0.4004294879493488
2025-06-06,gaussian,0.3994452800219029
2025-06-09,gaussian,0.37754947218349055
2025-06-10,gaussian,0.39125999339341266
2025-06-11,gaussian,0.3972876191748313
2025-06-12,gaussian,0.3878444083360649
2025-06-13,gaussian,0.3917838131456248
2025-06-16,gaussian,0.38274510249242394
2025-06-17,gaussian,0.38036041501506435
2025-06-18,gaussian,0.36635088445808006
2025-06-19,gaussian,0.37112244681380585
2025-06-20,gaussian,0.35601429467207074
2025-06-23,gaussian,0.38233723482301873
2025-06-24,gaussian,0.39502941722008916
2025-06-25,gaussian,0.40300877916749434
2025-06-26,gaussian,0.42369306741246826
2025-06-27,gaussian,0.4156154816499418
2025-06-30,gaussian,0.40711363114288046
2025-07-01,gaussian,0.40871763694064417
2025-07-02,gaussian,0.4168077076718762
2025-07-03,gaussian,0.40004000447553417
2025-07-04,gaussian,0.39262657233666876
2025-07-07,gaussian,0.3863959266139556
2025-07-08,gaussian,0.40110727690411335
2025-07-09,gaussian,0.4056518301245596
2025-07-10,gaussian,0.38513746567503904
2025-07-11,gaussian,0.39597510731606494
2025-07-14,gaussian,0.3902056886404385
2025-07-15,gaussian,0.3828532242127475
2025-07-16,gaussian,0.3998075412110379
2025-07-17,gaussian,0.3913765585841832
2025-07-18,gaussian,0.38755974375196556
2025-07-21,gaussian,0.4191493466732399
2025-07-22,gaussian,0.49551874931653334
2025-07-23,gaussian,0.515447673459824
2025-07-24,gaussian,0.5113502560988106
2025-07-25,gaussian,0.48102033153404794
2025-07-28,gaussian,0.47808350342485856
2025-07-29,gaussian,0.47366701552766094
2025-07-30,gaussian,0.4674001183894849
2025-07-31,gaussian,0.4293017849042294
2025-08-01,gaussian,0.41730526676237684
2025-08-04,gaussian,0.3946614529914107
2025-08-05,gaussian,0.3893985912907382
2025-08-06,gaussian,0.3916922871502909
2025-08-07,gaussian,0.41494321367537845
2025-08-08,gaussian,0.41254170080604946
2025-08-11,gaussian,0.41952579630422593
2025-08-12,gaussian,0.4187783639766737
2025-08-13,gaussian,0.43262126769087933
2025-08-14,gaussian,0.41615418989581815
2025-08-15,gaussian,0.4154285720823127
2025-08-18,gaussian,0.41259903416179294
2025-08-19,gaussian,0.4103520428014805
2025-08-20,gaussian,0.41610876625188115
2025-08-21,gaussian,0.44044635208335114
2025-08-22,gaussian,0.4475764115062034
2025-08-25,gaussian,0.432288316602053
2025-08-26,gaussian,0.44748073102553554
2025-08-27,gaussian,0.4489872186666956
2025-08-28,gaussian,0.46818201601731646
2025-08-29,gaussian,0.45670074713610265
2025-09-01,gaussian,0.446092154193456
2025-09-02,gaussian,0.43314034102231797
2025-09-03,gaussian,0.45294935734372527
2025-09-04,gaussian,0.42992973292431186
2025-09-05,gaussian,0.43112897202206546
2025-09-08,gaussian,0.42285912620402155
2025-09-09,gaussian,0.42393460832656
2025-09-10,gaussian,0.434404954581334
2025-09-11,gaussian,0.43620560053779805
2025-09-12,gaussian,0.44498608625919794
2025-09-15,gaussian,0.41770460733609344
2025-09-16,gaussian,0.41795946219026064
2025-09-17,gaussian,0.42560440336704286
2025-09-18,gaussian,0.44606962736019107
2025-09-19,gaussian,0.4512428496986964
2025-09-22,gaussian,0.4626682495147951
2025-09-23,gaussian,0.44232521922037393
2025-09-24,gaussian,0.43541252806045483
2025-09-25,gaussian,0.450347447950606
2025-09-26,gaussian,0.44608656069676483
2025-09-29,gaussian,0.4475551141267176
2025-09-30,gaussian,0.4213621457384628
2025-10-01,gaussian,0.415035213406238
2025-10-02,gaussian,0.42125556326266034
2025-10-03,gaussian,0.41160086547633795
2025-10-06,gaussian,0.3989854688083258
2025-10-07,gaussian,0.4015492874340634
2025-10-08,gaussian,0.39411694574841666
2025-10-09,gaussian,0.37661166361670323
2025-10-10,gaussian,0.3838872507211698
2025-10-13,gaussian,0.3911240255133591
2025-10-14,gaussian,0.3946224867850786
2025-10-15,gaussian,0.3966506199492549
2025-10-16,gaussian,0.3735632667803368
2025-10-17,gaussian,0.37192928388991303
2025-10-20,gaussian,0.36491094554364617
2025-10-21,gaussian,0.3452015067960207
2025-10-22,gaussian,0.3491621368812858
2025-10-23,gaussian,0.35078078910236676
2025-10-24,gaussian,0.30339013426566575
2025-10-27,gaussian,0.33396566794612464
2025-10-28,gaussian,0.3342225811052553
2025-10-29,gaussian,0.3391387326246586
2025-10-30,gaussian,0.35369419364480875
2025-10-31,gaussian,0.3597047135928972
2025-11-03,gaussian,0.3562200819661417
2025-11-04,gaussian,0.347844178882719
2025-11-05,gaussian,0.3474506704973512
2025-11-06,gaussian,0.3517956520183171
2025-11-07,gaussian,0.355422507082585
2025-11-10,gaussian,0.3586307411096257
2025-11-11,gaussian,0.3872356086470028
2025-11-12,gaussian,0.3783540553922139
2025-11-13,gaussian,0.378553731019556
2025-11-14,gaussian,0.3811147220939094
2025-11-17,gaussian,0.3525613956782452
2025-11-18,gaussian,0.3548970652188053
2025-11-19,gaussian,0.35275396250610613
2025-11-20,gaussian,0.35347301564640743
2025-11-21,gaussian,0.3528642833834387
2025-11-24,gaussian,0.3555081430167774
2025-11-25,gaussian,0.3746017806971336
2025-11-26,gaussian,0.3794088193288278
2025-11-27,gaussian,0.3877457867483875
2025-11-28,gaussian,0.3828325528776818
2025-12-01,gaussian,0.3952128088470853
2025-12-02,gaussian,0.4066471004995257
2025-12-03,gaussian,0.4242476491059881
2025-12-04,gaussian,0.4365052360975371
2025-12-05,gaussian,0.4442637154748153
2025-12-08,gaussian,0.467724088097974
2025-12-09,gaussian,0.4819058438495939
2025-12-10,gaussian,0.4987568994239138
2025-12-11,gaussian,0.4897640673343177
2025-12-12,gaussian,0.4910438049575735
2025-12-15,gaussian,0.4873674928580029
2025-12-16,gaussian,0.4817687749343693
2025-12-17,gaussian,0.4836748722122072
2025-12-18,gaussian,0.49813881613755473
2025-12-19,gaussian,0.49813881613755473
2025-12-22,gaussian,0.5100600212652324
2025-12-23,gaussian,0.5128544961069514
2025-12-24,gaussian,0.5087042385476019
2025-12-25,gaussian,0.5064540008439808
2025-12-26,gaussian,0.5071459719880691
2025-12-29,gaussian,0.5286650413713578
2025-12-30,gaussian,0.5228670655648923
