Date,strategy,log_return
2005-01-01,equal_weight,0
2005-01-02,equal_weight,0
2005-01-03,equal_weight,-0.0086566549591939428
2005-01-04,equal_weight,-0.008714893415351135
2005-01-05,equal_weight,-0.0055508742454902504
2005-01-06,equal_weight,0.011203144258245737
2005-01-07,equal_weight,-0.010861331524041312
2005-01-08,equal_weight,0
2005-01-09,equal_weight,0
2005-01-10,equal_weight,0.002128652111802016
2005-01-11,equal_weight,-0.0035907197665831754
2005-01-12,equal_weight,-0.0017788226116474224
2005-01-13,equal_weight,-0.0040393731001220554
2005-01-14,equal_weight,0.000826273248725667
2005-01-15,equal_weight,0
2005-01-16,equal_weight,0
2005-01-17,equal_weight,0.0015930790718835801
2005-01-18,equal_weight,0.0027357232399497756
2005-01-19,equal_weight,-0.004292020158465415
2005-01-20,equal_weight,-0.0069879576041561925
2005-01-21,equal_weight,-0.0023550178375064722
2005-01-22,equal_weight,0
2005-01-23,equal_weight,0
2005-01-24,equal_weight,0.0029312734797689965
2005-01-25,equal_weight,0.0016530141137214753
2005-01-26,equal_weight,0.0024525746333491204
2005-01-27,equal_weight,0.0012602022069782722
2005-01-28,equal_weight,-0.00020412074297611858
2005-01-29,equal_weight,0
2005-01-30,equal_weight,0
2005-01-31,equal_weight,0.0098988070674059618
2005-02-01,equal_weight,0.0071893833782088806
2005-02-02,equal_weight,0.0023799782129791127
2005-02-03,equal_weight,-0.0053670402855431863
2005-02-04,equal_weight,0.0018564941625440166
2005-02-05,equal_weight,0
2005-02-06,equal_weight,0
2005-02-07,equal_weight,-0.0021446049162206775
2005-02-08,equal_weight,0.0033683319015105546
2005-02-09,equal_weight,-0.0018028562456424155
2005-02-10,equal_weight,0.0080201082426525176
2005-02-11,equal_weight,0.0092622499154547504
2005-02-12,equal_weight,0
2005-02-13,equal_weight,0
2005-02-14,equal_weight,0.005396596610821312
2005-02-15,equal_weight,0.0053727773128662499
2005-02-16,equal_weight,-0.0091979907601046438
2005-02-17,equal_weight,-0.00064231863974249966
2005-02-18,equal_weight,-0.003173694353954508
2005-02-19,equal_weight,0
2005-02-20,equal_weight,0
2005-02-21,equal_weight,-0.003395801516346636
2005-02-22,equal_weight,0.00153991016013959
2005-02-23,equal_weight,-0.0044883575620750628
2005-02-24,equal_weight,-0.00256454087874212
2005-02-25,equal_weight,0.010471114714839606
2005-02-26,equal_weight,0
2005-02-27,equal_weight,0
2005-02-28,equal_weight,-0.0055600443289608855
2005-03-01,equal_weight,0.0056048779650272138
2005-03-02,equal_weight,-0.0030577161770122194
2005-03-03,equal_weight,-0.0018526398780935119
2005-03-04,equal_weight,0.015950337894613014
2005-03-05,equal_weight,0
2005-03-06,equal_weight,0
2005-03-07,equal_weight,-0.00044488163991800975
2005-03-08,equal_weight,0.002712234361857893
2005-03-09,equal_weight,-0.0039505588219930759
2005-03-10,equal_weight,-0.00054472563200597807
2005-03-11,equal_weight,0.00086188078002764348
2005-03-12,equal_weight,0
2005-03-13,equal_weight,0
2005-03-14,equal_weight,-0.0025408769939558409
2005-03-15,equal_weight,0.0013656152498218127
2005-03-16,equal_weight,-0.011575057601090536
2005-03-17,equal_weight,-0.00401270833622393
2005-03-18,equal_weight,-0.00072660019073303558
2005-03-19,equal_weight,0
2005-03-20,equal_weight,0
2005-03-21,equal_weight,-0.013529906307893387
2005-03-22,equal_weight,-0.0073067110965803735
2005-03-23,equal_weight,-0.0064085872828182509
2005-03-24,equal_weight,0.0010834715199629795
2005-03-25,equal_weight,0.0083432957125416131
2005-03-26,equal_weight,0
2005-03-27,equal_weight,0
2005-03-28,equal_weight,-0.00015084946962762834
2005-03-29,equal_weight,-0.0069487542743750528
2005-03-30,equal_weight,-0.00068761664369491513
2005-03-31,equal_weight,0.0054021463088146614
2005-04-01,equal_weight,-0.0017699052088379879
2005-04-02,equal_weight,0
2005-04-03,equal_weight,0
2005-04-04,equal_weight,-0.006868294448506237
2005-04-05,equal_weight,0.0033310502131288543
2005-04-06,equal_weight,0.0063036820935291988
2005-04-07,equal_weight,0.00056022657678473633
2005-04-08,equal_weight,0.003362528759718768
2005-04-09,equal_weight,0
2005-04-10,equal_weight,0
2005-04-11,equal_weight,0.0007237273017122579
2005-04-12,equal_weight,-0.002060193189219405
2005-04-13,equal_weight,0.0016045735372371378
2005-04-14,equal_weight,-0.011511935050337251
2005-04-15,equal_weight,-0.012653472819786201
2005-04-16,equal_weight,0
2005-04-17,equal_weight,0
2005-04-18,equal_weight,-0.0042200837398578403
2005-04-19,equal_weight,0.0060355922023003885
2005-04-20,equal_weight,-0.0077818948308369818
2005-04-21,equal_weight,0.00035589812047294342
2005-04-22,equal_weight,0.0041140548783180084
2005-04-23,equal_weight,0
2005-04-24,equal_weight,0
2005-04-25,equal_weight,0.0099170651062630948
2005-04-26,equal_weight,-0.0098140176710612044
2005-04-27,equal_weight,-0.0084739836098718779
2005-04-28,equal_weight,-0.0014355037647148486
2005-04-29,equal_weight,0.0033502006417028443
2005-04-30,equal_weight,0
2005-05-01,equal_weight,0
2005-05-02,equal_weight,0.0018357490514004397
2005-05-03,equal_weight,0.0050646652983028428
2005-05-04,equal_weight,0.011544314189770182
2005-05-05,equal_weight,0.0022091530592647513
2005-05-06,equal_weight,-0.0065180187498147021
2005-05-07,equal_weight,0
2005-05-08,equal_weight,0
2005-05-09,equal_weight,0.0012277760148132922
2005-05-10,equal_weight,-0.011774653471656406
2005-05-11,equal_weight,-0.0026839626712160409
2005-05-12,equal_weight,-0.004159139525783207
2005-05-13,equal_weight,-0.0082829990577886238
2005-05-14,equal_weight,0
2005-05-15,equal_weight,0
2005-05-16,equal_weight,0.0031123310089092031
2005-05-17,equal_weight,-0.003910088158461133
2005-05-18,equal_weight,0.016918549385378786
2005-05-19,equal_weight,0.0031221172982927518
2005-05-20,equal_weight,-0.0058749101308353266
2005-05-21,equal_weight,0
2005-05-22,equal_weight,0
2005-05-23,equal_weight,0.0054126750291354515
2005-05-24,equal_weight,-0.0029018439336508861
2005-05-25,equal_weight,-0.0013481161428902375
2005-05-26,equal_weight,-0.0031213202439081458
2005-05-27,equal_weight,0.0030044379103991454
2005-05-28,equal_weight,0
2005-05-29,equal_weight,0
2005-05-30,equal_weight,0.0031578190171355882
2005-05-31,equal_weight,-0.009255308616947476
2005-06-01,equal_weight,0.0082128029925249008
2005-06-02,equal_weight,0.0021966208016709603
2005-06-03,equal_weight,-0.007258595611167297
2005-06-04,equal_weight,0
2005-06-05,equal_weight,0
2005-06-06,equal_weight,0.00065818317985948149
2005-06-07,equal_weight,0.0086057425532597848
2005-06-08,equal_weight,-0.001858045523893426
2005-06-09,equal_weight,0.00072257732204670665
2005-06-10,equal_weight,-0.0017592148231057811
2005-06-11,equal_weight,0
2005-06-12,equal_weight,0
2005-06-13,equal_weight,0.00055165154528731932
2005-06-14,equal_weight,-0.0032577442327743388
2005-06-15,equal_weight,0.0092695358298279015
2005-06-16,equal_weight,0.0048829638427921899
2005-06-17,equal_weight,0.011026354175670215
2005-06-18,equal_weight,0
2005-06-19,equal_weight,0
2005-06-20,equal_weight,-0.010057319083580693
2005-06-21,equal_weight,0.0041266276671953336
2005-06-22,equal_weight,-0.0013654842801628236
2005-06-23,equal_weight,-0.0033314653301198052
2005-06-24,equal_weight,-0.0016516967687723039
2005-06-25,equal_weight,0
2005-06-26,equal_weight,0
2005-06-27,equal_weight,-0.0054430520875248523
2005-06-28,equal_weight,0.0021634894393834053
2005-06-29,equal_weight,0.0036236542775233845
2005-06-30,equal_weight,-0.0051636331378725822
2005-07-01,equal_weight,-0.0024084222874612856
2005-07-02,equal_weight,0
2005-07-03,equal_weight,0
2005-07-04,equal_weight,-0.0026919795326517011
2005-07-05,equal_weight,0.0021292388075758663
2005-07-06,equal_weight,-0.0018866284912015131
2005-07-07,equal_weight,-0.010716111522406946
2005-07-08,equal_weight,0.011512368962833775
2005-07-09,equal_weight,0
2005-07-10,equal_weight,0
2005-07-11,equal_weight,0.013996861469886747
2005-07-12,equal_weight,0.0082687875882501288
2005-07-13,equal_weight,0.0020905046140064771
2005-07-14,equal_weight,0.0075086782789389765
2005-07-15,equal_weight,-0.0021608262129332923
2005-07-16,equal_weight,0
2005-07-17,equal_weight,0
2005-07-18,equal_weight,-0.0052069979317220603
2005-07-19,equal_weight,0.00096758633987929646
2005-07-20,equal_weight,0.0048288308701374492
2005-07-21,equal_weight,0.0055626260859804209
2005-07-22,equal_weight,-0.0050220801102081186
2005-07-23,equal_weight,0
2005-07-24,equal_weight,0
2005-07-25,equal_weight,-0.0024790370481371378
2005-07-26,equal_weight,-0.0025840077482241052
2005-07-27,equal_weight,0.0032498498259854341
2005-07-28,equal_weight,0.0060009599060561972
2005-07-29,equal_weight,-0.0064099133455453872
2005-07-30,equal_weight,0
2005-07-31,equal_weight,0
2005-08-01,equal_weight,0.004777887159948176
2005-08-02,equal_weight,0.0084886141395349324
2005-08-03,equal_weight,0.0088702232164899752
2005-08-04,equal_weight,-0.0063872107195853201
2005-08-05,equal_weight,-0.0048061933619514812
2005-08-06,equal_weight,0
2005-08-07,equal_weight,0
2005-08-08,equal_weight,0.0022947567286052632
2005-08-09,equal_weight,0.0078564541931817767
2005-08-10,equal_weight,0.012758099589327119
2005-08-11,equal_weight,0.0062478556208019637
2005-08-12,equal_weight,-0.0024670188839628357
2005-08-13,equal_weight,0
2005-08-14,equal_weight,0
2005-08-15,equal_weight,0.0093611217825811024
2005-08-16,equal_weight,-0.01347722271001704
2005-08-17,equal_weight,-0.0054716919741582635
2005-08-18,equal_weight,-0.0064781834242530253
2005-08-19,equal_weight,0.007216643081690793
2005-08-20,equal_weight,0
2005-08-21,equal_weight,0
2005-08-22,equal_weight,0.0086283837672846003
2005-08-23,equal_weight,-0.0083418201519953345
2005-08-24,equal_weight,-0.0024178096923800178
2005-08-25,equal_weight,-0.0046379920825380351
2005-08-26,equal_weight,-0.0077882193704514012
2005-08-27,equal_weight,0
2005-08-28,equal_weight,0
2005-08-29,equal_weight,-9.7282984470779648e-06
2005-08-30,equal_weight,-0.0027940153200152326
2005-08-31,equal_weight,0.012610617593816521
2005-09-01,equal_weight,0.012907369690274326
2005-09-02,equal_weight,0.0014779312918398041
2005-09-03,equal_weight,0
2005-09-04,equal_weight,0
2005-09-05,equal_weight,0.006926496936872641
2005-09-06,equal_weight,0.0079510968783626009
2005-09-07,equal_weight,0.0020452888340393325
2005-09-08,equal_weight,-0.0019671077173468742
2005-09-09,equal_weight,0.0037760494121643093
2005-09-10,equal_weight,0
2005-09-11,equal_weight,0
2005-09-12,equal_weight,-0.004757830145041852
2005-09-13,equal_weight,-0.0071330237900308693
2005-09-14,equal_weight,0.00031690277832362526
2005-09-15,equal_weight,-0.0053614506939869628
2005-09-16,equal_weight,0.0091069396846485753
2005-09-17,equal_weight,0
2005-09-18,equal_weight,0
2005-09-19,equal_weight,-0.0064811470916225286
2005-09-20,equal_weight,0.0052530347010467495
2005-09-21,equal_weight,-0.011827866045575348
2005-09-22,equal_weight,0.00050814298527926058
2005-09-23,equal_weight,-0.0014452761661207182
2005-09-24,equal_weight,0
2005-09-25,equal_weight,0
2005-09-26,equal_weight,0.013622568002951189
2005-09-27,equal_weight,-0.0073770209683320324
2005-09-28,equal_weight,0.017693826207433691
2005-09-29,equal_weight,0.0022425711811395405
2005-09-30,equal_weight,-0.0016328587173784744
2005-10-01,equal_weight,0
2005-10-02,equal_weight,0
2005-10-03,equal_weight,0.00022247187958038503
2005-10-04,equal_weight,-0.0039299007796472427
2005-10-05,equal_weight,-0.0065695406273941961
2005-10-06,equal_weight,-0.0020153807562873489
2005-10-07,equal_weight,-0.0010253326079602387
2005-10-08,equal_weight,0
2005-10-09,equal_weight,0
2005-10-10,equal_weight,-0.0026547104228377095
2005-10-11,equal_weight,0.00095006838559655597
2005-10-12,equal_weight,-0.0044168861185889807
2005-10-13,equal_weight,-0.0028529262503620536
2005-10-14,equal_weight,0.0091396910573614959
2005-10-15,equal_weight,0
2005-10-16,equal_weight,0
2005-10-17,equal_weight,-0.0084663003499755498
2005-10-18,equal_weight,-0.0078289695648852096
2005-10-19,equal_weight,-0.0029511465898605905
2005-10-20,equal_weight,0.0048078744290070679
2005-10-21,equal_weight,-0.0011049325585885878
2005-10-22,equal_weight,0
2005-10-23,equal_weight,0
2005-10-24,equal_weight,0.015351301852409068
2005-10-25,equal_weight,0.0047391120026970962
2005-10-26,equal_weight,0.0049741115042065184
2005-10-27,equal_weight,-0.0037282400217654556
2005-10-28,equal_weight,0.0012993429153842447
2005-10-29,equal_weight,0
2005-10-30,equal_weight,0
2005-10-31,equal_weight,0.014802143925616493
2005-11-01,equal_weight,0.0071172229413985332
2005-11-02,equal_weight,0.012151319816969144
2005-11-03,equal_weight,0.0045296045783958525
2005-11-04,equal_weight,-0.0065454468710608544
2005-11-05,equal_weight,0
2005-11-06,equal_weight,0
2005-11-07,equal_weight,0.0040898497608968833
2005-11-08,equal_weight,-0.0029345528608485869
2005-11-09,equal_weight,-0.0017433529189513051
2005-11-10,equal_weight,0.0072608277286632088
2005-11-11,equal_weight,0.015413038680106956
2005-11-12,equal_weight,0
2005-11-13,equal_weight,0
2005-11-14,equal_weight,-0.004411352350516427
2005-11-15,equal_weight,-0.0027098289804298021
2005-11-16,equal_weight,-0.0045841121031925652
2005-11-17,equal_weight,0.013010920595464029
2005-11-18,equal_weight,0.0086716099317263665
2005-11-19,equal_weight,0
2005-11-20,equal_weight,0
2005-11-21,equal_weight,0.0016858920293829935
2005-11-22,equal_weight,0.0044554376219740569
2005-11-23,equal_weight,0.0074669054464928412
2005-11-24,equal_weight,-0.0040819906745073638
2005-11-25,equal_weight,0.0023939871315591266
2005-11-26,equal_weight,0
2005-11-27,equal_weight,0
2005-11-28,equal_weight,0.0016398391546360986
2005-11-29,equal_weight,-0.0047072375181137398
2005-11-30,equal_weight,-0.0086106285404901547
2005-12-01,equal_weight,0.0097786654820237913
2005-12-02,equal_weight,0.002855196835754283
2005-12-03,equal_weight,0
2005-12-04,equal_weight,0
2005-12-05,equal_weight,0.0019678957660965992
2005-12-06,equal_weight,0.0057489164027448485
2005-12-07,equal_weight,-0.0074325630553989473
2005-12-08,equal_weight,0.0099724803911182356
2005-12-09,equal_weight,-0.0050446301117802296
2005-12-10,equal_weight,0
2005-12-11,equal_weight,0
2005-12-12,equal_weight,0.015794898301254016
2005-12-13,equal_weight,0.0027983903431269513
2005-12-14,equal_weight,0.0022677271592948744
2005-12-15,equal_weight,-0.0029534513515319795
2005-12-16,equal_weight,0.013255265580428959
2005-12-17,equal_weight,0
2005-12-18,equal_weight,0
2005-12-19,equal_weight,-0.0019783844856233008
2005-12-20,equal_weight,-0.001528201325814201
2005-12-21,equal_weight,0.003302560163243473
2005-12-22,equal_weight,0.0033740611998332552
2005-12-23,equal_weight,-0.00025838939162042005
2005-12-24,equal_weight,0
2005-12-25,equal_weight,0
2005-12-26,equal_weight,0.0056056362621380905
2005-12-27,equal_weight,-0.0076593904702577783
2005-12-28,equal_weight,-0.003164475817112598
2005-12-29,equal_weight,-0.00018171312196964599
2005-12-30,equal_weight,-0.0076399704873269941
2005-12-31,equal_weight,0
2006-01-01,equal_weight,0
2006-01-02,equal_weight,0.001144136137186804
2006-01-03,equal_weight,0.020347789372705136
2006-01-04,equal_weight,0.0095622064180429581
2006-01-05,equal_weight,-0.0039548390293385463
2006-01-06,equal_weight,0.014058828316023819
2006-01-07,equal_weight,0
2006-01-08,equal_weight,0
2006-01-09,equal_weight,-0.0066140630581982985
2006-01-10,equal_weight,-0.0086918213398941759
2006-01-11,equal_weight,0.013971726699967301
2006-01-12,equal_weight,-0.0032885402468180746
2006-01-13,equal_weight,0.00022362758177860351
2006-01-14,equal_weight,0
2006-01-15,equal_weight,0
2006-01-16,equal_weight,0.00043308332925639522
2006-01-17,equal_weight,-0.012225410896933306
2006-01-18,equal_weight,-0.01064464634718121
2006-01-19,equal_weight,0.0085586589587413314
2006-01-20,equal_weight,-0.0092013737940720638
2006-01-21,equal_weight,0
2006-01-22,equal_weight,0
2006-01-23,equal_weight,0.0040858274863049548
2006-01-24,equal_weight,-0.0032247289060435553
2006-01-25,equal_weight,0.011667404259239157
2006-01-26,equal_weight,0.016961636050610223
2006-01-27,equal_weight,0.0045998338958419564
2006-01-28,equal_weight,0
2006-01-29,equal_weight,0
2006-01-30,equal_weight,0.00076815863097608216
2006-01-31,equal_weight,0.0079759821508314441
2006-02-01,equal_weight,0.0059557908534212016
2006-02-02,equal_weight,-0.010902910887723912
2006-02-03,equal_weight,-0.0068719617728767246
2006-02-04,equal_weight,0
2006-02-05,equal_weight,0
2006-02-06,equal_weight,-0.0012240187415121857
2006-02-07,equal_weight,0.00033461914426779766
2006-02-08,equal_weight,-0.0016979974398650273
2006-02-09,equal_weight,0.014360954995361101
2006-02-10,equal_weight,-0.0076541012687856829
2006-02-11,equal_weight,0
2006-02-12,equal_weight,0
2006-02-13,equal_weight,0.0035714101555884212
2006-02-14,equal_weight,0.0048177709795958782
2006-02-15,equal_weight,5.7201975996905253e-05
2006-02-16,equal_weight,0.010779420933208949
2006-02-17,equal_weight,-0.00021316786391440608
2006-02-18,equal_weight,0
2006-02-19,equal_weight,0
2006-02-20,equal_weight,-0.0021812684882204516
2006-02-21,equal_weight,0.0048198272298650355
2006-02-22,equal_weight,0.011234104745685772
2006-02-23,equal_weight,0.0029746347555845271
2006-02-24,equal_weight,0.0053137952326732848
2006-02-25,equal_weight,0
2006-02-26,equal_weight,0
2006-02-27,equal_weight,0.0026870170688388347
2006-02-28,equal_weight,-0.0068557606383334926
2006-03-01,equal_weight,0.0046356540553615256
2006-03-02,equal_weight,-0.003451129531353465
2006-03-03,equal_weight,-0.0068488490093863222
2006-03-04,equal_weight,0
2006-03-05,equal_weight,0
2006-03-06,equal_weight,-0.0022331893435978728
2006-03-07,equal_weight,-0.011601239296496896
2006-03-08,equal_weight,-0.0078651966599573714
2006-03-09,equal_weight,0.0033081722817570342
2006-03-10,equal_weight,0.010232137785071219
2006-03-11,equal_weight,0
2006-03-12,equal_weight,0
2006-03-13,equal_weight,0.0079808594807346256
2006-03-14,equal_weight,0.0098936123237877514
2006-03-15,equal_weight,0.0011716762307234288
2006-03-16,equal_weight,0.0035447059113364997
2006-03-17,equal_weight,0.0055744813838721112
2006-03-18,equal_weight,0
2006-03-19,equal_weight,0
2006-03-20,equal_weight,0.0036549006505357208
2006-03-21,equal_weight,-0.0035252705151225688
2006-03-22,equal_weight,0.0017750817232422376
2006-03-23,equal_weight,-0.0080277641287228134
2006-03-24,equal_weight,0.0055359611696349943
2006-03-25,equal_weight,0
2006-03-26,equal_weight,0
2006-03-27,equal_weight,-0.0059230530949677092
2006-03-28,equal_weight,-0.0060992530297408936
2006-03-29,equal_weight,0.0025959331105688032
2006-03-30,equal_weight,0.014501334379789134
2006-03-31,equal_weight,-0.0059241137485881706
2006-04-01,equal_weight,0
2006-04-02,equal_weight,0
2006-04-03,equal_weight,0.0090392957663679684
2006-04-04,equal_weight,0.0073738036932050775
2006-04-05,equal_weight,0.0066918462154218735
2006-04-06,equal_weight,-0.0012402950694095894
2006-04-07,equal_weight,-0.014320085038977597
2006-04-08,equal_weight,0
2006-04-09,equal_weight,0
2006-04-10,equal_weight,0.002310297395682582
2006-04-11,equal_weight,-0.014569349244979164
2006-04-12,equal_weight,-0.0011965688629291193
2006-04-13,equal_weight,0.0010417936389186719
2006-04-14,equal_weight,-0.00062493322248577225
2006-04-15,equal_weight,0
2006-04-16,equal_weight,0
2006-04-17,equal_weight,0.0061827283190323094
2006-04-18,equal_weight,0.0091020526758506578
2006-04-19,equal_weight,0.0076150245263500753
2006-04-20,equal_weight,-0.0012687612985465291
2006-04-21,equal_weight,0.0044330579502351725
2006-04-22,equal_weight,0
2006-04-23,equal_weight,0
2006-04-24,equal_weight,-0.004381920616560616
2006-04-25,equal_weight,0.0094506504447713809
2006-04-26,equal_weight,0.0007491233761397723
2006-04-27,equal_weight,0.010752344026819552
2006-04-28,equal_weight,0.010279334871363947
2006-04-29,equal_weight,0
2006-04-30,equal_weight,0
2006-05-01,equal_weight,-0.0073978690784667171
2006-05-02,equal_weight,0.0095048331200806181
2006-05-03,equal_weight,-0.0077198516984145742
2006-05-04,equal_weight,0.0068842547133705799
2006-05-05,equal_weight,0.016405399811666554
2006-05-06,equal_weight,0
2006-05-07,equal_weight,0
2006-05-08,equal_weight,0.0021585587827950906
2006-05-09,equal_weight,0.005855905003322762
2006-05-10,equal_weight,-0.0026656952681657843
2006-05-11,equal_weight,-0.0012007908911030357
2006-05-12,equal_weight,-0.015791272052962012
2006-05-13,equal_weight,0
2006-05-14,equal_weight,0
2006-05-15,equal_weight,-0.014562844336950244
2006-05-16,equal_weight,0.0023655630161596923
2006-05-17,equal_weight,-0.033054502500794308
2006-05-18,equal_weight,0.0014707257813775562
2006-05-19,equal_weight,0.0048246147069963656
2006-05-20,equal_weight,0
2006-05-21,equal_weight,0
2006-05-22,equal_weight,-0.013616107169429325
2006-05-23,equal_weight,-0.00089037824552071156
2006-05-24,equal_weight,-0.008497132013888355
2006-05-25,equal_weight,0.010423126781341273
2006-05-26,equal_weight,0.013011262364930793
2006-05-27,equal_weight,0
2006-05-28,equal_weight,0
2006-05-29,equal_weight,-0.0016963698084794692
2006-05-30,equal_weight,-0.015887953050750813
2006-05-31,equal_weight,0.0099752137959508522
2006-06-01,equal_weight,0.0085811061837903334
2006-06-02,equal_weight,0.01664555431485654
2006-06-03,equal_weight,0
2006-06-04,equal_weight,0
2006-06-05,equal_weight,-0.020077320205201352
2006-06-06,equal_weight,-0.016637018910240709
2006-06-07,equal_weight,0.004402365561903876
2006-06-08,equal_weight,-0.024183963867234377
2006-06-09,equal_weight,0.011965319866681524
2006-06-10,equal_weight,0
2006-06-11,equal_weight,0
2006-06-12,equal_weight,-0.012657201549338786
2006-06-13,equal_weight,-0.030256027132056593
2006-06-14,equal_weight,0.0046484741239742732
2006-06-15,equal_weight,0.021662868968892138
2006-06-16,equal_weight,0.00063681668468483954
2006-06-17,equal_weight,0
2006-06-18,equal_weight,0
2006-06-19,equal_weight,0.00010937274569994677
2006-06-20,equal_weight,0.0049204893419139556
2006-06-21,equal_weight,0.0095001956811202725
2006-06-22,equal_weight,0.0016585789034011642
2006-06-23,equal_weight,-0.0059661773287814053
2006-06-24,equal_weight,0
2006-06-25,equal_weight,0
2006-06-26,equal_weight,0.0039020825744502914
2006-06-27,equal_weight,-0.010197776819013909
2006-06-28,equal_weight,-0.00015604837846889576
2006-06-29,equal_weight,0.027838508225350087
2006-06-30,equal_weight,0.015826795644678031
2006-07-01,equal_weight,0
2006-07-02,equal_weight,0
2006-07-03,equal_weight,0.010138354146030808
2006-07-04,equal_weight,0.001969588049464691
2006-07-05,equal_weight,-0.013010526107628449
2006-07-06,equal_weight,0.0074522380539493874
2006-07-07,equal_weight,0.0011731560788374325
2006-07-08,equal_weight,0
2006-07-09,equal_weight,0
2006-07-10,equal_weight,-0.00035224183739400298
2006-07-11,equal_weight,-0.0025016561458231961
2006-07-12,equal_weight,-0.0089146074276425565
2006-07-13,equal_weight,-0.016677866784347555
2006-07-14,equal_weight,-0.016078613740449381
2006-07-15,equal_weight,0
2006-07-16,equal_weight,0
2006-07-17,equal_weight,-0.007661626079473018
2006-07-18,equal_weight,-0.0040233513564858865
2006-07-19,equal_weight,0.030679642876680031
2006-07-20,equal_weight,0.0036059204477187998
2006-07-21,equal_weight,-0.005573662604442778
2006-07-22,equal_weight,0
2006-07-23,equal_weight,0
2006-07-24,equal_weight,0.01552065672737888
2006-07-25,equal_weight,-0.0014067205956704123
2006-07-26,equal_weight,0.0082674892009016298
2006-07-27,equal_weight,0.009228425849004851
2006-07-28,equal_weight,0.015795200242484597
2006-07-29,equal_weight,0
2006-07-30,equal_weight,0
2006-07-31,equal_weight,-0.0036146121483226893
2006-08-01,equal_weight,-0.0063304352873123819
2006-08-02,equal_weight,0.0089511850389446361
2006-08-03,equal_weight,-0.00083023815338110183
2006-08-04,equal_weight,0.014907668932784491
2006-08-05,equal_weight,0
2006-08-06,equal_weight,0
2006-08-07,equal_weight,-0.014355202028839619
2006-08-08,equal_weight,-0.0021183314109292084
2006-08-09,equal_weight,0.0033643391161825649
2006-08-10,equal_weight,-0.0052897586459734651
2006-08-11,equal_weight,-0.0044093997880519454
2006-08-12,equal_weight,0
2006-08-13,equal_weight,0
2006-08-14,equal_weight,0.0075701105489161908
2006-08-15,equal_weight,0.014035434556005253
2006-08-16,equal_weight,0.0094359557698839476
2006-08-17,equal_weight,0.0021853963886411926
2006-08-18,equal_weight,-0.0018663976368699698
2006-08-19,equal_weight,0
2006-08-20,equal_weight,0
2006-08-21,equal_weight,-0.0033822231106277602
2006-08-22,equal_weight,-0.00017761110423167268
2006-08-23,equal_weight,-0.0070969444066137487
2006-08-24,equal_weight,0.0040755335421831579
2006-08-25,equal_weight,-9.4797775560610573e-05
2006-08-26,equal_weight,0
2006-08-27,equal_weight,0
2006-08-28,equal_weight,0.003965959927870486
2006-08-29,equal_weight,0.0045770104923729023
2006-08-30,equal_weight,0.002489888212432761
2006-08-31,equal_weight,-0.0014537785247177406
2006-09-01,equal_weight,0.0077878503314594665
2006-09-02,equal_weight,0
2006-09-03,equal_weight,0
2006-09-04,equal_weight,0.0048511363387920255
2006-09-05,equal_weight,-0.0021873618049495966
2006-09-06,equal_weight,-0.0095473917907593301
2006-09-07,equal_weight,-0.0136406892138286
2006-09-08,equal_weight,0.00021238242861006869
2006-09-09,equal_weight,0
2006-09-10,equal_weight,0
2006-09-11,equal_weight,-0.0010594329508525008
2006-09-12,equal_weight,0.010432395817930682
2006-09-13,equal_weight,0.0034375006336976304
2006-09-14,equal_weight,0.0033338374915634654
2006-09-15,equal_weight,0.0046664329466017994
2006-09-16,equal_weight,0
2006-09-17,equal_weight,0
2006-09-18,equal_weight,0.00020467078300902516
2006-09-19,equal_weight,-0.0063719939251053676
2006-09-20,equal_weight,0.011086369023459898
2006-09-21,equal_weight,0.0076185187155673392
2006-09-22,equal_weight,-0.007414736298515464
2006-09-23,equal_weight,0
2006-09-24,equal_weight,0
2006-09-25,equal_weight,0.000864466760799981
2006-09-26,equal_weight,0.0015045741924235069
2006-09-27,equal_weight,0.0040852643514687143
2006-09-28,equal_weight,0.0017621610671943947
2006-09-29,equal_weight,-0.00092124256687553996
2006-09-30,equal_weight,0
2006-10-01,equal_weight,0
2006-10-02,equal_weight,0.0021905009786198464
2006-10-03,equal_weight,0.0017902837723545292
2006-10-04,equal_weight,0.01001170883701012
2006-10-05,equal_weight,0.0057161750066638747
2006-10-06,equal_weight,-0.0028580585426965636
2006-10-07,equal_weight,0
2006-10-08,equal_weight,0
2006-10-09,equal_weight,0.0006069576751707317
2006-10-10,equal_weight,0.0033445838368124235
2006-10-11,equal_weight,-0.0016978745457149687
2006-10-12,equal_weight,0.0097515801303616808
2006-10-13,equal_weight,-0.00051565477520196246
2006-10-14,equal_weight,0
2006-10-15,equal_weight,0
2006-10-16,equal_weight,0.00026050553352534463
2006-10-17,equal_weight,-0.011969855007714403
2006-10-18,equal_weight,0.006716200063435874
2006-10-19,equal_weight,0.00066964117490297265
2006-10-20,equal_weight,0.00026459530794897276
2006-10-21,equal_weight,0
2006-10-22,equal_weight,0
2006-10-23,equal_weight,0.0052760302662301691
2006-10-24,equal_weight,0.00057528305815453869
2006-10-25,equal_weight,0.0024321626991023475
2006-10-26,equal_weight,0.0074093942456102298
2006-10-27,equal_weight,-0.0012566137550474852
2006-10-28,equal_weight,0
2006-10-29,equal_weight,0
2006-10-30,equal_weight,-0.0022922207998533816
2006-10-31,equal_weight,0.00080086728553561786
2006-11-01,equal_weight,0.0074114511630770938
2006-11-02,equal_weight,-0.012007218944129311
2006-11-03,equal_weight,-0.001200739323515924
2006-11-04,equal_weight,0
2006-11-05,equal_weight,0
2006-11-06,equal_weight,0.0095377348486649256
2006-11-07,equal_weight,0.0060056221566218331
2006-11-08,equal_weight,-0.0034526482424325306
2006-11-09,equal_weight,-0.0031974233465187464
2006-11-10,equal_weight,0.00077794601122791395
2006-11-11,equal_weight,0
2006-11-12,equal_weight,0
2006-11-13,equal_weight,-0.00087150067540374551
2006-11-14,equal_weight,0.0024333302567979371
2006-11-15,equal_weight,0.00097470064206334704
2006-11-16,equal_weight,0.00011622850886032051
2006-11-17,equal_weight,-0.0010916794643476718
2006-11-18,equal_weight,0
2006-11-19,equal_weight,0
2006-11-20,equal_weight,-0.0023959921293087005
2006-11-21,equal_weight,0.001129135840897256
2006-11-22,equal_weight,0.0081254969375382374
2006-11-23,equal_weight,-0.0010308968215445621
2006-11-24,equal_weight,-0.0044009066634187093
2006-11-25,equal_weight,0
2006-11-26,equal_weight,0
2006-11-27,equal_weight,-0.013452762730314958
2006-11-28,equal_weight,0.0031359577720152629
2006-11-29,equal_weight,0.0056309778212091949
2006-11-30,equal_weight,0.0016229864063873748
2006-12-01,equal_weight,-0.0024129893399458878
2006-12-02,equal_weight,0
2006-12-03,equal_weight,0
2006-12-04,equal_weight,0.0077659451706440577
2006-12-05,equal_weight,0.00059661335773627416
2006-12-06,equal_weight,0.0014251921835665309
2006-12-07,equal_weight,0.0014735004054132676
2006-12-08,equal_weight,0.010520598507811736
2006-12-09,equal_weight,0
2006-12-10,equal_weight,0
2006-12-11,equal_weight,-0.0046517564914389607
2006-12-12,equal_weight,0.0033636717635551587
2006-12-13,equal_weight,0.0023965501751980907
2006-12-14,equal_weight,0.0037285259588115609
2006-12-15,equal_weight,0.00058244918663655687
2006-12-16,equal_weight,0
2006-12-17,equal_weight,0
2006-12-18,equal_weight,0.001814521386386052
2006-12-19,equal_weight,-0.00053972870128313557
2006-12-20,equal_weight,0.0026546097951954295
2006-12-21,equal_weight,-0.00095216606260356063
2006-12-22,equal_weight,-0.0073077352347566847
2006-12-23,equal_weight,0
2006-12-24,equal_weight,0
2006-12-25,equal_weight,-0.00048569712598781794
2006-12-26,equal_weight,0.00093976282163623997
2006-12-27,equal_weight,0.010364782923012298
2006-12-28,equal_weight,0.0014663187222953632
2006-12-29,equal_weight,-0.00024832975799080699
2006-12-30,equal_weight,0
2006-12-31,equal_weight,0
2007-01-01,equal_weight,0.0012469264169683531
2007-01-02,equal_weight,0.012438548196155939
2007-01-03,equal_weight,0.00081241597976950428
2007-01-04,equal_weight,-0.0045671844300634512
2007-01-05,equal_weight,-0.012824223091519298
2007-01-06,equal_weight,0
2007-01-07,equal_weight,0
2007-01-08,equal_weight,0.0026284583106314448
2007-01-09,equal_weight,0.001808483799210534
2007-01-10,equal_weight,-0.007083381457769009
2007-01-11,equal_weight,0.008585438173739383
2007-01-12,equal_weight,0.0075807953260789672
2007-01-13,equal_weight,0
2007-01-14,equal_weight,0
2007-01-15,equal_weight,0.0054874105399713999
2007-01-16,equal_weight,-0.0042206904767526678
2007-01-17,equal_weight,-0.0014244704371065959
2007-01-18,equal_weight,-0.0028407942405999989
2007-01-19,equal_weight,0.0078330932793935718
2007-01-20,equal_weight,0
2007-01-21,equal_weight,0
2007-01-22,equal_weight,-0.0012549773296561763
2007-01-23,equal_weight,0.0043832085220350736
2007-01-24,equal_weight,0.0086881543803694165
2007-01-25,equal_weight,-0.0073156452933769624
2007-01-26,equal_weight,-0.006672877329484443
2007-01-27,equal_weight,0
2007-01-28,equal_weight,0
2007-01-29,equal_weight,0.00074384240834231524
2007-01-30,equal_weight,0.0029212871407963453
2007-01-31,equal_weight,0.0035561403293865586
2007-02-01,equal_weight,0.0048988963477259451
2007-02-02,equal_weight,0.0018355613891329315
2007-02-03,equal_weight,0
2007-02-04,equal_weight,0
2007-02-05,equal_weight,-0.0032029127939683286
2007-02-06,equal_weight,0.0058740991240180526
2007-02-07,equal_weight,0.0023434986353032968
2007-02-08,equal_weight,-0.0065479343526137213
2007-02-09,equal_weight,0.0039621324634471402
2007-02-10,equal_weight,0
2007-02-11,equal_weight,0
2007-02-12,equal_weight,-0.011599931919664663
2007-02-13,equal_weight,0.0076842864199420033
2007-02-14,equal_weight,0.011718175151796939
2007-02-15,equal_weight,-0.0033295992172763505
2007-02-16,equal_weight,-8.2265971572748468e-05
2007-02-17,equal_weight,0
2007-02-18,equal_weight,0
2007-02-19,equal_weight,0.0010174823551309055
2007-02-20,equal_weight,0.0026478396903347676
2007-02-21,equal_weight,-0.0046144757808054436
2007-02-22,equal_weight,-0.0012850432471809305
2007-02-23,equal_weight,-0.0029940243210545103
2007-02-24,equal_weight,0
2007-02-25,equal_weight,0
2007-02-26,equal_weight,-0.0021558690479979055
2007-02-27,equal_weight,-0.027016246790350862
2007-02-28,equal_weight,-0.0099914304291473782
2007-03-01,equal_weight,-0.0084703140714894355
2007-03-02,equal_weight,-0.0095119976105675578
2007-03-03,equal_weight,0
2007-03-04,equal_weight,0
2007-03-05,equal_weight,-0.014339553901467465
2007-03-06,equal_weight,0.015111432208282968
2007-03-07,equal_weight,-0.0041845364787208919
2007-03-08,equal_weight,0.011903165217257171
2007-03-09,equal_weight,0.0010301619357531236
2007-03-10,equal_weight,0
2007-03-11,equal_weight,0
2007-03-12,equal_weight,-0.0022859895578863604
2007-03-13,equal_weight,-0.02002986526153459
2007-03-14,equal_weight,-0.019120472335600842
2007-03-15,equal_weight,0.014870237897502733
2007-03-16,equal_weight,-0.0042171951705463114
2007-03-17,equal_weight,0
2007-03-18,equal_weight,0
2007-03-19,equal_weight,0.013890667655328318
2007-03-20,equal_weight,0.011502301499983337
2007-03-21,equal_weight,0.014843180382157159
2007-03-22,equal_weight,0.011501957967947283
2007-03-23,equal_weight,0.0027041932564659051
2007-03-24,equal_weight,0
2007-03-25,equal_weight,0
2007-03-26,equal_weight,-0.0083804187229492583
2007-03-27,equal_weight,-0.0022204672592537633
2007-03-28,equal_weight,-0.010639378293887267
2007-03-29,equal_weight,0.0070306238320474047
2007-03-30,equal_weight,0.0011587910968709535
2007-03-31,equal_weight,0
2007-04-01,equal_weight,0
2007-04-02,equal_weight,-0.0017165566742582852
2007-04-03,equal_weight,0.010589585369119189
2007-04-04,equal_weight,0.0029826546292094558
2007-04-05,equal_weight,0.0047046161236034686
2007-04-06,equal_weight,0.00067083538008732419
2007-04-07,equal_weight,0
2007-04-08,equal_weight,0
2007-04-09,equal_weight,-0.0036688534691092342
2007-04-10,equal_weight,0.011126454894461098
2007-04-11,equal_weight,-0.0019885334926339694
2007-04-12,equal_weight,0.0005872658400981755
2007-04-13,equal_weight,0.0041551666268712208
2007-04-14,equal_weight,0
2007-04-15,equal_weight,0
2007-04-16,equal_weight,0.01880935115597792
2007-04-17,equal_weight,-0.0003997775274798483
2007-04-18,equal_weight,0.0052897321866427318
2007-04-19,equal_weight,-0.003715387138052805
2007-04-20,equal_weight,0.017356202070633455
2007-04-21,equal_weight,0
2007-04-22,equal_weight,0
2007-04-23,equal_weight,-0.0049449940952973823
2007-04-24,equal_weight,-0.0062394956521340042
2007-04-25,equal_weight,0.015955241096754742
2007-04-26,equal_weight,-0.010043141682577509
2007-04-27,equal_weight,-0.0013556229355848079
2007-04-28,equal_weight,0
2007-04-29,equal_weight,0
2007-04-30,equal_weight,-0.00068595523467400194
2007-05-01,equal_weight,-0.0047241732209709602
2007-05-02,equal_weight,0.0018258279133984607
2007-05-03,equal_weight,0.001648555589993893
2007-05-04,equal_weight,0.0053288441480813849
2007-05-05,equal_weight,0
2007-05-06,equal_weight,0
2007-05-07,equal_weight,0.0058709974945464032
2007-05-08,equal_weight,-0.0041733033695886979
2007-05-09,equal_weight,0.0064868048638681824
2007-05-10,equal_weight,-0.013754268785061472
2007-05-11,equal_weight,0.0095488313200816979
2007-05-12,equal_weight,0
2007-05-13,equal_weight,0
2007-05-14,equal_weight,-0.0058667712055279894
2007-05-15,equal_weight,0.003739964638639297
2007-05-16,equal_weight,-0.0035176294496044665
2007-05-17,equal_weight,-0.0034724334678293005
2007-05-18,equal_weight,0.0082563353455252109
2007-05-19,equal_weight,0
2007-05-20,equal_weight,0
2007-05-21,equal_weight,-0.0021259380741708079
2007-05-22,equal_weight,0.00273041402325345
2007-05-23,equal_weight,0.0064614138612196599
2007-05-24,equal_weight,-0.010846873188059613
2007-05-25,equal_weight,0.0020952839392169137
2007-05-26,equal_weight,0
2007-05-27,equal_weight,0
2007-05-28,equal_weight,0.00092761378029181519
2007-05-29,equal_weight,0.0053858190109608408
2007-05-30,equal_weight,-0.00053572586764314583
2007-05-31,equal_weight,0.0020962762415492695
2007-06-01,equal_weight,0.0025973042320397294
2007-06-02,equal_weight,0
2007-06-03,equal_weight,0
2007-06-04,equal_weight,-0.00090909460255508769
2007-06-05,equal_weight,-0.0011791090359466597
2007-06-06,equal_weight,-0.01214453955999539
2007-06-07,equal_weight,-0.013011061313480064
2007-06-08,equal_weight,0.0036327216597563045
2007-06-09,equal_weight,0
2007-06-10,equal_weight,0
2007-06-11,equal_weight,0.0062601360461706813
2007-06-12,equal_weight,-0.012448550145375237
2007-06-13,equal_weight,0.0064929203057339444
2007-06-14,equal_weight,0.0069672033152451797
2007-06-15,equal_weight,0.011712647700624104
2007-06-16,equal_weight,0
2007-06-17,equal_weight,0
2007-06-18,equal_weight,0.00086823653677449094
2007-06-19,equal_weight,-0.00013227382876957933
2007-06-20,equal_weight,-0.004310153339956462
2007-06-21,equal_weight,-0.0074955375312523061
2007-06-22,equal_weight,-0.0091912166447082073
2007-06-23,equal_weight,0
2007-06-24,equal_weight,0
2007-06-25,equal_weight,-0.0039077921670826153
2007-06-26,equal_weight,-0.0073746979125401003
2007-06-27,equal_weight,-0.0031265669120420711
2007-06-28,equal_weight,0.00014545338921521914
2007-06-29,equal_weight,0.0059194317246066448
2007-06-30,equal_weight,0
2007-07-01,equal_weight,0
2007-07-02,equal_weight,0.0050790534660881646
2007-07-03,equal_weight,0.0072798986821907422
2007-07-04,equal_weight,0.0021958441369705922
2007-07-05,equal_weight,-0.006852592854042743
2007-07-06,equal_weight,0.0052410070573816348
2007-07-07,equal_weight,0
2007-07-08,equal_weight,0
2007-07-09,equal_weight,3.9331940749595262e-05
2007-07-10,equal_weight,-0.0087407932134100121
2007-07-11,equal_weight,-0.0046835687621523906
2007-07-12,equal_weight,0.014074400918052971
2007-07-13,equal_weight,0.0085376121421450579
2007-07-14,equal_weight,0
2007-07-15,equal_weight,0
2007-07-16,equal_weight,0.0034629149999281543
2007-07-17,equal_weight,-0.0019505804664930371
2007-07-18,equal_weight,-0.012153223797699557
2007-07-19,equal_weight,-0.001193151668720396
2007-07-20,equal_weight,-0.015284823051194319
2007-07-21,equal_weight,0
2007-07-22,equal_weight,0
2007-07-23,equal_weight,0.001636353193754166
2007-07-24,equal_weight,-0.012773733696403715
2007-07-25,equal_weight,-0.0086264127808097692
2007-07-26,equal_weight,-0.022446612459441864
2007-07-27,equal_weight,-0.012694601004474943
2007-07-28,equal_weight,0
2007-07-29,equal_weight,0
2007-07-30,equal_weight,0.0036218249906026139
2007-07-31,equal_weight,0.011515880580122574
2007-08-01,equal_weight,-0.013165629462946454
2007-08-02,equal_weight,0.0071161992492738179
2007-08-03,equal_weight,-0.018197455239647577
2007-08-04,equal_weight,0
2007-08-05,equal_weight,0
2007-08-06,equal_weight,0.010037327251782097
2007-08-07,equal_weight,0.017417499672327259
2007-08-08,equal_weight,0.023962462786438144
2007-08-09,equal_weight,-0.030059186974761783
2007-08-10,equal_weight,-0.026783093159914634
2007-08-11,equal_weight,0
2007-08-12,equal_weight,0
2007-08-13,equal_weight,0.0077921451286954435
2007-08-14,equal_weight,-0.024709976272707351
2007-08-15,equal_weight,-0.014615496335402673
2007-08-16,equal_weight,-0.0031514748461668744
2007-08-17,equal_weight,0.03598756976916203
2007-08-18,equal_weight,0
2007-08-19,equal_weight,0
2007-08-20,equal_weight,-0.0014398033262718981
2007-08-21,equal_weight,0.00033362314840718722
2007-08-22,equal_weight,0.0085504460426781108
2007-08-23,equal_weight,0.0014287953278290931
2007-08-24,equal_weight,0.00051282438155486371
2007-08-25,equal_weight,0
2007-08-26,equal_weight,0
2007-08-27,equal_weight,-0.0050690069044119551
2007-08-28,equal_weight,-0.026578239377330178
2007-08-29,equal_weight,0.0082149514477867364
2007-08-30,equal_weight,0.00039753117582494105
2007-08-31,equal_weight,0.014697119360083314
2007-09-01,equal_weight,0
2007-09-02,equal_weight,0
2007-09-03,equal_weight,0.0024751245458590463
2007-09-04,equal_weight,0.0061152455445792767
2007-09-05,equal_weight,-0.020196965518031389
2007-09-06,equal_weight,-0.00085503051297818326
2007-09-07,equal_weight,-0.020866551823258504
2007-09-08,equal_weight,0
2007-09-09,equal_weight,0
2007-09-10,equal_weight,-0.0033036156951011123
2007-09-11,equal_weight,0.015241038373656802
2007-09-12,equal_weight,-0.0016779407615531542
2007-09-13,equal_weight,0.0051139127828777357
2007-09-14,equal_weight,-0.0076518619772938182
2007-09-15,equal_weight,0
2007-09-16,equal_weight,0
2007-09-17,equal_weight,-0.013723406167959501
2007-09-18,equal_weight,0.03314212247453012
2007-09-19,equal_weight,0.024047525116100463
2007-09-20,equal_weight,-0.010285113145582213
2007-09-21,equal_weight,-0.0014583294044105944
2007-09-22,equal_weight,0
2007-09-23,equal_weight,0
2007-09-24,equal_weight,-0.010411488998817062
2007-09-25,equal_weight,-0.0030201550860995069
2007-09-26,equal_weight,0.0053821712453309247
2007-09-27,equal_weight,0.017218844004018633
2007-09-28,equal_weight,0.0003704637523243033
2007-09-29,equal_weight,0
2007-09-30,equal_weight,0
2007-10-01,equal_weight,0.010002796574345049
2007-10-02,equal_weight,0.01657925249246613
2007-10-03,equal_weight,0.0096851768067611234
2007-10-04,equal_weight,0.0089193333716474574
2007-10-05,equal_weight,0.0085171609145209739
2007-10-06,equal_weight,0
2007-10-07,equal_weight,0
2007-10-08,equal_weight,-0.0087429608308544869
2007-10-09,equal_weight,0.0080368267627766651
2007-10-10,equal_weight,-0.0074380084321037949
2007-10-11,equal_weight,-0.0016156917792831476
2007-10-12,equal_weight,-0.0030352978862116368
2007-10-13,equal_weight,0
2007-10-14,equal_weight,0
2007-10-15,equal_weight,-0.014112855418994191
2007-10-16,equal_weight,-0.019169780250604396
2007-10-17,equal_weight,0.0038627767578744174
2007-10-18,equal_weight,-0.0033886521335932838
2007-10-19,equal_weight,-0.016155551037794359
2007-10-20,equal_weight,0
2007-10-21,equal_weight,0
2007-10-22,equal_weight,-0.011161022502208254
2007-10-23,equal_weight,0.0099346350855435573
2007-10-24,equal_weight,-0.0091082749564599611
2007-10-25,equal_weight,0.0013260825595422378
2007-10-26,equal_weight,0.013891523519325816
2007-10-27,equal_weight,0
2007-10-28,equal_weight,0
2007-10-29,equal_weight,0.015462081897298306
2007-10-30,equal_weight,0.0034054515396583912
2007-10-31,equal_weight,0.017885250082470248
2007-11-01,equal_weight,-0.027176989766592885
2007-11-02,equal_weight,-0.029983657449154995
2007-11-03,equal_weight,0
2007-11-04,equal_weight,0
2007-11-05,equal_weight,-0.020454664676875609
2007-11-06,equal_weight,0.0085590966210845835
2007-11-07,equal_weight,-0.022513879733044646
2007-11-08,equal_weight,-0.0092193342433243529
2007-11-09,equal_weight,-0.015528893680694935
2007-11-10,equal_weight,0
2007-11-11,equal_weight,0
2007-11-12,equal_weight,0.014167889706790135
2007-11-13,equal_weight,0.028986138445358228
2007-11-14,equal_weight,0.0074910070671008588
2007-11-15,equal_weight,-0.017293600233960288
2007-11-16,equal_weight,-0.015288777893228718
2007-11-17,equal_weight,0
2007-11-18,equal_weight,0
2007-11-19,equal_weight,-0.024517412934559776
2007-11-20,equal_weight,0.014397724519085865
2007-11-21,equal_weight,-0.027309553064304975
2007-11-22,equal_weight,0.0023319202443072141
2007-11-23,equal_weight,0.025504046021533579
2007-11-24,equal_weight,0
2007-11-25,equal_weight,0
2007-11-26,equal_weight,-0.020307772688295027
2007-11-27,equal_weight,0.022694505466519667
2007-11-28,equal_weight,0.035655067791433126
2007-11-29,equal_weight,0.00015531745501772625
2007-11-30,equal_weight,0.023383187530204394
2007-12-01,equal_weight,0
2007-12-02,equal_weight,0
2007-12-03,equal_weight,-0.0062604369412698514
2007-12-04,equal_weight,-0.019844670109014771
2007-12-05,equal_weight,0.010107082013998776
2007-12-06,equal_weight,0.016290919182048787
2007-12-07,equal_weight,0.0026430634011795646
2007-12-08,equal_weight,0
2007-12-09,equal_weight,0
2007-12-10,equal_weight,0.017818199745726463
2007-12-11,equal_weight,-0.023457817757615101
2007-12-12,equal_weight,-0.0043208020614821522
2007-12-13,equal_weight,-0.030305223266594135
2007-12-14,equal_weight,-0.01045978302782349
2007-12-15,equal_weight,0
2007-12-16,equal_weight,0
2007-12-17,equal_weight,-0.019665690409382864
2007-12-18,equal_weight,-0.0045962561307810682
2007-12-19,equal_weight,-0.002535356732786103
2007-12-20,equal_weight,-0.0049137142214857295
2007-12-21,equal_weight,0.013545446796193327
2007-12-22,equal_weight,0
2007-12-23,equal_weight,0
2007-12-24,equal_weight,0.0079709913661410621
2007-12-25,equal_weight,0.0017885981597605359
2007-12-26,equal_weight,0.0043073753206957699
2007-12-27,equal_weight,-0.0012866304869833213
2007-12-28,equal_weight,0.0012799633277418032
2007-12-29,equal_weight,0
2007-12-30,equal_weight,0
2007-12-31,equal_weight,-0.0029087489858810045
2008-01-01,equal_weight,0.00047844694502747321
2008-01-02,equal_weight,-0.010981721629440876
2008-01-03,equal_weight,-0.0048593149352956708
2008-01-04,equal_weight,-0.023249476019910498
2008-01-05,equal_weight,0
2008-01-06,equal_weight,0
2008-01-07,equal_weight,-0.0088796873744612006
2008-01-08,equal_weight,0.012529282452606413
2008-01-09,equal_weight,-0.023619953211473366
2008-01-10,equal_weight,0.0061566277050530468
2008-01-11,equal_weight,0.005698307844830732
2008-01-12,equal_weight,0
2008-01-13,equal_weight,0
2008-01-14,equal_weight,0.008027155618488227
2008-01-15,equal_weight,-0.038548928647810995
2008-01-16,equal_weight,-0.0080272780828381986
2008-01-17,equal_weight,-0.017221152713357901
2008-01-18,equal_weight,-0.023049929939643499
2008-01-19,equal_weight,0
2008-01-20,equal_weight,0
2008-01-21,equal_weight,-0.057468682871819381
2008-01-22,equal_weight,0.03904857569608166
2008-01-23,equal_weight,0.013634338810067157
2008-01-24,equal_weight,0.048484960830560385
2008-01-25,equal_weight,-0.015007431876991977
2008-01-26,equal_weight,0
2008-01-27,equal_weight,0
2008-01-28,equal_weight,0.0048098101202189904
2008-01-29,equal_weight,0.023317818009332456
2008-01-30,equal_weight,-0.002360217732666676
2008-01-31,equal_weight,0.0019920817573883644
2008-02-01,equal_weight,0.011566660580220406
2008-02-02,equal_weight,0
2008-02-03,equal_weight,0
2008-02-04,equal_weight,-0.0049603698408183542
2008-02-05,equal_weight,-0.047429769235216857
2008-02-06,equal_weight,-0.0059294962148217431
2008-02-07,equal_weight,-0.014499924231635288
2008-02-08,equal_weight,0.013506067352047384
2008-02-09,equal_weight,0
2008-02-10,equal_weight,0
2008-02-11,equal_weight,-0.039994930101284951
2008-02-12,equal_weight,0.030763878818650961
2008-02-13,equal_weight,0.0042742386649967344
2008-02-14,equal_weight,-0.010822189419911889
2008-02-15,equal_weight,-0.015608446250148409
2008-02-16,equal_weight,0
2008-02-17,equal_weight,0
2008-02-18,equal_weight,0.016809091760072097
2008-02-19,equal_weight,0.0043172420559170815
2008-02-20,equal_weight,-0.0078544912892063758
2008-02-21,equal_weight,0.011240351168779724
2008-02-22,equal_weight,0.0020860239761527955
2008-02-23,equal_weight,0
2008-02-24,equal_weight,0
2008-02-25,equal_weight,0.02228183025681283
2008-02-26,equal_weight,0.023578336639062406
2008-02-27,equal_weight,0.010520996507554024
2008-02-28,equal_weight,-0.019188017392326666
2008-02-29,equal_weight,-0.028834911712651276
2008-03-01,equal_weight,0
2008-03-02,equal_weight,0
2008-03-03,equal_weight,-0.019682474125130158
2008-03-04,equal_weight,-0.016795378666886466
2008-03-05,equal_weight,0.008555300816086216
2008-03-06,equal_weight,-0.022413776425621493
2008-03-07,equal_weight,-0.0092333759557554733
2008-03-08,equal_weight,0
2008-03-09,equal_weight,0
2008-03-10,equal_weight,-0.019238284400803791
2008-03-11,equal_weight,0.045278285144144309
2008-03-12,equal_weight,0.026589666801041027
2008-03-13,equal_weight,-0.017880504175551166
2008-03-14,equal_weight,-0.027766178274678872
2008-03-15,equal_weight,0
2008-03-16,equal_weight,0
2008-03-17,equal_weight,-0.036616905660122309
2008-03-18,equal_weight,0.062091061253088262
2008-03-19,equal_weight,-0.004229346388006012
2008-03-20,equal_weight,0.023469376790832407
2008-03-21,equal_weight,0.010521109913066448
2008-03-22,equal_weight,0
2008-03-23,equal_weight,0
2008-03-24,equal_weight,-0.0012371614413301047
2008-03-25,equal_weight,0.035846172782992597
2008-03-26,equal_weight,-0.012798822374720339
2008-03-27,equal_weight,-0.00021195042622291178
2008-03-28,equal_weight,-0.011942511537251425
2008-03-29,equal_weight,0
2008-03-30,equal_weight,0
2008-03-31,equal_weight,-0.0080561145856302835
2008-04-01,equal_weight,0.061240965512803745
2008-04-02,equal_weight,0.018249179016122566
2008-04-03,equal_weight,-0.010216392108625178
2008-04-04,equal_weight,0.00020606451752796671
2008-04-05,equal_weight,0
2008-04-06,equal_weight,0
2008-04-07,equal_weight,0.0083413228663117966
2008-04-08,equal_weight,-0.020739134861120317
2008-04-09,equal_weight,-0.0047564837105571311
2008-04-10,equal_weight,-0.013537712626749843
2008-04-11,equal_weight,-0.0065846215140100651
2008-04-12,equal_weight,0
2008-04-13,equal_weight,0
2008-04-14,equal_weight,-0.021379412294211145
2008-04-15,equal_weight,0.0033318559395730642
2008-04-16,equal_weight,0.038741711385104641
2008-04-17,equal_weight,0.0089435574322749983
2008-04-18,equal_weight,0.025597653269617597
2008-04-19,equal_weight,0
2008-04-20,equal_weight,0
2008-04-21,equal_weight,-0.0099803311532895584
2008-04-22,equal_weight,-0.0047312074002258979
2008-04-23,equal_weight,-0.010650140711608684
2008-04-24,equal_weight,0.010488546001458255
2008-04-25,equal_weight,0.019965696889566367
2008-04-26,equal_weight,0
2008-04-27,equal_weight,0
2008-04-28,equal_weight,0.0089575540456281744
2008-04-29,equal_weight,-0.013627129932337844
2008-04-30,equal_weight,0.0012312478689192987
2008-05-01,equal_weight,0.011042909606631811
2008-05-02,equal_weight,0.012989317695366057
2008-05-03,equal_weight,0
2008-05-04,equal_weight,0
2008-05-05,equal_weight,-0.003866912116284611
2008-05-06,equal_weight,-0.0053981760986225487
2008-05-07,equal_weight,-0.01584709083884997
2008-05-08,equal_weight,-0.016789046380566483
2008-05-09,equal_weight,-0.0099350086187123977
2008-05-10,equal_weight,0
2008-05-11,equal_weight,0
2008-05-12,equal_weight,0.003813894587161058
2008-05-13,equal_weight,-0.010307713983838984
2008-05-14,equal_weight,0.0027161567896197801
2008-05-15,equal_weight,0.0055283429919435025
2008-05-16,equal_weight,-0.00046636982209322082
2008-05-17,equal_weight,0
2008-05-18,equal_weight,0
2008-05-19,equal_weight,-0.0073554791106344719
2008-05-20,equal_weight,-0.013836818448116477
2008-05-21,equal_weight,-0.019898700570703334
2008-05-22,equal_weight,0.005840233433096126
2008-05-23,equal_weight,-0.012965264195480553
2008-05-24,equal_weight,0
2008-05-25,equal_weight,0
2008-05-26,equal_weight,-0.0050387468945203217
2008-05-27,equal_weight,-0.00021511181579175417
2008-05-28,equal_weight,-0.0035694087637215956
2008-05-29,equal_weight,-0.0022025820049871138
2008-05-30,equal_weight,0.0083597661140573428
2008-05-31,equal_weight,0
2008-06-01,equal_weight,0
2008-06-02,equal_weight,-0.015175028675641883
2008-06-03,equal_weight,-0.0020311145627364053
2008-06-04,equal_weight,-0.0056227829475313084
2008-06-05,equal_weight,0.0079933232326737328
2008-06-06,equal_weight,-0.035275895227615851
2008-06-07,equal_weight,0
2008-06-08,equal_weight,0
2008-06-09,equal_weight,-0.027943526071639531
2008-06-10,equal_weight,-0.0047056805536899388
2008-06-11,equal_weight,-0.028144510375737078
2008-06-12,equal_weight,0.02014306322336297
2008-06-13,equal_weight,0.015440900293393926
2008-06-14,equal_weight,0
2008-06-15,equal_weight,0
2008-06-16,equal_weight,0.010326143381105648
2008-06-17,equal_weight,8.2078827891504818e-05
2008-06-18,equal_weight,-0.018050306424640516
2008-06-19,equal_weight,-0.012785192446553082
2008-06-20,equal_weight,-0.019504542776163172
2008-06-21,equal_weight,0
2008-06-22,equal_weight,0
2008-06-23,equal_weight,-0.020714490247718983
2008-06-24,equal_weight,0.014971457795534212
2008-06-25,equal_weight,0.021356788731098489
2008-06-26,equal_weight,-0.036968737560883994
2008-06-27,equal_weight,-0.011002282916155164
2008-06-28,equal_weight,0
2008-06-29,equal_weight,0
2008-06-30,equal_weight,-0.013048923196788754
2008-07-01,equal_weight,-0.015476635521010812
2008-07-02,equal_weight,0.004014884846937081
2008-07-03,equal_weight,0.010762381837961577
2008-07-04,equal_weight,-0.018453174831924116
2008-07-05,equal_weight,0
2008-07-06,equal_weight,0
2008-07-07,equal_weight,-0.0068962594832340206
2008-07-08,equal_weight,-0.0078874319726662985
2008-07-09,equal_weight,0.022293446560729329
2008-07-10,equal_weight,-0.0053114316766197326
2008-07-11,equal_weight,-0.028414971882151929
2008-07-12,equal_weight,0
2008-07-13,equal_weight,0
2008-07-14,equal_weight,-0.015760534574206335
2008-07-15,equal_weight,-0.035699525710760099
2008-07-16,equal_weight,0.060995304478988682
2008-07-17,equal_weight,0.06420337746503095
2008-07-18,equal_weight,0.038172789640067949
2008-07-19,equal_weight,0
2008-07-20,equal_weight,0
2008-07-21,equal_weight,0.0041715898128948875
2008-07-22,equal_weight,0.01736894490961861
2008-07-23,equal_weight,0.038875367272594052
2008-07-24,equal_weight,-0.022065325364492936
2008-07-25,equal_weight,-0.018155673241646526
2008-07-26,equal_weight,0
2008-07-27,equal_weight,0
2008-07-28,equal_weight,-0.029136708551083849
2008-07-29,equal_weight,0.010921894481774917
2008-07-30,equal_weight,0.020004282625264363
2008-07-31,equal_weight,-0.0018958921470765811
2008-08-01,equal_weight,-0.0053227535588695352
2008-08-02,equal_weight,0
2008-08-03,equal_weight,0
2008-08-04,equal_weight,-0.01835251293844592
2008-08-05,equal_weight,0.047561671622809082
2008-08-06,equal_weight,0.0013744136513171776
2008-08-07,equal_weight,-0.015603052130037121
2008-08-08,equal_weight,-0.0055001966124023334
2008-08-09,equal_weight,0
2008-08-10,equal_weight,0
2008-08-11,equal_weight,0.020465993359316509
2008-08-12,equal_weight,-0.028136442571994009
2008-08-13,equal_weight,-0.049149904952536461
2008-08-14,equal_weight,0.0088413069612694063
2008-08-15,equal_weight,0.0070658988791699948
2008-08-16,equal_weight,0
2008-08-17,equal_weight,0
2008-08-18,equal_weight,-0.012968621335754358
2008-08-19,equal_weight,-0.040188954201007605
2008-08-20,equal_weight,0.0062475095151082599
2008-08-21,equal_weight,-0.015062220910091335
2008-08-22,equal_weight,0.02927577814392622
2008-08-23,equal_weight,0
2008-08-24,equal_weight,0
2008-08-25,equal_weight,-0.014145182212688668
2008-08-26,equal_weight,-0.00996184322315544
2008-08-27,equal_weight,0.0078918911387092072
2008-08-28,equal_weight,0.032899480166063068
2008-08-29,equal_weight,0.0044586730271875237
2008-08-30,equal_weight,0
2008-08-31,equal_weight,0
2008-09-01,equal_weight,-0.010688195121532346
2008-09-02,equal_weight,0.015063665650424409
2008-09-03,equal_weight,-0.0017015549135536176
2008-09-04,equal_weight,-0.052281093136745789
2008-09-05,equal_weight,-0.0079790643052610414
2008-09-06,equal_weight,0
2008-09-07,equal_weight,0
2008-09-08,equal_weight,0.084418574718416989
2008-09-09,equal_weight,-0.032507554941862235
2008-09-10,equal_weight,-0.021821602504525694
2008-09-11,equal_weight,-0.0073078377168161769
2008-09-12,equal_weight,0.024146320478167917
2008-09-13,equal_weight,0
2008-09-14,equal_weight,0
2008-09-15,equal_weight,-0.076694348324899811
2008-09-16,equal_weight,-0.028838832276751571
2008-09-17,equal_weight,-0.046860188808591025
2008-09-18,equal_weight,0.01702275765586413
2008-09-19,equal_weight,0.16442415343575437
2008-09-20,equal_weight,0
2008-09-21,equal_weight,0
2008-09-22,equal_weight,-0.022573845134160147
2008-09-23,equal_weight,-0.023933255129264322
2008-09-24,equal_weight,-0.0057739849113685069
2008-09-25,equal_weight,0.030868365047390035
2008-09-26,equal_weight,-0.0023321317577618579
2008-09-27,equal_weight,0
2008-09-28,equal_weight,0
2008-09-29,equal_weight,-0.11347088471246337
2008-09-30,equal_weight,0.020559829110486875
2008-10-01,equal_weight,0.04272188786601705
2008-10-02,equal_weight,-0.010141792093199176
2008-10-03,equal_weight,0.026487877497292894
2008-10-04,equal_weight,0
2008-10-05,equal_weight,0
2008-10-06,equal_weight,-0.089189966348506414
2008-10-07,equal_weight,-0.078472647640450977
2008-10-08,equal_weight,-0.026278723834034786
2008-10-09,equal_weight,-0.062752828366184218
2008-10-10,equal_weight,-0.084071690210653346
2008-10-11,equal_weight,0
2008-10-12,equal_weight,0
2008-10-13,equal_weight,0.11415663892582636
2008-10-14,equal_weight,0.070353818466588183
2008-10-15,equal_weight,-0.074123091778503597
2008-10-16,equal_weight,-0.052871129756614246
2008-10-17,equal_weight,-0.0030779835421908502
2008-10-18,equal_weight,0
2008-10-19,equal_weight,0
2008-10-20,equal_weight,0.03574923566126572
2008-10-21,equal_weight,-0.010478461529875005
2008-10-22,equal_weight,-0.071585230978539013
2008-10-23,equal_weight,-0.0126250913338614
2008-10-24,equal_weight,-0.088494947904424109
2008-10-25,equal_weight,0
2008-10-26,equal_weight,0
2008-10-27,equal_weight,-0.079099741855768513
2008-10-28,equal_weight,0.0042103686695143753
2008-10-29,equal_weight,0.078557986298739307
2008-10-30,equal_weight,0.056763276189909256
2008-10-31,equal_weight,0.017597212786796233
2008-11-01,equal_weight,0
2008-11-02,equal_weight,0
2008-11-03,equal_weight,-0.0031149832585575447
2008-11-04,equal_weight,0.087874378522293004
2008-11-05,equal_weight,-0.024041027976582807
2008-11-06,equal_weight,-0.078937202425663364
2008-11-07,equal_weight,0.0065724391633856637
2008-11-08,equal_weight,0
2008-11-09,equal_weight,0
2008-11-10,equal_weight,-0.02157428751384281
2008-11-11,equal_weight,-0.068618608052838787
2008-11-12,equal_weight,-0.061694713124122086
2008-11-13,equal_weight,0.008667999888867654
2008-11-14,equal_weight,-0.019391245894467096
2008-11-15,equal_weight,0
2008-11-16,equal_weight,0
2008-11-17,equal_weight,-0.045201912010990497
2008-11-18,equal_weight,-0.024902404771330107
2008-11-19,equal_weight,-0.09924387747172804
2008-11-20,equal_weight,-0.063381136453746142
2008-11-21,equal_weight,0.00071075975292637851
2008-11-22,equal_weight,0
2008-11-23,equal_weight,0
2008-11-24,equal_weight,0.15159682196828006
2008-11-25,equal_weight,0.056347891340620695
2008-11-26,equal_weight,0.0054300244032014387
2008-11-27,equal_weight,0.036950145948396337
2008-11-28,equal_weight,0.017889947489460965
2008-11-29,equal_weight,0
2008-11-30,equal_weight,0
2008-12-01,equal_weight,-0.11890359152593134
2008-12-02,equal_weight,0.041185110642150448
2008-12-03,equal_weight,0.032146665292250486
2008-12-04,equal_weight,0.00062399451568708776
2008-12-05,equal_weight,-0.0066216141215108782
2008-12-06,equal_weight,0
2008-12-07,equal_weight,0
2008-12-08,equal_weight,0.1379682306864084
2008-12-09,equal_weight,-0.0519913565913677
2008-12-10,equal_weight,-0.0012314549701388535
2008-12-11,equal_weight,-0.016124941226092915
2008-12-12,equal_weight,-0.035671036927929903
2008-12-13,equal_weight,0
2008-12-14,equal_weight,0
2008-12-15,equal_weight,-0.0097564792122467985
2008-12-16,equal_weight,0.059923118906387712
2008-12-17,equal_weight,-0.012001317315498637
2008-12-18,equal_weight,-0.018829219237212109
2008-12-19,equal_weight,-0.0081763043845316224
2008-12-20,equal_weight,0
2008-12-21,equal_weight,0
2008-12-22,equal_weight,-0.0327867336001995
2008-12-23,equal_weight,-0.0018679389311464694
2008-12-24,equal_weight,0.0048256914672450578
2008-12-25,equal_weight,0.00023417911802142057
2008-12-26,equal_weight,-0.0020584251216528016
2008-12-27,equal_weight,0
2008-12-28,equal_weight,0
2008-12-29,equal_weight,0.015961973225162074
2008-12-30,equal_weight,0.027759610374300015
2008-12-31,equal_weight,0.012766826135654741
2009-01-01,equal_weight,0.00081080168249037703
2009-01-02,equal_weight,0.020897706126301027
2009-01-03,equal_weight,0
2009-01-04,equal_weight,0
2009-01-05,equal_weight,-0.0019249849319724012
2009-01-06,equal_weight,0.015210171834105449
2009-01-07,equal_weight,-0.013699558660245248
2009-01-08,equal_weight,-0.0045387947431656129
2009-01-09,equal_weight,-0.022245040717776353
2009-01-10,equal_weight,0
2009-01-11,equal_weight,0
2009-01-12,equal_weight,-0.025359920916406212
2009-01-13,equal_weight,-0.034296370048408936
2009-01-14,equal_weight,-0.075230284709226311
2009-01-15,equal_weight,-0.068895933196856829
2009-01-16,equal_weight,-0.037477577388779937
2009-01-17,equal_weight,0
2009-01-18,equal_weight,0
2009-01-19,equal_weight,-0.087976832460753607
2009-01-20,equal_weight,-0.15813276371655571
2009-01-21,equal_weight,0.087320014708232002
2009-01-22,equal_weight,-0.012912754617018832
2009-01-23,equal_weight,-0.0028971038800949338
2009-01-24,equal_weight,0
2009-01-25,equal_weight,0
2009-01-26,equal_weight,0.087263665785151809
2009-01-27,equal_weight,0.02868686182108789
2009-01-28,equal_weight,0.1434301320261073
2009-01-29,equal_weight,-0.050834433030698713
2009-01-30,equal_weight,-0.0039468320676877928
2009-01-31,equal_weight,0
2009-02-01,equal_weight,0
2009-02-02,equal_weight,-0.041048350725800049
2009-02-03,equal_weight,0.00026835534451255679
2009-02-04,equal_weight,0.011769726765737756
2009-02-05,equal_weight,-0.00031564100017165899
2009-02-06,equal_weight,0.061458599727206104
2009-02-07,equal_weight,0
2009-02-08,equal_weight,0
2009-02-09,equal_weight,0.022408483933406893
2009-02-10,equal_weight,-0.061947949589524778
2009-02-11,equal_weight,0.011125823055615665
2009-02-12,equal_weight,-0.024886794130955198
2009-02-13,equal_weight,-0.040618888316397983
2009-02-14,equal_weight,0
2009-02-15,equal_weight,0
2009-02-16,equal_weight,-0.029891278273980238
2009-02-17,equal_weight,-0.088165916920884158
2009-02-18,equal_weight,-0.013910175662023714
2009-02-19,equal_weight,-0.0024593054600886405
2009-02-20,equal_weight,-0.060672483054029218
2009-02-21,equal_weight,0
2009-02-22,equal_weight,0
2009-02-23,equal_weight,-0.0077250038075968464
2009-02-24,equal_weight,0.061825343965585949
2009-02-25,equal_weight,0.015631113911388887
2009-02-26,equal_weight,0.078763562053178998
2009-02-27,equal_weight,-0.090456815796887441
2009-02-28,equal_weight,0
2009-03-01,equal_weight,0
2009-03-02,equal_weight,-0.096745585472294532
2009-03-03,equal_weight,-0.02802196667436219
2009-03-04,equal_weight,0.020187721064789999
2009-03-05,equal_weight,-0.10420309742758094
2009-03-06,equal_weight,-0.029615706186440622
2009-03-07,equal_weight,0
2009-03-08,equal_weight,0
2009-03-09,equal_weight,0.0075025880196916599
2009-03-10,equal_weight,0.14922206475891617
2009-03-11,equal_weight,0.024075236834218638
2009-03-12,equal_weight,0.059488437599004317
2009-03-13,equal_weight,0.021215231580512327
2009-03-14,equal_weight,0
2009-03-15,equal_weight,0
2009-03-16,equal_weight,0.049960088604180691
2009-03-17,equal_weight,0.024786643611092139
2009-03-18,equal_weight,0.073665997348700135
2009-03-19,equal_weight,0.015632938230180631
2009-03-20,equal_weight,-0.025388211880860094
2009-03-21,equal_weight,0
2009-03-22,equal_weight,0
2009-03-23,equal_weight,0.12165057234418208
2009-03-24,equal_weight,-0.024093078414292216
2009-03-25,equal_weight,0.020554417578754265
2009-03-26,equal_weight,0.013429076300116985
2009-03-27,equal_weight,-0.01973515261279124
2009-03-28,equal_weight,0
2009-03-29,equal_weight,0
2009-03-30,equal_weight,-0.11686051209631999
2009-03-31,equal_weight,0.054476199212317451
2009-04-01,equal_weight,0.034493666242344623
2009-04-02,equal_weight,0.077959871413951817
2009-04-03,equal_weight,0.026849458293752369
2009-04-04,equal_weight,0
2009-04-05,equal_weight,0
2009-04-06,equal_weight,-0.020490384683396083
2009-04-07,equal_weight,-0.037219606033533185
2009-04-08,equal_weight,-0.00071884315988556349
2009-04-09,equal_weight,0.10929137557423149
2009-04-10,equal_weight,-0.0065000537447772741
2009-04-11,equal_weight,0
2009-04-12,equal_weight,0
2009-04-13,equal_weight,0.032349443104753052
2009-04-14,equal_weight,0.01376573101586759
2009-04-15,equal_weight,-0.0047186086267432589
2009-04-16,equal_weight,0.018428389309496161
2009-04-17,equal_weight,0.02959945851042969
2009-04-18,equal_weight,0
2009-04-19,equal_weight,0
2009-04-20,equal_weight,-0.084318300876412997
2009-04-21,equal_weight,0.014112280974255185
2009-04-22,equal_weight,0.015557543294126799
2009-04-23,equal_weight,0.0080172525817755799
2009-04-24,equal_weight,0.032900083064150321
2009-04-25,equal_weight,0
2009-04-26,equal_weight,0
2009-04-27,equal_weight,-0.017045066812508457
2009-04-28,equal_weight,-0.023965387842239609
2009-04-29,equal_weight,0.05396919520576391
2009-04-30,equal_weight,0.03268742788045606
2009-05-01,equal_weight,0.001598420907456183
2009-05-02,equal_weight,0
2009-05-03,equal_weight,0
2009-05-04,equal_weight,0.048312994547590471
2009-05-05,equal_weight,0.02177954800359664
2009-05-06,equal_weight,0.042386458635171813
2009-05-07,equal_weight,-0.016304236980168783
2009-05-08,equal_weight,0.064699872788223284
2009-05-09,equal_weight,0
2009-05-10,equal_weight,0
2009-05-11,equal_weight,-0.030778693400357791
2009-05-12,equal_weight,-0.031319925331098578
2009-05-13,equal_weight,-0.067637226290660976
2009-05-14,equal_weight,0.019432839171005922
2009-05-15,equal_weight,0.0028008216504971832
2009-05-16,equal_weight,0
2009-05-17,equal_weight,0
2009-05-18,equal_weight,0.061858536256319034
2009-05-19,equal_weight,0.019869341139363571
2009-05-20,equal_weight,-0.011112810641610111
2009-05-21,equal_weight,-0.011906076901625319
2009-05-22,equal_weight,0.0035485574188893858
2009-05-23,equal_weight,0
2009-05-24,equal_weight,0
2009-05-25,equal_weight,0.0013621558193124298
2009-05-26,equal_weight,0.015719654233441811
2009-05-27,equal_weight,-0.012713568014871651
2009-05-28,equal_weight,0.0012198903152486123
2009-05-29,equal_weight,0.023279332896083978
2009-05-30,equal_weight,0
2009-05-31,equal_weight,0
2009-06-01,equal_weight,0.019709263981230386
2009-06-02,equal_weight,-0.014934049416074846
2009-06-03,equal_weight,-0.030048114532486708
2009-06-04,equal_weight,0.020340129872159024
2009-06-05,equal_weight,-0.00722930128986195
2009-06-06,equal_weight,0
2009-06-07,equal_weight,0
2009-06-08,equal_weight,-0.007890650197778893
2009-06-09,equal_weight,0.010409753169406205
2009-06-10,equal_weight,0.006228344266267262
2009-06-11,equal_weight,0.023608673452447874
2009-06-12,equal_weight,-0.0073398246720282967
2009-06-13,equal_weight,0
2009-06-14,equal_weight,0
2009-06-15,equal_weight,-0.043727754997003099
2009-06-16,equal_weight,-0.01172069163227457
2009-06-17,equal_weight,-0.025534277020173746
2009-06-18,equal_weight,0.02064187486792449
2009-06-19,equal_weight,0.01249281645531344
2009-06-20,equal_weight,0
2009-06-21,equal_weight,0
2009-06-22,equal_weight,-0.042177846137775081
2009-06-23,equal_weight,0.0033328194885395295
2009-06-24,equal_weight,0.020923940856624895
2009-06-25,equal_weight,-0.00052678569844175711
2009-06-26,equal_weight,0.0055630059029320774
2009-06-27,equal_weight,0
2009-06-28,equal_weight,0
2009-06-29,equal_weight,0.017085172775725639
2009-06-30,equal_weight,-0.014076562623166316
2009-07-01,equal_weight,0.017754702305474986
2009-07-02,equal_weight,-0.040315155051398689
2009-07-03,equal_weight,0.0091225183851103842
2009-07-04,equal_weight,0
2009-07-05,equal_weight,0
2009-07-06,equal_weight,-0.013919240755151146
2009-07-07,equal_weight,-0.0052599927075673266
2009-07-08,equal_weight,-0.025088687288680557
2009-07-09,equal_weight,0.019212880933520273
2009-07-10,equal_weight,-0.015521330904967007
2009-07-11,equal_weight,0
2009-07-12,equal_weight,0
2009-07-13,equal_weight,0.038629428450152083
2009-07-14,equal_weight,0.015264699004174936
2009-07-15,equal_weight,0.040818532525096637
2009-07-16,equal_weight,0.0044267201370379065
2009-07-17,equal_weight,-0.0021933358448057196
2009-07-18,equal_weight,0
2009-07-19,equal_weight,0
2009-07-20,equal_weight,0.017198849346338696
2009-07-21,equal_weight,-0.0038771729141073887
2009-07-22,equal_weight,0.00091170760112340755
2009-07-23,equal_weight,0.022676837030710939
2009-07-24,equal_weight,0.0030652800897121397
2009-07-25,equal_weight,0
2009-07-26,equal_weight,0
2009-07-27,equal_weight,0.016950099183856312
2009-07-28,equal_weight,-0.010079299976712836
2009-07-29,equal_weight,0.0029005709077070912
2009-07-30,equal_weight,0.02637288584576223
2009-07-31,equal_weight,0.015514030419935787
2009-08-01,equal_weight,0
2009-08-02,equal_weight,0
2009-08-03,equal_weight,0.033196497542396466
2009-08-04,equal_weight,0.0036856811909665218
2009-08-05,equal_weight,0.024219265552210208
2009-08-06,equal_weight,0.014223109122099615
2009-08-07,equal_weight,0.0043121546648711984
2009-08-08,equal_weight,0
2009-08-09,equal_weight,0
2009-08-10,equal_weight,-0.0047742862227178953
2009-08-11,equal_weight,-0.027752358829094582
2009-08-12,equal_weight,0.01890171061166717
2009-08-13,equal_weight,0.02670946632482589
2009-08-14,equal_weight,-0.010960106028513239
2009-08-15,equal_weight,0
2009-08-16,equal_weight,0
2009-08-17,equal_weight,-0.037804238875777281
2009-08-18,equal_weight,0.018996636817473475
2009-08-19,equal_weight,-0.0045089637350340297
2009-08-20,equal_weight,0.020483557592868788
2009-08-21,equal_weight,0.024558173488208695
2009-08-22,equal_weight,0
2009-08-23,equal_weight,0
2009-08-24,equal_weight,0.012761127622328949
2009-08-25,equal_weight,0.0044769899418935569
2009-08-26,equal_weight,0.0015760783713114556
2009-08-27,equal_weight,0.0044094162532338031
2009-08-28,equal_weight,0.015731115508857054
2009-08-29,equal_weight,0
2009-08-30,equal_weight,0
2009-08-31,equal_weight,-0.0074225238258439317
2009-09-01,equal_weight,-0.041364893699971539
2009-09-02,equal_weight,-0.014852837070259988
2009-09-03,equal_weight,0.012835374104444649
2009-09-04,equal_weight,0.016816670586146755
2009-09-05,equal_weight,0
2009-09-06,equal_weight,0
2009-09-07,equal_weight,0.012062752590598455
2009-09-08,equal_weight,0.0022974152947915706
2009-09-09,equal_weight,0.01505763591981662
2009-09-10,equal_weight,0.0030931784724293945
2009-09-11,equal_weight,0.0015773549942961799
2009-09-12,equal_weight,0
2009-09-13,equal_weight,0
2009-09-14,equal_weight,-0.0023148383080362545
2009-09-15,equal_weight,0.0016926825167234874
2009-09-16,equal_weight,0.028639925121343682
2009-09-17,equal_weight,0.0065558709368482571
2009-09-18,equal_weight,-0.0032767170938099582
2009-09-19,equal_weight,0
2009-09-20,equal_weight,0
2009-09-21,equal_weight,-0.013266979490781275
2009-09-22,equal_weight,0.015824029489271266
2009-09-23,equal_weight,-0.0027305713493288373
2009-09-24,equal_weight,-0.025704195728637365
2009-09-25,equal_weight,-0.0073720532016012435
2009-09-26,equal_weight,0
2009-09-27,equal_weight,0
2009-09-28,equal_weight,0.016966368861464593
2009-09-29,equal_weight,0.0076650045052240896
2009-09-30,equal_weight,-0.0023936644743341637
2009-10-01,equal_weight,-0.040014351900134894
2009-10-02,equal_weight,-0.022813251216339429
2009-10-03,equal_weight,0
2009-10-04,equal_weight,0
2009-10-05,equal_weight,0.023209122270683419
2009-10-06,equal_weight,0.02890867109108693
2009-10-07,equal_weight,0.0045375525872908473
2009-10-08,equal_weight,0.0069663684189245241
2009-10-09,equal_weight,-0.0035517865992849506
2009-10-10,equal_weight,0
2009-10-11,equal_weight,0
2009-10-12,equal_weight,0.0086483785047396858
2009-10-13,equal_weight,-0.0094307313287899739
2009-10-14,equal_weight,0.033402226323947404
2009-10-15,equal_weight,-0.0031089873698602294
2009-10-16,equal_weight,-0.022745546697531038
2009-10-17,equal_weight,0
2009-10-18,equal_weight,0
2009-10-19,equal_weight,0.01422534628212503
2009-10-20,equal_weight,-0.0091269128928040885
2009-10-21,equal_weight,0.0033483137260026221
2009-10-22,equal_weight,0.0017266696865508089
2009-10-23,equal_weight,-0.0084176904842655029
2009-10-24,equal_weight,0
2009-10-25,equal_weight,0
2009-10-26,equal_weight,-0.037500458612013322
2009-10-27,equal_weight,-0.01799634018434957
2009-10-28,equal_weight,-0.034523533875574858
2009-10-29,equal_weight,0.048659827855390018
2009-10-30,equal_weight,-0.034716055950169772
2009-10-31,equal_weight,0
2009-11-01,equal_weight,0
2009-11-02,equal_weight,0.0021071312841186188
2009-11-03,equal_weight,-0.017322350120024758
2009-11-04,equal_weight,0.015451677086254372
2009-11-05,equal_weight,0.010870527478353159
2009-11-06,equal_weight,0.006403835845073356
2009-11-07,equal_weight,0
2009-11-08,equal_weight,0
2009-11-09,equal_weight,0.032705277281211073
2009-11-10,equal_weight,-0.0028707204272802977
2009-11-11,equal_weight,0.011607442076140553
2009-11-12,equal_weight,-0.011761874227476652
2009-11-13,equal_weight,0.0012526381085750068
2009-11-14,equal_weight,0
2009-11-15,equal_weight,0
2009-11-16,equal_weight,0.013576471131311791
2009-11-17,equal_weight,-0.011609605703927349
2009-11-18,equal_weight,-0.0034091292359277607
2009-11-19,equal_weight,-0.019684078154957509
2009-11-20,equal_weight,-0.012845248400486536
2009-11-21,equal_weight,0
2009-11-22,equal_weight,0
2009-11-23,equal_weight,0.027806476921410868
2009-11-24,equal_weight,-0.016027470756925195
2009-11-25,equal_weight,0.0033047017837510052
2009-11-26,equal_weight,-0.037672646798674117
2009-11-27,equal_weight,-0.0025895775120247612
2009-11-28,equal_weight,0
2009-11-29,equal_weight,0
2009-11-30,equal_weight,0.0066420012044480017
2009-12-01,equal_weight,0.018521392203692647
2009-12-02,equal_weight,-0.010818214728008736
2009-12-03,equal_weight,0.00028537552541517262
2009-12-04,equal_weight,0.00067887087253053625
2009-12-05,equal_weight,0
2009-12-06,equal_weight,0
2009-12-07,equal_weight,-0.015094583275592899
2009-12-08,equal_weight,-0.024347257165209996
2009-12-09,equal_weight,-0.0075269083247775084
2009-12-10,equal_weight,0.011840648890286137
2009-12-11,equal_weight,-0.010160546324198026
2009-12-12,equal_weight,0
2009-12-13,equal_weight,0
2009-12-14,equal_weight,0.010103541438451758
2009-12-15,equal_weight,-0.012622267385384757
2009-12-16,equal_weight,0.02348249949281991
2009-12-17,equal_weight,-0.032877863496330845
2009-12-18,equal_weight,-0.008158987494971643
2009-12-19,equal_weight,0
2009-12-20,equal_weight,0
2009-12-21,equal_weight,0.012297247623111688
2009-12-22,equal_weight,-0.004641303810516151
2009-12-23,equal_weight,0.0029874256927975499
2009-12-24,equal_weight,0.0059875573022274611
2009-12-25,equal_weight,0.00034417116507398296
2009-12-26,equal_weight,0
2009-12-27,equal_weight,0
2009-12-28,equal_weight,0.0012566380341520007
2009-12-29,equal_weight,-0.0027678868394132227
2009-12-30,equal_weight,-0.0059385502338450483
2009-12-31,equal_weight,0.0035939915319083619
2010-01-01,equal_weight,0.00097093552179847425
2010-01-02,equal_weight,0
2010-01-03,equal_weight,0
2010-01-04,equal_weight,0.025723133046258062
2010-01-05,equal_weight,0.018180306984362023
2010-01-06,equal_weight,0.011410377458371883
2010-01-07,equal_weight,0.012277284619307315
2010-01-08,equal_weight,0.009909826109242308
2010-01-09,equal_weight,0
2010-01-10,equal_weight,0
2010-01-11,equal_weight,-0.00036892285425761472
2010-01-12,equal_weight,-0.014440457937149586
2010-01-13,equal_weight,0.0010925689659366483
2010-01-14,equal_weight,0.010448239407822682
2010-01-15,equal_weight,-0.01789922305194646
2010-01-16,equal_weight,0
2010-01-17,equal_weight,0
2010-01-18,equal_weight,0.0024950434716055668
2010-01-19,equal_weight,-0.00011479158333766244
2010-01-20,equal_weight,-0.022301127940911408
2010-01-21,equal_weight,-0.030514162411534741
2010-01-22,equal_weight,-0.020046421896557767
2010-01-23,equal_weight,0
2010-01-24,equal_weight,0
2010-01-25,equal_weight,0.0019405430981491625
2010-01-26,equal_weight,-0.014003258499848568
2010-01-27,equal_weight,-0.0076732719400373715
2010-01-28,equal_weight,-0.010454168954092695
2010-01-29,equal_weight,0.0015948062827427255
2010-01-30,equal_weight,0
2010-01-31,equal_weight,0
2010-02-01,equal_weight,0.02252786803529595
2010-02-02,equal_weight,0.015767144836016767
2010-02-03,equal_weight,-0.015466919285148803
2010-02-04,equal_weight,-0.045105265898385719
2010-02-05,equal_weight,-0.0269096515675986
2010-02-06,equal_weight,0
2010-02-07,equal_weight,0
2010-02-08,equal_weight,-0.0077460732615302176
2010-02-09,equal_weight,0.012269515801860996
2010-02-10,equal_weight,0.018610410735894218
2010-02-11,equal_weight,-0.012503298926759261
2010-02-12,equal_weight,-0.011728729639993324
2010-02-13,equal_weight,0
2010-02-14,equal_weight,0
2010-02-15,equal_weight,0.0039610061270199427
2010-02-16,equal_weight,0.029728388934736377
2010-02-17,equal_weight,0.011379395516141973
2010-02-18,equal_weight,-0.0071438966886197127
2010-02-19,equal_weight,0.0093101129364214774
2010-02-20,equal_weight,0
2010-02-21,equal_weight,0
2010-02-22,equal_weight,0.012050990674841828
2010-02-23,equal_weight,-0.022054273479561737
2010-02-24,equal_weight,0.0091968705035077869
2010-02-25,equal_weight,-0.0087265702723988772
2010-02-26,equal_weight,0.012052595469127682
2010-02-27,equal_weight,0
2010-02-28,equal_weight,0
2010-03-01,equal_weight,-0.0042031087917304612
2010-03-02,equal_weight,0.013204796854199643
2010-03-03,equal_weight,0.015015202527310098
2010-03-04,equal_weight,0.0056636710255987379
2010-03-05,equal_weight,0.035773170301393889
2010-03-06,equal_weight,0
2010-03-07,equal_weight,0
2010-03-08,equal_weight,-0.0077249254188960711
2010-03-09,equal_weight,-0.0034882743408045473
2010-03-10,equal_weight,0.016195678896878372
2010-03-11,equal_weight,0.0038302381004750087
2010-03-12,equal_weight,0.010643126621267658
2010-03-13,equal_weight,0
2010-03-14,equal_weight,0
2010-03-15,equal_weight,-0.011594757480723359
2010-03-16,equal_weight,0.020784275421142046
2010-03-17,equal_weight,0.013246586323826146
2010-03-18,equal_weight,-0.016782638499083961
2010-03-19,equal_weight,-0.0031190423681308672
2010-03-20,equal_weight,0
2010-03-21,equal_weight,0
2010-03-22,equal_weight,0.0011143056192076098
2010-03-23,equal_weight,0.0050682130162238983
2010-03-24,equal_weight,-0.0042770741076726205
2010-03-25,equal_weight,0.011409715939995164
2010-03-26,equal_weight,0.0044414943048928755
2010-03-27,equal_weight,0
2010-03-28,equal_weight,0
2010-03-29,equal_weight,0.0031384066063597717
2010-03-30,equal_weight,-0.010077667385991846
2010-03-31,equal_weight,0.0026543006843227227
2010-04-01,equal_weight,0.017072363513252097
2010-04-02,equal_weight,-0.0033948379133660915
2010-04-03,equal_weight,0
2010-04-04,equal_weight,0
2010-04-05,equal_weight,0.0039189816236001882
2010-04-06,equal_weight,0.0057819032644109893
2010-04-07,equal_weight,-0.00063077053205787433
2010-04-08,equal_weight,-0.0056399267745618487
2010-04-09,equal_weight,0.018936418492678544
2010-04-10,equal_weight,0
2010-04-11,equal_weight,0
2010-04-12,equal_weight,0.011499392415316053
2010-04-13,equal_weight,-0.0042736449998989233
2010-04-14,equal_weight,0.022577937418659051
2010-04-15,equal_weight,0.0033079503650414498
2010-04-16,equal_weight,-0.035485421638248707
2010-04-17,equal_weight,0
2010-04-18,equal_weight,0
2010-04-19,equal_weight,-0.0023898913633713889
2010-04-20,equal_weight,0.013209592262227718
2010-04-21,equal_weight,-0.0096955272252816898
2010-04-22,equal_weight,-0.014454532302598194
2010-04-23,equal_weight,0.0069493679848852893
2010-04-24,equal_weight,0
2010-04-25,equal_weight,0
2010-04-26,equal_weight,0.0038720479892892191
2010-04-27,equal_weight,-0.046455152532943196
2010-04-28,equal_weight,-0.0067475072211284686
2010-04-29,equal_weight,0.020946407282309867
2010-04-30,equal_weight,-0.018329932476156042
2010-05-01,equal_weight,0
2010-05-02,equal_weight,0
2010-05-03,equal_weight,0.0030904797194458954
2010-05-04,equal_weight,-0.051501801948686129
2010-05-05,equal_weight,-0.012732422944101896
2010-05-06,equal_weight,-0.054782821986549289
2010-05-07,equal_weight,-0.021749744818111354
2010-05-08,equal_weight,0
2010-05-09,equal_weight,0
2010-05-10,equal_weight,0.10414247202279306
2010-05-11,equal_weight,-0.019612518814958096
2010-05-12,equal_weight,0.0036532321135781037
2010-05-13,equal_weight,-0.009776803886607989
2010-05-14,equal_weight,-0.049324322639721051
2010-05-15,equal_weight,0
2010-05-16,equal_weight,0
2010-05-17,equal_weight,-0.0024690822412985133
2010-05-18,equal_weight,-0.0076448888199152961
2010-05-19,equal_weight,-0.01151776541253199
2010-05-20,equal_weight,-0.019723129358703618
2010-05-21,equal_weight,0.02555254708239799
2010-05-22,equal_weight,0
2010-05-23,equal_weight,0
2010-05-24,equal_weight,-0.01851130352907376
2010-05-25,equal_weight,-0.025575814814463273
2010-05-26,equal_weight,0.0067579300075694786
2010-05-27,equal_weight,0.048462261898643388
2010-05-28,equal_weight,-0.014348144758583503
2010-05-29,equal_weight,0
2010-05-30,equal_weight,0
2010-05-31,equal_weight,0.00048574192396293647
2010-06-01,equal_weight,-0.011224499141056913
2010-06-02,equal_weight,1.1492747411970969e-05
2010-06-03,equal_weight,0.00091363743916140063
2010-06-04,equal_weight,-0.048283645536031802
2010-06-05,equal_weight,0
2010-06-06,equal_weight,0
2010-06-07,equal_weight,-0.018046220093300386
2010-06-08,equal_weight,-0.0039260216546764468
2010-06-09,equal_weight,0.012789159202569504
2010-06-10,equal_weight,0.030387050112547932
2010-06-11,equal_weight,0.011759344215495106
2010-06-12,equal_weight,0
2010-06-13,equal_weight,0
2010-06-14,equal_weight,0.01359992439143781
2010-06-15,equal_weight,0.026872995583589958
2010-06-16,equal_weight,0.0018239626795616656
2010-06-17,equal_weight,0.0099656421721540274
2010-06-18,equal_weight,0.012620301457207628
2010-06-19,equal_weight,0
2010-06-20,equal_weight,0
2010-06-21,equal_weight,0.00099206464532415432
2010-06-22,equal_weight,-0.0090076357432711685
2010-06-23,equal_weight,-0.0072652764170576777
2010-06-24,equal_weight,-0.025775164030851269
2010-06-25,equal_weight,0.013075156695213931
2010-06-26,equal_weight,0
2010-06-27,equal_weight,0
2010-06-28,equal_weight,-0.0026884207903901882
2010-06-29,equal_weight,-0.048121174947268842
2010-06-30,equal_weight,0.0012771053472170632
2010-07-01,equal_weight,-0.0069229547811883495
2010-07-02,equal_weight,0.0076739380189877471
2010-07-03,equal_weight,0
2010-07-04,equal_weight,0
2010-07-05,equal_weight,-0.0079004462262085139
2010-07-06,equal_weight,0.031884083448279463
2010-07-07,equal_weight,0.040401568866987016
2010-07-08,equal_weight,0.019244134159443305
2010-07-09,equal_weight,0.0054916963598998217
2010-07-10,equal_weight,0
2010-07-11,equal_weight,0
2010-07-12,equal_weight,-0.002512323188264417
2010-07-13,equal_weight,0.031245129530600171
2010-07-14,equal_weight,-0.003448075789495663
2010-07-15,equal_weight,-0.0070666592392655695
2010-07-16,equal_weight,-0.033901258394793875
2010-07-17,equal_weight,0
2010-07-18,equal_weight,0
2010-07-19,equal_weight,-0.0044281270865057318
2010-07-20,equal_weight,0.0047821648449559283
2010-07-21,equal_weight,-0.00093891647904399678
2010-07-22,equal_weight,0.032979007255448049
2010-07-23,equal_weight,0.0037763322583860164
2010-07-24,equal_weight,0
2010-07-25,equal_weight,0
2010-07-26,equal_weight,0.023428170614055093
2010-07-27,equal_weight,0.037143529948294222
2010-07-28,equal_weight,-0.0029583417750065092
2010-07-29,equal_weight,0.00092781757335668727
2010-07-30,equal_weight,-0.004202563897562084
2010-07-31,equal_weight,0
2010-08-01,equal_weight,0
2010-08-02,equal_weight,0.036216862783990632
2010-08-03,equal_weight,-9.1605226071911464e-05
2010-08-04,equal_weight,-0.0022118836374644718
2010-08-05,equal_weight,-0.008366943008285237
2010-08-06,equal_weight,-0.0080632303730828001
2010-08-07,equal_weight,0
2010-08-08,equal_weight,0
2010-08-09,equal_weight,0.013640574396096105
2010-08-10,equal_weight,-0.014569503525280931
2010-08-11,equal_weight,-0.040665195075472213
2010-08-12,equal_weight,-0.018713532563895668
2010-08-13,equal_weight,-0.0040662020247899675
2010-08-14,equal_weight,0
2010-08-15,equal_weight,0
2010-08-16,equal_weight,-0.0067439200313073539
2010-08-17,equal_weight,0.014126358759533103
2010-08-18,equal_weight,-0.00098757971606491628
2010-08-19,equal_weight,-0.018750823824543961
2010-08-20,equal_weight,-0.011642687242959799
2010-08-21,equal_weight,0
2010-08-22,equal_weight,0
2010-08-23,equal_weight,0.00013855244112203092
2010-08-24,equal_weight,-0.022796198372688717
2010-08-25,equal_weight,-0.01318163101629337
2010-08-26,equal_weight,0.0083676644582443629
2010-08-27,equal_weight,0.0085271476707932461
2010-08-28,equal_weight,0
2010-08-29,equal_weight,0
2010-08-30,equal_weight,-0.011070608728117997
2010-08-31,equal_weight,0.00047764588250785251
2010-09-01,equal_weight,0.035024898480602612
2010-09-02,equal_weight,0.0074161012560520125
2010-09-03,equal_weight,0.020111149136528155
2010-09-04,equal_weight,0
2010-09-05,equal_weight,0
2010-09-06,equal_weight,0.0046483336506676597
2010-09-07,equal_weight,-0.02053802891373056
2010-09-08,equal_weight,-0.00086342259373675364
2010-09-09,equal_weight,0.025129094595772446
2010-09-10,equal_weight,-0.0027974151248945172
2010-09-11,equal_weight,0
2010-09-12,equal_weight,0
2010-09-13,equal_weight,0.018462609925230838
2010-09-14,equal_weight,0.0050550266635451578
2010-09-15,equal_weight,0.0014583331829418969
2010-09-16,equal_weight,-0.011711214477394817
2010-09-17,equal_weight,-0.009862648467063936
2010-09-18,equal_weight,0
2010-09-19,equal_weight,0
2010-09-20,equal_weight,0.013978197272332422
2010-09-21,equal_weight,-0.0097845070671479552
2010-09-22,equal_weight,-0.0098897624618762697
2010-09-23,equal_weight,-0.0064153977903300295
2010-09-24,equal_weight,0.019528356550898084
2010-09-25,equal_weight,0
2010-09-26,equal_weight,0
2010-09-27,equal_weight,-0.0031793522605667564
2010-09-28,equal_weight,-0.0083248103137810309
2010-09-29,equal_weight,-0.0076570070128217311
2010-09-30,equal_weight,-0.0040739376583075974
2010-10-01,equal_weight,0.00018836700235996682
2010-10-02,equal_weight,0
2010-10-03,equal_weight,0
2010-10-04,equal_weight,-0.003774464339673577
2010-10-05,equal_weight,0.025561325141002473
2010-10-06,equal_weight,0.0084986636422543366
2010-10-07,equal_weight,0.00066260643709357405
2010-10-08,equal_weight,-0.0022845662502723289
2010-10-09,equal_weight,0
2010-10-10,equal_weight,0
2010-10-11,equal_weight,0.0020256695034351312
2010-10-12,equal_weight,-1.0575646807164673e-05
2010-10-13,equal_weight,0.0056951869122146516
2010-10-14,equal_weight,-0.016069040680388034
2010-10-15,equal_weight,-0.0047169000627022579
2010-10-16,equal_weight,0
2010-10-17,equal_weight,0
2010-10-18,equal_weight,0.012938870356286729
2010-10-19,equal_weight,-0.00077857561232401353
2010-10-20,equal_weight,-0.0063117637141345611
2010-10-21,equal_weight,0.0056729427688712126
2010-10-22,equal_weight,-0.00089268076672609285
2010-10-23,equal_weight,0
2010-10-24,equal_weight,0
2010-10-25,equal_weight,-0.009527949507717362
2010-10-26,equal_weight,-0.0037144873611236811
2010-10-27,equal_weight,-0.00048704068684385496
2010-10-28,equal_weight,-0.0020778943412350735
2010-10-29,equal_weight,-0.0023633971830786067
2010-10-30,equal_weight,0
2010-10-31,equal_weight,0
2010-11-01,equal_weight,0.00094326889950613173
2010-11-02,equal_weight,6.1625006901000207e-06
2010-11-03,equal_weight,0.0048645575223751989
2010-11-04,equal_weight,0.0307387156046274
2010-11-05,equal_weight,0.0059460324504514005
2010-11-06,equal_weight,0
2010-11-07,equal_weight,0
2010-11-08,equal_weight,-0.014429816655764963
2010-11-09,equal_weight,-0.0087162415399020948
2010-11-10,equal_weight,-0.011995431289630888
2010-11-11,equal_weight,-0.0074474552627332566
2010-11-12,equal_weight,-0.0067608837648660781
2010-11-13,equal_weight,0
2010-11-14,equal_weight,0
2010-11-15,equal_weight,0.0079928806314046464
2010-11-16,equal_weight,-0.028250693247488644
2010-11-17,equal_weight,-0.0034770610908575013
2010-11-18,equal_weight,0.021410355035316186
2010-11-19,equal_weight,-0.0054695460332419878
2010-11-20,equal_weight,0
2010-11-21,equal_weight,0
2010-11-22,equal_weight,-0.019124310759912867
2010-11-23,equal_weight,-0.026931280601919762
2010-11-24,equal_weight,0.00043019718871697396
2010-11-25,equal_weight,0.00051671787041923981
2010-11-26,equal_weight,-0.020654505897305039
2010-11-27,equal_weight,0
2010-11-28,equal_weight,0
2010-11-29,equal_weight,-0.014458871117203394
2010-11-30,equal_weight,-0.02130176357365865
2010-12-01,equal_weight,0.031511257242178112
2010-12-02,equal_weight,0.033243505664630066
2010-12-03,equal_weight,0.0058374680044805047
2010-12-04,equal_weight,0
2010-12-05,equal_weight,0
2010-12-06,equal_weight,-0.00015534473403566425
2010-12-07,equal_weight,-0.0032549556004516991
2010-12-08,equal_weight,0.015728603053159877
2010-12-09,equal_weight,0.021584818138049414
2010-12-10,equal_weight,-0.0020750926078404188
2010-12-11,equal_weight,0
2010-12-12,equal_weight,0
2010-12-13,equal_weight,0.0022180463638955413
2010-12-14,equal_weight,0.003509097959024929
2010-12-15,equal_weight,-0.019358966753596839
2010-12-16,equal_weight,-0.0065669378702070385
2010-12-17,equal_weight,-0.0086764866409796814
2010-12-18,equal_weight,0
2010-12-19,equal_weight,0
2010-12-20,equal_weight,0.00038254884071752974
2010-12-21,equal_weight,0.017701500509149294
2010-12-22,equal_weight,0.0028215886827282805
2010-12-23,equal_weight,-0.0038608867678128814
2010-12-24,equal_weight,0.00050107674550277338
2010-12-25,equal_weight,0
2010-12-26,equal_weight,0
2010-12-27,equal_weight,-0.005212350891999523
2010-12-28,equal_weight,0.0041771856589811552
2010-12-29,equal_weight,-0.0058321502744588718
2010-12-30,equal_weight,-0.0024897563269985772
2010-12-31,equal_weight,-0.00064472284958477495
2011-01-01,equal_weight,0
2011-01-02,equal_weight,0
2011-01-03,equal_weight,0.018468329509946001
2011-01-04,equal_weight,0.010867542989511168
2011-01-05,equal_weight,0.0053007386720629341
2011-01-06,equal_weight,-0.0076996952808103336
2011-01-07,equal_weight,-0.021714622881554846
2011-01-08,equal_weight,0
2011-01-09,equal_weight,0
2011-01-10,equal_weight,-0.015844839798543762
2011-01-11,equal_weight,0.011581721293461857
2011-01-12,equal_weight,0.041296868253652426
2011-01-13,equal_weight,0.017072924512484995
2011-01-14,equal_weight,0.01876491041427009
2011-01-15,equal_weight,0
2011-01-16,equal_weight,0
2011-01-17,equal_weight,-0.0035908650420064365
2011-01-18,equal_weight,0.0043930186058624447
2011-01-19,equal_weight,-0.010749382316203319
2011-01-20,equal_weight,0.011652252090352014
2011-01-21,equal_weight,0.0093030816776123529
2011-01-22,equal_weight,0
2011-01-23,equal_weight,0
2011-01-24,equal_weight,0.00355739088196938
2011-01-25,equal_weight,-0.014194497471052385
2011-01-26,equal_weight,-0.0054131244246099428
2011-01-27,equal_weight,0.014484632810263527
2011-01-28,equal_weight,-0.011513558569452145
2011-01-29,equal_weight,0
2011-01-30,equal_weight,0
2011-01-31,equal_weight,-0.0047016754752185396
2011-02-01,equal_weight,0.028082233624989253
2011-02-02,equal_weight,0.0095508224358879564
2011-02-03,equal_weight,-0.0049016479618913967
2011-02-04,equal_weight,-0.0019941166303700554
2011-02-05,equal_weight,0
2011-02-06,equal_weight,0
2011-02-07,equal_weight,0.0094045483878154174
2011-02-08,equal_weight,0.0092606589009168721
2011-02-09,equal_weight,-0.0064265116319203704
2011-02-10,equal_weight,-0.0047002982601599781
2011-02-11,equal_weight,0.0034267096317243998
2011-02-12,equal_weight,0
2011-02-13,equal_weight,0
2011-02-14,equal_weight,-0.0043920646836854817
2011-02-15,equal_weight,0.0090576823516821132
2011-02-16,equal_weight,0.021665676914490197
2011-02-17,equal_weight,0.007997207303401626
2011-02-18,equal_weight,0.00097508022598989869
2011-02-19,equal_weight,0
2011-02-20,equal_weight,0
2011-02-21,equal_weight,-0.014112912057787986
2011-02-22,equal_weight,-0.020380550342639595
2011-02-23,equal_weight,-0.003600439310807241
2011-02-24,equal_weight,-0.00323008773295758
2011-02-25,equal_weight,0.012734530029611344
2011-02-26,equal_weight,0
2011-02-27,equal_weight,0
2011-02-28,equal_weight,-0.0017100590258925909
2011-03-01,equal_weight,-0.012174657133106838
2011-03-02,equal_weight,-0.0048018987395880997
2011-03-03,equal_weight,0.010945586357193242
2011-03-04,equal_weight,-0.010730803910414696
2011-03-05,equal_weight,0
2011-03-06,equal_weight,0
2011-03-07,equal_weight,-0.0089376016109940781
2011-03-08,equal_weight,0.013436841876300152
2011-03-09,equal_weight,-0.0058752470268998713
2011-03-10,equal_weight,-0.015924725194792554
2011-03-11,equal_weight,-0.0063502125049015876
2011-03-12,equal_weight,0
2011-03-13,equal_weight,0
2011-03-14,equal_weight,-0.0021281679404344515
2011-03-15,equal_weight,-0.019564046101037302
2011-03-16,equal_weight,-0.019117991751761029
2011-03-17,equal_weight,0.0096765768462717047
2011-03-18,equal_weight,0.012313922871020557
2011-03-19,equal_weight,0
2011-03-20,equal_weight,0
2011-03-21,equal_weight,0.016660394010089379
2011-03-22,equal_weight,0.0042973740151478522
2011-03-23,equal_weight,-0.0012804699752931533
2011-03-24,equal_weight,0.0060590200322439176
2011-03-25,equal_weight,-0.0021863383714935468
2011-03-26,equal_weight,0
2011-03-27,equal_weight,0
2011-03-28,equal_weight,-0.0034281761255931494
2011-03-29,equal_weight,-0.0074877376094456705
2011-03-30,equal_weight,-0.0014800657354057129
2011-03-31,equal_weight,-0.013756802630318912
2011-04-01,equal_weight,0.017158292953911334
2011-04-02,equal_weight,0
2011-04-03,equal_weight,0
2011-04-04,equal_weight,-0.0042815300090271171
2011-04-05,equal_weight,-0.0019508491839792814
2011-04-06,equal_weight,0.019883308231428618
2011-04-07,equal_weight,0.0041423214906879009
2011-04-08,equal_weight,-0.00086070043339744916
2011-04-09,equal_weight,0
2011-04-10,equal_weight,0
2011-04-11,equal_weight,0.0036528538947393466
2011-04-12,equal_weight,-0.011575807024574981
2011-04-13,equal_weight,-0.00034849208147371145
2011-04-14,equal_weight,-0.017343681202027551
2011-04-15,equal_weight,-0.0089304798667387969
2011-04-16,equal_weight,0
2011-04-17,equal_weight,0
2011-04-18,equal_weight,-0.023703108671639248
2011-04-19,equal_weight,-0.0042975895511142108
2011-04-20,equal_weight,0.0083606852066060184
2011-04-21,equal_weight,0.015512243508120423
2011-04-22,equal_weight,0.0028499969969213558
2011-04-23,equal_weight,0
2011-04-24,equal_weight,0
2011-04-25,equal_weight,-0.00072555884252987395
2011-04-26,equal_weight,0.0039570628865256514
2011-04-27,equal_weight,0.0069196087518306349
2011-04-28,equal_weight,0.010206760029568969
2011-04-29,equal_weight,0.0038099754362964883
2011-04-30,equal_weight,0
2011-05-01,equal_weight,0
2011-05-02,equal_weight,0.0024884333525893587
2011-05-03,equal_weight,0.0032289582483307042
2011-05-04,equal_weight,-0.012283642327589314
2011-05-05,equal_weight,-0.016117338426281207
2011-05-06,equal_weight,-0.00090646827093800945
2011-05-07,equal_weight,0
2011-05-08,equal_weight,0
2011-05-09,equal_weight,-0.021457046084946241
2011-05-10,equal_weight,0.016845076923355743
2011-05-11,equal_weight,-0.0076464522686005973
2011-05-12,equal_weight,-0.011947500047715753
2011-05-13,equal_weight,-0.014634877840930916
2011-05-14,equal_weight,0
2011-05-15,equal_weight,0
2011-05-16,equal_weight,-0.01252511054211366
2011-05-17,equal_weight,0.0018939797116179886
2011-05-18,equal_weight,0.0061879554080895632
2011-05-19,equal_weight,0.00019154540214828759
2011-05-20,equal_weight,-0.012765156935247962
2011-05-21,equal_weight,0
2011-05-22,equal_weight,0
2011-05-23,equal_weight,-0.022632529387125695
2011-05-24,equal_weight,-0.0069579460422578565
2011-05-25,equal_weight,0.016671264359289981
2011-05-26,equal_weight,-0.00049329883604279552
2011-05-27,equal_weight,0.01833839870965881
2011-05-28,equal_weight,0
2011-05-29,equal_weight,0
2011-05-30,equal_weight,0.0020313066769247433
2011-05-31,equal_weight,0.013966020682222368
2011-06-01,equal_weight,-0.021061274057418429
2011-06-02,equal_weight,-0.0098435429743732889
2011-06-03,equal_weight,0.008955620681073034
2011-06-04,equal_weight,0
2011-06-05,equal_weight,0
2011-06-06,equal_weight,-0.012190019908700098
2011-06-07,equal_weight,-0.003221348478422815
2011-06-08,equal_weight,-0.0050391374809821456
2011-06-09,equal_weight,0.0021446578722910188
2011-06-10,equal_weight,-0.010282911530463339
2011-06-11,equal_weight,0
2011-06-12,equal_weight,0
2011-06-13,equal_weight,-0.00022072896000160269
2011-06-14,equal_weight,0.016052235493946087
2011-06-15,equal_weight,-0.020819913690184384
2011-06-16,equal_weight,-0.0099949025376454455
2011-06-17,equal_weight,0.015469244061425887
2011-06-18,equal_weight,0
2011-06-19,equal_weight,0
2011-06-20,equal_weight,-0.0076676567960183295
2011-06-21,equal_weight,0.019177116895599644
2011-06-22,equal_weight,-0.0022266558218534877
2011-06-23,equal_weight,-0.02718308720057459
2011-06-24,equal_weight,-0.017930829022009355
2011-06-25,equal_weight,0
2011-06-26,equal_weight,0
2011-06-27,equal_weight,0.00017025135870321891
2011-06-28,equal_weight,0.016620939012588699
2011-06-29,equal_weight,0.021072029428707534
2011-06-30,equal_weight,0.022542501477829269
2011-07-01,equal_weight,0.027006029279208719
2011-07-02,equal_weight,0
2011-07-03,equal_weight,0
2011-07-04,equal_weight,-0.0023619333382788907
2011-07-05,equal_weight,-0.0075748909971584477
2011-07-06,equal_weight,-0.021627441906432052
2011-07-07,equal_weight,-0.0015428946426037228
2011-07-08,equal_weight,-0.0223008147001416
2011-07-09,equal_weight,0
2011-07-10,equal_weight,0
2011-07-11,equal_weight,-0.042310848461536273
2011-07-12,equal_weight,-0.011019464865424744
2011-07-13,equal_weight,0.0039102167195925117
2011-07-14,equal_weight,0.0037051838819879648
2011-07-15,equal_weight,-0.013661418627740817
2011-07-16,equal_weight,0
2011-07-17,equal_weight,0
2011-07-18,equal_weight,-0.033039533904046667
2011-07-19,equal_weight,0.013447400210583041
2011-07-20,equal_weight,0.035836077075401936
2011-07-21,equal_weight,0.048573680414147238
2011-07-22,equal_weight,0.0037533744707145432
2011-07-23,equal_weight,0
2011-07-24,equal_weight,0
2011-07-25,equal_weight,-0.024990072809647969
2011-07-26,equal_weight,-4.3043187243239483e-05
2011-07-27,equal_weight,-0.021863963687785311
2011-07-28,equal_weight,0.0053687935499529176
2011-07-29,equal_weight,-0.0096681300350264648
2011-07-30,equal_weight,0
2011-07-31,equal_weight,0
2011-08-01,equal_weight,-0.013535419796150005
2011-08-02,equal_weight,-0.032133563217645045
2011-08-03,equal_weight,-0.016691979370905927
2011-08-04,equal_weight,-0.048692310459145384
2011-08-05,equal_weight,-0.028157721633910174
2011-08-06,equal_weight,0
2011-08-07,equal_weight,0
2011-08-08,equal_weight,-0.050323468001553032
2011-08-09,equal_weight,0.022643964151038799
2011-08-10,equal_weight,-0.07294545542634881
2011-08-11,equal_weight,0.036041412540691056
2011-08-12,equal_weight,0.023996402931628653
2011-08-13,equal_weight,0
2011-08-14,equal_weight,0
2011-08-15,equal_weight,0.016804134921947531
2011-08-16,equal_weight,-0.0047859566697863471
2011-08-17,equal_weight,-0.0086845814075799683
2011-08-18,equal_weight,-0.063113396422897677
2011-08-19,equal_weight,-0.030758482824644492
2011-08-20,equal_weight,0
2011-08-21,equal_weight,0
2011-08-22,equal_weight,-0.016298598686415113
2011-08-23,equal_weight,0.0098898834084276029
2011-08-24,equal_weight,0.030363758502276031
2011-08-25,equal_weight,0.014902147474818325
2011-08-26,equal_weight,-0.014911963604805912
2011-08-27,equal_weight,0
2011-08-28,equal_weight,0
2011-08-29,equal_weight,0.032108985116093738
2011-08-30,equal_weight,0.0097443146292396608
2011-08-31,equal_weight,0.021239713942995991
2011-09-01,equal_weight,-0.0024925397985179794
2011-09-02,equal_weight,-0.05457812162811556
2011-09-03,equal_weight,0
2011-09-04,equal_weight,0
2011-09-05,equal_weight,-0.050464484684445692
2011-09-06,equal_weight,-0.025657813372795754
2011-09-07,equal_weight,0.037322911692477555
2011-09-08,equal_weight,-0.00066491925703656102
2011-09-09,equal_weight,-0.058421498360328873
2011-09-10,equal_weight,0
2011-09-11,equal_weight,0
2011-09-12,equal_weight,-0.044187107484699485
2011-09-13,equal_weight,0.036697238357316884
2011-09-14,equal_weight,0.010683114712112602
2011-09-15,equal_weight,0.048198660104228699
2011-09-16,equal_weight,0.0049029840559056456
2011-09-17,equal_weight,0
2011-09-18,equal_weight,0
2011-09-19,equal_weight,-0.041285815220962578
2011-09-20,equal_weight,-0.0016535747886266578
2011-09-21,equal_weight,-0.022079983159719149
2011-09-22,equal_weight,-0.058701299869592036
2011-09-23,equal_weight,0.030944874152308528
2011-09-24,equal_weight,0
2011-09-25,equal_weight,0
2011-09-26,equal_weight,0.049253836779045143
2011-09-27,equal_weight,0.051681844632632666
2011-09-28,equal_weight,-0.018926087307948161
2011-09-29,equal_weight,0.032436297111943221
2011-09-30,equal_weight,-0.038384802413540982
2011-10-01,equal_weight,0
2011-10-02,equal_weight,0
2011-10-03,equal_weight,-0.048906328408428755
2011-10-04,equal_weight,-0.018799545740093546
2011-10-05,equal_weight,0.040178394257552992
2011-10-06,equal_weight,0.048680926219085374
2011-10-07,equal_weight,-0.016200938084659194
2011-10-08,equal_weight,0
2011-10-09,equal_weight,0
2011-10-10,equal_weight,0.039619270532237211
2011-10-11,equal_weight,0.019563587373698139
2011-10-12,equal_weight,0.030422426647491736
2011-10-13,equal_weight,-0.037420032006286678
2011-10-14,equal_weight,-0.003405006623256331
2011-10-15,equal_weight,0
2011-10-16,equal_weight,0
2011-10-17,equal_weight,-0.017618482861005862
2011-10-18,equal_weight,0.0096586342175313949
2011-10-19,equal_weight,0.014469853418697316
2011-10-20,equal_weight,-0.022575842972323915
2011-10-21,equal_weight,0.030885706454083749
2011-10-22,equal_weight,0
2011-10-23,equal_weight,0
2011-10-24,equal_weight,0.026440884946604914
2011-10-25,equal_weight,-0.017788778020886919
2011-10-26,equal_weight,0.00094118627386846946
2011-10-27,equal_weight,0.094999338886449805
2011-10-28,equal_weight,0.0035371088123641943
2011-10-29,equal_weight,0
2011-10-30,equal_weight,0
2011-10-31,equal_weight,-0.058733707102046659
2011-11-01,equal_weight,-0.081930424959705261
2011-11-02,equal_weight,0.010114384354438025
2011-11-03,equal_weight,0.023879836551392076
2011-11-04,equal_weight,-0.014982196158967287
2011-11-05,equal_weight,0
2011-11-06,equal_weight,0
2011-11-07,equal_weight,-0.0058245149169549558
2011-11-08,equal_weight,0.016802530822833089
2011-11-09,equal_weight,-0.04574151628013523
2011-11-10,equal_weight,-0.010712215279160345
2011-11-11,equal_weight,0.037453932853267015
2011-11-12,equal_weight,0
2011-11-13,equal_weight,0
2011-11-14,equal_weight,-0.013830995003135772
2011-11-15,equal_weight,-0.023184675482133647
2011-11-16,equal_weight,-0.013462678870436782
2011-11-17,equal_weight,-0.027467640564375662
2011-11-18,equal_weight,-0.00061557357508583422
2011-11-19,equal_weight,0
2011-11-20,equal_weight,0
2011-11-21,equal_weight,-0.034962521056234666
2011-11-22,equal_weight,-0.028703252396839248
2011-11-23,equal_weight,-0.024683116184772515
2011-11-24,equal_weight,0.0047927461980510899
2011-11-25,equal_weight,0.0092147563763934383
2011-11-26,equal_weight,0
2011-11-27,equal_weight,0
2011-11-28,equal_weight,0.048527047638781434
2011-11-29,equal_weight,-0.0026999340825336299
2011-11-30,equal_weight,0.053569943899945224
2011-12-01,equal_weight,-0.002213938649709429
2011-12-02,equal_weight,0.04293147846315179
2011-12-03,equal_weight,0
2011-12-04,equal_weight,0
2011-12-05,equal_weight,0.025817928832183035
2011-12-06,equal_weight,-0.0039079509562162437
2011-12-07,equal_weight,0.0024758331913304851
2011-12-08,equal_weight,-0.044866108965930115
2011-12-09,equal_weight,0.028771200982764318
2011-12-10,equal_weight,0
2011-12-11,equal_weight,0
2011-12-12,equal_weight,-0.04169296353823472
2011-12-13,equal_weight,-0.023870379012369203
2011-12-14,equal_weight,-0.026012517253084014
2011-12-15,equal_weight,0.0071691183711649412
2011-12-16,equal_weight,0.00040368684270986451
2011-12-17,equal_weight,0
2011-12-18,equal_weight,0
2011-12-19,equal_weight,-0.015905678301884444
2011-12-20,equal_weight,0.033073734754698263
2011-12-21,equal_weight,0.0051947210649790744
2011-12-22,equal_weight,0.024655622999067775
2011-12-23,equal_weight,0.0029005423949478855
2011-12-24,equal_weight,0
2011-12-25,equal_weight,0
2011-12-26,equal_weight,-0.0013177129575975921
2011-12-27,equal_weight,-0.01080404715019182
2011-12-28,equal_weight,-0.019898361477415975
2011-12-29,equal_weight,0.0073002006369072654
2011-12-30,equal_weight,0.0055893420173089344
2011-12-31,equal_weight,0
2012-01-01,equal_weight,0
2012-01-02,equal_weight,0.010905910450129733
2012-01-03,equal_weight,0.023690333510974354
2012-01-04,equal_weight,-0.010055908157577715
2012-01-05,equal_weight,-0.025296782195552113
2012-01-06,equal_weight,-0.018762967861628645
2012-01-07,equal_weight,0
2012-01-08,equal_weight,0
2012-01-09,equal_weight,-0.018868852374897042
2012-01-10,equal_weight,0.040543212995985102
2012-01-11,equal_weight,0.016133538440530688
2012-01-12,equal_weight,0.018308945535532833
2012-01-13,equal_weight,0.0063308519830717657
2012-01-14,equal_weight,0
2012-01-15,equal_weight,0
2012-01-16,equal_weight,-0.0024870637907868165
2012-01-17,equal_weight,0.0021061571086026863
2012-01-18,equal_weight,0.014340433338451633
2012-01-19,equal_weight,0.05951677607010928
2012-01-20,equal_weight,0.01587782177301205
2012-01-21,equal_weight,0
2012-01-22,equal_weight,0
2012-01-23,equal_weight,0.020829291597115294
2012-01-24,equal_weight,-0.004519364248077317
2012-01-25,equal_weight,-0.0022498091783697259
2012-01-26,equal_weight,0.010384164903692424
2012-01-27,equal_weight,-0.002402279064682304
2012-01-28,equal_weight,0
2012-01-29,equal_weight,0
2012-01-30,equal_weight,-0.021896178597888841
2012-01-31,equal_weight,0.0077389029198350898
2012-02-01,equal_weight,0.031856939439729962
2012-02-02,equal_weight,0.01475152368207836
2012-02-03,equal_weight,0.02419588849128609
2012-02-04,equal_weight,0
2012-02-05,equal_weight,0
2012-02-06,equal_weight,-0.0045628367925021522
2012-02-07,equal_weight,0.0057484887214098567
2012-02-08,equal_weight,0.016394616172605639
2012-02-09,equal_weight,2.9077903138257586e-05
2012-02-10,equal_weight,-0.026880915955005805
2012-02-11,equal_weight,0
2012-02-12,equal_weight,0
2012-02-13,equal_weight,0.0027840870594012046
2012-02-14,equal_weight,-0.016496399705606193
2012-02-15,equal_weight,0.0053577245875035106
2012-02-16,equal_weight,0.0024741700324385583
2012-02-17,equal_weight,0.019289077787300303
2012-02-18,equal_weight,0
2012-02-19,equal_weight,0
2012-02-20,equal_weight,0.013960862653751726
2012-02-21,equal_weight,-0.0055832588430580719
2012-02-22,equal_weight,-0.020810012231301973
2012-02-23,equal_weight,-0.0014861120712068314
2012-02-24,equal_weight,0.0096019756478710298
2012-02-25,equal_weight,0
2012-02-26,equal_weight,0
2012-02-27,equal_weight,-0.00079444239660659438
2012-02-28,equal_weight,0.0024758494294959458
2012-02-29,equal_weight,0.00057329478524356864
2012-03-01,equal_weight,0.013579449030447645
2012-03-02,equal_weight,0.0036379295433392944
2012-03-03,equal_weight,0
2012-03-04,equal_weight,0
2012-03-05,equal_weight,-0.020469063477446314
2012-03-06,equal_weight,-0.039951067867725024
2012-03-07,equal_weight,0.010434678619721603
2012-03-08,equal_weight,0.020532392174802971
2012-03-09,equal_weight,0.0027363829639615528
2012-03-10,equal_weight,0
2012-03-11,equal_weight,0
2012-03-12,equal_weight,-0.017751213249891144
2012-03-13,equal_weight,0.036818057617137204
2012-03-14,equal_weight,0.0084028633931746196
2012-03-15,equal_weight,0.01117181612689426
2012-03-16,equal_weight,0.016523184158430078
2012-03-17,equal_weight,0
2012-03-18,equal_weight,0
2012-03-19,equal_weight,0.010516838891314941
2012-03-20,equal_weight,-0.0050800707723624265
2012-03-21,equal_weight,-0.010517198610434531
2012-03-22,equal_weight,-0.017682136272455538
2012-03-23,equal_weight,0.0077900942640716812
2012-03-24,equal_weight,0
2012-03-25,equal_weight,0
2012-03-26,equal_weight,0.0084999252327360754
2012-03-27,equal_weight,-0.0018423098039973341
2012-03-28,equal_weight,-0.007805760072823408
2012-03-29,equal_weight,-0.027384912641192916
2012-03-30,equal_weight,0.004515032970816877
2012-03-31,equal_weight,0
2012-04-01,equal_weight,0
2012-04-02,equal_weight,0.0059818920803407253
2012-04-03,equal_weight,-0.022357377663017177
2012-04-04,equal_weight,-0.032869475160077155
2012-04-05,equal_weight,-0.0089681454022798313
2012-04-06,equal_weight,-0.003740376083693076
2012-04-07,equal_weight,0
2012-04-08,equal_weight,0
2012-04-09,equal_weight,-0.0045702144869388976
2012-04-10,equal_weight,-0.039015932312630695
2012-04-11,equal_weight,0.019286612949172357
2012-04-12,equal_weight,0.019458082281024729
2012-04-13,equal_weight,-0.029863487805201181
2012-04-14,equal_weight,0
2012-04-15,equal_weight,0
2012-04-16,equal_weight,-0.014748565423430443
2012-04-17,equal_weight,0.037761041991758025
2012-04-18,equal_weight,-0.017942626640392357
2012-04-19,equal_weight,-0.016197034181123504
2012-04-20,equal_weight,0.0052932008100327809
2012-04-21,equal_weight,0
2012-04-22,equal_weight,0
2012-04-23,equal_weight,-0.02454590589936069
2012-04-24,equal_weight,0.014539958465600957
2012-04-25,equal_weight,0.017189670942883623
2012-04-26,equal_weight,-0.0013732978566837581
2012-04-27,equal_weight,0.0073374982007708119
2012-04-28,equal_weight,0
2012-04-29,equal_weight,0
2012-04-30,equal_weight,-0.0072142234168005746
2012-05-01,equal_weight,0.0099427238662173154
2012-05-02,equal_weight,-0.019763024735184216
2012-05-03,equal_weight,-0.018559126024341274
2012-05-04,equal_weight,-0.0072887457668763056
2012-05-05,equal_weight,0
2012-05-06,equal_weight,0
2012-05-07,equal_weight,0.00987536357594683
2012-05-08,equal_weight,-0.017875980662813887
2012-05-09,equal_weight,-0.018660851127959951
2012-05-10,equal_weight,0.019451571236984554
2012-05-11,equal_weight,-0.01563175222369487
2012-05-12,equal_weight,0
2012-05-13,equal_weight,0
2012-05-14,equal_weight,-0.036042422586610966
2012-05-15,equal_weight,-0.02060617262585529
2012-05-16,equal_weight,-0.012517746178572604
2012-05-17,equal_weight,-0.022528447127298831
2012-05-18,equal_weight,-0.0088527871473049156
2012-05-19,equal_weight,0
2012-05-20,equal_weight,0
2012-05-21,equal_weight,0.0094598545653689844
2012-05-22,equal_weight,0.029499221537802305
2012-05-23,equal_weight,-0.026908977543632969
2012-05-24,equal_weight,0.0040751410146159031
2012-05-25,equal_weight,-0.0075014627616188708
2012-05-26,equal_weight,0
2012-05-27,equal_weight,0
2012-05-28,equal_weight,-0.0047845630880184514
2012-05-29,equal_weight,0.0025181333986043354
2012-05-30,equal_weight,-0.020185777857534903
2012-05-31,equal_weight,0.0012593415957305027
2012-06-01,equal_weight,-0.020745219278400645
2012-06-02,equal_weight,0
2012-06-03,equal_weight,0
2012-06-04,equal_weight,0.0036151432525108598
2012-06-05,equal_weight,0.01872958198104567
2012-06-06,equal_weight,0.038465656863552251
2012-06-07,equal_weight,0.012664251285959596
2012-06-08,equal_weight,-0.0015991586794196397
2012-06-09,equal_weight,0
2012-06-10,equal_weight,0
2012-06-11,equal_weight,-0.010735979012700229
2012-06-12,equal_weight,-0.004260656622905366
2012-06-13,equal_weight,0.002280043534718959
2012-06-14,equal_weight,0.013746790933063857
2012-06-15,equal_weight,0.030107834084482799
2012-06-16,equal_weight,0
2012-06-17,equal_weight,0
2012-06-18,equal_weight,-0.017227889671964629
2012-06-19,equal_weight,0.021385435448847141
2012-06-20,equal_weight,0.016629621097585024
2012-06-21,equal_weight,-0.01128350532163859
2012-06-22,equal_weight,-0.0038106512136531715
2012-06-23,equal_weight,0
2012-06-24,equal_weight,0
2012-06-25,equal_weight,-0.036615431479857685
2012-06-26,equal_weight,-0.008213852449813392
2012-06-27,equal_weight,0.024564689298357544
2012-06-28,equal_weight,-0.021313605561449286
2012-06-29,equal_weight,0.046386690513698654
2012-06-30,equal_weight,0
2012-07-01,equal_weight,0
2012-07-02,equal_weight,0.019649544293260667
2012-07-03,equal_weight,0.0064898146779750164
2012-07-04,equal_weight,-0.0062474435366097498
2012-07-05,equal_weight,-0.026162936558372166
2012-07-06,equal_weight,-0.02824708180802878
2012-07-07,equal_weight,0
2012-07-08,equal_weight,0
2012-07-09,equal_weight,-0.0074368472637655666
2012-07-10,equal_weight,0.0024534768644001348
2012-07-11,equal_weight,0.0051619287190361914
2012-07-12,equal_weight,-0.01604174519972074
2012-07-13,equal_weight,0.011198312563258039
2012-07-14,equal_weight,0
2012-07-15,equal_weight,0
2012-07-16,equal_weight,-0.003328979251010904
2012-07-17,equal_weight,-0.00079966954674398573
2012-07-18,equal_weight,0.0013858057114209158
2012-07-19,equal_weight,0.0022603738395918656
2012-07-20,equal_weight,-0.034616367527485307
2012-07-21,equal_weight,0
2012-07-22,equal_weight,0
2012-07-23,equal_weight,-0.029629791315849873
2012-07-24,equal_weight,-0.012280806478561661
2012-07-25,equal_weight,0.0056706539831983495
2012-07-26,equal_weight,0.041931013157658209
2012-07-27,equal_weight,0.038613521030594337
2012-07-28,equal_weight,0
2012-07-29,equal_weight,0
2012-07-30,equal_weight,0.020488190503266997
2012-07-31,equal_weight,-0.013961000236339271
2012-08-01,equal_weight,0.00073052929468175388
2012-08-02,equal_weight,-0.038609211600651075
2012-08-03,equal_weight,0.047738075510272059
2012-08-04,equal_weight,0
2012-08-05,equal_weight,0
2012-08-06,equal_weight,0.02523946518115942
2012-08-07,equal_weight,0.0053741499404268709
2012-08-08,equal_weight,0.0033718114416430071
2012-08-09,equal_weight,0.0021286169409290498
2012-08-10,equal_weight,-0.0083558710820387499
2012-08-11,equal_weight,0
2012-08-12,equal_weight,0
2012-08-13,equal_weight,0.00064386506311906377
2012-08-14,equal_weight,0.0045546302274536354
2012-08-15,equal_weight,0.00018707995078564405
2012-08-16,equal_weight,0.016923868664557206
2012-08-17,equal_weight,0.01665760466204096
2012-08-18,equal_weight,0
2012-08-19,equal_weight,0
2012-08-20,equal_weight,-0.0057447963226159521
2012-08-21,equal_weight,0.020757203384138733
2012-08-22,equal_weight,-0.0032737770480008792
2012-08-23,equal_weight,-0.0084388022849920981
2012-08-24,equal_weight,-0.0035128496851459428
2012-08-25,equal_weight,0
2012-08-26,equal_weight,0
2012-08-27,equal_weight,0.0036615875798773276
2012-08-28,equal_weight,-0.004471025545124894
2012-08-29,equal_weight,0.0028476781333284539
2012-08-30,equal_weight,-0.01111927847746361
2012-08-31,equal_weight,0.013352062647981611
2012-09-01,equal_weight,0
2012-09-02,equal_weight,0
2012-09-03,equal_weight,0.0058596111649534717
2012-09-04,equal_weight,-0.0054586301739702001
2012-09-05,equal_weight,0.0047049400576251576
2012-09-06,equal_weight,0.046146859093397108
2012-09-07,equal_weight,0.031330899970031169
2012-09-08,equal_weight,0
2012-09-09,equal_weight,0
2012-09-10,equal_weight,0.0072045184579403688
2012-09-11,equal_weight,0.013680940555209008
2012-09-12,equal_weight,0.01678179265230469
2012-09-13,equal_weight,0.0048225753013398862
2012-09-14,equal_weight,0.028450892843289173
2012-09-15,equal_weight,0
2012-09-16,equal_weight,0
2012-09-17,equal_weight,-0.0028880715857011554
2012-09-18,equal_weight,-0.018624457311236495
2012-09-19,equal_weight,0.0025131189859992215
2012-09-20,equal_weight,-0.013056156622993418
2012-09-21,equal_weight,0.0059833546455811933
2012-09-22,equal_weight,0
2012-09-23,equal_weight,0
2012-09-24,equal_weight,-0.0066802310382253439
2012-09-25,equal_weight,-0.00096766251604626138
2012-09-26,equal_weight,-0.034116497414674589
2012-09-27,equal_weight,0.0072888371650268614
2012-09-28,equal_weight,-0.013118813435443825
2012-09-29,equal_weight,0
2012-09-30,equal_weight,0
2012-10-01,equal_weight,0.014574451640757893
2012-10-02,equal_weight,-0.00071951154317774653
2012-10-03,equal_weight,0.0054932701186844379
2012-10-04,equal_weight,0.011610648709442704
2012-10-05,equal_weight,0.015419890651895392
2012-10-06,equal_weight,0
2012-10-07,equal_weight,0
2012-10-08,equal_weight,-0.013942229402465527
2012-10-09,equal_weight,-0.008641136269057938
2012-10-10,equal_weight,-0.0046762688285535651
2012-10-11,equal_weight,0.019812892112678844
2012-10-12,equal_weight,-0.0052362705168119625
2012-10-13,equal_weight,0
2012-10-14,equal_weight,0
2012-10-15,equal_weight,0.014278930753382839
2012-10-16,equal_weight,0.024817606718899252
2012-10-17,equal_weight,0.019728430595067271
2012-10-18,equal_weight,0.0018340072795406744
2012-10-19,equal_weight,-0.022617542702637342
2012-10-20,equal_weight,0
2012-10-21,equal_weight,0
2012-10-22,equal_weight,0.00085563848930512553
2012-10-23,equal_weight,-0.01699925873787881
2012-10-24,equal_weight,-0.0019600039706520449
2012-10-25,equal_weight,-0.0011384261470569141
2012-10-26,equal_weight,-0.0065614084802312917
2012-10-27,equal_weight,0
2012-10-28,equal_weight,0
2012-10-29,equal_weight,-0.002308561451069285
2012-10-30,equal_weight,0.010270772069717224
2012-10-31,equal_weight,0.0017156636388243377
2012-11-01,equal_weight,0.022351748707562482
2012-11-02,equal_weight,-0.00073554155218997965
2012-11-03,equal_weight,0
2012-11-04,equal_weight,0
2012-11-05,equal_weight,-0.015759276012745505
2012-11-06,equal_weight,0.013021292220723263
2012-11-07,equal_weight,-0.034035788438294912
2012-11-08,equal_weight,-0.0043304271441940564
2012-11-09,equal_weight,-0.0092770294496954467
2012-11-10,equal_weight,0
2012-11-11,equal_weight,0
2012-11-12,equal_weight,0.0019234770867971114
2012-11-13,equal_weight,0.0083846716022812542
2012-11-14,equal_weight,-0.014416551754887812
2012-11-15,equal_weight,0.0051625029561769616
2012-11-16,equal_weight,-0.012605245242594256
2012-11-17,equal_weight,0
2012-11-18,equal_weight,0
2012-11-19,equal_weight,0.031642331687324367
2012-11-20,equal_weight,-0.00081277742850586945
2012-11-21,equal_weight,0.0047244917017295737
2012-11-22,equal_weight,0.0098617930837875869
2012-11-23,equal_weight,0.0085545899953348246
2012-11-24,equal_weight,0
2012-11-25,equal_weight,0
2012-11-26,equal_weight,-0.006894304713879377
2012-11-27,equal_weight,0.0040469904439545869
2012-11-28,equal_weight,-0.0043179576146222696
2012-11-29,equal_weight,0.014711123385558302
2012-11-30,equal_weight,-0.00030789658145949741
2012-12-01,equal_weight,0
2012-12-02,equal_weight,0
2012-12-03,equal_weight,-0.0028110067472520393
2012-12-04,equal_weight,0.006008870024098994
2012-12-05,equal_weight,0.013570144805717728
2012-12-06,equal_weight,0.0026875765257031426
2012-12-07,equal_weight,-0.00081527329345107067
2012-12-08,equal_weight,0
2012-12-09,equal_weight,0
2012-12-10,equal_weight,-0.012424186003535625
2012-12-11,equal_weight,0.0076191647879165058
2012-12-12,equal_weight,0.0096726051853970405
2012-12-13,equal_weight,0.001320262411242257
2012-12-14,equal_weight,0.001259628233948737
2012-12-15,equal_weight,0
2012-12-16,equal_weight,0
2012-12-17,equal_weight,0.014129772328352715
2012-12-18,equal_weight,0.017982082406076537
2012-12-19,equal_weight,0.012611198727972214
2012-12-20,equal_weight,0.0048692597288305548
2012-12-21,equal_weight,-0.011527180817478618
2012-12-22,equal_weight,0
2012-12-23,equal_weight,0
2012-12-24,equal_weight,-0.0036211005159398715
2012-12-25,equal_weight,-0.00053887383896488209
2012-12-26,equal_weight,0.0010087563147112867
2012-12-27,equal_weight,0.0027243447318607114
2012-12-28,equal_weight,-0.0086845606213074873
2012-12-29,equal_weight,0
2012-12-30,equal_weight,0
2012-12-31,equal_weight,0.0059116962112024671
2013-01-01,equal_weight,-0.00060056553565427111
2013-01-02,equal_weight,0.031858394685559122
2013-01-03,equal_weight,-0.0010966164265006216
2013-01-04,equal_weight,0.0044349256621927262
2013-01-05,equal_weight,0
2013-01-06,equal_weight,0
2013-01-07,equal_weight,0.0084290783350976384
2013-01-08,equal_weight,0.0040620791415843308
2013-01-09,equal_weight,0.014162173983624009
2013-01-10,equal_weight,0.012948131215892666
2013-01-11,equal_weight,0.0089140912080558979
2013-01-12,equal_weight,0
2013-01-13,equal_weight,0
2013-01-14,equal_weight,0.0026327946847851847
2013-01-15,equal_weight,-0.0023214180758831856
2013-01-16,equal_weight,-0.0055659977735781959
2013-01-17,equal_weight,0.001179811095554072
2013-01-18,equal_weight,0.0083185241776530996
2013-01-19,equal_weight,0
2013-01-20,equal_weight,0
2013-01-21,equal_weight,0.00040850769335272193
2013-01-22,equal_weight,-0.0031094499758924699
2013-01-23,equal_weight,-0.0077922925045418373
2013-01-24,equal_weight,0.013351212384732756
2013-01-25,equal_weight,0.0038118461362324006
2013-01-26,equal_weight,0
2013-01-27,equal_weight,0
2013-01-28,equal_weight,0.0053757951314789562
2013-01-29,equal_weight,-0.001846793512072322
2013-01-30,equal_weight,-0.0047306990688795207
2013-01-31,equal_weight,0.0042206502520121475
2013-02-01,equal_weight,0.0055755283447693742
2013-02-02,equal_weight,0
2013-02-03,equal_weight,0
2013-02-04,equal_weight,-0.028057715007817629
2013-02-05,equal_weight,0.010136399566743063
2013-02-06,equal_weight,-0.0025879269998716763
2013-02-07,equal_weight,-0.012244842381978193
2013-02-08,equal_weight,0.0098904469126077348
2013-02-09,equal_weight,0
2013-02-10,equal_weight,0
2013-02-11,equal_weight,0.0025367985136945412
2013-02-12,equal_weight,0.020096893427700893
2013-02-13,equal_weight,-0.0049265961225187045
2013-02-14,equal_weight,-0.0061114671060725064
2013-02-15,equal_weight,-0.011040494196966519
2013-02-16,equal_weight,0
2013-02-17,equal_weight,0
2013-02-18,equal_weight,0.0018343912889839265
2013-02-19,equal_weight,0.011114778644077297
2013-02-20,equal_weight,-0.011133752025135198
2013-02-21,equal_weight,-0.031884284499450757
2013-02-22,equal_weight,0.0090723716010048579
2013-02-23,equal_weight,0
2013-02-24,equal_weight,0
2013-02-25,equal_weight,-0.0070910014022723313
2013-02-26,equal_weight,-0.027618734234990693
2013-02-27,equal_weight,0.014878462245293022
2013-02-28,equal_weight,0.0034262896836975811
2013-03-01,equal_weight,-0.01135671707680732
2013-03-02,equal_weight,0
2013-03-03,equal_weight,0
2013-03-04,equal_weight,-0.0058169942744789732
2013-03-05,equal_weight,0.018391982091460615
2013-03-06,equal_weight,0.0018393238059041465
2013-03-07,equal_weight,-0.002909758359841553
2013-03-08,equal_weight,0.020700275811960343
2013-03-09,equal_weight,0
2013-03-10,equal_weight,0
2013-03-11,equal_weight,0.00073022467084007698
2013-03-12,equal_weight,-0.0063944486563297749
2013-03-13,equal_weight,-0.0089976527541717546
2013-03-14,equal_weight,0.0072662766169530445
2013-03-15,equal_weight,0.0047005169112413732
2013-03-16,equal_weight,0
2013-03-17,equal_weight,0
2013-03-18,equal_weight,-0.022371671414537837
2013-03-19,equal_weight,-0.016248412577944276
2013-03-20,equal_weight,0.0081150739879600545
2013-03-21,equal_weight,-0.0063682269518489862
2013-03-22,equal_weight,-0.0074130958506969996
2013-03-23,equal_weight,0
2013-03-24,equal_weight,0
2013-03-25,equal_weight,-0.013689136794049928
2013-03-26,equal_weight,-0.0081756873186601998
2013-03-27,equal_weight,-0.0053069709219091361
2013-03-28,equal_weight,-0.0032544885336528518
2013-03-29,equal_weight,0.0010346233045763313
2013-03-30,equal_weight,0
2013-03-31,equal_weight,0
2013-04-01,equal_weight,-0.0052470034924547559
2013-04-02,equal_weight,0.020599923384563384
2013-04-03,equal_weight,-0.024830441116232629
2013-04-04,equal_weight,0.0053047930436808735
2013-04-05,equal_weight,-0.0012384692182078934
2013-04-06,equal_weight,0
2013-04-07,equal_weight,0
2013-04-08,equal_weight,0.0050265874308497212
2013-04-09,equal_weight,0.010760693645906734
2013-04-10,equal_weight,0.035072288536253923
2013-04-11,equal_weight,0.0032851548367360752
2013-04-12,equal_weight,-0.011999053976982976
2013-04-13,equal_weight,0
2013-04-14,equal_weight,0
2013-04-15,equal_weight,-0.011560987318728162
2013-04-16,equal_weight,0.0012854833656685031
2013-04-17,equal_weight,-0.0093543282670805229
2013-04-18,equal_weight,-0.018005376954968275
2013-04-19,equal_weight,0.012456792193817817
2013-04-20,equal_weight,0
2013-04-21,equal_weight,0
2013-04-22,equal_weight,0.0047928100040780467
2013-04-23,equal_weight,0.029908260239021871
2013-04-24,equal_weight,0.0038368053257647489
2013-04-25,equal_weight,0.0063762414188810457
2013-04-26,equal_weight,-0.0043404879955122513
2013-04-27,equal_weight,0
2013-04-28,equal_weight,0
2013-04-29,equal_weight,0.011616185736021748
2013-04-30,equal_weight,0.0071242345442145772
2013-05-01,equal_weight,0.00057958756452894779
2013-05-02,equal_weight,0.0069574430602595359
2013-05-03,equal_weight,0.0041149001356359993
2013-05-04,equal_weight,0
2013-05-05,equal_weight,0
2013-05-06,equal_weight,0.0061592882168149841
2013-05-07,equal_weight,0.016173757100167923
2013-05-08,equal_weight,0.0022172696906304517
2013-05-09,equal_weight,-0.00071260811567684765
2013-05-10,equal_weight,-0.0025084736878168566
2013-05-11,equal_weight,0
2013-05-12,equal_weight,0
2013-05-13,equal_weight,-0.010205608912450323
2013-05-14,equal_weight,0.0080388079753465434
2013-05-15,equal_weight,0.0052160071512260117
2013-05-16,equal_weight,-0.0040527496260765929
2013-05-17,equal_weight,0.018518404958197052
2013-05-18,equal_weight,0
2013-05-19,equal_weight,0
2013-05-20,equal_weight,0.0074236433719163082
2013-05-21,equal_weight,-0.0031885759764875257
2013-05-22,equal_weight,0.0049537472585834408
2013-05-23,equal_weight,-0.036745413271056876
2013-05-24,equal_weight,-0.0020959495287904278
2013-05-25,equal_weight,0
2013-05-26,equal_weight,0
2013-05-27,equal_weight,0.0068129796852933943
2013-05-28,equal_weight,0.016512206056071059
2013-05-29,equal_weight,-0.010302407424208095
2013-05-30,equal_weight,0.014925703568108696
2013-05-31,equal_weight,-0.0017785329060077009
2013-06-01,equal_weight,0
2013-06-02,equal_weight,0
2013-06-03,equal_weight,-0.01238292046142021
2013-06-04,equal_weight,0.013613347304134191
2013-06-05,equal_weight,-0.019494145475254882
2013-06-06,equal_weight,-0.010012173392402497
2013-06-07,equal_weight,0.026320365321505206
2013-06-08,equal_weight,0
2013-06-09,equal_weight,0
2013-06-10,equal_weight,-0.0013930907501549861
2013-06-11,equal_weight,-0.016462498567303446
2013-06-12,equal_weight,-0.011522706730581618
2013-06-13,equal_weight,0.010785460779800202
2013-06-14,equal_weight,-0.0024937923515273843
2013-06-15,equal_weight,0
2013-06-16,equal_weight,0
2013-06-17,equal_weight,0.0071144549925328225
2013-06-18,equal_weight,0.0086155834641203147
2013-06-19,equal_weight,-0.0050991705456540672
2013-06-20,equal_weight,-0.035296738119778424
2013-06-21,equal_weight,-0.015070228407234848
2013-06-22,equal_weight,0
2013-06-23,equal_weight,0
2013-06-24,equal_weight,-0.019338975076696789
2013-06-25,equal_weight,0.016034539768512737
2013-06-26,equal_weight,0.010309325765400317
2013-06-27,equal_weight,-0.0011654531523577834
2013-06-28,equal_weight,-0.0093497150659825924
2013-06-29,equal_weight,0
2013-06-30,equal_weight,0
2013-07-01,equal_weight,0.0090161202865272627
2013-07-02,equal_weight,-0.0047444541301825014
2013-07-03,equal_weight,-0.015255574780459987
2013-07-04,equal_weight,0.029377844251735844
2013-07-05,equal_weight,-0.0094898489822337392
2013-07-06,equal_weight,0
2013-07-07,equal_weight,0
2013-07-08,equal_weight,0.0086434656782133027
2013-07-09,equal_weight,0.013199435828892834
2013-07-10,equal_weight,-0.01073206084642836
2013-07-11,equal_weight,0.022742444222336275
2013-07-12,equal_weight,0.00038610676338028232
2013-07-13,equal_weight,0
2013-07-14,equal_weight,0
2013-07-15,equal_weight,0.0103499596263045
2013-07-16,equal_weight,-0.0075656604038712022
2013-07-17,equal_weight,0.010300765432697517
2013-07-18,equal_weight,0.02356283854627925
2013-07-19,equal_weight,0.0026522797359052109
2013-07-20,equal_weight,0
2013-07-21,equal_weight,0
2013-07-22,equal_weight,0.0091027681170666556
2013-07-23,equal_weight,0.0047768610575146062
2013-07-24,equal_weight,0.0087031047196186161
2013-07-25,equal_weight,-0.0041362110486144058
2013-07-26,equal_weight,1.3430345979271699e-05
2013-07-27,equal_weight,0
2013-07-28,equal_weight,0
2013-07-29,equal_weight,-0.0068239787985296388
2013-07-30,equal_weight,-0.0031677380435562856
2013-07-31,equal_weight,0.00037405420765461667
2013-08-01,equal_weight,0.029050779152090339
2013-08-02,equal_weight,-0.0051057988151088614
2013-08-03,equal_weight,0
2013-08-04,equal_weight,0
2013-08-05,equal_weight,-0.00021444864279892737
2013-08-06,equal_weight,-0.0066414536435172901
2013-08-07,equal_weight,0.0033796140834634354
2013-08-08,equal_weight,0.01755285103313807
2013-08-09,equal_weight,0.0062369152886546618
2013-08-10,equal_weight,0
2013-08-11,equal_weight,0
2013-08-12,equal_weight,0.00027076543371156472
2013-08-13,equal_weight,0.00051298645514210282
2013-08-14,equal_weight,0.0026253634230800453
2013-08-15,equal_weight,-0.0096123596646883781
2013-08-16,equal_weight,0.013206571758950578
2013-08-17,equal_weight,0
2013-08-18,equal_weight,0
2013-08-19,equal_weight,-0.018145673490689983
2013-08-20,equal_weight,-0.0078514499866865935
2013-08-21,equal_weight,-0.0036767092147416652
2013-08-22,equal_weight,0.01482435661181126
2013-08-23,equal_weight,0.0056587922847331495
2013-08-24,equal_weight,0
2013-08-25,equal_weight,0
2013-08-26,equal_weight,-0.0061894461211129482
2013-08-27,equal_weight,-0.031662888410972805
2013-08-28,equal_weight,0.0055880279799006239
2013-08-29,equal_weight,0.00280241715634042
2013-08-30,equal_weight,-0.013412782996130853
2013-08-31,equal_weight,0
2013-09-01,equal_weight,0
2013-09-02,equal_weight,0.012067732268337584
2013-09-03,equal_weight,0.001391833250700148
2013-09-04,equal_weight,0.0022327208952654031
2013-09-05,equal_weight,0.010125943299791463
2013-09-06,equal_weight,0.0009891964260204352
2013-09-07,equal_weight,0
2013-09-08,equal_weight,0
2013-09-09,equal_weight,0.010920348550564065
2013-09-10,equal_weight,0.025059743136863242
2013-09-11,equal_weight,0.0035479107848285776
2013-09-12,equal_weight,-0.00010147776069129806
2013-09-13,equal_weight,-0.0006561175645262748
2013-09-14,equal_weight,0
2013-09-15,equal_weight,0
2013-09-16,equal_weight,0.014061055827484053
2013-09-17,equal_weight,-0.003585056381620759
2013-09-18,equal_weight,0.0086282764565957515
2013-09-19,equal_weight,0.014472557627342068
2013-09-20,equal_weight,-0.0082780360347999606
2013-09-21,equal_weight,0
2013-09-22,equal_weight,0
2013-09-23,equal_weight,-0.012837885074703232
2013-09-24,equal_weight,0.00023719129847487197
2013-09-25,equal_weight,-0.0019443008605032385
2013-09-26,equal_weight,-0.0031462976875394921
2013-09-27,equal_weight,-0.0071354580963008769
2013-09-28,equal_weight,0
2013-09-29,equal_weight,0
2013-09-30,equal_weight,-0.0080913398597159923
2013-10-01,equal_weight,0.015969783085291341
2013-10-02,equal_weight,0.0050559934711785492
2013-10-03,equal_weight,-0.0023560725762230691
2013-10-04,equal_weight,0.0092732381740270858
2013-10-05,equal_weight,0
2013-10-06,equal_weight,0
2013-10-07,equal_weight,-0.010325810131808525
2013-10-08,equal_weight,-0.010214754177995914
2013-10-09,equal_weight,0.0093699140710874484
2013-10-10,equal_weight,0.023705745595209774
2013-10-11,equal_weight,0.0037902765661713155
2013-10-12,equal_weight,0
2013-10-13,equal_weight,0
2013-10-14,equal_weight,0.0017306911952447699
2013-10-15,equal_weight,0.0043009085155999863
2013-10-16,equal_weight,0.014379301494489792
2013-10-17,equal_weight,0.0010751297141074225
2013-10-18,equal_weight,0.01221145263272895
2013-10-19,equal_weight,0
2013-10-20,equal_weight,0
2013-10-21,equal_weight,-0.0032865832344665643
2013-10-22,equal_weight,0.0015248888586960416
2013-10-23,equal_weight,-0.014555389148586338
2013-10-24,equal_weight,0.0074802100543478094
2013-10-25,equal_weight,-0.0022779817683292371
2013-10-26,equal_weight,0
2013-10-27,equal_weight,0
2013-10-28,equal_weight,-0.0061962746510348232
2013-10-29,equal_weight,0.0030239766674640938
2013-10-30,equal_weight,-0.006940108576358202
2013-10-31,equal_weight,-0.0030261327823754608
2013-11-01,equal_weight,-0.0067512545354278253
2013-11-02,equal_weight,0
2013-11-03,equal_weight,0
2013-11-04,equal_weight,-0.00620923911203837
2013-11-05,equal_weight,-0.01107366136959856
2013-11-06,equal_weight,0.0062276944981080155
2013-11-07,equal_weight,-0.0027584751619992571
2013-11-08,equal_weight,0.007984977750019568
2013-11-09,equal_weight,0
2013-11-10,equal_weight,0
2013-11-11,equal_weight,0.005439404222423767
2013-11-12,equal_weight,-0.0049467253240003447
2013-11-13,equal_weight,-0.0066816125984546807
2013-11-14,equal_weight,0.0092566120166611299
2013-11-15,equal_weight,0.00048593736897505952
2013-11-16,equal_weight,0
2013-11-17,equal_weight,0
2013-11-18,equal_weight,0.012218305856375126
2013-11-19,equal_weight,-0.0061106369435161411
2013-11-20,equal_weight,-0.0017473335622835895
2013-11-21,equal_weight,0.0056842126802473178
2013-11-22,equal_weight,0.0045116125514886611
2013-11-23,equal_weight,0
2013-11-24,equal_weight,0
2013-11-25,equal_weight,0.0095525202879634223
2013-11-26,equal_weight,-0.003168161151654142
2013-11-27,equal_weight,0.0069848093949863577
2013-11-28,equal_weight,0.0060453132288646062
2013-11-29,equal_weight,-0.00011678102798149022
2013-11-30,equal_weight,0
2013-12-01,equal_weight,0
2013-12-02,equal_weight,-0.00094376924939352158
2013-12-03,equal_weight,-0.017469610228153267
2013-12-04,equal_weight,-0.0032861167451382249
2013-12-05,equal_weight,-0.014955650858210271
2013-12-06,equal_weight,0.013620732171505851
2013-12-07,equal_weight,0
2013-12-08,equal_weight,0
2013-12-09,equal_weight,0.004734538973352056
2013-12-10,equal_weight,-0.00098509126269913784
2013-12-11,equal_weight,-0.0085248339500102622
2013-12-12,equal_weight,-0.0074230450967314558
2013-12-13,equal_weight,-0.0032235543364904839
2013-12-14,equal_weight,0
2013-12-15,equal_weight,0
2013-12-16,equal_weight,0.013513725950694598
2013-12-17,equal_weight,-0.0085268058374260835
2013-12-18,equal_weight,0.01625528886561434
2013-12-19,equal_weight,0.0076768248598887067
2013-12-20,equal_weight,0.0031054932972917879
2013-12-21,equal_weight,0
2013-12-22,equal_weight,0
2013-12-23,equal_weight,0.0096995245031353192
2013-12-24,equal_weight,0.0016175634909557182
2013-12-25,equal_weight,-0.000552679571618315
2013-12-26,equal_weight,0.00098349106285037331
2013-12-27,equal_weight,0.0094944548862547617
2013-12-28,equal_weight,0
2013-12-29,equal_weight,0
2013-12-30,equal_weight,0.00018272861942265537
2013-12-31,equal_weight,0.0048940088802676678
2014-01-01,equal_weight,-0.0013880884397177854
2014-01-02,equal_weight,-0.0047650245317180373
2014-01-03,equal_weight,0.00091304058203183858
2014-01-04,equal_weight,0
2014-01-05,equal_weight,0
2014-01-06,equal_weight,0.0058213669165215805
2014-01-07,equal_weight,0.018955189369305694
2014-01-08,equal_weight,0.011858758532465234
2014-01-09,equal_weight,-0.0020247934384277815
2014-01-10,equal_weight,-0.00037546945920724121
2014-01-11,equal_weight,0
2014-01-12,equal_weight,0
2014-01-13,equal_weight,0.010822007779263568
2014-01-14,equal_weight,0.00069075833460583661
2014-01-15,equal_weight,0.021535042146662516
2014-01-16,equal_weight,-0.014500589307937016
2014-01-17,equal_weight,0.00133728436020471
2014-01-18,equal_weight,0
2014-01-19,equal_weight,0
2014-01-20,equal_weight,-0.0099565051980614258
2014-01-21,equal_weight,0.0016848111370331433
2014-01-22,equal_weight,-0.0032461791299063774
2014-01-23,equal_weight,-0.0099552014115865516
2014-01-24,equal_weight,-0.019290935922626373
2014-01-25,equal_weight,0
2014-01-26,equal_weight,0
2014-01-27,equal_weight,-0.0093932094570846822
2014-01-28,equal_weight,0.013559282996215682
2014-01-29,equal_weight,-0.006710651138585039
2014-01-30,equal_weight,0.001623422653467763
2014-01-31,equal_weight,-0.013856536821223675
2014-02-01,equal_weight,0
2014-02-02,equal_weight,0
2014-02-03,equal_weight,-0.026443238393236836
2014-02-04,equal_weight,0.0078162774554500873
2014-02-05,equal_weight,0.006905503865450113
2014-02-06,equal_weight,0.015515865843690121
2014-02-07,equal_weight,0.0075418260156686614
2014-02-08,equal_weight,0
2014-02-09,equal_weight,0
2014-02-10,equal_weight,-0.00016296592223995343
2014-02-11,equal_weight,0.011934158523408669
2014-02-12,equal_weight,0.0068505892910475713
2014-02-13,equal_weight,-0.0039816629375568928
2014-02-14,equal_weight,0.0014561483233200777
2014-02-15,equal_weight,0
2014-02-16,equal_weight,0
2014-02-17,equal_weight,0.0069573856686109574
2014-02-18,equal_weight,0.0043404226269254959
2014-02-19,equal_weight,-0.0093069372035013177
2014-02-20,equal_weight,-0.0013387616500522229
2014-02-21,equal_weight,0.00093987289047108773
2014-02-22,equal_weight,0
2014-02-23,equal_weight,0
2014-02-24,equal_weight,0.0074785279160711612
2014-02-25,equal_weight,-0.0040431885568945015
2014-02-26,equal_weight,-0.0035897373132657089
2014-02-27,equal_weight,-0.0032850557269211442
2014-02-28,equal_weight,0.002857874350282231
2014-03-01,equal_weight,0
2014-03-02,equal_weight,0
2014-03-03,equal_weight,-0.022557664775689878
2014-03-04,equal_weight,0.020907999742757945
2014-03-05,equal_weight,0.0076708457729341246
2014-03-06,equal_weight,0.0068655540150328416
2014-03-07,equal_weight,-0.0019354245754735083
2014-03-08,equal_weight,0
2014-03-09,equal_weight,0
2014-03-10,equal_weight,-0.0023976547975683581
2014-03-11,equal_weight,-0.00663099766735475
2014-03-12,equal_weight,-0.010026778744368667
2014-03-13,equal_weight,-0.010046044401079257
2014-03-14,equal_weight,-0.015679112108102616
2014-03-15,equal_weight,0
2014-03-16,equal_weight,0
2014-03-17,equal_weight,0.013987847746469563
2014-03-18,equal_weight,0.010142418278149913
2014-03-19,equal_weight,0.00096873211525097828
2014-03-20,equal_weight,0.0044596460951415503
2014-03-21,equal_weight,-0.0057024508680248989
2014-03-22,equal_weight,0
2014-03-23,equal_weight,0
2014-03-24,equal_weight,-0.007784017419367217
2014-03-25,equal_weight,0.0037474769533508015
2014-03-26,equal_weight,-0.00027264689950166784
2014-03-27,equal_weight,-0.0050727276761200557
2014-03-28,equal_weight,0.0079654799640933426
2014-03-29,equal_weight,0
2014-03-30,equal_weight,0
2014-03-31,equal_weight,0.010842510547256708
2014-04-01,equal_weight,0.015621568048907332
2014-04-02,equal_weight,0.00488187164741395
2014-04-03,equal_weight,0.0012912474752177939
2014-04-04,equal_weight,-0.00094084067260342659
2014-04-05,equal_weight,0
2014-04-06,equal_weight,0
2014-04-07,equal_weight,-0.019441201746039853
2014-04-08,equal_weight,-0.0073264438946427264
2014-04-09,equal_weight,0.0054219902336918591
2014-04-10,equal_weight,-0.011617862504586914
2014-04-11,equal_weight,-0.012445962306662669
2014-04-12,equal_weight,0
2014-04-13,equal_weight,0
2014-04-14,equal_weight,0.00057817481599515012
2014-04-15,equal_weight,-0.0097409076490153224
2014-04-16,equal_weight,0.015268969623650317
2014-04-17,equal_weight,0.0073627293362565089
2014-04-18,equal_weight,-0.00086744956783466011
2014-04-19,equal_weight,0
2014-04-20,equal_weight,0
2014-04-21,equal_weight,-0.00031098047475647462
2014-04-22,equal_weight,0.0074406272321851236
2014-04-23,equal_weight,-0.00011331662814932277
2014-04-24,equal_weight,0.0026475947873229829
2014-04-25,equal_weight,-0.012412491429878009
2014-04-26,equal_weight,0
2014-04-27,equal_weight,0
2014-04-28,equal_weight,-0.0055173611041387993
2014-04-29,equal_weight,0.016119384155313516
2014-04-30,equal_weight,-0.0036677252928964165
2014-05-01,equal_weight,0.0083355917395611483
2014-05-02,equal_weight,0.002361815788131764
2014-05-03,equal_weight,0
2014-05-04,equal_weight,0
2014-05-05,equal_weight,-0.0052704109840244519
2014-05-06,equal_weight,-0.012133802174195032
2014-05-07,equal_weight,-0.0014731461001413538
2014-05-08,equal_weight,0.014327097707963147
2014-05-09,equal_weight,-0.010547932907054932
2014-05-10,equal_weight,0
2014-05-11,equal_weight,0
2014-05-12,equal_weight,0.0029807609132468421
2014-05-13,equal_weight,0.0013900538756284281
2014-05-14,equal_weight,-0.0072339767188337985
2014-05-15,equal_weight,-0.021865744847456382
2014-05-16,equal_weight,0.0027595534098802887
2014-05-17,equal_weight,0
2014-05-18,equal_weight,0
2014-05-19,equal_weight,-0.0029406382185893799
2014-05-20,equal_weight,0.002603402886707473
2014-05-21,equal_weight,0.0078105586416922917
2014-05-22,equal_weight,0.0041506395694952446
2014-05-23,equal_weight,0.0065299185350364509
2014-05-24,equal_weight,0
2014-05-25,equal_weight,0
2014-05-26,equal_weight,0.0069592468579867516
2014-05-27,equal_weight,0.0077455320117937303
2014-05-28,equal_weight,0.0038288280131241652
2014-05-29,equal_weight,-0.0033533874857846545
2014-05-30,equal_weight,-0.00064356600448121351
2014-05-31,equal_weight,0
2014-06-01,equal_weight,0
2014-06-02,equal_weight,0.0030080879084600607
2014-06-03,equal_weight,-0.003758666790667236
2014-06-04,equal_weight,0.0019816232957972279
2014-06-05,equal_weight,0.0078371703245421788
2014-06-06,equal_weight,0.019271412425631483
2014-06-07,equal_weight,0
2014-06-08,equal_weight,0
2014-06-09,equal_weight,0.0043582203677854326
2014-06-10,equal_weight,-0.0033468219176648805
2014-06-11,equal_weight,-0.0094148123874861715
2014-06-12,equal_weight,-0.0029044737409713219
2014-06-13,equal_weight,6.296098495660424e-05
2014-06-14,equal_weight,0
2014-06-15,equal_weight,0
2014-06-16,equal_weight,-0.008852811210227976
2014-06-17,equal_weight,0.0062565158315261212
2014-06-18,equal_weight,-9.6941083982962754e-06
2014-06-19,equal_weight,0.0054276767783372698
2014-06-20,equal_weight,-0.0055968945519932816
2014-06-21,equal_weight,0
2014-06-22,equal_weight,0
2014-06-23,equal_weight,-0.0040615862151702981
2014-06-24,equal_weight,-0.0074352396554210418
2014-06-25,equal_weight,-0.0046144278425787732
2014-06-26,equal_weight,-0.0098833290288348093
2014-06-27,equal_weight,-0.00091191747002589173
2014-06-28,equal_weight,0
2014-06-29,equal_weight,0
2014-06-30,equal_weight,-0.0020161099186008862
2014-07-01,equal_weight,0.01398719955142992
2014-07-02,equal_weight,0.0040111253961766088
2014-07-03,equal_weight,0.0092209489456740127
2014-07-04,equal_weight,-0.008482499374603953
2014-07-05,equal_weight,0
2014-07-06,equal_weight,0
2014-07-07,equal_weight,-0.010927369286546289
2014-07-08,equal_weight,-0.018501197773010944
2014-07-09,equal_weight,0.0035246006146415934
2014-07-10,equal_weight,-0.011804035775189282
2014-07-11,equal_weight,-0.00090271204543263483
2014-07-12,equal_weight,0
2014-07-13,equal_weight,0
2014-07-14,equal_weight,0.010819449402909131
2014-07-15,equal_weight,0.0014815680988908755
2014-07-16,equal_weight,0.0091855319308244594
2014-07-17,equal_weight,-0.015926600189356654
2014-07-18,equal_weight,0.0034320086318470047
2014-07-19,equal_weight,0
2014-07-20,equal_weight,0
2014-07-21,equal_weight,-0.0061760070084706424
2014-07-22,equal_weight,0.0083555980093851217
2014-07-23,equal_weight,0.0026811706551904874
2014-07-24,equal_weight,0.011553857675689548
2014-07-25,equal_weight,0.0023326542429518262
2014-07-26,equal_weight,0
2014-07-27,equal_weight,0
2014-07-28,equal_weight,-0.0010084392597522395
2014-07-29,equal_weight,0.00098731872598792022
2014-07-30,equal_weight,0.0027377561518188869
2014-07-31,equal_weight,-0.021155292816551229
2014-08-01,equal_weight,-0.012630745341941597
2014-08-02,equal_weight,0
2014-08-03,equal_weight,0
2014-08-04,equal_weight,0.0037575247712977908
2014-08-05,equal_weight,-0.0096349148700597253
2014-08-06,equal_weight,-0.0081847307228386269
2014-08-07,equal_weight,-0.0074083389202177601
2014-08-08,equal_weight,0.0028745498429782915
2014-08-09,equal_weight,0
2014-08-10,equal_weight,0
2014-08-11,equal_weight,0.0052000291533869595
2014-08-12,equal_weight,0.00020849943583064006
2014-08-13,equal_weight,0.0083872938142233178
2014-08-14,equal_weight,-0.00038125206661620794
2014-08-15,equal_weight,-0.0051260464570000224
2014-08-16,equal_weight,0
2014-08-17,equal_weight,0
2014-08-18,equal_weight,0.010811524275081525
2014-08-19,equal_weight,0.004614036800677802
2014-08-20,equal_weight,-0.0037374744080047027
2014-08-21,equal_weight,0.0113349717528257
2014-08-22,equal_weight,-0.00011953217286338962
2014-08-23,equal_weight,0
2014-08-24,equal_weight,0
2014-08-25,equal_weight,0.0096752888034963187
2014-08-26,equal_weight,0.0091417280847101989
2014-08-27,equal_weight,0.00043110150639539017
2014-08-28,equal_weight,-0.0089171251450645469
2014-08-29,equal_weight,0.0031690654187264676
2014-08-30,equal_weight,0
2014-08-31,equal_weight,0
2014-09-01,equal_weight,-0.0039870576703016922
2014-09-02,equal_weight,0.0036916881533321693
2014-09-03,equal_weight,0.0078887434753196796
2014-09-04,equal_weight,0.016021374076617363
2014-09-05,equal_weight,-0.011116991926609197
2014-09-06,equal_weight,0
2014-09-07,equal_weight,0
2014-09-08,equal_weight,-0.00036367647208599026
2014-09-09,equal_weight,-0.012934691077665462
2014-09-10,equal_weight,0.0086180687164910952
2014-09-11,equal_weight,0.0018892188938112128
2014-09-12,equal_weight,0.0047101373684416215
2014-09-13,equal_weight,0
2014-09-14,equal_weight,0
2014-09-15,equal_weight,-0.0021535017899050788
2014-09-16,equal_weight,-0.0022990998646594146
2014-09-17,equal_weight,0.0080831528659742902
2014-09-18,equal_weight,0.0083443099408550304
2014-09-19,equal_weight,0.0076431890989211871
2014-09-20,equal_weight,0
2014-09-21,equal_weight,0
2014-09-22,equal_weight,-0.012463327048781439
2014-09-23,equal_weight,-0.0089022414706001265
2014-09-24,equal_weight,0.0073342231966313943
2014-09-25,equal_weight,-0.014287017474508583
2014-09-26,equal_weight,0.0070387514200852576
2014-09-27,equal_weight,0
2014-09-28,equal_weight,0
2014-09-29,equal_weight,-0.014794550363089078
2014-09-30,equal_weight,0.0049942474191387448
2014-10-01,equal_weight,-0.0068684752077162875
2014-10-02,equal_weight,-0.022375248524051958
2014-10-03,equal_weight,0.016208385108001832
2014-10-04,equal_weight,0
2014-10-05,equal_weight,0
2014-10-06,equal_weight,-0.0026953861355802715
2014-10-07,equal_weight,-0.010727505889308125
2014-10-08,equal_weight,0.0014780214237132216
2014-10-09,equal_weight,-0.013255997934393925
2014-10-10,equal_weight,-0.012604612107480264
2014-10-11,equal_weight,0
2014-10-12,equal_weight,0
2014-10-13,equal_weight,-0.00079259845609953947
2014-10-14,equal_weight,8.7909273330810949e-05
2014-10-15,equal_weight,-0.039886866717674253
2014-10-16,equal_weight,-0.0037569307352971876
2014-10-17,equal_weight,0.023947871108923772
2014-10-18,equal_weight,0
2014-10-19,equal_weight,0
2014-10-20,equal_weight,0.004403927066603603
2014-10-21,equal_weight,0.023489075820838524
2014-10-22,equal_weight,-0.0011690748595625366
2014-10-23,equal_weight,0.0071795237755367869
2014-10-24,equal_weight,0.0051626216077792688
2014-10-25,equal_weight,0
2014-10-26,equal_weight,0
2014-10-27,equal_weight,-0.0088666385504379674
2014-10-28,equal_weight,0.010648491502553101
2014-10-29,equal_weight,-0.0075862925382600291
2014-10-30,equal_weight,-0.0045771385600264771
2014-10-31,equal_weight,0.026187672011085895
2014-11-01,equal_weight,0
2014-11-02,equal_weight,0
2014-11-03,equal_weight,-0.010456527512122079
2014-11-04,equal_weight,-0.007217884594993596
2014-11-05,equal_weight,0.013411011788543165
2014-11-06,equal_weight,-0.0049291420920278585
2014-11-07,equal_weight,-0.01351425696927679
2014-11-08,equal_weight,0
2014-11-09,equal_weight,0
2014-11-10,equal_weight,0.0069139720381727809
2014-11-11,equal_weight,-0.0029175111399365513
2014-11-12,equal_weight,-0.01257736489816517
2014-11-13,equal_weight,-0.00053171634825626899
2014-11-14,equal_weight,0.0032662371204643086
2014-11-15,equal_weight,0
2014-11-16,equal_weight,0
2014-11-17,equal_weight,0.0038345544623707554
2014-11-18,equal_weight,0.003308262494671236
2014-11-19,equal_weight,0.0033359716857784862
2014-11-20,equal_weight,-0.010371424094327428
2014-11-21,equal_weight,0.017276702819298044
2014-11-22,equal_weight,0
2014-11-23,equal_weight,0
2014-11-24,equal_weight,0.00065632998298826553
2014-11-25,equal_weight,0.0089085756228067386
2014-11-26,equal_weight,0.00070640451607436054
2014-11-27,equal_weight,0.0068088535704084064
2014-11-28,equal_weight,0.0007685971879078543
2014-11-29,equal_weight,0
2014-11-30,equal_weight,0
2014-12-01,equal_weight,-0.016343176512366265
2014-12-02,equal_weight,0.013064420333511689
2014-12-03,equal_weight,0.0014032468352610248
2014-12-04,equal_weight,-0.011761015079166267
2014-12-05,equal_weight,0.02676894060252042
2014-12-06,equal_weight,0
2014-12-07,equal_weight,0
2014-12-08,equal_weight,-0.0084847535054620501
2014-12-09,equal_weight,-0.016306007608462181
2014-12-10,equal_weight,-0.0077968697021441385
2014-12-11,equal_weight,0.0030050787218962927
2014-12-12,equal_weight,-0.025679776972209512
2014-12-13,equal_weight,0
2014-12-14,equal_weight,0
2014-12-15,equal_weight,-0.020520324850864049
2014-12-16,equal_weight,0.0039404592699818662
2014-12-17,equal_weight,0.0066082714862636758
2014-12-18,equal_weight,0.017970842324765347
2014-12-19,equal_weight,3.0082755414936961e-05
2014-12-20,equal_weight,0
2014-12-21,equal_weight,0
2014-12-22,equal_weight,0.0022670395708380064
2014-12-23,equal_weight,0.0087802897060429812
2014-12-24,equal_weight,-0.0017205575148201025
2014-12-25,equal_weight,0.0018146112144893168
2014-12-26,equal_weight,0.00056338864701140675
2014-12-27,equal_weight,0
2014-12-28,equal_weight,0
2014-12-29,equal_weight,-0.0028618451144056555
2014-12-30,equal_weight,-0.0085978436525700804
2014-12-31,equal_weight,4.3705608637253351e-05
2015-01-01,equal_weight,-0.0020955806494368239
2015-01-02,equal_weight,0.0030338357367321296
2015-01-03,equal_weight,0
2015-01-04,equal_weight,0
2015-01-05,equal_weight,-0.041152105790596853
2015-01-06,equal_weight,-0.019672646060424872
2015-01-07,equal_weight,-0.0011730670182984832
2015-01-08,equal_weight,0.018798672779321245
2015-01-09,equal_weight,-0.028400390165958817
2015-01-10,equal_weight,0
2015-01-11,equal_weight,0
2015-01-12,equal_weight,0.003188928773630177
2015-01-13,equal_weight,0.0065096198809472417
2015-01-14,equal_weight,-0.02299459667776017
2015-01-15,equal_weight,-0.00090518573744962521
2015-01-16,equal_weight,0.005743432236470134
2015-01-17,equal_weight,0
2015-01-18,equal_weight,0
2015-01-19,equal_weight,0.0048890013966744117
2015-01-20,equal_weight,0.0087151862386524569
2015-01-21,equal_weight,0.005321896887596377
2015-01-22,equal_weight,0.026619380378103793
2015-01-23,equal_weight,-0.015442531467364016
2015-01-24,equal_weight,0
2015-01-25,equal_weight,0
2015-01-26,equal_weight,-0.0042446638291598502
2015-01-27,equal_weight,-0.0065503920455394667
2015-01-28,equal_weight,-0.014579186039374607
2015-01-29,equal_weight,0.0017592625417672068
2015-01-30,equal_weight,-0.011800937138002652
2015-01-31,equal_weight,0
2015-02-01,equal_weight,0
2015-02-02,equal_weight,0.0082150793039886538
2015-02-03,equal_weight,0.025040755778227917
2015-02-04,equal_weight,0.0067641270368837018
2015-02-05,equal_weight,-0.0031879334579779537
2015-02-06,equal_weight,0.018970704797418872
2015-02-07,equal_weight,0
2015-02-08,equal_weight,0
2015-02-09,equal_weight,-0.016929871819351749
2015-02-10,equal_weight,0.0052040811512299636
2015-02-11,equal_weight,-0.0037925556254259155
2015-02-12,equal_weight,0.016563678344360601
2015-02-13,equal_weight,0.021821327345569377
2015-02-14,equal_weight,0
2015-02-15,equal_weight,0
2015-02-16,equal_weight,0.004211065075547988
2015-02-17,equal_weight,-0.00039415188763628633
2015-02-18,equal_weight,0.011653217148137921
2015-02-19,equal_weight,0.0027528675281808202
2015-02-20,equal_weight,0.0033388893447860442
2015-02-21,equal_weight,0
2015-02-22,equal_weight,0
2015-02-23,equal_weight,-0.0024713051807968944
2015-02-24,equal_weight,0.0070681099208169422
2015-02-25,equal_weight,-0.0055616968523107832
2015-02-26,equal_weight,0.0076283857920118273
2015-02-27,equal_weight,-0.0084348494260156268
2015-02-28,equal_weight,0
2015-03-01,equal_weight,0
2015-03-02,equal_weight,0.0034609291088874153
2015-03-03,equal_weight,-0.011987907677455625
2015-03-04,equal_weight,0.0047210834459037393
2015-03-05,equal_weight,0.0016046532097721789
2015-03-06,equal_weight,-0.00087033398688409684
2015-03-07,equal_weight,0
2015-03-08,equal_weight,0
2015-03-09,equal_weight,-0.010380565904635566
2015-03-10,equal_weight,-0.01844762537974098
2015-03-11,equal_weight,0.0050926237026213258
2015-03-12,equal_weight,0.0015063984311921995
2015-03-13,equal_weight,0.0014733789827548849
2015-03-14,equal_weight,0
2015-03-15,equal_weight,0
2015-03-16,equal_weight,0.0038188223256821583
2015-03-17,equal_weight,-0.00063252956988958068
2015-03-18,equal_weight,0.0024953668864814184
2015-03-19,equal_weight,0.011107801801650588
2015-03-20,equal_weight,0.0066169291978954783
2015-03-21,equal_weight,0
2015-03-22,equal_weight,0
2015-03-23,equal_weight,0.010049241214605879
2015-03-24,equal_weight,0.0089735581416971449
2015-03-25,equal_weight,-0.013151170404204986
2015-03-26,equal_weight,-0.001894848230939679
2015-03-27,equal_weight,-0.0057580920639314628
2015-03-28,equal_weight,0
2015-03-29,equal_weight,0
2015-03-30,equal_weight,0.015202855536575662
2015-03-31,equal_weight,-0.01404745215534675
2015-04-01,equal_weight,0.0031149194768511032
2015-04-02,equal_weight,0.0085910472664620079
2015-04-03,equal_weight,0.0029063682264988391
2015-04-04,equal_weight,0
2015-04-05,equal_weight,0
2015-04-06,equal_weight,0.0047894473946384925
2015-04-07,equal_weight,0.0043486265311929208
2015-04-08,equal_weight,-0.0075048588682795079
2015-04-09,equal_weight,0.0051580285273350821
2015-04-10,equal_weight,-0.0065491793160067525
2015-04-11,equal_weight,0
2015-04-12,equal_weight,0
2015-04-13,equal_weight,0.0024162887973537793
2015-04-14,equal_weight,-0.0063976128144695461
2015-04-15,equal_weight,0.0098837978144512006
2015-04-16,equal_weight,-0.0054244770242435798
2015-04-17,equal_weight,-0.013287283914155321
2015-04-18,equal_weight,0
2015-04-19,equal_weight,0
2015-04-20,equal_weight,0.013512670208705609
2015-04-21,equal_weight,-0.006724529009522565
2015-04-22,equal_weight,0.008789016628736445
2015-04-23,equal_weight,0.0016915772284344362
2015-04-24,equal_weight,0.0097639619119212623
2015-04-25,equal_weight,0
2015-04-26,equal_weight,0
2015-04-27,equal_weight,0.0096518472076334936
2015-04-28,equal_weight,-0.0055117315778448915
2015-04-29,equal_weight,-0.002632406976433869
2015-04-30,equal_weight,0.0018744704783268985
2015-05-01,equal_weight,0.0058982945759116666
2015-05-02,equal_weight,0
2015-05-03,equal_weight,0
2015-05-04,equal_weight,0.0029141007823518684
2015-05-05,equal_weight,-0.015094955973378942
2015-05-06,equal_weight,0.0018026375200319098
2015-05-07,equal_weight,0.010310979153415809
2015-05-08,equal_weight,0.020621824457978086
2015-05-09,equal_weight,0
2015-05-10,equal_weight,0
2015-05-11,equal_weight,6.3581627603927861e-06
2015-05-12,equal_weight,-0.0061812667316890431
2015-05-13,equal_weight,0.0064021793879591362
2015-05-14,equal_weight,0.011635739327669785
2015-05-15,equal_weight,-0.00084375643699753601
2015-05-16,equal_weight,0
2015-05-17,equal_weight,0
2015-05-18,equal_weight,0.0048302133664202508
2015-05-19,equal_weight,0.0057031317913556288
2015-05-20,equal_weight,-0.0038624969883685285
2015-05-21,equal_weight,-0.0031832853619988945
2015-05-22,equal_weight,0.0027854158549658575
2015-05-23,equal_weight,0
2015-05-24,equal_weight,0
2015-05-25,equal_weight,-0.010532297439965461
2015-05-26,equal_weight,-0.010983132069287202
2015-05-27,equal_weight,0.010483803572133245
2015-05-28,equal_weight,-0.001492531859382771
2015-05-29,equal_weight,-0.008973572496474784
2015-05-30,equal_weight,0
2015-05-31,equal_weight,0
2015-06-01,equal_weight,-0.0016067731377797667
2015-06-02,equal_weight,0.00062239868226422377
2015-06-03,equal_weight,0.021316199896152473
2015-06-04,equal_weight,-0.0016701042514981025
2015-06-05,equal_weight,-0.0049221559112288165
2015-06-06,equal_weight,0
2015-06-07,equal_weight,0
2015-06-08,equal_weight,-0.012406288154443869
2015-06-09,equal_weight,0.0068860758374077831
2015-06-10,equal_weight,0.018188929956167051
2015-06-11,equal_weight,0.0048502594080663637
2015-06-12,equal_weight,-0.0088810881802736958
2015-06-13,equal_weight,0
2015-06-14,equal_weight,0
2015-06-15,equal_weight,-0.01387811487580694
2015-06-16,equal_weight,0.00092482671690354923
2015-06-17,equal_weight,-0.0066813460264252937
2015-06-18,equal_weight,0.0097854860148985107
2015-06-19,equal_weight,0.0034894076231680579
2015-06-20,equal_weight,0
2015-06-21,equal_weight,0
2015-06-22,equal_weight,0.026791421161801523
2015-06-23,equal_weight,0.0053346590042684557
2015-06-24,equal_weight,-0.012412069547888881
2015-06-25,equal_weight,0.00097202093496283315
2015-06-26,equal_weight,0.0030242995921878992
2015-06-27,equal_weight,0
2015-06-28,equal_weight,0
2015-06-29,equal_weight,-0.045663281034819619
2015-06-30,equal_weight,0.0068271475589383127
2015-07-01,equal_weight,0.015268731664979664
2015-07-02,equal_weight,-0.010507848102095506
2015-07-03,equal_weight,-0.0019768816034225769
2015-07-04,equal_weight,0
2015-07-05,equal_weight,0
2015-07-06,equal_weight,-0.025601247106876893
2015-07-07,equal_weight,-0.014048493416361616
2015-07-08,equal_weight,-0.0087685227530700394
2015-07-09,equal_weight,0.020303088318672627
2015-07-10,equal_weight,0.02085182715056649
2015-07-11,equal_weight,0
2015-07-12,equal_weight,0
2015-07-13,equal_weight,0.021431232117117886
2015-07-14,equal_weight,-0.00031614353674525405
2015-07-15,equal_weight,0.010944560208653711
2015-07-16,equal_weight,0.010381216534561729
2015-07-17,equal_weight,-0.0022618366051670841
2015-07-18,equal_weight,0
2015-07-19,equal_weight,0
2015-07-20,equal_weight,0.0019745749378063575
2015-07-21,equal_weight,-0.0039788474199398786
2015-07-22,equal_weight,0.0037440802903908137
2015-07-23,equal_weight,-0.0022799505540097081
2015-07-24,equal_weight,-0.0082885395876493937
2015-07-25,equal_weight,0
2015-07-26,equal_weight,0
2015-07-27,equal_weight,-0.016813559542880212
2015-07-28,equal_weight,0.013166691748374752
2015-07-29,equal_weight,0.0031243445479703412
2015-07-30,equal_weight,0.00061452019702065664
2015-07-31,equal_weight,-0.0017070484020557778
2015-08-01,equal_weight,0
2015-08-02,equal_weight,0
2015-08-03,equal_weight,0.0019676475651705322
2015-08-04,equal_weight,-0.0067869118200400173
2015-08-05,equal_weight,0.0070401167859051178
2015-08-06,equal_weight,-0.0011641436013049217
2015-08-07,equal_weight,-0.0066137420312195449
2015-08-08,equal_weight,0
2015-08-09,equal_weight,0
2015-08-10,equal_weight,0.0099703624478015129
2015-08-11,equal_weight,-0.0094155199299330097
2015-08-12,equal_weight,-0.022939273694243791
2015-08-13,equal_weight,0.0080238958835584726
2015-08-14,equal_weight,-0.00092368471349515296
2015-08-15,equal_weight,0
2015-08-16,equal_weight,0
2015-08-17,equal_weight,0.00051445631261875927
2015-08-18,equal_weight,-0.00021573095461891649
2015-08-19,equal_weight,-0.01446347986940456
2015-08-20,equal_weight,-0.019863966579884252
2015-08-21,equal_weight,-0.032157876348287789
2015-08-22,equal_weight,0
2015-08-23,equal_weight,0
2015-08-24,equal_weight,-0.05045259937533994
2015-08-25,equal_weight,0.033146906431791606
2015-08-26,equal_weight,0.0068557268648667723
2015-08-27,equal_weight,0.018974766981379659
2015-08-28,equal_weight,-0.0041147954646188634
2015-08-29,equal_weight,0
2015-08-30,equal_weight,0
2015-08-31,equal_weight,-0.0038348784048432894
2015-09-01,equal_weight,-0.035660207878913497
2015-09-02,equal_weight,0.0092863351414624786
2015-09-03,equal_weight,0.010239828525546391
2015-09-04,equal_weight,-0.032336541201561902
2015-09-05,equal_weight,0
2015-09-06,equal_weight,0
2015-09-07,equal_weight,0.001825903913142713
2015-09-08,equal_weight,0.021315393524057067
2015-09-09,equal_weight,0.012061210327432228
2015-09-10,equal_weight,-0.0093647214911352743
2015-09-11,equal_weight,-0.00015731720107237107
2015-09-12,equal_weight,0
2015-09-13,equal_weight,0
2015-09-14,equal_weight,-0.00576430624535537
2015-09-15,equal_weight,0.012607086848582113
2015-09-16,equal_weight,0.0026198671098229972
2015-09-17,equal_weight,-0.0018397544386274749
2015-09-18,equal_weight,-0.023978739458961704
2015-09-19,equal_weight,0
2015-09-20,equal_weight,0
2015-09-21,equal_weight,0.0028116985916269181
2015-09-22,equal_weight,-0.026273948789364066
2015-09-23,equal_weight,-0.0072411243188586086
2015-09-24,equal_weight,-0.012317147653636042
2015-09-25,equal_weight,0.025019526010627229
2015-09-26,equal_weight,0
2015-09-27,equal_weight,0
2015-09-28,equal_weight,-0.027246710812431543
2015-09-29,equal_weight,-0.0025396599884374618
2015-09-30,equal_weight,0.020362251159842918
2015-10-01,equal_weight,0.0011766631667689054
2015-10-02,equal_weight,0.0039969266247464478
2015-10-03,equal_weight,0
2015-10-04,equal_weight,0
2015-10-05,equal_weight,0.029751967381997358
2015-10-06,equal_weight,0.0020488931548489631
2015-10-07,equal_weight,0.010762477637021893
2015-10-08,equal_weight,-0.0021029227888660824
2015-10-09,equal_weight,0.0084044903253158894
2015-10-10,equal_weight,0
2015-10-11,equal_weight,0
2015-10-12,equal_weight,-0.0029360725344695546
2015-10-13,equal_weight,-0.011100391621424508
2015-10-14,equal_weight,-0.012240516936810138
2015-10-15,equal_weight,0.023116706150925131
2015-10-16,equal_weight,0.0057076375451182394
2015-10-17,equal_weight,0
2015-10-18,equal_weight,0
2015-10-19,equal_weight,-0.004271901487505966
2015-10-20,equal_weight,-0.00030855621031894008
2015-10-21,equal_weight,-0.0038266025768763385
2015-10-22,equal_weight,0.013410022151103908
2015-10-23,equal_weight,0.0039098806959756583
2015-10-24,equal_weight,0
2015-10-25,equal_weight,0
2015-10-26,equal_weight,-0.0059406452627730651
2015-10-27,equal_weight,-0.0056278923116049864
2015-10-28,equal_weight,0.013684363775962518
2015-10-29,equal_weight,-0.021097671553216363
2015-10-30,equal_weight,-0.0050415070694578672
2015-10-31,equal_weight,0
2015-11-01,equal_weight,0
2015-11-02,equal_weight,0.012151059084791313
2015-11-03,equal_weight,-0.0065423752641511155
2015-11-04,equal_weight,0.00019276436244535612
2015-11-05,equal_weight,-0.0063195855695630737
2015-11-06,equal_weight,0.020711921256883651
2015-11-07,equal_weight,0
2015-11-08,equal_weight,0
2015-11-09,equal_weight,-0.014546935653762904
2015-11-10,equal_weight,0.00071659079335327979
2015-11-11,equal_weight,-0.00053178191088686403
2015-11-12,equal_weight,-0.020775142449212167
2015-11-13,equal_weight,-0.004377455682454197
2015-11-14,equal_weight,0
2015-11-15,equal_weight,0
2015-11-16,equal_weight,-0.004968518701507987
2015-11-17,equal_weight,0.007835854028494035
2015-11-18,equal_weight,0.0048643486326305167
2015-11-19,equal_weight,0.0065181227560249626
2015-11-20,equal_weight,-0.0057215031684245228
2015-11-21,equal_weight,0
2015-11-22,equal_weight,0
2015-11-23,equal_weight,-0.007849264655937209
2015-11-24,equal_weight,-0.006510025976036735
2015-11-25,equal_weight,0.0022363786192840063
2015-11-26,equal_weight,0.0067748862282358815
2015-11-27,equal_weight,-0.0015149846487779669
2015-11-28,equal_weight,0
2015-11-29,equal_weight,0
2015-11-30,equal_weight,-0.0037828806333120983
2015-12-01,equal_weight,0.010885443919717063
2015-12-02,equal_weight,-0.0066114973177122021
2015-12-03,equal_weight,-0.021295085986187245
2015-12-04,equal_weight,0.020628420346259814
2015-12-05,equal_weight,0
2015-12-06,equal_weight,0
2015-12-07,equal_weight,-0.0086533397757234728
2015-12-08,equal_weight,-0.023744235732136919
2015-12-09,equal_weight,-0.0038388299413303281
2015-12-10,equal_weight,0.0058161605627335316
2015-12-11,equal_weight,-0.026185712841714389
2015-12-12,equal_weight,0
2015-12-13,equal_weight,0
2015-12-14,equal_weight,-0.010643143398647888
2015-12-15,equal_weight,0.026840063268171319
2015-12-16,equal_weight,0.0092570359611065991
2015-12-17,equal_weight,0.0047648439077246198
2015-12-18,equal_weight,-0.017378113458138129
2015-12-19,equal_weight,0
2015-12-20,equal_weight,0
2015-12-21,equal_weight,-0.0021531148272588181
2015-12-22,equal_weight,0.0066727688986975139
2015-12-23,equal_weight,0.018379766431685228
2015-12-24,equal_weight,-0.00085992341141480984
2015-12-25,equal_weight,0.003178444210707519
2015-12-26,equal_weight,0
2015-12-27,equal_weight,0
2015-12-28,equal_weight,-0.0053146745269818827
2015-12-29,equal_weight,0.010575563224987809
2015-12-30,equal_weight,-0.012701103422789043
2015-12-31,equal_weight,-0.0048868134353438619
2016-01-01,equal_weight,-0.0039969600317603443
2016-01-02,equal_weight,0
2016-01-03,equal_weight,0
2016-01-04,equal_weight,-0.025996248489347538
2016-01-05,equal_weight,0.0014993523897940337
2016-01-06,equal_weight,-0.023170018435792136
2016-01-07,equal_weight,-0.025663321876331583
2016-01-08,equal_weight,-0.012160044625606815
2016-01-09,equal_weight,0
2016-01-10,equal_weight,0
2016-01-11,equal_weight,0.0012873275323493491
2016-01-12,equal_weight,0.0014221329247837632
2016-01-13,equal_weight,-0.010822466769494131
2016-01-14,equal_weight,-0.008593304204911785
2016-01-15,equal_weight,-0.033272776724306653
2016-01-16,equal_weight,0
2016-01-17,equal_weight,0
2016-01-18,equal_weight,-0.013355174355954473
2016-01-19,equal_weight,0.00092788216400004791
2016-01-20,equal_weight,-0.03852190280546465
2016-01-21,equal_weight,0.0056583926733648222
2016-01-22,equal_weight,0.025774260534475457
2016-01-23,equal_weight,0
2016-01-24,equal_weight,0
2016-01-25,equal_weight,-0.03333546443098985
2016-01-26,equal_weight,0.01807762967054162
2016-01-27,equal_weight,0.0025669073977837792
2016-01-28,equal_weight,-0.017164134067274649
2016-01-29,equal_weight,0.024077785254081423
2016-01-30,equal_weight,0
2016-01-31,equal_weight,0
2016-02-01,equal_weight,-0.024138219622251947
2016-02-02,equal_weight,-0.037018382602085384
2016-02-03,equal_weight,-0.02420852009578375
2016-02-04,equal_weight,0.038011145845449429
2016-02-05,equal_weight,-5.5878743300401287e-05
2016-02-06,equal_weight,0
2016-02-07,equal_weight,0
2016-02-08,equal_weight,-0.050809861224164372
2016-02-09,equal_weight,-0.032642427658480459
2016-02-10,equal_weight,0.033061416411549541
2016-02-11,equal_weight,-0.051964072986727929
2016-02-12,equal_weight,0.058589223712333591
2016-02-13,equal_weight,0
2016-02-14,equal_weight,0
2016-02-15,equal_weight,0.02016285211266346
2016-02-16,equal_weight,0.0023054066302931543
2016-02-17,equal_weight,0.020459226104895957
2016-02-18,equal_weight,-0.022480353559538053
2016-02-19,equal_weight,-0.011560019401056217
2016-02-20,equal_weight,0
2016-02-21,equal_weight,0
2016-02-22,equal_weight,0.02315771648907048
2016-02-23,equal_weight,-0.030629268805277363
2016-02-24,equal_weight,-0.017262928328114418
2016-02-25,equal_weight,0.026297148720665565
2016-02-26,equal_weight,0.021760692864995997
2016-02-27,equal_weight,0
2016-02-28,equal_weight,0
2016-02-29,equal_weight,-0.0081888200761723751
2016-03-01,equal_weight,0.02006968781124344
2016-03-02,equal_weight,0.026916068280186448
2016-03-03,equal_weight,0.014476394098787889
2016-03-04,equal_weight,0.012539802908936349
2016-03-05,equal_weight,0
2016-03-06,equal_weight,0
2016-03-07,equal_weight,-0.0058063558504584199
2016-03-08,equal_weight,-0.012996949003582134
2016-03-09,equal_weight,-0.0045298844736142299
2016-03-10,equal_weight,-0.0047983369308617109
2016-03-11,equal_weight,0.051149230966150289
2016-03-12,equal_weight,0
2016-03-13,equal_weight,0
2016-03-14,equal_weight,0.0010894165093511246
2016-03-15,equal_weight,-0.014874281959836319
2016-03-16,equal_weight,-0.016097146574577424
2016-03-17,equal_weight,0.00064372237671970665
2016-03-18,equal_weight,0.021890313525564441
2016-03-19,equal_weight,0
2016-03-20,equal_weight,0
2016-03-21,equal_weight,-0.0041061703769633556
2016-03-22,equal_weight,-0.0081552972689994917
2016-03-23,equal_weight,-0.018044914495283657
2016-03-24,equal_weight,-0.02448002929316432
2016-03-25,equal_weight,0.00087230963297208418
2016-03-26,equal_weight,0
2016-03-27,equal_weight,0
2016-03-28,equal_weight,-0.00012642430908788239
2016-03-29,equal_weight,-0.0022361011055089652
2016-03-30,equal_weight,0.0088536150762322709
2016-03-31,equal_weight,-0.0044090715434841627
2016-04-01,equal_weight,-0.0070887158146419804
2016-04-02,equal_weight,0
2016-04-03,equal_weight,0
2016-04-04,equal_weight,-0.005378078578592487
2016-04-05,equal_weight,-0.028671015463643475
2016-04-06,equal_weight,0.0050501938193193985
2016-04-07,equal_weight,-0.024261637553596522
2016-04-08,equal_weight,0.017544480694659036
2016-04-09,equal_weight,0
2016-04-10,equal_weight,0
2016-04-11,equal_weight,0.010100220390923289
2016-04-12,equal_weight,0.013739028752973883
2016-04-13,equal_weight,0.055524642123014792
2016-04-14,equal_weight,0.0049595660838827639
2016-04-15,equal_weight,-0.0061349624321909227
2016-04-16,equal_weight,0
2016-04-17,equal_weight,0
2016-04-18,equal_weight,0.0063924866907169109
2016-04-19,equal_weight,0.014586176091442499
2016-04-20,equal_weight,0.024444706570929415
2016-04-21,equal_weight,0.0043539806546290076
2016-04-22,equal_weight,0.0067552772846156779
2016-04-23,equal_weight,0
2016-04-24,equal_weight,0
2016-04-25,equal_weight,-0.018382374299169165
2016-04-26,equal_weight,0.020516290464615651
2016-04-27,equal_weight,0.0016560912127565135
2016-04-28,equal_weight,-0.0058993283093079722
2016-04-29,equal_weight,-0.019809797181100191
2016-04-30,equal_weight,0
2016-05-01,equal_weight,0
2016-05-02,equal_weight,-0.00018037496077128452
2016-05-03,equal_weight,-0.028454763082656199
2016-05-04,equal_weight,-0.016335008802706271
2016-05-05,equal_weight,-0.0096851973991250954
2016-05-06,equal_weight,-0.00088830767811336729
2016-05-07,equal_weight,0
2016-05-08,equal_weight,0
2016-05-09,equal_weight,-0.0096859097359919231
2016-05-10,equal_weight,0.016952751769412168
2016-05-11,equal_weight,-0.0087612272751421243
2016-05-12,equal_weight,-0.0036022620559820885
2016-05-13,equal_weight,-0.00018939660258194191
2016-05-14,equal_weight,0
2016-05-15,equal_weight,0
2016-05-16,equal_weight,-0.0036733769357672552
2016-05-17,equal_weight,0.0021037284114474707
2016-05-18,equal_weight,0.026364327606346907
2016-05-19,equal_weight,-0.0061433157210580916
2016-05-20,equal_weight,0.011165040858489801
2016-05-21,equal_weight,0
2016-05-22,equal_weight,0
2016-05-23,equal_weight,-0.0029892000711941691
2016-05-24,equal_weight,0.02502757052215657
2016-05-25,equal_weight,0.025464799248595401
2016-05-26,equal_weight,-0.004074028455213906
2016-05-27,equal_weight,0.0040366080705123144
2016-05-28,equal_weight,0
2016-05-29,equal_weight,0
2016-05-30,equal_weight,-0.0020156760330638603
2016-05-31,equal_weight,-0.0088574118415612902
2016-06-01,equal_weight,-0.012785796555955077
2016-06-02,equal_weight,-0.0010036552830772203
2016-06-03,equal_weight,-0.020988103078418998
2016-06-04,equal_weight,0
2016-06-05,equal_weight,0
2016-06-06,equal_weight,0.010026019176529455
2016-06-07,equal_weight,0.0047448374037054918
2016-06-08,equal_weight,-0.00587311783633249
2016-06-09,equal_weight,-0.012514192502375813
2016-06-10,equal_weight,-0.035075205975164295
2016-06-11,equal_weight,0
2016-06-12,equal_weight,0
2016-06-13,equal_weight,-0.030116381314687499
2016-06-14,equal_weight,-0.020363642380468155
2016-06-15,equal_weight,0.0050537479367046521
2016-06-16,equal_weight,-0.0039757460395700639
2016-06-17,equal_weight,0.031418849576467081
2016-06-18,equal_weight,0
2016-06-19,equal_weight,0
2016-06-20,equal_weight,0.037949331648368008
2016-06-21,equal_weight,0.011576810496428936
2016-06-22,equal_weight,0.0020063208725909841
2016-06-23,equal_weight,0.034916967832559348
2016-06-24,equal_weight,-0.13519545033727356
2016-06-25,equal_weight,0
2016-06-26,equal_weight,0
2016-06-27,equal_weight,-0.082755271793796326
2016-06-28,equal_weight,0.016297039693750275
2016-06-29,equal_weight,0.026779436399920437
2016-06-30,equal_weight,0.0086854847515437841
2016-07-01,equal_weight,-0.0015994785525350603
2016-07-02,equal_weight,0
2016-07-03,equal_weight,0
2016-07-04,equal_weight,-0.010347930464546523
2016-07-05,equal_weight,-0.022312232610648935
2016-07-06,equal_weight,-0.022109421267611121
2016-07-07,equal_weight,0.010439290539333807
2016-07-08,equal_weight,0.031597634527010178
2016-07-09,equal_weight,0
2016-07-10,equal_weight,0
2016-07-11,equal_weight,0.013808797104262516
2016-07-12,equal_weight,0.036167258904552635
2016-07-13,equal_weight,-0.0038757915267473566
2016-07-14,equal_weight,0.021189203924113754
2016-07-15,equal_weight,0.0050642651161663943
2016-07-16,equal_weight,0
2016-07-17,equal_weight,0
2016-07-18,equal_weight,0.00046139182005062654
2016-07-19,equal_weight,-0.0022745645677115902
2016-07-20,equal_weight,0.0043264592046423087
2016-07-21,equal_weight,0.0043636859929557506
2016-07-22,equal_weight,-0.0011034051873206841
2016-07-23,equal_weight,0
2016-07-24,equal_weight,0
2016-07-25,equal_weight,-0.0084147556740728699
2016-07-26,equal_weight,-0.0043242030250501412
2016-07-27,equal_weight,0.0076927273788231863
2016-07-28,equal_weight,-0.013520113873673273
2016-07-29,equal_weight,0.018851627077089275
2016-07-30,equal_weight,0
2016-07-31,equal_weight,0
2016-08-01,equal_weight,-0.005918541934897428
2016-08-02,equal_weight,-0.032165030784643958
2016-08-03,equal_weight,0.01651655365829352
2016-08-04,equal_weight,0.0079664558968063522
2016-08-05,equal_weight,0.018312498938019974
2016-08-06,equal_weight,0
2016-08-07,equal_weight,0
2016-08-08,equal_weight,0.013636402236935028
2016-08-09,equal_weight,0.0087000346734352335
2016-08-10,equal_weight,0.0007716160197700166
2016-08-11,equal_weight,0.0082731725434849156
2016-08-12,equal_weight,-0.0054220571158538631
2016-08-13,equal_weight,0
2016-08-14,equal_weight,0
2016-08-15,equal_weight,0.002533858549982997
2016-08-16,equal_weight,-0.0039900719117727029
2016-08-17,equal_weight,0.0012324416992136695
2016-08-18,equal_weight,0.00232105171501793
2016-08-19,equal_weight,-0.0049777782401846833
2016-08-20,equal_weight,0
2016-08-21,equal_weight,0
2016-08-22,equal_weight,-0.0012773333595033545
2016-08-23,equal_weight,0.01961869537332148
2016-08-24,equal_weight,0.01457288842956877
2016-08-25,equal_weight,-0.0056160600277069175
2016-08-26,equal_weight,0.0052882139517002377
2016-08-27,equal_weight,0
2016-08-28,equal_weight,0
2016-08-29,equal_weight,-0.0038700605667359635
2016-08-30,equal_weight,0.017338936620074203
2016-08-31,equal_weight,0.012167978264332295
2016-09-01,equal_weight,0.003207031358642776
2016-09-02,equal_weight,0.015281239160366437
2016-09-03,equal_weight,0
2016-09-04,equal_weight,0
2016-09-05,equal_weight,-0.0073138313944678384
2016-09-06,equal_weight,-0.012216487657699037
2016-09-07,equal_weight,0.008155317603114054
2016-09-08,equal_weight,0.0085894853439386163
2016-09-09,equal_weight,-0.0013256844478281148
2016-09-10,equal_weight,0
2016-09-11,equal_weight,0
2016-09-12,equal_weight,-0.016355282915835899
2016-09-13,equal_weight,-0.016047524093871952
2016-09-14,equal_weight,-0.0087974232640748874
2016-09-15,equal_weight,0.0021338119605681001
2016-09-16,equal_weight,-0.019174793955619687
2016-09-17,equal_weight,0
2016-09-18,equal_weight,0
2016-09-19,equal_weight,0.0015764838874168165
2016-09-20,equal_weight,-0.003038079450554797
2016-09-21,equal_weight,0.017062575443726444
2016-09-22,equal_weight,0.012232617134480974
2016-09-23,equal_weight,-0.0090510345602747688
2016-09-24,equal_weight,0
2016-09-25,equal_weight,0
2016-09-26,equal_weight,-0.026677830159272175
2016-09-27,equal_weight,-0.002416759968168447
2016-09-28,equal_weight,0.0059384803198916048
2016-09-29,equal_weight,-0.0050475361968811278
2016-09-30,equal_weight,0.0077157385309310714
2016-10-01,equal_weight,0
2016-10-02,equal_weight,0
2016-10-03,equal_weight,-0.0030244354251885977
2016-10-04,equal_weight,0.0062283361596543671
2016-10-05,equal_weight,0.015832415818861006
2016-10-06,equal_weight,0.0059795872852708666
2016-10-07,equal_weight,-0.0096359685392754333
2016-10-08,equal_weight,0
2016-10-09,equal_weight,0
2016-10-10,equal_weight,0.0066331633939152338
2016-10-11,equal_weight,-0.0081599339587085096
2016-10-12,equal_weight,-0.0071423988117590284
2016-10-13,equal_weight,-0.023006079714690181
2016-10-14,equal_weight,0.016157935922930081
2016-10-15,equal_weight,0
2016-10-16,equal_weight,0
2016-10-17,equal_weight,-0.0036851845306099507
2016-10-18,equal_weight,0.021125204136151321
2016-10-19,equal_weight,0.011858390538385232
2016-10-20,equal_weight,0.013957588489925635
2016-10-21,equal_weight,0.002164798926283342
2016-10-22,equal_weight,0
2016-10-23,equal_weight,0
2016-10-24,equal_weight,0.0086644993422382768
2016-10-25,equal_weight,-0.002220225187710847
2016-10-26,equal_weight,0.0054334369661456824
2016-10-27,equal_weight,0.013579806950106193
2016-10-28,equal_weight,-0.0025977283606646254
2016-10-29,equal_weight,0
2016-10-30,equal_weight,0
2016-10-31,equal_weight,-0.0030743020956967675
2016-11-01,equal_weight,-0.012822328941801317
2016-11-02,equal_weight,-0.018232045296192358
2016-11-03,equal_weight,0.011869003242610691
2016-11-04,equal_weight,-0.0058024848124258671
2016-11-05,equal_weight,0
2016-11-06,equal_weight,0
2016-11-07,equal_weight,0.028952664711174556
2016-11-08,equal_weight,0.00057360551777162466
2016-11-09,equal_weight,0.019528451840797777
2016-11-10,equal_weight,0.034102756119950325
2016-11-11,equal_weight,5.4345784341499487e-05
2016-11-12,equal_weight,0
2016-11-13,equal_weight,0
2016-11-14,equal_weight,0.024749540937086114
2016-11-15,equal_weight,-0.0002894073034577749
2016-11-16,equal_weight,-0.014591779777305979
2016-11-17,equal_weight,0.0034362709396605069
2016-11-18,equal_weight,-0.0094669081599179673
2016-11-19,equal_weight,0
2016-11-20,equal_weight,0
2016-11-21,equal_weight,-0.0032158187459489151
2016-11-22,equal_weight,0.013128879665884073
2016-11-23,equal_weight,-0.0022537923582598568
2016-11-24,equal_weight,-0.0066298098730445832
2016-11-25,equal_weight,-0.0031963627705777352
2016-11-26,equal_weight,0
2016-11-27,equal_weight,0
2016-11-28,equal_weight,-0.013881402279534123
2016-11-29,equal_weight,0.0083110097300934226
2016-11-30,equal_weight,0.01635150779180726
2016-12-01,equal_weight,0.013210510454760379
2016-12-02,equal_weight,-0.0053509108280182472
2016-12-03,equal_weight,0
2016-12-04,equal_weight,0
2016-12-05,equal_weight,0.0073593813456958547
2016-12-06,equal_weight,0.044568994635903587
2016-12-07,equal_weight,0.025299776210405252
2016-12-08,equal_weight,0.020444555870902197
2016-12-09,equal_weight,-0.012812504046489566
2016-12-10,equal_weight,0
2016-12-11,equal_weight,0
2016-12-12,equal_weight,-0.01523406418651529
2016-12-13,equal_weight,0.018522178940902682
2016-12-14,equal_weight,-0.0094960475504729646
2016-12-15,equal_weight,0.014993143656937097
2016-12-16,equal_weight,-0.0091652127573562565
2016-12-17,equal_weight,0
2016-12-18,equal_weight,0
2016-12-19,equal_weight,-0.010598374889399111
2016-12-20,equal_weight,0.0099504611523569559
2016-12-21,equal_weight,-0.00234012826345804
2016-12-22,equal_weight,-0.0025472424455440135
2016-12-23,equal_weight,-0.00089443182319833253
2016-12-24,equal_weight,0
2016-12-25,equal_weight,0
2016-12-26,equal_weight,0.00030013452930839195
2016-12-27,equal_weight,-0.001274109102382399
2016-12-28,equal_weight,-0.0062716308770312803
2016-12-29,equal_weight,-0.013789095689883997
2016-12-30,equal_weight,0.012002943101564899
2016-12-31,equal_weight,0
2017-01-01,equal_weight,0
2017-01-02,equal_weight,0.0031190183413774392
2017-01-03,equal_weight,0.015554386636404389
2017-01-04,equal_weight,0.007776484202385886
2017-01-05,equal_weight,-0.00083316968587472055
2017-01-06,equal_weight,0.011752791476179641
2017-01-07,equal_weight,0
2017-01-08,equal_weight,0
2017-01-09,equal_weight,-0.019131296972033932
2017-01-10,equal_weight,0.0010409388691428848
2017-01-11,equal_weight,0.00051299709578489765
2017-01-12,equal_weight,-0.0077414600130348288
2017-01-13,equal_weight,0.015349117436028648
2017-01-14,equal_weight,0
2017-01-15,equal_weight,0
2017-01-16,equal_weight,-0.012355358881943734
2017-01-17,equal_weight,-0.011496107035012249
2017-01-18,equal_weight,0.010906001583549936
2017-01-19,equal_weight,-0.0024954666023817035
2017-01-20,equal_weight,0.0066853582837021761
2017-01-21,equal_weight,0
2017-01-22,equal_weight,0
2017-01-23,equal_weight,-0.008225627751908729
2017-01-24,equal_weight,0.013992461863561864
2017-01-25,equal_weight,0.024964337740890297
2017-01-26,equal_weight,0.0076620948629706285
2017-01-27,equal_weight,-0.0096005243117302779
2017-01-28,equal_weight,0
2017-01-29,equal_weight,0
2017-01-30,equal_weight,-0.016271343421526554
2017-01-31,equal_weight,-0.012877022003973624
2017-02-01,equal_weight,0.014311318775715034
2017-02-02,equal_weight,-0.007438281998001943
2017-02-03,equal_weight,0.018313258802364934
2017-02-04,equal_weight,0
2017-02-05,equal_weight,0
2017-02-06,equal_weight,-0.010424717472429457
2017-02-07,equal_weight,-0.0075659895258830085
2017-02-08,equal_weight,-0.010596019091428873
2017-02-09,equal_weight,0.012557682278639884
2017-02-10,equal_weight,-0.0068667191697231377
2017-02-11,equal_weight,0
2017-02-12,equal_weight,0
2017-02-13,equal_weight,0.0073777459932690493
2017-02-14,equal_weight,0.01166048094388708
2017-02-15,equal_weight,0.012993136631700567
2017-02-16,equal_weight,-0.0056731634857102101
2017-02-17,equal_weight,-0.0042303924213711085
2017-02-18,equal_weight,0
2017-02-19,equal_weight,0
2017-02-20,equal_weight,0.00083285809960950013
2017-02-21,equal_weight,-0.0025312474778830169
2017-02-22,equal_weight,-0.0028504642936291757
2017-02-23,equal_weight,-0.0057132198707645319
2017-02-24,equal_weight,-0.012050828518046579
2017-02-25,equal_weight,0
2017-02-26,equal_weight,0
2017-02-27,equal_weight,6.7046862953328758e-05
2017-02-28,equal_weight,0.0050854176081032475
2017-03-01,equal_weight,0.029106780942134515
2017-03-02,equal_weight,-0.0084494042973309348
2017-03-03,equal_weight,0.011375037015714072
2017-03-04,equal_weight,0
2017-03-05,equal_weight,0
2017-03-06,equal_weight,-0.0065385392399502805
2017-03-07,equal_weight,-0.0053249993796321013
2017-03-08,equal_weight,0.0045655340058873162
2017-03-09,equal_weight,0.0077811299752178339
2017-03-10,equal_weight,0.0089151640599505651
2017-03-11,equal_weight,0
2017-03-12,equal_weight,0
2017-03-13,equal_weight,0.0021067305017239985
2017-03-14,equal_weight,-0.0092060058346558876
2017-03-15,equal_weight,0.0016878097147846037
2017-03-16,equal_weight,0.014447487236747946
2017-03-17,equal_weight,-0.0034868308160055533
2017-03-18,equal_weight,0
2017-03-19,equal_weight,0
2017-03-20,equal_weight,-0.0088217256236699602
2017-03-21,equal_weight,-0.0096223928402822383
2017-03-22,equal_weight,-0.0050437909475489987
2017-03-23,equal_weight,0.0048946625328419868
2017-03-24,equal_weight,-0.00057299893126356097
2017-03-25,equal_weight,0
2017-03-26,equal_weight,0
2017-03-27,equal_weight,-0.0038481272766375612
2017-03-28,equal_weight,0.017217909563442206
2017-03-29,equal_weight,-0.0069388308502382539
2017-03-30,equal_weight,0.0035748284880721699
2017-03-31,equal_weight,-0.0059644027236009454
2017-04-01,equal_weight,0
2017-04-02,equal_weight,0
2017-04-03,equal_weight,-0.011470185863018494
2017-04-04,equal_weight,-0.0052513705719485129
2017-04-05,equal_weight,-0.0014572558362348838
2017-04-06,equal_weight,0.0013223373635035444
2017-04-07,equal_weight,-0.0041710426856728438
2017-04-08,equal_weight,0
2017-04-09,equal_weight,0
2017-04-10,equal_weight,-0.0061134710852776874
2017-04-11,equal_weight,-0.0062511100275322654
2017-04-12,equal_weight,-0.0070652101769611503
2017-04-13,equal_weight,-0.0087382302035934525
2017-04-14,equal_weight,-0.0026128211934012134
2017-04-15,equal_weight,0
2017-04-16,equal_weight,0
2017-04-17,equal_weight,0.0064131629261788645
2017-04-18,equal_weight,-0.012034902996781208
2017-04-19,equal_weight,0.023349352277420202
2017-04-20,equal_weight,0.010260741262758678
2017-04-21,equal_weight,0.0017633101988820963
2017-04-22,equal_weight,0
2017-04-23,equal_weight,0
2017-04-24,equal_weight,0.054478562008084527
2017-04-25,equal_weight,0.0092991277211510494
2017-04-26,equal_weight,0.0059066640295440424
2017-04-27,equal_weight,-0.010268218325018225
2017-04-28,equal_weight,-0.0055350633698964605
2017-04-29,equal_weight,0
2017-04-30,equal_weight,0
2017-05-01,equal_weight,0.0027517069056481693
2017-05-02,equal_weight,0.0017261480864021292
2017-05-03,equal_weight,0.0089898725005146049
2017-05-04,equal_weight,0.007318250926222937
2017-05-05,equal_weight,0.0086027141430907433
2017-05-06,equal_weight,0
2017-05-07,equal_weight,0
2017-05-08,equal_weight,-0.0032770680199439581
2017-05-09,equal_weight,-0.0074512827647250255
2017-05-10,equal_weight,0.0034203990376493786
2017-05-11,equal_weight,-0.0033590613529565173
2017-05-12,equal_weight,-0.0037064692437486528
2017-05-13,equal_weight,0
2017-05-14,equal_weight,0
2017-05-15,equal_weight,0.010231424871092163
2017-05-16,equal_weight,0.0022529971579648761
2017-05-17,equal_weight,-0.022817168760012701
2017-05-18,equal_weight,0.00036468006812684877
2017-05-19,equal_weight,0.010592609720046964
2017-05-20,equal_weight,0
2017-05-21,equal_weight,0
2017-05-22,equal_weight,0.0031549909756421754
2017-05-23,equal_weight,0.0095095167147888522
2017-05-24,equal_weight,-0.00086909555473714539
2017-05-25,equal_weight,-0.00016025813259460864
2017-05-26,equal_weight,-0.0067829367959431879
2017-05-27,equal_weight,0
2017-05-28,equal_weight,0
2017-05-29,equal_weight,-0.0053786084802631123
2017-05-30,equal_weight,-0.011379750986399022
2017-05-31,equal_weight,-0.0078027075998032399
2017-06-01,equal_weight,0.010371546193210825
2017-06-02,equal_weight,-0.00010848786593599303
2017-06-03,equal_weight,0
2017-06-04,equal_weight,0
2017-06-05,equal_weight,0.0021123333263992185
2017-06-06,equal_weight,-0.0052353607632617104
2017-06-07,equal_weight,0.0090017442559557678
2017-06-08,equal_weight,0.012471213598296579
2017-06-09,equal_weight,0.0053589218205106664
2017-06-10,equal_weight,0
2017-06-11,equal_weight,0
2017-06-12,equal_weight,-0.0058135661367143777
2017-06-13,equal_weight,0.0029490769401580505
2017-06-14,equal_weight,-0.0067405374292459543
2017-06-15,equal_weight,-0.0043913094412490507
2017-06-16,equal_weight,-0.0035389305767015316
2017-06-17,equal_weight,0
2017-06-18,equal_weight,0
2017-06-19,equal_weight,0.013396684841698071
2017-06-20,equal_weight,-0.01252386505934756
2017-06-21,equal_weight,-0.0044389477048391718
2017-06-22,equal_weight,-0.0039723590837902334
2017-06-23,equal_weight,-0.0056095226607478961
2017-06-24,equal_weight,0
2017-06-25,equal_weight,0
2017-06-26,equal_weight,0.010748178946008916
2017-06-27,equal_weight,0.0098436869665399756
2017-06-28,equal_weight,0.023620663450846683
2017-06-29,equal_weight,0.010322176098514818
2017-06-30,equal_weight,-0.0041680119586327436
2017-07-01,equal_weight,0
2017-07-02,equal_weight,0
2017-07-03,equal_weight,0.021916268525772394
2017-07-04,equal_weight,-0.0040564520222695286
2017-07-05,equal_weight,0.0011316058061079757
2017-07-06,equal_weight,0.0049971123163996128
2017-07-07,equal_weight,0.0021448231900052521
2017-07-08,equal_weight,0
2017-07-09,equal_weight,0
2017-07-10,equal_weight,-0.0024111120335483446
2017-07-11,equal_weight,-0.0053611091235649597
2017-07-12,equal_weight,0.0014237638239560516
2017-07-13,equal_weight,0.0067698683755047706
2017-07-14,equal_weight,-0.0071279336752320954
2017-07-15,equal_weight,0
2017-07-16,equal_weight,0
2017-07-17,equal_weight,0.0040703151537663353
2017-07-18,equal_weight,-0.011571461536893108
2017-07-19,equal_weight,0.0055833239458933604
2017-07-20,equal_weight,0.00070108192151315993
2017-07-21,equal_weight,-0.0075763405151945372
2017-07-22,equal_weight,0
2017-07-23,equal_weight,0
2017-07-24,equal_weight,0.0088207507962242866
2017-07-25,equal_weight,0.016283602560171244
2017-07-26,equal_weight,0.00067282986461304447
2017-07-27,equal_weight,0.00050304303800750437
2017-07-28,equal_weight,-0.0092133461871000757
2017-07-29,equal_weight,0
2017-07-30,equal_weight,0
2017-07-31,equal_weight,0.0042502665987503565
2017-08-01,equal_weight,0.012956383312338827
2017-08-02,equal_weight,-0.0063201326733518162
2017-08-03,equal_weight,0.0054792707552088664
2017-08-04,equal_weight,0.012228824907149145
2017-08-05,equal_weight,0
2017-08-06,equal_weight,0
2017-08-07,equal_weight,-0.0036270990335020531
2017-08-08,equal_weight,0.0013217806378582402
2017-08-09,equal_weight,-0.015767939852583564
2017-08-10,equal_weight,-0.016130242457167418
2017-08-11,equal_weight,-0.010823999280075561
2017-08-12,equal_weight,0
2017-08-13,equal_weight,0
2017-08-14,equal_weight,0.015788983304842942
2017-08-15,equal_weight,0.0013146529144134496
2017-08-16,equal_weight,-0.0027854942265101868
2017-08-17,equal_weight,-0.015364626195578988
2017-08-18,equal_weight,-0.0035151713788242151
2017-08-19,equal_weight,0
2017-08-20,equal_weight,0
2017-08-21,equal_weight,-0.0067208550291794162
2017-08-22,equal_weight,0.007350606198435531
2017-08-23,equal_weight,-0.0063172558595007882
2017-08-24,equal_weight,0.0042288196962302965
2017-08-25,equal_weight,-0.00062512668141224915
2017-08-26,equal_weight,0
2017-08-27,equal_weight,0
2017-08-28,equal_weight,0.0039568369731554772
2017-08-29,equal_weight,-0.011090649142191095
2017-08-30,equal_weight,0.0024960166239201796
2017-08-31,equal_weight,0.0012227949199960218
2017-09-01,equal_weight,0.0061071303272117626
2017-09-02,equal_weight,0
2017-09-03,equal_weight,0
2017-09-04,equal_weight,-0.0054878704379638238
2017-09-05,equal_weight,-0.016866725193374593
2017-09-06,equal_weight,0.0022781639796149618
2017-09-07,equal_weight,-0.010672072501991032
2017-09-08,equal_weight,0.0091582356732808519
2017-09-09,equal_weight,0
2017-09-10,equal_weight,0
2017-09-11,equal_weight,0.017772472771725112
2017-09-12,equal_weight,0.01484804218197835
2017-09-13,equal_weight,0.0055331324200724244
2017-09-14,equal_weight,-0.0038249578187596997
2017-09-15,equal_weight,-0.00099946068021960935
2017-09-16,equal_weight,0
2017-09-17,equal_weight,0
2017-09-18,equal_weight,0.010154134072084408
2017-09-19,equal_weight,0.0060297109281219263
2017-09-20,equal_weight,0.00035057728630074551
2017-09-21,equal_weight,0.0070377015639731862
2017-09-22,equal_weight,0.0047240616069806948
2017-09-23,equal_weight,0
2017-09-24,equal_weight,0
2017-09-25,equal_weight,-0.010979419356205059
2017-09-26,equal_weight,-0.0036481729191639844
2017-09-27,equal_weight,0.015012202416123388
2017-09-28,equal_weight,0.0005966659020814921
2017-09-29,equal_weight,0.0080483351450592357
2017-09-30,equal_weight,0
2017-10-01,equal_weight,0
2017-10-02,equal_weight,0.0017432056046084322
2017-10-03,equal_weight,-0.0012354150944832623
2017-10-04,equal_weight,-0.0088630176401809629
2017-10-05,equal_weight,0.010916449329825686
2017-10-06,equal_weight,-0.0033340775046584612
2017-10-07,equal_weight,0
2017-10-08,equal_weight,0
2017-10-09,equal_weight,-0.0041823166225440252
2017-10-10,equal_weight,0.00013393809016674221
2017-10-11,equal_weight,0.0041911454195391511
2017-10-12,equal_weight,-0.0054397055498890496
2017-10-13,equal_weight,-0.0057375063179829367
2017-10-14,equal_weight,0
2017-10-15,equal_weight,0
2017-10-16,equal_weight,0.0049301796054152872
2017-10-17,equal_weight,-0.0011475908104740136
2017-10-18,equal_weight,0.0062450818373291483
2017-10-19,equal_weight,-0.0030793870687050714
2017-10-20,equal_weight,0.012484006236255264
2017-10-21,equal_weight,0
2017-10-22,equal_weight,0
2017-10-23,equal_weight,-0.0077891463639637856
2017-10-24,equal_weight,0.013944740855175957
2017-10-25,equal_weight,-0.0044073465089922107
2017-10-26,equal_weight,0.0068772276683796282
2017-10-27,equal_weight,-0.010483347656195251
2017-10-28,equal_weight,0
2017-10-29,equal_weight,0
2017-10-30,equal_weight,-0.0035891897363084335
2017-10-31,equal_weight,-0.00082651106507700557
2017-11-01,equal_weight,0.00018674443862244154
2017-11-02,equal_weight,0.0052464148472162724
2017-11-03,equal_weight,-0.01023342391580306
2017-11-04,equal_weight,0
2017-11-05,equal_weight,0
2017-11-06,equal_weight,-0.0067834739148846922
2017-11-07,equal_weight,-0.0052689930776971651
2017-11-08,equal_weight,-0.0027852274466295544
2017-11-09,equal_weight,-0.0029864337908312353
2017-11-10,equal_weight,0.0029959695840903358
2017-11-11,equal_weight,0
2017-11-12,equal_weight,0
2017-11-13,equal_weight,-0.0040842799955617733
2017-11-14,equal_weight,-0.0037865867635073313
2017-11-15,equal_weight,0.0081176377457837286
2017-11-16,equal_weight,0.0034621896423194199
2017-11-17,equal_weight,-0.0019221215712027955
2017-11-18,equal_weight,0
2017-11-19,equal_weight,0
2017-11-20,equal_weight,0.00090423449293638839
2017-11-21,equal_weight,-0.0005925071854168063
2017-11-22,equal_weight,0.0011333581398615875
2017-11-23,equal_weight,0.0042971178348983792
2017-11-24,equal_weight,0.0043171308885632557
2017-11-25,equal_weight,0
2017-11-26,equal_weight,0
2017-11-27,equal_weight,-0.0042385434524692791
2017-11-28,equal_weight,0.010685865385974609
2017-11-29,equal_weight,0.016462641928211525
2017-11-30,equal_weight,-0.002508100106874211
2017-12-01,equal_weight,-0.004561809404131879
2017-12-02,equal_weight,0
2017-12-03,equal_weight,0
2017-12-04,equal_weight,0.013026979886798745
2017-12-05,equal_weight,-0.0021996959218738544
2017-12-06,equal_weight,-0.0098785356746623615
2017-12-07,equal_weight,0.0059725803218847922
2017-12-08,equal_weight,0.01636293512409058
2017-12-09,equal_weight,0
2017-12-10,equal_weight,0
2017-12-11,equal_weight,0.00021416747888628815
2017-12-12,equal_weight,0.010315649288984567
2017-12-13,equal_weight,-0.0058465261633791673
2017-12-14,equal_weight,-0.0051787318320685718
2017-12-15,equal_weight,-0.0010850214752066653
2017-12-16,equal_weight,0
2017-12-17,equal_weight,0
2017-12-18,equal_weight,0.0085527641195676657
2017-12-19,equal_weight,0.00048764084696503279
2017-12-20,equal_weight,-0.0009579741466881859
2017-12-21,equal_weight,0.0085974225106059381
2017-12-22,equal_weight,-0.0046154179289633439
2017-12-23,equal_weight,0
2017-12-24,equal_weight,0
2017-12-25,equal_weight,-0.00088081081380125825
2017-12-26,equal_weight,-0.0014997844470714559
2017-12-27,equal_weight,-0.0026881015175263495
2017-12-28,equal_weight,0.0002813989203018268
2017-12-29,equal_weight,-0.0010143959270448978
2017-12-30,equal_weight,0
2017-12-31,equal_weight,0
2018-01-01,equal_weight,0.0033719555383596193
2018-01-02,equal_weight,0.0014529371009331003
2018-01-03,equal_weight,0.0050364424153642538
2018-01-04,equal_weight,0.013544690581123829
2018-01-05,equal_weight,0.00081394182090919673
2018-01-06,equal_weight,0
2018-01-07,equal_weight,0
2018-01-08,equal_weight,-0.0016792349888812173
2018-01-09,equal_weight,0.0028832741728833898
2018-01-10,equal_weight,0.017650141774945546
2018-01-11,equal_weight,0.0066332037301042729
2018-01-12,equal_weight,0.0077792251088858559
2018-01-13,equal_weight,0
2018-01-14,equal_weight,0
2018-01-15,equal_weight,0.0083581571051006658
2018-01-16,equal_weight,0.0033294734091924693
2018-01-17,equal_weight,-0.0031214703011026084
2018-01-18,equal_weight,-0.0015800333707359033
2018-01-19,equal_weight,0.010344519971256296
2018-01-20,equal_weight,0
2018-01-21,equal_weight,0
2018-01-22,equal_weight,0.011187915243089083
2018-01-23,equal_weight,0.0013371424025420515
2018-01-24,equal_weight,0.0018419311034961307
2018-01-25,equal_weight,0.0098429299568207687
2018-01-26,equal_weight,0.00065733472191431704
2018-01-27,equal_weight,0
2018-01-28,equal_weight,0
2018-01-29,equal_weight,0.00088703088376501378
2018-01-30,equal_weight,-0.017331058209076652
2018-01-31,equal_weight,-0.0019976282887911507
2018-02-01,equal_weight,0.0060236791227122402
2018-02-02,equal_weight,-0.01321764279370099
2018-02-03,equal_weight,0
2018-02-04,equal_weight,0
2018-02-05,equal_weight,-0.030641975179473532
2018-02-06,equal_weight,-0.016713192485521465
2018-02-07,equal_weight,0.012601671989715683
2018-02-08,equal_weight,-0.022029795280232557
2018-02-09,equal_weight,-0.0061111445712629118
2018-02-10,equal_weight,0
2018-02-11,equal_weight,0
2018-02-12,equal_weight,0.0085791764681290746
2018-02-13,equal_weight,-0.0013824138141225483
2018-02-14,equal_weight,0.017294457525414801
2018-02-15,equal_weight,0.013094328763989376
2018-02-16,equal_weight,0.0071936228206752858
2018-02-17,equal_weight,0
2018-02-18,equal_weight,0
2018-02-19,equal_weight,-0.0031906908448140711
2018-02-20,equal_weight,-0.002491511597604361
2018-02-21,equal_weight,0.0010457779303410537
2018-02-22,equal_weight,-0.0074317137361067688
2018-02-23,equal_weight,0.0043653016325979569
2018-02-24,equal_weight,0
2018-02-25,equal_weight,0
2018-02-26,equal_weight,0.0023583378560544043
2018-02-27,equal_weight,0.0021843440710790909
2018-02-28,equal_weight,-0.01389522228803421
2018-03-01,equal_weight,-0.017271113841532699
2018-03-02,equal_weight,-0.01199115563565557
2018-03-03,equal_weight,0
2018-03-04,equal_weight,0
2018-03-05,equal_weight,0.0050532122632633283
2018-03-06,equal_weight,0.0060353397706311923
2018-03-07,equal_weight,0.0044692960457663128
2018-03-08,equal_weight,0.0027096391754254236
2018-03-09,equal_weight,-0.00022920038885844809
2018-03-10,equal_weight,0
2018-03-11,equal_weight,0
2018-03-12,equal_weight,0.0044240442416599839
2018-03-13,equal_weight,-0.0077394356331823939
2018-03-14,equal_weight,-0.0094726744131787884
2018-03-15,equal_weight,0.0021121905671278893
2018-03-16,equal_weight,0.0036618512784720799
2018-03-17,equal_weight,0
2018-03-18,equal_weight,0
2018-03-19,equal_weight,-0.0089136048828574472
2018-03-20,equal_weight,0.0060102185097546607
2018-03-21,equal_weight,-0.011013061239946572
2018-03-22,equal_weight,-0.022039895500961474
2018-03-23,equal_weight,-0.022317640191196027
2018-03-24,equal_weight,0
2018-03-25,equal_weight,0
2018-03-26,equal_weight,0.010905827448327949
2018-03-27,equal_weight,0.0018338494565421897
2018-03-28,equal_weight,-0.00090230480232230401
2018-03-29,equal_weight,-0.000915140149060867
2018-03-30,equal_weight,-0.00080715267330230031
2018-03-31,equal_weight,0
2018-04-01,equal_weight,0
2018-04-02,equal_weight,-0.005504981222226593
2018-04-03,equal_weight,-0.00046048975094363395
2018-04-04,equal_weight,-0.00065299003903908262
2018-04-05,equal_weight,0.021105376568025656
2018-04-06,equal_weight,-0.015534083632910064
2018-04-07,equal_weight,0
2018-04-08,equal_weight,0
2018-04-09,equal_weight,0.0083775132379151959
2018-04-10,equal_weight,0.010989046786737594
2018-04-11,equal_weight,-0.0056713643610311424
2018-04-12,equal_weight,0.013424860668730073
2018-04-13,equal_weight,-0.0053947264579202753
2018-04-14,equal_weight,0
2018-04-15,equal_weight,0
2018-04-16,equal_weight,-0.0017924641297334847
2018-04-17,equal_weight,0.0037802259926508217
2018-04-18,equal_weight,-0.0011361559572041354
2018-04-19,equal_weight,0.0079624839014527694
2018-04-20,equal_weight,0.00075718842380610208
2018-04-21,equal_weight,0
2018-04-22,equal_weight,0
2018-04-23,equal_weight,0.0017469692136973167
2018-04-24,equal_weight,-0.0029802449834164775
2018-04-25,equal_weight,-0.0045705711354878959
2018-04-26,equal_weight,-0.0054295250277391254
2018-04-27,equal_weight,-0.0043415540718097258
2018-04-28,equal_weight,0
2018-04-29,equal_weight,0
2018-04-30,equal_weight,-0.0023393084598996579
2018-05-01,equal_weight,-0.0025703614629784678
2018-05-02,equal_weight,-0.0075175656006675196
2018-05-03,equal_weight,-0.011452102224091617
2018-05-04,equal_weight,0.0060664041026377074
2018-05-05,equal_weight,0
2018-05-06,equal_weight,0
2018-05-07,equal_weight,0.0014927042511827617
2018-05-08,equal_weight,0.0019608912972469603
2018-05-09,equal_weight,0.0083450010343631871
2018-05-10,equal_weight,0.0067684952848877022
2018-05-11,equal_weight,0.0057728806027045323
2018-05-12,equal_weight,0
2018-05-13,equal_weight,0
2018-05-14,equal_weight,-0.0011891829882330084
2018-05-15,equal_weight,0.0011786887506790586
2018-05-16,equal_weight,-0.016862240796229583
2018-05-17,equal_weight,-0.00016058611772881373
2018-05-18,equal_weight,-0.014059151126268531
2018-05-19,equal_weight,0
2018-05-20,equal_weight,0
2018-05-21,equal_weight,0.0013587263625737206
2018-05-22,equal_weight,0.011062922275391275
2018-05-23,equal_weight,-0.0089475593207911305
2018-05-24,equal_weight,-0.018159355474242918
2018-05-25,equal_weight,-0.0065331350229089003
2018-05-26,equal_weight,0
2018-05-27,equal_weight,0
2018-05-28,equal_weight,-0.0091151240490518343
2018-05-29,equal_weight,-0.037500155761161377
2018-05-30,equal_weight,0.0049558287732177683
2018-05-31,equal_weight,-0.0068766890957267244
2018-06-01,equal_weight,0.020473896966427374
2018-06-02,equal_weight,0
2018-06-03,equal_weight,0
2018-06-04,equal_weight,0.0056416198416600538
2018-06-05,equal_weight,-0.017522003418004372
2018-06-06,equal_weight,0.01681048689534571
2018-06-07,equal_weight,0.0043793316557540251
2018-06-08,equal_weight,-0.0066098496053277099
2018-06-09,equal_weight,0
2018-06-10,equal_weight,0
2018-06-11,equal_weight,0.01226281863199552
2018-06-12,equal_weight,-0.004634815464284377
2018-06-13,equal_weight,-0.0043172706094175518
2018-06-14,equal_weight,0.00034781293479065403
2018-06-15,equal_weight,-0.022845804751878789
2018-06-16,equal_weight,0
2018-06-17,equal_weight,0
2018-06-18,equal_weight,-0.0028893776321999042
2018-06-19,equal_weight,-0.00040211706165755212
2018-06-20,equal_weight,-0.00010689107807255304
2018-06-21,equal_weight,-0.012711859529895694
2018-06-22,equal_weight,0.0064490868824789698
2018-06-23,equal_weight,0
2018-06-24,equal_weight,0
2018-06-25,equal_weight,-0.01500500452156996
2018-06-26,equal_weight,0.00052583101098428579
2018-06-27,equal_weight,-0.0086597904102397004
2018-06-28,equal_weight,0.00092445362030971038
2018-06-29,equal_weight,0.0028159420138927464
2018-06-30,equal_weight,0
2018-07-01,equal_weight,0
2018-07-02,equal_weight,0.0014545963656606414
2018-07-03,equal_weight,-0.0029843720201459594
2018-07-04,equal_weight,0.0032919171384520546
2018-07-05,equal_weight,0.007452898494090027
2018-07-06,equal_weight,0.0050000424784003078
2018-07-07,equal_weight,0
2018-07-08,equal_weight,0
2018-07-09,equal_weight,0.01571867978429535
2018-07-10,equal_weight,-0.0088389308893624449
2018-07-11,equal_weight,-0.010311544025910741
2018-07-12,equal_weight,-0.00068260081966055666
2018-07-13,equal_weight,-0.0037419288296003249
2018-07-14,equal_weight,0
2018-07-15,equal_weight,0
2018-07-16,equal_weight,0.013800918616886593
2018-07-17,equal_weight,0.00069975596632233783
2018-07-18,equal_weight,-0.000125105794318696
2018-07-19,equal_weight,-0.0058333322524597737
2018-07-20,equal_weight,0.00078601856380066217
2018-07-21,equal_weight,0
2018-07-22,equal_weight,0
2018-07-23,equal_weight,0.017297096555656949
2018-07-24,equal_weight,0.013527263593624663
2018-07-25,equal_weight,-0.0035961929397144974
2018-07-26,equal_weight,0.0096209491569880894
2018-07-27,equal_weight,0.0026304151346045958
2018-07-28,equal_weight,0
2018-07-29,equal_weight,0
2018-07-30,equal_weight,0.0069608592780548593
2018-07-31,equal_weight,0.0026853605235566663
2018-08-01,equal_weight,-0.0060586779466246946
2018-08-02,equal_weight,-0.014585974781402097
2018-08-03,equal_weight,0.00064641517258508783
2018-08-04,equal_weight,0
2018-08-05,equal_weight,0
2018-08-06,equal_weight,-0.002692386033626923
2018-08-07,equal_weight,0.0023062452591944452
2018-08-08,equal_weight,0.0032270507622598333
2018-08-09,equal_weight,-0.0068219431628626084
2018-08-10,equal_weight,-0.025950777114226251
2018-08-11,equal_weight,0
2018-08-12,equal_weight,0
2018-08-13,equal_weight,-0.021019891939528863
2018-08-14,equal_weight,-5.2569794094391349e-05
2018-08-15,equal_weight,-0.013059058617997161
2018-08-16,equal_weight,0.0066970243134514031
2018-08-17,equal_weight,-0.001476185458954073
2018-08-18,equal_weight,0
2018-08-19,equal_weight,0
2018-08-20,equal_weight,0.0053444172762395735
2018-08-21,equal_weight,0.012138247662157891
2018-08-22,equal_weight,0.0056540408026675114
2018-08-23,equal_weight,-0.0057027308120367118
2018-08-24,equal_weight,-0.0021434311303007857
2018-08-25,equal_weight,0
2018-08-26,equal_weight,0
2018-08-27,equal_weight,0.013948430326574146
2018-08-28,equal_weight,-0.0019978576688279384
2018-08-29,equal_weight,0.00059198528850390453
2018-08-30,equal_weight,-0.0092490634784282103
2018-08-31,equal_weight,-0.0095391398560220088
2018-09-01,equal_weight,0
2018-09-02,equal_weight,0
2018-09-03,equal_weight,-0.00096800144597234685
2018-09-04,equal_weight,0.0066113381470247279
2018-09-05,equal_weight,0.0012408491535859912
2018-09-06,equal_weight,-0.0076954263016755778
2018-09-07,equal_weight,-0.0082366258792280021
2018-09-08,equal_weight,0
2018-09-09,equal_weight,0
2018-09-10,equal_weight,0.0048121858311835491
2018-09-11,equal_weight,-0.00028403720024227535
2018-09-12,equal_weight,-0.0070448710972069199
2018-09-13,equal_weight,0.007797353413029044
2018-09-14,equal_weight,0.005887877284695006
2018-09-15,equal_weight,0
2018-09-16,equal_weight,0
2018-09-17,equal_weight,0.0013828254757523434
2018-09-18,equal_weight,0.0045006529750029577
2018-09-19,equal_weight,0.021237511374351863
2018-09-20,equal_weight,0.012467010043283721
2018-09-21,equal_weight,0.010983075851516295
2018-09-22,equal_weight,0
2018-09-23,equal_weight,0
2018-09-24,equal_weight,-0.012963782782596075
2018-09-25,equal_weight,0.0021805645078962011
2018-09-26,equal_weight,-0.0059126988792576451
2018-09-27,equal_weight,-0.0033266538349078505
2018-09-28,equal_weight,-0.030305635080326878
2018-09-29,equal_weight,0
2018-09-30,equal_weight,0
2018-10-01,equal_weight,-0.0084405141777926258
2018-10-02,equal_weight,-0.0073765519764660125
2018-10-03,equal_weight,0.0053074006480146848
2018-10-04,equal_weight,0.0041723653670201278
2018-10-05,equal_weight,-0.0036250895320961455
2018-10-06,equal_weight,0
2018-10-07,equal_weight,0
2018-10-08,equal_weight,-0.0074097903990087742
2018-10-09,equal_weight,-0.0028741416963393479
2018-10-10,equal_weight,-0.0022736891944138272
2018-10-11,equal_weight,-0.021321253089255979
2018-10-12,equal_weight,-0.0034044082469576373
2018-10-13,equal_weight,0
2018-10-14,equal_weight,0
2018-10-15,equal_weight,-0.0049838070149552582
2018-10-16,equal_weight,0.011298253636664889
2018-10-17,equal_weight,0.005971012507432389
2018-10-18,equal_weight,-0.01958764372814072
2018-10-19,equal_weight,-0.0041449164733733503
2018-10-20,equal_weight,0
2018-10-21,equal_weight,0
2018-10-22,equal_weight,-0.010401933767607542
2018-10-23,equal_weight,-0.014441298796174505
2018-10-24,equal_weight,-0.020543144035484351
2018-10-25,equal_weight,0.01051538247260796
2018-10-26,equal_weight,-0.013748339075771651
2018-10-27,equal_weight,0
2018-10-28,equal_weight,0
2018-10-29,equal_weight,0.016997811334958639
2018-10-30,equal_weight,0.00096992051706846409
2018-10-31,equal_weight,0.010160283853209088
2018-11-01,equal_weight,0.012652885961714213
2018-11-02,equal_weight,0.018130895173327697
2018-11-03,equal_weight,0
2018-11-04,equal_weight,0
2018-11-05,equal_weight,-0.0030719884176290246
2018-11-06,equal_weight,-0.0017050981200640407
2018-11-07,equal_weight,0.012475374120537567
2018-11-08,equal_weight,0.0071475523097134785
2018-11-09,equal_weight,-0.016631166799328766
2018-11-10,equal_weight,0
2018-11-11,equal_weight,0
2018-11-12,equal_weight,-0.023785921409032077
2018-11-13,equal_weight,0.0067323868937282276
2018-11-14,equal_weight,-0.0027728712717154935
2018-11-15,equal_weight,-0.0084094836994399996
2018-11-16,equal_weight,-0.0099440680051735546
2018-11-17,equal_weight,0
2018-11-18,equal_weight,0
2018-11-19,equal_weight,0.0048369820812048008
2018-11-20,equal_weight,-0.019856402754221156
2018-11-21,equal_weight,0.0082772786077491504
2018-11-22,equal_weight,-0.0036543491847917083
2018-11-23,equal_weight,0.00043346753796618694
2018-11-24,equal_weight,0
2018-11-25,equal_weight,0
2018-11-26,equal_weight,0.021126740525668597
2018-11-27,equal_weight,-0.004152952977144006
2018-11-28,equal_weight,0.0040852811106298348
2018-11-29,equal_weight,-0.0009967706739602959
2018-11-30,equal_weight,-0.0061264596243506379
2018-12-01,equal_weight,0
2018-12-02,equal_weight,0
2018-12-03,equal_weight,0.011300487060741002
2018-12-04,equal_weight,-0.030215397266603196
2018-12-05,equal_weight,-0.0030488183995270556
2018-12-06,equal_weight,-0.031277377162664065
2018-12-07,equal_weight,-0.006156152787913434
2018-12-08,equal_weight,0
2018-12-09,equal_weight,0
2018-12-10,equal_weight,-0.022811241239054706
2018-12-11,equal_weight,-0.0073423069281881624
2018-12-12,equal_weight,0.017274081329000091
2018-12-13,equal_weight,0.0039161366451131432
2018-12-14,equal_weight,-0.010026899482452157
2018-12-15,equal_weight,0
2018-12-16,equal_weight,0
2018-12-17,equal_weight,-0.018080151401592394
2018-12-18,equal_weight,-0.00087861716624033285
2018-12-19,equal_weight,-0.0017332132922084369
2018-12-20,equal_weight,-0.022582605110759851
2018-12-21,equal_weight,-0.0069261265980836966
2018-12-22,equal_weight,0
2018-12-23,equal_weight,0
2018-12-24,equal_weight,-0.015699187915493344
2018-12-25,equal_weight,0.00033295568331780459
2018-12-26,equal_weight,0.01486919137983961
2018-12-27,equal_weight,-0.006992278809220597
2018-12-28,equal_weight,0.017303934157817173
2018-12-29,equal_weight,0
2018-12-30,equal_weight,0
2018-12-31,equal_weight,0.0069721706487221626
2019-01-01,equal_weight,0.0028765430664470905
2019-01-02,equal_weight,0.0035141374594354971
2019-01-03,equal_weight,-0.013670730124770073
2019-01-04,equal_weight,0.039149063116707308
2019-01-05,equal_weight,0
2019-01-06,equal_weight,0
2019-01-07,equal_weight,0.0063290488590521388
2019-01-08,equal_weight,0.007814698827303625
2019-01-09,equal_weight,-0.00179536453669418
2019-01-10,equal_weight,0.010565197836506243
2019-01-11,equal_weight,-0.0010943624738030107
2019-01-12,equal_weight,0
2019-01-13,equal_weight,0
2019-01-14,equal_weight,0.0040907200028065102
2019-01-15,equal_weight,0.0030022238776327118
2019-01-16,equal_weight,0.026728176616532925
2019-01-17,equal_weight,-0.0095895116746898042
2019-01-18,equal_weight,0.022092005753790563
2019-01-19,equal_weight,0
2019-01-20,equal_weight,0
2019-01-21,equal_weight,-0.0044906821112184426
2019-01-22,equal_weight,-0.011486024117490697
2019-01-23,equal_weight,0.0035349202009690261
2019-01-24,equal_weight,0.0030103727151000342
2019-01-25,equal_weight,0.014437721373959437
2019-01-26,equal_weight,0
2019-01-27,equal_weight,0
2019-01-28,equal_weight,-0.0060477431240458755
2019-01-29,equal_weight,-0.00014033397305441452
2019-01-30,equal_weight,0.0025342759013858443
2019-01-31,equal_weight,-0.016732222352329067
2019-02-01,equal_weight,-0.0067389052925521777
2019-02-02,equal_weight,0
2019-02-03,equal_weight,0
2019-02-04,equal_weight,-0.0017194406004662406
2019-02-05,equal_weight,0.0077524339698464241
2019-02-06,equal_weight,0.0064024219229805394
2019-02-07,equal_weight,-0.027936913675750064
2019-02-08,equal_weight,-0.010318329221447509
2019-02-09,equal_weight,0
2019-02-10,equal_weight,0
2019-02-11,equal_weight,0.0070429801838959643
2019-02-12,equal_weight,0.0092701684370755551
2019-02-13,equal_weight,0.0027774663224505954
2019-02-14,equal_weight,-0.013410716598328931
2019-02-15,equal_weight,0.026022866879820215
2019-02-16,equal_weight,0
2019-02-17,equal_weight,0
2019-02-18,equal_weight,0.0069102808055361174
2019-02-19,equal_weight,-0.0040300569760388658
2019-02-20,equal_weight,0.0097074230281565411
2019-02-21,equal_weight,-0.009741761895850307
2019-02-22,equal_weight,-0.0021199282277699857
2019-02-23,equal_weight,0
2019-02-24,equal_weight,0
2019-02-25,equal_weight,0.012131875126067376
2019-02-26,equal_weight,0.00323442079217399
2019-02-27,equal_weight,0.014506069753206195
2019-02-28,equal_weight,0.0048370810225270462
2019-03-01,equal_weight,9.8589742499843199e-05
2019-03-02,equal_weight,0
2019-03-03,equal_weight,0
2019-03-04,equal_weight,-0.0022676274155874715
2019-03-05,equal_weight,-0.0059691972243714276
2019-03-06,equal_weight,-0.002012261410069337
2019-03-07,equal_weight,-0.019277248680621261
2019-03-08,equal_weight,-0.015004702327892241
2019-03-09,equal_weight,0
2019-03-10,equal_weight,0
2019-03-11,equal_weight,0.015656636176453347
2019-03-12,equal_weight,0.0034278663836665806
2019-03-13,equal_weight,0.0066279807017980107
2019-03-14,equal_weight,0.010743936351245899
2019-03-15,equal_weight,0.0063076753610763862
2019-03-16,equal_weight,0
2019-03-17,equal_weight,0
2019-03-18,equal_weight,0.016495413866801013
2019-03-19,equal_weight,-0.00086811093593822911
2019-03-20,equal_weight,-0.017159191156408286
2019-03-21,equal_weight,-0.013229867283683073
2019-03-22,equal_weight,-0.03143665531451173
2019-03-23,equal_weight,0
2019-03-24,equal_weight,0
2019-03-25,equal_weight,-0.0058472349249140132
2019-03-26,equal_weight,0.0037159574688077758
2019-03-27,equal_weight,0.0069938445062840623
2019-03-28,equal_weight,-0.0060210091917694388
2019-03-29,equal_weight,0.0030889722383020375
2019-03-30,equal_weight,0
2019-03-31,equal_weight,0
2019-04-01,equal_weight,0.024197923212725788
2019-04-02,equal_weight,0.0052407482518863346
2019-04-03,equal_weight,0.013280286235080759
2019-04-04,equal_weight,0.0066720375015968869
2019-04-05,equal_weight,-0.004814178089753627
2019-04-06,equal_weight,0
2019-04-07,equal_weight,0
2019-04-08,equal_weight,-0.0033036216352161935
2019-04-09,equal_weight,-0.0016600721848561181
2019-04-10,equal_weight,-0.0034652055016572147
2019-04-11,equal_weight,0.010678339012531304
2019-04-12,equal_weight,0.019837729079245945
2019-04-13,equal_weight,0
2019-04-14,equal_weight,0
2019-04-15,equal_weight,0.0022300257130456577
2019-04-16,equal_weight,0.01185146889897609
2019-04-17,equal_weight,0.0094760370628767538
2019-04-18,equal_weight,-0.0016395703868530259
2019-04-19,equal_weight,-0.0031488937893593663
2019-04-20,equal_weight,0
2019-04-21,equal_weight,0
2019-04-22,equal_weight,-0.00011634732087449649
2019-04-23,equal_weight,-0.0059270822664324006
2019-04-24,equal_weight,-0.01196714243614559
2019-04-25,equal_weight,-0.0073306941679813489
2019-04-26,equal_weight,0.0029421999508993648
2019-04-27,equal_weight,0
2019-04-28,equal_weight,0
2019-04-29,equal_weight,0.014223261351916075
2019-04-30,equal_weight,3.452338569498079e-05
2019-05-01,equal_weight,0.0010455662894851326
2019-05-02,equal_weight,-0.00020986475390656631
2019-05-03,equal_weight,0.0012279300043174961
2019-05-04,equal_weight,0
2019-05-05,equal_weight,0
2019-05-06,equal_weight,-0.0054435756616221216
2019-05-07,equal_weight,-0.021579117758557448
2019-05-08,equal_weight,-0.0038561896509662417
2019-05-09,equal_weight,-0.016117180441718799
2019-05-10,equal_weight,0.0019408522918817445
2019-05-11,equal_weight,0
2019-05-12,equal_weight,0
2019-05-13,equal_weight,-0.021400552481818116
2019-05-14,equal_weight,0.0088800788866577798
2019-05-15,equal_weight,-0.0045804186578297752
2019-05-16,equal_weight,0.011551186101002267
2019-05-17,equal_weight,-0.011545684919657613
2019-05-18,equal_weight,0
2019-05-19,equal_weight,0
2019-05-20,equal_weight,-0.010255302775630188
2019-05-21,equal_weight,0.0069286470492834953
2019-05-22,equal_weight,-0.012216777303986154
2019-05-23,equal_weight,-0.017550230928315442
2019-05-24,equal_weight,0.0077629374453215428
2019-05-25,equal_weight,0
2019-05-26,equal_weight,0
2019-05-27,equal_weight,0.0030913130773293183
2019-05-28,equal_weight,-0.0089110170300559371
2019-05-29,equal_weight,-0.0058955228364608297
2019-05-30,equal_weight,-0.0015821608527769448
2019-05-31,equal_weight,-0.015389554234058914
2019-06-01,equal_weight,0
2019-06-02,equal_weight,0
2019-06-03,equal_weight,0.00013979983012963934
2019-06-04,equal_weight,0.030428796129767861
2019-06-05,equal_weight,-0.003569526826178115
2019-06-06,equal_weight,-0.005980602982978183
2019-06-07,equal_weight,0.00053222411862312779
2019-06-08,equal_weight,0
2019-06-09,equal_weight,0
2019-06-10,equal_weight,0.013352317219589601
2019-06-11,equal_weight,0.0035225193754245387
2019-06-12,equal_weight,-0.013223859688659266
2019-06-13,equal_weight,-0.0025720811939274058
2019-06-14,equal_weight,-0.0042646767548102666
2019-06-15,equal_weight,0
2019-06-16,equal_weight,0
2019-06-17,equal_weight,-0.0054142399759867987
2019-06-18,equal_weight,0.015170590459711112
2019-06-19,equal_weight,0.0085143535962482614
2019-06-20,equal_weight,-0.0059919129405718611
2019-06-21,equal_weight,0.0017223135440428631
2019-06-22,equal_weight,0
2019-06-23,equal_weight,0
2019-06-24,equal_weight,-0.0021703120836583461
2019-06-25,equal_weight,-0.0045424898522874596
2019-06-26,equal_weight,0.0076551008596041454
2019-06-27,equal_weight,0.0084980919497732229
2019-06-28,equal_weight,0.010416721416706912
2019-06-29,equal_weight,0
2019-06-30,equal_weight,0
2019-07-01,equal_weight,0.0067611646197275367
2019-07-02,equal_weight,-0.0050632696470523462
2019-07-03,equal_weight,0.012111092096028904
2019-07-04,equal_weight,0.0057786635458451805
2019-07-05,equal_weight,0.0051824928299086925
2019-07-06,equal_weight,0
2019-07-07,equal_weight,0
2019-07-08,equal_weight,-0.013751771516605664
2019-07-09,equal_weight,-0.0022932088179406828
2019-07-10,equal_weight,-0.00056654603904578681
2019-07-11,equal_weight,0.0086901928898962984
2019-07-12,equal_weight,0.0027891455485614721
2019-07-13,equal_weight,0
2019-07-14,equal_weight,0
2019-07-15,equal_weight,-0.00054288913651189365
2019-07-16,equal_weight,0.0045766618036642837
2019-07-17,equal_weight,-0.011390848504669655
2019-07-18,equal_weight,0.0006822983201811338
2019-07-19,equal_weight,-0.004922792857878602
2019-07-20,equal_weight,0
2019-07-21,equal_weight,0
2019-07-22,equal_weight,-0.0014358935348462365
2019-07-23,equal_weight,0.01691124135216859
2019-07-24,equal_weight,-0.0036854781748590906
2019-07-25,equal_weight,-0.002573993221737209
2019-07-26,equal_weight,0.0015028168820114833
2019-07-27,equal_weight,0
2019-07-28,equal_weight,0
2019-07-29,equal_weight,-0.0071151003428002952
2019-07-30,equal_weight,-0.016803274637017057
2019-07-31,equal_weight,-0.0043221161370561017
2019-08-01,equal_weight,-0.0073415935513843405
2019-08-02,equal_weight,-0.022186836511392378
2019-08-03,equal_weight,0
2019-08-04,equal_weight,0
2019-08-05,equal_weight,-0.022516790453364854
2019-08-06,equal_weight,0.0050551463740868665
2019-08-07,equal_weight,-0.015094342399397189
2019-08-08,equal_weight,0.01337607224881388
2019-08-09,equal_weight,-0.013736809389537672
2019-08-10,equal_weight,0
2019-08-11,equal_weight,0
2019-08-12,equal_weight,-0.021777078627275605
2019-08-13,equal_weight,0.010918171611867802
2019-08-14,equal_weight,-0.035049688163704712
2019-08-15,equal_weight,-0.0099146936257615038
2019-08-16,equal_weight,0.023084506700432311
2019-08-17,equal_weight,0
2019-08-18,equal_weight,0
2019-08-19,equal_weight,0.0092277643837464837
2019-08-20,equal_weight,-0.011505387388805324
2019-08-21,equal_weight,0.0024293146749232888
2019-08-22,equal_weight,0.0079993394988373788
2019-08-23,equal_weight,-0.014866778767977458
2019-08-24,equal_weight,0
2019-08-25,equal_weight,0
2019-08-26,equal_weight,0.0097384499565777594
2019-08-27,equal_weight,-0.0060082145389930191
2019-08-28,equal_weight,0.0056691012635384213
2019-08-29,equal_weight,0.013920430316182729
2019-08-30,equal_weight,0.0020401755120890547
2019-08-31,equal_weight,0
2019-09-01,equal_weight,0
2019-09-02,equal_weight,-0.0014987601235869192
2019-09-03,equal_weight,-0.0095063633865281796
2019-09-04,equal_weight,0.01150124274045884
2019-09-05,equal_weight,0.029110500353791272
2019-09-06,equal_weight,0.00042183438977943356
2019-09-07,equal_weight,0
2019-09-08,equal_weight,0
2019-09-09,equal_weight,0.022048887576361927
2019-09-10,equal_weight,0.021887840174010232
2019-09-11,equal_weight,0.0056576265333965507
2019-09-12,equal_weight,-0.00070555153317345884
2019-09-13,equal_weight,0.023542922204678733
2019-09-14,equal_weight,0
2019-09-15,equal_weight,0
2019-09-16,equal_weight,-0.0048319387634267706
2019-09-17,equal_weight,-0.017352394470669795
2019-09-18,equal_weight,0.0018259226453014835
2019-09-19,equal_weight,0.0084356716764593439
2019-09-20,equal_weight,0.0051141613996557068
2019-09-21,equal_weight,0
2019-09-22,equal_weight,0
2019-09-23,equal_weight,-0.016839602072650089
2019-09-24,equal_weight,-0.013171618029701066
2019-09-25,equal_weight,0.0062478730148271197
2019-09-26,equal_weight,-0.0048396628762327832
2019-09-27,equal_weight,0.008120932959928228
2019-09-28,equal_weight,0
2019-09-29,equal_weight,0
2019-09-30,equal_weight,-0.001722985011155596
2019-10-01,equal_weight,-0.019567299046487404
2019-10-02,equal_weight,-0.0246985444969634
2019-10-03,equal_weight,-0.0027619203440142344
2019-10-04,equal_weight,0.0069876420687048245
2019-10-05,equal_weight,0
2019-10-06,equal_weight,0
2019-10-07,equal_weight,0.00093249135172161627
2019-10-08,equal_weight,-0.017077415123199668
2019-10-09,equal_weight,0.0022448506633779139
2019-10-10,equal_weight,0.0214537673415435
2019-10-11,equal_weight,0.03925664557012095
2019-10-12,equal_weight,0
2019-10-13,equal_weight,0
2019-10-14,equal_weight,0.00046977872419717647
2019-10-15,equal_weight,0.02118528311121529
2019-10-16,equal_weight,0.0080126815534219357
2019-10-17,equal_weight,0.0021625194116677558
2019-10-18,equal_weight,0.0039920813826714845
2019-10-19,equal_weight,0
2019-10-20,equal_weight,0
2019-10-21,equal_weight,0.020831370138556075
2019-10-22,equal_weight,0.0018821132387449194
2019-10-23,equal_weight,0.00058372769323078411
2019-10-24,equal_weight,-0.0015604221211504396
2019-10-25,equal_weight,0.0030386578977040601
2019-10-26,equal_weight,0
2019-10-27,equal_weight,0
2019-10-28,equal_weight,0.0013725952240767633
2019-10-29,equal_weight,0.0015579601395042289
2019-10-30,equal_weight,-0.014630269659434944
2019-10-31,equal_weight,-0.0069855508608082624
2019-11-01,equal_weight,0.012479468174440926
2019-11-02,equal_weight,0
2019-11-03,equal_weight,0
2019-11-04,equal_weight,0.018115329366396527
2019-11-05,equal_weight,0.0076499634065859655
2019-11-06,equal_weight,-0.00036366165673071813
2019-11-07,equal_weight,0.012224728440678791
2019-11-08,equal_weight,-0.010821692743340106
2019-11-09,equal_weight,0
2019-11-10,equal_weight,0
2019-11-11,equal_weight,0.00077056651927324775
2019-11-12,equal_weight,0.0055535334562055441
2019-11-13,equal_weight,-0.017226465889366487
2019-11-14,equal_weight,-0.0051768039098138716
2019-11-15,equal_weight,0.007456712192075313
2019-11-16,equal_weight,0
2019-11-17,equal_weight,0
2019-11-18,equal_weight,0.00072274073985115173
2019-11-19,equal_weight,0.002138060802518018
2019-11-20,equal_weight,-0.0060538670346715851
2019-11-21,equal_weight,0.00018392539594984478
2019-11-22,equal_weight,0.0084634855804850296
2019-11-23,equal_weight,0
2019-11-24,equal_weight,0
2019-11-25,equal_weight,0.0051607689778012068
2019-11-26,equal_weight,-0.0030906420615780137
2019-11-27,equal_weight,0.0037672729969371833
2019-11-28,equal_weight,-0.0025179758153028703
2019-11-29,equal_weight,-0.0052842307399074036
2019-11-30,equal_weight,0
2019-12-01,equal_weight,0
2019-12-02,equal_weight,-0.0097998433005857012
2019-12-03,equal_weight,-0.012560466123421715
2019-12-04,equal_weight,0.015854070551428765
2019-12-05,equal_weight,0.0023367702026489421
2019-12-06,equal_weight,0.015133828923208428
2019-12-07,equal_weight,0
2019-12-08,equal_weight,0
2019-12-09,equal_weight,-0.0015202696707073255
2019-12-10,equal_weight,-0.0015275380304706346
2019-12-11,equal_weight,-0.00073510761554366187
2019-12-12,equal_weight,0.02631906728791996
2019-12-13,equal_weight,0.012324865846386831
2019-12-14,equal_weight,0
2019-12-15,equal_weight,0
2019-12-16,equal_weight,0.013232496759309051
2019-12-17,equal_weight,-0.0016536903156132367
2019-12-18,equal_weight,-0.0019347155437168969
2019-12-19,equal_weight,-0.00053643522155509061
2019-12-20,equal_weight,-0.0041412718552368425
2019-12-21,equal_weight,0
2019-12-22,equal_weight,0
2019-12-23,equal_weight,-0.006380977416887099
2019-12-24,equal_weight,0.00051108408605795663
2019-12-25,equal_weight,-0.00075017111338142393
2019-12-26,equal_weight,0.0037688426775511464
2019-12-27,equal_weight,-0.0018534740760707269
2019-12-28,equal_weight,0
2019-12-29,equal_weight,0
2019-12-30,equal_weight,0.00095895178540088342
2019-12-31,equal_weight,0.00073556632074181689
2020-01-01,equal_weight,0.003074799617080091
2020-01-02,equal_weight,0.018508675493060983
2020-01-03,equal_weight,-0.0133961130089118
2020-01-04,equal_weight,0
2020-01-05,equal_weight,0
2020-01-06,equal_weight,-0.0086849496393438409
2020-01-07,equal_weight,0.004321762990786706
2020-01-08,equal_weight,0.0032012670238218141
2020-01-09,equal_weight,0.0023792455577838667
2020-01-10,equal_weight,-0.0091538750543860067
2020-01-11,equal_weight,0
2020-01-12,equal_weight,0
2020-01-13,equal_weight,-0.0021249656334931142
2020-01-14,equal_weight,-0.001047108741550819
2020-01-15,equal_weight,-0.015834193424130141
2020-01-16,equal_weight,0.0044790079135139469
2020-01-17,equal_weight,0.0023704175266618752
2020-01-18,equal_weight,0
2020-01-19,equal_weight,0
2020-01-20,equal_weight,-0.007433342103367162
2020-01-21,equal_weight,-0.0076206736809586338
2020-01-22,equal_weight,-0.0021056351155179782
2020-01-23,equal_weight,-0.0044256783654310029
2020-01-24,equal_weight,-0.0041264931082844337
2020-01-25,equal_weight,0
2020-01-26,equal_weight,0
2020-01-27,equal_weight,-0.018996505447303101
2020-01-28,equal_weight,0.011090133437158735
2020-01-29,equal_weight,0.0016482857271970543
2020-01-30,equal_weight,0.0010713618069357925
2020-01-31,equal_weight,-0.015430221706674392
2020-02-01,equal_weight,0
2020-02-02,equal_weight,0
2020-02-03,equal_weight,0.006981401544953989
2020-02-04,equal_weight,0.013696902318133839
2020-02-05,equal_weight,0.015400081200637128
2020-02-06,equal_weight,0.013619425057937068
2020-02-07,equal_weight,0.0018146937218487815
2020-02-08,equal_weight,0
2020-02-09,equal_weight,0
2020-02-10,equal_weight,-0.0038274523429438763
2020-02-11,equal_weight,0.0076019365160827053
2020-02-12,equal_weight,0.0099496532434331063
2020-02-13,equal_weight,0.00044873773769116054
2020-02-14,equal_weight,-0.005392096129123526
2020-02-15,equal_weight,0
2020-02-16,equal_weight,0
2020-02-17,equal_weight,0.0028456014447341572
2020-02-18,equal_weight,-0.014920642847882581
2020-02-19,equal_weight,-0.0004480828968538292
2020-02-20,equal_weight,-0.0055132583892936937
2020-02-21,equal_weight,-0.013962335765021903
2020-02-22,equal_weight,0
2020-02-23,equal_weight,0
2020-02-24,equal_weight,-0.034687807245593491
2020-02-25,equal_weight,-0.033074916692731424
2020-02-26,equal_weight,-0.00032184168951641679
2020-02-27,equal_weight,-0.047482791668586585
2020-02-28,equal_weight,-0.024968243478138391
2020-02-29,equal_weight,0
2020-03-01,equal_weight,0
2020-03-02,equal_weight,0.00069998610623712282
2020-03-03,equal_weight,-0.024392283163510286
2020-03-04,equal_weight,0.0078777291432809895
2020-03-05,equal_weight,-0.042052646077176674
2020-03-06,equal_weight,-0.031683297734596341
2020-03-07,equal_weight,0
2020-03-08,equal_weight,0
2020-03-09,equal_weight,-0.12020739409473365
2020-03-10,equal_weight,0.029482705810677901
2020-03-11,equal_weight,-0.015723534633624813
2020-03-12,equal_weight,-0.14765127730755859
2020-03-13,equal_weight,0.064713411089831141
2020-03-14,equal_weight,0
2020-03-15,equal_weight,0
2020-03-16,equal_weight,-0.10894706461521653
2020-03-17,equal_weight,0.038717499505726616
2020-03-18,equal_weight,-0.056305107075128306
2020-03-19,equal_weight,0.010356480063059791
2020-03-20,equal_weight,-0.018059689521031111
2020-03-21,equal_weight,0
2020-03-22,equal_weight,0
2020-03-23,equal_weight,-0.038017708747248857
2020-03-24,equal_weight,0.10987839989874798
2020-03-25,equal_weight,0.048392228600113496
2020-03-26,equal_weight,0.033598327275951204
2020-03-27,equal_weight,-0.037135385242910629
2020-03-28,equal_weight,0
2020-03-29,equal_weight,0
2020-03-30,equal_weight,-0.014600187727449169
2020-03-31,equal_weight,-0.029934987845790077
2020-04-01,equal_weight,-0.063963722557714403
2020-04-02,equal_weight,0.0035619891938816033
2020-04-03,equal_weight,-0.030827658614800038
2020-04-04,equal_weight,0
2020-04-05,equal_weight,0
2020-04-06,equal_weight,0.06756814123428509
2020-04-07,equal_weight,0.03028790684945884
2020-04-08,equal_weight,0.01852480442860845
2020-04-09,equal_weight,0.036736162158513247
2020-04-10,equal_weight,0.0052369715197156273
2020-04-11,equal_weight,0
2020-04-12,equal_weight,0
2020-04-13,equal_weight,-0.012777242934923827
2020-04-14,equal_weight,-0.021282190833172086
2020-04-15,equal_weight,-0.056928266833281171
2020-04-16,equal_weight,-0.022748790641374819
2020-04-17,equal_weight,0.040586493768194114
2020-04-18,equal_weight,0
2020-04-19,equal_weight,0
2020-04-20,equal_weight,-0.0072183040928301065
2020-04-21,equal_weight,-0.04221405264339808
2020-04-22,equal_weight,0.011648182176766147
2020-04-23,equal_weight,0.021012819030138737
2020-04-24,equal_weight,-0.017799074730186319
2020-04-25,equal_weight,0
2020-04-26,equal_weight,0
2020-04-27,equal_weight,0.046208251941383949
2020-04-28,equal_weight,0.037331892079083023
2020-04-29,equal_weight,0.048584393583789701
2020-04-30,equal_weight,-0.044144045473926939
2020-05-01,equal_weight,-0.013109043888994854
2020-05-02,equal_weight,0
2020-05-03,equal_weight,0
2020-05-04,equal_weight,-0.032438338939364764
2020-05-05,equal_weight,0.0059173112414711172
2020-05-06,equal_weight,-0.021262219686453927
2020-05-07,equal_weight,0.017390587502122332
2020-05-08,equal_weight,0.016007074789993882
2020-05-09,equal_weight,0
2020-05-10,equal_weight,0
2020-05-11,equal_weight,-0.019824598482920182
2020-05-12,equal_weight,-0.01542795698152119
2020-05-13,equal_weight,-0.035979017961342931
2020-05-14,equal_weight,0.0052673686266921224
2020-05-15,equal_weight,-0.0088462055871653279
2020-05-16,equal_weight,0
2020-05-17,equal_weight,0
2020-05-18,equal_weight,0.059154276183702531
2020-05-19,equal_weight,-0.0066669684381798862
2020-05-20,equal_weight,0.019266345318428357
2020-05-21,equal_weight,-0.014949263508694969
2020-05-22,equal_weight,-0.0058629257839639074
2020-05-23,equal_weight,0
2020-05-24,equal_weight,0
2020-05-25,equal_weight,0.0059787860567766188
2020-05-26,equal_weight,0.061347144517618316
2020-05-27,equal_weight,0.058902491431799313
2020-05-28,equal_weight,-0.0096282789062138181
2020-05-29,equal_weight,-0.030603570860601288
2020-05-30,equal_weight,0
2020-05-31,equal_weight,0
2020-06-01,equal_weight,0.024253931042855052
2020-06-02,equal_weight,0.026297639563088504
2020-06-03,equal_weight,0.043636197930665817
2020-06-04,equal_weight,0.016485743946809194
2020-06-05,equal_weight,0.061713468665360337
2020-06-06,equal_weight,0
2020-06-07,equal_weight,0
2020-06-08,equal_weight,0.024238203592455512
2020-06-09,equal_weight,-0.033245398401240002
2020-06-10,equal_weight,-0.025734420808696156
2020-06-11,equal_weight,-0.080084170774315691
2020-06-12,equal_weight,0.014363917199116638
2020-06-13,equal_weight,0
2020-06-14,equal_weight,0
2020-06-15,equal_weight,-0.005125072242029044
2020-06-16,equal_weight,0.038125974856654504
2020-06-17,equal_weight,-0.015652330583807834
2020-06-18,equal_weight,-0.011657216611077497
2020-06-19,equal_weight,-0.0097251272560948902
2020-06-20,equal_weight,0
2020-06-21,equal_weight,0
2020-06-22,equal_weight,-0.0084752277022881392
2020-06-23,equal_weight,0.025355505919502298
2020-06-24,equal_weight,-0.034716257644654136
2020-06-25,equal_weight,0.015492925802213885
2020-06-26,equal_weight,-0.030771012269431557
2020-06-27,equal_weight,0
2020-06-28,equal_weight,0
2020-06-29,equal_weight,0.019355087604666681
2020-06-30,equal_weight,0.0027931264791621301
2020-07-01,equal_weight,-0.012047654414787601
2020-07-02,equal_weight,0.030060171099814823
2020-07-03,equal_weight,-0.0086170410848094604
2020-07-04,equal_weight,0
2020-07-05,equal_weight,0
2020-07-06,equal_weight,0.031488581973461903
2020-07-07,equal_weight,-0.017084269833110195
2020-07-08,equal_weight,-0.0090740799307268138
2020-07-09,equal_weight,-0.018677284868014826
2020-07-10,equal_weight,0.029791851997389956
2020-07-11,equal_weight,0
2020-07-12,equal_weight,0
2020-07-13,equal_weight,0.012826440687506803
2020-07-14,equal_weight,-0.003764011298391472
2020-07-15,equal_weight,0.020111202790225071
2020-07-16,equal_weight,0.0031278191187576751
2020-07-17,equal_weight,-0.01636128871081876
2020-07-18,equal_weight,0
2020-07-19,equal_weight,0
2020-07-20,equal_weight,5.5671139059551617e-05
2020-07-21,equal_weight,0.014683604946853189
2020-07-22,equal_weight,-0.0063484308942923619
2020-07-23,equal_weight,-0.0074240392705158982
2020-07-24,equal_weight,-0.0064367067448298735
2020-07-25,equal_weight,0
2020-07-26,equal_weight,0
2020-07-27,equal_weight,-0.010861432287626498
2020-07-28,equal_weight,0.0052933816151405294
2020-07-29,equal_weight,-0.0064314509792939532
2020-07-30,equal_weight,-0.036680642514403561
2020-07-31,equal_weight,-0.0048071806592331449
2020-08-01,equal_weight,0
2020-08-02,equal_weight,0
2020-08-03,equal_weight,0.010360665925019523
2020-08-04,equal_weight,0.012008717882099283
2020-08-05,equal_weight,0.0084800954132920169
2020-08-06,equal_weight,-0.0021277709550276804
2020-08-07,equal_weight,0.0044112128998420605
2020-08-08,equal_weight,0
2020-08-09,equal_weight,0
2020-08-10,equal_weight,0.0094969872071810693
2020-08-11,equal_weight,0.032588050288619871
2020-08-12,equal_weight,0.0038378498854824451
2020-08-13,equal_weight,-0.015453746903929363
2020-08-14,equal_weight,-0.00058620418092978765
2020-08-15,equal_weight,0
2020-08-16,equal_weight,0
2020-08-17,equal_weight,-0.012497299248809818
2020-08-18,equal_weight,-0.011388983998547479
2020-08-19,equal_weight,0.017334142788898957
2020-08-20,equal_weight,-0.026553244867805949
2020-08-21,equal_weight,-0.0024685103131098247
2020-08-22,equal_weight,0
2020-08-23,equal_weight,0
2020-08-24,equal_weight,0.021341223385162058
2020-08-25,equal_weight,0.00070024766011706852
2020-08-26,equal_weight,0.005454780282930039
2020-08-27,equal_weight,0.00059610392603559202
2020-08-28,equal_weight,0.01153617315484398
2020-08-29,equal_weight,0
2020-08-30,equal_weight,0
2020-08-31,equal_weight,-0.011837470551454373
2020-09-01,equal_weight,-0.010828096328669235
2020-09-02,equal_weight,-0.0013634045649770178
2020-09-03,equal_weight,-0.0044638880761356161
2020-09-04,equal_weight,0.019768151686509645
2020-09-05,equal_weight,0
2020-09-06,equal_weight,0
2020-09-07,equal_weight,0.00049984630562386007
2020-09-08,equal_weight,-0.028368642427579849
2020-09-09,equal_weight,0.00343376293623397
2020-09-10,equal_weight,-0.00066683864661750639
2020-09-11,equal_weight,-0.0099543696659111849
2020-09-12,equal_weight,0
2020-09-13,equal_weight,0
2020-09-14,equal_weight,0.010411617804155735
2020-09-15,equal_weight,-0.013869435538791559
2020-09-16,equal_weight,0.0072525059488389599
2020-09-17,equal_weight,-0.014601563806787248
2020-09-18,equal_weight,-0.016481291404174751
2020-09-19,equal_weight,0
2020-09-20,equal_weight,0
2020-09-21,equal_weight,-0.047803492671070279
2020-09-22,equal_weight,-0.010084334454854514
2020-09-23,equal_weight,-0.01599242214278479
2020-09-24,equal_weight,0.001374050921172153
2020-09-25,equal_weight,-0.0051528038872696563
2020-09-26,equal_weight,0
2020-09-27,equal_weight,0
2020-09-28,equal_weight,0.042894419386495457
2020-09-29,equal_weight,-0.015733875949256501
2020-09-30,equal_weight,0.010202714753906597
2020-10-01,equal_weight,-0.0015826931544888577
2020-10-02,equal_weight,0.0085585956422096592
2020-10-03,equal_weight,0
2020-10-04,equal_weight,0
2020-10-05,equal_weight,0.017719284867987385
2020-10-06,equal_weight,0.026246641796611458
2020-10-07,equal_weight,0.0014487008149598824
2020-10-08,equal_weight,0.013611334944928069
2020-10-09,equal_weight,-0.0067732897924124144
2020-10-10,equal_weight,0
2020-10-11,equal_weight,0
2020-10-12,equal_weight,0.0079704829472304044
2020-10-13,equal_weight,-0.026358228630327867
2020-10-14,equal_weight,-0.014690975178216079
2020-10-15,equal_weight,-0.0055176418495497623
2020-10-16,equal_weight,0.0081979604243605994
2020-10-17,equal_weight,0
2020-10-18,equal_weight,0
2020-10-19,equal_weight,0.00517616004328811
2020-10-20,equal_weight,0.014820027300172674
2020-10-21,equal_weight,-0.0093811068385305403
2020-10-22,equal_weight,0.018515152047489644
2020-10-23,equal_weight,0.017139704709699031
2020-10-24,equal_weight,0
2020-10-25,equal_weight,0
2020-10-26,equal_weight,-0.0149014995739408
2020-10-27,equal_weight,-0.027994458854674314
2020-10-28,equal_weight,-0.030695904385933746
2020-10-29,equal_weight,-0.0018695916464560548
2020-10-30,equal_weight,0.010889109032225217
2020-10-31,equal_weight,0
2020-11-01,equal_weight,0
2020-11-02,equal_weight,0.023568551442358719
2020-11-03,equal_weight,0.037166999327022839
2020-11-04,equal_weight,-0.010748905433978962
2020-11-05,equal_weight,0.0078634611547785602
2020-11-06,equal_weight,-0.0035461763250681402
2020-11-07,equal_weight,0
2020-11-08,equal_weight,0
2020-11-09,equal_weight,0.11264473513676726
2020-11-10,equal_weight,0.025313366186842646
2020-11-11,equal_weight,0.0048259694292243915
2020-11-12,equal_weight,-0.017872752706817468
2020-11-13,equal_weight,0.011338377866195513
2020-11-14,equal_weight,0
2020-11-15,equal_weight,0
2020-11-16,equal_weight,0.036145802465381058
2020-11-17,equal_weight,0.0034574975020313188
2020-11-18,equal_weight,0.0042285963958643849
2020-11-19,equal_weight,-0.0036911932775515743
2020-11-20,equal_weight,-0.0023957192959186972
2020-11-21,equal_weight,0
2020-11-22,equal_weight,0
2020-11-23,equal_weight,0.02256172832437971
2020-11-24,equal_weight,0.047017136366924749
2020-11-25,equal_weight,-0.0048532669233672674
2020-11-26,equal_weight,-0.0061288902012288848
2020-11-27,equal_weight,0.0032240270267915308
2020-11-28,equal_weight,0
2020-11-29,equal_weight,0
2020-11-30,equal_weight,-0.027618354179475113
2020-12-01,equal_weight,0.024678388694186256
2020-12-02,equal_weight,0.021180744349291417
2020-12-03,equal_weight,0.0041244435397254867
2020-12-04,equal_weight,0.01532514842801286
2020-12-05,equal_weight,0
2020-12-06,equal_weight,0
2020-12-07,equal_weight,-0.017741709749625367
2020-12-08,equal_weight,-0.0054231098204963234
2020-12-09,equal_weight,0.0031120376983687372
2020-12-10,equal_weight,-0.013123437414942154
2020-12-11,equal_weight,-0.015881757998543959
2020-12-12,equal_weight,0
2020-12-13,equal_weight,0
2020-12-14,equal_weight,0.0048630885718518591
2020-12-15,equal_weight,0.017446500359645616
2020-12-16,equal_weight,-0.0015557025736422725
2020-12-17,equal_weight,0.0020828501214226764
2020-12-18,equal_weight,-0.0073866628704156332
2020-12-19,equal_weight,0
2020-12-20,equal_weight,0
2020-12-21,equal_weight,-0.015060882392909865
2020-12-22,equal_weight,0.0061599790783362614
2020-12-23,equal_weight,0.024086095868927196
2020-12-24,equal_weight,0.0054755574492392428
2020-12-25,equal_weight,0.00032746368465463882
2020-12-26,equal_weight,0
2020-12-27,equal_weight,0
2020-12-28,equal_weight,0.0025348196266341706
2020-12-29,equal_weight,-0.010086453878898149
2020-12-30,equal_weight,0.0014920882038236066
2020-12-31,equal_weight,0.0049853774052909536
2021-01-01,equal_weight,-0.0037011823226203873
2021-01-02,equal_weight,0
2021-01-03,equal_weight,0
2021-01-04,equal_weight,-0.0063336426794926067
2021-01-05,equal_weight,0.0034331924169605961
2021-01-06,equal_weight,0.061393918652517469
2021-01-07,equal_weight,0.017247612096434467
2021-01-08,equal_weight,-0.01176528699232884
2021-01-09,equal_weight,0
2021-01-10,equal_weight,0
2021-01-11,equal_weight,-0.0044553396013792311
2021-01-12,equal_weight,0.008563158716124418
2021-01-13,equal_weight,-0.0032547560570532256
2021-01-14,equal_weight,0.0059958974845608299
2021-01-15,equal_weight,-0.022332986577863478
2021-01-16,equal_weight,0
2021-01-17,equal_weight,0
2021-01-18,equal_weight,-0.00054510457664825186
2021-01-19,equal_weight,-0.010073899121956345
2021-01-20,equal_weight,-0.00094414205952385571
2021-01-21,equal_weight,-0.0063139329232004384
2021-01-22,equal_weight,-0.010338718448512965
2021-01-23,equal_weight,0
2021-01-24,equal_weight,0
2021-01-25,equal_weight,-0.025292102637700525
2021-01-26,equal_weight,0.0060030619142726798
2021-01-27,equal_weight,-0.026243044325774689
2021-01-28,equal_weight,0.012863170369770627
2021-01-29,equal_weight,-0.023434482560708708
2021-01-30,equal_weight,0
2021-01-31,equal_weight,0
2021-02-01,equal_weight,0.0087192285420269137
2021-02-02,equal_weight,0.025209634616406927
2021-02-03,equal_weight,0.011412944983812935
2021-02-04,equal_weight,0.023619826135761624
2021-02-05,equal_weight,0.0077215344051785742
2021-02-06,equal_weight,0
2021-02-07,equal_weight,0
2021-02-08,equal_weight,0.01973396610810851
2021-02-09,equal_weight,-0.0032571195186899839
2021-02-10,equal_weight,0.010078874138607016
2021-02-11,equal_weight,-0.0074224561301531496
2021-02-12,equal_weight,0.010665704800544728
2021-02-13,equal_weight,0
2021-02-14,equal_weight,0
2021-02-15,equal_weight,0.023495179374898961
2021-02-16,equal_weight,0.01648388513923104
2021-02-17,equal_weight,-0.0022784152016500255
2021-02-18,equal_weight,-0.017268845496727424
2021-02-19,equal_weight,0.02533822334559211
2021-02-20,equal_weight,0
2021-02-21,equal_weight,0
2021-02-22,equal_weight,0.0081328127180329505
2021-02-23,equal_weight,0.012222438489798993
2021-02-24,equal_weight,0.016852253557940088
2021-02-25,equal_weight,-0.001660628511178303
2021-02-26,equal_weight,-0.026398093503145398
2021-02-27,equal_weight,0
2021-02-28,equal_weight,0
2021-03-01,equal_weight,0.014812062851708904
2021-03-02,equal_weight,2.3796388077494026e-05
2021-03-03,equal_weight,0.022899086796611397
2021-03-04,equal_weight,-0.012163715683974941
2021-03-05,equal_weight,0.0055260547476991993
2021-03-06,equal_weight,0
2021-03-07,equal_weight,0
2021-03-08,equal_weight,0.026590581232732297
2021-03-09,equal_weight,-0.016386467623654068
2021-03-10,equal_weight,0.0077132226073775619
2021-03-11,equal_weight,-0.0080819193804904221
2021-03-12,equal_weight,0.018900446200248285
2021-03-13,equal_weight,0
2021-03-14,equal_weight,0
2021-03-15,equal_weight,-0.010017848455836488
2021-03-16,equal_weight,-0.0045818487249353057
2021-03-17,equal_weight,0.0088186279220596551
2021-03-18,equal_weight,0.025486034895159569
2021-03-19,equal_weight,-0.020478616236470612
2021-03-20,equal_weight,0
2021-03-21,equal_weight,0
2021-03-22,equal_weight,-0.016635965910282345
2021-03-23,equal_weight,-0.0060595851277157643
2021-03-24,equal_weight,-0.0027815763816867638
2021-03-25,equal_weight,0.0022610615829258547
2021-03-26,equal_weight,0.0093603247373774193
2021-03-27,equal_weight,0
2021-03-28,equal_weight,0
2021-03-29,equal_weight,-0.014656328672969562
2021-03-30,equal_weight,0.023540140041738648
2021-03-31,equal_weight,-0.015621429403596593
2021-04-01,equal_weight,0.0043268690680330294
2021-04-02,equal_weight,0.0017071524965380869
2021-04-03,equal_weight,0
2021-04-04,equal_weight,0
2021-04-05,equal_weight,0.0020798245561992547
2021-04-06,equal_weight,0.0046661692629039707
2021-04-07,equal_weight,0.0053386718542817986
2021-04-08,equal_weight,-0.0060498475600695564
2021-04-09,equal_weight,-0.001146251968842588
2021-04-10,equal_weight,0
2021-04-11,equal_weight,0
2021-04-12,equal_weight,0.0023945634890511725
2021-04-13,equal_weight,-0.0078720625940126195
2021-04-14,equal_weight,0.010049122633908112
2021-04-15,equal_weight,-0.0089568187676810594
2021-04-16,equal_weight,0.012875121068814468
2021-04-17,equal_weight,0
2021-04-18,equal_weight,0
2021-04-19,equal_weight,0.0053793466554586094
2021-04-20,equal_weight,-0.028154121928776102
2021-04-21,equal_weight,-0.0025877593839908519
2021-04-22,equal_weight,-0.0015656991602827101
2021-04-23,equal_weight,0.0079832963300898729
2021-04-24,equal_weight,0
2021-04-25,equal_weight,0
2021-04-26,equal_weight,0.018507102604952908
2021-04-27,equal_weight,0.01306627876105023
2021-04-28,equal_weight,0.016325195512459895
2021-04-29,equal_weight,0.015810649025903727
2021-04-30,equal_weight,-0.0091531722328697315
2021-05-01,equal_weight,0
2021-05-02,equal_weight,0
2021-05-03,equal_weight,-0.0029628296876400726
2021-05-04,equal_weight,-0.0034449218916009824
2021-05-05,equal_weight,0.016385211322973776
2021-05-06,equal_weight,0.014084452564209142
2021-05-07,equal_weight,0.0053449236345763651
2021-05-08,equal_weight,0
2021-05-09,equal_weight,0
2021-05-10,equal_weight,0.015779132657570499
2021-05-11,equal_weight,-0.016222893599872307
2021-05-12,equal_weight,0.0055899124988371953
2021-05-13,equal_weight,-0.00033814848917703615
2021-05-14,equal_weight,0.01687563476679203
2021-05-15,equal_weight,0
2021-05-16,equal_weight,0
2021-05-17,equal_weight,0.0039198899892600465
2021-05-18,equal_weight,0.0025137389446649987
2021-05-19,equal_weight,-0.008868583443397025
2021-05-20,equal_weight,-0.00017862732524248246
2021-05-21,equal_weight,0.011758332000564338
2021-05-22,equal_weight,0
2021-05-23,equal_weight,0
2021-05-24,equal_weight,0.0024715161236533848
2021-05-25,equal_weight,0.0011574092886039093
2021-05-26,equal_weight,-0.0061703542154902466
2021-05-27,equal_weight,0.013939403425948519
2021-05-28,equal_weight,0.0051911869532515337
2021-05-29,equal_weight,0
2021-05-30,equal_weight,0
2021-05-31,equal_weight,-0.0037477795670724833
2021-06-01,equal_weight,0.012447313809548922
2021-06-02,equal_weight,0.0018043628727279187
2021-06-03,equal_weight,0.0031849427755169732
2021-06-04,equal_weight,-0.01051510532029562
2021-06-05,equal_weight,0
2021-06-06,equal_weight,0
2021-06-07,equal_weight,0.005783610425626382
2021-06-08,equal_weight,-0.006160126525856323
2021-06-09,equal_weight,-0.012555209152992663
2021-06-10,equal_weight,-0.005815295917720318
2021-06-11,equal_weight,0.00086255908202719118
2021-06-12,equal_weight,0
2021-06-13,equal_weight,0
2021-06-14,equal_weight,-0.0083232850470591323
2021-06-15,equal_weight,-0.00048979801241113684
2021-06-16,equal_weight,-0.0077837805756865537
2021-06-17,equal_weight,-0.015750388852272115
2021-06-18,equal_weight,-0.032464578865572906
2021-06-19,equal_weight,0
2021-06-20,equal_weight,0
2021-06-21,equal_weight,0.0055539827088261547
2021-06-22,equal_weight,0.0043221139208206782
2021-06-23,equal_weight,0.00027393594196923276
2021-06-24,equal_weight,0.013817292727455462
2021-06-25,equal_weight,0.00750942164528293
2021-06-26,equal_weight,0
2021-06-27,equal_weight,0
2021-06-28,equal_weight,-0.013763925586372197
2021-06-29,equal_weight,0.00025104627622809513
2021-06-30,equal_weight,-0.0045519937521870312
2021-07-01,equal_weight,0.010120356079607063
2021-07-02,equal_weight,-0.01244832609471864
2021-07-03,equal_weight,0
2021-07-04,equal_weight,0
2021-07-05,equal_weight,0.011808251893817874
2021-07-06,equal_weight,-0.023372051568980149
2021-07-07,equal_weight,-0.0080273538266223844
2021-07-08,equal_weight,-0.025467210741818878
2021-07-09,equal_weight,0.027671503768554748
2021-07-10,equal_weight,0
2021-07-11,equal_weight,0
2021-07-12,equal_weight,0.010235184196647269
2021-07-13,equal_weight,-0.011896981081490534
2021-07-14,equal_weight,-0.0026107941021578452
2021-07-15,equal_weight,0.0023736633046957121
2021-07-16,equal_weight,-0.019139164020109716
2021-07-17,equal_weight,0
2021-07-18,equal_weight,0
2021-07-19,equal_weight,-0.034108772831624584
2021-07-20,equal_weight,0.015385052669591972
2021-07-21,equal_weight,0.024780998500211329
2021-07-22,equal_weight,-0.0057277647131869164
2021-07-23,equal_weight,0.0070918007890813425
2021-07-24,equal_weight,0
2021-07-25,equal_weight,0
2021-07-26,equal_weight,0.012506756779523193
2021-07-27,equal_weight,-0.0016683062383716734
2021-07-28,equal_weight,-0.00047618836153046458
2021-07-29,equal_weight,0.013824338090714854
2021-07-30,equal_weight,-0.0051485730215655758
2021-07-31,equal_weight,0
2021-08-01,equal_weight,0
2021-08-02,equal_weight,-0.0011741340277850833
2021-08-03,equal_weight,0.010971740262057621
2021-08-04,equal_weight,0.00074817323897265696
2021-08-05,equal_weight,0.0065523977517740438
2021-08-06,equal_weight,0.021639563883704124
2021-08-07,equal_weight,0
2021-08-08,equal_weight,0
2021-08-09,equal_weight,0.00044588121908564516
2021-08-10,equal_weight,0.0051492571146068778
2021-08-11,equal_weight,0.012070476207454817
2021-08-12,equal_weight,-0.0006591162553872135
2021-08-13,equal_weight,-0.0040428731716259624
2021-08-14,equal_weight,0
2021-08-15,equal_weight,0
2021-08-16,equal_weight,-0.0088950216517155491
2021-08-17,equal_weight,-0.012248193933377522
2021-08-18,equal_weight,-0.0039576320157966166
2021-08-19,equal_weight,-0.020034190194820129
2021-08-20,equal_weight,0.00010174018418163981
2021-08-21,equal_weight,0
2021-08-22,equal_weight,0
2021-08-23,equal_weight,0.0084260328680252905
2021-08-24,equal_weight,0.0082492071313313656
2021-08-25,equal_weight,0.017573980065363495
2021-08-26,equal_weight,-0.0046357360952277212
2021-08-27,equal_weight,0.0023468728527109299
2021-08-28,equal_weight,0
2021-08-29,equal_weight,0
2021-08-30,equal_weight,-0.0063088287087821613
2021-08-31,equal_weight,-0.001778071725550424
2021-09-01,equal_weight,0.0026772773015861714
2021-09-02,equal_weight,0.0028938374149478753
2021-09-03,equal_weight,-0.0022983097734436092
2021-09-04,equal_weight,0
2021-09-05,equal_weight,0
2021-09-06,equal_weight,0.0061073519680982713
2021-09-07,equal_weight,0.00084208035944056481
2021-09-08,equal_weight,-0.012772084406359923
2021-09-09,equal_weight,-0.0019621707917834071
2021-09-10,equal_weight,-0.0026420909980188665
2021-09-11,equal_weight,0
2021-09-12,equal_weight,0
2021-09-13,equal_weight,0.016304630209711651
2021-09-14,equal_weight,-0.011655868064069232
2021-09-15,equal_weight,0.0019429141443616628
2021-09-16,equal_weight,0.0046521150492670376
2021-09-17,equal_weight,-0.0058580878761161654
2021-09-18,equal_weight,0
2021-09-19,equal_weight,0
2021-09-20,equal_weight,-0.043680038717260672
2021-09-21,equal_weight,-0.0011685544896435543
2021-09-22,equal_weight,0.026231880359583747
2021-09-23,equal_weight,0.018949611340961917
2021-09-24,equal_weight,0.0093927474129629884
2021-09-25,equal_weight,0
2021-09-26,equal_weight,0
2021-09-27,equal_weight,0.022399576552106025
2021-09-28,equal_weight,-0.012769472326053476
2021-09-29,equal_weight,0.0058200514786102414
2021-09-30,equal_weight,-0.011771308112542329
2021-10-01,equal_weight,-0.0038789306763412522
2021-10-02,equal_weight,0
2021-10-03,equal_weight,0
2021-10-04,equal_weight,-0.0011030694177963896
2021-10-05,equal_weight,0.029474390849814593
2021-10-06,equal_weight,-1.4065011542532805e-05
2021-10-07,equal_weight,0.010832124714113264
2021-10-08,equal_weight,0.0053329275543293432
2021-10-09,equal_weight,0
2021-10-10,equal_weight,0
2021-10-11,equal_weight,0.0017623049854261898
2021-10-12,equal_weight,-0.0029191067895793887
2021-10-13,equal_weight,-0.017677520737128145
2021-10-14,equal_weight,0.0098391233377257362
2021-10-15,equal_weight,0.017411420037801984
2021-10-16,equal_weight,0
2021-10-17,equal_weight,0
2021-10-18,equal_weight,0.0044283904125554151
2021-10-19,equal_weight,0.0031178517325313208
2021-10-20,equal_weight,0.0041234389564686067
2021-10-21,equal_weight,-0.0049441546377984227
2021-10-22,equal_weight,0.0046672302061794265
2021-10-23,equal_weight,0
2021-10-24,equal_weight,0
2021-10-25,equal_weight,0.0031737060969319521
2021-10-26,equal_weight,0.0042972368350507745
2021-10-27,equal_weight,-0.014705982325087465
2021-10-28,equal_weight,0.0016882190479464217
2021-10-29,equal_weight,0.0074265820320969433
2021-10-30,equal_weight,0
2021-10-31,equal_weight,0
2021-11-01,equal_weight,0.0066614460118957653
2021-11-02,equal_weight,-0.0040887497653863186
2021-11-03,equal_weight,0.0012373323327796674
2021-11-04,equal_weight,-0.016183123717252251
2021-11-05,equal_weight,0.00059642599863492013
2021-11-06,equal_weight,0
2021-11-07,equal_weight,0
2021-11-08,equal_weight,0.0016738895170542326
2021-11-09,equal_weight,-0.0083534871025235206
2021-11-10,equal_weight,0.0063149224663134719
2021-11-11,equal_weight,0.00073665947820111051
2021-11-12,equal_weight,-0.0037176128942373213
2021-11-13,equal_weight,0
2021-11-14,equal_weight,0
2021-11-15,equal_weight,0.0058404667993741128
2021-11-16,equal_weight,-0.0057973759852428123
2021-11-17,equal_weight,-0.0069924292265510389
2021-11-18,equal_weight,-0.006891432433996896
2021-11-19,equal_weight,-0.019529687496815436
2021-11-20,equal_weight,0
2021-11-21,equal_weight,0
2021-11-22,equal_weight,0.0088471480699710905
2021-11-23,equal_weight,0.0051250759407638763
2021-11-24,equal_weight,-0.00062457620349647765
2021-11-25,equal_weight,-0.00024081423777721377
2021-11-26,equal_weight,-0.056554750392637701
2021-11-27,equal_weight,0
2021-11-28,equal_weight,0
2021-11-29,equal_weight,0.0039235445362082446
2021-11-30,equal_weight,-0.0084764153401446652
2021-12-01,equal_weight,0.01453581402992706
2021-12-02,equal_weight,0.0073799360663480331
2021-12-03,equal_weight,-0.0068137432764227412
2021-12-04,equal_weight,0
2021-12-05,equal_weight,0
2021-12-06,equal_weight,0.014070787250189853
2021-12-07,equal_weight,0.01491826942015218
2021-12-08,equal_weight,-0.0062464313291859331
2021-12-09,equal_weight,0.00014997909010421804
2021-12-10,equal_weight,-0.0068754142155599491
2021-12-11,equal_weight,0
2021-12-12,equal_weight,0
2021-12-13,equal_weight,-0.012442370253911275
2021-12-14,equal_weight,0.008884217154596287
2021-12-15,equal_weight,-0.0073096811467973201
2021-12-16,equal_weight,0.021576300798914459
2021-12-17,equal_weight,-0.014902163486497512
2021-12-18,equal_weight,0
2021-12-19,equal_weight,0
2021-12-20,equal_weight,-0.019844670706697046
2021-12-21,equal_weight,0.023908755071554638
2021-12-22,equal_weight,0.0046641110189229789
2021-12-23,equal_weight,0.01289872731411864
2021-12-24,equal_weight,0.00015693461846407055
2021-12-25,equal_weight,0
2021-12-26,equal_weight,0
2021-12-27,equal_weight,0.0049948058097133916
2021-12-28,equal_weight,0.0029855787512183319
2021-12-29,equal_weight,-0.0011047919099619176
2021-12-30,equal_weight,0.00081671876235009681
2021-12-31,equal_weight,-0.0028356013685749463
2022-01-01,equal_weight,0
2022-01-02,equal_weight,0
2022-01-03,equal_weight,0.019599077285378474
2022-01-04,equal_weight,0.030019520770836739
2022-01-05,equal_weight,-0.00015593985599665514
2022-01-06,equal_weight,0.017497531245775386
2022-01-07,equal_weight,0.014310647493566343
2022-01-08,equal_weight,0
2022-01-09,equal_weight,0
2022-01-10,equal_weight,0.0041649626581989306
2022-01-11,equal_weight,0.0029255737626197324
2022-01-12,equal_weight,0.0055034074824003073
2022-01-13,equal_weight,0.014028792328368357
2022-01-14,equal_weight,-0.0042516217430454096
2022-01-15,equal_weight,0
2022-01-16,equal_weight,0
2022-01-17,equal_weight,-0.00017821277890145434
2022-01-18,equal_weight,-0.017590930610840012
2022-01-19,equal_weight,-0.017043118716983153
2022-01-20,equal_weight,-0.0027570292475675496
2022-01-21,equal_weight,-0.017938442109627178
2022-01-22,equal_weight,0
2022-01-23,equal_weight,0
2022-01-24,equal_weight,-0.023108316396255515
2022-01-25,equal_weight,0.016914705151994929
2022-01-26,equal_weight,0.019394928406865259
2022-01-27,equal_weight,0.0031340071888186672
2022-01-28,equal_weight,-0.0085687142947934777
2022-01-29,equal_weight,0
2022-01-30,equal_weight,0
2022-01-31,equal_weight,0.0031523239680355058
2022-02-01,equal_weight,0.026384879962042102
2022-02-02,equal_weight,0.012154836080321262
2022-02-03,equal_weight,0.0050047663030352244
2022-02-04,equal_weight,0.0084057271305067825
2022-02-05,equal_weight,0
2022-02-06,equal_weight,0
2022-02-07,equal_weight,0.011723859196668823
2022-02-08,equal_weight,0.01582423204942305
2022-02-09,equal_weight,0.0062631945987743475
2022-02-10,equal_weight,0.0027863094498643218
2022-02-11,equal_weight,-0.011421813307606499
2022-02-12,equal_weight,0
2022-02-13,equal_weight,0
2022-02-14,equal_weight,-0.027466583451646546
2022-02-15,equal_weight,0.00920523179319707
2022-02-16,equal_weight,-0.0055819614463547629
2022-02-17,equal_weight,-0.015767066016307438
2022-02-18,equal_weight,-0.0024943778059575298
2022-02-19,equal_weight,0
2022-02-20,equal_weight,0
2022-02-21,equal_weight,-0.0087518977232245391
2022-02-22,equal_weight,-0.0031658042727453276
2022-02-23,equal_weight,-0.0095816713655556187
2022-02-24,equal_weight,-0.065921117034396168
2022-02-25,equal_weight,0.028306997848316837
2022-02-26,equal_weight,0
2022-02-27,equal_weight,0
2022-02-28,equal_weight,-0.042502867768612708
2022-03-01,equal_weight,-0.051958302122642935
2022-03-02,equal_weight,0.01371744710327219
2022-03-03,equal_weight,-0.014315367507401307
2022-03-04,equal_weight,-0.060861906698245802
2022-03-05,equal_weight,0
2022-03-06,equal_weight,0
2022-03-07,equal_weight,-0.046778840205867978
2022-03-08,equal_weight,0.010135147005519598
2022-03-09,equal_weight,0.063308849764851863
2022-03-10,equal_weight,-0.012474945847678377
2022-03-11,equal_weight,-0.0056179375143475159
2022-03-12,equal_weight,0
2022-03-13,equal_weight,0
2022-03-14,equal_weight,0.022976340299667393
2022-03-15,equal_weight,1.5114475496875487e-05
2022-03-16,equal_weight,0.047051311421666318
2022-03-17,equal_weight,-0.0025548834427611463
2022-03-18,equal_weight,0.005445342734191041
2022-03-19,equal_weight,0
2022-03-20,equal_weight,0
2022-03-21,equal_weight,-0.0056156910072805146
2022-03-22,equal_weight,0.023923344743977178
2022-03-23,equal_weight,-0.016544607409246549
2022-03-24,equal_weight,-0.0055043011169524751
2022-03-25,equal_weight,-7.1276636942963372e-06
2022-03-26,equal_weight,0
2022-03-27,equal_weight,0
2022-03-28,equal_weight,-0.0035465134549768308
2022-03-29,equal_weight,0.025496137779569567
2022-03-30,equal_weight,-0.016497729792376202
2022-03-31,equal_weight,-0.020524500675935291
2022-04-01,equal_weight,0.0017011074604832204
2022-04-02,equal_weight,0
2022-04-03,equal_weight,0
2022-04-04,equal_weight,-0.003807740624072417
2022-04-05,equal_weight,-0.01748141720467597
2022-04-06,equal_weight,-0.022724095999095396
2022-04-07,equal_weight,-0.0076786502865951968
2022-04-08,equal_weight,0.01601905256161679
2022-04-09,equal_weight,0
2022-04-10,equal_weight,0
2022-04-11,equal_weight,0.007038766402201445
2022-04-12,equal_weight,-0.019417572403956012
2022-04-13,equal_weight,-0.0021382114282228071
2022-04-14,equal_weight,0.0087209367689633378
2022-04-15,equal_weight,-0.0037714111039983665
2022-04-16,equal_weight,0
2022-04-17,equal_weight,0
2022-04-18,equal_weight,0.005481906467843546
2022-04-19,equal_weight,0.0075493266965957805
2022-04-20,equal_weight,0.015355158354032675
2022-04-21,equal_weight,0.0040461405569288417
2022-04-22,equal_weight,-0.023442206871342307
2022-04-23,equal_weight,0
2022-04-24,equal_weight,0
2022-04-25,equal_weight,-0.023700788080464497
2022-04-26,equal_weight,-0.026194142049270577
2022-04-27,equal_weight,-0.0064890990836464577
2022-04-28,equal_weight,0.0092852975681822058
2022-04-29,equal_weight,-0.0079176166866850445
2022-04-30,equal_weight,0
2022-05-01,equal_weight,0
2022-05-02,equal_weight,-0.0036673424317414361
2022-05-03,equal_weight,0.018117194153375538
2022-05-04,equal_weight,0.0053563463577140915
2022-05-05,equal_weight,-0.012352592318664537
2022-05-06,equal_weight,-0.013834526503395743
2022-05-07,equal_weight,0
2022-05-08,equal_weight,0
2022-05-09,equal_weight,-0.021614811620432141
2022-05-10,equal_weight,0.0041770091557759475
2022-05-11,equal_weight,0.0075490936100441851
2022-05-12,equal_weight,-0.0065478282016847829
2022-05-13,equal_weight,0.0091007601066753936
2022-05-14,equal_weight,0
2022-05-15,equal_weight,0
2022-05-16,equal_weight,-0.00045762593021729119
2022-05-17,equal_weight,0.026227714010373961
2022-05-18,equal_weight,-0.00099129271676571228
2022-05-19,equal_weight,-0.0079514740272970674
2022-05-20,equal_weight,0.0060804088199753912
2022-05-21,equal_weight,0
2022-05-22,equal_weight,0
2022-05-23,equal_weight,0.03734976489838765
2022-05-24,equal_weight,0.0077429828570865404
2022-05-25,equal_weight,0.012542218101512924
2022-05-26,equal_weight,0.018069380006775982
2022-05-27,equal_weight,0.0093986292832144644
2022-05-28,equal_weight,0
2022-05-29,equal_weight,0
2022-05-30,equal_weight,0.005206772595164169
2022-05-31,equal_weight,-0.0025803606569308048
2022-06-01,equal_weight,-0.010077375214501067
2022-06-02,equal_weight,-0.0034910830729532613
2022-06-03,equal_weight,-0.00033638356352286237
2022-06-04,equal_weight,0
2022-06-05,equal_weight,0
2022-06-06,equal_weight,0.0084742427216271728
2022-06-07,equal_weight,-0.0046046771557121564
2022-06-08,equal_weight,-0.010703147818972579
2022-06-09,equal_weight,-0.022722748578489962
2022-06-10,equal_weight,-0.050261834053776433
2022-06-11,equal_weight,0
2022-06-12,equal_weight,0
2022-06-13,equal_weight,-0.032884714777502204
2022-06-14,equal_weight,-0.00023760735927938419
2022-06-15,equal_weight,0.019152690050781525
2022-06-16,equal_weight,-0.020200682018600431
2022-06-17,equal_weight,0.011351528492262491
2022-06-18,equal_weight,0
2022-06-19,equal_weight,0
2022-06-20,equal_weight,0.011802487673396929
2022-06-21,equal_weight,0.014564433975322508
2022-06-22,equal_weight,-0.0025077381119633559
2022-06-23,equal_weight,-0.029676688120120271
2022-06-24,equal_weight,0.02618156662219099
2022-06-25,equal_weight,0
2022-06-26,equal_weight,0
2022-06-27,equal_weight,0.0010621311732175514
2022-06-28,equal_weight,0.0022658239322577078
2022-06-29,equal_weight,-0.013521018558665752
2022-06-30,equal_weight,-0.028890617056027645
2022-07-01,equal_weight,0.0020225375500010126
2022-07-02,equal_weight,0
2022-07-03,equal_weight,0
2022-07-04,equal_weight,-0.00010567283183706834
2022-07-05,equal_weight,-0.023867044927640062
2022-07-06,equal_weight,-0.019181953974452742
2022-07-07,equal_weight,0.022313185101362241
2022-07-08,equal_weight,0.008465588886789983
2022-07-09,equal_weight,0
2022-07-10,equal_weight,0
2022-07-11,equal_weight,-0.012588518827216965
2022-07-12,equal_weight,-0.011727861417197021
2022-07-13,equal_weight,-0.012900468603975607
2022-07-14,equal_weight,-0.030839335564286308
2022-07-15,equal_weight,0.026826882236810779
2022-07-16,equal_weight,0
2022-07-17,equal_weight,0
2022-07-18,equal_weight,0.018408678643467975
2022-07-19,equal_weight,0.037321813338766947
2022-07-20,equal_weight,0.00048799805603285133
2022-07-21,equal_weight,0.0003735248900700652
2022-07-22,equal_weight,-0.0081695581036195456
2022-07-23,equal_weight,0
2022-07-24,equal_weight,0
2022-07-25,equal_weight,0.012492696642921091
2022-07-26,equal_weight,-0.013324351081527712
2022-07-27,equal_weight,0.010516868418541549
2022-07-28,equal_weight,0.0017825587354272331
2022-07-29,equal_weight,0.021169689054389967
2022-07-30,equal_weight,0
2022-07-31,equal_weight,0
2022-08-01,equal_weight,0.0023086844885608078
2022-08-02,equal_weight,-0.0010109901158381217
2022-08-03,equal_weight,0.0089651561333081147
2022-08-04,equal_weight,0.00032334407619451629
2022-08-05,equal_weight,0.014427273981836184
2022-08-06,equal_weight,0
2022-08-07,equal_weight,0
2022-08-08,equal_weight,-0.004846750401945688
2022-08-09,equal_weight,0.0011658835325558401
2022-08-10,equal_weight,0.013932348747817482
2022-08-11,equal_weight,0.014214219573814229
2022-08-12,equal_weight,0.013972486310025452
2022-08-13,equal_weight,0
2022-08-14,equal_weight,0
2022-08-15,equal_weight,-0.0058092014713051997
2022-08-16,equal_weight,-0.0025279540965889658
2022-08-17,equal_weight,-0.006919280617703188
2022-08-18,equal_weight,-0.0024447027847171207
2022-08-19,equal_weight,-0.027128610434945879
2022-08-20,equal_weight,0
2022-08-21,equal_weight,0
2022-08-22,equal_weight,-0.022539733876251442
2022-08-23,equal_weight,-0.0055214519407283573
2022-08-24,equal_weight,0.0015935540083960528
2022-08-25,equal_weight,0.0034527884265288925
2022-08-26,equal_weight,-0.01925909999115015
2022-08-27,equal_weight,0
2022-08-28,equal_weight,0
2022-08-29,equal_weight,-0.0037609859493418882
2022-08-30,equal_weight,0.0064698387078136596
2022-08-31,equal_weight,-0.001513361109230582
2022-09-01,equal_weight,-0.010027637304869816
2022-09-02,equal_weight,0.015894481923756042
2022-09-03,equal_weight,0
2022-09-04,equal_weight,0
2022-09-05,equal_weight,-0.015082476426916269
2022-09-06,equal_weight,0.0074068586238785396
2022-09-07,equal_weight,-0.0074179329780988748
2022-09-08,equal_weight,0.02951522891818157
2022-09-09,equal_weight,0.021003991210003563
2022-09-10,equal_weight,0
2022-09-11,equal_weight,0
2022-09-12,equal_weight,0.024621252931001696
2022-09-13,equal_weight,-0.014702962998377941
2022-09-14,equal_weight,-0.0098393853819775858
2022-09-15,equal_weight,0.016328259658205221
2022-09-16,equal_weight,-0.0091440811122081387
2022-09-17,equal_weight,0
2022-09-18,equal_weight,0
2022-09-19,equal_weight,0.0040596273379722575
2022-09-20,equal_weight,-0.0089603710733696558
2022-09-21,equal_weight,-0.016433164493857184
2022-09-22,equal_weight,-0.01278583197957164
2022-09-23,equal_weight,-0.029694028318131036
2022-09-24,equal_weight,0
2022-09-25,equal_weight,0
2022-09-26,equal_weight,-0.032174872300983648
2022-09-27,equal_weight,-0.015716153824578066
2022-09-28,equal_weight,-0.010784153473354326
2022-09-29,equal_weight,-0.010483415000203134
2022-09-30,equal_weight,0.015357968569777228
2022-10-01,equal_weight,0
2022-10-02,equal_weight,0
2022-10-03,equal_weight,0.010470513535213968
2022-10-04,equal_weight,0.046518345416193589
2022-10-05,equal_weight,-0.0082825563736439387
2022-10-06,equal_weight,-0.01642498928250636
2022-10-07,equal_weight,-0.017459934000281171
2022-10-08,equal_weight,0
2022-10-09,equal_weight,0
2022-10-10,equal_weight,-0.0072150054496211416
2022-10-11,equal_weight,-0.019658496531727437
2022-10-12,equal_weight,-0.0097483607204579062
2022-10-13,equal_weight,0.041232986217331492
2022-10-14,equal_weight,0.010185256496994541
2022-10-15,equal_weight,0
2022-10-16,equal_weight,0
2022-10-17,equal_weight,0.015254078611361322
2022-10-18,equal_weight,0.020641523594469309
2022-10-19,equal_weight,-0.010321731819716721
2022-10-20,equal_weight,-0.0033277442039889482
2022-10-21,equal_weight,0.012514823290122603
2022-10-22,equal_weight,0
2022-10-23,equal_weight,0
2022-10-24,equal_weight,0.020778416169833152
2022-10-25,equal_weight,0.0089008537794841112
2022-10-26,equal_weight,0.0053567554448466503
2022-10-27,equal_weight,0.012183775222841626
2022-10-28,equal_weight,-0.0098429099916736429
2022-10-29,equal_weight,0
2022-10-30,equal_weight,0
2022-10-31,equal_weight,0.003044580555097944
2022-11-01,equal_weight,0.0054546943010240351
2022-11-02,equal_weight,-0.002753035987714713
2022-11-03,equal_weight,-0.0042116297141493687
2022-11-04,equal_weight,0.016701216553864997
2022-11-05,equal_weight,0
2022-11-06,equal_weight,0
2022-11-07,equal_weight,0.013301737134060854
2022-11-08,equal_weight,0.011622413117695565
2022-11-09,equal_weight,-0.0081120235676996263
2022-11-10,equal_weight,0.015747719386577111
2022-11-11,equal_weight,0.022229012439193764
2022-11-12,equal_weight,0
2022-11-13,equal_weight,0
2022-11-14,equal_weight,0.0092486690935212022
2022-11-15,equal_weight,0.006334291254433219
2022-11-16,equal_weight,-0.0044775229032160743
2022-11-17,equal_weight,0.0043910335186581181
2022-11-18,equal_weight,0.0067143719027304097
2022-11-19,equal_weight,0
2022-11-20,equal_weight,0
2022-11-21,equal_weight,0.0020587570392374735
2022-11-22,equal_weight,0.0020632229751497955
2022-11-23,equal_weight,0.0045360108832969278
2022-11-24,equal_weight,0.016303818581020927
2022-11-25,equal_weight,0.0027797696244609379
2022-11-26,equal_weight,0
2022-11-27,equal_weight,0
2022-11-28,equal_weight,-0.016982098942779581
2022-11-29,equal_weight,0.010433056654888312
2022-11-30,equal_weight,0.0040048850445922324
2022-12-01,equal_weight,-0.010346109295619762
2022-12-02,equal_weight,0.0063057132065998077
2022-12-03,equal_weight,0
2022-12-04,equal_weight,0
2022-12-05,equal_weight,-0.013581946404434914
2022-12-06,equal_weight,-0.009814805688143604
2022-12-07,equal_weight,-0.0055027614371716419
2022-12-08,equal_weight,0.0019445653150850389
2022-12-09,equal_weight,0.0079176276649249692
2022-12-10,equal_weight,0
2022-12-11,equal_weight,0
2022-12-12,equal_weight,0.00032664559063150044
2022-12-13,equal_weight,0.011683153218609452
2022-12-14,equal_weight,-0.0050843631421321209
2022-12-15,equal_weight,-0.016719041069533768
2022-12-16,equal_weight,-0.0014817017114464143
2022-12-17,equal_weight,0
2022-12-18,equal_weight,0
2022-12-19,equal_weight,-0.00045924958493273171
2022-12-20,equal_weight,0.019839723176350094
2022-12-21,equal_weight,0.021199288962761867
2022-12-22,equal_weight,-0.0073056491048328681
2022-12-23,equal_weight,0.0032726563272319261
2022-12-24,equal_weight,0
2022-12-25,equal_weight,0
2022-12-26,equal_weight,0.00020695958265678385
2022-12-27,equal_weight,0.001858909276838114
2022-12-28,equal_weight,-0.00063030855112773329
2022-12-29,equal_weight,0.0027849826474044656
2022-12-30,equal_weight,-0.002203939939130122
2022-12-31,equal_weight,0
2023-01-01,equal_weight,0
2023-01-02,equal_weight,0.012136719935173994
2023-01-03,equal_weight,0.016500479294581993
2023-01-04,equal_weight,0.018255287947193121
2023-01-05,equal_weight,0.0047154368553206753
2023-01-06,equal_weight,0.0027012819869023565
2023-01-07,equal_weight,0
2023-01-08,equal_weight,0
2023-01-09,equal_weight,0.0081380617970956189
2023-01-10,equal_weight,0.0039363018609309295
2023-01-11,equal_weight,0.0047559695641962016
2023-01-12,equal_weight,0.015287116328487168
2023-01-13,equal_weight,0.017488876625343517
2023-01-14,equal_weight,0
2023-01-15,equal_weight,0
2023-01-16,equal_weight,-0.0024057278327445806
2023-01-17,equal_weight,-0.0034382507071991897
2023-01-18,equal_weight,-0.0059063708727404157
2023-01-19,equal_weight,-0.013849696286587016
2023-01-20,equal_weight,0.014655079196483791
2023-01-21,equal_weight,0
2023-01-22,equal_weight,0
2023-01-23,equal_weight,0.012292672745950039
2023-01-24,equal_weight,0.0033210648801210172
2023-01-25,equal_weight,0.0042949015907165012
2023-01-26,equal_weight,0.017968194316444287
2023-01-27,equal_weight,0.0036372799737124464
2023-01-28,equal_weight,0
2023-01-29,equal_weight,0
2023-01-30,equal_weight,-0.00030529924858899816
2023-01-31,equal_weight,0.0068492329241837922
2023-02-01,equal_weight,0.0067652503978877154
2023-02-02,equal_weight,0.0030593545205307359
2023-02-03,equal_weight,-0.003934178751981909
2023-02-04,equal_weight,0
2023-02-05,equal_weight,0
2023-02-06,equal_weight,-0.015931824486821723
2023-02-07,equal_weight,0.008046248300265053
2023-02-08,equal_weight,0.0039799663197483985
2023-02-09,equal_weight,0.004154647770609898
2023-02-10,equal_weight,-0.0061752616288634965
2023-02-11,equal_weight,0
2023-02-12,equal_weight,0
2023-02-13,equal_weight,0.0021470196612163512
2023-02-14,equal_weight,0.0077530167978910646
2023-02-15,equal_weight,-0.0038128213919706891
2023-02-16,equal_weight,0.0095144504507885062
2023-02-17,equal_weight,-0.0076777466839576735
2023-02-18,equal_weight,0
2023-02-19,equal_weight,0
2023-02-20,equal_weight,-9.1747319214619799e-05
2023-02-21,equal_weight,-0.0082228040597945497
2023-02-22,equal_weight,-0.010177325990037369
2023-02-23,equal_weight,0.0041982317003809106
2023-02-24,equal_weight,-0.0055698473696720232
2023-02-25,equal_weight,0
2023-02-26,equal_weight,0
2023-02-27,equal_weight,0.0087575567183953307
2023-02-28,equal_weight,0.013584254261930993
2023-03-01,equal_weight,-0.011335044136203737
2023-03-02,equal_weight,-0.0048114393012929782
2023-03-03,equal_weight,0.01182401559861892
2023-03-04,equal_weight,0
2023-03-05,equal_weight,0
2023-03-06,equal_weight,0.0080821927637089123
2023-03-07,equal_weight,-0.014505926941194978
2023-03-08,equal_weight,-0.0081122651097463114
2023-03-09,equal_weight,-0.020828460007650214
2023-03-10,equal_weight,-0.029616020989006068
2023-03-11,equal_weight,0
2023-03-12,equal_weight,0
2023-03-13,equal_weight,-0.056244243150150822
2023-03-14,equal_weight,0.022830889470336596
2023-03-15,equal_weight,-0.06221530544437872
2023-03-16,equal_weight,0.0062387567755592
2023-03-17,equal_weight,-0.027729002518811562
2023-03-18,equal_weight,0
2023-03-19,equal_weight,0
2023-03-20,equal_weight,0.0099693336202194976
2023-03-21,equal_weight,0.047068436890117776
2023-03-22,equal_weight,-0.01349547431109187
2023-03-23,equal_weight,-0.013908433487696409
2023-03-24,equal_weight,-0.030704726812060771
2023-03-25,equal_weight,0
2023-03-26,equal_weight,0
2023-03-27,equal_weight,0.015401225993166462
2023-03-28,equal_weight,0.010131989953799504
2023-03-29,equal_weight,0.018553983014524524
2023-03-30,equal_weight,0.0095326645858683917
2023-03-31,equal_weight,0.0070670171216576103
2023-04-01,equal_weight,0
2023-04-02,equal_weight,0
2023-04-03,equal_weight,9.9015928556476067e-05
2023-04-04,equal_weight,0.00048539197165357634
2023-04-05,equal_weight,-0.0014131936390171988
2023-04-06,equal_weight,0.011147254594729619
2023-04-07,equal_weight,0.00071011612044134733
2023-04-08,equal_weight,0
2023-04-09,equal_weight,0
2023-04-10,equal_weight,0.0016758403645659046
2023-04-11,equal_weight,0.0010580084227988071
2023-04-12,equal_weight,0.0067908831034178595
2023-04-13,equal_weight,0.0056173152270938094
2023-04-14,equal_weight,0.02905862160600994
2023-04-15,equal_weight,0
2023-04-16,equal_weight,0
2023-04-17,equal_weight,-0.0081023865023106146
2023-04-18,equal_weight,0.007880353408063534
2023-04-19,equal_weight,0.011366996604784425
2023-04-20,equal_weight,-0.010529559206276195
2023-04-21,equal_weight,-0.0053035020838551883
2023-04-22,equal_weight,0
2023-04-23,equal_weight,0
2023-04-24,equal_weight,0.0017210363204251302
2023-04-25,equal_weight,-0.018765119736127725
2023-04-26,equal_weight,-0.0056891747877740265
2023-04-27,equal_weight,0.018564882491960848
2023-04-28,equal_weight,-0.0050234559220848768
2023-04-29,equal_weight,0
2023-04-30,equal_weight,0
2023-05-01,equal_weight,-0.0044042412648157671
2023-05-02,equal_weight,-0.026286649372878165
2023-05-03,equal_weight,-0.0059770573482787375
2023-05-04,equal_weight,-0.015126182892204293
2023-05-05,equal_weight,0.027136960084016209
2023-05-06,equal_weight,0
2023-05-07,equal_weight,0
2023-05-08,equal_weight,0.0011262413596856396
2023-05-09,equal_weight,-0.00044362458797396085
2023-05-10,equal_weight,-0.0050498359883051208
2023-05-11,equal_weight,0.00056045189059985342
2023-05-12,equal_weight,-0.0039302319451504928
2023-05-13,equal_weight,0
2023-05-14,equal_weight,0
2023-05-15,equal_weight,0.0026650646968023484
2023-05-16,equal_weight,-0.0060686780695208909
2023-05-17,equal_weight,0.016326016896847734
2023-05-18,equal_weight,0.0072090085131378328
2023-05-19,equal_weight,-0.0071113572904756379
2023-05-20,equal_weight,0
2023-05-21,equal_weight,0
2023-05-22,equal_weight,0.011606216082170931
2023-05-23,equal_weight,0.003932723541342267
2023-05-24,equal_weight,-0.021277127976865463
2023-05-25,equal_weight,-0.0019891820741327108
2023-05-26,equal_weight,0.0018114421736970616
2023-05-27,equal_weight,0
2023-05-28,equal_weight,0
2023-05-29,equal_weight,-0.0014079438843643557
2023-05-30,equal_weight,-0.0063649276074272468
2023-05-31,equal_weight,-0.01777002181336702
2023-06-01,equal_weight,0.013857998141174223
2023-06-02,equal_weight,0.028112874166279736
2023-06-03,equal_weight,0
2023-06-04,equal_weight,0
2023-06-05,equal_weight,-0.01170480345877241
2023-06-06,equal_weight,0.013833479006239303
2023-06-07,equal_weight,0.0049873250237924402
2023-06-08,equal_weight,0.0027928845019028789
2023-06-09,equal_weight,0.0022572119815329871
2023-06-10,equal_weight,0
2023-06-11,equal_weight,0
2023-06-12,equal_weight,-0.0017277900920472957
2023-06-13,equal_weight,0.0057308107954733394
2023-06-14,equal_weight,0.0079389349993716791
2023-06-15,equal_weight,-0.00014737642312359961
2023-06-16,equal_weight,0.0065272537032887747
2023-06-17,equal_weight,0
2023-06-18,equal_weight,0
2023-06-19,equal_weight,0.0029879601958661887
2023-06-20,equal_weight,-0.008936895017122205
2023-06-21,equal_weight,-0.0011445738332157257
2023-06-22,equal_weight,-0.013435914746198705
2023-06-23,equal_weight,-0.016436074352747992
2023-06-24,equal_weight,0
2023-06-25,equal_weight,0
2023-06-26,equal_weight,-0.0001360341400404763
2023-06-27,equal_weight,0.0093702444617321974
2023-06-28,equal_weight,0.0058377666369019247
2023-06-29,equal_weight,0.013358634855890143
2023-06-30,equal_weight,0.0060892093606976149
2023-07-01,equal_weight,0
2023-07-02,equal_weight,0
2023-07-03,equal_weight,0.01522222746097586
2023-07-04,equal_weight,-0.0021623966307571002
2023-07-05,equal_weight,-0.0064339052369800816
2023-07-06,equal_weight,-0.025430292174315972
2023-07-07,equal_weight,0.010441334227669331
2023-07-08,equal_weight,0
2023-07-09,equal_weight,0
2023-07-10,equal_weight,0.0068525250378655934
2023-07-11,equal_weight,0.012194419611866363
2023-07-12,equal_weight,0.018921205452777198
2023-07-13,equal_weight,0.014966523400615673
2023-07-14,equal_weight,-0.002907977368598273
2023-07-15,equal_weight,0
2023-07-16,equal_weight,0
2023-07-17,equal_weight,0.0062740462921284023
2023-07-18,equal_weight,0.017788254449601502
2023-07-19,equal_weight,0.010874743147053396
2023-07-20,equal_weight,0.0041667483462384958
2023-07-21,equal_weight,-0.0072115710083877861
2023-07-22,equal_weight,0
2023-07-23,equal_weight,0
2023-07-24,equal_weight,0.0048987226992789866
2023-07-25,equal_weight,-0.005787635130526797
2023-07-26,equal_weight,0.0025849728588409238
2023-07-27,equal_weight,-0.001160214929323163
2023-07-28,equal_weight,0.0054118010619691329
2023-07-29,equal_weight,0
2023-07-30,equal_weight,0
2023-07-31,equal_weight,0.0046859048145739797
2023-08-01,equal_weight,-0.014633834539076695
2023-08-02,equal_weight,-0.018708954134146874
2023-08-03,equal_weight,0.0040616254982308543
2023-08-04,equal_weight,0.0054889056734632735
2023-08-05,equal_weight,0
2023-08-06,equal_weight,0
2023-08-07,equal_weight,0.0063124627316084826
2023-08-08,equal_weight,-0.020987892017980039
2023-08-09,equal_weight,-0.002004651092202226
2023-08-10,equal_weight,0.0071112584589332374
2023-08-11,equal_weight,-9.3845382267945305e-05
2023-08-12,equal_weight,0
2023-08-13,equal_weight,0
2023-08-14,equal_weight,-0.0038450436636808714
2023-08-15,equal_weight,-0.014752738037203329
2023-08-16,equal_weight,-0.0089383033033879414
2023-08-17,equal_weight,0.00090422920005322409
2023-08-18,equal_weight,-0.0051891619600372375
2023-08-19,equal_weight,0
2023-08-20,equal_weight,0
2023-08-21,equal_weight,0.00015155953263038799
2023-08-22,equal_weight,-0.0025226563359291502
2023-08-23,equal_weight,4.5878887292244537e-05
2023-08-24,equal_weight,0.0035898521739395899
2023-08-25,equal_weight,-0.0077055874633709049
2023-08-26,equal_weight,0
2023-08-27,equal_weight,0
2023-08-28,equal_weight,0.010625041158290006
2023-08-29,equal_weight,0.0145322013243593
2023-08-30,equal_weight,0.0018127061428700544
2023-08-31,equal_weight,-0.0022214265018193928
2023-09-01,equal_weight,-2.3827309580056103e-05
2023-09-02,equal_weight,0
2023-09-03,equal_weight,0
2023-09-04,equal_weight,-0.0017777748901760203
2023-09-05,equal_weight,-0.0094398229126647012
2023-09-06,equal_weight,-0.015426970289102695
2023-09-07,equal_weight,-0.0093127659474539423
2023-09-08,equal_weight,0.0027141520406056413
2023-09-09,equal_weight,0
2023-09-10,equal_weight,0
2023-09-11,equal_weight,0.014273400431618311
2023-09-12,equal_weight,0.015956417131151805
2023-09-13,equal_weight,0.0035917424786113448
2023-09-14,equal_weight,0.016886742025204873
2023-09-15,equal_weight,-0.0093853021392988501
2023-09-16,equal_weight,0
2023-09-17,equal_weight,0
2023-09-18,equal_weight,-0.012105430014468102
2023-09-19,equal_weight,0.0064111845958004874
2023-09-20,equal_weight,0.0089215561977829122
2023-09-21,equal_weight,-0.0092569995187347133
2023-09-22,equal_weight,-0.010088613184944806
2023-09-23,equal_weight,0
2023-09-24,equal_weight,0
2023-09-25,equal_weight,-0.0061064918684417546
2023-09-26,equal_weight,-0.0068513104774599884
2023-09-27,equal_weight,-0.0022499056752722313
2023-09-28,equal_weight,0.0058967986754021344
2023-09-29,equal_weight,0.0062758766856752801
2023-09-30,equal_weight,0
2023-10-01,equal_weight,0
2023-10-02,equal_weight,-0.015688605890870844
2023-10-03,equal_weight,-0.019228497337771579
2023-10-04,equal_weight,-0.0048982235219430853
2023-10-05,equal_weight,0.0083070202357310736
2023-10-06,equal_weight,0.013612449489494513
2023-10-07,equal_weight,0
2023-10-08,equal_weight,0
2023-10-09,equal_weight,-0.0074242547419936609
2023-10-10,equal_weight,0.02140048590949534
2023-10-11,equal_weight,0.0019511411824766256
2023-10-12,equal_weight,-0.0042394474461081881
2023-10-13,equal_weight,-0.017064553453868047
2023-10-14,equal_weight,0
2023-10-15,equal_weight,0
2023-10-16,equal_weight,0.0078693758665270026
2023-10-17,equal_weight,0.0083231845087820642
2023-10-18,equal_weight,-0.015069933184579243
2023-10-19,equal_weight,-0.014145330764819431
2023-10-20,equal_weight,-0.016933668147318687
2023-10-21,equal_weight,0
2023-10-22,equal_weight,0
2023-10-23,equal_weight,-0.0033826763541885733
2023-10-24,equal_weight,-0.004376495153975409
2023-10-25,equal_weight,0.00046821291235165486
2023-10-26,equal_weight,-0.0048283447220261204
2023-10-27,equal_weight,-0.015462713793044295
2023-10-28,equal_weight,0
2023-10-29,equal_weight,0
2023-10-30,equal_weight,0.0064922823320909279
2023-10-31,equal_weight,0.011088635546073151
2023-11-01,equal_weight,0.0021491113766374031
2023-11-02,equal_weight,0.022874546749284592
2023-11-03,equal_weight,0.017343516051784021
2023-11-04,equal_weight,0
2023-11-05,equal_weight,0
2023-11-06,equal_weight,0.0047588053367294122
2023-11-07,equal_weight,-0.0035327991205441563
2023-11-08,equal_weight,-0.0056611542467190348
2023-11-09,equal_weight,0.00012063112753994434
2023-11-10,equal_weight,-0.0014457561688652528
2023-11-11,equal_weight,0
2023-11-12,equal_weight,0
2023-11-13,equal_weight,0.0088296286557863236
2023-11-14,equal_weight,0.021698892820640095
2023-11-15,equal_weight,0.020424508593532786
2023-11-16,equal_weight,-0.0042717222607032528
2023-11-17,equal_weight,0.015933177021636175
2023-11-18,equal_weight,0
2023-11-19,equal_weight,0
2023-11-20,equal_weight,0.0044393610961593237
2023-11-21,equal_weight,-0.0049816514748005627
2023-11-22,equal_weight,-0.0014575180710517115
2023-11-23,equal_weight,0.00074265860380328362
2023-11-24,equal_weight,0.0040618562763227745
2023-11-25,equal_weight,0
2023-11-26,equal_weight,0
2023-11-27,equal_weight,-0.0023771270359076316
2023-11-28,equal_weight,0.004631048577377876
2023-11-29,equal_weight,0.011898146840138357
2023-11-30,equal_weight,0.005754055679758804
2023-12-01,equal_weight,0.0074965804236833064
2023-12-02,equal_weight,0
2023-12-03,equal_weight,0
2023-12-04,equal_weight,0.0056874348046808089
2023-12-05,equal_weight,-0.0075164597608745522
2023-12-06,equal_weight,0.0064509754253174838
2023-12-07,equal_weight,-0.0037524054816338325
2023-12-08,equal_weight,0.016014179536361438
2023-12-09,equal_weight,0
2023-12-10,equal_weight,0
2023-12-11,equal_weight,-0.0025550812453130037
2023-12-12,equal_weight,-0.0053441302770110728
2023-12-13,equal_weight,0.010245573392663482
2023-12-14,equal_weight,0.024380015646746567
2023-12-15,equal_weight,-0.0017073769562562871
2023-12-16,equal_weight,0
2023-12-17,equal_weight,0
2023-12-18,equal_weight,-0.0095936294466634469
2023-12-19,equal_weight,0.0074898129237579584
2023-12-20,equal_weight,-0.00035727942013389139
2023-12-21,equal_weight,-8.6265864242908075e-05
2023-12-22,equal_weight,0.0087869492257699709
2023-12-23,equal_weight,0
2023-12-24,equal_weight,0
2023-12-25,equal_weight,4.2088143571382377e-05
2023-12-26,equal_weight,0.0028637796043808322
2023-12-27,equal_weight,0.0051440020064512726
2023-12-28,equal_weight,0.0012695594242152202
2023-12-29,equal_weight,-0.0012388095969340226
2023-12-30,equal_weight,0
2023-12-31,equal_weight,0
2024-01-01,equal_weight,-6.9592079436121926e-05
2024-01-02,equal_weight,0.0084601919143006288
2024-01-03,equal_weight,-0.018659092376879266
2024-01-04,equal_weight,0.012462165825025181
2024-01-05,equal_weight,0.0092882907478982271
2024-01-06,equal_weight,0
2024-01-07,equal_weight,0
2024-01-08,equal_weight,0.0033449713253846996
2024-01-09,equal_weight,-0.0088325858257217501
2024-01-10,equal_weight,-0.0072054496674144076
2024-01-11,equal_weight,-0.014410287865258086
2024-01-12,equal_weight,-0.0033165400709941023
2024-01-13,equal_weight,0
2024-01-14,equal_weight,0
2024-01-15,equal_weight,-0.0044348863032272453
2024-01-16,equal_weight,-0.012354736401685249
2024-01-17,equal_weight,-0.011244302082183971
2024-01-18,equal_weight,0.0029078190142712017
2024-01-19,equal_weight,0.006212789218425596
2024-01-20,equal_weight,0
2024-01-21,equal_weight,0
2024-01-22,equal_weight,0.0092424026268603486
2024-01-23,equal_weight,0.001449328139748687
2024-01-24,equal_weight,0.010912700133347041
2024-01-25,equal_weight,-0.0017498412241997718
2024-01-26,equal_weight,0.0031713745679963672
2024-01-27,equal_weight,0
2024-01-28,equal_weight,0
2024-01-29,equal_weight,-0.00078307014969248277
2024-01-30,equal_weight,0.01597052895231954
2024-01-31,equal_weight,-0.0040696491346947456
2024-02-01,equal_weight,-0.019040682856201967
2024-02-02,equal_weight,0.012801889059450516
2024-02-03,equal_weight,0
2024-02-04,equal_weight,0
2024-02-05,equal_weight,-0.011642843136756601
2024-02-06,equal_weight,-0.0030907610235472566
2024-02-07,equal_weight,-0.0076494637044567217
2024-02-08,equal_weight,-0.0034048664086803585
2024-02-09,equal_weight,-0.0037585956099299247
2024-02-10,equal_weight,0
2024-02-11,equal_weight,0
2024-02-12,equal_weight,0.010276878101162913
2024-02-13,equal_weight,-0.011566753731971885
2024-02-14,equal_weight,0.0020274871655014638
2024-02-15,equal_weight,0.014481859811938669
2024-02-16,equal_weight,0.011074854871716319
2024-02-17,equal_weight,0
2024-02-18,equal_weight,0
2024-02-19,equal_weight,0.0030931085108299354
2024-02-20,equal_weight,0.0040465840406000726
2024-02-21,equal_weight,0.0012713812143511699
2024-02-22,equal_weight,0.0083813761770984256
2024-02-23,equal_weight,0.0072358540811405534
2024-02-24,equal_weight,0
2024-02-25,equal_weight,0
2024-02-26,equal_weight,-0.0011093498365994322
2024-02-27,equal_weight,0.007980723366272504
2024-02-28,equal_weight,0.0022361348408160872
2024-02-29,equal_weight,0.00034666371297947297
2024-03-01,equal_weight,0.0087296846215788333
2024-03-02,equal_weight,0
2024-03-03,equal_weight,0
2024-03-04,equal_weight,0.010264905691710978
2024-03-05,equal_weight,0.0075290222602816415
2024-03-06,equal_weight,0.0026634608880004773
2024-03-07,equal_weight,0.0080902921484881981
2024-03-08,equal_weight,0.0071368553403749202
2024-03-09,equal_weight,0
2024-03-10,equal_weight,0
2024-03-11,equal_weight,0.0012978292762348719
2024-03-12,equal_weight,0.01175272180086588
2024-03-13,equal_weight,0.0042198135413179724
2024-03-14,equal_weight,-0.0090172053963036396
2024-03-15,equal_weight,0.0034180826514814367
2024-03-16,equal_weight,0
2024-03-17,equal_weight,0
2024-03-18,equal_weight,0.0035932983239875525
2024-03-19,equal_weight,0.0048675720134899389
2024-03-20,equal_weight,0.0057359307459426594
2024-03-21,equal_weight,0.02530057337137329
2024-03-22,equal_weight,-0.0046716273150197293
2024-03-23,equal_weight,0
2024-03-24,equal_weight,0
2024-03-25,equal_weight,-0.0039657537692207251
2024-03-26,equal_weight,0.007014062664151389
2024-03-27,equal_weight,0.0088931752034198015
2024-03-28,equal_weight,0.0042139205502819722
2024-03-29,equal_weight,0.00057412676941689131
2024-03-30,equal_weight,0
2024-03-31,equal_weight,0
2024-04-01,equal_weight,-0.0047932009950274468
2024-04-02,equal_weight,-0.0061432617861896192
2024-04-03,equal_weight,0.013245423569970761
2024-04-04,equal_weight,0.010312248098300031
2024-04-05,equal_weight,-0.0060175702273747439
2024-04-06,equal_weight,0
2024-04-07,equal_weight,0
2024-04-08,equal_weight,0.0075114878832319215
2024-04-09,equal_weight,-0.0068324817402031978
2024-04-10,equal_weight,-0.0042629699290775884
2024-04-11,equal_weight,-0.022397354215256661
2024-04-12,equal_weight,-0.0052927189945017683
2024-04-13,equal_weight,0
2024-04-14,equal_weight,0
2024-04-15,equal_weight,-0.0026799935007359469
2024-04-16,equal_weight,-0.022909904355831161
2024-04-17,equal_weight,0.0070610127602530942
2024-04-18,equal_weight,0.016714279042374183
2024-04-19,equal_weight,0.0049047159257863005
2024-04-20,equal_weight,0
2024-04-21,equal_weight,0
2024-04-22,equal_weight,0.016103662913937163
2024-04-23,equal_weight,0.014092456581705446
2024-04-24,equal_weight,0.001501856328079469
2024-04-25,equal_weight,0.0019567311112304196
2024-04-26,equal_weight,0.010428533889399877
2024-04-27,equal_weight,0
2024-04-28,equal_weight,0
2024-04-29,equal_weight,-0.0077668596023220491
2024-04-30,equal_weight,-0.0033282654222601036
2024-05-01,equal_weight,-0.0021876912607282166
2024-05-02,equal_weight,0.010482295923673909
2024-05-03,equal_weight,0.0013654444821852019
2024-05-04,equal_weight,0
2024-05-05,equal_weight,0
2024-05-06,equal_weight,0.0081852268567410499
2024-05-07,equal_weight,0.015763153654361661
2024-05-08,equal_weight,0.00054960574633238391
2024-05-09,equal_weight,0.00013657900328899956
2024-05-10,equal_weight,0.0085824205393082425
2024-05-11,equal_weight,0
2024-05-12,equal_weight,0
2024-05-13,equal_weight,0.00055653291987141265
2024-05-14,equal_weight,0.012116356956754252
2024-05-15,equal_weight,0.0096136560551627389
2024-05-16,equal_weight,0.0035986178586687209
2024-05-17,equal_weight,0.0040951300384759991
2024-05-18,equal_weight,0
2024-05-19,equal_weight,0
2024-05-20,equal_weight,-0.002267514265485264
2024-05-21,equal_weight,0.0026213943300975569
2024-05-22,equal_weight,-0.0080491027938599923
2024-05-23,equal_weight,-0.0060113156216151905
2024-05-24,equal_weight,0.0022242585457614779
2024-05-25,equal_weight,0
2024-05-26,equal_weight,0
2024-05-27,equal_weight,0.0040170494069509694
2024-05-28,equal_weight,0.0023555015521077656
2024-05-29,equal_weight,-0.013071216045889417
2024-05-30,equal_weight,0.0077633727676716556
2024-05-31,equal_weight,0.010730161208389537
2024-06-01,equal_weight,0
2024-06-02,equal_weight,0
2024-06-03,equal_weight,-0.00054891057853532262
2024-06-04,equal_weight,-0.015571520747924433
2024-06-05,equal_weight,-0.0038645904605835368
2024-06-06,equal_weight,0.0081444997526586831
2024-06-07,equal_weight,0.0032398315564686809
2024-06-08,equal_weight,0
2024-06-09,equal_weight,0
2024-06-10,equal_weight,-0.015461365095904834
2024-06-11,equal_weight,-0.024151749450998159
2024-06-12,equal_weight,0.0066555642492837474
2024-06-13,equal_weight,-0.011949664256036861
2024-06-14,equal_weight,-0.015584101852922303
2024-06-15,equal_weight,0
2024-06-16,equal_weight,0
2024-06-17,equal_weight,0.006701042691388266
2024-06-18,equal_weight,0.010686696956308086
2024-06-19,equal_weight,0.00107532391436217
2024-06-20,equal_weight,0.0074354819548337623
2024-06-21,equal_weight,-0.01633897500135148
2024-06-22,equal_weight,0
2024-06-23,equal_weight,0
2024-06-24,equal_weight,0.015269262690488956
2024-06-25,equal_weight,-0.0040090340278625776
2024-06-26,equal_weight,-0.0031761905124568527
2024-06-27,equal_weight,-0.0024230396268534317
2024-06-28,equal_weight,0.0078373085207160183
2024-06-29,equal_weight,0
2024-06-30,equal_weight,0
2024-07-01,equal_weight,0.020043255827156815
2024-07-02,equal_weight,-0.0015242372960925005
2024-07-03,equal_weight,0.010133330637090756
2024-07-04,equal_weight,0.011795469243248357
2024-07-05,equal_weight,-0.006796860836497688
2024-07-06,equal_weight,0
2024-07-07,equal_weight,0
2024-07-08,equal_weight,0.0032959705675592427
2024-07-09,equal_weight,-0.0024207701704478876
2024-07-10,equal_weight,0.0080488771306422378
2024-07-11,equal_weight,0.0048341107290425398
2024-07-12,equal_weight,0.001547237617165149
2024-07-13,equal_weight,0
2024-07-14,equal_weight,0
2024-07-15,equal_weight,0.0045292776666632662
2024-07-16,equal_weight,0.013142781744979371
2024-07-17,equal_weight,0.0077407120006534489
2024-07-18,equal_weight,-0.0019253807647485503
2024-07-19,equal_weight,-0.0076509414915979408
2024-07-20,equal_weight,0
2024-07-21,equal_weight,0
2024-07-22,equal_weight,0.0084508334760906127
2024-07-23,equal_weight,0.0056606255706068021
2024-07-24,equal_weight,-0.011400131308852153
2024-07-25,equal_weight,-0.0038413895802242208
2024-07-26,equal_weight,0.0070921866261742473
2024-07-27,equal_weight,0
2024-07-28,equal_weight,0
2024-07-29,equal_weight,-0.0030663162819927754
2024-07-30,equal_weight,0.0080338745607978507
2024-07-31,equal_weight,-0.0007074384506503043
2024-08-01,equal_weight,-0.033693968385475379
2024-08-02,equal_weight,-0.056692539958802066
2024-08-03,equal_weight,0
2024-08-04,equal_weight,0
2024-08-05,equal_weight,-0.026215787519487506
2024-08-06,equal_weight,0.0026868367919990069
2024-08-07,equal_weight,0.019606253839047155
2024-08-08,equal_weight,0.0011539537297094165
2024-08-09,equal_weight,0.0079448021242792075
2024-08-10,equal_weight,0
2024-08-11,equal_weight,0
2024-08-12,equal_weight,0.0003510841375536533
2024-08-13,equal_weight,0.010699046835130692
2024-08-14,equal_weight,0.012557724579181365
2024-08-15,equal_weight,0.016712551623753603
2024-08-16,equal_weight,0.010987896396871187
2024-08-17,equal_weight,0
2024-08-18,equal_weight,0
2024-08-19,equal_weight,0.0094872422237567821
2024-08-20,equal_weight,-0.0057782544796010213
2024-08-21,equal_weight,0.0016972503714677326
2024-08-22,equal_weight,0.0075267542594619858
2024-08-23,equal_weight,0.011399374138296814
2024-08-24,equal_weight,0
2024-08-25,equal_weight,0
2024-08-26,equal_weight,0.0023378940291101358
2024-08-27,equal_weight,0.0032932602049353314
2024-08-28,equal_weight,0.00068634656158636834
2024-08-29,equal_weight,0.0018273219558720133
2024-08-30,equal_weight,0.0055714453144394714
2024-08-31,equal_weight,0
2024-09-01,equal_weight,0
2024-09-02,equal_weight,-0.0039912157756089115
2024-09-03,equal_weight,-0.012227572584503502
2024-09-04,equal_weight,-0.0076611499195805019
2024-09-05,equal_weight,0.0061055184962820622
2024-09-06,equal_weight,-0.020066936428466922
2024-09-07,equal_weight,0
2024-09-08,equal_weight,0
2024-09-09,equal_weight,0.012429664959299518
2024-09-10,equal_weight,-0.021396253968067856
2024-09-11,equal_weight,0.0059678190984061453
2024-09-12,equal_weight,0.0054488372252286619
2024-09-13,equal_weight,0.01252168906203301
2024-09-14,equal_weight,0
2024-09-15,equal_weight,0
2024-09-16,equal_weight,0.0055429676559146336
2024-09-17,equal_weight,0.0082170022005425281
2024-09-18,equal_weight,-0.00095328713217739157
2024-09-19,equal_weight,0.018841343240930394
2024-09-20,equal_weight,-0.00094356625660424194
2024-09-21,equal_weight,0
2024-09-22,equal_weight,0
2024-09-23,equal_weight,-0.0097490465109755439
2024-09-24,equal_weight,0.0038124779116112365
2024-09-25,equal_weight,-0.0067729121925223495
2024-09-26,equal_weight,0.019228958947347139
2024-09-27,equal_weight,0.0035810634423808106
2024-09-28,equal_weight,0
2024-09-29,equal_weight,0
2024-09-30,equal_weight,-0.0016375866084915064
2024-10-01,equal_weight,-0.017330608606785664
2024-10-02,equal_weight,-0.006384121513323157
2024-10-03,equal_weight,-0.0062666063128112267
2024-10-04,equal_weight,0.019672622231145517
2024-10-05,equal_weight,0
2024-10-06,equal_weight,0
2024-10-07,equal_weight,0.0097006651606603052
2024-10-08,equal_weight,-0.0080445236281105371
2024-10-09,equal_weight,0.0054677337711470106
2024-10-10,equal_weight,-0.00062282313276276671
2024-10-11,equal_weight,0.016603967418557505
2024-10-12,equal_weight,0
2024-10-13,equal_weight,0
2024-10-14,equal_weight,0.0040310338731717596
2024-10-15,equal_weight,1.8119484286589211e-05
2024-10-16,equal_weight,0.0077888888388648334
2024-10-17,equal_weight,0.0054573935173725316
2024-10-18,equal_weight,0.001121753936653224
2024-10-19,equal_weight,0
2024-10-20,equal_weight,0
2024-10-21,equal_weight,-0.010579132928242758
2024-10-22,equal_weight,-0.00041960527973244162
2024-10-23,equal_weight,-0.0053546753114400809
2024-10-24,equal_weight,0.0008493405858759044
2024-10-25,equal_weight,-0.0066855875483799333
2024-10-26,equal_weight,0
2024-10-27,equal_weight,0
2024-10-28,equal_weight,0.0094569970258395822
2024-10-29,equal_weight,0.0010289304001094076
2024-10-30,equal_weight,0.00021482622938433766
2024-10-31,equal_weight,-0.0004342625058745034
2024-11-01,equal_weight,0.010783340432067023
2024-11-02,equal_weight,0
2024-11-03,equal_weight,0
2024-11-04,equal_weight,-0.00025835677993959436
2024-11-05,equal_weight,0.0073348846385731378
2024-11-06,equal_weight,0.036352731609680701
2024-11-07,equal_weight,-0.020497754085851409
2024-11-08,equal_weight,-0.00066121331497769823
2024-11-09,equal_weight,0
2024-11-10,equal_weight,0
2024-11-11,equal_weight,0.015562501095598464
2024-11-12,equal_weight,-0.014613548607883055
2024-11-13,equal_weight,-0.0031643447343341928
2024-11-14,equal_weight,0.0033762463101794562
2024-11-15,equal_weight,0.005809411925393991
2024-11-16,equal_weight,0
2024-11-17,equal_weight,0
2024-11-18,equal_weight,0.0024342846925418933
2024-11-19,equal_weight,-0.0048504184851546504
2024-11-20,equal_weight,-0.0015245785754056372
2024-11-21,equal_weight,0.0031919346472669237
2024-11-22,equal_weight,-0.007926844633550291
2024-11-23,equal_weight,0
2024-11-24,equal_weight,0
2024-11-25,equal_weight,0.0045986344723738058
2024-11-26,equal_weight,-0.012845631800183074
2024-11-27,equal_weight,-0.0006965553184981344
2024-11-28,equal_weight,0.010977129080548277
2024-11-29,equal_weight,0.0055110173279108556
2024-11-30,equal_weight,0
2024-12-01,equal_weight,0
2024-12-02,equal_weight,0.00097012261981827214
2024-12-03,equal_weight,0.00068073816085302411
2024-12-04,equal_weight,-0.0015700479993139174
2024-12-05,equal_weight,0.016952609126229735
2024-12-06,equal_weight,0.0016997255368214016
2024-12-07,equal_weight,0
2024-12-08,equal_weight,0
2024-12-09,equal_weight,-0.0020074870253503504
2024-12-10,equal_weight,-0.0049427930720824893
2024-12-11,equal_weight,0.0027200989328915316
2024-12-12,equal_weight,-7.7808606664873215e-05
2024-12-13,equal_weight,-0.005061656195656958
2024-12-14,equal_weight,0
2024-12-15,equal_weight,0
2024-12-16,equal_weight,0.0019026205714741872
2024-12-17,equal_weight,-0.014810633392989945
2024-12-18,equal_weight,-0.0083822338128592463
2024-12-19,equal_weight,-0.015241218594919052
2024-12-20,equal_weight,-0.0041317947433145309
2024-12-21,equal_weight,0
2024-12-22,equal_weight,0
2024-12-23,equal_weight,0.0080848367192243864
2024-12-24,equal_weight,0.0054314248266070864
2024-12-25,equal_weight,-0.00090333743420786643
2024-12-26,equal_weight,0.0015157860162905408
2024-12-27,equal_weight,0.0045215675332232891
2024-12-28,equal_weight,0
2024-12-29,equal_weight,0
2024-12-30,equal_weight,-0.00045458451034639319
2024-12-31,equal_weight,0.0024872203638565162
2025-01-01,equal_weight,0
2025-01-02,equal_weight,-0.0044275557547516125
2025-01-03,equal_weight,-0.00041387046982421978
2025-01-04,equal_weight,0
2025-01-05,equal_weight,0
2025-01-06,equal_weight,0.018502820614416347
2025-01-07,equal_weight,0.0028952492178704364
2025-01-08,equal_weight,0.00076134486007057938
2025-01-09,equal_weight,-0.0011108974857697619
2025-01-10,equal_weight,-0.01694467668580979
2025-01-11,equal_weight,0
2025-01-12,equal_weight,0
2025-01-13,equal_weight,0.0031650307284588285
2025-01-14,equal_weight,0.013341676799394435
2025-01-15,equal_weight,0.031537687254866498
2025-01-16,equal_weight,0.0032698558707956169
2025-01-17,equal_weight,0.010987171669884371
2025-01-18,equal_weight,0
2025-01-19,equal_weight,0
2025-01-20,equal_weight,0.0058576599693924954
2025-01-21,equal_weight,0.01187931719426834
2025-01-22,equal_weight,-0.0080206779201857335
2025-01-23,equal_weight,0.012600450372110205
2025-01-24,equal_weight,0.00033541147183907154
2025-01-25,equal_weight,0
2025-01-26,equal_weight,0
2025-01-27,equal_weight,0.0046408662821211793
2025-01-28,equal_weight,0.0042303266570467742
2025-01-29,equal_weight,0.0069808619389550852
2025-01-30,equal_weight,0.0024218472161279289
2025-01-31,equal_weight,-0.0029438310738569042
2025-02-01,equal_weight,0
2025-02-02,equal_weight,0
2025-02-03,equal_weight,-0.026078002363473671
2025-02-04,equal_weight,0.012008791025130073
2025-02-05,equal_weight,0.0095824349209549936
2025-02-06,equal_weight,0.029622946613576923
2025-02-07,equal_weight,-0.0019376688548612402
2025-02-08,equal_weight,0
2025-02-09,equal_weight,0
2025-02-10,equal_weight,-0.011244506939629383
2025-02-11,equal_weight,0.0087221554551971947
2025-02-12,equal_weight,0.0072080355368708514
2025-02-13,equal_weight,-0.0031577455565918139
2025-02-14,equal_weight,0.01163877786369619
2025-02-15,equal_weight,0
2025-02-16,equal_weight,0
2025-02-17,equal_weight,0.0086437724770843001
2025-02-18,equal_weight,0.015157221735904681
2025-02-19,equal_weight,-0.010352239100131401
2025-02-20,equal_weight,-0.011353007638912121
2025-02-21,equal_weight,0.0064187720019766269
2025-02-22,equal_weight,0
2025-02-23,equal_weight,0
2025-02-24,equal_weight,-0.0035203955132700336
2025-02-25,equal_weight,0.0043345555908840087
2025-02-26,equal_weight,0.019714933906456039
2025-02-27,equal_weight,-0.0015864357084198553
2025-02-28,equal_weight,0.005708072012641242
2025-03-01,equal_weight,0
2025-03-02,equal_weight,0
2025-03-03,equal_weight,0.0020773158602483549
2025-03-04,equal_weight,-0.036992131411787692
2025-03-05,equal_weight,0.03629163290226238
2025-03-06,equal_weight,0.010060883077756618
2025-03-07,equal_weight,-0.0074177548674888103
2025-03-08,equal_weight,0
2025-03-09,equal_weight,0
2025-03-10,equal_weight,-0.032401545294867912
2025-03-11,equal_weight,-0.016315557214209343
2025-03-12,equal_weight,0.019226945618450883
2025-03-13,equal_weight,-0.0061643701264030865
2025-03-14,equal_weight,0.023827186279542154
2025-03-15,equal_weight,0
2025-03-16,equal_weight,0
2025-03-17,equal_weight,0.0097910321328708323
2025-03-18,equal_weight,0.020556866631335383
2025-03-19,equal_weight,0.0036552830471701628
2025-03-20,equal_weight,-0.010447273929225899
2025-03-21,equal_weight,8.5846584309991658e-05
2025-03-22,equal_weight,0
2025-03-23,equal_weight,0
2025-03-24,equal_weight,0.0089552960260887091
2025-03-25,equal_weight,0.010676761583427336
2025-03-26,equal_weight,-0.0060964837262287427
2025-03-27,equal_weight,-0.013534986808271168
2025-03-28,equal_weight,-0.01919711890528128
2025-03-29,equal_weight,0
2025-03-30,equal_weight,0
2025-03-31,equal_weight,-0.010530656520103886
2025-04-01,equal_weight,0.0057777503531887551
2025-04-02,equal_weight,0.0045797290827325901
2025-04-03,equal_weight,-0.07043359408006919
2025-04-04,equal_weight,-0.070422049129158851
2025-04-05,equal_weight,0
2025-04-06,equal_weight,0
2025-04-07,equal_weight,-0.026177977851219551
2025-04-08,equal_weight,0.016073400022134952
2025-04-09,equal_weight,0.0093026454620382983
2025-04-10,equal_weight,0.021021520815640769
2025-04-11,equal_weight,0.015797292993956075
2025-04-12,equal_weight,0
2025-04-13,equal_weight,0
2025-04-14,equal_weight,0.030686499675284924
2025-04-15,equal_weight,0.024516357715683886
2025-04-16,equal_weight,-0.0055616917007738093
2025-04-17,equal_weight,0.0054315574139466938
2025-04-18,equal_weight,0.0002366586089062051
2025-04-19,equal_weight,0
2025-04-20,equal_weight,0
2025-04-21,equal_weight,-0.0066672106198982636
2025-04-22,equal_weight,0.023157791969674622
2025-04-23,equal_weight,0.023533844744282634
2025-04-24,equal_weight,0.0017124823836823413
2025-04-25,equal_weight,0.011758286103456566
2025-04-26,equal_weight,0
2025-04-27,equal_weight,0
2025-04-28,equal_weight,0.0034955764323532446
2025-04-29,equal_weight,0.015275458931391284
2025-04-30,equal_weight,-0.0062429713391750777
2025-05-01,equal_weight,-0.0049667942634366727
2025-05-02,equal_weight,0.01492642288543621
2025-05-03,equal_weight,0
2025-05-04,equal_weight,0
2025-05-05,equal_weight,0.0036862747578170997
2025-05-06,equal_weight,-0.0061610159394037012
2025-05-07,equal_weight,0.0032249942328000255
2025-05-08,equal_weight,0.013885172247958481
2025-05-09,equal_weight,0.0031655407413241875
2025-05-10,equal_weight,0
2025-05-11,equal_weight,0
2025-05-12,equal_weight,0.029895673061710211
2025-05-13,equal_weight,-9.6827352798187189e-05
2025-05-14,equal_weight,0.015314543469862425
2025-05-15,equal_weight,6.7633230879158925e-05
2025-05-16,equal_weight,0.0037120840458631029
2025-05-17,equal_weight,0
2025-05-18,equal_weight,0
2025-05-19,equal_weight,0.0042594582577049787
2025-05-20,equal_weight,0.008167383572735696
2025-05-21,equal_weight,-0.0048031013285359534
2025-05-22,equal_weight,0.0021868317848642571
2025-05-23,equal_weight,-0.013201537083502895
2025-05-24,equal_weight,0
2025-05-25,equal_weight,0
2025-05-26,equal_weight,0.012012913060906145
2025-05-27,equal_weight,0.012822480198081687
2025-05-28,equal_weight,-0.013379202294758618
2025-05-29,equal_weight,-0.00047023686832255152
2025-05-30,equal_weight,0.0070890997443653061
2025-05-31,equal_weight,0
2025-06-01,equal_weight,0
2025-06-02,equal_weight,-0.0017117782141817873
2025-06-03,equal_weight,0.011724047489294693
2025-06-04,equal_weight,-0.0088757210490322813
2025-06-05,equal_weight,0.0070108544841202226
2025-06-06,equal_weight,0.013785161348862967
2025-06-07,equal_weight,0
2025-06-08,equal_weight,0
2025-06-09,equal_weight,-0.0016563810575679243
2025-06-10,equal_weight,-0.012283206756650501
2025-06-11,equal_weight,-0.00083250563420897645
2025-06-12,equal_weight,0.0051303031590712658
2025-06-13,equal_weight,-0.0097712753013748932
2025-06-14,equal_weight,0
2025-06-15,equal_weight,0
2025-06-16,equal_weight,0.01540523202115749
2025-06-17,equal_weight,-0.01599508242547901
2025-06-18,equal_weight,0.0054469852483036161
2025-06-19,equal_weight,-0.01152833532954866
2025-06-20,equal_weight,0.0081010089531105885
2025-06-21,equal_weight,0
2025-06-22,equal_weight,0
2025-06-23,equal_weight,-0.0028821963941345792
2025-06-24,equal_weight,0.028922525995814838
2025-06-25,equal_weight,-0.0013261174835938151
2025-06-26,equal_weight,0.0088882009538062707
2025-06-27,equal_weight,0.012216943459520369
2025-06-28,equal_weight,0
2025-06-29,equal_weight,0
2025-06-30,equal_weight,0.00041876909696303047
2025-07-01,equal_weight,-0.001243696532541954
2025-07-02,equal_weight,0.0088481617053100311
2025-07-03,equal_weight,0.011096604207460968
2025-07-04,equal_weight,-0.0072533101927410399
2025-07-05,equal_weight,0
2025-07-06,equal_weight,0
2025-07-07,equal_weight,0.0038359992311488068
2025-07-08,equal_weight,-0.0016406968115509043
2025-07-09,equal_weight,0.010824191181394969
2025-07-10,equal_weight,9.2200063476189099e-05
2025-07-11,equal_weight,-0.011169440205034133
2025-07-12,equal_weight,0
2025-07-13,equal_weight,0
2025-07-14,equal_weight,0.0035968130054819273
2025-07-15,equal_weight,-0.011669396071225623
2025-07-16,equal_weight,-0.0048122226020820705
2025-07-17,equal_weight,0.014133187487146771
2025-07-18,equal_weight,0.00093913748954261081
2025-07-19,equal_weight,0
2025-07-20,equal_weight,0
2025-07-21,equal_weight,0.0029691242832820589
2025-07-22,equal_weight,0.0037154038722900999
2025-07-23,equal_weight,0.019004228405345464
2025-07-24,equal_weight,0.018749965503475845
2025-07-25,equal_weight,-0.00024616571692434591
2025-07-26,equal_weight,0
2025-07-27,equal_weight,0
2025-07-28,equal_weight,-0.0083552152050832933
2025-07-29,equal_weight,0.0024958316086395173
2025-07-30,equal_weight,0.0047353383564128337
2025-07-31,equal_weight,-0.0069967875723843387
2025-08-01,equal_weight,-0.027126286930037435
2025-08-02,equal_weight,0
2025-08-03,equal_weight,0
2025-08-04,equal_weight,0.026231440024732617
2025-08-05,equal_weight,-0.0031044163044179514
2025-08-06,equal_weight,0.0070280125416423795
2025-08-07,equal_weight,0.0090075798474240285
2025-08-08,equal_weight,0.018174095576401008
2025-08-09,equal_weight,0
2025-08-10,equal_weight,0
2025-08-11,equal_weight,0.002951548557807205
2025-08-12,equal_weight,0.011794647072439657
2025-08-13,equal_weight,0.0064201286340172725
2025-08-14,equal_weight,0.012021131872046615
2025-08-15,equal_weight,-0.0092132396959726023
2025-08-16,equal_weight,0
2025-08-17,equal_weight,0
2025-08-18,equal_weight,0.00069769611877083186
2025-08-19,equal_weight,-0.00071888411873746196
2025-08-20,equal_weight,-0.00062319133638833021
2025-08-21,equal_weight,0.0032253898714293705
2025-08-22,equal_weight,0.009578336594022855
2025-08-23,equal_weight,0
2025-08-24,equal_weight,0
2025-08-25,equal_weight,0.0011902350832919282
2025-08-26,equal_weight,-0.01452152553954047
2025-08-27,equal_weight,-0.0058924938724120718
2025-08-28,equal_weight,0.0012673111952294955
2025-08-29,equal_weight,-0.0037939766709250179
2025-08-30,equal_weight,0
2025-08-31,equal_weight,0
2025-09-01,equal_weight,0.0040698012684518116
2025-09-02,equal_weight,-0.0098538227759185585
2025-09-03,equal_weight,-0.008259759404912477
2025-09-04,equal_weight,0.018644138878491593
2025-09-05,equal_weight,-0.014020390351905374
2025-09-06,equal_weight,0
2025-09-07,equal_weight,0
2025-09-08,equal_weight,0.010657519526827522
2025-09-09,equal_weight,0.013091201211620456
2025-09-10,equal_weight,0.0041268589268418938
2025-09-11,equal_weight,0.0094238082566886327
2025-09-12,equal_weight,0.0030151287452210114
2025-09-13,equal_weight,0
2025-09-14,equal_weight,0
2025-09-15,equal_weight,0.0095241360876199312
2025-09-16,equal_weight,-0.013479883428364594
2025-09-17,equal_weight,0.0053997274351517514
2025-09-18,equal_weight,0.007176851675566938
2025-09-19,equal_weight,0.0022165712971866751
2025-09-20,equal_weight,0
2025-09-21,equal_weight,0
2025-09-22,equal_weight,-0.0047860296319896254
2025-09-23,equal_weight,0.0035372166494358295
2025-09-24,equal_weight,0.00012860342113663818
2025-09-25,equal_weight,-0.008689856255995769
2025-09-26,equal_weight,0.0075649518460584198
2025-09-27,equal_weight,0
2025-09-28,equal_weight,0
2025-09-29,equal_weight,-0.0039917400637479493
2025-09-30,equal_weight,0.00073997644431709271
2025-10-01,equal_weight,-0.0033904425060873582
2025-10-02,equal_weight,-0.0066394009072229549
2025-10-03,equal_weight,0.0078808280517655947
2025-10-04,equal_weight,0
2025-10-05,equal_weight,0
2025-10-06,equal_weight,-0.0099433249128202152
2025-10-07,equal_weight,-0.0071343344438348465
2025-10-08,equal_weight,0.0039438562742062982
2025-10-09,equal_weight,-0.0091528280286863051
2025-10-10,equal_weight,-0.019518683063318026
2025-10-11,equal_weight,0
2025-10-12,equal_weight,0
2025-10-13,equal_weight,0.010973462036810905
2025-10-14,equal_weight,0.0027769837997326206
2025-10-15,equal_weight,0.0026601719428967544
2025-10-16,equal_weight,-3.9534192863671822e-05
2025-10-17,equal_weight,-0.017596082685516393
2025-10-18,equal_weight,0
2025-10-19,equal_weight,0
2025-10-20,equal_weight,0.012764348105716763
2025-10-21,equal_weight,-0.0052580022237958849
2025-10-22,equal_weight,-0.0042500999895269927
2025-10-23,equal_weight,0.0046470332815604417
2025-10-24,equal_weight,0.010215934351759161
2025-10-25,equal_weight,0
2025-10-26,equal_weight,0
2025-10-27,equal_weight,0.011087241267273097
2025-10-28,equal_weight,0.005856791335349199
2025-10-29,equal_weight,0.0046127123083730638
2025-10-30,equal_weight,0.0016685568212257734
2025-10-31,equal_weight,-8.4257808936617971e-05
2025-11-01,equal_weight,0
2025-11-02,equal_weight,0
2025-11-03,equal_weight,-0.00042804362076233864
2025-11-04,equal_weight,0.0016301029902453979
2025-11-05,equal_weight,-0.00033952283135858742
2025-11-06,equal_weight,0.003873102396871957
2025-11-07,equal_weight,-0.0015117976800224715
2025-11-08,equal_weight,0
2025-11-09,equal_weight,0
2025-11-10,equal_weight,0.019915598298438766
2025-11-11,equal_weight,0.0081313224556100565
2025-11-12,equal_weight,0.018273183796375145
2025-11-13,equal_weight,-0.0077814611859938964
2025-11-14,equal_weight,-0.016151519847672231
2025-11-15,equal_weight,0
2025-11-16,equal_weight,0
2025-11-17,equal_weight,-0.013243610710626382
2025-11-18,equal_weight,-0.020396910461649532
2025-11-19,equal_weight,0.0051087089822762317
2025-11-20,equal_weight,-0.0041062707073577674
2025-11-21,equal_weight,-0.00052946687073283265
2025-11-22,equal_weight,0
2025-11-23,equal_weight,0
2025-11-24,equal_weight,0.0075229531294421052
2025-11-25,equal_weight,0.016901483401838072
2025-11-26,equal_weight,0.021632780684239922
2025-11-27,equal_weight,0.0063880357603534237
2025-11-28,equal_weight,0.0028391406310354366
2025-11-29,equal_weight,0
2025-11-30,equal_weight,0
2025-12-01,equal_weight,0.00017829205877478751
2025-12-02,equal_weight,0.010158000758226701
2025-12-03,equal_weight,-0.00059519820410604155
2025-12-04,equal_weight,0.014321979054304653
2025-12-05,equal_weight,-0.0023314484128502968
2025-12-06,equal_weight,0
2025-12-07,equal_weight,0
2025-12-08,equal_weight,0.0044302637620797442
2025-12-09,equal_weight,0.0017317500232872372
2025-12-10,equal_weight,0.0076551462158034322
2025-12-11,equal_weight,0.017013995732757626
2025-12-12,equal_weight,-0.0028119004650603817
2025-12-13,equal_weight,0
2025-12-14,equal_weight,0
2025-12-15,equal_weight,0.010384759271525415
2025-12-16,equal_weight,-0.0033411237190968503
2025-12-17,equal_weight,0.0060836614763623755
2025-12-18,equal_weight,0.0028712460900067386
2025-12-19,equal_weight,0.012391435963916134
2025-12-20,equal_weight,0
2025-12-21,equal_weight,0
2025-12-22,equal_weight,0.0014566731947195225
2025-12-23,equal_weight,0.0077479153316924176
2025-12-24,equal_weight,0.0034520436551018292
2025-12-25,equal_weight,-0.00031941996718509323
2025-12-26,equal_weight,-0.0012932176995932413
2025-12-27,equal_weight,0
2025-12-28,equal_weight,0
2025-12-29,equal_weight,-0.0070707883951280186
2025-12-30,equal_weight,0.0063519674089084922
2025-12-31,equal_weight,-0.0053474710341046457
