Date,us_2y_yield,us_10y_yield_fred,us_10y_real_yield,us_10y_breakeven_inflation,us_baa_10y_credit_spread,fed_total_assets,usd_per_eur_fred,usd_per_gbp_fred,jpy_per_usd_fred,ecb_deposit_rate,ecb_main_refinancing_rate,euro_area_10y_yield,uk_sonia_rate,uk_10y_yield,jp_call_money_rate,jp_10y_yield,ch_10y_yield
2000-01-01,,,,,,,,,,2.0,3.0,5.69853923809524,,5.8227,0.02053,1.691,3.784
2000-01-02,,,,,,,,,,2.0,3.0,,,,,,
2000-01-03,6.38,6.58,,,1.69,,1.0155,1.627,101.7,2.0,3.0,,,,,,
2000-01-04,6.3,6.49,,,1.72,,1.0309,1.637,103.09,2.0,3.0,,4.591,,,,
2000-01-05,6.38,6.62,,,1.67,,1.0335,1.6415,103.77,2.0,3.0,,4.4584,,,,
2000-01-06,6.35,6.57,,,1.67,,1.0324,1.6475,105.19,2.0,3.0,,4.9208,,,,
2000-01-07,6.31,6.52,,,1.7,,1.0294,1.6384,105.17,2.0,3.0,,4.4172,,,,
2000-01-08,,,,,,,,,,2.0,3.0,,,,,,
2000-01-09,,,,,,,,,,2.0,3.0,,,,,,
2000-01-10,6.38,6.57,,,1.7,,1.0252,1.6374,105.28,2.0,3.0,,4.2968,,,,
2000-01-11,6.45,6.67,,,1.69,,1.0322,1.648,106.09,2.0,3.0,,3.9486,,,,
2000-01-12,6.49,6.72,,,1.68,,1.0281,1.6465,105.76,2.0,3.0,,3.6436,,,,
2000-01-13,6.4,6.63,,,1.75,,1.027,1.6482,106.09,2.0,3.0,,5.5285,,,,
2000-01-14,6.44,6.69,,,1.73,,1.0128,1.6353,105.86,2.0,3.0,,5.0126,,,,
2000-01-15,,,,,,,,,,2.0,3.0,,,,,,
2000-01-16,,,,,,,,,,2.0,3.0,,,,,,
2000-01-17,,,,,,,,,,2.0,3.0,,5.4604,,,,
2000-01-18,6.47,6.75,,,1.72,,1.0121,1.638,105.49,2.0,3.0,,5.5056,,,,
2000-01-19,6.46,6.73,,,1.7,,1.0115,1.6438,105.39,2.0,3.0,,6.1642,,,,
2000-01-20,6.49,6.79,,,1.66,,1.0133,1.6538,105.45,2.0,3.0,,6.0458,,,,
2000-01-21,6.48,6.79,,,1.63,,1.01,1.6504,104.96,2.0,3.0,,5.8912,,,,
2000-01-22,,,,,,,,,,2.0,3.0,,,,,,
2000-01-23,,,,,,,,,,2.0,3.0,,,,,,
2000-01-24,6.43,6.69,,,1.67,,1.0019,1.652,105.52,2.0,3.0,,5.8686,,,,
2000-01-25,6.44,6.7,,,1.63,,1.0041,1.6482,105.87,2.0,3.0,,6.0595,,,,
2000-01-26,6.45,6.69,,,1.59,,1.0011,1.6395,105.85,2.0,3.0,,6.0749,,,,
2000-01-27,6.51,6.68,,,1.55,,0.989,1.6363,104.91,2.0,3.0,,6.5169,,,,
2000-01-28,6.58,6.66,,,1.6,,0.9765,1.621,107.15,2.0,3.0,,6.0424,,,,
2000-01-29,,,,,,,,,,2.0,3.0,,,,,,
2000-01-30,,,,,,,,,,2.0,3.0,,,,,,
2000-01-31,6.61,6.68,,,1.68,,0.9757,1.6182,107.33,2.0,3.0,,6.606,,,,
2000-02-01,6.6,6.62,,,1.65,,0.9731,1.615,107.67,2.0,3.0,5.66359938095238,6.1338,5.6347,0.0345,1.796,3.868
2000-02-02,6.63,6.6,,,1.62,,0.9768,1.606,108.4,2.0,3.0,,5.8505,,,,
2000-02-03,6.56,6.49,,,1.64,,0.9887,1.6025,107.92,2.0,3.0,,5.8447,,,,
2000-02-04,6.63,6.53,,,1.6,,0.976,1.5915,107.54,2.25,3.25,,5.6334,,,,
2000-02-05,,,,,,,,,,2.25,3.25,,,,,,
2000-02-06,,,,,,,,,,2.25,3.25,,,,,,
2000-02-07,6.68,6.64,,,1.66,,0.9783,1.5917,108.75,2.25,3.25,,5.2398,,,,
2000-02-08,6.69,6.59,,,1.59,,0.9862,1.6105,109.59,2.25,3.25,,5.0384,,,,
2000-02-09,6.69,6.56,,,1.7,,0.9914,1.6115,109.11,2.25,3.25,,4.6908,,,,
2000-02-10,6.67,6.67,,,1.72,,0.9865,1.6057,108.74,2.25,3.25,,6.2416,,,,
2000-02-11,6.65,6.63,,,1.73,,0.9847,1.5923,108.99,2.25,3.25,,5.8519,,,,
2000-02-12,,,,,,,,,,2.25,3.25,,,,,,
2000-02-13,,,,,,,,,,2.25,3.25,,,,,,
2000-02-14,6.62,6.56,,,1.74,,0.9783,1.589,108.65,2.25,3.25,,5.9246,,,,
2000-02-15,6.66,6.56,,,1.77,,0.9834,1.595,108.75,2.25,3.25,,6.0684,,,,
2000-02-16,6.63,6.56,,,1.79,,0.9842,1.604,109.38,2.25,3.25,,6.227,,,,
2000-02-17,6.69,6.58,,,1.75,,0.9863,1.605,110.27,2.25,3.25,,5.73,,,,
2000-02-18,6.66,6.49,,,1.82,,0.985,1.5984,110.88,2.25,3.25,,6.1442,,,,
2000-02-19,,,,,,,,,,2.25,3.25,,,,,,
2000-02-20,,,,,,,,,,2.25,3.25,,,,,,
2000-02-21,,,,,,,,,,2.25,3.25,,5.8418,,,,
2000-02-22,6.57,6.36,,,1.88,,1.006,1.6165,111.04,2.25,3.25,,6.1601,,,,
2000-02-23,6.61,6.44,,,1.84,,1.0017,1.6047,111.11,2.25,3.25,,5.8504,,,,
2000-02-24,6.52,6.36,,,1.94,,0.9931,1.5981,110.95,2.25,3.25,,6.3514,,,,
2000-02-25,6.45,6.36,,,1.99,,0.9763,1.5908,110.98,2.25,3.25,,5.9295,,,,
2000-02-26,,,,,,,,,,2.25,3.25,,,,,,
2000-02-27,,,,,,,,,,2.25,3.25,,,,,,
2000-02-28,6.47,6.37,,,2.01,,0.9669,1.5935,109.17,2.25,3.25,,5.8994,,,,
2000-02-29,6.53,6.42,,,1.91,,0.9643,1.578,109.88,2.25,3.25,,6.0053,,,,
2000-03-01,6.52,6.39,,,1.96,,0.97,1.5849,107.1,2.25,3.25,5.4906287826087,6.241,5.3707,0.02136,1.819,4.155
2000-03-02,6.52,6.4,,,1.95,,0.9619,1.5765,107.37,2.25,3.25,,6.3003,,,,
2000-03-03,6.5,6.39,,,1.93,,0.9618,1.581,107.8,2.25,3.25,,5.8338,,,,
2000-03-04,,,,,,,,,,2.25,3.25,,,,,,
2000-03-05,,,,,,,,,,2.25,3.25,,,,,,
2000-03-06,6.55,6.42,,,1.91,,0.9603,1.5732,107.74,2.25,3.25,,5.9165,,,,
2000-03-07,6.48,6.39,,,1.95,,0.956,1.5772,106.2,2.25,3.25,,6.2693,,,,
2000-03-08,6.5,6.38,,,1.98,,0.9576,1.5855,106.89,2.25,3.25,,5.9069,,,,
2000-03-09,6.48,6.35,,,2.05,,0.9684,1.5815,106.45,2.25,3.25,,5.7663,,,,
2000-03-10,6.55,6.39,,,2.09,,0.9659,1.5793,106.27,2.25,3.25,,5.4667,,,,
2000-03-11,,,,,,,,,,2.25,3.25,,,,,,
2000-03-12,,,,,,,,,,2.25,3.25,,,,,,
2000-03-13,6.52,6.36,,,2.17,,0.9648,1.5782,105.32,2.25,3.25,,5.4238,,,,
2000-03-14,6.48,6.31,,,2.15,,0.9644,1.5725,104.85,2.25,3.25,,5.2997,,,,
2000-03-15,6.5,6.29,,,2.17,,0.9696,1.573,105.58,2.25,3.25,,5.2697,,,,
2000-03-16,6.5,6.26,,,2.16,,0.971,1.5747,105.63,2.25,3.25,,5.1976,,,,
2000-03-17,6.5,6.2,,,2.16,,0.9694,1.5705,106.1,2.5,3.5,,6.2567,,,,
2000-03-18,,,,,,,,,,2.5,3.5,,,,,,
2000-03-19,,,,,,,,,,2.5,3.5,,,,,,
2000-03-20,6.52,6.18,,,2.14,,0.971,1.5686,106.5,2.5,3.5,,5.7718,,,,
2000-03-21,6.5,6.13,,,2.18,,0.9703,1.5725,106.91,2.5,3.5,,6.1537,,,,
2000-03-22,6.5,6.13,,,2.2,,0.9608,1.5705,106.77,2.5,3.5,,6.5235,,,,
2000-03-23,6.52,6.08,,,2.2,,0.9691,1.583,107.45,2.5,3.5,,5.6885,,,,
2000-03-24,6.64,6.2,,,2.13,,0.9724,1.591,107.25,2.5,3.5,,5.4785,,,,
2000-03-25,,,,,,,,,,2.5,3.5,,,,,,
2000-03-26,,,,,,,,,,2.5,3.5,,,,,,
2000-03-27,6.66,6.21,,,2.11,,0.9645,1.5855,107.13,2.5,3.5,,5.4679,,,,
2000-03-28,6.6,6.17,,,2.16,,0.9614,1.5872,105.9,2.5,3.5,,5.3095,,,,
2000-03-29,6.59,6.18,,,2.2,,0.9524,1.587,105.6,2.5,3.5,,5.5004,,,,
2000-03-30,6.52,6.06,,,2.3,,0.9594,1.5922,105.53,2.5,3.5,,5.7661,,,,
2000-03-31,6.5,6.03,,,2.3,,0.9574,1.5922,102.73,2.5,3.5,,5.7179,,,,
2000-04-01,,,,,,,,,,2.5,3.5,5.4137985,,5.3213,0.02,1.74,4.076
2000-04-02,,,,,,,,,,2.5,3.5,,,,,,
2000-04-03,6.45,6.0,,,2.3,,0.956,1.598,104.82,2.5,3.5,,5.6914,,,,
2000-04-04,6.35,5.9,,,2.38,,0.9588,1.5965,105.33,2.5,3.5,,5.5847,,,,
2000-04-05,6.35,5.9,,,2.45,,0.9647,1.59,105.0,2.5,3.5,,5.3954,,,,
2000-04-06,6.38,5.93,,,2.39,,0.958,1.58,104.78,2.5,3.5,,5.8267,,,,
2000-04-07,6.38,5.86,,,2.4,,0.959,1.583,105.33,2.5,3.5,,5.8689,,,,
2000-04-08,,,,,,,,,,2.5,3.5,,,,,,
2000-04-09,,,,,,,,,,2.5,3.5,,,,,,
2000-04-10,6.31,5.8,,,2.44,,0.9588,1.5828,106.37,2.5,3.5,,6.1592,,,,
2000-04-11,6.36,5.89,,,2.45,,0.9591,1.5873,106.95,2.5,3.5,,6.1984,,,,
2000-04-12,6.4,5.97,,,2.44,,0.9551,1.5882,105.86,2.5,3.5,,5.935,,,,
2000-04-13,6.4,5.94,,,2.45,,0.9524,1.5881,105.76,2.5,3.5,,5.8132,,,,
2000-04-14,6.27,5.85,,,2.53,,0.9564,1.586,105.12,2.5,3.5,,5.6068,,,,
2000-04-15,,,,,,,,,,2.5,3.5,,,,,,
2000-04-16,,,,,,,,,,2.5,3.5,,,,,,
2000-04-17,6.33,6.01,,,2.5,,0.955,1.5853,104.19,2.5,3.5,,5.8734,,,,
2000-04-18,6.33,6.05,,,2.43,,0.9477,1.5764,104.59,2.5,3.5,,5.9436,,,,
2000-04-19,6.33,5.99,,,2.42,,0.9369,1.5777,104.94,2.5,3.5,,6.4177,,,,
2000-04-20,6.38,5.99,,,2.41,,0.9376,1.5801,105.45,2.5,3.5,,6.2604,,,,
2000-04-21,,,,,,,0.9379,1.5785,105.88,2.5,3.5,,,,,,
2000-04-22,,,,,,,,,,2.5,3.5,,,,,,
2000-04-23,,,,,,,,,,2.5,3.5,,,,,,
2000-04-24,6.36,6.0,,,2.42,,0.9396,1.58,105.66,2.5,3.5,,,,,,
2000-04-25,6.48,6.14,,,2.36,,0.9265,1.5787,105.71,2.5,3.5,,5.9393,,,,
2000-04-26,6.5,6.14,,,2.37,,0.9217,1.5795,106.46,2.5,3.5,,6.0767,,,,
2000-04-27,6.63,6.23,,,2.34,,0.9083,1.5748,106.36,2.5,3.5,,6.3859,,,,
2000-04-28,6.68,6.23,,,2.34,,0.9089,1.556,107.98,2.75,3.75,,5.8485,,,,
2000-04-29,,,,,,,,,,2.75,3.75,,,,,,
2000-04-30,,,,,,,,,,2.75,3.75,,,,,,
2000-05-01,6.73,6.29,,,2.3,,0.912,1.5558,108.89,2.75,3.75,5.515497478260871,,5.4033,0.021,1.705,4.19
2000-05-02,6.72,6.32,,,2.32,,0.9068,1.559,108.63,2.75,3.75,,5.717,,,,
2000-05-03,6.73,6.4,,,2.34,,0.8891,1.5605,109.14,2.75,3.75,,5.5954,,,,
2000-05-04,6.77,6.46,,,2.38,,0.8907,1.5435,108.17,2.75,3.75,,6.1485,,,,
2000-05-05,6.84,6.51,,,2.36,,0.8953,1.5288,108.53,2.75,3.75,,5.8867,,,,
2000-05-06,,,,,,,,,,2.75,3.75,,,,,,
2000-05-07,,,,,,,,,,2.75,3.75,,,,,,
2000-05-08,6.87,6.57,,,2.35,,0.895,1.531,109.03,2.75,3.75,,5.7085,,,,
2000-05-09,6.86,6.53,,,2.36,,0.9023,1.5315,109.61,2.75,3.75,,5.7223,,,,
2000-05-10,6.84,6.47,,,2.41,,0.9097,1.5153,109.33,2.75,3.75,,5.7731,,,,
2000-05-11,6.82,6.43,,,2.49,,0.9021,1.4997,108.47,2.75,3.75,,6.0756,,,,
2000-05-12,6.91,6.51,,,2.52,,0.908,1.5172,108.74,2.75,3.75,,6.3722,,,,
2000-05-13,,,,,,,,,,2.75,3.75,,,,,,
2000-05-14,,,,,,,,,,2.75,3.75,,,,,,
2000-05-15,6.88,6.47,,,2.52,,0.9138,1.5075,109.48,2.75,3.75,,5.9116,,,,
2000-05-16,6.89,6.43,,,2.51,,0.9053,1.5008,109.75,2.75,3.75,,6.3565,,,,
2000-05-17,6.9,6.48,,,2.53,,0.8921,1.4905,109.53,2.75,3.75,,5.8053,,,,
2000-05-18,6.93,6.56,,,2.52,,0.8952,1.4818,108.7,2.75,3.75,,5.6339,,,,
2000-05-19,6.86,6.51,,,2.55,,0.8946,1.4855,106.89,2.75,3.75,,5.6976,,,,
2000-05-20,,,,,,,,,,2.75,3.75,,,,,,
2000-05-21,,,,,,,,,,2.75,3.75,,,,,,
2000-05-22,6.81,6.44,,,2.57,,0.9036,1.4907,107.02,2.75,3.75,,6.1507,,,,
2000-05-23,6.83,6.45,,,2.55,,0.9032,1.4728,106.72,2.75,3.75,,6.3281,,,,
2000-05-24,6.79,6.47,,,2.52,,0.9096,1.4755,107.58,2.75,3.75,,5.8,,,,
2000-05-25,6.71,6.39,,,2.5,,0.9072,1.4705,107.48,2.75,3.75,,6.0279,,,,
2000-05-26,6.69,6.33,,,2.51,,0.931,1.4875,107.18,2.75,3.75,,5.6527,,,,
2000-05-27,,,,,,,,,,2.75,3.75,,,,,,
2000-05-28,,,,,,,,,,2.75,3.75,,,,,,
2000-05-29,,,,,,,,,,2.75,3.75,,,,,,
2000-05-30,6.74,6.38,,,2.49,,0.9314,1.495,106.44,2.75,3.75,,5.8159,,,,
2000-05-31,6.69,6.29,,,2.52,,0.9328,1.4968,107.74,2.75,3.75,,5.9768,,,,
2000-06-01,6.61,6.2,,,2.51,,0.9307,1.4915,108.74,2.75,3.75,5.34537513636364,5.7501,5.2097,0.02091,1.664,4.008
2000-06-02,6.52,6.15,,,2.5,,0.9432,1.5079,108.15,2.75,3.75,,5.6895,,,,
2000-06-03,,,,,,,,,,2.75,3.75,,,,,,
2000-06-04,,,,,,,,,,2.75,3.75,,,,,,
2000-06-05,6.49,6.12,,,2.44,,0.9471,1.5135,107.44,2.75,3.75,,5.6545,,,,
2000-06-06,6.51,6.14,,,2.39,,0.957,1.5235,105.64,2.75,3.75,,5.5374,,,,
2000-06-07,6.52,6.13,,,2.36,,0.96,1.5225,105.5,2.75,3.75,,6.2445,,,,
2000-06-08,6.56,6.13,,,2.35,,0.9548,1.506,105.86,2.75,3.75,,6.5592,,,,
2000-06-09,6.56,6.13,,,2.34,,0.9526,1.5079,106.78,3.25,4.25,,5.5629,,,,
2000-06-10,,,,,,,,,,3.25,4.25,,,,,,
2000-06-11,,,,,,,,,,3.25,4.25,,,,,,
2000-06-12,6.52,6.09,,,2.35,,0.9544,1.512,106.65,3.25,4.25,,5.7222,,,,
2000-06-13,6.49,6.11,,,2.36,,0.9619,1.513,106.79,3.25,4.25,,5.7503,,,,
2000-06-14,6.44,6.06,,,2.35,,0.959,1.5023,106.89,3.25,4.25,,5.6151,,,,
2000-06-15,6.44,6.05,,,2.36,,0.953,1.5103,106.52,3.25,4.25,,6.2218,,,,
2000-06-16,6.38,5.99,,,2.37,,0.9648,1.5165,106.22,3.25,4.25,,5.5817,,,,
2000-06-17,,,,,,,,,,3.25,4.25,,,,,,
2000-06-18,,,,,,,,,,3.25,4.25,,,,,,
2000-06-19,6.4,6.0,,,2.38,,0.9622,1.5154,105.74,3.25,4.25,,5.6417,,,,
2000-06-20,6.43,6.03,,,2.36,,0.9557,1.51,105.42,3.25,4.25,,6.212,,,,
2000-06-21,6.5,6.11,,,2.35,,0.9455,1.497,105.5,3.25,4.25,,5.7432,,,,
2000-06-22,6.5,6.12,,,2.37,,0.9398,1.511,104.4,3.25,4.25,,6.5069,,,,
2000-06-23,6.55,6.19,,,2.34,,0.9358,1.501,104.59,3.25,4.25,,6.7775,,,,
2000-06-24,,,,,,,,,,3.25,4.25,,,,,,
2000-06-25,,,,,,,,,,3.25,4.25,,,,,,
2000-06-26,6.5,6.11,,,2.41,,0.9382,1.499,105.66,3.25,4.25,,5.7092,,,,
2000-06-27,6.5,6.1,,,2.38,,0.9444,1.5,105.53,3.25,4.25,,5.7257,,,,
2000-06-28,6.43,6.11,,,2.4,,0.9444,1.5107,105.51,3.25,,,6.3515,,,,
2000-06-29,6.37,6.04,,,2.4,,0.9515,1.5194,105.09,3.25,,,6.0537,,,,
2000-06-30,6.38,6.03,,,2.4,,0.9545,1.513,106.14,3.25,,,5.2592,,,,
2000-07-01,,,,,,,,,,3.25,,5.45373552380952,,5.2388,0.021,1.689,3.976
2000-07-02,,,,,,,,,,3.25,,,,,,,
2000-07-03,6.31,6.0,,,2.41,,0.9526,1.5135,105.64,3.25,,,5.3602,,,,
2000-07-04,,,,,,,,,,3.25,,,5.7605,,,,
2000-07-05,6.29,5.99,,,2.4,,0.9548,1.512,106.91,3.25,,,5.581,,,,
2000-07-06,6.34,6.05,,,2.38,,0.9527,1.512,107.37,3.25,,,6.0046,,,,
2000-07-07,6.29,6.01,,,2.37,,0.9484,1.5143,107.81,3.25,,,5.5963,,,,
2000-07-08,,,,,,,,,,3.25,,,,,,,
2000-07-09,,,,,,,,,,3.25,,,,,,,
2000-07-10,6.31,6.04,,,2.34,,0.9521,1.5137,107.1,3.25,,,5.7229,,,,
2000-07-11,6.32,6.06,,,2.33,,0.9497,1.514,106.93,3.25,,,5.7648,,,,
2000-07-12,6.34,6.09,,,2.29,,0.9401,1.5068,108.36,3.25,,,6.6081,,,,
2000-07-13,6.31,6.01,,,2.3,,0.9339,1.499,108.27,3.25,,,6.6004,,,,
2000-07-14,6.41,6.1,,,2.24,,0.9374,1.499,107.88,3.25,,,5.7441,,,,
2000-07-15,,,,,,,,,,3.25,,,,,,,
2000-07-16,,,,,,,,,,3.25,,,,,,,
2000-07-17,6.46,6.17,,,2.22,,0.9351,1.492,108.53,3.25,,,5.8204,,,,
2000-07-18,6.44,6.16,,,2.22,,0.9322,1.4945,108.3,3.25,,,6.1991,,,,
2000-07-19,6.46,6.16,,,2.24,,0.9237,1.4942,108.2,3.25,,,6.4737,,,,
2000-07-20,6.32,6.01,,,2.29,,0.9292,1.5094,107.89,3.25,,,6.7766,,,,
2000-07-21,6.32,6.01,,,2.27,,0.9343,1.5167,109.08,3.25,,,6.3387,,,,
2000-07-22,,,,,,,,,,3.25,,,,,,,
2000-07-23,,,,,,,,,,3.25,,,,,,,
2000-07-24,6.35,6.04,,,2.26,,0.9314,1.514,108.92,3.25,,,5.6143,,,,
2000-07-25,6.35,6.04,,,2.26,,0.9391,1.519,109.3,3.25,,,5.6898,,,,
2000-07-26,6.29,6.04,,,2.27,,0.9413,1.5154,109.28,3.25,,,5.8457,,,,
2000-07-27,6.27,6.02,,,2.24,,0.9331,1.5116,109.15,3.25,,,6.5343,,,,
2000-07-28,6.3,6.04,,,2.25,,0.9246,1.5025,109.63,3.25,,,5.8396,,,,
2000-07-29,,,,,,,,,,3.25,,,,,,,
2000-07-30,,,,,,,,,,3.25,,,,,,,
2000-07-31,6.3,6.04,,,2.27,,0.9266,1.4983,109.68,3.25,,,5.8457,,,,
2000-08-01,6.27,6.0,,,2.27,,0.9228,1.4992,109.47,3.25,,5.3981782173913,5.6508,5.3312,0.15522,1.75,3.84
2000-08-02,6.23,5.98,,,2.3,,0.9137,1.4926,108.77,3.25,,,5.6139,,,,
2000-08-03,6.22,5.95,,,2.31,,0.9042,1.4947,108.36,3.25,,,6.2961,,,,
2000-08-04,6.15,5.91,,,2.33,,0.9075,1.5022,108.54,3.25,,,6.2903,,,,
2000-08-05,,,,,,,,,,3.25,,,,,,,
2000-08-06,,,,,,,,,,3.25,,,,,,,
2000-08-07,6.2,5.97,,,2.29,,0.9105,1.507,108.99,3.25,,,5.7439,,,,
2000-08-08,6.16,5.93,,,2.31,,0.9019,1.5022,108.64,3.25,,,5.8561,,,,
2000-08-09,6.18,5.81,,,2.44,,0.8991,1.4992,107.99,3.25,,,5.7512,,,,
2000-08-10,6.16,5.76,,,2.47,,0.9077,1.498,108.7,3.25,,,5.6104,,,,
2000-08-11,6.25,5.79,,,2.45,,0.9046,1.504,108.68,3.25,,,6.1151,,,,
2000-08-12,,,,,,,,,,3.25,,,,,,,
2000-08-13,,,,,,,,,,3.25,,,,,,,
2000-08-14,6.25,5.78,,,2.45,,0.9037,1.506,109.52,3.25,,,6.5434,,,,
2000-08-15,6.28,5.81,,,2.43,,0.9135,1.5056,109.0,3.25,,,5.7008,,,,
2000-08-16,6.3,5.83,,,2.42,,0.9143,1.4988,108.55,3.25,,,5.6076,,,,
2000-08-17,6.3,5.81,,,2.46,,0.9152,1.4992,108.48,3.25,,,5.486,,,,
2000-08-18,6.27,5.78,,,2.46,,0.9068,1.4895,108.43,3.25,,,5.4545,,,,
2000-08-19,,,,,,,,,,3.25,,,,,,,
2000-08-20,,,,,,,,,,3.25,,,,,,,
2000-08-21,6.28,5.79,,,2.47,,0.9027,1.49,108.53,3.25,,,5.7207,,,,
2000-08-22,6.27,5.78,,,2.51,,0.8965,1.4797,108.34,3.25,,,5.7353,,,,
2000-08-23,6.2,5.73,,,2.53,,0.8967,1.4813,107.02,3.25,,,6.3423,,,,
2000-08-24,6.19,5.73,,,2.49,,0.9028,1.4806,106.89,3.25,,,5.7816,,,,
2000-08-25,6.19,5.73,,,2.5,,0.9024,1.4745,107.17,3.25,,,5.9821,,,,
2000-08-26,,,,,,,,,,3.25,,,,,,,
2000-08-27,,,,,,,,,,3.25,,,,,,,
2000-08-28,6.23,5.78,,,2.49,,0.9002,1.4716,106.45,3.25,,,,,,,
2000-08-29,6.26,5.81,,,2.49,,0.8966,1.4616,106.2,3.25,,,6.7793,,,,
2000-08-30,6.24,5.81,,,2.49,,0.8924,1.456,106.47,3.25,,,5.7057,,,,
2000-08-31,6.18,5.73,,,2.51,,0.8878,1.4515,106.66,3.25,,,5.6946,,,,
2000-09-01,6.09,5.68,,,2.54,,0.8993,1.4605,105.78,3.5,,5.467184666666671,5.7317,5.3873,0.2495,1.876,3.954
2000-09-02,,,,,,,,,,3.5,,,,,,,
2000-09-03,,,,,,,,,,3.5,,,,,,,
2000-09-04,,,,,,,,,,3.5,,,5.7728,,,,
2000-09-05,6.09,5.69,,,2.53,,0.8876,1.4522,105.88,3.5,,,5.8285,,,,
2000-09-06,6.11,5.72,,,2.54,,0.8702,1.4455,106.08,3.5,,,5.5902,,,,
2000-09-07,6.14,5.76,,,2.51,,0.874,1.438,105.1,3.5,,,6.4061,,,,
2000-09-08,6.11,5.73,,,2.52,,0.8664,1.4196,106.03,3.5,,,6.4372,,,,
2000-09-09,,,,,,,,,,3.5,,,,,,,
2000-09-10,,,,,,,,,,3.5,,,,,,,
2000-09-11,6.12,5.77,,,2.52,,0.8624,1.4123,105.97,3.5,,,6.3456,,,,
2000-09-12,6.12,5.78,,,2.56,,0.8596,1.402,106.93,3.5,,,6.6734,,,,
2000-09-13,6.09,5.74,,,2.58,,0.864,1.4125,107.11,3.5,,,6.6507,,,,
2000-09-14,6.11,5.79,,,2.58,,0.8617,1.406,107.25,3.5,,,6.6845,,,,
2000-09-15,6.07,5.84,,,2.6,,0.8572,1.4005,107.33,3.5,,,5.8551,,,,
2000-09-16,,,,,,,,,,3.5,,,,,,,
2000-09-17,,,,,,,,,,3.5,,,,,,,
2000-09-18,6.04,5.88,,,2.61,,0.8523,1.4015,106.87,3.5,,,5.7532,,,,
2000-09-19,6.05,5.86,,,2.57,,0.8514,1.408,107.02,3.5,,,6.1462,,,,
2000-09-20,6.11,5.91,,,2.55,,0.8462,1.4107,106.77,3.5,,,6.0441,,,,
2000-09-21,6.11,5.88,,,2.55,,0.8558,1.428,106.5,3.5,,,6.0071,,,,
2000-09-22,6.09,5.85,,,2.55,,0.8793,1.4568,107.94,3.5,,,5.7305,,,,
2000-09-23,,,,,,,,,,3.5,,,,,,,
2000-09-24,,,,,,,,,,3.5,,,,,,,
2000-09-25,6.11,5.84,,,2.53,,0.8738,1.454,107.63,3.5,,,5.7511,,,,
2000-09-26,6.07,5.81,,,2.52,,0.8815,1.46,107.63,3.5,,,6.2992,,,,
2000-09-27,6.0,5.83,,,2.54,,0.8805,1.4607,107.44,3.5,,,6.5419,,,,
2000-09-28,6.02,5.82,,,2.5,,0.8826,1.4635,107.59,3.5,,,6.2138,,,,
2000-09-29,5.98,5.8,,,2.54,,0.8837,1.4787,107.9,3.5,,,6.1806,,,,
2000-09-30,,,,,,,,,,3.5,,,,,,,
2000-10-01,,,,,,,,,,3.5,,5.416259,,5.2179,0.24762,1.815,3.927
2000-10-02,5.98,5.83,,,2.58,,0.8806,1.4675,108.81,3.5,,,5.7862,,,,
2000-10-03,6.0,5.87,,,2.54,,0.8741,1.4565,108.66,3.5,,,6.1583,,,,
2000-10-04,6.03,5.9,,,2.51,,0.8726,1.4558,109.29,3.5,,,5.9853,,,,
2000-10-05,6.02,5.87,,,2.52,,0.8685,1.4502,109.3,3.5,,,5.6515,,,,
2000-10-06,5.98,5.82,,,2.53,,0.868,1.4445,108.81,3.75,,,6.0713,,,,
2000-10-07,,,,,,,,,,3.75,,,,,,,
2000-10-08,,,,,,,,,,3.75,,,,,,,
2000-10-09,,,,,,,,,,3.75,,,6.1413,,,,
2000-10-10,5.98,5.8,,,2.54,,0.8682,1.4484,107.9,3.75,,,6.4857,,,,
2000-10-11,5.93,5.77,,,2.61,,0.8715,1.462,107.63,3.75,,,5.6243,,,,
2000-10-12,5.86,5.73,,,2.64,,0.8644,1.4735,107.58,3.75,,,5.4973,,,,
2000-10-13,5.84,5.73,,,2.64,,0.8568,1.4597,107.67,3.75,,,5.5305,,,,
2000-10-14,,,,,,,,,,3.75,,,,,,,
2000-10-15,,,,,,,,,,3.75,,,,,,,
2000-10-16,5.89,5.74,,,2.63,,0.8489,1.4455,108.3,3.75,,,5.7227,,,,
2000-10-17,5.83,5.68,,,2.64,,0.8507,1.4426,108.15,3.75,,,5.5811,,,,
2000-10-18,5.82,5.66,,,2.68,,0.8391,1.4464,107.78,3.75,,,5.6645,,,,
2000-10-19,5.86,5.66,,,2.66,,0.8406,1.4422,108.55,3.75,,,5.5915,,,,
2000-10-20,5.84,5.64,,,2.65,,0.84,1.4448,109.04,3.75,,,5.4647,,,,
2000-10-21,,,,,,,,,,3.75,,,,,,,
2000-10-22,,,,,,,,,,3.75,,,,,,,
2000-10-23,5.82,5.59,,,2.68,,0.8364,1.455,108.45,3.75,,,5.9051,,,,
2000-10-24,5.86,5.63,,,2.66,,0.8364,1.449,108.08,3.75,,,6.14,,,,
2000-10-25,5.87,5.67,,,2.65,,0.827,1.4335,108.05,3.75,,,5.8122,,,,
2000-10-26,5.9,5.69,,,2.6,,0.8271,1.4313,108.36,3.75,,,5.7414,,,,
2000-10-27,5.94,5.72,,,2.58,,0.8406,1.4517,108.75,3.75,,,5.6664,,,,
2000-10-28,,,,,,,,,,3.75,,,,,,,
2000-10-29,,,,,,,,,,3.75,,,,,,,
2000-10-30,5.97,5.74,,,2.56,,0.8432,1.453,108.99,3.75,,,5.6881,,,,
2000-10-31,5.94,5.77,,,2.56,,0.8486,1.4505,109.15,3.75,,,5.9876,,,,
2000-11-01,5.88,5.74,,,2.57,,0.8584,1.4452,108.48,3.75,,5.335701409090912,5.7099,5.0983,0.2475,1.764,3.771
2000-11-02,5.87,5.74,,,2.54,,0.8594,1.444,108.39,3.75,,,5.9551,,,,
2000-11-03,5.94,5.83,,,2.52,,0.8614,1.4484,107.58,3.75,,,5.9764,,,,
2000-11-04,,,,,,,,,,3.75,,,,,,,
2000-11-05,,,,,,,,,,3.75,,,,,,,
2000-11-06,5.99,5.87,,,2.5,,0.8584,1.432,107.34,3.75,,,5.6278,,,,
2000-11-07,5.99,5.87,,,2.5,,0.8583,1.431,107.3,3.75,,,6.145,,,,
2000-11-08,5.99,5.87,,,2.48,,0.8559,1.4236,107.57,3.75,,,5.7274,,,,
2000-11-09,5.94,5.82,,,2.5,,0.8574,1.4242,107.41,3.75,,,6.0743,,,,
2000-11-10,5.92,5.82,,,2.5,,0.8625,1.4305,107.83,3.75,,,5.8131,,,,
2000-11-11,,,,,,,,,,3.75,,,,,,,
2000-11-12,,,,,,,,,,3.75,,,,,,,
2000-11-13,5.9,5.77,,,2.52,,0.8607,1.4388,107.7,3.75,,,6.2153,,,,
2000-11-14,5.92,5.76,,,2.52,,0.8573,1.4306,108.15,3.75,,,6.4767,,,,
2000-11-15,5.9,5.72,,,2.52,,0.857,1.4257,108.75,3.75,,,5.7783,,,,
2000-11-16,5.87,5.68,,,2.54,,0.8532,1.4228,109.08,3.75,,,6.0051,,,,
2000-11-17,5.88,5.71,,,2.58,,0.8516,1.423,108.86,3.75,,,6.2271,,,,
2000-11-18,,,,,,,,,,3.75,,,,,,,
2000-11-19,,,,,,,,,,3.75,,,,,,,
2000-11-20,5.87,5.68,,,2.61,,0.8486,1.4222,109.79,3.75,,,6.4222,,,,
2000-11-21,5.86,5.67,,,2.64,,0.8458,1.416,110.29,3.75,,,6.0442,,,,
2000-11-22,5.85,5.62,,,2.61,,0.8423,1.4077,110.16,3.75,,,5.6807,,,,
2000-11-23,,,,,,,,,,3.75,,,6.4158,,,,
2000-11-24,5.86,5.63,,,2.63,,0.8382,1.3997,111.38,3.75,,,5.7856,,,,
2000-11-25,,,,,,,,,,3.75,,,,,,,
2000-11-26,,,,,,,,,,3.75,,,,,,,
2000-11-27,5.86,5.64,,,2.65,,0.85,1.4155,110.7,3.75,,,5.6149,,,,
2000-11-28,5.79,5.59,,,2.6,,0.8547,1.4182,110.23,3.75,,,5.8959,,,,
2000-11-29,5.69,5.55,,,2.63,,0.8577,1.4209,111.28,3.75,,,5.6882,,,,
2000-11-30,5.61,5.48,,,2.64,,0.8694,1.421,110.93,3.75,,,6.3055,,,,
2000-12-01,5.62,5.52,,,2.66,,0.8765,1.4373,111.15,3.75,,5.06802647619048,6.2636,4.9118,0.24143,1.624,3.552
2000-12-02,,,,,,,,,,3.75,,,,,,,
2000-12-03,,,,,,,,,,3.75,,,,,,,
2000-12-04,5.59,5.53,,,2.66,,0.8875,1.4523,111.07,3.75,,,5.6824,,,,
2000-12-05,5.49,5.43,,,2.69,,0.8804,1.441,111.0,3.75,,,5.6708,,,,
2000-12-06,5.42,5.32,,,2.73,,0.8877,1.4365,110.42,3.75,,,5.5586,,,,
2000-12-07,5.45,5.32,,,2.72,,0.8891,1.44,110.7,3.75,,,6.0361,,,,
2000-12-08,5.5,5.35,,,2.74,,0.8838,1.4442,111.29,3.75,,,5.9843,,,,
2000-12-09,,,,,,,,,,3.75,,,,,,,
2000-12-10,,,,,,,,,,3.75,,,,,,,
2000-12-11,5.52,5.37,,,2.71,,0.8771,1.4554,110.77,3.75,,,5.9161,,,,
2000-12-12,5.54,5.36,,,2.72,,0.8775,1.448,111.5,3.75,,,5.8617,,,,
2000-12-13,5.45,5.29,,,2.74,,0.8755,1.451,112.4,3.75,,,5.7543,,,,
2000-12-14,5.43,5.23,,,2.77,,0.8858,1.4665,112.42,3.75,,,6.2721,,,,
2000-12-15,5.38,5.2,,,2.77,,0.8981,1.4763,112.55,3.75,,,5.8487,,,,
2000-12-16,,,,,,,,,,3.75,,,,,,,
2000-12-17,,,,,,,,,,3.75,,,,,,,
2000-12-18,5.33,5.17,,,2.81,,0.8929,1.4677,112.06,3.75,,,5.7204,,,,
2000-12-19,5.35,5.19,,,2.81,,0.8902,1.462,112.55,3.75,,,5.7041,,,,
2000-12-20,5.24,5.08,,,2.87,,0.9058,1.4737,112.58,3.75,,,5.5177,,,,
2000-12-21,5.14,5.03,,,2.89,,0.9112,1.4707,112.18,3.75,,,5.0308,,,,
2000-12-22,5.1,5.02,,,2.9,,0.923,1.4783,112.75,3.75,,,5.7761,,,,
2000-12-23,,,,,,,,,,3.75,,,,,,,
2000-12-24,,,,,,,,,,3.75,,,,,,,
2000-12-25,,,,,,,,,,3.75,,,,,,,
2000-12-26,5.1,5.04,,,2.89,,0.9292,1.48,113.62,3.75,,,,,,,
2000-12-27,5.1,5.11,,,2.86,,0.9304,1.4912,114.2,3.75,,,6.3947,,,,
2000-12-28,5.18,5.13,,,2.83,,0.9257,1.4907,114.62,3.75,,,5.6771,,,,
2000-12-29,5.11,5.12,,,2.88,,0.9388,1.4955,114.35,3.75,,,4.3589,,,,
2000-12-30,,,,,,,,,,3.75,,,,,,,
2000-12-31,,,,,,,,,,3.75,,,,,,,
2001-01-01,,,,,,,,,,3.75,,5.0082062173913,,4.8471,0.24895,1.508,3.497
2001-01-02,4.87,4.92,,,2.99,,0.9465,1.4977,114.73,3.75,,,5.7733,,,,
2001-01-03,4.92,5.14,,,2.83,,0.9473,1.5045,114.26,3.75,,,6.0869,,,,
2001-01-04,4.77,5.03,,,2.91,,0.9448,1.493,115.47,3.75,,,5.526,,,,
2001-01-05,4.56,4.93,,,2.99,,0.9535,1.499,116.19,3.75,,,5.326,,,,
2001-01-06,,,,,,,,,,3.75,,,,,,,
2001-01-07,,,,,,,,,,3.75,,,,,,,
2001-01-08,4.54,4.94,,,2.94,,0.9486,1.4969,115.97,3.75,,,5.3786,,,,
2001-01-09,4.64,4.98,,,2.92,,0.9397,1.49,116.64,3.75,,,5.2348,,,,
2001-01-10,4.76,5.1,,,2.83,,0.9387,1.491,116.26,3.75,,,5.7468,,,,
2001-01-11,4.77,5.14,,,2.85,,0.952,1.4965,117.56,3.75,,,6.3986,,,,
2001-01-12,4.9,5.25,,,2.8,,0.9486,1.4778,117.76,3.75,,,6.0413,,,,
2001-01-13,,,,,,,,,,3.75,,,,,,,
2001-01-14,,,,,,,,,,3.75,,,,,,,
2001-01-15,,,,,,,,,,3.75,,,6.1991,,,,
2001-01-16,4.89,5.24,,,2.73,,0.9374,1.4675,117.28,3.75,,,6.0572,,,,
2001-01-17,4.84,5.19,,,2.72,,0.9306,1.4723,118.35,3.75,,,6.0842,,,,
2001-01-18,4.72,5.12,,,2.72,,0.9446,1.4755,117.78,3.75,,,6.4398,,,,
2001-01-19,4.75,5.19,,,2.7,,0.9363,1.4683,117.23,3.75,,,6.4387,,,,
2001-01-20,,,,,,,,,,3.75,,,,,,,
2001-01-21,,,,,,,,,,3.75,,,,,,,
2001-01-22,4.75,5.25,,,2.71,,0.9374,1.465,116.62,3.75,,,6.7105,,,,
2001-01-23,4.82,5.3,,,2.67,,0.9389,1.4715,116.95,3.75,,,5.4619,,,,
2001-01-24,4.81,5.33,,,2.61,,0.9258,1.4616,118.18,3.75,,,5.8631,,,,
2001-01-25,4.78,5.29,,,2.63,,0.9219,1.4605,116.91,3.75,,,6.3756,,,,
2001-01-26,4.78,5.29,,,2.65,,0.9213,1.459,117.16,3.75,,,5.4442,,,,
2001-01-27,,,,,,,,,,3.75,,,,,,,
2001-01-28,,,,,,,,,,3.75,,,,,,,
2001-01-29,4.77,5.32,,,2.65,,0.9181,1.457,116.67,3.75,,,5.7227,,,,
2001-01-30,4.7,5.24,,,2.65,,0.9264,1.4615,115.75,3.75,,,5.6353,,,,
2001-01-31,4.62,5.19,,,2.62,,0.9308,1.4613,116.39,3.75,,,6.3133,,,,
2001-02-01,4.55,5.1,,,2.63,,0.9384,1.4775,115.33,3.75,,5.0210686,6.7888,4.8248,0.24842,1.415,3.492
2001-02-02,4.65,5.17,,,2.63,,0.9357,1.4692,115.65,3.75,,,5.8022,,,,
2001-02-03,,,,,,,,,,3.75,,,,,,,
2001-02-04,,,,,,,,,,3.75,,,,,,,
2001-02-05,4.68,5.18,,,2.59,,0.9395,1.475,114.99,3.75,,,6.8072,,,,
2001-02-06,4.72,5.22,,,2.58,,0.9304,1.4585,114.88,3.75,,,6.8966,,,,
2001-02-07,4.7,5.1,,,2.77,,0.9331,1.4633,116.21,3.75,,,6.934,,,,
2001-02-08,4.73,5.1,,,2.78,,0.9184,1.444,116.3,3.75,,,6.5733,,,,
2001-02-09,4.67,5.03,,,2.79,,0.9267,1.449,117.57,3.75,,,6.0045,,,,
2001-02-10,,,,,,,,,,3.75,,,,,,,
2001-02-11,,,,,,,,,,3.75,,,,,,,
2001-02-12,4.67,5.05,,,2.82,,0.9287,1.4513,117.62,3.75,,,5.5506,,,,
2001-02-13,4.75,5.07,,,2.82,,0.9204,1.451,117.3,3.75,,,5.4937,,,,
2001-02-14,4.84,5.13,,,2.77,,0.9197,1.4578,116.65,3.75,,,5.621,,,,
2001-02-15,4.89,5.19,,,2.77,,0.9057,1.449,115.67,3.75,,,5.6226,,,,
2001-02-16,4.75,5.11,,,2.81,,0.9162,1.4505,115.46,3.75,,,5.9788,,,,
2001-02-17,,,,,,,,,,3.75,,,,,,,
2001-02-18,,,,,,,,,,3.75,,,,,,,
2001-02-19,,,,,,,,,,3.75,,,5.4119,,,,
2001-02-20,4.73,5.11,,,2.81,,0.9096,1.4436,115.57,3.75,,,5.4755,,,,
2001-02-21,4.68,5.14,,,2.82,,0.9077,1.4385,116.45,3.75,,,5.073,,,,
2001-02-22,4.63,5.15,,,2.84,,0.9069,1.4447,116.53,3.75,,,5.0323,,,,
2001-02-23,4.53,5.1,,,2.86,,0.9095,1.447,116.15,3.75,,,5.1643,,,,
2001-02-24,,,,,,,,,,3.75,,,,,,,
2001-02-25,,,,,,,,,,3.75,,,,,,,
2001-02-26,4.46,5.05,,,2.89,,0.9093,1.444,116.63,3.75,,,5.0774,,,,
2001-02-27,4.44,4.96,,,2.86,,0.9128,1.4405,116.2,3.75,,,5.2665,,,,
2001-02-28,4.41,4.92,,,2.88,,0.9212,1.4433,117.28,3.75,,,6.3192,,,,
2001-03-01,4.41,4.87,,,2.88,,0.9291,1.4553,117.33,3.75,,4.93812240909091,5.8305,4.703,0.10667,1.169,3.327
2001-03-02,4.48,4.95,,,2.87,,0.934,1.4725,119.06,3.75,,,5.0332,,,,
2001-03-03,,,,,,,,,,3.75,,,,,,,
2001-03-04,,,,,,,,,,3.75,,,,,,,
2001-03-05,4.49,4.98,,,2.83,,0.9289,1.4687,119.08,3.75,,,5.2708,,,,
2001-03-06,4.49,4.99,,,2.85,,0.9313,1.4655,118.87,3.75,,,4.8981,,,,
2001-03-07,4.43,4.92,,,2.85,,0.9274,1.4612,119.86,3.75,,,4.8493,,,,
2001-03-08,4.43,4.89,,,2.87,,0.9281,1.4667,119.51,3.75,,,4.8229,,,,
2001-03-09,4.47,4.95,,,2.82,,0.9315,1.4675,119.71,3.75,,,4.6541,,,,
2001-03-10,,,,,,,,,,3.75,,,,,,,
2001-03-11,,,,,,,,,,3.75,,,,,,,
2001-03-12,4.46,4.92,,,2.86,,0.93,1.467,120.63,3.75,,,4.4938,,,,
2001-03-13,4.46,4.95,,,2.85,,0.9148,1.4513,120.2,3.75,,,4.7046,,,,
2001-03-14,4.32,4.84,,,2.98,,0.9133,1.4497,120.97,3.75,,,4.6988,,,,
2001-03-15,4.22,4.81,,,3.03,,0.9046,1.4436,122.23,3.75,,,4.756,,,,
2001-03-16,4.26,4.78,,,3.03,,0.8929,1.4265,122.85,3.75,,,5.4304,,,,
2001-03-17,,,,,,,,,,3.75,,,,,,,
2001-03-18,,,,,,,,,,3.75,,,,,,,
2001-03-19,4.32,4.82,,,3.02,,0.8985,1.4237,122.57,3.75,,,6.1067,,,,
2001-03-20,4.24,4.78,,,3.06,,0.9054,1.4285,122.73,3.75,,,6.5143,,,,
2001-03-21,4.21,4.77,,,3.06,,0.897,1.431,123.62,3.75,,,5.7369,,,,
2001-03-22,4.17,4.73,,,3.07,,0.8881,1.4223,123.84,3.75,,,5.9064,,,,
2001-03-23,4.24,4.8,,,3.04,,0.8926,1.4292,122.64,3.75,,,5.3509,,,,
2001-03-24,,,,,,,,,,3.75,,,,,,,
2001-03-25,,,,,,,,,,3.75,,,,,,,
2001-03-26,4.27,4.85,,,3.05,,0.8955,1.4345,122.81,3.75,,,6.3067,,,,
2001-03-27,4.41,5.0,,,2.98,,0.891,1.429,122.99,3.75,,,5.919,,,,
2001-03-28,4.3,4.97,,,3.03,,0.8882,1.4352,122.62,3.75,,,5.3937,,,,
2001-03-29,4.27,4.98,,,3.02,,0.8807,1.4302,123.45,3.75,,,6.107,,,,
2001-03-30,4.18,4.93,,,3.04,,0.8794,1.419,125.54,3.75,,,6.053,,,,
2001-03-31,,,,,,,,,,3.75,,,,,,,
2001-04-01,,,,,,,,,,3.75,,5.10137785714286,,4.9468,0.02,1.315,3.529
2001-04-02,4.22,4.98,,,3.0,,0.8824,1.42,126.75,3.75,,,6.3844,,,,
2001-04-03,4.15,4.94,,,3.03,,0.893,1.4305,125.41,3.75,,,6.6008,,,,
2001-04-04,4.12,4.94,,,3.04,,0.9013,1.435,125.38,3.75,,,6.7194,,,,
2001-04-05,4.19,4.98,,,3.03,,0.8976,1.4266,124.33,3.75,,,6.2586,,,,
2001-04-06,4.07,4.89,,,3.06,,0.9002,1.4383,124.03,3.75,,,5.0762,,,,
2001-04-07,,,,,,,,,,3.75,,,,,,,
2001-04-08,,,,,,,,,,3.75,,,,,,,
2001-04-09,4.1,4.93,,,3.04,,0.9014,1.447,124.85,3.75,,,6.2392,,,,
2001-04-10,4.24,5.09,,,2.99,,0.8884,1.436,124.48,3.75,,,5.8223,,,,
2001-04-11,4.29,5.12,,,2.96,,0.8856,1.434,124.82,3.75,,,4.5148,,,,
2001-04-12,4.36,5.17,,,2.92,,0.8922,1.4391,123.51,3.75,,,4.0512,,,,
2001-04-13,,,,,,,0.8888,1.4354,124.15,3.75,,,,,,,
2001-04-14,,,,,,,,,,3.75,,,,,,,
2001-04-15,,,,,,,,,,3.75,,,,,,,
2001-04-16,4.49,5.28,,,2.9,,0.8862,1.436,124.64,3.75,,,,,,,
2001-04-17,4.41,5.21,,,2.93,,0.8814,1.4287,123.67,3.75,,,4.9318,,,,
2001-04-18,4.26,5.14,,,2.95,,0.8816,1.4257,122.35,3.75,,,4.7217,,,,
2001-04-19,4.29,5.27,,,2.91,,0.8909,1.4366,121.87,3.75,,,4.6429,,,,
2001-04-20,4.26,5.29,,,2.87,,0.9032,1.4428,122.52,3.75,,,4.7916,,,,
2001-04-21,,,,,,,,,,3.75,,,,,,,
2001-04-22,,,,,,,,,,3.75,,,,,,,
2001-04-23,4.15,5.2,,,2.9,,0.896,1.4377,121.68,3.75,,,5.0164,,,,
2001-04-24,4.16,5.22,,,2.85,,0.8946,1.4365,122.08,3.75,,,5.0882,,,,
2001-04-25,4.2,5.28,,,2.85,,0.8972,1.4397,122.21,3.75,,,4.9248,,,,
2001-04-26,4.14,5.2,,,2.83,,0.9011,1.4378,123.13,3.75,,,4.9026,,,,
2001-04-27,4.28,5.34,,,2.76,,0.8924,1.4362,123.76,3.75,,,5.1338,,,,
2001-04-28,,,,,,,,,,3.75,,,,,,,
2001-04-29,,,,,,,,,,3.75,,,,,,,
2001-04-30,4.3,5.35,,,2.73,,0.8874,1.4306,123.57,3.75,,,5.1817,,,,
2001-05-01,4.23,5.3,,,2.75,,0.8937,1.434,121.92,3.75,,5.2625182173913,5.5336,5.1153,0.01857,1.25,3.556
2001-05-02,4.27,5.31,,,2.7,,0.8925,1.4345,121.72,3.75,,,5.4588,,,,
2001-05-03,4.22,5.22,,,2.7,,0.8891,1.4322,121.19,3.75,,,5.5822,,,,
2001-05-04,4.14,5.21,,,2.73,,0.8934,1.4362,121.05,3.75,,,6.0918,,,,
2001-05-05,,,,,,,,,,3.75,,,,,,,
2001-05-06,,,,,,,,,,3.75,,,,,,,
2001-05-07,4.12,5.21,,,2.75,,0.8916,1.44,121.34,3.75,,,,,,,
2001-05-08,4.1,5.24,,,2.76,,0.8848,1.4315,121.66,3.75,,,6.524,,,,
2001-05-09,4.07,5.2,,,2.76,,0.8845,1.4209,122.25,3.75,,,6.5986,,,,
2001-05-10,4.17,5.31,,,2.74,,0.8792,1.4186,122.71,3.75,,,6.1277,,,,
2001-05-11,4.36,5.51,,,2.67,,0.8759,1.4177,122.5,3.5,,,5.6529,,,,
2001-05-12,,,,,,,,,,3.5,,,,,,,
2001-05-13,,,,,,,,,,3.5,,,,,,,
2001-05-14,4.29,5.46,,,2.68,,0.8748,1.4176,123.12,3.5,,,5.853,,,,
2001-05-15,4.28,5.5,,,2.69,,0.8788,1.4236,123.26,3.5,,,6.0406,,,,
2001-05-16,4.25,5.48,,,2.66,,0.8842,1.4293,123.59,3.5,,,5.6023,,,,
2001-05-17,4.33,5.46,,,2.61,,0.8828,1.431,122.68,3.5,,,5.0336,,,,
2001-05-18,4.37,5.41,,,2.62,,0.8774,1.4333,123.67,3.5,,,5.0359,,,,
2001-05-19,,,,,,,,,,3.5,,,,,,,
2001-05-20,,,,,,,,,,3.5,,,,,,,
2001-05-21,4.37,5.41,,,2.61,,0.8762,1.438,122.91,3.5,,,5.1209,,,,
2001-05-22,4.34,5.42,,,2.63,,0.8657,1.4278,122.79,3.5,,,4.8882,,,,
2001-05-23,4.29,5.41,,,2.69,,0.8598,1.4245,120.39,3.5,,,4.9134,,,,
2001-05-24,4.32,5.52,,,2.65,,0.857,1.4103,120.15,3.5,,,4.9031,,,,
2001-05-25,4.31,5.52,,,2.65,,0.8577,1.4207,120.75,3.5,,,4.6485,,,,
2001-05-26,,,,,,,,,,3.5,,,,,,,
2001-05-27,,,,,,,,,,3.5,,,,,,,
2001-05-28,,,,,,,,,,3.5,,,,,,,
2001-05-29,4.33,5.54,,,2.64,,0.8547,1.4187,120.1,3.5,,,4.9378,,,,
2001-05-30,4.34,5.54,,,2.63,,0.8576,1.4251,120.27,3.5,,,5.4731,,,,
2001-05-31,4.22,5.43,,,2.65,,0.8455,1.4175,118.88,3.5,,,5.9056,,,,
2001-06-01,4.22,5.39,,,2.63,,0.8452,1.416,119.13,3.5,,5.20828771428571,5.1583,5.1951,0.01762,1.152,3.383
2001-06-02,,,,,,,,,,3.5,,,,,,,
2001-06-03,,,,,,,,,,3.5,,,,,,,
2001-06-04,4.19,5.35,,,2.65,,0.8449,1.4123,119.5,3.5,,,5.2654,,,,
2001-06-05,4.12,5.29,,,2.66,,0.8504,1.4113,120.27,3.5,,,4.9884,,,,
2001-06-06,4.12,5.27,,,2.69,,0.8452,1.3906,120.35,3.5,,,4.9322,,,,
2001-06-07,4.14,5.33,,,2.68,,0.8506,1.39,119.91,3.5,,,4.8373,,,,
2001-06-08,4.17,5.38,,,2.65,,0.8505,1.3817,120.6,3.5,,,4.8433,,,,
2001-06-09,,,,,,,,,,3.5,,,,,,,
2001-06-10,,,,,,,,,,3.5,,,,,,,
2001-06-11,4.11,5.32,,,2.66,,0.8425,1.373,122.02,3.5,,,4.9054,,,,
2001-06-12,4.09,5.27,,,2.68,,0.8479,1.3781,121.74,3.5,,,5.3504,,,,
2001-06-13,4.08,5.28,,,2.67,,0.8536,1.3909,121.89,3.5,,,5.4448,,,,
2001-06-14,4.04,5.26,,,2.67,,0.8598,1.4005,121.42,3.5,,,5.7992,,,,
2001-06-15,4.01,5.27,,,2.71,,0.8628,1.4056,122.97,3.5,,,4.4995,,,,
2001-06-16,,,,,,,,,,3.5,,,,,,,
2001-06-17,,,,,,,,,,3.5,,,,,,,
2001-06-18,3.98,5.27,,,2.73,,0.861,1.4034,123.2,3.5,,,4.4593,,,,
2001-06-19,3.99,5.26,,,2.73,,0.8558,1.4008,122.97,3.5,,,4.4211,,,,
2001-06-20,3.98,5.24,,,2.74,,0.8506,1.3952,123.3,3.5,,,4.3698,,,,
2001-06-21,3.99,5.22,,,2.74,,0.8544,1.4167,124.4,3.5,,,4.2938,,,,
2001-06-22,3.93,5.14,,,2.75,,0.857,1.414,124.25,3.5,,,4.2612,,,,
2001-06-23,,,,,,,,,,3.5,,,,,,,
2001-06-24,,,,,,,,,,3.5,,,,,,,
2001-06-25,3.96,5.16,,,2.75,,0.8611,1.413,124.02,3.5,,,4.3925,,,,
2001-06-26,4.03,5.24,,,2.72,,0.8623,1.4154,123.82,3.5,,,4.3471,,,,
2001-06-27,4.06,5.26,,,2.68,,0.8621,1.419,124.25,3.5,,,4.5431,,,,
2001-06-28,4.22,5.35,,,2.66,,0.847,1.407,124.63,3.5,,,4.5517,,,,
2001-06-29,4.25,5.42,,,2.65,,0.8474,1.4077,124.73,3.5,,,4.7082,,,,
2001-06-30,,,,,,,,,,3.5,,,,,,,
2001-07-01,,,,,,,,,,3.5,,5.25002486363636,,5.2037,0.01286,1.305,3.357
2001-07-02,4.21,5.37,,,2.67,,0.8455,1.4168,124.22,3.5,,,5.3075,,,,
2001-07-03,4.24,5.41,,,2.67,,0.8477,1.4058,124.48,3.5,,,5.566,,,,
2001-07-04,,,,,,,,,,3.5,,,5.6445,,,,
2001-07-05,4.24,5.44,,,2.67,,0.837,1.3998,125.77,3.5,,,5.6853,,,,
2001-07-06,4.16,5.41,,,2.69,,0.8465,1.4106,125.85,3.5,,,5.2406,,,,
2001-07-07,,,,,,,,,,3.5,,,,,,,
2001-07-08,,,,,,,,,,3.5,,,,,,,
2001-07-09,4.15,5.37,,,2.69,,0.8474,1.4081,125.43,3.5,,,5.4184,,,,
2001-07-10,4.08,5.32,,,2.71,,0.8557,1.4098,125.53,3.5,,,5.5074,,,,
2001-07-11,4.07,5.31,,,2.74,,0.8614,1.4121,124.06,3.5,,,6.0833,,,,
2001-07-12,4.07,5.27,,,2.74,,0.853,1.4065,124.1,3.5,,,5.5152,,,,
2001-07-13,4.12,5.27,,,2.71,,0.8527,1.3995,124.75,3.5,,,4.541,,,,
2001-07-14,,,,,,,,,,3.5,,,,,,,
2001-07-15,,,,,,,,,,3.5,,,,,,,
2001-07-16,4.07,5.21,,,2.74,,0.8549,1.4011,125.44,3.5,,,5.8112,,,,
2001-07-17,4.09,5.22,,,2.73,,0.8549,1.4037,124.89,3.5,,,4.9927,,,,
2001-07-18,3.96,5.12,,,2.78,,0.8701,1.416,124.35,3.5,,,4.4827,,,,
2001-07-19,3.98,5.13,,,2.78,,0.869,1.419,123.61,3.5,,,4.4088,,,,
2001-07-20,3.98,5.15,,,2.77,,0.8713,1.429,122.85,3.5,,,4.4776,,,,
2001-07-21,,,,,,,,,,3.5,,,,,,,
2001-07-22,,,,,,,,,,3.5,,,,,,,
2001-07-23,3.98,5.13,,,2.77,,0.8676,1.4185,124.19,3.5,,,5.0579,,,,
2001-07-24,3.97,5.13,,,2.74,,0.8752,1.4223,124.0,3.5,,,4.8776,,,,
2001-07-25,3.98,5.2,,,2.74,,0.8797,1.428,123.64,3.5,,,5.5041,,,,
2001-07-26,3.94,5.19,,,2.76,,0.8765,1.4265,123.83,3.5,,,5.5612,,,,
2001-07-27,3.87,5.13,,,2.77,,0.8749,1.4256,123.29,3.5,,,5.1837,,,,
2001-07-28,,,,,,,,,,3.5,,,,,,,
2001-07-29,,,,,,,,,,3.5,,,,,,,
2001-07-30,3.86,5.11,,,2.76,,0.875,1.426,125.18,3.5,,,5.7157,,,,
2001-07-31,3.79,5.07,,,2.78,,0.8752,1.4252,125.0,3.5,,,5.8914,,,,
2001-08-01,3.83,5.11,,,2.76,,0.8793,1.433,124.87,3.5,,5.05821360869565,5.8366,4.9854,0.01,1.343,3.317
2001-08-02,3.89,5.17,,,2.74,,0.8813,1.4295,123.72,3.5,,,5.8225,,,,
2001-08-03,3.91,5.2,,,2.72,,0.8843,1.4268,123.46,3.5,,,5.7038,,,,
2001-08-04,,,,,,,,,,3.5,,,,,,,
2001-08-05,,,,,,,,,,3.5,,,,,,,
2001-08-06,3.88,5.19,,,2.75,,0.8802,1.4175,123.85,3.5,,,5.8986,,,,
2001-08-07,3.9,5.2,,,2.74,,0.8775,1.4169,123.83,3.5,,,4.7094,,,,
2001-08-08,3.77,4.99,,,2.88,,0.8778,1.4135,123.2,3.5,,,4.2952,,,,
2001-08-09,3.77,5.04,,,2.84,,0.8886,1.4218,123.03,3.5,,,4.2759,,,,
2001-08-10,3.73,4.99,,,2.87,,0.894,1.4273,121.97,3.5,,,4.2472,,,,
2001-08-11,,,,,,,,,,3.5,,,,,,,
2001-08-12,,,,,,,,,,3.5,,,,,,,
2001-08-13,3.7,4.97,,,2.89,,0.8983,1.4217,122.46,3.5,,,4.2199,,,,
2001-08-14,3.74,4.97,,,2.89,,0.9025,1.4285,121.6,3.5,,,4.2152,,,,
2001-08-15,3.8,5.0,,,2.86,,0.9114,1.4379,119.92,3.5,,,4.2088,,,,
2001-08-16,3.75,4.95,,,2.89,,0.9138,1.4438,120.11,3.5,,,4.2287,,,,
2001-08-17,3.67,4.84,,,2.97,,0.9165,1.4465,120.37,3.5,,,4.2744,,,,
2001-08-18,,,,,,,,,,3.5,,,,,,,
2001-08-19,,,,,,,,,,3.5,,,,,,,
2001-08-20,3.74,4.91,,,2.93,,0.9127,1.4445,120.72,3.5,,,4.6103,,,,
2001-08-21,3.69,4.87,,,2.98,,0.9115,1.4468,119.91,3.5,,,4.296,,,,
2001-08-22,3.76,4.91,,,2.94,,0.9194,1.4538,119.91,3.5,,,4.2917,,,,
2001-08-23,3.72,4.89,,,2.92,,0.9166,1.4478,119.84,3.5,,,5.7749,,,,
2001-08-24,3.76,4.93,,,2.91,,0.9116,1.4443,120.13,3.5,,,5.6075,,,,
2001-08-25,,,,,,,,,,3.5,,,,,,,
2001-08-26,,,,,,,,,,3.5,,,,,,,
2001-08-27,3.78,4.94,,,2.91,,0.9098,1.443,120.12,3.5,,,,,,,
2001-08-28,3.71,4.85,,,2.95,,0.9102,1.4501,120.48,3.5,,,5.0229,,,,
2001-08-29,3.67,4.78,,,2.97,,0.9097,1.4515,119.79,3.5,,,5.3996,,,,
2001-08-30,3.61,4.79,,,2.97,,0.9154,1.4577,119.4,3.5,,,4.5097,,,,
2001-08-31,3.64,4.85,,,2.9,,0.909,1.451,118.75,3.25,,,4.253,,,,
2001-09-01,,,,,,,,,,3.25,,5.0374285,,4.9876,0.00505,1.346,3.302
2001-09-02,,,,,,,,,,3.25,,,,,,,
2001-09-03,,,,,,,,,,3.25,,,4.2272,,,,
2001-09-04,3.83,4.99,,,2.88,,0.8868,1.4444,119.49,3.25,,,4.195,,,,
2001-09-05,3.79,4.97,,,2.9,,0.8897,1.4553,120.76,3.25,,,4.1757,,,,
2001-09-06,3.65,4.86,,,2.94,,0.8943,1.4561,120.95,3.25,,,4.1517,,,,
2001-09-07,3.53,4.8,,,2.99,,0.9044,1.4626,120.07,3.25,,,4.1514,,,,
2001-09-08,,,,,,,,,,3.25,,,,,,,
2001-09-09,,,,,,,,,,3.25,,,,,,,
2001-09-10,3.53,4.84,,,2.99,,0.8988,1.4585,121.08,3.25,,,4.2007,,,,
2001-09-11,,,,,,,,,,3.25,,,5.3449,,,,
2001-09-12,,,,,,,0.9069,1.4666,119.53,3.25,,,5.6178,,,,
2001-09-13,2.99,4.64,,,3.16,,0.9089,1.4697,118.81,3.25,,,5.3477,,,,
2001-09-14,2.87,4.57,,,3.36,,0.9199,1.4678,117.38,3.25,,,5.0529,,,,
2001-09-15,,,,,,,,,,3.25,,,,,,,
2001-09-16,,,,,,,,,,3.25,,,,,,,
2001-09-17,2.96,4.63,,,3.45,,0.9198,1.4661,117.59,3.25,,,5.4185,,,,
2001-09-18,2.96,4.72,,,3.48,,0.9233,1.4635,117.32,2.75,,,5.2313,,,,
2001-09-19,2.81,4.69,,,3.52,,0.931,1.4714,117.3,2.75,,,5.2257,,,,
2001-09-20,2.91,4.75,,,3.52,,0.9255,1.4642,115.89,2.75,,,4.7377,,,,
2001-09-21,2.91,4.7,,,3.53,,0.9099,1.4547,116.73,2.75,,,4.6743,,,,
2001-09-22,,,,,,,,,,2.75,,,,,,,
2001-09-23,,,,,,,,,,2.75,,,,,,,
2001-09-24,2.94,4.73,,,3.48,,0.9135,1.4616,117.52,2.75,,,5.1669,,,,
2001-09-25,2.88,4.72,,,3.48,,0.9222,1.4692,117.78,2.75,,,4.905,,,,
2001-09-26,2.82,4.65,,,3.46,,0.9231,1.4745,117.89,2.75,,,4.8313,,,,
2001-09-27,2.78,4.58,,,3.47,,0.9181,1.4733,119.69,2.75,,,5.2284,,,,
2001-09-28,2.86,4.6,,,3.42,,0.9099,1.4691,119.23,2.75,,,5.1683,,,,
2001-09-29,,,,,,,,,,2.75,,,,,,,
2001-09-30,,,,,,,,,,2.75,,,,,,,
2001-10-01,2.82,4.55,,,3.44,,0.9159,1.4785,120.27,2.75,,4.8168694347826095,5.592,4.8253,0.00314,1.363,3.005
2001-10-02,2.77,4.53,,,3.42,,0.9149,1.4618,120.78,2.75,,,5.6445,,,,
2001-10-03,2.77,4.5,,,3.43,,0.9181,1.4756,120.67,2.75,,,5.714,,,,
2001-10-04,2.75,4.53,,,3.38,,0.9141,1.4774,120.63,2.75,,,5.2735,,,,
2001-10-05,2.71,4.52,,,3.4,,0.9168,1.4795,120.37,2.75,,,5.2079,,,,
2001-10-06,,,,,,,,,,2.75,,,,,,,
2001-10-07,,,,,,,,,,2.75,,,,,,,
2001-10-08,,,,,,,,,,2.75,,,5.1241,,,,
2001-10-09,2.74,4.62,,,3.36,,0.915,1.4605,120.2,2.75,,,4.4425,,,,
2001-10-10,2.78,4.61,,,3.34,,0.9118,1.449,120.43,2.75,,,4.4661,,,,
2001-10-11,2.88,4.69,,,3.3,,0.9008,1.4415,121.57,2.75,,,4.6633,,,,
2001-10-12,2.81,4.68,,,3.33,,0.9078,1.4518,120.93,2.75,,,4.7627,,,,
2001-10-13,,,,,,,,,,2.75,,,,,,,
2001-10-14,,,,,,,,,,2.75,,,,,,,
2001-10-15,2.78,4.62,,,3.34,,0.9077,1.447,120.94,2.75,,,4.9315,,,,
2001-10-16,2.77,4.59,,,3.33,,0.9094,1.4478,121.27,2.75,,,4.4424,,,,
2001-10-17,2.8,4.59,,,3.31,,0.9065,1.4505,121.05,2.75,,,3.8468,,,,
2001-10-18,2.77,4.58,,,3.31,,0.9025,1.444,121.18,2.75,,,3.7583,,,,
2001-10-19,2.77,4.63,,,3.29,,0.8987,1.4372,121.15,2.75,,,4.1135,,,,
2001-10-20,,,,,,,,,,2.75,,,,,,,
2001-10-21,,,,,,,,,,2.75,,,,,,,
2001-10-22,2.79,4.63,,,3.28,,0.8906,1.4265,122.45,2.75,,,4.2741,,,,
2001-10-23,2.81,4.66,,,3.28,,0.8893,1.4214,122.83,2.75,,,4.8113,,,,
2001-10-24,2.72,4.61,,,3.28,,0.8925,1.4263,122.86,2.75,,,4.289,,,,
2001-10-25,2.63,4.56,,,3.3,,0.8965,1.4306,122.72,2.75,,,3.9413,,,,
2001-10-26,2.63,4.53,,,3.31,,0.8921,1.4348,122.99,2.75,,,4.0232,,,,
2001-10-27,,,,,,,,,,2.75,,,,,,,
2001-10-28,,,,,,,,,,2.75,,,,,,,
2001-10-29,2.55,4.5,,,3.32,,0.9037,1.4525,122.08,2.75,,,4.4422,,,,
2001-10-30,2.48,4.44,,,3.35,,0.906,1.4546,122.07,2.75,,,4.1483,,,,
2001-10-31,2.44,4.3,,,3.38,,0.8993,1.4534,122.54,2.75,,,3.8263,,,,
2001-11-01,2.49,4.24,,,3.37,,0.9044,1.462,121.87,2.75,,4.6666605,3.7886,4.6271,0.00243,1.328,3.261
2001-11-02,2.48,4.37,,,3.37,,0.9037,1.4615,121.68,2.75,,,3.8964,,,,
2001-11-03,,,,,,,,,,2.75,,,,,,,
2001-11-04,,,,,,,,,,2.75,,,,,,,
2001-11-05,2.46,4.31,,,3.34,,0.8963,1.457,121.72,2.75,,,3.9327,,,,
2001-11-06,2.37,4.3,,,3.36,,0.8975,1.4591,121.15,2.75,,,3.6927,,,,
2001-11-07,2.32,4.22,,,3.35,,0.8999,1.465,121.05,2.75,,,3.7164,,,,
2001-11-08,2.42,4.32,,,3.28,,0.891,1.454,119.98,2.75,,,3.4725,,,,
2001-11-09,2.45,4.34,,,3.27,,0.8935,1.4574,120.25,2.25,,,3.3108,,,,
2001-11-10,,,,,,,,,,2.25,,,,,,,
2001-11-11,,,,,,,,,,2.25,,,,,,,
2001-11-12,,,,,,,,,,2.25,,,3.519,,,,
2001-11-13,2.54,4.41,,,3.24,,0.8811,1.4425,121.45,2.25,,,3.4853,,,,
2001-11-14,2.7,4.54,,,3.19,,0.8829,1.4429,121.67,2.25,,,3.3422,,,,
2001-11-15,2.98,4.79,,,3.1,,0.8813,1.431,122.4,2.25,,,3.3498,,,,
2001-11-16,3.09,4.91,,,3.07,,0.8849,1.4278,122.67,2.25,,,4.2019,,,,
2001-11-17,,,,,,,,,,2.25,,,,,,,
2001-11-18,,,,,,,,,,2.25,,,,,,,
2001-11-19,2.92,4.8,,,3.08,,0.8781,1.4107,123.27,2.25,,,4.4105,,,,
2001-11-20,2.96,4.88,,,3.08,,0.8832,1.418,122.62,2.25,,,3.7482,,,,
2001-11-21,3.11,4.98,,,3.01,,0.8781,1.4154,123.19,2.25,,,3.3236,,,,
2001-11-22,,,,,,,,,,2.25,,,3.2617,,,,
2001-11-23,3.2,5.04,,,2.97,,0.877,1.4095,124.44,2.25,,,3.2477,,,,
2001-11-24,,,,,,,,,,2.25,,,,,,,
2001-11-25,,,,,,,,,,2.25,,,,,,,
2001-11-26,3.22,5.05,,,2.96,,0.8811,1.4125,124.2,2.25,,,3.24,,,,
2001-11-27,3.11,4.98,,,3.01,,0.8812,1.4137,124.17,2.25,,,3.2452,,,,
2001-11-28,3.12,4.98,,,3.01,,0.8863,1.4235,123.29,2.25,,,3.2535,,,,
2001-11-29,2.87,4.79,,,3.07,,0.8879,1.4232,123.82,2.25,,,3.425,,,,
2001-11-30,2.84,4.78,,,3.1,,0.8958,1.4255,123.22,2.25,,,3.8098,,,,
2001-12-01,,,,,,,,,,2.25,,4.958767428571432,,4.8928,0.00184,1.334,3.555
2001-12-02,,,,,,,,,,2.25,,,,,,,
2001-12-03,2.82,4.75,,,3.14,,0.8897,1.4217,123.9,2.25,,,4.5598,,,,
2001-12-04,2.81,4.7,,,3.15,,0.8898,1.4216,124.28,2.25,,,4.4775,,,,
2001-12-05,3.07,4.92,,,3.07,,0.8856,1.4164,124.4,2.25,,,4.402,,,,
2001-12-06,3.19,5.04,,,3.03,,0.8916,1.425,124.83,2.25,,,4.622,,,,
2001-12-07,3.19,5.2,,,2.96,,0.8905,1.4315,125.66,2.25,,,3.9381,,,,
2001-12-08,,,,,,,,,,2.25,,,,,,,
2001-12-09,,,,,,,,,,2.25,,,,,,,
2001-12-10,3.1,5.17,,,3.0,,0.8884,1.4342,126.27,2.25,,,3.8256,,,,
2001-12-11,3.03,5.13,,,3.01,,0.8904,1.4365,126.23,2.25,,,3.8211,,,,
2001-12-12,2.97,5.02,,,3.04,,0.8945,1.444,126.52,2.25,,,4.0402,,,,
2001-12-13,3.09,5.13,,,2.98,,0.8976,1.4454,126.32,2.25,,,4.5631,,,,
2001-12-14,3.2,5.24,,,2.91,,0.9044,1.4547,127.24,2.25,,,4.3541,,,,
2001-12-15,,,,,,,,,,2.25,,,,,,,
2001-12-16,,,,,,,,,,2.25,,,,,,,
2001-12-17,3.21,5.26,,,2.97,,0.904,1.4588,127.54,2.25,,,4.6301,,,,
2001-12-18,3.13,5.16,,,2.94,,0.9019,1.4565,127.97,2.25,,,4.8693,,,,
2001-12-19,3.11,5.08,,,2.94,,0.8997,1.4508,128.2,2.25,,,5.0538,,,,
2001-12-20,3.15,5.08,,,2.92,,0.8972,1.4464,128.55,2.25,,,5.116,,,,
2001-12-21,3.17,5.12,,,2.87,,0.8864,1.4385,129.48,2.25,,,5.1081,,,,
2001-12-22,,,,,,,,,,2.25,,,,,,,
2001-12-23,,,,,,,,,,2.25,,,,,,,
2001-12-24,3.22,5.18,,,,,0.8773,1.4385,129.9,2.25,,,5.0272,,,,
2001-12-25,,,,,,,,,,2.25,,,,,,,
2001-12-26,3.26,5.22,,,2.82,,0.8778,1.449,130.79,2.25,,,,,,,
2001-12-27,3.19,5.13,,,2.88,,0.8843,1.454,131.47,2.25,,,4.9554,,,,
2001-12-28,3.16,5.15,,,2.87,,0.8822,1.4475,131.3,2.25,,,4.7891,,,,
2001-12-29,,,,,,,,,,2.25,,,,,,,
2001-12-30,,,,,,,,,,2.25,,,,,,,
2001-12-31,3.07,5.07,,,2.85,,0.8901,1.4543,131.04,2.25,,,4.9451,,,,
2002-01-01,,,,,,,,,,2.25,,5.02288778260869,,4.9171,0.00111,1.42,3.59
2002-01-02,3.22,5.2,,,2.82,,0.9031,1.4451,132.02,2.25,,,3.8886,,,,
2002-01-03,3.19,5.16,,,2.82,,0.8992,1.44,131.76,2.25,,,3.4382,,,,
2002-01-04,3.19,5.18,,,2.78,,0.8946,1.4455,131.02,2.25,,,3.3647,,,,
2002-01-05,,,,,,,,,,2.25,,,,,,,
2002-01-06,,,,,,,,,,2.25,,,,,,,
2002-01-07,3.08,5.09,,,2.8,,0.8931,1.4385,130.93,2.25,,,3.7123,,,,
2002-01-08,3.07,5.1,,,2.8,,0.8925,1.4426,132.53,2.25,,,3.8936,,,,
2002-01-09,3.03,5.1,,,2.78,,0.8882,1.4373,132.62,2.25,,,3.9219,,,,
2002-01-10,2.94,5.0,,,2.82,,0.8925,1.4433,132.61,2.25,,,3.5444,,,,
2002-01-11,2.76,4.92,,,2.86,,0.8905,1.4448,132.17,2.25,,,3.3093,,,,
2002-01-12,,,,,,,,,,2.25,,,,,,,
2002-01-13,,,,,,,,,,2.25,,,,,,,
2002-01-14,2.79,4.91,,,2.88,,0.8935,1.4482,131.83,2.25,,,3.6768,,,,
2002-01-15,2.79,4.88,,,2.86,,0.8913,1.445,131.14,2.25,,,4.0997,,,,
2002-01-16,2.84,4.88,,,2.87,,0.8834,1.4375,131.77,2.25,,,3.8075,,,,
2002-01-17,2.96,4.98,,,2.82,,0.88,1.4348,132.13,2.25,,,4.4086,,,,
2002-01-18,2.91,4.94,,,2.86,,0.8844,1.4365,132.64,2.25,,,4.0987,,,,
2002-01-19,,,,,,,,,,2.25,,,,,,,
2002-01-20,,,,,,,,,,2.25,,,,,,,
2002-01-21,,,,,,,,,,2.25,,,4.1707,,,,
2002-01-22,2.97,4.96,,,2.85,,0.8838,1.4295,133.98,2.25,,,4.4332,,,,
2002-01-23,3.07,5.05,,,2.87,,0.8836,1.4273,134.25,2.25,,,3.8148,,,,
2002-01-24,3.15,5.07,,,2.85,,0.8782,1.4229,134.64,2.25,,,3.2657,,,,
2002-01-25,3.17,5.1,,,2.81,,0.8655,1.4096,134.47,2.25,,,3.2383,,,,
2002-01-26,,,,,,,,,,2.25,,,,,,,
2002-01-27,,,,,,,,,,2.25,,,,,,,
2002-01-28,3.19,5.12,,,2.78,,0.8605,1.4074,133.43,2.25,,,3.3565,,,,
2002-01-29,3.05,5.02,,,2.84,,0.8643,1.4132,133.51,2.25,,,3.2911,,,,
2002-01-30,3.06,5.02,,,2.89,,0.8648,1.416,132.84,2.25,,,3.9811,,,,
2002-01-31,3.16,5.07,,,2.85,,0.8594,1.412,134.06,2.25,,,4.1909,,,,
2002-02-01,3.08,5.02,,,2.86,,0.8613,1.4158,133.77,2.25,,5.066115,4.2853,4.9251,0.001,1.501,3.61
2002-02-02,,,,,,,,,,2.25,,,,,,,
2002-02-03,,,,,,,,,,2.25,,,,,,,
2002-02-04,2.99,4.94,,,2.93,,0.8685,1.4197,132.71,2.25,,,3.7573,,,,
2002-02-05,2.99,4.92,,,2.98,,0.8672,1.417,133.9,2.25,,,4.4308,,,,
2002-02-06,2.98,4.92,,,3.01,,0.8693,1.4138,133.72,2.25,,,4.5028,,,,
2002-02-07,2.99,4.93,,,3.05,,0.869,1.4117,133.49,2.25,,,3.462,,,,
2002-02-08,2.95,4.9,,,3.03,,0.8727,1.4176,134.77,2.25,,,3.343,,,,
2002-02-09,,,,,,,,,,2.25,,,,,,,
2002-02-10,,,,,,,,,,2.25,,,,,,,
2002-02-11,2.95,4.91,,,3.02,,0.8778,1.4237,133.62,2.25,,,4.8021,,,,
2002-02-12,3.04,4.97,,,2.99,,0.8768,1.4322,132.82,2.25,,,4.5896,,,,
2002-02-13,3.09,5.01,,,2.93,,0.873,1.4298,133.23,2.25,,,3.4342,,,,
2002-02-14,3.07,4.95,,,2.95,,0.8713,1.4285,132.26,2.25,,,3.2407,,,,
2002-02-15,2.97,4.86,,,2.98,,0.873,1.4315,132.76,2.25,,,3.2525,,,,
2002-02-16,,,,,,,,,,2.25,,,,,,,
2002-02-17,,,,,,,,,,2.25,,,,,,,
2002-02-18,,,,,,,,,,2.25,,,3.524,,,,
2002-02-19,2.98,4.88,,,2.99,,0.8764,1.4302,133.45,2.25,,,4.4487,,,,
2002-02-20,3.0,4.88,,,3.01,,0.8705,1.4269,133.76,2.25,,,3.7428,,,,
2002-02-21,3.0,4.88,,,2.97,,0.8712,1.4253,134.27,2.25,,,4.2985,,,,
2002-02-22,2.97,4.84,,,2.98,,0.8757,1.4301,133.85,2.25,,,4.5535,,,,
2002-02-23,,,,,,,,,,2.25,,,,,,,
2002-02-24,,,,,,,,,,2.25,,,,,,,
2002-02-25,3.01,4.86,,,2.98,,0.8713,1.4263,133.89,2.25,,,4.8498,,,,
2002-02-26,3.08,4.93,,,2.96,,0.8682,1.4225,134.35,2.25,,,4.7941,,,,
2002-02-27,3.09,4.84,,,3.0,,0.8642,1.4165,134.63,2.25,,,3.8203,,,,
2002-02-28,3.06,4.88,,,2.98,,0.8658,1.4129,133.96,2.25,,,4.0151,,,,
2002-03-01,3.18,4.98,,,2.97,,0.8652,1.419,133.35,2.25,,5.3164610476190495,4.0288,5.2202,0.00205,1.421,3.636
2002-03-02,,,,,,,,,,2.25,,,,,,,
2002-03-03,,,,,,,,,,2.25,,,,,,,
2002-03-04,3.24,5.02,,,2.94,,0.8705,1.4228,132.2,2.25,,,4.8667,,,,
2002-03-05,3.25,5.02,,,2.9,,0.8699,1.4212,132.31,2.25,,,4.8627,,,,
2002-03-06,3.26,5.06,,,2.91,,0.8772,1.4238,130.85,2.25,,,3.8875,,,,
2002-03-07,3.36,5.22,,,2.83,,0.8795,1.4245,127.07,2.25,,,3.4683,,,,
2002-03-08,3.6,5.33,,,2.79,,0.8752,1.4227,128.21,2.25,,,3.6363,,,,
2002-03-09,,,,,,,,,,2.25,,,,,,,
2002-03-10,,,,,,,,,,2.25,,,,,,,
2002-03-11,3.59,5.33,,,2.78,,0.8768,1.422,128.08,2.25,,,4.301,,,,
2002-03-12,3.56,5.32,,,2.78,,0.8759,1.4146,128.67,2.25,,,3.6926,,,,
2002-03-13,3.49,5.28,,,2.82,,0.877,1.4157,129.43,2.25,,,3.6212,,,,
2002-03-14,3.63,5.4,,,2.79,,0.8816,1.42,128.94,2.25,,,3.4308,,,,
2002-03-15,3.63,5.35,,,2.81,,0.8823,1.4238,129.1,2.25,,,4.0114,,,,
2002-03-16,,,,,,,,,,2.25,,,,,,,
2002-03-17,,,,,,,,,,2.25,,,,,,,
2002-03-18,3.67,5.32,,,2.8,,0.8826,1.4256,131.27,2.25,,,3.9175,,,,
2002-03-19,3.64,5.33,,,2.83,,0.8805,1.4213,132.3,2.25,,,4.1204,,,,
2002-03-20,3.71,5.4,,,2.81,,0.8836,1.426,131.6,2.25,,,4.3894,,,,
2002-03-21,3.73,5.39,,,2.78,,0.8836,1.4287,131.86,2.25,,,4.3286,,,,
2002-03-22,3.77,5.4,,,2.78,,0.8791,1.4263,132.88,2.25,,,4.6453,,,,
2002-03-23,,,,,,,,,,2.25,,,,,,,
2002-03-24,,,,,,,,,,2.25,,,,,,,
2002-03-25,3.78,5.41,,,2.74,,0.8768,1.4255,133.46,2.25,,,4.9108,,,,
2002-03-26,3.68,5.35,,,2.76,,0.8767,1.427,132.78,2.25,,,4.1104,,,,
2002-03-27,3.66,5.35,,,2.81,,0.8726,1.4238,132.61,2.25,,,3.3604,,,,
2002-03-28,3.72,5.42,,,2.81,,0.8711,1.4242,132.61,2.25,,,3.2728,,,,
2002-03-29,,,,,,,0.8717,1.425,132.7,2.25,,,,,,,
2002-03-30,,,,,,,,,,2.25,,,,,,,
2002-03-31,,,,,,,,,,2.25,,,,,,,
2002-04-01,3.74,5.44,,,2.78,,0.8806,1.4407,133.32,2.25,,5.29724245454545,,5.2331,0.00148,1.394,3.528
2002-04-02,3.63,5.36,,,2.81,,0.8782,1.4358,133.4,2.25,,,3.4549,,,,
2002-04-03,3.55,5.3,,,2.83,,0.8804,1.435,132.65,2.25,,,3.6757,,,,
2002-04-04,3.57,5.28,,,2.84,,0.8779,1.4349,132.3,2.25,,,4.3766,,,,
2002-04-05,3.49,5.22,,,2.85,,0.8805,1.435,131.73,2.25,,,3.348,,,,
2002-04-06,,,,,,,,,,2.25,,,,,,,
2002-04-07,,,,,,,,,,2.25,,,,,,,
2002-04-08,3.51,5.25,,,2.85,,0.875,1.431,131.27,2.25,,,3.3176,,,,
2002-04-09,3.48,5.22,,,2.85,,0.8793,1.4345,131.03,2.25,,,4.5336,,,,
2002-04-10,3.48,5.24,,,2.84,,0.8794,1.4365,130.75,2.25,,,3.2732,,,,
2002-04-11,3.47,5.22,,,2.83,,0.8829,1.4382,131.55,2.25,,,3.2225,,,,
2002-04-12,3.41,5.18,,,2.86,,0.8792,1.4371,132.09,2.25,,,3.2134,,,,
2002-04-13,,,,,,,,,,2.25,,,,,,,
2002-04-14,,,,,,,,,,2.25,,,,,,,
2002-04-15,3.38,5.15,,,2.84,,0.8802,1.4372,131.95,2.25,,,3.3999,,,,
2002-04-16,3.43,5.2,,,2.81,,0.883,1.4396,131.19,2.25,,,3.4473,,,,
2002-04-17,3.41,5.24,,,2.79,,0.8885,1.4438,130.7,2.25,,,3.5122,,,,
2002-04-18,3.38,5.23,,,2.82,,0.8898,1.4479,129.84,2.25,,,3.3866,,,,
2002-04-19,3.36,5.21,,,2.8,,0.8893,1.4472,130.5,2.25,,,3.3816,,,,
2002-04-20,,,,,,,,,,2.25,,,,,,,
2002-04-21,,,,,,,,,,2.25,,,,,,,
2002-04-22,3.37,5.19,,,2.77,,0.8877,1.4488,129.9,2.25,,,3.6764,,,,
2002-04-23,3.39,5.18,,,2.78,,0.8897,1.4486,129.89,2.25,,,3.5653,,,,
2002-04-24,3.28,5.11,,,2.81,,0.8915,1.448,129.76,2.25,,,3.5067,,,,
2002-04-25,3.25,5.1,,,2.83,,0.8978,1.454,128.4,2.25,,,4.5266,,,,
2002-04-26,3.22,5.08,,,2.83,,0.898,1.4545,128.18,2.25,,,4.3084,,,,
2002-04-27,,,,,,,,,,2.25,,,,,,,
2002-04-28,,,,,,,,,,2.25,,,,,,,
2002-04-29,3.26,5.13,,,2.82,,0.9028,1.4592,128.13,2.25,,,4.7897,,,,
2002-04-30,3.24,5.11,,,2.84,,0.9002,1.4565,128.45,2.25,,,4.8749,,,,
2002-05-01,3.21,5.08,,,2.86,,0.9062,1.4621,127.45,2.25,,5.30314330434783,3.4444,5.2689,0.00138,1.365,3.465
2002-05-02,3.25,5.13,,,2.84,,0.9032,1.4645,128.02,2.25,,,3.4509,,,,
2002-05-03,3.17,5.08,,,2.89,,0.9133,1.4664,127.21,2.25,,,3.4156,,,,
2002-05-04,,,,,,,,,,2.25,,,,,,,
2002-05-05,,,,,,,,,,2.25,,,,,,,
2002-05-06,3.19,5.1,,,2.86,,0.9166,1.4676,127.27,2.25,,,,,,,
2002-05-07,3.14,5.09,,,2.86,,0.9148,1.4675,127.8,2.25,,,3.3905,,,,
2002-05-08,3.32,5.24,,,2.86,,0.904,1.4533,128.64,2.25,,,3.3663,,,,
2002-05-09,3.27,5.2,,,2.89,,0.9088,1.4585,128.36,2.25,,,3.735,,,,
2002-05-10,3.19,5.15,,,2.93,,0.9116,1.4606,127.89,2.25,,,3.5691,,,,
2002-05-11,,,,,,,,,,2.25,,,,,,,
2002-05-12,,,,,,,,,,2.25,,,,,,,
2002-05-13,3.28,5.23,,,2.9,,0.9107,1.4588,127.69,2.25,,,3.5213,,,,
2002-05-14,3.4,5.32,,,2.89,,0.9022,1.4474,128.66,2.25,,,3.9569,,,,
2002-05-15,3.37,5.28,,,2.91,,0.9074,1.4558,127.92,2.25,,,3.5001,,,,
2002-05-16,3.28,5.2,,,2.96,,0.9105,1.4567,128.19,2.25,,,3.9325,,,,
2002-05-17,3.41,5.27,,,2.94,,0.9206,1.4602,126.03,2.25,,,4.2572,,,,
2002-05-18,,,,,,,,,,2.25,,,,,,,
2002-05-19,,,,,,,,,,2.25,,,,,,,
2002-05-20,3.33,5.21,,,2.96,,0.9213,1.4588,125.64,2.25,,,4.4654,,,,
2002-05-21,3.28,5.18,,,2.95,,0.9191,1.4568,123.83,2.25,,,3.4925,,,,
2002-05-22,3.23,5.13,,,2.98,,0.9265,1.4589,124.16,2.25,,,3.4169,,,,
2002-05-23,3.28,5.16,,,2.97,,0.9233,1.4545,124.84,2.25,,,3.3937,,,,
2002-05-24,3.28,5.16,,,2.96,,0.922,1.4577,124.71,2.25,,,4.3432,,,,
2002-05-25,,,,,,,,,,2.25,,,,,,,
2002-05-26,,,,,,,,,,2.25,,,,,,,
2002-05-27,,,,,,,,,,2.25,,,4.9043,,,,
2002-05-28,3.3,5.16,,,2.95,,0.9285,1.4618,124.38,2.25,,,4.9337,,,,
2002-05-29,3.24,5.11,,,2.97,,0.9313,1.46,124.35,2.25,,,4.9213,,,,
2002-05-30,3.17,5.06,,,3.0,,0.9373,1.4655,123.08,2.25,,,4.9915,,,,
2002-05-31,3.22,5.08,,,2.98,,0.9339,1.4625,124.13,2.25,,,3.998,,,,
2002-06-01,,,,,,,,,,2.25,,5.16486755,,5.099,0.0014,1.328,3.299
2002-06-02,,,,,,,,,,2.25,,,,,,,
2002-06-03,3.19,5.06,,,3.0,,0.939,1.4622,123.69,2.25,,,,,,,
2002-06-04,3.13,5.04,,,3.01,,0.9424,1.4605,123.95,2.25,,,,,,,
2002-06-05,3.16,5.08,,,2.99,,0.9391,1.4574,124.4,2.25,,,4.0829,,,,
2002-06-06,3.13,5.04,,,2.99,,0.9457,1.4593,124.34,2.25,,,4.2296,,,,
2002-06-07,3.16,5.1,,,2.96,,0.9449,1.4604,124.49,2.25,,,3.3263,,,,
2002-06-08,,,,,,,,,,2.25,,,,,,,
2002-06-09,,,,,,,,,,2.25,,,,,,,
2002-06-10,3.15,5.07,,,2.95,,0.9446,1.461,124.6,2.25,,,3.2978,,,,
2002-06-11,3.09,5.02,,,2.95,,0.9445,1.4686,125.56,2.25,,,3.2358,,,,
2002-06-12,3.05,4.98,,,3.0,,0.9473,1.4705,125.64,2.25,,,3.2326,,,,
2002-06-13,3.0,4.94,,,3.0,,0.944,1.4709,125.12,2.25,,,3.2545,,,,
2002-06-14,2.92,4.83,,,3.02,,0.9448,1.4735,124.25,2.25,,,3.2115,,,,
2002-06-15,,,,,,,,,,2.25,,,,,,,
2002-06-16,,,,,,,,,,2.25,,,,,,,
2002-06-17,2.96,4.89,,,2.97,,0.9442,1.4782,124.37,2.25,,,3.2792,,,,
2002-06-18,2.93,4.88,,,3.02,,0.9483,1.4868,124.56,2.25,,,3.5762,,,,
2002-06-19,2.81,4.76,,,3.06,,0.9544,1.4873,124.04,2.25,,,3.9254,,,,
2002-06-20,2.93,4.85,,,3.05,,0.9646,1.4982,123.33,2.25,,,4.298,,,,
2002-06-21,2.88,4.79,,,3.05,,0.9705,1.4987,121.23,2.25,,,3.3933,,,,
2002-06-22,,,,,,,,,,2.25,,,,,,,
2002-06-23,,,,,,,,,,2.25,,,,,,,
2002-06-24,2.93,4.87,,,3.03,,0.9786,1.5056,121.28,2.25,,,3.5531,,,,
2002-06-25,2.92,4.88,,,3.03,,0.9692,1.4999,121.9,2.25,,,3.2795,,,,
2002-06-26,2.77,4.75,,,3.12,,0.9825,1.5217,119.83,2.25,,,3.2611,,,,
2002-06-27,2.85,4.84,,,3.14,,0.9885,1.5285,119.38,2.25,,,3.258,,,,
2002-06-28,2.9,4.86,,,3.13,,0.9856,1.5245,119.85,2.25,,,3.3156,,,,
2002-06-29,,,,,,,,,,2.25,,,,,,,
2002-06-30,,,,,,,,,,2.25,,,,,,,
2002-07-01,2.88,4.85,,,3.14,,0.9893,1.5307,120.04,2.25,,5.02740760869565,3.9204,5.0027,0.00178,1.296,3.248
2002-07-02,2.78,4.77,,,3.18,,0.984,1.53,120.13,2.25,,,4.4537,,,,
2002-07-03,2.78,4.78,,,3.17,,0.9816,1.5268,119.77,2.25,,,4.6937,,,,
2002-07-04,,,,,,,,,,2.25,,,4.0309,,,,
2002-07-05,2.9,4.9,,,3.15,,0.973,1.5206,120.19,2.25,,,3.2672,,,,
2002-07-06,,,,,,,,,,2.25,,,,,,,
2002-07-07,,,,,,,,,,2.25,,,,,,,
2002-07-08,2.84,4.84,,,3.19,,0.9869,1.5348,118.66,2.25,,,4.6384,,,,
2002-07-09,2.74,4.78,,,3.19,,0.9938,1.5465,117.85,2.25,,,3.9004,,,,
2002-07-10,2.61,4.66,,,3.21,,0.989,1.5483,117.94,2.25,,,3.2653,,,,
2002-07-11,2.61,4.66,,,3.21,,0.9927,1.5545,116.62,2.25,,,3.2522,,,,
2002-07-12,2.56,4.63,,,3.24,,0.9904,1.55,116.73,2.25,,,3.2605,,,,
2002-07-13,,,,,,,,,,2.25,,,,,,,
2002-07-14,,,,,,,,,,2.25,,,,,,,
2002-07-15,2.55,4.66,,,3.26,,1.0072,1.5656,116.06,2.25,,,3.7929,,,,
2002-07-16,2.66,4.75,,,3.24,,1.0087,1.5693,115.71,2.25,,,4.2852,,,,
2002-07-17,2.63,4.71,,,3.27,,1.0078,1.5682,116.24,2.25,,,3.3716,,,,
2002-07-18,2.55,4.66,,,3.3,,1.0067,1.5685,117.02,2.25,,,3.3199,,,,
2002-07-19,2.48,4.61,,,3.25,,1.0156,1.5785,115.73,2.25,,,3.7599,,,,
2002-07-20,,,,,,,,,,2.25,,,,,,,
2002-07-21,,,,,,,,,,2.25,,,,,,,
2002-07-22,2.4,4.51,,,3.3,,1.0098,1.58,116.22,2.25,,,3.8084,,,,
2002-07-23,2.34,4.47,,,3.33,,0.9933,1.5657,117.35,2.25,,,3.5574,,,,
2002-07-24,2.38,4.49,,,3.35,,0.9945,1.5745,116.33,2.25,,,3.5266,,,,
2002-07-25,2.28,4.43,,,3.35,,0.9997,1.5754,116.87,2.25,,,3.5338,,,,
2002-07-26,2.2,4.43,,,3.34,,0.9882,1.5635,118.78,2.25,,,3.3886,,,,
2002-07-27,,,,,,,,,,2.25,,,,,,,
2002-07-28,,,,,,,,,,2.25,,,,,,,
2002-07-29,2.41,4.62,,,3.25,,0.9779,1.557,119.87,2.25,,,4.36,,,,
2002-07-30,2.44,4.65,,,3.21,,0.9879,1.5725,119.9,2.25,,,4.6029,,,,
2002-07-31,2.23,4.51,,,3.25,,0.9796,1.5625,119.77,2.25,,,4.8134,,,,
2002-08-01,2.15,4.47,,,3.27,,0.9843,1.5578,119.1,2.25,,4.73105454545455,4.7639,4.746,0.00186,1.255,3.192
2002-08-02,1.99,4.33,,,3.34,,0.9882,1.5709,118.98,2.25,,,4.7881,,,,
2002-08-03,,,,,,,,,,2.25,,,,,,,
2002-08-04,,,,,,,,,,2.25,,,,,,,
2002-08-05,1.93,4.29,,,3.36,,0.9846,1.5665,119.26,2.25,,,4.7249,,,,
2002-08-06,2.11,4.42,,,3.3,,0.964,1.5382,121.14,2.25,,,4.609,,,,
2002-08-07,1.98,4.35,,,3.35,,0.9738,1.5354,120.37,2.25,,,3.9336,,,,
2002-08-08,2.1,4.4,,,3.33,,0.9653,1.5278,121.04,2.25,,,3.8982,,,,
2002-08-09,2.1,4.27,,,3.36,,0.9714,1.5235,120.15,2.25,,,4.4506,,,,
2002-08-10,,,,,,,,,,2.25,,,,,,,
2002-08-11,,,,,,,,,,2.25,,,,,,,
2002-08-12,2.1,4.22,,,3.33,,0.9778,1.5317,118.85,2.25,,,3.7733,,,,
2002-08-13,2.0,4.12,,,3.39,,0.9787,1.531,119.08,2.25,,,3.3736,,,,
2002-08-14,2.12,4.06,,,3.37,,0.9867,1.5442,116.53,2.25,,,3.5045,,,,
2002-08-15,2.22,4.17,,,3.35,,0.9816,1.536,117.28,2.25,,,3.6334,,,,
2002-08-16,2.28,4.32,,,3.32,,0.9836,1.5372,117.51,2.25,,,3.3951,,,,
2002-08-17,,,,,,,,,,2.25,,,,,,,
2002-08-18,,,,,,,,,,2.25,,,,,,,
2002-08-19,2.25,4.29,,,3.32,,0.9775,1.5272,118.53,2.25,,,4.6734,,,,
2002-08-20,2.12,4.17,,,3.36,,0.9779,1.5266,118.84,2.25,,,4.0151,,,,
2002-08-21,2.12,4.2,,,3.32,,0.9796,1.5295,118.54,2.25,,,4.5851,,,,
2002-08-22,2.22,4.3,,,3.28,,0.9697,1.5192,119.85,2.25,,,4.5485,,,,
2002-08-23,2.19,4.25,,,3.27,,0.9726,1.5215,119.53,2.25,,,3.7797,,,,
2002-08-24,,,,,,,,,,2.25,,,,,,,
2002-08-25,,,,,,,,,,2.25,,,,,,,
2002-08-26,2.19,4.22,,,3.29,,0.9731,1.5236,119.54,2.25,,,,,,,
2002-08-27,2.26,4.29,,,3.28,,0.9814,1.5305,118.31,2.25,,,4.1133,,,,
2002-08-28,2.23,4.22,,,3.3,,0.982,1.5363,118.31,2.25,,,3.835,,,,
2002-08-29,2.14,4.16,,,3.33,,0.9829,1.5484,118.34,2.25,,,4.1634,,,,
2002-08-30,2.14,4.14,,,3.32,,0.9806,1.5476,118.76,2.25,,,4.3178,,,,
2002-08-31,,,,,,,,,,2.25,,,,,,,
2002-09-01,,,,,,,,,,2.25,,4.52329023809524,,4.5006,0.00526,1.129,2.761
2002-09-02,,,,,,,,,,2.25,,,4.488,,,,
2002-09-03,2.01,3.98,,,3.39,,0.9959,1.5625,117.12,2.25,,,3.7235,,,,
2002-09-04,2.02,3.96,,,3.4,,0.9923,1.5642,118.01,2.25,,,4.3735,,,,
2002-09-05,1.95,3.91,,,3.47,,0.9911,1.566,118.34,2.25,,,4.5811,,,,
2002-09-06,2.08,4.05,,,3.42,,0.9843,1.5597,118.48,2.25,,,3.7508,,,,
2002-09-07,,,,,,,,,,2.25,,,,,,,
2002-09-08,,,,,,,,,,2.25,,,,,,,
2002-09-09,2.13,4.05,,,3.41,,0.9817,1.5585,118.85,2.25,,,4.521,,,,
2002-09-10,2.12,4.0,,,3.43,,0.9752,1.5544,119.78,2.25,,,4.5027,,,,
2002-09-11,2.18,4.07,,,3.42,,0.9724,1.5492,120.64,2.25,,,3.8864,,,,
2002-09-12,2.12,3.98,,,3.45,,0.9761,1.5549,120.68,2.25,,,3.428,,,,
2002-09-13,2.07,3.92,,,3.44,,0.9743,1.5585,121.5,2.25,,,3.3966,,,,
2002-09-14,,,,,,,,,,2.25,,,,,,,
2002-09-15,,,,,,,,,,2.25,,,,,,,
2002-09-16,2.07,3.9,,,3.47,,0.9723,1.544,122.17,2.25,,,3.3965,,,,
2002-09-17,2.06,3.87,,,3.51,,0.9685,1.5343,122.64,2.25,,,3.6256,,,,
2002-09-18,2.04,3.86,,,3.51,,0.9789,1.5525,121.49,2.25,,,4.0851,,,,
2002-09-19,1.93,3.79,,,3.55,,0.9817,1.5545,121.48,2.25,,,3.8864,,,,
2002-09-20,1.94,3.79,,,3.59,,0.9839,1.5558,123.16,2.25,,,3.3018,,,,
2002-09-21,,,,,,,,,,2.25,,,,,,,
2002-09-22,,,,,,,,,,2.25,,,,,,,
2002-09-23,1.93,3.7,,,3.63,,0.9822,1.5575,123.93,2.25,,,3.2697,,,,
2002-09-24,1.93,3.69,,,3.65,,0.9815,1.5565,123.38,2.25,,,3.2729,,,,
2002-09-25,2.0,3.77,,,3.67,,0.9797,1.5625,122.72,2.25,,,4.5509,,,,
2002-09-26,1.97,3.79,,,3.64,,0.9755,1.5563,122.59,2.25,,,4.5577,,,,
2002-09-27,1.82,3.69,,,3.71,,0.9772,1.5548,122.86,2.25,,,3.3028,,,,
2002-09-28,,,,,,,,,,2.25,,,,,,,
2002-09-29,,,,,,,,,,2.25,,,,,,,
2002-09-30,1.72,3.63,,,3.76,,0.9879,1.57,121.74,2.25,,,3.3924,,,,
2002-10-01,1.8,3.72,,,3.74,,0.9859,1.5708,122.73,2.25,,4.62346526086957,3.2969,4.616,0.00191,1.095,2.863
2002-10-02,1.75,3.71,,,3.73,,0.9842,1.5655,123.21,2.25,,,3.3256,,,,
2002-10-03,1.75,3.7,,,3.76,,0.9871,1.5704,123.04,2.25,,,3.3619,,,,
2002-10-04,1.78,3.69,,,3.78,,0.9821,1.569,123.02,2.25,,,3.6971,,,,
2002-10-05,,,,,,,,,,2.25,,,,,,,
2002-10-06,,,,,,,,,,2.25,,,,,,,
2002-10-07,1.77,3.64,,,3.86,,0.9816,1.5643,124.44,2.25,,,3.9634,,,,
2002-10-08,1.8,3.65,,,3.89,,0.9796,1.5569,124.26,2.25,,,3.4691,,,,
2002-10-09,1.72,3.61,,,3.9,,0.9868,1.5595,123.55,2.25,,,3.533,,,,
2002-10-10,1.75,3.68,,,3.9,,0.9861,1.5625,123.64,2.25,,,4.6415,,,,
2002-10-11,1.85,3.83,,,3.88,,0.9854,1.5605,124.04,2.25,,,4.3277,,,,
2002-10-12,,,,,,,,,,2.25,,,,,,,
2002-10-13,,,,,,,,,,2.25,,,,,,,
2002-10-14,,,,,,,,,,2.25,,,4.8538,,,,
2002-10-15,2.08,4.07,,,3.74,,0.981,1.5542,124.66,2.25,,,4.8749,,,,
2002-10-16,2.02,4.06,,,3.77,,0.9824,1.5543,124.3,2.25,,,4.8166,,,,
2002-10-17,2.1,4.16,,,3.73,,0.9718,1.5525,124.8,2.25,,,4.8782,,,,
2002-10-18,2.09,4.14,,,3.76,,0.9708,1.5461,125.52,2.25,,,4.0209,,,,
2002-10-19,,,,,,,,,,2.25,,,,,,,
2002-10-20,,,,,,,,,,2.25,,,,,,,
2002-10-21,2.23,4.24,,,3.7,,0.9732,1.5418,124.71,2.25,,,4.871,,,,
2002-10-22,2.21,4.27,,,3.71,,0.9782,1.5463,125.09,2.25,,,3.8505,,,,
2002-10-23,2.2,4.26,,,3.73,,0.9772,1.5499,124.17,2.25,,,4.5032,,,,
2002-10-24,2.09,4.16,,,3.77,,0.9742,1.5478,124.77,2.25,,,4.6515,,,,
2002-10-25,1.98,4.12,,,3.78,,0.9767,1.5533,124.14,2.25,,,3.749,,,,
2002-10-26,,,,,,,,,,2.25,,,,,,,
2002-10-27,,,,,,,,,,2.25,,,,,,,
2002-10-28,1.88,4.1,,,3.81,,0.9843,1.5602,123.64,2.25,,,3.7415,,,,
2002-10-29,1.79,3.97,,,3.85,,0.9851,1.5585,122.55,2.25,,,3.7176,,,,
2002-10-30,1.74,3.99,,,3.83,,0.9835,1.5568,122.91,2.25,,,4.4283,,,,
2002-10-31,1.68,3.93,,,3.82,,0.9881,1.563,122.78,2.25,,,3.4606,,,,
2002-11-01,1.76,4.01,,,3.76,,0.9971,1.5638,122.16,2.25,,4.592367809523809,3.2899,4.6378,0.00195,0.979,2.799
2002-11-02,,,,,,,,,,2.25,,,,,,,
2002-11-03,,,,,,,,,,2.25,,,,,,,
2002-11-04,1.79,4.07,,,3.72,,0.9953,1.5545,122.46,2.25,,,3.3026,,,,
2002-11-05,1.82,4.1,,,3.72,,0.9994,1.5625,121.84,2.25,,,3.2458,,,,
2002-11-06,1.87,4.09,,,3.72,,0.9974,1.559,122.22,2.25,,,3.2338,,,,
2002-11-07,1.86,3.88,,,3.73,,1.0092,1.5796,121.26,2.25,,,3.1871,,,,
2002-11-08,1.87,3.85,,,3.66,,1.0139,1.5915,119.72,2.25,,,4.1968,,,,
2002-11-09,,,,,,,,,,2.25,,,,,,,
2002-11-10,,,,,,,,,,2.25,,,,,,,
2002-11-11,,,,,,,,,,2.25,,,4.5457,,,,
2002-11-12,1.79,3.84,,,3.68,,1.0105,1.5879,119.57,2.25,,,3.5527,,,,
2002-11-13,1.76,3.84,,,3.67,,1.006,1.585,120.28,2.25,,,3.7219,,,,
2002-11-14,1.89,4.03,,,3.58,,1.0034,1.5788,120.45,2.25,,,4.0969,,,,
2002-11-15,1.91,4.05,,,3.54,,1.0082,1.579,120.37,2.25,,,3.3345,,,,
2002-11-16,,,,,,,,,,2.25,,,,,,,
2002-11-17,,,,,,,,,,2.25,,,,,,,
2002-11-18,1.91,4.02,,,3.52,,1.0083,1.579,121.15,2.25,,,4.7834,,,,
2002-11-19,1.91,3.99,,,3.5,,1.0107,1.588,121.65,2.25,,,3.7446,,,,
2002-11-20,1.98,4.08,,,3.48,,1.0024,1.575,122.52,2.25,,,3.2715,,,,
2002-11-21,2.05,4.14,,,3.46,,0.9984,1.5753,122.92,2.25,,,3.2722,,,,
2002-11-22,2.1,4.18,,,3.43,,0.9966,1.5778,122.84,2.25,,,3.2751,,,,
2002-11-23,,,,,,,,,,2.25,,,,,,,
2002-11-24,,,,,,,,,,2.25,,,,,,,
2002-11-25,2.09,4.19,,,3.42,,0.9937,1.5667,122.32,2.25,,,3.3158,,,,
2002-11-26,1.97,4.08,,,3.45,,0.9913,1.5485,121.89,2.25,,,3.2981,,,,
2002-11-27,2.13,4.26,,,3.39,,0.9895,1.544,122.21,2.25,,,3.6599,,,,
2002-11-28,,,,,,,,,,2.25,,,3.9261,,,,
2002-11-29,2.08,4.22,,,3.38,,0.9932,1.5553,122.72,2.25,,,4.4397,,,,
2002-11-30,,,,,,,,,,2.25,,,,,,,
2002-12-01,,,,,,,,,,2.25,,4.40649604545455,,4.5644,0.00195,0.975,2.396
2002-12-02,2.07,4.22,,,3.37,,0.9927,1.5555,124.61,2.25,,,4.8725,,,,
2002-12-03,2.08,4.24,,,3.35,,0.9968,1.5687,124.42,2.25,,,3.9832,,,,
2002-12-04,2.02,4.18,,,3.38,,0.9999,1.5682,124.84,2.25,,,4.5919,,,,
2002-12-05,1.97,4.13,,,3.38,,0.9989,1.5708,124.99,2.25,,,4.8072,,,,
2002-12-06,1.89,4.09,,,3.42,,1.0081,1.573,123.69,1.75,,,4.6956,,,,
2002-12-07,,,,,,,,,,1.75,,,,,,,
2002-12-08,,,,,,,,,,1.75,,,,,,,
2002-12-09,1.88,4.06,,,3.42,,1.0088,1.5785,123.36,1.75,,,4.9011,,,,
2002-12-10,1.9,4.06,,,3.4,,1.0073,1.5699,123.66,1.75,,,4.0637,,,,
2002-12-11,1.85,4.01,,,3.4,,1.0083,1.5744,123.46,1.75,,,3.2831,,,,
2002-12-12,1.85,4.01,,,3.42,,1.0189,1.58,122.75,1.75,,,3.3876,,,,
2002-12-13,1.87,4.07,,,3.42,,1.0226,1.5896,120.71,1.75,,,3.3078,,,,
2002-12-14,,,,,,,,,,1.75,,,,,,,
2002-12-15,,,,,,,,,,1.75,,,,,,,
2002-12-16,1.94,4.15,,,3.37,,1.021,1.5905,121.28,1.75,,,4.5313,,,,
2002-12-17,1.89,4.13,,,3.37,,1.0267,1.5963,121.27,1.75,,,4.4428,,,,
2002-12-18,1.81,4.06,,,3.4,719542.0,1.0254,1.6,121.12,1.75,,,4.7895,,,,
2002-12-19,1.74,3.96,,,3.44,,1.0217,1.5986,120.86,1.75,,,4.6905,,,,
2002-12-20,1.76,3.97,,,3.42,,1.0268,1.6015,120.52,1.75,,,4.5162,,,,
2002-12-21,,,,,,,,,,1.75,,,,,,,
2002-12-22,,,,,,,,,,1.75,,,,,,,
2002-12-23,1.79,3.98,,,3.44,,1.0217,1.587,120.77,1.75,,,4.9379,,,,
2002-12-24,1.73,3.95,,,3.44,,1.0305,1.5958,120.27,1.75,,,4.4865,,,,
2002-12-25,,,,,,732059.0,,,,1.75,,,,,,,
2002-12-26,1.7,3.93,,,3.45,,1.0358,1.5978,120.12,1.75,,,,,,,
2002-12-27,1.6,3.83,,,3.49,,1.0411,1.6022,119.92,1.75,,,3.9531,,,,
2002-12-28,,,,,,,,,,1.75,,,,,,,
2002-12-29,,,,,,,,,,1.75,,,,,,,
2002-12-30,1.61,3.82,,,3.48,,1.046,1.6044,118.38,1.75,,,4.8405,,,,
2002-12-31,1.61,3.83,,,3.48,,1.0485,1.6095,118.75,1.75,,,4.824,,,,
2003-01-01,,,,,,730994.0,,,,1.75,,4.2703242173913,,4.3899,0.002,0.836,2.396
2003-01-02,1.8,4.07,2.43,1.64,3.37,,1.0361,1.5975,119.86,1.75,,,4.7694,,,,
2003-01-03,1.79,4.05,2.43,1.62,3.39,,1.0418,1.6045,119.85,1.75,,,3.9901,,,,
2003-01-04,,,,,,,,,,1.75,,,,,,,
2003-01-05,,,,,,,,,,1.75,,,,,,,
2003-01-06,1.84,4.09,2.46,1.63,3.38,,1.0469,1.608,119.06,1.75,,,4.4295,,,,
2003-01-07,1.77,4.04,2.42,1.62,3.39,,1.0419,1.6055,120.18,1.75,,,4.7026,,,,
2003-01-08,1.71,4.0,2.29,1.71,3.35,723762.0,1.0447,1.6063,119.35,1.75,,,3.8006,,,,
2003-01-09,1.87,4.19,2.41,1.78,3.29,,1.0467,1.6035,119.57,1.75,,,4.1469,,,,
2003-01-10,1.79,4.16,2.41,1.75,3.31,,1.0535,1.6079,119.44,1.75,,,4.1019,,,,
2003-01-11,,,,,,,,,,1.75,,,,,,,
2003-01-12,,,,,,,,,,1.75,,,,,,,
2003-01-13,1.81,4.15,2.38,1.77,3.29,,1.0535,1.603,119.03,1.75,,,3.6876,,,,
2003-01-14,1.76,4.1,2.34,1.76,3.31,,1.0571,1.607,117.96,1.75,,,4.2088,,,,
2003-01-15,1.75,4.1,2.3,1.8,3.29,720074.0,1.0576,1.6029,117.91,1.75,,,3.8772,,,,
2003-01-16,1.75,4.1,2.31,1.79,3.29,,1.0569,1.6073,118.02,1.75,,,3.4931,,,,
2003-01-17,1.7,4.05,2.25,1.8,3.29,,1.066,1.6173,117.88,1.75,,,3.372,,,,
2003-01-18,,,,,,,,,,1.75,,,,,,,
2003-01-19,,,,,,,,,,1.75,,,,,,,
2003-01-20,,,,,,,,,,1.75,,,3.3835,,,,
2003-01-21,1.67,4.01,2.23,1.78,3.31,,1.0677,1.6123,118.57,1.75,,,3.4032,,,,
2003-01-22,1.66,3.95,2.23,1.72,3.33,735953.0,1.0729,1.6162,118.15,1.75,,,3.9111,,,,
2003-01-23,1.69,3.98,2.2,1.78,3.33,,1.0767,1.6233,117.83,1.75,,,3.413,,,,
2003-01-24,1.66,3.94,2.14,1.8,3.33,,1.0825,1.632,117.8,1.75,,,3.3596,,,,
2003-01-25,,,,,,,,,,1.75,,,,,,,
2003-01-26,,,,,,,,,,1.75,,,,,,,
2003-01-27,1.7,3.98,2.16,1.82,3.27,,1.0838,1.6351,118.64,1.75,,,3.2985,,,,
2003-01-28,1.7,4.0,2.19,1.81,3.23,,1.0833,1.64,118.67,1.75,,,3.3237,,,,
2003-01-29,1.77,4.06,2.21,1.85,3.18,712809.0,1.0861,1.6457,118.13,1.75,,,3.3254,,,,
2003-01-30,1.7,4.0,2.2,1.8,3.19,,1.0776,1.6482,119.22,1.75,,,3.5324,,,,
2003-01-31,1.72,4.0,2.19,1.81,3.16,,1.0739,1.6448,119.96,1.75,,,4.1671,,,,
2003-02-01,,,,,,,,,,1.75,,4.06079105,,4.2131,0.001,0.828,2.375
2003-02-02,,,,,,,,,,1.75,,,,,,,
2003-02-03,1.72,4.01,2.2,1.81,3.14,,1.0761,1.6405,120.47,1.75,,,4.763,,,,
2003-02-04,1.68,3.96,2.12,1.84,3.12,,1.0875,1.648,119.75,1.75,,,3.7844,,,,
2003-02-05,1.73,4.02,2.12,1.9,3.11,719643.0,1.0842,1.6455,119.78,1.75,,,3.4226,,,,
2003-02-06,1.68,3.97,2.09,1.88,3.12,,1.0828,1.6354,119.93,1.75,,,3.4213,,,,
2003-02-07,1.63,3.96,2.07,1.89,3.11,,1.0801,1.6284,120.4,1.75,,,3.3472,,,,
2003-02-08,,,,,,,,,,1.75,,,,,,,
2003-02-09,,,,,,,,,,1.75,,,,,,,
2003-02-10,1.68,3.99,2.06,1.93,3.11,,1.074,1.6275,121.25,1.75,,,4.4122,,,,
2003-02-11,1.65,3.98,2.05,1.93,3.13,,1.0747,1.6193,121.19,1.75,,,4.5449,,,,
2003-02-12,1.62,3.93,2.04,1.89,3.16,713281.0,1.0716,1.6155,121.3,1.75,,,4.3637,,,,
2003-02-13,1.57,3.89,2.01,1.88,3.17,,1.0834,1.6209,120.49,1.75,,,3.3922,,,,
2003-02-14,1.62,3.95,2.03,1.92,3.16,,1.0799,1.6105,120.41,1.75,,,3.2942,,,,
2003-02-15,,,,,,,,,,1.75,,,,,,,
2003-02-16,,,,,,,,,,1.75,,,,,,,
2003-02-17,,,,,,,,,,1.75,,,3.542,,,,
2003-02-18,1.66,3.94,2.05,1.89,3.16,,1.0708,1.5921,118.93,1.75,,,3.2467,,,,
2003-02-19,1.61,3.88,1.99,1.89,3.16,730400.0,1.0744,1.5957,118.65,1.75,,,3.1086,,,,
2003-02-20,1.59,3.85,1.91,1.94,3.18,,1.0821,1.5925,118.18,1.75,,,3.5975,,,,
2003-02-21,1.63,3.9,1.93,1.97,3.16,,1.0787,1.5864,118.78,1.75,,,3.5644,,,,
2003-02-22,,,,,,,,,,1.75,,,,,,,
2003-02-23,,,,,,,,,,1.75,,,,,,,
2003-02-24,1.6,3.86,1.87,1.99,3.17,,1.0783,1.586,117.78,1.75,,,4.0172,,,,
2003-02-25,1.58,3.81,1.84,1.97,3.18,,1.0782,1.5727,117.14,1.75,,,3.2192,,,,
2003-02-26,1.57,3.78,1.84,1.94,3.18,721980.0,1.0797,1.5806,117.19,1.75,,,4.1858,,,,
2003-02-27,1.58,3.76,1.82,1.94,3.2,,1.0763,1.5798,117.58,1.75,,,3.8172,,,,
2003-02-28,1.53,3.71,1.77,1.94,3.21,,1.0779,1.5737,118.22,1.75,,,3.4409,,,,
2003-03-01,,,,,,,,,,1.75,,4.12716414285714,,4.3243,0.002,0.724,2.537
2003-03-02,,,,,,,,,,1.75,,,,,,,
2003-03-03,1.52,3.68,1.77,1.91,3.23,,1.0835,1.5755,117.93,1.75,,,4.1854,,,,
2003-03-04,1.49,3.65,1.77,1.88,3.25,,1.0883,1.582,117.96,1.75,,,3.9708,,,,
2003-03-05,1.46,3.63,1.75,1.88,3.25,722649.0,1.0967,1.6003,117.32,1.75,,,4.4249,,,,
2003-03-06,1.47,3.67,1.74,1.93,3.24,,1.0997,1.6049,117.22,1.75,,,4.1882,,,,
2003-03-07,1.39,3.63,1.72,1.91,3.26,,1.1014,1.602,116.47,1.5,,,4.1375,,,,
2003-03-08,,,,,,,,,,1.5,,,,,,,
2003-03-09,,,,,,,,,,1.5,,,,,,,
2003-03-10,1.35,3.59,1.69,1.9,3.29,,1.1062,1.6007,116.55,1.5,,,4.5668,,,,
2003-03-11,1.38,3.6,1.68,1.92,3.28,,1.1028,1.6038,117.07,1.5,,,4.602,,,,
2003-03-12,1.45,3.6,1.68,1.92,3.26,717014.0,1.1023,1.6129,117.18,1.5,,,4.6657,,,,
2003-03-13,1.59,3.74,1.73,2.01,3.21,,1.087,1.6057,118.31,1.5,,,3.6683,,,,
2003-03-14,1.56,3.72,1.89,1.83,3.22,,1.0725,1.5821,118.59,1.5,,,3.1739,,,,
2003-03-15,,,,,,,,,,1.5,,,,,,,
2003-03-16,,,,,,,,,,1.5,,,,,,,
2003-03-17,1.63,3.82,1.97,1.85,3.17,,1.0606,1.5682,118.45,1.5,,,4.5224,,,,
2003-03-18,1.72,3.91,2.08,1.83,3.11,,1.0624,1.5624,118.9,1.5,,,3.5586,,,,
2003-03-19,1.72,3.98,2.15,1.83,3.04,729923.0,1.059,1.5648,120.13,1.5,,,3.4212,,,,
2003-03-20,1.75,4.01,2.2,1.81,3.05,,1.0613,1.567,120.05,1.5,,,3.1187,,,,
2003-03-21,1.8,4.11,2.29,1.82,2.99,,1.0545,1.566,121.42,1.5,,,3.099,,,,
2003-03-22,,,,,,,,,,1.5,,,,,,,
2003-03-23,,,,,,,,,,1.5,,,,,,,
2003-03-24,1.71,3.98,2.18,1.8,3.03,,1.0644,1.5748,120.69,1.5,,,3.1247,,,,
2003-03-25,1.69,3.97,2.17,1.8,3.04,,1.0673,1.5707,120.03,1.5,,,4.049,,,,
2003-03-26,1.68,3.96,2.15,1.81,3.01,725019.0,1.0677,1.5742,120.13,1.5,,,4.1353,,,,
2003-03-27,1.62,3.95,2.1,1.85,3.0,,1.0708,1.5676,119.78,1.5,,,3.6574,,,,
2003-03-28,1.56,3.92,2.09,1.83,3.01,,1.0762,1.5673,120.18,1.5,,,3.5685,,,,
2003-03-29,,,,,,,,,,1.5,,,,,,,
2003-03-30,,,,,,,,,,1.5,,,,,,,
2003-03-31,1.51,3.83,2.03,1.8,3.04,,1.09,1.579,118.07,1.5,,,4.4736,,,,
2003-04-01,1.5,3.84,2.02,1.82,3.02,,1.0904,1.5767,118.25,1.5,,4.22886363636364,4.4209,4.4663,0.001,0.663,2.659
2003-04-02,1.6,3.94,2.11,1.83,2.98,732452.0,1.0765,1.5659,119.17,1.5,,,3.6347,,,,
2003-04-03,1.55,3.93,2.12,1.81,3.01,,1.0736,1.5718,119.55,1.5,,,3.7279,,,,
2003-04-04,1.55,3.96,2.16,1.8,2.99,,1.0711,1.5597,120.05,1.5,,,3.3924,,,,
2003-04-05,,,,,,,,,,1.5,,,,,,,
2003-04-06,,,,,,,,,,1.5,,,,,,,
2003-04-07,1.65,4.03,2.21,1.82,2.95,,1.0621,1.55,120.41,1.5,,,3.1343,,,,
2003-04-08,1.59,3.95,2.18,1.77,2.97,,1.0684,1.5507,119.91,1.5,,,3.1145,,,,
2003-04-09,1.55,3.93,2.13,1.8,2.97,727826.0,1.0722,1.5562,120.55,1.5,,,3.1651,,,,
2003-04-10,1.6,3.95,2.16,1.79,2.96,,1.0803,1.5719,119.58,1.5,,,3.2053,,,,
2003-04-11,1.65,4.0,2.23,1.77,2.93,,1.0751,1.5713,120.47,1.5,,,3.2127,,,,
2003-04-12,,,,,,,,,,1.5,,,,,,,
2003-04-13,,,,,,,,,,1.5,,,,,,,
2003-04-14,1.74,4.04,2.22,1.82,2.92,,1.0773,1.5713,120.3,1.5,,,4.3428,,,,
2003-04-15,1.69,3.98,2.18,1.8,2.92,,1.0801,1.5705,120.2,1.5,,,4.5232,,,,
2003-04-16,1.67,3.96,2.2,1.76,2.9,745838.0,1.0872,1.574,120.04,1.5,,,3.6259,,,,
2003-04-17,1.71,3.98,2.22,1.76,2.86,,1.0907,1.5748,119.3,1.5,,,3.381,,,,
2003-04-18,,,,,,,1.0882,1.5733,119.72,1.5,,,,,,,
2003-04-19,,,,,,,,,,1.5,,,,,,,
2003-04-20,,,,,,,,,,1.5,,,,,,,
2003-04-21,1.71,4.0,2.25,1.75,2.84,,1.0857,1.5592,120.55,1.5,,,,,,,
2003-04-22,1.7,4.01,2.27,1.74,2.83,,1.0966,1.5768,119.68,1.5,,,3.2583,,,,
2003-04-23,1.7,4.02,2.26,1.76,2.79,732222.0,1.0949,1.5815,120.33,1.5,,,3.1589,,,,
2003-04-24,1.62,3.93,2.22,1.71,2.8,,1.1039,1.5971,119.83,1.5,,,3.1333,,,,
2003-04-25,1.57,3.91,2.18,1.73,2.82,,1.104,1.5915,120.25,1.5,,,3.0891,,,,
2003-04-26,,,,,,,,,,1.5,,,,,,,
2003-04-27,,,,,,,,,,1.5,,,,,,,
2003-04-28,1.59,3.92,2.16,1.76,2.79,,1.0999,1.5906,120.34,1.5,,,4.5512,,,,
2003-04-29,1.62,3.96,2.22,1.74,2.77,,1.101,1.5904,120.14,1.5,,,4.5586,,,,
2003-04-30,1.51,3.89,2.16,1.73,2.76,746294.0,1.118,1.6,119.07,1.5,,,3.7494,,,,
2003-05-01,1.5,3.88,2.13,1.75,2.77,,1.1238,1.6103,118.56,1.5,,3.9187085,3.0719,4.2197,0.001,0.577,2.358
2003-05-02,1.56,3.94,2.19,1.75,2.73,,1.12,1.602,119.1,1.5,,,3.0516,,,,
2003-05-03,,,,,,,,,,1.5,,,,,,,
2003-05-04,,,,,,,,,,1.5,,,,,,,
2003-05-05,1.55,3.92,2.19,1.73,2.71,,1.1271,1.606,118.64,1.5,,,,,,,
2003-05-06,1.45,3.84,2.17,1.67,2.74,,1.1354,1.614,117.94,1.5,,,3.2457,,,,
2003-05-07,1.45,3.72,2.02,1.7,2.78,733466.0,1.134,1.593,116.51,1.5,,,4.4946,,,,
2003-05-08,1.49,3.7,2.0,1.7,2.67,,1.1453,1.6034,116.65,1.5,,,3.2181,,,,
2003-05-09,1.45,3.69,2.0,1.69,2.81,,1.1498,1.6045,117.2,1.5,,,4.0966,,,,
2003-05-10,,,,,,,,,,1.5,,,,,,,
2003-05-11,,,,,,,,,,1.5,,,,,,,
2003-05-12,1.46,3.64,1.96,1.68,2.83,,1.1557,1.6095,116.94,1.5,,,4.4625,,,,
2003-05-13,1.47,3.63,1.94,1.69,2.83,,1.1499,1.6092,116.56,1.5,,,3.6999,,,,
2003-05-14,1.41,3.53,1.87,1.66,2.83,740371.0,1.1498,1.6163,116.16,1.5,,,4.4251,,,,
2003-05-15,1.46,3.53,1.86,1.67,2.83,,1.1457,1.6262,115.94,1.5,,,4.3297,,,,
2003-05-16,1.38,3.46,1.84,1.62,2.84,,1.1542,1.6241,116.01,1.5,,,3.4919,,,,
2003-05-17,,,,,,,,,,1.5,,,,,,,
2003-05-18,,,,,,,,,,1.5,,,,,,,
2003-05-19,1.35,3.46,1.85,1.61,2.86,,1.1686,1.6352,116.58,1.5,,,3.4082,,,,
2003-05-20,1.31,3.38,1.73,1.65,2.86,,1.1685,1.6393,116.77,1.5,,,3.2008,,,,
2003-05-21,1.38,3.39,1.73,1.66,2.86,734699.0,1.1707,1.6415,117.23,1.5,,,3.2384,,,,
2003-05-22,1.36,3.34,1.71,1.63,2.85,,1.17,1.6346,117.25,1.5,,,3.5769,,,,
2003-05-23,1.38,3.34,1.72,1.62,2.81,,1.1786,1.6376,116.89,1.5,,,3.201,,,,
2003-05-24,,,,,,,,,,1.5,,,,,,,
2003-05-25,,,,,,,,,,1.5,,,,,,,
2003-05-26,,,,,,,,,,1.5,,,,,,,
2003-05-27,1.33,3.41,1.8,1.61,2.83,,1.1853,1.64,117.12,1.5,,,3.4434,,,,
2003-05-28,1.35,3.44,1.83,1.61,2.83,744896.0,1.1742,1.635,118.73,1.5,,,3.5204,,,,
2003-05-29,1.3,3.34,1.76,1.58,2.87,,1.1835,1.6484,118.45,1.5,,,4.6449,,,,
2003-05-30,1.33,3.37,1.77,1.6,2.85,,1.1766,1.6393,119.5,1.5,,,3.9286,,,,
2003-05-31,,,,,,,,,,1.5,,,,,,,
2003-06-01,,,,,,,,,,1.5,,3.72330985714286,,4.1127,0.001,0.529,2.607
2003-06-02,1.33,3.43,1.83,1.6,2.85,,1.1744,1.6372,118.52,1.5,,,4.426,,,,
2003-06-03,1.2,3.34,1.76,1.58,2.88,,1.1702,1.6278,119.27,1.5,,,3.2876,,,,
2003-06-04,1.2,3.3,1.73,1.57,2.87,731667.0,1.1708,1.6333,118.6,1.5,,,4.5665,,,,
2003-06-05,1.25,3.34,1.75,1.59,2.87,,1.187,1.6597,117.61,1.5,,,4.4983,,,,
2003-06-06,1.27,3.37,1.76,1.61,2.83,,1.1695,1.6622,118.83,1.0,,,4.329,,,,
2003-06-07,,,,,,,,,,1.0,,,,,,,
2003-06-08,,,,,,,,,,1.0,,,,,,,
2003-06-09,1.19,3.29,1.68,1.61,2.87,,1.1743,1.6452,118.11,1.0,,,4.0304,,,,
2003-06-10,1.13,3.2,1.61,1.59,2.89,,1.1686,1.6523,117.68,1.0,,,4.3898,,,,
2003-06-11,1.16,3.21,1.62,1.59,2.87,743236.0,1.1764,1.6675,117.69,1.0,,,3.6822,,,,
2003-06-12,1.13,3.18,1.57,1.61,2.88,,1.1767,1.6682,117.66,1.0,,,4.0384,,,,
2003-06-13,1.1,3.13,1.51,1.62,2.88,,1.183,1.6676,117.46,1.0,,,4.1657,,,,
2003-06-14,,,,,,,,,,1.0,,,,,,,
2003-06-15,,,,,,,,,,1.0,,,,,,,
2003-06-16,1.18,3.18,1.59,1.59,2.87,,1.1843,1.6815,117.79,1.0,,,3.146,,,,
2003-06-17,1.25,3.27,1.7,1.57,2.85,,1.1812,1.684,118.2,1.0,,,3.1453,,,,
2003-06-18,1.27,3.37,1.79,1.58,2.83,735926.0,1.171,1.6798,118.4,1.0,,,3.865,,,,
2003-06-19,1.17,3.35,1.74,1.61,2.87,,1.1678,1.674,118.74,1.0,,,3.2232,,,,
2003-06-20,1.22,3.4,1.77,1.63,2.86,,1.1616,1.6644,118.39,1.0,,,3.1019,,,,
2003-06-21,,,,,,,,,,1.0,,,,,,,
2003-06-22,,,,,,,,,,1.0,,,,,,,
2003-06-23,1.17,3.32,1.71,1.61,2.88,,1.1548,1.6682,117.55,1.0,,,3.1562,,,,
2003-06-24,1.14,3.29,1.68,1.61,2.87,,1.1498,1.6607,117.96,1.0,,,3.1139,,,,
2003-06-25,1.3,3.38,1.71,1.67,2.85,744018.0,1.1592,1.6787,117.54,1.0,,,3.0967,,,,
2003-06-26,1.41,3.55,1.85,1.7,2.8,,1.1429,1.664,119.32,1.0,,,3.0906,,,,
2003-06-27,1.38,3.58,1.9,1.68,2.8,,1.1423,1.6492,119.72,1.0,,,3.0869,,,,
2003-06-28,,,,,,,,,,1.0,,,,,,,
2003-06-29,,,,,,,,,,1.0,,,,,,,
2003-06-30,1.32,3.54,1.9,1.64,2.81,,1.1502,1.6529,119.87,1.0,,,3.284,,,,
2003-07-01,1.3,3.56,1.92,1.64,2.81,,1.158,1.6626,119.45,1.0,,4.0626237826087,3.5136,4.4078,0.002,0.956,2.666
2003-07-02,1.3,3.56,1.96,1.6,2.75,740126.0,1.1524,1.6646,118.63,1.0,,,3.9382,,,,
2003-07-03,1.32,3.67,2.09,1.58,2.72,,1.1503,1.6718,118.24,1.0,,,3.5007,,,,
2003-07-04,,,,,,,,,,1.0,,,3.0712,,,,
2003-07-05,,,,,,,,,,1.0,,,,,,,
2003-07-06,,,,,,,,,,1.0,,,,,,,
2003-07-07,1.36,3.74,2.14,1.6,2.7,,1.1341,1.6515,118.08,1.0,,,3.6386,,,,
2003-07-08,1.39,3.75,2.12,1.63,2.68,,1.1265,1.6326,118.58,1.0,,,3.8997,,,,
2003-07-09,1.37,3.73,2.0,1.73,2.68,744430.0,1.1311,1.6306,117.85,1.0,,,4.2619,,,,
2003-07-10,1.33,3.7,1.94,1.76,2.71,,1.139,1.6326,117.69,1.0,,,3.8191,,,,
2003-07-11,1.29,3.66,1.88,1.78,2.73,,1.1304,1.6323,117.8,1.0,,,2.8265,,,,
2003-07-12,,,,,,,,,,1.0,,,,,,,
2003-07-13,,,,,,,,,,1.0,,,,,,,
2003-07-14,1.35,3.74,1.92,1.82,2.72,,1.1298,1.6238,117.54,1.0,,,3.5798,,,,
2003-07-15,1.45,3.94,2.06,1.88,2.66,,1.1233,1.5986,117.24,1.0,,,3.0394,,,,
2003-07-16,1.49,3.97,2.08,1.89,2.62,737765.0,1.1209,1.5952,118.24,1.0,,,3.6816,,,,
2003-07-17,1.47,3.98,2.05,1.93,2.61,,1.1164,1.5893,118.87,1.0,,,3.032,,,,
2003-07-18,1.51,4.0,2.04,1.96,2.61,,1.1239,1.5867,118.4,1.0,,,2.8325,,,,
2003-07-19,,,,,,,,,,1.0,,,,,,,
2003-07-20,,,,,,,,,,1.0,,,,,,,
2003-07-21,1.61,4.19,2.21,1.98,2.57,,1.1346,1.601,118.35,1.0,,,2.8621,,,,
2003-07-22,1.57,4.17,2.19,1.98,2.56,,1.1325,1.5978,119.34,1.0,,,3.2583,,,,
2003-07-23,1.54,4.12,2.11,2.01,2.59,745665.0,1.1484,1.609,118.77,1.0,,,2.8347,,,,
2003-07-24,1.54,4.2,2.18,2.02,2.55,,1.1441,1.611,119.25,1.0,,,2.8616,,,,
2003-07-25,1.52,4.22,2.14,2.08,2.57,,1.1513,1.6198,118.82,1.0,,,2.9692,,,,
2003-07-26,,,,,,,,,,1.0,,,,,,,
2003-07-27,,,,,,,,,,1.0,,,,,,,
2003-07-28,1.61,4.31,2.27,2.04,2.58,,1.1497,1.6272,119.42,1.0,,,3.086,,,,
2003-07-29,1.67,4.42,2.38,2.04,2.55,,1.1466,1.6225,119.78,1.0,,,3.0286,,,,
2003-07-30,1.64,4.34,2.32,2.02,2.55,740295.0,1.1367,1.6167,120.55,1.0,,,3.0285,,,,
2003-07-31,1.8,4.49,2.41,2.08,2.58,,1.1231,1.609,120.42,1.0,,,3.1602,,,,
2003-08-01,1.85,4.44,2.4,2.04,2.57,,1.1252,1.6045,120.0,1.0,,4.204696047619049,2.9266,4.604,0.001,1.406,2.875
2003-08-02,,,,,,,,,,1.0,,,,,,,
2003-08-03,,,,,,,,,,1.0,,,,,,,
2003-08-04,1.71,4.35,2.34,2.01,2.62,,1.1337,1.608,120.47,1.0,,,2.9602,,,,
2003-08-05,1.88,4.47,2.43,2.04,2.62,,1.1349,1.6085,119.95,1.0,,,3.2045,,,,
2003-08-06,1.78,4.32,2.34,1.98,2.64,734018.0,1.1357,1.6081,120.33,1.0,,,3.0353,,,,
2003-08-07,1.74,4.3,2.29,2.01,2.64,,1.139,1.617,118.91,1.0,,,2.9222,,,,
2003-08-08,1.72,4.27,2.27,2.0,2.69,,1.1321,1.608,119.02,1.0,,,2.8961,,,,
2003-08-09,,,,,,,,,,1.0,,,,,,,
2003-08-10,,,,,,,,,,1.0,,,,,,,
2003-08-11,1.81,4.38,2.31,2.07,2.61,,1.1349,1.6068,118.36,1.0,,,3.9993,,,,
2003-08-12,1.71,4.37,2.29,2.08,2.63,,1.1304,1.6028,118.53,1.0,,,4.2412,,,,
2003-08-13,1.86,4.58,2.41,2.17,2.56,735386.0,1.1317,1.6082,119.07,1.0,,,4.3577,,,,
2003-08-14,1.86,4.55,2.38,2.17,2.59,,1.1249,1.6,119.14,1.0,,,4.4034,,,,
2003-08-15,1.85,4.55,2.36,2.19,2.55,,1.1255,1.5958,119.24,1.0,,,3.5428,,,,
2003-08-16,,,,,,,,,,1.0,,,,,,,
2003-08-17,,,,,,,,,,1.0,,,,,,,
2003-08-18,1.87,4.49,2.33,2.16,2.6,,1.1138,1.5891,119.43,1.0,,,4.3222,,,,
2003-08-19,1.81,4.38,2.24,2.14,2.61,,1.1117,1.5872,119.26,1.0,,,4.3577,,,,
2003-08-20,1.84,4.45,2.26,2.19,2.56,750825.0,1.1104,1.5922,118.23,1.0,,,2.9269,,,,
2003-08-21,1.98,4.53,2.29,2.24,2.51,,1.0976,1.5845,117.58,1.0,,,2.9489,,,,
2003-08-22,1.97,4.48,2.26,2.22,2.49,,1.0871,1.5755,117.58,1.0,,,2.987,,,,
2003-08-23,,,,,,,,,,1.0,,,,,,,
2003-08-24,,,,,,,,,,1.0,,,,,,,
2003-08-25,2.02,4.53,2.31,2.22,2.5,,1.0892,1.5728,117.43,1.0,,,,,,,
2003-08-26,1.96,4.5,2.28,2.22,2.49,,1.0893,1.5732,117.49,1.0,,,3.6124,,,,
2003-08-27,2.05,4.54,2.36,2.18,2.47,740637.0,1.0906,1.5746,117.74,1.0,,,3.7387,,,,
2003-08-28,1.93,4.42,2.29,2.13,2.49,,1.0896,1.577,117.44,1.0,,,3.1017,,,,
2003-08-29,1.95,4.45,2.29,2.16,2.46,,1.0986,1.5773,116.71,1.0,,,3.6208,,,,
2003-08-30,,,,,,,,,,1.0,,,,,,,
2003-08-31,,,,,,,,,,1.0,,,,,,,
2003-09-01,,,,,,,,,,1.0,,4.23185136363637,4.0712,4.7132,0.002,1.42,2.777
2003-09-02,2.04,4.61,2.43,2.18,2.39,,1.0872,1.574,116.15,1.0,,,3.4378,,,,
2003-09-03,2.02,4.6,2.4,2.2,2.4,750461.0,1.0845,1.5732,116.04,1.0,,,3.3269,,,,
2003-09-04,1.91,4.52,2.32,2.2,2.46,,1.0899,1.5785,116.77,1.0,,,3.176,,,,
2003-09-05,1.72,4.35,2.17,2.18,2.52,,1.1073,1.5891,117.06,1.0,,,3.5817,,,,
2003-09-06,,,,,,,,,,1.0,,,,,,,
2003-09-07,,,,,,,,,,1.0,,,,,,,
2003-09-08,1.75,4.41,2.24,2.17,2.48,,1.1124,1.5858,116.48,1.0,,,3.4804,,,,
2003-09-09,1.71,4.37,2.21,2.16,2.53,,1.119,1.5909,116.33,1.0,,,3.1982,,,,
2003-09-10,1.64,4.28,2.18,2.1,2.55,737234.0,1.1195,1.5897,117.13,1.0,,,3.6461,,,,
2003-09-11,1.71,4.35,2.22,2.13,2.48,,1.1186,1.5937,117.07,1.0,,,3.2229,,,,
2003-09-12,1.66,4.27,2.18,2.09,2.56,,1.1307,1.6062,117.38,1.0,,,3.1748,,,,
2003-09-13,,,,,,,,,,1.0,,,,,,,
2003-09-14,,,,,,,,,,1.0,,,,,,,
2003-09-15,1.63,4.28,2.18,2.1,2.55,,1.1304,1.6018,117.41,1.0,,,3.2092,,,,
2003-09-16,1.63,4.29,2.26,2.03,2.57,,1.1166,1.5871,116.27,1.0,,,3.4791,,,,
2003-09-17,1.63,4.2,2.2,2.0,2.56,743939.0,1.1239,1.6044,115.99,1.0,,,3.3922,,,,
2003-09-18,1.68,4.19,2.18,2.01,2.54,,1.124,1.6155,115.27,1.0,,,3.4797,,,,
2003-09-19,1.7,4.17,2.17,2.0,2.52,,1.1346,1.6315,113.99,1.0,,,3.7086,,,,
2003-09-20,,,,,,,,,,1.0,,,,,,,
2003-09-21,,,,,,,,,,1.0,,,,,,,
2003-09-22,1.7,4.26,2.21,2.05,2.52,,1.1468,1.6472,111.95,1.0,,,3.3824,,,,
2003-09-23,1.68,4.24,2.19,2.05,2.5,,1.1487,1.656,111.65,1.0,,,3.6949,,,,
2003-09-24,1.66,4.16,2.13,2.03,2.5,741193.0,1.1472,1.6558,111.7,1.0,,,3.3966,,,,
2003-09-25,1.65,4.12,2.07,2.05,2.52,,1.1484,1.6587,111.86,1.0,,,4.1449,,,,
2003-09-26,1.6,4.04,1.99,2.05,2.55,,1.1482,1.6597,111.8,1.0,,,3.4916,,,,
2003-09-27,,,,,,,,,,1.0,,,,,,,
2003-09-28,,,,,,,,,,1.0,,,,,,,
2003-09-29,1.61,4.09,2.03,2.06,2.56,,1.1578,1.6642,111.07,1.0,,,3.8185,,,,
2003-09-30,1.5,3.96,1.95,2.01,2.57,,1.165,1.662,111.43,1.0,,,3.8798,,,,
2003-10-01,1.47,3.96,1.96,2.0,2.56,753155.0,1.1708,1.6667,110.61,1.0,,4.30806830434783,3.1715,4.9071,0.001,1.437,2.882
2003-10-02,1.48,4.03,2.01,2.02,2.54,,1.1717,1.675,110.59,1.0,,,3.1333,,,,
2003-10-03,1.65,4.21,2.16,2.05,2.52,,1.1596,1.663,110.9,1.0,,,3.1779,,,,
2003-10-04,,,,,,,,,,1.0,,,,,,,
2003-10-05,,,,,,,,,,1.0,,,,,,,
2003-10-06,1.6,4.17,2.11,2.06,2.51,,1.1706,1.6742,110.81,1.0,,,3.1584,,,,
2003-10-07,1.67,4.27,2.17,2.1,2.49,,1.1784,1.6628,109.81,1.0,,,3.215,,,,
2003-10-08,1.65,4.27,2.18,2.09,2.51,737108.0,1.1805,1.6598,109.55,1.0,,,3.2635,,,,
2003-10-09,1.69,4.32,2.2,2.12,2.5,,1.1695,1.6609,109.34,1.0,,,3.6596,,,,
2003-10-10,1.65,4.29,2.14,2.15,2.48,,1.1812,1.6654,108.57,1.0,,,3.5793,,,,
2003-10-11,,,,,,,,,,1.0,,,,,,,
2003-10-12,,,,,,,,,,1.0,,,,,,,
2003-10-13,,,,,,,,,,1.0,,,3.4699,,,,
2003-10-14,1.73,4.37,2.18,2.19,2.48,,1.1724,1.6737,109.29,1.0,,,3.6015,,,,
2003-10-15,1.79,4.43,2.2,2.23,2.44,754229.0,1.1652,1.6698,109.56,1.0,,,3.1246,,,,
2003-10-16,1.96,4.47,2.21,2.26,2.4,,1.1665,1.676,109.36,1.0,,,3.1217,,,,
2003-10-17,1.9,4.41,2.14,2.27,2.38,,1.163,1.6721,109.57,1.0,,,3.1026,,,,
2003-10-18,,,,,,,,,,1.0,,,,,,,
2003-10-19,,,,,,,,,,1.0,,,,,,,
2003-10-20,1.88,4.41,2.13,2.28,2.36,,1.1671,1.6749,110.22,1.0,,,3.2989,,,,
2003-10-21,1.89,4.38,2.12,2.26,2.39,,1.1676,1.6746,109.69,1.0,,,3.2451,,,,
2003-10-22,1.8,4.29,2.07,2.22,2.43,743578.0,1.1805,1.6935,108.95,1.0,,,3.0872,,,,
2003-10-23,1.84,4.34,2.03,2.31,2.41,,1.1795,1.6943,109.59,1.0,,,3.6476,,,,
2003-10-24,1.76,4.24,1.92,2.32,2.42,,1.1833,1.6972,109.23,1.0,,,3.7665,,,,
2003-10-25,,,,,,,,,,1.0,,,,,,,
2003-10-26,,,,,,,,,,1.0,,,,,,,
2003-10-27,1.83,4.3,1.96,2.34,2.39,,1.1762,1.6952,108.38,1.0,,,3.5018,,,,
2003-10-28,1.71,4.23,1.91,2.32,2.41,,1.1689,1.6956,108.33,1.0,,,3.2326,,,,
2003-10-29,1.79,4.31,1.98,2.33,2.39,747272.0,1.1673,1.6988,108.18,1.0,,,3.6303,,,,
2003-10-30,1.86,4.36,1.97,2.39,2.36,,1.1694,1.7025,108.27,1.0,,,3.7719,,,,
2003-10-31,1.85,4.33,1.93,2.4,2.36,,1.1609,1.6956,110.1,1.0,,,3.2044,,,,
2003-11-01,,,,,,,,,,1.0,,4.4378369,,5.065,0.001,1.333,2.993
2003-11-02,,,,,,,,,,1.0,,,,,,,
2003-11-03,1.9,4.4,1.97,2.43,2.32,,1.1454,1.6786,111.2,1.0,,,3.0648,,,,
2003-11-04,1.86,4.33,1.93,2.4,2.36,,1.1497,1.6802,109.6,1.0,,,2.9917,,,,
2003-11-05,1.94,4.38,2.02,2.36,2.35,744116.0,1.1473,1.678,109.91,1.0,,,2.8949,,,,
2003-11-06,2.01,4.45,2.08,2.37,2.34,,1.1417,1.6693,110.15,1.0,,,3.4147,,,,
2003-11-07,2.04,4.48,2.1,2.38,2.32,,1.1505,1.6708,109.29,1.0,,,3.4399,,,,
2003-11-08,,,,,,,,,,1.0,,,,,,,
2003-11-09,,,,,,,,,,1.0,,,,,,,
2003-11-10,2.06,4.49,2.09,2.4,2.33,,1.1515,1.6737,107.98,1.0,,,3.3537,,,,
2003-11-11,,,,,,,,,,1.0,,,4.0361,,,,
2003-11-12,2.05,4.44,2.04,2.4,2.33,745604.0,1.1647,1.677,108.55,1.0,,,3.5915,,,,
2003-11-13,1.92,4.3,1.94,2.36,2.35,,1.1711,1.688,108.33,1.0,,,3.6523,,,,
2003-11-14,1.84,4.22,1.87,2.35,2.37,,1.1743,1.6841,108.43,1.0,,,3.768,,,,
2003-11-15,,,,,,,,,,1.0,,,,,,,
2003-11-16,,,,,,,,,,1.0,,,,,,,
2003-11-17,1.8,4.18,1.82,2.36,2.39,,1.1744,1.6885,108.98,1.0,,,3.7933,,,,
2003-11-18,1.83,4.17,1.83,2.34,2.38,,1.1893,1.6998,108.11,1.0,,,3.7081,,,,
2003-11-19,1.9,4.24,1.91,2.33,2.37,744521.0,1.1909,1.6982,109.06,1.0,,,3.3904,,,,
2003-11-20,1.83,4.16,1.92,2.24,2.4,,1.1895,1.7024,108.99,1.0,,,3.3449,,,,
2003-11-21,1.84,4.15,1.93,2.22,2.39,,1.1913,1.7025,108.87,1.0,,,3.9232,,,,
2003-11-22,,,,,,,,,,1.0,,,,,,,
2003-11-23,,,,,,,,,,1.0,,,,,,,
2003-11-24,1.94,4.23,1.99,2.24,2.38,,1.1768,1.695,109.39,1.0,,,3.7069,,,,
2003-11-25,1.89,4.19,1.92,2.27,2.38,,1.1785,1.6983,109.72,1.0,,,3.9734,,,,
2003-11-26,1.97,4.25,1.96,2.29,2.35,756964.0,1.1918,1.709,109.11,1.0,,,3.5295,,,,
2003-11-27,,,,,,,,,,1.0,,,3.3473,,,,
2003-11-28,2.06,4.34,2.03,2.31,2.33,,1.1995,1.7219,109.53,1.0,,,4.0423,,,,
2003-11-29,,,,,,,,,,1.0,,,,,,,
2003-11-30,,,,,,,,,,1.0,,,,,,,
2003-12-01,2.12,4.4,2.08,2.32,2.3,,1.1956,1.7209,109.61,1.0,,4.3560047826087,4.1439,4.896,0.001,1.33,2.78
2003-12-02,2.07,4.38,2.05,2.33,2.3,,1.2084,1.7291,108.82,1.0,,,3.9847,,,,
2003-12-03,2.09,4.41,2.08,2.33,2.29,749981.0,1.2093,1.7248,108.17,1.0,,,3.8833,,,,
2003-12-04,2.06,4.38,2.04,2.34,2.29,,1.2077,1.72,108.19,1.0,,,4.0702,,,,
2003-12-05,1.88,4.23,1.92,2.31,2.33,,1.2157,1.727,107.78,1.0,,,3.702,,,,
2003-12-06,,,,,,,,,,1.0,,,,,,,
2003-12-07,,,,,,,,,,1.0,,,,,,,
2003-12-08,1.94,4.29,1.96,2.33,2.33,,1.2217,1.7334,107.23,1.0,,,4.1948,,,,
2003-12-09,1.97,4.32,2.0,2.32,2.34,,1.2229,1.743,107.3,1.0,,,3.637,,,,
2003-12-10,1.94,4.3,1.97,2.33,2.35,756585.0,1.2215,1.7446,108.4,1.0,,,3.7094,,,,
2003-12-11,1.83,4.27,1.9,2.37,2.35,,1.2164,1.7445,108.23,1.0,,,3.7651,,,,
2003-12-12,1.84,4.26,1.91,2.35,2.34,,1.2284,1.7466,107.73,1.0,,,3.4103,,,,
2003-12-13,,,,,,,,,,1.0,,,,,,,
2003-12-14,,,,,,,,,,1.0,,,,,,,
2003-12-15,1.88,4.28,1.98,2.3,2.34,,1.229,1.745,107.52,1.0,,,3.4077,,,,
2003-12-16,1.83,4.24,1.99,2.25,2.35,,1.2328,1.751,107.6,1.0,,,3.4048,,,,
2003-12-17,1.83,4.19,1.96,2.23,2.35,753919.0,1.2381,1.7615,107.42,1.0,,,3.8197,,,,
2003-12-18,1.85,4.16,1.94,2.22,2.32,,1.2376,1.7673,107.92,1.0,,,3.7805,,,,
2003-12-19,1.82,4.15,1.95,2.2,2.33,,1.238,1.7675,107.94,1.0,,,3.9511,,,,
2003-12-20,,,,,,,,,,1.0,,,,,,,
2003-12-21,,,,,,,,,,1.0,,,,,,,
2003-12-22,1.84,4.18,1.98,2.2,2.34,,1.2415,1.7635,107.4,1.0,,,3.9161,,,,
2003-12-23,1.96,4.28,2.03,2.25,2.31,,1.2406,1.765,107.44,1.0,,,3.9823,,,,
2003-12-24,1.83,4.2,1.96,2.24,2.34,767012.0,1.2464,1.7748,107.29,1.0,,,3.5695,,,,
2003-12-25,,,,,,,,,,1.0,,,,,,,
2003-12-26,1.82,4.17,1.94,2.23,2.33,,1.2441,1.7725,107.18,1.0,,,,,,,
2003-12-27,,,,,,,,,,1.0,,,,,,,
2003-12-28,,,,,,,,,,1.0,,,,,,,
2003-12-29,1.86,4.24,1.99,2.25,2.33,,1.2485,1.7705,106.93,1.0,,,4.0498,,,,
2003-12-30,1.86,4.29,2.01,2.28,2.33,,1.2521,1.7786,107.0,1.0,,,3.6611,,,,
2003-12-31,1.84,4.27,2.0,2.27,2.34,771551.0,1.2597,1.7842,107.13,1.0,,,3.2895,,,,
2004-01-01,,,,,,,,,,1.0,,4.256703318181821,,4.7875,0.0,1.33,2.852
2004-01-02,1.94,4.38,2.06,2.32,2.32,,1.2592,1.7902,106.95,1.0,,,3.3693,,,,
2004-01-03,,,,,,,,,,1.0,,,,,,,
2004-01-04,,,,,,,,,,1.0,,,,,,,
2004-01-05,1.95,4.41,2.06,2.35,2.27,,1.2679,1.8085,106.1,1.0,,,3.7294,,,,
2004-01-06,1.84,4.29,1.97,2.32,2.32,,1.2773,1.8245,106.2,1.0,,,3.7151,,,,
2004-01-07,1.84,4.27,1.94,2.33,2.3,755829.0,1.2665,1.8193,106.19,1.0,,,3.6582,,,,
2004-01-08,1.85,4.27,1.99,2.28,2.26,,1.2772,1.8338,106.17,1.0,,,3.9445,,,,
2004-01-09,1.68,4.11,1.89,2.22,2.31,,1.2853,1.8472,106.54,1.0,,,3.7517,,,,
2004-01-10,,,,,,,,,,1.0,,,,,,,
2004-01-11,,,,,,,,,,1.0,,,,,,,
2004-01-12,1.68,4.11,1.89,2.22,2.32,,1.2802,1.8511,106.48,1.0,,,4.0099,,,,
2004-01-13,1.63,4.05,1.83,2.22,2.35,,1.2735,1.8432,106.25,1.0,,,4.3719,,,,
2004-01-14,1.65,4.01,1.85,2.16,2.33,752812.0,1.2726,1.8409,106.06,1.0,,,3.3794,,,,
2004-01-15,1.67,3.99,1.82,2.17,2.33,,1.2588,1.8205,106.1,1.0,,,3.3744,,,,
2004-01-16,1.7,4.04,1.83,2.21,2.3,,1.2395,1.7996,106.87,1.0,,,3.3775,,,,
2004-01-17,,,,,,,,,,1.0,,,,,,,
2004-01-18,,,,,,,,,,1.0,,,,,,,
2004-01-19,,,,,,,,,,1.0,,,3.6941,,,,
2004-01-20,1.69,4.08,1.84,2.24,2.31,,1.2584,1.8187,107.17,1.0,,,3.3888,,,,
2004-01-21,1.69,4.05,1.79,2.26,2.33,775833.0,1.2617,1.8295,106.84,1.0,,,4.0552,,,,
2004-01-22,1.66,3.99,1.76,2.23,2.33,,1.2717,1.8446,106.08,1.0,,,3.7558,,,,
2004-01-23,1.71,4.09,1.82,2.27,2.3,,1.261,1.8203,106.21,1.0,,,3.3269,,,,
2004-01-24,,,,,,,,,,1.0,,,,,,,
2004-01-25,,,,,,,,,,1.0,,,,,,,
2004-01-26,1.75,4.16,1.89,2.27,2.28,,1.2552,1.82,106.15,1.0,,,3.5561,,,,
2004-01-27,1.7,4.11,1.84,2.27,2.26,,1.2643,1.8277,105.56,1.0,,,3.3696,,,,
2004-01-28,1.87,4.22,1.92,2.3,2.23,755279.0,1.262,1.837,105.52,1.0,,,4.152,,,,
2004-01-29,1.88,4.22,1.91,2.31,2.19,,1.2389,1.8112,106.09,1.0,,,4.2812,,,,
2004-01-30,1.84,4.16,1.85,2.31,2.19,,1.2452,1.8215,105.84,1.0,,,3.772,,,,
2004-01-31,,,,,,,,,,1.0,,,,,,,
2004-02-01,,,,,,,,,,1.0,,4.18328015,,4.8056,0.001,1.211,2.681
2004-02-02,1.83,4.18,1.84,2.34,2.17,,1.2426,1.8182,105.59,1.0,,,3.3672,,,,
2004-02-03,1.78,4.13,1.81,2.32,2.18,,1.2561,1.838,105.36,1.0,,,3.2126,,,,
2004-02-04,1.8,4.15,1.82,2.33,2.16,754153.0,1.2552,1.8335,105.53,1.0,,,3.037,,,,
2004-02-05,1.85,4.2,1.85,2.35,2.13,,1.2606,1.8378,105.52,1.0,,,3.631,,,,
2004-02-06,1.77,4.12,1.79,2.33,2.16,,1.2694,1.8459,105.57,1.0,,,3.5436,,,,
2004-02-07,,,,,,,,,,1.0,,,,,,,
2004-02-08,,,,,,,,,,1.0,,,,,,,
2004-02-09,1.76,4.09,1.76,2.33,2.16,,1.2672,1.858,105.68,1.0,,,4.5108,,,,
2004-02-10,1.82,4.13,1.79,2.34,2.15,,1.2727,1.8697,105.55,1.0,,,4.4281,,,,
2004-02-11,1.73,4.05,1.75,2.3,2.19,750999.0,1.2815,1.885,105.37,1.0,,,4.697,,,,
2004-02-12,1.75,4.1,1.77,2.33,2.18,,1.2807,1.891,105.42,1.0,,,4.865,,,,
2004-02-13,1.7,4.05,1.74,2.31,2.2,,1.2751,1.883,105.6,1.0,,,4.3993,,,,
2004-02-14,,,,,,,,,,1.0,,,,,,,
2004-02-15,,,,,,,,,,1.0,,,,,,,
2004-02-16,,,,,,,,,,1.0,,,4.811,,,,
2004-02-17,1.7,4.05,1.75,2.3,2.19,,1.2848,1.9045,105.8,1.0,,,4.4775,,,,
2004-02-18,1.72,4.05,1.75,2.3,2.19,758759.0,1.2812,1.9023,106.37,1.0,,,4.4568,,,,
2004-02-19,1.7,4.05,1.76,2.29,2.19,,1.2685,1.8921,107.09,1.0,,,3.7824,,,,
2004-02-20,1.75,4.1,1.79,2.31,2.18,,1.2563,1.8668,108.83,1.0,,,4.2003,,,,
2004-02-21,,,,,,,,,,1.0,,,,,,,
2004-02-22,,,,,,,,,,1.0,,,,,,,
2004-02-23,1.69,4.05,1.76,2.29,2.2,,1.2569,1.8686,108.22,1.0,,,4.4954,,,,
2004-02-24,1.69,4.04,1.74,2.3,2.19,,1.2692,1.8901,108.11,1.0,,,4.2905,,,,
2004-02-25,1.67,4.02,1.71,2.31,2.21,750666.0,1.2503,1.8757,108.99,1.0,,,4.1784,,,,
2004-02-26,1.69,4.05,1.69,2.36,2.2,,1.2444,1.8609,109.59,1.0,,,3.7036,,,,
2004-02-27,1.66,3.99,1.61,2.38,2.21,,1.2441,1.8575,109.26,1.0,,,3.6589,,,,
2004-02-28,,,,,,,,,,1.0,,,,,,,
2004-02-29,,,,,,,,,,1.0,,,,,,,
2004-03-01,1.67,4.0,1.55,2.45,2.2,,1.2431,1.868,108.93,1.0,,4.019410565217391,4.1206,4.7088,0.001,1.418,2.632
2004-03-02,1.74,4.05,1.58,2.47,2.19,,1.2212,1.8386,110.27,1.0,,,3.9607,,,,
2004-03-03,1.74,4.07,1.59,2.48,2.18,754867.0,1.2088,1.8192,110.25,1.0,,,3.8705,,,,
2004-03-04,1.73,4.04,1.6,2.44,2.18,,1.2225,1.825,110.74,1.0,,,4.5246,,,,
2004-03-05,1.57,3.85,1.46,2.39,2.25,,1.2401,1.8428,111.42,1.0,,,4.2014,,,,
2004-03-06,,,,,,,,,,1.0,,,,,,,
2004-03-07,,,,,,,,,,1.0,,,,,,,
2004-03-08,1.52,3.78,1.43,2.35,2.3,,1.2371,1.8471,112.12,1.0,,,4.3042,,,,
2004-03-09,1.51,3.73,1.4,2.33,2.3,,1.2428,1.8395,111.2,1.0,,,3.9625,,,,
2004-03-10,1.54,3.74,1.45,2.29,2.31,749950.0,1.2226,1.8,111.04,1.0,,,3.6524,,,,
2004-03-11,1.52,3.74,1.5,2.24,2.32,,1.2268,1.8008,110.89,1.0,,,3.6297,,,,
2004-03-12,1.54,3.78,1.52,2.26,2.31,,1.2191,1.7943,110.82,1.0,,,3.6745,,,,
2004-03-13,,,,,,,,,,1.0,,,,,,,
2004-03-14,,,,,,,,,,1.0,,,,,,,
2004-03-15,1.56,3.78,1.47,2.31,2.31,,1.2243,1.7993,110.48,1.0,,,3.676,,,,
2004-03-16,1.51,3.7,1.4,2.3,2.34,,1.227,1.8105,108.95,1.0,,,3.687,,,,
2004-03-17,1.53,3.71,1.36,2.35,2.33,760638.0,1.2197,1.8132,108.18,1.0,,,3.6845,,,,
2004-03-18,1.55,3.76,1.37,2.39,2.32,,1.2392,1.8363,106.6,1.0,,,3.8552,,,,
2004-03-19,1.56,3.8,1.44,2.36,2.3,,1.2269,1.827,106.97,1.0,,,3.857,,,,
2004-03-20,,,,,,,,,,1.0,,,,,,,
2004-03-21,,,,,,,,,,1.0,,,,,,,
2004-03-22,1.52,3.74,1.42,2.32,2.32,,1.2368,1.8485,106.84,1.0,,,3.8933,,,,
2004-03-23,1.52,3.73,1.41,2.32,2.33,,1.2311,1.8502,106.63,1.0,,,3.6803,,,,
2004-03-24,1.5,3.73,1.38,2.35,2.33,751510.0,1.2213,1.8351,106.23,1.0,,,3.6816,,,,
2004-03-25,1.51,3.75,1.4,2.35,2.34,,1.217,1.8099,106.06,1.0,,,4.1262,,,,
2004-03-26,1.59,3.85,1.47,2.38,2.31,,1.2092,1.8104,105.93,1.0,,,4.1107,,,,
2004-03-27,,,,,,,,,,1.0,,,,,,,
2004-03-28,,,,,,,,,,1.0,,,,,,,
2004-03-29,1.63,3.91,1.5,2.41,2.28,,1.2141,1.8163,105.52,1.0,,,4.2568,,,,
2004-03-30,1.63,3.91,1.52,2.39,2.28,,1.2202,1.8283,105.61,1.0,,,3.6909,,,,
2004-03-31,1.6,3.86,1.48,2.38,2.29,760725.0,1.2292,1.84,104.18,1.0,,,3.6909,,,,
2004-04-01,1.65,3.91,1.48,2.43,2.27,,1.2358,1.8564,103.7,1.0,,4.24242631818182,3.6521,4.957,0.0,1.52,2.809
2004-04-02,1.86,4.15,1.69,2.46,2.17,,1.2109,1.8293,104.55,1.0,,,3.6595,,,,
2004-04-03,,,,,,,,,,1.0,,,,,,,
2004-04-04,,,,,,,,,,1.0,,,,,,,
2004-04-05,1.91,4.24,1.75,2.49,2.13,,1.2008,1.814,105.36,1.0,,,3.6202,,,,
2004-04-06,1.86,4.19,1.73,2.46,2.16,,1.2089,1.8374,105.9,1.0,,,3.5177,,,,
2004-04-07,1.87,4.19,1.82,2.37,2.15,754083.0,1.2171,1.841,105.2,1.0,,,3.4195,,,,
2004-04-08,1.88,4.21,1.8,2.41,2.15,,1.2088,1.8325,106.1,1.0,,,3.7121,,,,
2004-04-09,,,,,,,1.2102,1.8322,106.45,1.0,,,,,,,
2004-04-10,,,,,,,,,,1.0,,,,,,,
2004-04-11,,,,,,,,,,1.0,,,,,,,
2004-04-12,1.91,4.25,1.81,2.44,2.13,,1.2068,1.8358,105.5,1.0,,,,,,,
2004-04-13,2.01,4.35,1.88,2.47,2.11,,1.1923,1.816,106.96,1.0,,,4.1813,,,,
2004-04-14,2.13,4.4,1.91,2.49,2.08,763734.0,1.194,1.7902,108.53,1.0,,,4.3835,,,,
2004-04-15,2.1,4.42,1.93,2.49,2.09,,1.1914,1.7785,108.58,1.0,,,3.5777,,,,
2004-04-16,2.03,4.37,1.87,2.5,2.11,,1.2025,1.8004,107.69,1.0,,,3.5155,,,,
2004-04-17,,,,,,,,,,1.0,,,,,,,
2004-04-18,,,,,,,,,,1.0,,,,,,,
2004-04-19,2.07,4.39,1.87,2.52,2.12,,1.2019,1.8055,108.5,1.0,,,3.495,,,,
2004-04-20,2.11,4.43,1.97,2.46,2.1,,1.191,1.7914,108.43,1.0,,,3.7099,,,,
2004-04-21,2.22,4.45,1.96,2.49,2.09,757984.0,1.1853,1.772,109.55,1.0,,,3.5856,,,,
2004-04-22,2.15,4.4,1.98,2.42,2.1,,1.1861,1.7684,109.85,1.0,,,3.5505,,,,
2004-04-23,2.29,4.48,2.12,2.36,2.07,,1.1802,1.7674,109.38,1.0,,,4.2479,,,,
2004-04-24,,,,,,,,,,1.0,,,,,,,
2004-04-25,,,,,,,,,,1.0,,,,,,,
2004-04-26,2.28,4.46,2.03,2.43,2.06,,1.1851,1.7857,108.55,1.0,,,4.4353,,,,
2004-04-27,2.21,4.43,2.0,2.43,2.08,,1.1927,1.7925,109.48,1.0,,,4.5266,,,,
2004-04-28,2.3,4.5,2.1,2.4,2.06,772927.0,1.183,1.772,109.85,1.0,,,4.6102,,,,
2004-04-29,2.34,4.55,2.15,2.4,2.06,,1.1945,1.7751,109.96,1.0,,,4.4357,,,,
2004-04-30,2.31,4.53,2.11,2.42,2.05,,1.1975,1.7744,110.37,1.0,,,3.9925,,,,
2004-05-01,,,,,,,,,,1.0,,4.3862070952381,,5.1118,0.001,1.505,2.888
2004-05-02,,,,,,,,,,1.0,,,,,,,
2004-05-03,2.34,4.53,2.09,2.44,2.05,,1.1937,1.772,110.34,1.0,,,,,,,
2004-05-04,2.32,4.56,2.1,2.46,2.07,,1.2076,1.7907,110.02,1.0,,,3.5844,,,,
2004-05-05,2.34,4.61,2.1,2.51,2.05,758838.0,1.2165,1.7932,108.5,1.0,,,3.483,,,,
2004-05-06,2.39,4.63,2.15,2.48,2.06,,1.209,1.7941,109.58,1.0,,,3.8936,,,,
2004-05-07,2.64,4.79,2.24,2.55,1.97,,1.1885,1.7842,112.3,1.0,,,4.2391,,,,
2004-05-08,,,,,,,,,,1.0,,,,,,,
2004-05-09,,,,,,,,,,1.0,,,,,,,
2004-05-10,2.61,4.81,2.25,2.56,1.98,,1.1834,1.7723,114.03,1.0,,,4.271,,,,
2004-05-11,2.61,4.79,2.21,2.58,1.99,,1.1818,1.7544,113.67,1.0,,,4.3363,,,,
2004-05-12,2.62,4.83,2.17,2.66,2.0,764835.0,1.1911,1.7743,113.21,1.0,,,4.35,,,,
2004-05-13,2.67,4.85,2.18,2.67,2.02,,1.1801,1.7584,114.25,1.0,,,4.3464,,,,
2004-05-14,2.59,4.79,2.16,2.63,2.03,,1.1874,1.7572,114.3,1.0,,,4.3458,,,,
2004-05-15,,,,,,,,,,1.0,,,,,,,
2004-05-16,,,,,,,,,,1.0,,,,,,,
2004-05-17,2.51,4.7,2.07,2.63,2.08,,1.2009,1.7695,114.1,1.0,,,4.3535,,,,
2004-05-18,2.58,4.74,2.05,2.69,2.05,,1.1971,1.7695,114.06,1.0,,,4.2801,,,,
2004-05-19,2.61,4.79,2.03,2.76,2.03,756874.0,1.2015,1.7827,112.77,1.0,,,4.3687,,,,
2004-05-20,2.55,4.72,1.96,2.76,2.05,,1.1926,1.771,113.18,1.0,,,4.167,,,,
2004-05-21,2.6,4.76,2.04,2.72,2.03,,1.2009,1.788,112.09,1.0,,,4.0827,,,,
2004-05-22,,,,,,,,,,1.0,,,,,,,
2004-05-23,,,,,,,,,,1.0,,,,,,,
2004-05-24,2.59,4.75,2.01,2.74,2.02,,1.1978,1.7908,112.66,1.0,,,4.1928,,,,
2004-05-25,2.58,4.73,2.03,2.7,2.02,,1.2107,1.8135,112.21,1.0,,,4.2078,,,,
2004-05-26,2.52,4.67,1.99,2.68,2.05,771108.0,1.2102,1.8142,111.7,1.0,,,4.2818,,,,
2004-05-27,2.46,4.6,1.97,2.63,2.05,,1.2274,1.8369,110.77,1.0,,,4.4325,,,,
2004-05-28,2.54,4.66,2.0,2.66,2.03,,1.2217,1.833,110.18,1.0,,,4.6399,,,,
2004-05-29,,,,,,,,,,1.0,,,,,,,
2004-05-30,,,,,,,,,,1.0,,,,,,,
2004-05-31,,,,,,,,,,1.0,,,,,,,
2004-06-01,2.6,4.71,1.97,2.74,2.05,,1.221,1.8359,110.45,1.0,,4.44260136363636,4.5213,5.2,0.001,1.807,3.04
2004-06-02,2.65,4.74,2.04,2.7,2.06,764090.0,1.225,1.8381,110.28,1.0,,,4.6718,,,,
2004-06-03,2.63,4.71,2.05,2.66,2.08,,1.2205,1.8387,111.14,1.0,,,4.4234,,,,
2004-06-04,2.7,4.78,2.11,2.67,2.06,,1.2258,1.8367,111.27,1.0,,,3.9851,,,,
2004-06-05,,,,,,,,,,1.0,,,,,,,
2004-06-06,,,,,,,,,,1.0,,,,,,,
2004-06-07,2.67,4.78,2.11,2.67,2.05,,1.232,1.8386,109.61,1.0,,,3.9077,,,,
2004-06-08,2.73,4.78,2.15,2.63,2.04,,1.2273,1.8361,109.77,1.0,,,3.8165,,,,
2004-06-09,2.79,4.82,2.2,2.62,2.03,772187.0,1.2097,1.8292,109.74,1.0,,,3.7256,,,,
2004-06-10,2.81,4.81,2.18,2.63,2.03,,1.211,1.838,109.33,1.0,,,4.3379,,,,
2004-06-11,,,,,,,1.2011,1.8175,110.09,1.0,,,4.4007,,,,
2004-06-12,,,,,,,,,,1.0,,,,,,,
2004-06-13,,,,,,,,,,1.0,,,,,,,
2004-06-14,2.97,4.89,2.26,2.63,2.01,,1.2073,1.8148,111.15,1.0,,,4.4482,,,,
2004-06-15,2.77,4.69,2.16,2.53,2.06,,1.2139,1.8278,109.59,1.0,,,4.4383,,,,
2004-06-16,2.84,4.74,2.18,2.56,2.04,761834.0,1.2006,1.8262,110.15,1.0,,,4.5422,,,,
2004-06-17,2.81,4.71,2.16,2.55,2.03,,1.204,1.8341,109.63,1.0,,,4.3324,,,,
2004-06-18,2.81,4.72,2.15,2.57,2.03,,1.2118,1.8368,108.65,1.0,,,4.3196,,,,
2004-06-19,,,,,,,,,,1.0,,,,,,,
2004-06-20,,,,,,,,,,1.0,,,,,,,
2004-06-21,2.8,4.7,2.16,2.54,2.05,,1.211,1.831,108.57,1.0,,,4.3677,,,,
2004-06-22,2.8,4.72,2.17,2.55,2.05,,1.2092,1.8217,109.0,1.0,,,4.3697,,,,
2004-06-23,2.78,4.71,2.18,2.53,2.06,775261.0,1.209,1.8184,108.64,1.0,,,4.5191,,,,
2004-06-24,2.74,4.66,2.15,2.51,2.06,,1.217,1.8216,107.1,1.0,,,4.4043,,,,
2004-06-25,2.74,4.66,2.16,2.5,2.07,,1.2145,1.8218,107.82,1.0,,,4.5098,,,,
2004-06-26,,,,,,,,,,1.0,,,,,,,
2004-06-27,,,,,,,,,,1.0,,,,,,,
2004-06-28,2.86,4.76,2.23,2.53,2.04,,1.2193,1.8294,107.95,1.0,,,4.5719,,,,
2004-06-29,2.83,4.7,2.2,2.5,2.06,,1.2124,1.809,108.18,1.0,,,4.6308,,,,
2004-06-30,2.7,4.62,2.1,2.52,2.09,779578.0,1.2179,1.8126,109.43,1.0,,,4.7368,,,,
2004-07-01,2.64,4.57,2.04,2.53,2.12,,1.2158,1.816,108.24,1.0,,4.3395705,4.3298,5.1083,0.0,1.808,2.957
2004-07-02,2.54,4.48,1.96,2.52,2.13,,1.2307,1.83,108.6,1.0,,,4.3501,,,,
2004-07-03,,,,,,,,,,1.0,,,,,,,
2004-07-04,,,,,,,,,,1.0,,,,,,,
2004-07-05,,,,,,,,,,1.0,,,4.3604,,,,
2004-07-06,2.56,4.49,1.97,2.52,2.14,,1.229,1.8423,109.24,1.0,,,4.311,,,,
2004-07-07,2.56,4.5,2.0,2.5,2.13,778163.0,1.2384,1.8571,108.38,1.0,,,4.2998,,,,
2004-07-08,2.55,4.49,2.02,2.47,2.14,,1.239,1.8566,108.76,1.0,,,4.4236,,,,
2004-07-09,2.55,4.49,2.02,2.47,2.14,,1.2388,1.8555,108.21,1.0,,,4.4828,,,,
2004-07-10,,,,,,,,,,1.0,,,,,,,
2004-07-11,,,,,,,,,,1.0,,,,,,,
2004-07-12,2.53,4.46,2.02,2.44,2.15,,1.2409,1.864,108.24,1.0,,,4.4675,,,,
2004-07-13,2.58,4.5,2.03,2.47,2.14,,1.2302,1.854,109.37,1.0,,,4.4,,,,
2004-07-14,2.62,4.5,2.02,2.48,2.12,775536.0,1.2385,1.8564,109.13,1.0,,,4.3171,,,,
2004-07-15,2.64,4.5,2.01,2.49,2.12,,1.2373,1.8545,109.52,1.0,,,4.6627,,,,
2004-07-16,2.54,4.38,1.94,2.44,2.15,,1.2437,1.8708,108.77,1.0,,,4.4844,,,,
2004-07-17,,,,,,,,,,1.0,,,,,,,
2004-07-18,,,,,,,,,,1.0,,,,,,,
2004-07-19,2.56,4.38,1.96,2.42,2.14,,1.2431,1.8734,108.28,1.0,,,4.3345,,,,
2004-07-20,2.67,4.47,2.05,2.42,2.12,,1.2377,1.8556,108.38,1.0,,,4.4407,,,,
2004-07-21,2.71,4.5,2.05,2.45,2.12,776764.0,1.2224,1.8354,110.1,1.0,,,4.4058,,,,
2004-07-22,2.69,4.48,2.03,2.45,2.13,,1.2273,1.847,109.68,1.0,,,4.3562,,,,
2004-07-23,2.69,4.45,2.0,2.45,2.13,,1.2122,1.8321,110.11,1.0,,,4.3915,,,,
2004-07-24,,,,,,,,,,1.0,,,,,,,
2004-07-25,,,,,,,,,,1.0,,,,,,,
2004-07-26,2.75,4.49,2.05,2.44,2.11,,1.2135,1.8393,110.08,1.0,,,4.632,,,,
2004-07-27,2.82,4.62,2.15,2.47,2.09,,1.2056,1.8219,111.09,1.0,,,4.7007,,,,
2004-07-28,2.78,4.61,2.11,2.5,2.1,773916.0,1.2046,1.8222,111.78,1.0,,,4.9109,,,,
2004-07-29,2.75,4.6,2.07,2.53,2.09,,1.207,1.8174,111.88,1.0,,,4.8662,,,,
2004-07-30,2.68,4.5,2.01,2.49,2.1,,1.2032,1.8183,111.39,1.0,,,4.2418,,,,
2004-07-31,,,,,,,,,,1.0,,,,,,,
2004-08-01,,,,,,,,,,1.0,,4.16788581818182,,5.0071,0.001,1.588,2.825
2004-08-02,2.66,4.48,2.0,2.48,2.13,,1.2034,1.8273,111.08,1.0,,,4.1015,,,,
2004-08-03,2.66,4.45,1.98,2.47,2.14,,1.2051,1.8243,110.6,1.0,,,3.9388,,,,
2004-08-04,2.66,4.45,2.0,2.45,2.14,772085.0,1.2057,1.8248,111.29,1.0,,,3.751,,,,
2004-08-05,2.64,4.43,1.96,2.47,2.14,,1.205,1.8231,111.53,1.0,,,4.5761,,,,
2004-08-06,2.4,4.24,1.82,2.42,2.22,,1.2272,1.8459,110.05,1.0,,,4.9228,,,,
2004-08-07,,,,,,,,,,1.0,,,,,,,
2004-08-08,,,,,,,,,,1.0,,,,,,,
2004-08-09,2.45,4.28,1.85,2.43,2.19,,1.2261,1.8403,110.57,1.0,,,4.5795,,,,
2004-08-10,2.55,4.32,1.9,2.42,2.18,,1.2306,1.8387,110.79,1.0,,,4.5841,,,,
2004-08-11,2.54,4.3,1.86,2.44,2.17,769265.0,1.2222,1.828,110.78,1.0,,,4.5983,,,,
2004-08-12,2.52,4.27,1.81,2.46,2.19,,1.2224,1.821,111.14,1.0,,,4.7707,,,,
2004-08-13,2.47,4.22,1.77,2.45,2.2,,1.2354,1.8432,110.67,1.0,,,4.775,,,,
2004-08-14,,,,,,,,,,1.0,,,,,,,
2004-08-15,,,,,,,,,,1.0,,,,,,,
2004-08-16,2.51,4.26,1.82,2.44,2.2,,1.2333,1.8392,110.64,1.0,,,4.9129,,,,
2004-08-17,2.44,4.21,1.82,2.39,2.21,,1.2329,1.8288,110.07,1.0,,,4.7453,,,,
2004-08-18,2.44,4.23,1.83,2.4,2.2,767595.0,1.2299,1.8225,109.71,1.0,,,4.7419,,,,
2004-08-19,2.43,4.22,1.76,2.46,2.2,,1.2368,1.8313,109.34,1.0,,,4.8027,,,,
2004-08-20,2.46,4.24,1.79,2.45,2.19,,1.2324,1.8213,109.32,1.0,,,4.6633,,,,
2004-08-21,,,,,,,,,,1.0,,,,,,,
2004-08-22,,,,,,,,,,1.0,,,,,,,
2004-08-23,2.5,4.28,1.86,2.42,2.19,,1.2196,1.8143,109.47,1.0,,,4.6401,,,,
2004-08-24,2.5,4.28,1.87,2.41,2.18,,1.2099,1.7935,109.63,1.0,,,5.0496,,,,
2004-08-25,2.51,4.26,1.88,2.38,2.18,775437.0,1.209,1.7965,110.38,1.0,,,4.6656,,,,
2004-08-26,2.48,4.22,1.86,2.36,2.19,,1.2084,1.7939,109.73,1.0,,,5.1871,,,,
2004-08-27,2.48,4.23,1.86,2.37,2.18,,1.2025,1.7921,109.51,1.0,,,4.593,,,,
2004-08-28,,,,,,,,,,1.0,,,,,,,
2004-08-29,,,,,,,,,,1.0,,,,,,,
2004-08-30,2.47,4.19,1.83,2.36,2.19,,1.2049,1.7925,109.84,1.0,,,,,,,
2004-08-31,2.41,4.13,1.78,2.35,2.19,,1.2183,1.8031,109.0,1.0,,,4.6304,,,,
2004-09-01,2.41,4.13,1.77,2.36,2.2,785273.0,1.2179,1.794,109.62,1.0,,4.11397131818182,4.6747,4.9109,0.001,1.393,2.75
2004-09-02,2.46,4.2,1.83,2.37,2.17,,1.2164,1.7916,109.52,1.0,,,5.1248,,,,
2004-09-03,2.61,4.3,1.88,2.42,2.15,,1.2052,1.7759,110.47,1.0,,,4.738,,,,
2004-09-04,,,,,,,,,,1.0,,,,,,,
2004-09-05,,,,,,,,,,1.0,,,,,,,
2004-09-06,,,,,,,,,,1.0,,,4.9728,,,,
2004-09-07,2.58,4.26,1.86,2.4,2.13,,1.2093,1.7733,109.32,1.0,,,4.6037,,,,
2004-09-08,2.5,4.18,1.82,2.36,2.15,788602.0,1.2164,1.7882,109.22,1.0,,,4.7019,,,,
2004-09-09,2.5,4.22,1.83,2.39,2.15,,1.2189,1.7853,109.69,1.0,,,4.632,,,,
2004-09-10,2.5,4.19,1.83,2.36,2.16,,1.2282,1.7979,109.33,1.0,,,4.5979,,,,
2004-09-11,,,,,,,,,,1.0,,,,,,,
2004-09-12,,,,,,,,,,1.0,,,,,,,
2004-09-13,2.5,4.16,1.81,2.35,2.15,,1.2251,1.7956,110.13,1.0,,,4.732,,,,
2004-09-14,2.47,4.15,1.81,2.34,2.15,,1.2268,1.8001,109.4,1.0,,,4.5931,,,,
2004-09-15,2.51,4.18,1.86,2.32,2.14,789128.0,1.2144,1.7772,110.34,1.0,,,4.6622,,,,
2004-09-16,2.44,4.08,1.81,2.27,2.16,,1.2154,1.7909,109.75,1.0,,,4.9905,,,,
2004-09-17,2.53,4.14,1.85,2.29,2.13,,1.2174,1.7921,109.97,1.0,,,4.8606,,,,
2004-09-18,,,,,,,,,,1.0,,,,,,,
2004-09-19,,,,,,,,,,1.0,,,,,,,
2004-09-20,2.46,4.07,1.8,2.27,2.14,,1.2172,1.788,109.87,1.0,,,4.6485,,,,
2004-09-21,2.49,4.05,1.8,2.25,2.14,,1.2264,1.7946,109.94,1.0,,,4.6382,,,,
2004-09-22,2.5,4.0,1.73,2.27,2.13,782124.0,1.2261,1.7949,110.53,1.0,,,4.6302,,,,
2004-09-23,2.57,4.02,1.76,2.26,2.13,,1.2298,1.8003,110.39,1.0,,,4.6904,,,,
2004-09-24,2.62,4.04,1.78,2.26,2.12,,1.2256,1.8031,110.72,1.0,,,4.6092,,,,
2004-09-25,,,,,,,,,,1.0,,,,,,,
2004-09-26,,,,,,,,,,1.0,,,,,,,
2004-09-27,2.59,4.01,1.72,2.29,2.13,,1.2307,1.8076,111.13,1.0,,,4.626,,,,
2004-09-28,2.55,4.02,1.7,2.32,2.14,,1.2306,1.8105,111.48,1.0,,,4.8069,,,,
2004-09-29,2.61,4.1,1.76,2.34,2.12,786330.0,1.2308,1.797,110.9,1.0,,,4.9169,,,,
2004-09-30,2.63,4.14,1.77,2.37,2.11,,1.2417,1.809,110.2,1.0,,,4.6412,,,,
2004-10-01,2.63,4.21,1.83,2.38,2.09,,1.24,1.7976,110.45,1.0,,3.9794187142857114,4.6499,4.7683,0.001,1.483,2.623
2004-10-02,,,,,,,,,,1.0,,,,,,,
2004-10-03,,,,,,,,,,1.0,,,,,,,
2004-10-04,2.65,4.19,1.86,2.33,2.1,,1.2274,1.7827,111.13,1.0,,,4.9817,,,,
2004-10-05,2.65,4.18,1.84,2.34,2.1,,1.2316,1.7828,111.21,1.0,,,4.6832,,,,
2004-10-06,2.7,4.23,1.9,2.33,2.09,781777.0,1.2298,1.779,111.34,1.0,,,4.5966,,,,
2004-10-07,2.72,4.26,1.89,2.37,2.09,,1.2286,1.7822,111.15,1.0,,,4.8243,,,,
2004-10-08,2.61,4.15,1.78,2.37,2.1,,1.2418,1.7935,109.44,1.0,,,4.7913,,,,
2004-10-09,,,,,,,,,,1.0,,,,,,,
2004-10-10,,,,,,,,,,1.0,,,,,,,
2004-10-11,,,,,,,,,,1.0,,,4.6399,,,,
2004-10-12,2.56,4.12,1.75,2.37,2.11,,1.232,1.7879,109.79,1.0,,,4.6046,,,,
2004-10-13,2.53,4.09,1.72,2.37,2.12,795483.0,1.2271,1.789,109.78,1.0,,,4.6698,,,,
2004-10-14,2.48,4.03,1.68,2.35,2.13,,1.2393,1.7972,109.6,1.0,,,5.0106,,,,
2004-10-15,2.53,4.07,1.7,2.37,2.12,,1.2478,1.8048,109.14,1.0,,,4.6437,,,,
2004-10-16,,,,,,,,,,1.0,,,,,,,
2004-10-17,,,,,,,,,,1.0,,,,,,,
2004-10-18,2.55,4.07,1.71,2.36,2.13,,1.252,1.801,109.23,1.0,,,4.6434,,,,
2004-10-19,2.57,4.07,1.7,2.37,2.1,,1.2515,1.8039,108.36,1.0,,,4.7682,,,,
2004-10-20,2.53,4.01,1.66,2.35,2.13,784954.0,1.2627,1.8187,108.16,1.0,,,4.6462,,,,
2004-10-21,2.57,4.01,1.62,2.39,2.12,,1.2622,1.8297,107.43,1.0,,,4.7659,,,,
2004-10-22,2.55,4.0,1.64,2.36,2.12,,1.2639,1.8277,107.42,1.0,,,4.7932,,,,
2004-10-23,,,,,,,,,,1.0,,,,,,,
2004-10-24,,,,,,,,,,1.0,,,,,,,
2004-10-25,2.54,3.99,1.63,2.36,2.13,,1.2783,1.8404,106.61,1.0,,,4.8308,,,,
2004-10-26,2.54,4.01,1.63,2.38,2.11,,1.2758,1.8369,106.63,1.0,,,4.6317,,,,
2004-10-27,2.63,4.11,1.73,2.38,2.08,791336.0,1.2725,1.8323,106.67,1.0,,,4.6829,,,,
2004-10-28,2.59,4.09,1.68,2.41,2.1,,1.2759,1.832,106.09,1.0,,,4.8664,,,,
2004-10-29,2.56,4.05,1.63,2.42,2.09,,1.2746,1.8345,106.04,1.0,,,4.6004,,,,
2004-10-30,,,,,,,,,,1.0,,,,,,,
2004-10-31,,,,,,,,,,1.0,,,,,,,
2004-11-01,2.61,4.11,1.67,2.44,2.09,,1.2741,1.8323,106.41,1.0,,3.86868736363636,4.5926,4.6903,0.001,1.452,2.443
2004-11-02,2.6,4.1,1.61,2.49,2.09,,1.2703,1.8385,106.29,1.0,,,4.565,,,,
2004-11-03,2.6,4.09,1.61,2.48,2.08,790552.0,1.2787,1.8445,106.2,1.0,,,4.6822,,,,
2004-11-04,2.63,4.1,1.65,2.45,2.05,,1.2883,1.844,106.02,1.0,,,5.0523,,,,
2004-11-05,2.8,4.21,1.71,2.5,2.02,,1.2938,1.8542,105.6,1.0,,,5.0069,,,,
2004-11-06,,,,,,,,,,1.0,,,,,,,
2004-11-07,,,,,,,,,,1.0,,,,,,,
2004-11-08,2.8,4.22,1.72,2.5,2.03,,1.2936,1.8564,105.57,1.0,,,4.6161,,,,
2004-11-09,2.8,4.22,1.74,2.48,2.03,,1.293,1.8589,105.57,1.0,,,4.6267,,,,
2004-11-10,2.82,4.25,1.75,2.5,2.04,800473.0,1.2925,1.8476,106.91,1.0,,,4.6144,,,,
2004-11-11,,,,,,,,,,1.0,,,4.6122,,,,
2004-11-12,2.86,4.2,1.71,2.49,2.02,,1.2973,1.8552,105.53,1.0,,,4.6228,,,,
2004-11-13,,,,,,,,,,1.0,,,,,,,
2004-11-14,,,,,,,,,,1.0,,,,,,,
2004-11-15,2.89,4.2,1.67,2.53,2.01,,1.2944,1.848,105.53,1.0,,,4.6007,,,,
2004-11-16,2.91,4.21,1.68,2.53,2.0,,1.2979,1.8544,105.35,1.0,,,4.6279,,,,
2004-11-17,2.85,4.14,1.63,2.51,2.01,794090.0,1.3031,1.858,104.18,1.0,,,4.6013,,,,
2004-11-18,2.86,4.12,1.64,2.48,2.01,,1.2982,1.8514,104.23,1.0,,,4.9936,,,,
2004-11-19,2.95,4.2,1.67,2.53,1.99,,1.3059,1.86,102.8,1.0,,,4.8284,,,,
2004-11-20,,,,,,,,,,1.0,,,,,,,
2004-11-21,,,,,,,,,,1.0,,,,,,,
2004-11-22,2.95,4.18,1.62,2.56,1.96,,1.3048,1.859,103.2,1.0,,,4.8417,,,,
2004-11-23,2.98,4.19,1.65,2.54,1.96,,1.309,1.8713,103.42,1.0,,,4.6573,,,,
2004-11-24,3.01,4.2,1.64,2.56,1.95,809956.0,1.3162,1.8813,102.94,1.0,,,4.5886,,,,
2004-11-25,,,,,,,,,,1.0,,,4.8525,,,,
2004-11-26,3.03,4.24,1.66,2.58,1.96,,1.3288,1.8965,102.58,1.0,,,4.88,,,,
2004-11-27,,,,,,,,,,1.0,,,,,,,
2004-11-28,,,,,,,,,,1.0,,,,,,,
2004-11-29,3.07,4.34,1.74,2.6,1.93,,1.3286,1.8948,102.61,1.0,,,5.0616,,,,
2004-11-30,3.02,4.36,1.75,2.61,1.95,,1.3259,1.9073,103.04,1.0,,,4.7724,,,,
2004-12-01,3.01,4.38,1.79,2.59,1.95,807063.0,1.3308,1.9297,102.78,1.0,,3.68934673913044,4.6094,4.5316,0.001,1.397,2.382
2004-12-02,3.04,4.4,1.83,2.57,1.94,,1.3268,1.9225,103.11,1.0,,,4.8682,,,,
2004-12-03,2.94,4.27,1.73,2.54,1.96,,1.339,1.9375,102.56,1.0,,,4.6727,,,,
2004-12-04,,,,,,,,,,1.0,,,,,,,
2004-12-05,,,,,,,,,,1.0,,,,,,,
2004-12-06,2.93,4.24,1.7,2.54,1.96,,1.3431,1.9423,102.68,1.0,,,4.6031,,,,
2004-12-07,2.95,4.23,1.69,2.54,1.96,,1.3437,1.9459,102.74,1.0,,,4.6535,,,,
2004-12-08,2.91,4.14,1.62,2.52,1.94,808495.0,1.3252,1.9283,104.74,1.0,,,4.6435,,,,
2004-12-09,2.93,4.19,1.64,2.55,1.94,,1.3274,1.9185,104.93,1.0,,,4.6355,,,,
2004-12-10,2.95,4.16,1.66,2.5,1.95,,1.3224,1.9134,105.45,1.0,,,4.8171,,,,
2004-12-11,,,,,,,,,,1.0,,,,,,,
2004-12-12,,,,,,,,,,1.0,,,,,,,
2004-12-13,2.98,4.16,1.65,2.51,1.94,,1.3309,1.9235,104.67,1.0,,,4.7114,,,,
2004-12-14,2.99,4.14,1.62,2.52,1.94,,1.328,1.9239,105.59,1.0,,,4.7311,,,,
2004-12-15,2.97,4.09,1.57,2.52,1.91,807028.0,1.3429,1.9446,104.02,1.0,,,5.0086,,,,
2004-12-16,3.01,4.19,1.64,2.55,1.92,,1.3287,1.9375,104.36,1.0,,,4.9117,,,,
2004-12-17,3.03,4.21,1.64,2.57,1.92,,1.3295,1.939,104.28,1.0,,,4.8948,,,,
2004-12-18,,,,,,,,,,1.0,,,,,,,
2004-12-19,,,,,,,,,,1.0,,,,,,,
2004-12-20,3.06,4.21,1.62,2.59,1.9,,1.3396,1.9482,104.01,1.0,,,4.7622,,,,
2004-12-21,3.05,4.18,1.59,2.59,1.91,,1.3377,1.9263,104.33,1.0,,,4.7863,,,,
2004-12-22,3.04,4.21,1.63,2.58,1.91,811333.0,1.339,1.9125,103.95,1.0,,,4.8358,,,,
2004-12-23,3.02,4.23,1.62,2.61,1.91,,1.3491,1.9193,103.71,1.0,,,4.8207,,,,
2004-12-24,,,,,,,1.3536,1.9236,103.65,1.0,,,4.7935,,,,
2004-12-25,,,,,,,,,,1.0,,,,,,,
2004-12-26,,,,,,,,,,1.0,,,,,,,
2004-12-27,3.07,4.3,1.67,2.63,1.9,,1.3625,1.9369,102.97,1.0,,,,,,,
2004-12-28,3.08,4.31,1.69,2.62,1.9,,1.3621,1.9316,103.13,1.0,,,,,,,
2004-12-29,3.12,4.33,1.73,2.6,1.89,810944.0,1.3568,1.9157,104.19,1.0,,,4.8138,,,,
2004-12-30,3.1,4.27,1.7,2.57,1.89,,1.3623,1.922,103.11,1.0,,,4.6235,,,,
2004-12-31,3.08,4.24,1.68,2.56,1.86,,1.3538,1.916,102.68,1.0,,,4.8016,,,,
2005-01-01,,,,,,,,,,1.0,,3.63360014285714,,4.5419,0.001,1.31,2.249
2005-01-02,,,,,,,,,,1.0,,,,,,,
2005-01-03,3.1,4.23,1.7,2.53,1.86,,1.3476,1.9058,102.83,1.0,,,,,,,
2005-01-04,3.2,4.29,1.78,2.51,1.85,,1.3295,1.8834,104.27,1.0,,,4.8981,,,,
2005-01-05,3.22,4.29,1.79,2.5,1.83,815702.0,1.3292,1.8875,103.95,1.0,,,4.8329,,,,
2005-01-06,3.18,4.29,1.76,2.53,1.84,,1.3187,1.8751,104.87,1.0,,,4.9037,,,,
2005-01-07,3.2,4.29,1.8,2.49,1.83,,1.3062,1.8702,104.93,1.0,,,4.7116,,,,
2005-01-08,,,,,,,,,,1.0,,,,,,,
2005-01-09,,,,,,,,,,1.0,,,,,,,
2005-01-10,3.23,4.29,1.77,2.52,1.82,,1.3109,1.8751,104.32,1.0,,,4.6208,,,,
2005-01-11,3.24,4.26,1.76,2.5,1.81,,1.3161,1.8796,103.42,1.0,,,5.0047,,,,
2005-01-12,3.22,4.25,1.73,2.52,1.81,798455.0,1.3281,1.8932,102.26,1.0,,,4.7481,,,,
2005-01-13,3.21,4.2,1.7,2.5,1.8,,1.3207,1.8832,102.55,1.0,,,4.6457,,,,
2005-01-14,3.24,4.23,1.72,2.51,1.79,,1.3106,1.8695,102.5,1.0,,,4.5974,,,,
2005-01-15,,,,,,,,,,1.0,,,,,,,
2005-01-16,,,,,,,,,,1.0,,,,,,,
2005-01-17,,,,,,,,,,1.0,,,4.6263,,,,
2005-01-18,3.26,4.21,1.71,2.5,1.77,,1.3043,1.8693,102.36,1.0,,,4.8048,,,,
2005-01-19,3.26,4.2,1.7,2.5,1.76,806960.0,1.3036,1.8742,102.52,1.0,,,4.8356,,,,
2005-01-20,3.21,4.17,1.7,2.47,1.8,,1.2959,1.872,103.31,1.0,,,4.8759,,,,
2005-01-21,3.16,4.16,1.69,2.47,1.79,,1.3049,1.874,102.85,1.0,,,4.6504,,,,
2005-01-22,,,,,,,,,,1.0,,,,,,,
2005-01-23,,,,,,,,,,1.0,,,,,,,
2005-01-24,3.2,4.14,1.68,2.46,1.77,,1.3041,1.8778,102.67,1.0,,,4.6256,,,,
2005-01-25,3.23,4.2,1.74,2.46,1.78,,1.2954,1.8647,104.16,1.0,,,5.002,,,,
2005-01-26,3.27,4.21,1.72,2.49,1.76,807262.0,1.3081,1.8833,102.9,1.0,,,4.7427,,,,
2005-01-27,3.28,4.22,1.72,2.5,1.75,,1.3032,1.8866,103.15,1.0,,,4.6268,,,,
2005-01-28,3.25,4.16,1.65,2.51,1.75,,1.3033,1.885,103.45,1.0,,,4.7986,,,,
2005-01-29,,,,,,,,,,1.0,,,,,,,
2005-01-30,,,,,,,,,,1.0,,,,,,,
2005-01-31,3.29,4.14,1.65,2.49,1.75,,1.3049,1.885,103.55,1.0,,,4.6468,,,,
2005-02-01,3.29,4.15,1.67,2.48,1.74,,1.3017,1.8792,103.93,1.0,,3.6152795,4.806,4.5884,0.001,1.419,2.381
2005-02-02,3.32,4.15,1.7,2.45,1.73,804746.0,1.3015,1.8826,104.05,1.0,,,4.629,,,,
2005-02-03,3.34,4.18,1.73,2.45,1.7,,1.2959,1.8805,104.55,1.0,,,4.8541,,,,
2005-02-04,3.29,4.09,1.65,2.44,1.69,,1.2927,1.885,103.7,1.0,,,4.6125,,,,
2005-02-05,,,,,,,,,,1.0,,,,,,,
2005-02-06,,,,,,,,,,1.0,,,,,,,
2005-02-07,3.31,4.07,1.62,2.45,1.65,,1.2773,1.8607,104.68,1.0,,,4.7832,,,,
2005-02-08,3.33,4.05,1.57,2.48,1.63,,1.2783,1.857,105.65,1.0,,,4.8426,,,,
2005-02-09,3.24,4.0,1.49,2.51,1.64,797299.0,1.2797,1.8582,105.84,1.0,,,4.7729,,,,
2005-02-10,3.29,4.07,1.57,2.5,1.67,,1.2882,1.8708,105.69,1.0,,,5.1115,,,,
2005-02-11,3.34,4.1,1.57,2.53,1.65,,1.2864,1.866,105.75,1.0,,,4.6461,,,,
2005-02-12,,,,,,,,,,1.0,,,,,,,
2005-02-13,,,,,,,,,,1.0,,,,,,,
2005-02-14,3.38,4.08,1.54,2.54,1.63,,1.2981,1.8917,104.94,1.0,,,4.9115,,,,
2005-02-15,3.37,4.1,1.61,2.49,1.64,,1.2986,1.8894,104.47,1.0,,,4.6645,,,,
2005-02-16,3.41,4.16,1.65,2.51,1.62,795606.0,1.2994,1.878,105.62,1.0,,,4.6287,,,,
2005-02-17,3.38,4.19,1.65,2.54,1.64,,1.3083,1.895,105.4,1.0,,,4.6307,,,,
2005-02-18,3.45,4.27,1.67,2.6,1.62,,1.3075,1.8949,105.69,1.0,,,4.8521,,,,
2005-02-19,,,,,,,,,,1.0,,,,,,,
2005-02-20,,,,,,,,,,1.0,,,,,,,
2005-02-21,,,,,,,,,,1.0,,,4.6424,,,,
2005-02-22,3.46,4.29,1.67,2.62,1.64,,1.323,1.9092,104.15,1.0,,,4.8495,,,,
2005-02-23,3.46,4.27,1.64,2.63,1.64,804576.0,1.3208,1.9066,104.96,1.0,,,4.9216,,,,
2005-02-24,3.52,4.29,1.65,2.64,1.62,,1.3205,1.9104,105.41,1.0,,,4.905,,,,
2005-02-25,3.54,4.27,1.64,2.63,1.62,,1.3195,1.9149,105.21,1.0,,,4.9762,,,,
2005-02-26,,,,,,,,,,1.0,,,,,,,
2005-02-27,,,,,,,,,,1.0,,,,,,,
2005-02-28,3.59,4.36,1.7,2.66,1.59,,1.3274,1.9249,104.25,1.0,,,5.2804,,,,
2005-03-01,3.59,4.38,1.69,2.69,1.58,,1.3189,1.9206,104.37,1.0,,3.76245713043478,5.2253,4.796,0.002,1.325,2.355
2005-03-02,3.57,4.38,1.69,2.69,1.6,801252.0,1.3127,1.9124,104.71,1.0,,,4.6366,,,,
2005-03-03,3.59,4.39,1.69,2.7,1.59,,1.313,1.9098,105.02,1.0,,,5.2559,,,,
2005-03-04,3.57,4.32,1.65,2.67,1.57,,1.3244,1.9243,104.46,1.0,,,4.6242,,,,
2005-03-05,,,,,,,,,,1.0,,,,,,,
2005-03-06,,,,,,,,,,1.0,,,,,,,
2005-03-07,3.61,4.31,1.63,2.68,1.55,,1.3203,1.9159,105.22,1.0,,,4.6114,,,,
2005-03-08,3.62,4.38,1.67,2.71,1.54,,1.3342,1.9292,104.51,1.0,,,4.643,,,,
2005-03-09,3.66,4.52,1.77,2.75,1.53,799250.0,1.3384,1.9239,103.87,1.0,,,4.7003,,,,
2005-03-10,3.68,4.48,1.76,2.72,1.51,,1.3409,1.9233,104.15,1.0,,,4.8442,,,,
2005-03-11,3.73,4.56,1.82,2.74,1.48,,1.3465,1.9261,103.93,1.0,,,4.62,,,,
2005-03-12,,,,,,,,,,1.0,,,,,,,
2005-03-13,,,,,,,,,,1.0,,,,,,,
2005-03-14,3.75,4.52,1.82,2.7,1.5,,1.3346,1.9116,105.01,1.0,,,4.6227,,,,
2005-03-15,3.75,4.54,1.82,2.72,1.51,,1.3315,1.9134,104.54,1.0,,,4.6234,,,,
2005-03-16,3.72,4.52,1.79,2.73,1.53,807211.0,1.3423,1.9264,104.1,1.0,,,4.6829,,,,
2005-03-17,3.7,4.47,1.73,2.74,1.57,,1.3373,1.924,104.57,1.0,,,4.6416,,,,
2005-03-18,3.72,4.51,1.77,2.74,1.59,,1.3311,1.9192,104.7,1.0,,,4.6443,,,,
2005-03-19,,,,,,,,,,1.0,,,,,,,
2005-03-20,,,,,,,,,,1.0,,,,,,,
2005-03-21,3.72,4.53,1.8,2.73,1.6,,1.3165,1.8974,105.1,1.0,,,4.886,,,,
2005-03-22,3.86,4.63,1.87,2.76,1.56,,1.321,1.8997,104.99,1.0,,,4.935,,,,
2005-03-23,3.84,4.61,1.92,2.69,1.57,797094.0,1.3005,1.8712,105.76,1.0,,,4.9693,,,,
2005-03-24,3.88,4.6,1.9,2.7,1.58,,1.2957,1.8709,106.26,1.0,,,4.639,,,,
2005-03-25,,,,,,,1.2954,1.8684,106.32,1.0,,,,,,,
2005-03-26,,,,,,,,,,1.0,,,,,,,
2005-03-27,,,,,,,,,,1.0,,,,,,,
2005-03-28,3.9,4.64,1.94,2.7,1.58,,1.2877,1.8657,107.22,1.0,,,,,,,
2005-03-29,3.87,4.6,1.91,2.69,1.6,,1.2913,1.8752,107.49,1.0,,,4.6576,,,,
2005-03-30,3.86,4.56,1.89,2.67,1.61,807551.0,1.2944,1.8816,107.33,1.0,,,4.669,,,,
2005-03-31,3.8,4.5,1.79,2.71,1.64,,1.2969,1.8888,107.22,1.0,,,4.8668,,,,
2005-04-01,3.75,4.46,1.77,2.69,1.65,,1.2896,1.8789,107.57,1.0,,3.57094195238095,4.8661,4.6218,0.001,1.257,2.074
2005-04-02,,,,,,,,,,1.0,,,,,,,
2005-04-03,,,,,,,,,,1.0,,,,,,,
2005-04-04,3.74,4.47,1.79,2.68,1.65,,1.2838,1.8733,108.28,1.0,,,4.9315,,,,
2005-04-05,3.75,4.48,1.81,2.67,1.66,,1.2842,1.8773,108.43,1.0,,,4.9547,,,,
2005-04-06,3.7,4.44,1.8,2.64,1.67,797327.0,1.2868,1.8787,108.67,1.0,,,4.9679,,,,
2005-04-07,3.72,4.49,1.85,2.64,1.65,,1.2906,1.8768,108.44,1.0,,,4.866,,,,
2005-04-08,3.77,4.5,1.84,2.66,1.64,,1.2912,1.8824,108.26,1.0,,,4.7354,,,,
2005-04-09,,,,,,,,,,1.0,,,,,,,
2005-04-10,,,,,,,,,,1.0,,,,,,,
2005-04-11,3.75,4.45,1.82,2.63,1.67,,1.2972,1.8908,107.79,1.0,,,4.6615,,,,
2005-04-12,3.71,4.38,1.73,2.65,1.66,,1.2873,1.8842,108.26,1.0,,,4.8551,,,,
2005-04-13,3.66,4.38,1.74,2.64,1.69,805707.0,1.2918,1.893,107.32,1.0,,,4.8769,,,,
2005-04-14,3.6,4.37,1.72,2.65,1.75,,1.2819,1.8806,108.18,1.0,,,4.9204,,,,
2005-04-15,3.54,4.27,1.67,2.6,1.78,,1.2928,1.893,107.65,1.0,,,4.857,,,,
2005-04-16,,,,,,,,,,1.0,,,,,,,
2005-04-17,,,,,,,,,,1.0,,,,,,,
2005-04-18,3.55,4.27,1.66,2.61,1.75,,1.3037,1.9052,107.39,1.0,,,4.6359,,,,
2005-04-19,3.5,4.21,1.62,2.59,1.76,,1.3034,1.9165,107.02,1.0,,,4.6638,,,,
2005-04-20,3.52,4.22,1.6,2.62,1.78,801793.0,1.308,1.9197,106.82,1.0,,,4.8432,,,,
2005-04-21,3.65,4.32,1.66,2.66,1.73,,1.3093,1.9104,106.85,1.0,,,4.6557,,,,
2005-04-22,3.62,4.26,1.61,2.65,1.74,,1.3068,1.9151,105.85,1.0,,,4.6379,,,,
2005-04-23,,,,,,,,,,1.0,,,,,,,
2005-04-24,,,,,,,,,,1.0,,,,,,,
2005-04-25,3.64,4.26,1.63,2.63,1.71,,1.2984,1.9117,105.67,1.0,,,4.8752,,,,
2005-04-26,3.67,4.28,1.66,2.62,1.7,,1.2964,1.904,106.03,1.0,,,4.6297,,,,
2005-04-27,3.64,4.25,1.65,2.6,1.72,809797.0,1.2938,1.9047,105.98,1.0,,,4.8714,,,,
2005-04-28,3.59,4.19,1.58,2.61,1.75,,1.2916,1.9097,105.97,1.0,,,4.8874,,,,
2005-04-29,3.66,4.21,1.61,2.6,1.76,,1.2919,1.9122,104.64,1.0,,,4.8697,,,,
2005-04-30,,,,,,,,,,1.0,,,,,,,
2005-05-01,,,,,,,,,,1.0,,3.40743118181818,,4.4173,0.001,1.238,2.014
2005-05-02,3.64,4.21,1.61,2.6,1.77,,1.2857,1.8959,105.07,1.0,,,,,,,
2005-05-03,3.68,4.21,1.64,2.57,1.77,,1.2889,1.891,105.16,1.0,,,4.8513,,,,
2005-05-04,3.63,4.2,1.63,2.57,1.83,802412.0,1.2936,1.9,104.77,1.0,,,4.8242,,,,
2005-05-05,3.58,4.19,1.62,2.57,1.84,,1.2936,1.9048,104.41,1.0,,,4.7733,,,,
2005-05-06,3.73,4.28,1.69,2.59,1.82,,1.2832,1.892,104.93,1.0,,,4.6334,,,,
2005-05-07,,,,,,,,,,1.0,,,,,,,
2005-05-08,,,,,,,,,,1.0,,,,,,,
2005-05-09,3.76,4.29,1.69,2.6,1.78,,1.2839,1.8836,105.54,1.0,,,4.7664,,,,
2005-05-10,3.69,4.23,1.65,2.58,1.82,,1.2877,1.8828,105.53,1.0,,,4.623,,,,
2005-05-11,3.68,4.21,1.64,2.57,1.81,808378.0,1.2803,1.8735,105.74,1.0,,,4.5977,,,,
2005-05-12,3.66,4.18,1.66,2.52,1.83,,1.2706,1.865,106.68,1.0,,,4.7073,,,,
2005-05-13,3.61,4.12,1.66,2.46,1.88,,1.2645,1.853,107.14,1.0,,,4.6019,,,,
2005-05-14,,,,,,,,,,1.0,,,,,,,
2005-05-15,,,,,,,,,,1.0,,,,,,,
2005-05-16,3.61,4.13,1.66,2.47,1.89,,1.263,1.8368,107.02,1.0,,,4.6025,,,,
2005-05-17,3.61,4.12,1.64,2.48,1.91,,1.2644,1.8401,107.15,1.0,,,4.5933,,,,
2005-05-18,3.56,4.07,1.65,2.42,1.92,801546.0,1.266,1.8382,107.05,1.0,,,4.7247,,,,
2005-05-19,3.64,4.11,1.69,2.42,1.91,,1.2628,1.8367,107.43,1.0,,,4.6041,,,,
2005-05-20,3.69,4.13,1.67,2.46,1.89,,1.2553,1.8246,108.17,1.0,,,4.598,,,,
2005-05-21,,,,,,,,,,1.0,,,,,,,
2005-05-22,,,,,,,,,,1.0,,,,,,,
2005-05-23,3.65,4.07,1.65,2.42,1.89,,1.2575,1.8288,107.72,1.0,,,4.7104,,,,
2005-05-24,3.61,4.04,1.62,2.42,1.91,,1.2588,1.8288,107.46,1.0,,,4.894,,,,
2005-05-25,3.61,4.08,1.66,2.42,1.91,810160.0,1.2602,1.8312,107.73,1.0,,,4.9142,,,,
2005-05-26,3.64,4.08,1.69,2.39,1.91,,1.2517,1.8205,107.95,1.0,,,4.7609,,,,
2005-05-27,3.64,4.08,1.67,2.41,1.91,,1.2568,1.8227,107.88,1.0,,,4.6204,,,,
2005-05-28,,,,,,,,,,1.0,,,,,,,
2005-05-29,,,,,,,,,,1.0,,,,,,,
2005-05-30,,,,,,,,,,1.0,,,,,,,
2005-05-31,3.6,4.0,1.63,2.37,1.9,,1.2349,1.8231,107.97,1.0,,,4.756,,,,
2005-06-01,3.5,3.91,1.54,2.37,1.91,817335.0,1.2232,1.812,108.42,1.0,,3.25411418181818,4.8616,4.2847,0.001,1.143,1.999
2005-06-02,3.52,3.89,1.55,2.34,1.89,,1.2266,1.8156,108.31,1.0,,,4.8179,,,,
2005-06-03,3.57,3.98,1.61,2.37,1.84,,1.2227,1.8119,107.84,1.0,,,4.6011,,,,
2005-06-04,,,,,,,,,,1.0,,,,,,,
2005-06-05,,,,,,,,,,1.0,,,,,,,
2005-06-06,3.59,3.96,1.6,2.36,1.82,,1.2268,1.8209,106.86,1.0,,,4.5955,,,,
2005-06-07,3.57,3.92,1.6,2.32,1.82,,1.2277,1.832,106.64,1.0,,,4.585,,,,
2005-06-08,3.6,3.95,1.63,2.32,1.82,814172.0,1.232,1.8368,106.89,1.0,,,4.7672,,,,
2005-06-09,3.64,3.98,1.64,2.34,1.83,,1.2216,1.8209,107.52,1.0,,,4.8495,,,,
2005-06-10,3.71,4.05,1.74,2.31,1.84,,1.2127,1.8128,108.45,1.0,,,4.6726,,,,
2005-06-11,,,,,,,,,,1.0,,,,,,,
2005-06-12,,,,,,,,,,1.0,,,,,,,
2005-06-13,3.71,4.09,1.76,2.33,1.84,,1.2035,1.8011,109.58,1.0,,,4.8664,,,,
2005-06-14,3.71,4.13,1.79,2.34,1.87,,1.2038,1.8062,109.38,1.0,,,4.734,,,,
2005-06-15,3.72,4.12,1.79,2.33,1.87,811198.0,1.2106,1.8219,109.34,1.0,,,4.6706,,,,
2005-06-16,3.7,4.09,1.75,2.34,1.86,,1.2089,1.8206,109.08,1.0,,,4.7195,,,,
2005-06-17,3.72,4.09,1.72,2.37,1.85,,1.224,1.8266,108.83,1.0,,,4.7732,,,,
2005-06-18,,,,,,,,,,1.0,,,,,,,
2005-06-19,,,,,,,,,,1.0,,,,,,,
2005-06-20,3.72,4.11,1.74,2.37,1.85,,1.214,1.8231,109.42,1.0,,,4.9131,,,,
2005-06-21,3.71,4.06,1.72,2.34,1.85,,1.2134,1.824,108.52,1.0,,,4.914,,,,
2005-06-22,3.62,3.95,1.68,2.27,1.89,810429.0,1.213,1.8218,108.89,1.0,,,4.9355,,,,
2005-06-23,3.63,3.96,1.68,2.28,1.88,,1.2054,1.818,108.79,1.0,,,4.9748,,,,
2005-06-24,3.59,3.92,1.65,2.27,1.89,,1.2088,1.8221,109.22,1.0,,,4.8734,,,,
2005-06-25,,,,,,,,,,1.0,,,,,,,
2005-06-26,,,,,,,,,,1.0,,,,,,,
2005-06-27,3.6,3.9,1.62,2.28,1.89,,1.2152,1.8252,109.39,1.0,,,4.8933,,,,
2005-06-28,3.65,3.97,1.67,2.3,1.87,,1.2078,1.8157,109.89,1.0,,,4.7212,,,,
2005-06-29,3.65,3.99,1.69,2.3,1.87,810082.0,1.2101,1.808,110.27,1.0,,,4.8692,,,,
2005-06-30,3.66,3.94,1.67,2.27,1.87,,1.2098,1.793,110.91,1.0,,,4.8483,,,,
2005-07-01,3.76,4.06,1.75,2.31,1.83,,1.1957,1.7708,111.68,1.0,,3.3159929523809506,4.6561,4.3011,0.001,1.295,1.955
2005-07-02,,,,,,,,,,1.0,,,,,,,
2005-07-03,,,,,,,,,,1.0,,,,,,,
2005-07-04,,,,,,,,,,1.0,,,4.6528,,,,
2005-07-05,3.79,4.11,1.8,2.31,1.84,,1.1917,1.757,111.61,1.0,,,4.7305,,,,
2005-07-06,3.77,4.08,1.78,2.3,1.85,821556.0,1.1918,1.7583,112.07,1.0,,,4.757,,,,
2005-07-07,3.71,4.05,1.77,2.28,1.84,,1.1928,1.7418,112.08,1.0,,,4.7495,,,,
2005-07-08,3.78,4.11,1.83,2.28,1.83,,1.1934,1.736,112.17,1.0,,,4.7606,,,,
2005-07-09,,,,,,,,,,1.0,,,,,,,
2005-07-10,,,,,,,,,,1.0,,,,,,,
2005-07-11,3.81,4.11,1.81,2.3,1.81,,1.2066,1.7563,111.76,1.0,,,4.8757,,,,
2005-07-12,3.82,4.15,1.83,2.32,1.8,,1.22,1.7753,110.94,1.0,,,4.6111,,,,
2005-07-13,3.84,4.17,1.87,2.3,1.79,808861.0,1.209,1.7554,112.08,1.0,,,4.5961,,,,
2005-07-14,3.86,4.19,1.94,2.25,1.78,,1.2089,1.7585,112.14,1.0,,,4.7875,,,,
2005-07-15,3.86,4.18,1.95,2.23,1.77,,1.2037,1.7533,112.32,1.0,,,4.8432,,,,
2005-07-16,,,,,,,,,,1.0,,,,,,,
2005-07-17,,,,,,,,,,1.0,,,,,,,
2005-07-18,3.89,4.22,1.98,2.24,1.8,,1.2077,1.7523,111.62,1.0,,,4.8269,,,,
2005-07-19,3.88,4.2,1.92,2.28,1.78,,1.2001,1.7364,112.95,1.0,,,4.8683,,,,
2005-07-20,3.9,4.17,1.9,2.27,1.77,816804.0,1.2046,1.7303,113.42,1.0,,,4.617,,,,
2005-07-21,3.96,4.28,1.95,2.33,1.76,,1.2113,1.7471,110.47,1.0,,,4.8678,,,,
2005-07-22,3.92,4.23,1.89,2.34,1.75,,1.2079,1.7413,110.98,1.0,,,4.8918,,,,
2005-07-23,,,,,,,,,,1.0,,,,,,,
2005-07-24,,,,,,,,,,1.0,,,,,,,
2005-07-25,3.95,4.25,1.94,2.31,1.72,,1.2054,1.7455,111.59,1.0,,,4.923,,,,
2005-07-26,3.95,4.24,1.92,2.32,1.72,,1.2007,1.7415,112.3,1.0,,,4.9658,,,,
2005-07-27,3.99,4.27,1.92,2.35,1.71,814259.0,1.2048,1.7438,112.3,1.0,,,4.6299,,,,
2005-07-28,3.96,4.2,1.86,2.34,1.68,,1.2121,1.7547,112.34,1.0,,,4.6163,,,,
2005-07-29,4.02,4.28,1.92,2.36,1.67,,1.2129,1.7593,112.25,1.0,,,4.6204,,,,
2005-07-30,,,,,,,,,,1.0,,,,,,,
2005-07-31,,,,,,,,,,1.0,,,,,,,
2005-08-01,4.04,4.32,1.95,2.37,1.67,,1.2195,1.7695,112.12,1.0,,3.31554360869565,4.6932,4.3249,0.001,1.365,1.928
2005-08-02,4.06,4.34,1.99,2.35,1.68,,1.2209,1.7728,111.28,1.0,,,4.6163,,,,
2005-08-03,4.02,4.3,1.93,2.37,1.7,818841.0,1.2337,1.7808,111.05,1.0,,,4.6132,,,,
2005-08-04,4.04,4.32,1.94,2.38,1.69,,1.2383,1.7797,111.17,1.0,,,4.6476,,,,
2005-08-05,4.11,4.4,2.0,2.4,1.67,,1.2327,1.7748,112.09,1.0,,,4.4301,,,,
2005-08-06,,,,,,,,,,1.0,,,,,,,
2005-08-07,,,,,,,,,,1.0,,,,,,,
2005-08-08,4.16,4.42,2.02,2.4,1.67,,1.2361,1.7863,111.87,1.0,,,4.6742,,,,
2005-08-09,4.13,4.41,2.02,2.39,1.66,,1.2347,1.7844,112.07,1.0,,,4.4294,,,,
2005-08-10,4.13,4.4,2.01,2.39,1.68,808544.0,1.2345,1.7922,110.67,1.0,,,4.6072,,,,
2005-08-11,4.1,4.32,1.97,2.35,1.71,,1.2434,1.8071,109.92,1.0,,,4.3544,,,,
2005-08-12,4.05,4.24,1.91,2.33,1.71,,1.2428,1.8148,109.55,1.0,,,4.3458,,,,
2005-08-13,,,,,,,,,,1.0,,,,,,,
2005-08-14,,,,,,,,,,1.0,,,,,,,
2005-08-15,4.08,4.27,1.92,2.35,1.71,,1.2362,1.8088,109.4,1.0,,,4.3624,,,,
2005-08-16,4.03,4.23,1.87,2.36,1.71,,1.2342,1.8096,109.37,1.0,,,4.3608,,,,
2005-08-17,4.07,4.28,1.91,2.37,1.71,813774.0,1.229,1.8076,109.63,1.0,,,4.3631,,,,
2005-08-18,4.01,4.21,1.86,2.35,1.73,,1.2178,1.7949,110.54,1.0,,,4.5213,,,,
2005-08-19,4.03,4.21,1.85,2.36,1.72,,1.2147,1.7933,110.68,1.0,,,4.6012,,,,
2005-08-20,,,,,,,,,,1.0,,,,,,,
2005-08-21,,,,,,,,,,1.0,,,,,,,
2005-08-22,4.03,4.22,1.86,2.36,1.72,,1.2235,1.8022,109.75,1.0,,,4.6969,,,,
2005-08-23,4.01,4.2,1.85,2.35,1.72,,1.2213,1.7996,109.83,1.0,,,4.7158,,,,
2005-08-24,3.99,4.19,1.83,2.36,1.72,811313.0,1.2239,1.7965,110.35,1.0,,,4.7359,,,,
2005-08-25,4.0,4.18,1.8,2.38,1.7,,1.2311,1.8045,109.9,1.0,,,4.7371,,,,
2005-08-26,4.06,4.2,1.81,2.39,1.69,,1.2324,1.8066,109.85,1.0,,,4.7047,,,,
2005-08-27,,,,,,,,,,1.0,,,,,,,
2005-08-28,,,,,,,,,,1.0,,,,,,,
2005-08-29,4.06,4.2,1.79,2.41,1.68,,1.2248,1.8006,110.53,1.0,,,,,,,
2005-08-30,3.97,4.16,1.71,2.45,1.67,,1.2204,1.784,111.49,1.0,,,4.7362,,,,
2005-08-31,3.84,4.02,1.65,2.37,1.77,823237.0,1.233,1.8012,110.84,1.0,,,4.7577,,,,
2005-09-01,3.72,4.02,1.61,2.41,1.81,,1.2447,1.8279,110.16,1.0,,3.15553768181818,4.759,4.2109,0.001,1.45,1.95
2005-09-02,3.75,4.03,1.59,2.44,1.84,,1.2538,1.8403,109.66,1.0,,,4.7255,,,,
2005-09-03,,,,,,,,,,1.0,,,,,,,
2005-09-04,,,,,,,,,,1.0,,,,,,,
2005-09-05,,,,,,,,,,1.0,,,4.4101,,,,
2005-09-06,3.8,4.09,1.65,2.44,1.83,,1.2483,1.842,109.67,1.0,,,4.5167,,,,
2005-09-07,3.87,4.15,1.69,2.46,1.83,822500.0,1.2439,1.8394,110.06,1.0,,,4.6858,,,,
2005-09-08,3.87,4.15,1.68,2.47,1.83,,1.24,1.8388,110.49,1.0,,,4.7255,,,,
2005-09-09,3.88,4.14,1.64,2.5,1.82,,1.2433,1.84,109.69,1.0,,,4.6889,,,,
2005-09-10,,,,,,,,,,1.0,,,,,,,
2005-09-11,,,,,,,,,,1.0,,,,,,,
2005-09-12,3.92,4.18,1.69,2.49,1.82,,1.2288,1.8236,109.91,1.0,,,4.6311,,,,
2005-09-13,3.88,4.14,1.67,2.47,1.83,,1.2263,1.8214,110.85,1.0,,,4.4075,,,,
2005-09-14,3.9,4.17,1.68,2.49,1.83,823590.0,1.2282,1.8244,110.27,1.0,,,4.6553,,,,
2005-09-15,3.9,4.22,1.71,2.51,1.84,,1.2216,1.8069,110.48,1.0,,,4.5652,,,,
2005-09-16,3.97,4.26,1.73,2.53,1.85,,1.2214,1.8035,111.38,1.0,,,4.6265,,,,
2005-09-17,,,,,,,,,,1.0,,,,,,,
2005-09-18,,,,,,,,,,1.0,,,,,,,
2005-09-19,3.93,4.25,1.7,2.55,1.85,,1.2153,1.8041,111.3,1.0,,,4.3646,,,,
2005-09-20,4.0,4.26,1.74,2.52,1.81,,1.2177,1.8046,111.54,1.0,,,4.3533,,,,
2005-09-21,3.96,4.19,1.68,2.51,1.84,812926.0,1.2208,1.8097,111.33,1.0,,,4.5616,,,,
2005-09-22,3.95,4.19,1.67,2.52,1.84,,1.2153,1.7917,111.63,1.0,,,4.3498,,,,
2005-09-23,4.02,4.25,1.74,2.51,1.83,,1.2077,1.7788,112.17,1.0,,,4.3384,,,,
2005-09-24,,,,,,,,,,1.0,,,,,,,
2005-09-25,,,,,,,,,,1.0,,,,,,,
2005-09-26,4.07,4.3,1.78,2.52,1.83,,1.2036,1.7746,112.41,1.0,,,4.6174,,,,
2005-09-27,4.08,4.3,1.77,2.53,1.84,,1.2011,1.7677,113.32,1.0,,,4.4531,,,,
2005-09-28,4.09,4.26,1.73,2.53,1.82,823771.0,1.2016,1.7639,113.27,1.0,,,4.5925,,,,
2005-09-29,4.13,4.29,1.75,2.54,1.83,,1.202,1.762,113.14,1.0,,,4.6768,,,,
2005-09-30,4.18,4.34,1.78,2.56,1.81,,1.2058,1.7696,113.29,1.0,,,4.3942,,,,
2005-10-01,,,,,,,,,,1.0,,3.32335995238095,,4.3482,0.001,1.513,2.097
2005-10-02,,,,,,,,,,1.0,,,,,,,
2005-10-03,4.21,4.39,1.84,2.55,1.82,,1.1914,1.7558,114.17,1.0,,,4.5053,,,,
2005-10-04,4.22,4.38,1.87,2.51,1.81,,1.1918,1.7587,114.33,1.0,,,4.3425,,,,
2005-10-05,4.21,4.36,1.86,2.5,1.81,817137.0,1.1984,1.7655,113.72,1.0,,,4.3413,,,,
2005-10-06,4.2,4.37,1.91,2.46,1.82,,1.2133,1.7728,113.54,1.0,,,4.4136,,,,
2005-10-07,4.18,4.35,1.9,2.45,1.82,,1.2115,1.7599,113.82,1.0,,,4.3366,,,,
2005-10-08,,,,,,,,,,1.0,,,,,,,
2005-10-09,,,,,,,,,,1.0,,,,,,,
2005-10-10,,,,,,,,,,1.0,,,4.3383,,,,
2005-10-11,4.22,4.39,1.92,2.47,1.8,,1.2015,1.7489,114.21,1.0,,,4.3582,,,,
2005-10-12,4.24,4.45,1.96,2.49,1.83,826306.0,1.204,1.7532,114.36,1.0,,,4.5122,,,,
2005-10-13,4.24,4.48,1.96,2.52,1.86,,1.1938,1.7484,114.97,1.0,,,4.6114,,,,
2005-10-14,4.27,4.48,1.98,2.5,1.87,,1.2073,1.7677,114.03,1.0,,,4.6476,,,,
2005-10-15,,,,,,,,,,1.0,,,,,,,
2005-10-16,,,,,,,,,,1.0,,,,,,,
2005-10-17,4.29,4.5,1.94,2.56,1.84,,1.204,1.7553,114.86,1.0,,,4.3397,,,,
2005-10-18,4.27,4.49,1.92,2.57,1.84,,1.1939,1.7487,115.71,1.0,,,4.3136,,,,
2005-10-19,4.25,4.47,1.92,2.55,1.86,814281.0,1.1988,1.7627,115.47,1.0,,,4.3262,,,,
2005-10-20,4.27,4.46,1.92,2.54,1.86,,1.1982,1.7712,115.48,1.0,,,4.3941,,,,
2005-10-21,4.22,4.39,1.89,2.5,1.85,,1.1958,1.7692,115.93,1.0,,,4.6052,,,,
2005-10-22,,,,,,,,,,1.0,,,,,,,
2005-10-23,,,,,,,,,,1.0,,,,,,,
2005-10-24,4.25,4.45,1.93,2.52,1.85,,1.1998,1.7711,115.18,1.0,,,4.35,,,,
2005-10-25,4.34,4.54,2.05,2.49,1.81,,1.2099,1.7855,114.78,1.0,,,4.3627,,,,
2005-10-26,4.38,4.6,2.06,2.54,1.84,819105.0,1.2082,1.7766,115.81,1.0,,,4.6744,,,,
2005-10-27,4.36,4.57,2.01,2.56,1.84,,1.2148,1.7836,115.14,1.0,,,4.4052,,,,
2005-10-28,4.4,4.58,2.01,2.57,1.83,,1.2089,1.7781,115.52,1.0,,,4.347,,,,
2005-10-29,,,,,,,,,,1.0,,,,,,,
2005-10-30,,,,,,,,,,1.0,,,,,,,
2005-10-31,4.4,4.57,2.0,2.57,1.83,,1.1995,1.7689,116.36,1.0,,,4.3925,,,,
2005-11-01,4.42,4.58,2.0,2.58,1.84,,1.1998,1.763,116.63,1.0,,3.52725454545455,4.6484,4.3129,0.001,1.454,2.184
2005-11-02,4.43,4.61,2.02,2.59,1.84,814571.0,1.2067,1.7755,116.76,1.0,,,4.3897,,,,
2005-11-03,4.47,4.65,2.03,2.62,1.82,,1.1971,1.772,117.21,1.0,,,4.3679,,,,
2005-11-04,4.47,4.66,2.06,2.6,1.82,,1.1828,1.751,118.2,1.0,,,4.6262,,,,
2005-11-05,,,,,,,,,,1.0,,,,,,,
2005-11-06,,,,,,,,,,1.0,,,,,,,
2005-11-07,4.47,4.65,2.03,2.62,1.82,,1.1795,1.744,117.57,1.0,,,4.6396,,,,
2005-11-08,4.43,4.57,2.01,2.56,1.83,,1.1773,1.7415,117.1,1.0,,,4.6332,,,,
2005-11-09,4.49,4.64,2.08,2.56,1.82,824991.0,1.1748,1.7415,117.51,1.0,,,4.6691,,,,
2005-11-10,4.44,4.55,2.07,2.48,1.84,,1.174,1.7462,118.05,1.0,,,4.6292,,,,
2005-11-11,,,,,,,,,,1.0,,,4.3842,,,,
2005-11-12,,,,,,,,,,1.0,,,,,,,
2005-11-13,,,,,,,,,,1.0,,,,,,,
2005-11-14,4.5,4.61,2.14,2.47,1.83,,1.1667,1.7349,118.88,1.0,,,4.3601,,,,
2005-11-15,4.47,4.56,2.12,2.44,1.83,,1.1695,1.7366,118.93,1.0,,,4.4418,,,,
2005-11-16,4.42,4.49,2.07,2.42,1.84,823263.0,1.1672,1.7166,119.17,1.0,,,4.3573,,,,
2005-11-17,4.37,4.46,2.04,2.42,1.85,,1.1706,1.719,118.81,1.0,,,4.6478,,,,
2005-11-18,4.4,4.5,2.09,2.41,1.86,,1.1741,1.7147,119.21,1.0,,,4.5897,,,,
2005-11-19,,,,,,,,,,1.0,,,,,,,
2005-11-20,,,,,,,,,,1.0,,,,,,,
2005-11-21,4.39,4.46,2.08,2.38,1.87,,1.1734,1.7165,119.03,1.0,,,4.6324,,,,
2005-11-22,4.32,4.43,2.03,2.4,1.91,,1.1737,1.7138,119.22,1.0,,,4.6695,,,,
2005-11-23,4.36,4.47,2.08,2.39,1.91,833124.0,1.1799,1.7214,118.76,1.0,,,4.6938,,,,
2005-11-24,,,,,,,,,,1.0,,,4.3713,,,,
2005-11-25,4.33,4.43,2.05,2.38,1.91,,1.1724,1.7155,119.65,1.0,,,4.3651,,,,
2005-11-26,,,,,,,,,,1.0,,,,,,,
2005-11-27,,,,,,,,,,1.0,,,,,,,
2005-11-28,4.33,4.41,2.04,2.37,1.89,,1.1804,1.7221,119.25,1.0,,,4.5168,,,,
2005-11-29,4.4,4.48,2.11,2.37,1.88,,1.1786,1.7203,119.48,1.0,,,4.6555,,,,
2005-11-30,4.42,4.49,2.12,2.37,1.89,835059.0,1.179,1.7321,119.66,1.0,,,4.7196,,,,
2005-12-01,4.45,4.52,2.15,2.37,1.87,,1.1702,1.729,120.62,1.0,,3.40898186363636,4.3907,4.2186,0.001,1.488,1.96
2005-12-02,4.43,4.52,2.16,2.36,1.87,,1.1699,1.7304,120.77,1.0,,,4.6729,,,,
2005-12-03,,,,,,,,,,1.0,,,,,,,
2005-12-04,,,,,,,,,,1.0,,,,,,,
2005-12-05,4.47,4.57,2.17,2.4,1.86,,1.1787,1.7397,120.83,1.0,,,4.7202,,,,
2005-12-06,4.42,4.49,2.12,2.37,1.88,,1.1784,1.7402,120.82,1.25,,,4.7122,,,,
2005-12-07,4.42,4.52,2.18,2.34,1.88,833250.0,1.1722,1.735,120.93,1.25,,,4.6848,,,,
2005-12-08,4.37,4.47,2.14,2.33,1.88,,1.183,1.7514,120.27,1.25,,,4.6287,,,,
2005-12-09,4.43,4.54,2.18,2.36,1.88,,1.1824,1.7554,120.54,1.25,,,4.3694,,,,
2005-12-10,,,,,,,,,,1.25,,,,,,,
2005-12-11,,,,,,,,,,1.25,,,,,,,
2005-12-12,4.45,4.56,2.17,2.39,1.86,,1.1969,1.774,119.9,1.25,,,4.3793,,,,
2005-12-13,4.43,4.54,2.16,2.38,1.88,,1.1926,1.7674,120.11,1.25,,,4.5192,,,,
2005-12-14,4.37,4.45,2.1,2.35,1.88,830950.0,1.2041,1.7739,116.81,1.25,,,4.6762,,,,
2005-12-15,4.37,4.47,2.12,2.35,1.87,,1.1965,1.7648,116.55,1.25,,,4.697,,,,
2005-12-16,4.37,4.45,2.11,2.34,1.85,,1.2012,1.7716,115.78,1.25,,,4.7221,,,,
2005-12-17,,,,,,,,,,1.25,,,,,,,
2005-12-18,,,,,,,,,,1.25,,,,,,,
2005-12-19,4.38,4.45,2.11,2.34,1.84,,1.1996,1.7641,116.01,1.25,,,4.6328,,,,
2005-12-20,4.42,4.47,2.12,2.35,1.84,,1.1848,1.7544,117.01,1.25,,,4.5633,,,,
2005-12-21,4.43,4.49,2.14,2.35,1.84,848317.0,1.1816,1.7402,117.4,1.25,,,4.7216,,,,
2005-12-22,4.4,4.44,2.11,2.33,1.83,,1.1883,1.7395,116.55,1.25,,,4.7475,,,,
2005-12-23,4.37,4.38,2.07,2.31,1.83,,1.1857,1.7326,116.38,1.25,,,4.6492,,,,
2005-12-24,,,,,,,,,,1.25,,,,,,,
2005-12-25,,,,,,,,,,1.25,,,,,,,
2005-12-26,,,,,,,,,,1.25,,,,,,,
2005-12-27,4.35,4.34,2.05,2.29,1.83,,1.1856,1.7308,117.07,1.25,,,,,,,
2005-12-28,4.37,4.38,2.1,2.28,1.82,847700.0,1.1875,1.7226,117.62,1.25,,,4.7438,,,,
2005-12-29,4.38,4.37,2.07,2.3,1.82,,1.1846,1.7261,117.86,1.25,,,4.7683,,,,
2005-12-30,4.41,4.39,2.06,2.33,1.82,,1.1842,1.7188,117.88,1.25,,,4.7627,,,,
2005-12-31,,,,,,,,,,1.25,,,,,,,
2006-01-01,,,,,,,,,,1.25,,3.39270140909091,,4.0752,0.001,1.547,2.153
2006-01-02,,,,,,,,,,1.25,,,,,,,
2006-01-03,4.34,4.37,2.03,2.34,1.84,,1.198,1.7404,116.34,1.25,,,4.6893,,,,
2006-01-04,4.31,4.36,2.01,2.35,1.84,851856.0,1.2091,1.7588,116.31,1.25,,,4.6817,,,,
2006-01-05,4.32,4.36,2.04,2.32,1.84,,1.2101,1.7566,115.96,1.25,,,4.6837,,,,
2006-01-06,4.36,4.38,2.05,2.33,1.84,,1.2148,1.7697,114.45,1.25,,,4.3887,,,,
2006-01-07,,,,,,,,,,1.25,,,,,,,
2006-01-08,,,,,,,,,,1.25,,,,,,,
2006-01-09,4.36,4.38,2.05,2.33,1.84,,1.2064,1.7645,114.66,1.25,,,4.4181,,,,
2006-01-10,4.41,4.43,2.06,2.37,1.84,,1.2063,1.7645,114.64,1.25,,,4.5658,,,,
2006-01-11,4.44,4.46,2.07,2.39,1.84,829357.0,1.2135,1.7643,113.96,1.25,,,4.4543,,,,
2006-01-12,4.39,4.42,2.01,2.41,1.83,,1.2035,1.7612,114.31,1.25,,,4.552,,,,
2006-01-13,4.34,4.36,1.97,2.39,1.82,,1.2103,1.7715,114.43,1.25,,,4.3829,,,,
2006-01-14,,,,,,,,,,1.25,,,,,,,
2006-01-15,,,,,,,,,,1.25,,,,,,,
2006-01-16,,,,,,,,,,1.25,,,4.373,,,,
2006-01-17,4.33,4.34,1.95,2.39,1.83,,1.2073,1.7628,115.83,1.25,,,4.3628,,,,
2006-01-18,4.33,4.34,1.97,2.37,1.84,836042.0,1.2083,1.7622,115.35,1.25,,,4.3596,,,,
2006-01-19,4.37,4.38,1.97,2.41,1.83,,1.211,1.7618,115.07,1.25,,,4.3641,,,,
2006-01-20,4.37,4.37,1.94,2.43,1.81,,1.2101,1.7663,115.42,1.25,,,4.4132,,,,
2006-01-21,,,,,,,,,,1.25,,,,,,,
2006-01-22,,,,,,,,,,1.25,,,,,,,
2006-01-23,4.35,4.36,1.94,2.42,1.82,,1.2276,1.7842,114.67,1.25,,,4.364,,,,
2006-01-24,4.37,4.4,1.97,2.43,1.81,,1.2287,1.7885,114.54,1.25,,,4.3651,,,,
2006-01-25,4.46,4.49,2.03,2.46,1.8,828901.0,1.2252,1.7874,115.73,1.25,,,4.3832,,,,
2006-01-26,4.49,4.53,2.01,2.52,1.8,,1.2229,1.783,116.27,1.25,,,4.4811,,,,
2006-01-27,4.51,4.52,2.02,2.5,1.78,,1.213,1.7733,117.16,1.25,,,4.5238,,,,
2006-01-28,,,,,,,,,,1.25,,,,,,,
2006-01-29,,,,,,,,,,1.25,,,,,,,
2006-01-30,4.52,4.54,2.03,2.51,1.79,,1.2091,1.7688,117.55,1.25,,,4.6338,,,,
2006-01-31,4.54,4.53,2.0,2.53,1.78,,1.2158,1.782,116.88,1.25,,,4.7004,,,,
2006-02-01,4.59,4.57,2.02,2.55,1.76,831808.0,1.2092,1.7781,117.85,1.25,,3.55100435,4.4088,4.1543,0.001,1.598,2.252
2006-02-02,4.59,4.57,2.04,2.53,1.74,,1.21,1.7807,118.26,1.25,,,4.3775,,,,
2006-02-03,4.59,4.54,2.0,2.54,1.72,,1.2021,1.7626,118.95,1.25,,,4.3738,,,,
2006-02-04,,,,,,,,,,1.25,,,,,,,
2006-02-05,,,,,,,,,,1.25,,,,,,,
2006-02-06,4.62,4.55,2.0,2.55,1.69,,1.1971,1.7462,118.94,1.25,,,4.5173,,,,
2006-02-07,4.61,4.57,2.02,2.55,1.71,,1.1974,1.7444,118.01,1.25,,,4.3694,,,,
2006-02-08,4.64,4.56,2.07,2.49,1.75,827613.0,1.1935,1.7405,118.69,1.25,,,4.5514,,,,
2006-02-09,4.66,4.54,2.05,2.49,1.73,,1.1963,1.7411,118.66,1.25,,,4.5983,,,,
2006-02-10,4.69,4.59,2.09,2.5,1.71,,1.192,1.7454,117.64,1.25,,,4.37,,,,
2006-02-11,,,,,,,,,,1.25,,,,,,,
2006-02-12,,,,,,,,,,1.25,,,,,,,
2006-02-13,4.68,4.58,2.08,2.5,1.72,,1.1905,1.7438,117.63,1.25,,,4.3884,,,,
2006-02-14,4.69,4.62,2.14,2.48,1.71,,1.1895,1.7343,117.43,1.25,,,4.4281,,,,
2006-02-15,4.71,4.61,2.13,2.48,1.7,835240.0,1.1884,1.7401,117.93,1.25,,,4.4266,,,,
2006-02-16,4.69,4.59,2.1,2.49,1.71,,1.1882,1.7354,117.91,1.25,,,4.37,,,,
2006-02-17,4.66,4.54,2.03,2.51,1.7,,1.1906,1.7403,118.43,1.25,,,4.3574,,,,
2006-02-18,,,,,,,,,,1.25,,,,,,,
2006-02-19,,,,,,,,,,1.25,,,,,,,
2006-02-20,,,,,,,,,,1.25,,,4.3713,,,,
2006-02-21,4.71,4.57,2.04,2.53,1.68,,1.1912,1.7447,118.85,1.25,,,4.3853,,,,
2006-02-22,4.68,4.53,2.01,2.52,1.68,840555.0,1.1905,1.7425,118.51,1.25,,,4.3681,,,,
2006-02-23,4.72,4.56,2.03,2.53,1.67,,1.1923,1.7522,117.0,1.25,,,4.4467,,,,
2006-02-24,4.74,4.58,2.02,2.56,1.64,,1.1882,1.7448,116.87,1.25,,,4.3768,,,,
2006-02-25,,,,,,,,,,1.25,,,,,,,
2006-02-26,,,,,,,,,,1.25,,,,,,,
2006-02-27,4.74,4.59,2.04,2.55,1.65,,1.186,1.7409,115.97,1.25,,,4.3687,,,,
2006-02-28,4.69,4.55,2.02,2.53,1.65,,1.1925,1.7539,115.82,1.25,,,4.6553,,,,
2006-03-01,4.71,4.59,2.02,2.57,1.66,839356.0,1.1899,1.7473,116.18,1.25,,3.7311823478260897,4.7442,4.3177,0.002,1.759,2.517
2006-03-02,4.72,4.64,2.05,2.59,1.66,,1.2003,1.7493,116.07,1.25,,,4.8047,,,,
2006-03-03,4.76,4.68,2.07,2.61,1.67,,1.2028,1.7531,116.46,1.25,,,4.7299,,,,
2006-03-04,,,,,,,,,,1.25,,,,,,,
2006-03-05,,,,,,,,,,1.25,,,,,,,
2006-03-06,4.77,4.74,2.14,2.6,1.67,,1.2002,1.7492,117.46,1.25,,,4.4325,,,,
2006-03-07,4.77,4.74,2.16,2.58,1.67,,1.1888,1.7362,117.76,1.25,,,4.4271,,,,
2006-03-08,4.72,4.73,2.2,2.53,1.68,839234.0,1.1914,1.7359,117.9,1.5,,,4.3824,,,,
2006-03-09,4.72,4.74,2.2,2.54,1.67,,1.192,1.7366,117.96,1.5,,,4.3842,,,,
2006-03-10,4.74,4.76,2.23,2.53,1.67,,1.1886,1.7256,119.07,1.5,,,4.6632,,,,
2006-03-11,,,,,,,,,,1.5,,,,,,,
2006-03-12,,,,,,,,,,1.5,,,,,,,
2006-03-13,4.74,4.77,2.24,2.53,1.69,,1.1942,1.731,119.01,1.5,,,4.7555,,,,
2006-03-14,4.66,4.71,2.17,2.54,1.68,,1.2025,1.7479,117.36,1.5,,,4.7624,,,,
2006-03-15,4.69,4.73,2.18,2.55,1.7,843010.0,1.2045,1.746,117.3,1.5,,,4.6003,,,,
2006-03-16,4.62,4.65,2.12,2.53,1.72,,1.2151,1.7552,117.13,1.5,,,4.7537,,,,
2006-03-17,4.65,4.68,2.16,2.52,1.7,,1.2197,1.7567,115.89,1.5,,,4.7022,,,,
2006-03-18,,,,,,,,,,1.5,,,,,,,
2006-03-19,,,,,,,,,,1.5,,,,,,,
2006-03-20,4.65,4.66,2.15,2.51,1.7,,1.2168,1.7563,116.25,1.5,,,4.4298,,,,
2006-03-21,4.72,4.71,2.23,2.48,1.7,,1.2079,1.7459,117.23,1.5,,,4.3892,,,,
2006-03-22,4.74,4.7,2.23,2.47,1.69,838003.0,1.2095,1.7483,116.72,1.5,,,4.3674,,,,
2006-03-23,4.77,4.73,2.24,2.49,1.7,,1.1984,1.7367,117.6,1.5,,,4.3698,,,,
2006-03-24,4.72,4.67,2.2,2.47,1.7,,1.2034,1.7427,117.5,1.5,,,4.3709,,,,
2006-03-25,,,,,,,,,,1.5,,,,,,,
2006-03-26,,,,,,,,,,1.5,,,,,,,
2006-03-27,4.72,4.7,2.23,2.47,1.7,,1.2015,1.747,116.62,1.5,,,4.4236,,,,
2006-03-28,4.81,4.79,2.3,2.49,1.68,,1.2078,1.7497,117.23,1.5,,,4.397,,,,
2006-03-29,4.82,4.81,2.32,2.49,1.71,833675.0,1.203,1.7356,117.8,1.5,,,4.3769,,,,
2006-03-30,4.84,4.86,2.35,2.51,1.7,,1.2132,1.7448,117.41,1.5,,,4.4056,,,,
2006-03-31,4.82,4.86,2.35,2.51,1.69,,1.2139,1.7393,117.48,1.5,,,4.7528,,,,
2006-04-01,,,,,,,,,,1.5,,4.0116374,,4.5177,0.002,1.956,2.752
2006-04-02,,,,,,,,,,1.5,,,,,,,
2006-04-03,4.86,4.88,2.36,2.52,1.68,,1.2124,1.7389,117.82,1.5,,,4.6511,,,,
2006-04-04,4.84,4.87,2.38,2.49,1.69,,1.2258,1.7559,117.44,1.5,,,4.6312,,,,
2006-04-05,4.81,4.84,2.34,2.5,1.7,834589.0,1.2272,1.7497,117.59,1.5,,,4.6527,,,,
2006-04-06,4.84,4.9,2.38,2.52,1.7,,1.2216,1.7504,117.72,1.5,,,4.4678,,,,
2006-04-07,4.89,4.97,2.43,2.54,1.7,,1.2109,1.7407,118.31,1.5,,,4.3863,,,,
2006-04-08,,,,,,,,,,1.5,,,,,,,
2006-04-09,,,,,,,,,,1.5,,,,,,,
2006-04-10,4.89,4.97,2.41,2.56,1.7,,1.2091,1.7405,118.66,1.5,,,4.6202,,,,
2006-04-11,4.88,4.93,2.37,2.56,1.71,,1.2125,1.7467,118.61,1.5,,,4.4528,,,,
2006-04-12,4.91,4.98,2.41,2.57,1.71,836862.0,1.2107,1.7508,118.47,1.5,,,4.3788,,,,
2006-04-13,4.96,5.05,2.48,2.57,1.69,,1.2107,1.7529,118.42,1.5,,,4.3901,,,,
2006-04-14,,,,,,,1.2106,1.751,118.65,1.5,,,,,,,
2006-04-15,,,,,,,,,,1.5,,,,,,,
2006-04-16,,,,,,,,,,1.5,,,,,,,
2006-04-17,4.91,5.01,2.43,2.58,1.7,,1.2267,1.7716,117.68,1.5,,,,,,,
2006-04-18,4.84,4.99,2.38,2.61,1.7,,1.2274,1.7762,117.75,1.5,,,4.38,,,,
2006-04-19,4.86,5.04,2.38,2.66,1.7,836352.0,1.2345,1.7895,117.58,1.5,,,4.3906,,,,
2006-04-20,4.89,5.04,2.42,2.62,1.7,,1.2326,1.7801,117.49,1.5,,,4.4011,,,,
2006-04-21,4.9,5.01,2.39,2.62,1.7,,1.234,1.7817,116.91,1.5,,,4.3751,,,,
2006-04-22,,,,,,,,,,1.5,,,,,,,
2006-04-23,,,,,,,,,,1.5,,,,,,,
2006-04-24,4.89,4.99,2.39,2.6,1.67,,1.2373,1.7839,114.93,1.5,,,4.6082,,,,
2006-04-25,4.95,5.07,2.47,2.6,1.68,,1.2412,1.7876,114.83,1.5,,,4.6061,,,,
2006-04-26,4.99,5.12,2.51,2.61,1.64,844572.0,1.2464,1.7897,114.72,1.5,,,4.3997,,,,
2006-04-27,4.91,5.09,2.45,2.64,1.67,,1.2525,1.8011,114.02,1.5,,,4.6489,,,,
2006-04-28,4.87,5.07,2.39,2.68,1.67,,1.2624,1.822,113.79,1.5,,,4.4299,,,,
2006-04-29,,,,,,,,,,1.5,,,,,,,
2006-04-30,,,,,,,,,,1.5,,,,,,,
2006-05-01,4.94,5.14,2.42,2.72,1.63,,1.2607,1.8286,113.06,1.5,,4.06029543478261,,4.6488,0.02,1.849,2.7
2006-05-02,4.92,5.12,2.43,2.69,1.61,,1.2644,1.8397,113.26,1.5,,,4.4593,,,,
2006-05-03,4.94,5.15,2.47,2.68,1.61,843867.0,1.2639,1.8446,113.44,1.5,,,4.58,,,,
2006-05-04,4.97,5.16,2.49,2.67,1.6,,1.2684,1.8485,113.46,1.5,,,4.4422,,,,
2006-05-05,4.94,5.12,2.45,2.67,1.6,,1.2733,1.8588,112.45,1.5,,,4.4487,,,,
2006-05-06,,,,,,,,,,1.5,,,,,,,
2006-05-07,,,,,,,,,,1.5,,,,,,,
2006-05-08,4.97,5.12,2.45,2.67,1.59,,1.272,1.8584,111.55,1.5,,,4.441,,,,
2006-05-09,4.97,5.13,2.43,2.7,1.59,,1.2747,1.8632,111.31,1.5,,,4.5738,,,,
2006-05-10,5.01,5.13,2.43,2.7,1.58,838405.0,1.2799,1.8648,110.55,1.5,,,4.3867,,,,
2006-05-11,4.99,5.14,2.43,2.71,1.61,,1.2855,1.8842,110.26,1.5,,,4.3828,,,,
2006-05-12,5.01,5.19,2.47,2.72,1.63,,1.2888,1.8911,110.49,1.5,,,4.5769,,,,
2006-05-13,,,,,,,,,,1.5,,,,,,,
2006-05-14,,,,,,,,,,1.5,,,,,,,
2006-05-15,4.99,5.15,2.47,2.68,1.64,,1.2826,1.8836,110.21,1.5,,,4.3844,,,,
2006-05-16,4.96,5.1,2.44,2.66,1.66,,1.2817,1.8819,110.07,1.5,,,4.5045,,,,
2006-05-17,4.97,5.16,2.47,2.69,1.66,838153.0,1.2722,1.882,110.6,1.5,,,4.3622,,,,
2006-05-18,4.94,5.08,2.41,2.67,1.66,,1.2795,1.8878,110.89,1.5,,,4.5388,,,,
2006-05-19,4.96,5.05,2.43,2.62,1.65,,1.275,1.8755,111.76,1.5,,,4.5427,,,,
2006-05-20,,,,,,,,,,1.5,,,,,,,
2006-05-21,,,,,,,,,,1.5,,,,,,,
2006-05-22,4.94,5.04,2.43,2.61,1.66,,1.285,1.8861,111.62,1.5,,,4.5458,,,,
2006-05-23,4.97,5.07,2.44,2.63,1.65,,1.2844,1.8809,111.35,1.5,,,4.5582,,,,
2006-05-24,4.94,5.03,2.42,2.61,1.68,840251.0,1.2747,1.8678,112.8,1.5,,,4.5744,,,,
2006-05-25,4.98,5.07,2.46,2.61,1.67,,1.2777,1.8719,111.92,1.5,,,4.5764,,,,
2006-05-26,4.96,5.06,2.44,2.62,1.67,,1.2739,1.8566,112.58,1.5,,,4.5963,,,,
2006-05-27,,,,,,,,,,1.5,,,,,,,
2006-05-28,,,,,,,,,,1.5,,,,,,,
2006-05-29,,,,,,,,,,1.5,,,,,,,
2006-05-30,4.99,5.09,2.45,2.64,1.67,,1.2868,1.8825,112.18,1.5,,,4.599,,,,
2006-05-31,5.04,5.12,2.48,2.64,1.66,851580.0,1.2833,1.8732,112.26,1.5,,,4.6207,,,,
2006-06-01,5.04,5.11,2.46,2.65,1.66,,1.2824,1.8686,112.43,1.5,,4.07508859090909,4.5883,4.6645,0.036,1.901,2.848
2006-06-02,4.92,5.0,2.37,2.63,1.67,,1.2912,1.8817,111.66,1.5,,,4.58,,,,
2006-06-03,,,,,,,,,,1.5,,,,,,,
2006-06-04,,,,,,,,,,1.5,,,,,,,
2006-06-05,4.99,5.02,2.4,2.62,1.67,,1.2953,1.8786,111.7,1.5,,,4.5886,,,,
2006-06-06,4.99,5.01,2.44,2.57,1.65,,1.2828,1.8608,113.26,1.5,,,4.598,,,,
2006-06-07,5.02,5.02,2.48,2.54,1.67,849074.0,1.2799,1.8585,113.35,1.5,,,4.5628,,,,
2006-06-08,5.01,5.0,2.47,2.53,1.66,,1.2648,1.8425,114.22,1.5,,,4.5843,,,,
2006-06-09,5.01,4.98,2.45,2.53,1.66,,1.2636,1.8426,113.89,1.5,,,4.5898,,,,
2006-06-10,,,,,,,,,,1.5,,,,,,,
2006-06-11,,,,,,,,,,1.5,,,,,,,
2006-06-12,5.02,4.99,2.45,2.54,1.65,,1.2587,1.844,114.17,1.5,,,4.5852,,,,
2006-06-13,5.02,4.97,2.44,2.53,1.67,,1.2574,1.8398,115.06,1.5,,,4.5756,,,,
2006-06-14,5.11,5.05,2.5,2.55,1.67,845869.0,1.2631,1.8491,114.85,1.5,,,4.5688,,,,
2006-06-15,5.14,5.1,2.52,2.58,1.67,,1.2616,1.8477,115.06,1.75,,,4.5557,,,,
2006-06-16,5.16,5.13,2.54,2.59,1.67,,1.2623,1.8484,115.12,1.75,,,4.5622,,,,
2006-06-17,,,,,,,,,,1.75,,,,,,,
2006-06-18,,,,,,,,,,1.75,,,,,,,
2006-06-19,5.19,5.14,2.58,2.56,1.67,,1.2577,1.8401,115.26,1.75,,,4.5548,,,,
2006-06-20,5.19,5.15,2.58,2.57,1.67,,1.2568,1.8399,115.02,1.75,,,4.5429,,,,
2006-06-21,5.2,5.16,2.59,2.57,1.68,844773.0,1.2665,1.846,114.76,1.75,,,4.5497,,,,
2006-06-22,5.23,5.2,2.61,2.59,1.69,,1.2582,1.8306,115.94,1.75,,,4.5474,,,,
2006-06-23,5.27,5.23,2.64,2.59,1.69,,1.2522,1.8204,116.26,1.75,,,4.5378,,,,
2006-06-24,,,,,,,,,,1.75,,,,,,,
2006-06-25,,,,,,,,,,1.75,,,,,,,
2006-06-26,5.27,5.25,2.67,2.58,1.69,,1.2554,1.819,116.38,1.75,,,4.5417,,,,
2006-06-27,5.24,5.21,2.63,2.58,1.7,,1.2589,1.8237,116.26,1.75,,,4.5377,,,,
2006-06-28,5.29,5.25,2.68,2.57,1.69,844436.0,1.2532,1.8159,116.42,1.75,,,4.5424,,,,
2006-06-29,5.21,5.22,2.61,2.61,1.69,,1.2534,1.8108,116.17,1.75,,,4.5532,,,,
2006-06-30,5.16,5.15,2.54,2.61,1.67,,1.2779,1.8491,114.51,1.75,,,4.7194,,,,
2006-07-01,,,,,,,,,,1.75,,4.09628790476191,,4.656,0.155,1.927,2.742
2006-07-02,,,,,,,,,,1.75,,,,,,,
2006-07-03,5.17,5.15,2.56,2.59,1.68,,1.2793,1.841,114.92,1.75,,,4.5832,,,,
2006-07-04,,,,,,,,,,1.75,,,4.5445,,,,
2006-07-05,5.24,5.23,2.63,2.6,1.67,851659.0,1.2726,1.8342,115.65,1.75,,,4.4802,,,,
2006-07-06,5.22,5.19,2.59,2.6,1.66,,1.2757,1.8376,115.18,1.75,,,4.5361,,,,
2006-07-07,5.17,5.14,2.55,2.59,1.66,,1.2822,1.8513,113.98,1.75,,,4.5401,,,,
2006-07-08,,,,,,,,,,1.75,,,,,,,
2006-07-09,,,,,,,,,,1.75,,,,,,,
2006-07-10,5.17,5.13,2.56,2.57,1.66,,1.2751,1.842,113.97,1.75,,,4.5446,,,,
2006-07-11,5.17,5.1,2.53,2.57,1.67,,1.2754,1.8431,114.15,1.75,,,4.5326,,,,
2006-07-12,5.17,5.1,2.54,2.56,1.66,844391.0,1.2706,1.8347,115.41,1.75,,,4.524,,,,
2006-07-13,5.12,5.08,2.51,2.57,1.66,,1.2673,1.8404,115.45,1.75,,,4.5188,,,,
2006-07-14,5.08,5.07,2.5,2.57,1.69,,1.2641,1.8364,116.33,1.75,,,4.5258,,,,
2006-07-15,,,,,,,,,,1.75,,,,,,,
2006-07-16,,,,,,,,,,1.75,,,,,,,
2006-07-17,5.12,5.07,2.49,2.58,1.68,,1.2529,1.8203,117.08,1.75,,,4.5506,,,,
2006-07-18,5.19,5.13,2.55,2.58,1.68,,1.25,1.8271,117.44,1.75,,,4.5427,,,,
2006-07-19,5.12,5.06,2.49,2.57,1.69,849894.0,1.256,1.8377,117.08,1.75,,,4.5333,,,,
2006-07-20,5.06,5.03,2.45,2.58,1.69,,1.2639,1.8495,116.83,1.75,,,4.5303,,,,
2006-07-21,5.08,5.05,2.49,2.56,1.69,,1.2684,1.8586,116.34,1.75,,,4.5254,,,,
2006-07-22,,,,,,,,,,1.75,,,,,,,
2006-07-23,,,,,,,,,,1.75,,,,,,,
2006-07-24,5.1,5.05,2.49,2.56,1.69,,1.263,1.8492,116.65,1.75,,,4.5237,,,,
2006-07-25,5.11,5.07,2.48,2.59,1.68,,1.2576,1.8407,117.3,1.75,,,4.5189,,,,
2006-07-26,5.06,5.04,2.44,2.6,1.68,841552.0,1.2628,1.8474,116.85,1.75,,,4.5224,,,,
2006-07-27,5.07,5.07,2.47,2.6,1.65,,1.2732,1.8627,115.55,1.75,,,4.5291,,,,
2006-07-28,4.98,5.0,2.41,2.59,1.67,,1.2748,1.8645,114.74,1.75,,,4.5507,,,,
2006-07-29,,,,,,,,,,1.75,,,,,,,
2006-07-30,,,,,,,,,,1.75,,,,,,,
2006-07-31,4.97,4.99,2.41,2.58,1.68,,1.2764,1.8685,114.44,1.75,,,4.8059,,,,
2006-08-01,4.97,4.99,2.4,2.59,1.69,,1.2778,1.8711,114.96,1.75,,3.9681833043478303,4.7586,4.6535,0.25,1.668,2.547
2006-08-02,4.97,4.96,2.36,2.6,1.69,850263.0,1.2798,1.8781,114.54,1.75,,,4.5724,,,,
2006-08-03,4.98,4.96,2.35,2.61,1.68,,1.2779,1.8847,115.27,1.75,,,4.7086,,,,
2006-08-04,4.91,4.91,2.3,2.61,1.69,,1.2894,1.9098,114.21,1.75,,,4.8197,,,,
2006-08-05,,,,,,,,,,1.75,,,,,,,
2006-08-06,,,,,,,,,,1.75,,,,,,,
2006-08-07,4.96,4.93,2.29,2.64,1.67,,1.2867,1.9102,114.85,1.75,,,4.8046,,,,
2006-08-08,4.91,4.93,2.27,2.66,1.7,,1.2839,1.9077,115.01,1.75,,,4.7885,,,,
2006-08-09,4.91,4.92,2.28,2.64,1.73,840006.0,1.2888,1.9089,115.14,2.0,,,4.7847,,,,
2006-08-10,4.93,4.93,2.3,2.63,1.73,,1.2765,1.8888,115.59,2.0,,,4.7876,,,,
2006-08-11,4.96,4.97,2.33,2.64,1.72,,1.2757,1.8952,116.18,2.0,,,4.8039,,,,
2006-08-12,,,,,,,,,,2.0,,,,,,,
2006-08-13,,,,,,,,,,2.0,,,,,,,
2006-08-14,5.01,5.0,2.36,2.64,1.69,,1.2735,1.8902,116.53,2.0,,,4.8448,,,,
2006-08-15,4.94,4.93,2.32,2.61,1.7,,1.2788,1.8948,115.96,2.0,,,4.8742,,,,
2006-08-16,4.87,4.87,2.28,2.59,1.71,842876.0,1.2864,1.8999,115.71,2.0,,,4.8426,,,,
2006-08-17,4.89,4.87,2.28,2.59,1.71,,1.287,1.894,115.44,2.0,,,4.8144,,,,
2006-08-18,4.87,4.84,2.26,2.58,1.71,,1.281,1.8808,115.79,2.0,,,4.8181,,,,
2006-08-19,,,,,,,,,,2.0,,,,,,,
2006-08-20,,,,,,,,,,2.0,,,,,,,
2006-08-21,4.85,4.82,2.23,2.59,1.72,,1.2914,1.8968,115.86,2.0,,,4.8053,,,,
2006-08-22,4.87,4.82,2.22,2.6,1.71,,1.2804,1.8881,116.61,2.0,,,4.8026,,,,
2006-08-23,4.87,4.82,2.25,2.57,1.72,837987.0,1.2794,1.8929,116.43,2.0,,,4.8023,,,,
2006-08-24,4.88,4.81,2.28,2.53,1.72,,1.276,1.8884,116.38,2.0,,,4.8073,,,,
2006-08-25,4.86,4.79,2.24,2.55,1.74,,1.2767,1.8884,117.31,2.0,,,4.8493,,,,
2006-08-26,,,,,,,,,,2.0,,,,,,,
2006-08-27,,,,,,,,,,2.0,,,,,,,
2006-08-28,4.88,4.8,2.28,2.52,1.73,,1.2784,1.8968,117.15,2.0,,,,,,,
2006-08-29,4.87,4.79,2.29,2.5,1.74,,1.2768,1.8914,116.92,2.0,,,4.8557,,,,
2006-08-30,4.83,4.76,2.28,2.48,1.74,850925.0,1.2825,1.9042,117.07,2.0,,,4.8414,,,,
2006-08-31,4.79,4.74,2.24,2.5,1.73,,1.2793,1.9024,117.35,2.0,,,4.8703,,,,
2006-09-01,4.77,4.73,2.25,2.48,1.73,,1.2833,1.905,117.21,2.0,,3.8398482857142895,4.7893,4.5522,0.261,1.628,2.369
2006-09-02,,,,,,,,,,2.0,,,,,,,
2006-09-03,,,,,,,,,,2.0,,,,,,,
2006-09-04,,,,,,,,,,2.0,,,4.785,,,,
2006-09-05,4.8,4.78,2.31,2.47,1.73,,1.281,1.8926,116.04,2.0,,,4.7702,,,,
2006-09-06,4.82,4.8,2.32,2.48,1.73,848594.0,1.2787,1.881,116.73,2.0,,,4.6902,,,,
2006-09-07,4.82,4.8,2.34,2.46,1.72,,1.2757,1.8763,116.3,2.0,,,4.793,,,,
2006-09-08,4.8,4.78,2.35,2.43,1.72,,1.2673,1.8655,116.89,2.0,,,4.8162,,,,
2006-09-09,,,,,,,,,,2.0,,,,,,,
2006-09-10,,,,,,,,,,2.0,,,,,,,
2006-09-11,4.83,4.8,2.38,2.42,1.72,,1.2699,1.863,117.57,2.0,,,4.8106,,,,
2006-09-12,4.82,4.78,2.36,2.42,1.7,,1.2693,1.8747,117.82,2.0,,,4.79,,,,
2006-09-13,4.8,4.77,2.35,2.42,1.7,840886.0,1.2708,1.8767,117.47,2.0,,,4.7787,,,,
2006-09-14,4.83,4.79,2.35,2.44,1.7,,1.2736,1.8886,117.47,2.0,,,4.7802,,,,
2006-09-15,4.87,4.8,2.38,2.42,1.69,,1.2648,1.8783,117.72,2.0,,,4.7843,,,,
2006-09-16,,,,,,,,,,2.0,,,,,,,
2006-09-17,,,,,,,,,,2.0,,,,,,,
2006-09-18,4.88,4.81,2.39,2.42,1.68,,1.2671,1.8773,118.02,2.0,,,4.7904,,,,
2006-09-19,4.79,4.74,2.35,2.39,1.69,,1.2683,1.8828,117.6,2.0,,,4.7913,,,,
2006-09-20,4.81,4.73,2.39,2.34,1.69,838192.0,1.2701,1.8894,117.29,2.0,,,4.7809,,,,
2006-09-21,4.71,4.65,2.31,2.34,1.71,,1.273,1.897,116.76,2.0,,,4.7754,,,,
2006-09-22,4.67,4.6,2.27,2.33,1.72,,1.2796,1.9012,116.45,2.0,,,4.7817,,,,
2006-09-23,,,,,,,,,,2.0,,,,,,,
2006-09-24,,,,,,,,,,2.0,,,,,,,
2006-09-25,4.63,4.56,2.24,2.32,1.72,,1.2747,1.9001,116.43,2.0,,,4.8037,,,,
2006-09-26,4.68,4.59,2.25,2.34,1.71,,1.2687,1.8954,117.16,2.0,,,4.7879,,,,
2006-09-27,4.66,4.6,2.26,2.34,1.71,849971.0,1.2699,1.8866,117.53,2.0,,,4.7795,,,,
2006-09-28,4.68,4.63,2.27,2.36,1.73,,1.2697,1.8746,117.84,2.0,,,4.7976,,,,
2006-09-29,4.71,4.64,2.27,2.37,1.72,,1.2687,1.8716,117.99,2.0,,,4.8972,,,,
2006-09-30,,,,,,,,,,2.0,,,,,,,
2006-10-01,,,,,,,,,,2.0,,3.8812864090909103,,4.6155,0.254,1.718,2.495
2006-10-02,4.66,4.62,2.27,2.35,1.73,,1.2744,1.8861,117.66,2.0,,,4.8541,,,,
2006-10-03,4.67,4.62,2.29,2.33,1.72,,1.2727,1.8873,117.84,2.0,,,4.9117,,,,
2006-10-04,4.6,4.57,2.27,2.3,1.74,842296.0,1.2687,1.8839,118.02,2.0,,,4.7399,,,,
2006-10-05,4.65,4.61,2.31,2.3,1.74,,1.2687,1.8772,117.69,2.0,,,4.8257,,,,
2006-10-06,4.74,4.7,2.37,2.33,1.73,,1.26,1.8712,118.89,2.0,,,4.7888,,,,
2006-10-07,,,,,,,,,,2.0,,,,,,,
2006-10-08,,,,,,,,,,2.0,,,,,,,
2006-10-09,,,,,,,,,,2.0,,,4.8063,,,,
2006-10-10,4.82,4.75,2.42,2.33,1.72,,1.2541,1.8548,119.68,2.0,,,4.8048,,,,
2006-10-11,4.85,4.78,2.45,2.33,1.73,859339.0,1.2547,1.8568,119.49,2.25,,,4.8007,,,,
2006-10-12,4.85,4.79,2.44,2.35,1.71,,1.2537,1.8558,119.53,2.25,,,4.8028,,,,
2006-10-13,4.87,4.81,2.47,2.34,1.72,,1.2502,1.8551,119.81,2.25,,,4.7979,,,,
2006-10-14,,,,,,,,,,2.25,,,,,,,
2006-10-15,,,,,,,,,,2.25,,,,,,,
2006-10-16,4.85,4.79,2.45,2.34,1.71,,1.2518,1.8606,119.25,2.25,,,4.7912,,,,
2006-10-17,4.83,4.78,2.46,2.32,1.71,,1.2564,1.8734,118.63,2.25,,,4.7987,,,,
2006-10-18,4.85,4.77,2.46,2.31,1.7,844200.0,1.2516,1.8675,119.09,2.25,,,4.8178,,,,
2006-10-19,4.85,4.79,2.49,2.3,1.7,,1.2594,1.876,118.35,2.25,,,4.8202,,,,
2006-10-20,4.87,4.79,2.49,2.3,1.69,,1.2613,1.8828,118.73,2.25,,,4.8423,,,,
2006-10-21,,,,,,,,,,2.25,,,,,,,
2006-10-22,,,,,,,,,,2.25,,,,,,,
2006-10-23,4.9,4.83,2.53,2.3,1.66,,1.2544,1.871,119.32,2.25,,,4.8489,,,,
2006-10-24,4.91,4.83,2.52,2.31,1.65,,1.2565,1.8745,119.25,2.25,,,4.8451,,,,
2006-10-25,4.88,4.78,2.44,2.34,1.66,852648.0,1.2591,1.8772,119.13,2.25,,,4.8389,,,,
2006-10-26,4.81,4.73,2.41,2.32,1.65,,1.2669,1.8876,118.62,2.25,,,4.8366,,,,
2006-10-27,4.76,4.68,2.37,2.31,1.65,,1.2725,1.8968,117.61,2.25,,,4.8426,,,,
2006-10-28,,,,,,,,,,2.25,,,,,,,
2006-10-29,,,,,,,,,,2.25,,,,,,,
2006-10-30,4.78,4.68,2.39,2.29,1.64,,1.2717,1.9025,117.38,2.25,,,4.8587,,,,
2006-10-31,4.71,4.61,2.34,2.27,1.64,,1.2773,1.9084,116.82,2.25,,,4.8876,,,,
2006-11-01,4.66,4.57,2.29,2.28,1.64,855536.0,1.2771,1.9091,117.01,2.25,,3.804062909090911,4.8235,4.5452,0.257,1.69,2.341
2006-11-02,4.67,4.6,2.32,2.28,1.64,,1.278,1.9088,117.12,2.25,,,4.7966,,,,
2006-11-03,4.82,4.72,2.4,2.32,1.59,,1.2705,1.9011,118.06,2.25,,,4.7922,,,,
2006-11-04,,,,,,,,,,2.25,,,,,,,
2006-11-05,,,,,,,,,,2.25,,,,,,,
2006-11-06,4.82,4.71,2.36,2.35,1.59,,1.2715,1.8967,118.4,2.25,,,4.7975,,,,
2006-11-07,4.77,4.66,2.32,2.34,1.6,,1.2806,1.9098,117.44,2.25,,,4.7983,,,,
2006-11-08,4.75,4.64,2.29,2.35,1.59,858630.0,1.2775,1.9057,117.74,2.25,,,4.7426,,,,
2006-11-09,4.75,4.62,2.28,2.34,1.62,,1.2835,1.9067,117.92,2.25,,,5.0628,,,,
2006-11-10,4.73,4.59,2.25,2.34,1.61,,1.2861,1.912,117.47,2.25,,,5.1016,,,,
2006-11-11,,,,,,,,,,2.25,,,,,,,
2006-11-12,,,,,,,,,,2.25,,,,,,,
2006-11-13,4.76,4.61,2.29,2.32,1.6,,1.281,1.9024,118.14,2.25,,,5.0927,,,,
2006-11-14,4.74,4.57,2.28,2.29,1.61,,1.2812,1.8946,117.72,2.25,,,5.09,,,,
2006-11-15,4.8,4.61,2.3,2.31,1.61,855551.0,1.2808,1.8883,118.06,2.25,,,5.0707,,,,
2006-11-16,4.85,4.66,2.38,2.28,1.59,,1.2808,1.8902,118.12,2.25,,,5.058,,,,
2006-11-17,4.76,4.61,2.33,2.28,1.6,,1.2823,1.8936,117.73,2.25,,,5.0686,,,,
2006-11-18,,,,,,,,,,2.25,,,,,,,
2006-11-19,,,,,,,,,,2.25,,,,,,,
2006-11-20,4.76,4.6,2.33,2.27,1.6,,1.281,1.8963,118.16,2.25,,,5.0672,,,,
2006-11-21,4.75,4.58,2.31,2.27,1.6,,1.2824,1.8984,118.0,2.25,,,5.0652,,,,
2006-11-22,4.74,4.57,2.3,2.27,1.6,865126.0,1.2928,1.9145,116.61,2.25,,,5.068,,,,
2006-11-23,,,,,,,,,,2.25,,,5.0737,,,,
2006-11-24,4.73,4.55,2.27,2.28,1.6,,1.3081,1.9315,115.93,2.25,,,5.075,,,,
2006-11-25,,,,,,,,,,2.25,,,,,,,
2006-11-26,,,,,,,,,,2.25,,,,,,,
2006-11-27,4.71,4.54,2.24,2.3,1.61,,1.312,1.9368,116.12,2.25,,,5.0756,,,,
2006-11-28,4.67,4.51,2.21,2.3,1.62,,1.3162,1.948,116.14,2.25,,,5.0688,,,,
2006-11-29,4.69,4.52,2.22,2.3,1.62,856671.0,1.3146,1.9492,116.29,2.25,,,5.0622,,,,
2006-11-30,4.62,4.46,2.16,2.3,1.64,,1.3261,1.9693,115.55,2.25,,,5.078,,,,
2006-12-01,4.52,4.43,2.1,2.33,1.65,,1.3316,1.9794,115.33,2.25,,3.9026030952381,5.0578,4.6195,0.255,1.645,2.489
2006-12-02,,,,,,,,,,2.25,,,,,,,
2006-12-03,,,,,,,,,,2.25,,,,,,,
2006-12-04,4.52,4.43,2.11,2.32,1.66,,1.3327,1.9788,115.37,2.25,,,5.0553,,,,
2006-12-05,4.52,4.45,2.11,2.34,1.65,,1.3327,1.9746,114.98,2.25,,,5.0448,,,,
2006-12-06,4.59,4.48,2.14,2.34,1.65,862178.0,1.3307,1.9692,115.07,2.25,,,5.0159,,,,
2006-12-07,4.58,4.49,2.15,2.34,1.64,,1.3296,1.9628,115.13,2.25,,,5.0813,,,,
2006-12-08,4.68,4.56,2.21,2.35,1.63,,1.3215,1.9564,116.23,2.25,,,5.1172,,,,
2006-12-09,,,,,,,,,,2.25,,,,,,,
2006-12-10,,,,,,,,,,2.25,,,,,,,
2006-12-11,4.67,4.52,2.17,2.35,1.64,,1.3223,1.9552,117.02,2.25,,,5.1121,,,,
2006-12-12,4.61,4.49,2.15,2.34,1.65,,1.3233,1.9655,117.15,2.25,,,5.09,,,,
2006-12-13,4.7,4.58,2.22,2.36,1.64,853851.0,1.3215,1.9663,117.43,2.5,,,5.0842,,,,
2006-12-14,4.73,4.6,2.23,2.37,1.66,,1.3174,1.9646,117.61,2.5,,,5.0829,,,,
2006-12-15,4.73,4.6,2.29,2.31,1.66,,1.3095,1.9538,117.84,2.5,,,5.0979,,,,
2006-12-16,,,,,,,,,,2.5,,,,,,,
2006-12-17,,,,,,,,,,2.5,,,,,,,
2006-12-18,4.71,4.6,2.31,2.29,1.65,,1.3073,1.9458,118.14,2.5,,,5.0887,,,,
2006-12-19,4.71,4.6,2.31,2.29,1.67,,1.3194,1.9666,117.93,2.5,,,5.0806,,,,
2006-12-20,4.71,4.6,2.32,2.28,1.67,865010.0,1.3183,1.9648,118.39,2.5,,,5.0784,,,,
2006-12-21,4.66,4.55,2.29,2.26,1.68,,1.3175,1.9622,118.26,2.5,,,5.078,,,,
2006-12-22,4.71,4.63,2.35,2.28,1.67,,1.3131,1.957,118.9,2.5,,,5.0714,,,,
2006-12-23,,,,,,,,,,2.5,,,,,,,
2006-12-24,,,,,,,,,,2.5,,,,,,,
2006-12-25,,,,,,,,,,2.5,,,,,,,
2006-12-26,4.71,4.61,2.34,2.27,1.66,,1.3132,1.9568,118.93,2.5,,,,,,,
2006-12-27,4.77,4.66,2.39,2.27,1.66,869988.0,1.3125,1.9566,118.76,2.5,,,5.0804,,,,
2006-12-28,4.82,4.7,2.41,2.29,1.65,,1.3158,1.9621,118.95,2.5,,,5.0848,,,,
2006-12-29,4.82,4.71,2.41,2.3,1.64,,1.3197,1.9586,119.02,2.5,,,5.201,,,,
2006-12-30,,,,,,,,,,2.5,,,,,,,
2006-12-31,,,,,,,,,,2.5,,,,,,,
2007-01-01,,,,,,,,,,2.5,,4.1028094782608715,,4.8694,0.267,1.705,2.619
2007-01-02,4.8,4.68,2.38,2.3,1.64,,1.3286,1.9736,118.83,2.5,,,5.0783,,,,
2007-01-03,4.76,4.67,2.36,2.31,1.61,874626.0,1.3169,1.9498,119.58,2.5,,,5.078,,,,
2007-01-04,4.71,4.62,2.36,2.26,1.62,,1.3094,1.9443,119.28,2.5,,,5.0722,,,,
2007-01-05,4.76,4.65,2.38,2.27,1.6,,1.3005,1.9305,118.77,2.5,,,5.0678,,,,
2007-01-06,,,,,,,,,,2.5,,,,,,,
2007-01-07,,,,,,,,,,2.5,,,,,,,
2007-01-08,4.78,4.66,2.38,2.28,1.59,,1.3023,1.9385,118.49,2.5,,,5.0526,,,,
2007-01-09,4.79,4.66,2.39,2.27,1.59,,1.2995,1.94,119.45,2.5,,,5.0419,,,,
2007-01-10,4.81,4.69,2.42,2.27,1.59,854819.0,1.294,1.9334,119.52,2.5,,,4.9825,,,,
2007-01-11,4.86,4.74,2.43,2.31,1.59,,1.2904,1.9439,120.49,2.5,,,5.2352,,,,
2007-01-12,4.88,4.77,2.49,2.28,1.59,,1.2926,1.9577,120.36,2.5,,,5.3051,,,,
2007-01-13,,,,,,,,,,2.5,,,,,,,
2007-01-14,,,,,,,,,,2.5,,,,,,,
2007-01-15,,,,,,,,,,2.5,,,5.3123,,,,
2007-01-16,4.86,4.75,2.48,2.27,1.59,,1.2918,1.9605,120.64,2.5,,,5.3097,,,,
2007-01-17,4.91,4.79,2.5,2.29,1.58,859363.0,1.2948,1.972,120.54,2.5,,,5.3071,,,,
2007-01-18,4.89,4.75,2.47,2.28,1.58,,1.2942,1.9715,121.32,2.5,,,5.3082,,,,
2007-01-19,4.93,4.78,2.47,2.31,1.57,,1.2968,1.9759,121.22,2.5,,,5.3087,,,,
2007-01-20,,,,,,,,,,2.5,,,,,,,
2007-01-21,,,,,,,,,,2.5,,,,,,,
2007-01-22,4.91,4.76,2.44,2.32,1.57,,1.2957,1.9772,121.56,2.5,,,5.3121,,,,
2007-01-23,4.94,4.81,2.46,2.35,1.57,,1.3025,1.9847,121.54,2.5,,,5.3091,,,,
2007-01-24,4.93,4.81,2.44,2.37,1.57,851755.0,1.2964,1.9675,120.77,2.5,,,5.3008,,,,
2007-01-25,4.98,4.87,2.48,2.39,1.56,,1.298,1.9703,120.97,2.5,,,5.3001,,,,
2007-01-26,4.99,4.88,2.48,2.4,1.56,,1.2909,1.9598,121.53,2.5,,,5.3004,,,,
2007-01-27,,,,,,,,,,2.5,,,,,,,
2007-01-28,,,,,,,,,,2.5,,,,,,,
2007-01-29,4.99,4.9,2.5,2.4,1.55,,1.2948,1.9592,121.81,2.5,,,5.3002,,,,
2007-01-30,4.98,4.88,2.46,2.42,1.56,,1.2954,1.9617,121.7,2.5,,,5.3016,,,,
2007-01-31,4.94,4.83,2.4,2.43,1.57,865730.0,1.2998,1.9611,121.02,2.5,,,5.3237,,,,
2007-02-01,4.96,4.84,2.42,2.42,1.56,,1.3021,1.9686,120.67,2.5,,4.1175186,5.3041,4.896,0.357,1.64,2.556
2007-02-02,4.94,4.83,2.42,2.41,1.56,,1.296,1.9662,121.02,2.5,,,5.3024,,,,
2007-02-03,,,,,,,,,,2.5,,,,,,,
2007-02-04,,,,,,,,,,2.5,,,,,,,
2007-02-05,4.92,4.81,2.41,2.4,1.56,,1.2933,1.96,120.34,2.5,,,5.3019,,,,
2007-02-06,4.9,4.77,2.4,2.37,1.55,,1.2969,1.9693,120.35,2.5,,,5.287,,,,
2007-02-07,4.87,4.74,2.4,2.34,1.56,855057.0,1.302,1.9699,120.65,2.5,,,5.2267,,,,
2007-02-08,4.87,4.73,2.39,2.34,1.55,,1.3034,1.9586,121.19,2.5,,,5.3501,,,,
2007-02-09,4.92,4.79,2.43,2.36,1.54,,1.3005,1.9512,121.59,2.5,,,5.3314,,,,
2007-02-10,,,,,,,,,,2.5,,,,,,,
2007-02-11,,,,,,,,,,2.5,,,,,,,
2007-02-12,4.94,4.8,2.46,2.34,1.54,,1.2962,1.9474,121.77,2.5,,,5.3227,,,,
2007-02-13,4.95,4.82,2.46,2.36,1.54,,1.3024,1.9443,121.24,2.5,,,5.3227,,,,
2007-02-14,4.87,4.74,2.38,2.36,1.55,867199.0,1.3126,1.9628,120.8,2.5,,,5.3232,,,,
2007-02-15,4.83,4.7,2.38,2.32,1.56,,1.314,1.9532,119.49,2.5,,,5.3234,,,,
2007-02-16,4.83,4.69,2.36,2.33,1.55,,1.3137,1.9499,119.23,2.5,,,5.3234,,,,
2007-02-17,,,,,,,,,,2.5,,,,,,,
2007-02-18,,,,,,,,,,2.5,,,,,,,
2007-02-19,,,,,,,,,,2.5,,,5.4,,,,
2007-02-20,4.81,4.68,2.36,2.32,1.55,,1.3134,1.9547,120.1,2.5,,,5.3285,,,,
2007-02-21,4.82,4.69,2.33,2.36,1.54,869235.0,1.3126,1.9524,120.99,2.5,,,5.3248,,,,
2007-02-22,4.87,4.73,2.35,2.38,1.54,,1.3134,1.9571,121.3,2.5,,,5.3202,,,,
2007-02-23,4.82,4.68,2.3,2.38,1.53,,1.3164,1.9639,121.1,2.5,,,5.3205,,,,
2007-02-24,,,,,,,,,,2.5,,,,,,,
2007-02-25,,,,,,,,,,2.5,,,,,,,
2007-02-26,4.77,4.63,2.26,2.37,1.54,,1.3159,1.9631,120.76,2.5,,,5.3185,,,,
2007-02-27,4.59,4.5,2.14,2.36,1.59,,1.3246,1.9661,118.67,2.5,,,5.3162,,,,
2007-02-28,4.65,4.56,2.2,2.36,1.6,877409.0,1.323,1.9613,118.33,2.5,,,5.3178,,,,
2007-03-01,4.63,4.56,2.19,2.37,1.62,,1.3173,1.9579,117.53,2.5,,4.02271686363636,5.3108,4.8194,0.509,1.629,2.702
2007-03-02,4.56,4.52,2.15,2.37,1.64,,1.3182,1.9458,116.82,2.5,,,5.298,,,,
2007-03-03,,,,,,,,,,2.5,,,,,,,
2007-03-04,,,,,,,,,,2.5,,,,,,,
2007-03-05,4.53,4.51,2.17,2.34,1.68,,1.3094,1.9235,116.01,2.5,,,5.2881,,,,
2007-03-06,4.58,4.53,2.19,2.34,1.66,,1.3108,1.927,116.5,2.5,,,5.2639,,,,
2007-03-07,4.54,4.5,2.16,2.34,1.66,864505.0,1.3148,1.9315,116.41,2.5,,,5.2269,,,,
2007-03-08,4.56,4.51,2.17,2.34,1.67,,1.3129,1.93,117.35,2.5,,,5.3397,,,,
2007-03-09,4.66,4.59,2.25,2.34,1.65,,1.3118,1.9318,118.15,2.5,,,5.3274,,,,
2007-03-10,,,,,,,,,,2.5,,,,,,,
2007-03-11,,,,,,,,,,2.5,,,,,,,
2007-03-12,4.62,4.56,2.22,2.34,1.65,,1.3186,1.9291,117.51,2.5,,,5.3244,,,,
2007-03-13,4.52,4.5,2.15,2.35,1.7,,1.3199,1.9322,116.96,2.5,,,5.3266,,,,
2007-03-14,4.54,4.53,2.18,2.35,1.72,876108.0,1.3227,1.9337,116.33,2.75,,,5.3272,,,,
2007-03-15,4.57,4.54,2.17,2.37,1.7,,1.3249,1.9365,117.26,2.75,,,5.314,,,,
2007-03-16,4.58,4.55,2.16,2.39,1.7,,1.3307,1.9423,116.77,2.75,,,5.3077,,,,
2007-03-17,,,,,,,,,,2.75,,,,,,,
2007-03-18,,,,,,,,,,2.75,,,,,,,
2007-03-19,4.61,4.58,2.18,2.4,1.7,,1.3299,1.946,117.58,2.75,,,5.3117,,,,
2007-03-20,4.6,4.56,2.17,2.39,1.71,,1.3291,1.958,117.32,2.75,,,5.3126,,,,
2007-03-21,4.51,4.53,2.14,2.39,1.73,863067.0,1.3305,1.9596,117.83,2.75,,,5.3046,,,,
2007-03-22,4.58,4.6,2.17,2.43,1.75,,1.3359,1.9672,117.79,2.75,,,5.2979,,,,
2007-03-23,4.6,4.62,2.19,2.43,1.75,,1.3302,1.9632,117.82,2.75,,,5.2897,,,,
2007-03-24,,,,,,,,,,2.75,,,,,,,
2007-03-25,,,,,,,,,,2.75,,,,,,,
2007-03-26,4.56,4.6,2.16,2.44,1.75,,1.3336,1.9694,117.84,2.75,,,5.2967,,,,
2007-03-27,4.58,4.62,2.16,2.46,1.76,,1.3357,1.9664,117.8,2.75,,,5.2985,,,,
2007-03-28,4.53,4.62,2.17,2.45,1.78,869803.0,1.3331,1.9611,116.83,2.75,,,5.2969,,,,
2007-03-29,4.58,4.64,2.18,2.46,1.74,,1.3336,1.9627,117.75,2.75,,,5.2951,,,,
2007-03-30,4.58,4.65,2.21,2.44,1.75,,1.3374,1.9685,117.56,2.75,,,5.3123,,,,
2007-03-31,,,,,,,,,,2.75,,,,,,,
2007-04-01,,,,,,,,,,2.75,,4.24588171428571,,5.0439,0.511,1.653,2.801
2007-04-02,4.6,4.65,2.21,2.44,1.74,,1.3374,1.9786,117.69,2.75,,,5.2843,,,,
2007-04-03,4.63,4.67,2.25,2.42,1.73,,1.3363,1.9781,118.83,2.75,,,5.2673,,,,
2007-04-04,4.61,4.66,2.23,2.43,1.74,862319.0,1.3364,1.9756,118.72,2.75,,,5.2546,,,,
2007-04-05,4.63,4.68,2.22,2.46,1.74,,1.3426,1.9708,118.66,2.75,,,5.3416,,,,
2007-04-06,4.75,4.76,2.27,2.49,1.71,,1.338,1.9655,119.33,2.75,,,,,,,
2007-04-07,,,,,,,,,,2.75,,,,,,,
2007-04-08,,,,,,,,,,2.75,,,,,,,
2007-04-09,4.73,4.75,2.27,2.48,1.72,,1.3367,1.9608,119.28,2.75,,,,,,,
2007-04-10,4.71,4.73,2.27,2.46,1.72,,1.3436,1.9718,119.07,2.75,,,5.3122,,,,
2007-04-11,4.73,4.74,2.28,2.46,1.71,865441.0,1.3436,1.9786,119.36,2.75,,,5.3182,,,,
2007-04-12,4.73,4.74,2.28,2.46,1.71,,1.3484,1.9769,118.99,2.75,,,5.317,,,,
2007-04-13,4.76,4.76,2.31,2.45,1.7,,1.3518,1.9829,119.27,2.75,,,5.3111,,,,
2007-04-14,,,,,,,,,,2.75,,,,,,,
2007-04-15,,,,,,,,,,2.75,,,,,,,
2007-04-16,4.74,4.74,2.3,2.44,1.68,,1.355,1.9907,119.84,2.75,,,5.3058,,,,
2007-04-17,4.68,4.69,2.29,2.4,1.68,,1.3569,2.0061,118.96,2.75,,,5.3027,,,,
2007-04-18,4.64,4.66,2.26,2.4,1.67,861335.0,1.3574,2.0041,118.27,2.75,,,5.2833,,,,
2007-04-19,4.64,4.68,2.27,2.41,1.67,,1.3605,2.0029,118.36,2.75,,,5.2731,,,,
2007-04-20,4.64,4.68,2.27,2.41,1.68,,1.3601,2.0047,118.81,2.75,,,5.2775,,,,
2007-04-21,,,,,,,,,,2.75,,,,,,,
2007-04-22,,,,,,,,,,2.75,,,,,,,
2007-04-23,4.62,4.66,2.25,2.41,1.68,,1.358,2.0017,118.47,2.75,,,5.276,,,,
2007-04-24,4.58,4.63,2.21,2.42,1.68,,1.3622,2.0028,118.52,2.75,,,5.2689,,,,
2007-04-25,4.63,4.66,2.22,2.44,1.68,879686.0,1.3647,2.0042,118.62,2.75,,,5.2786,,,,
2007-04-26,4.67,4.69,2.26,2.43,1.69,,1.359,1.9903,119.5,2.75,,,5.2891,,,,
2007-04-27,4.67,4.71,2.25,2.46,1.68,,1.3625,1.9985,119.59,2.75,,,5.2843,,,,
2007-04-28,,,,,,,,,,2.75,,,,,,,
2007-04-29,,,,,,,,,,2.75,,,,,,,
2007-04-30,4.6,4.63,2.2,2.43,1.68,,1.366,2.0,119.44,2.75,,,5.2935,,,,
2007-05-01,4.63,4.64,2.19,2.45,1.67,,1.36,1.9993,119.77,2.75,,4.37309595652174,5.2943,5.1458,0.521,1.733,3.032
2007-05-02,4.65,4.65,2.22,2.43,1.66,890857.0,1.3598,1.991,120.05,2.75,,,5.2801,,,,
2007-05-03,4.71,4.68,2.25,2.43,1.64,,1.3566,1.9878,120.33,2.75,,,5.2761,,,,
2007-05-04,4.68,4.65,2.24,2.41,1.64,,1.3587,1.9931,120.16,2.75,,,5.2635,,,,
2007-05-05,,,,,,,,,,2.75,,,,,,,
2007-05-06,,,,,,,,,,2.75,,,,,,,
2007-05-07,4.68,4.64,2.27,2.37,1.64,,1.3616,1.9944,119.96,2.75,,,,,,,
2007-05-08,4.68,4.63,2.27,2.36,1.66,,1.3532,1.9902,119.89,2.75,,,5.2675,,,,
2007-05-09,4.73,4.67,2.29,2.38,1.65,875270.0,1.3549,1.9963,119.8,2.75,,,5.2561,,,,
2007-05-10,4.7,4.65,2.27,2.38,1.66,,1.3512,1.9833,120.37,2.75,,,5.5762,,,,
2007-05-11,4.71,4.67,2.3,2.37,1.66,,1.3519,1.9824,120.19,2.75,,,5.5651,,,,
2007-05-12,,,,,,,,,,2.75,,,,,,,
2007-05-13,,,,,,,,,,2.75,,,,,,,
2007-05-14,4.73,4.69,2.32,2.37,1.65,,1.3544,1.9803,120.37,2.75,,,5.5589,,,,
2007-05-15,4.75,4.71,2.37,2.34,1.65,,1.3603,1.9862,120.22,2.75,,,5.5556,,,,
2007-05-16,4.73,4.71,2.38,2.33,1.64,859559.0,1.3522,1.9774,120.74,2.75,,,5.5445,,,,
2007-05-17,4.78,4.76,2.41,2.35,1.64,,1.3494,1.9748,121.3,2.75,,,5.5539,,,,
2007-05-18,4.82,4.81,2.46,2.35,1.63,,1.3511,1.9755,121.09,2.75,,,5.5404,,,,
2007-05-19,,,,,,,,,,2.75,,,,,,,
2007-05-20,,,,,,,,,,2.75,,,,,,,
2007-05-21,4.81,4.79,2.43,2.36,1.63,,1.3457,1.9695,121.57,2.75,,,5.5402,,,,
2007-05-22,4.83,4.83,2.48,2.35,1.63,,1.3464,1.9768,121.47,2.75,,,5.5464,,,,
2007-05-23,4.85,4.86,2.5,2.36,1.63,873935.0,1.3482,1.9879,121.52,2.75,,,5.5773,,,,
2007-05-24,4.85,4.86,2.48,2.38,1.63,,1.3429,1.9852,121.46,2.75,,,5.5728,,,,
2007-05-25,4.85,4.86,2.49,2.37,1.62,,1.3452,1.9845,121.72,2.75,,,5.5764,,,,
2007-05-26,,,,,,,,,,2.75,,,,,,,
2007-05-27,,,,,,,,,,2.75,,,,,,,
2007-05-28,,,,,,,,,,2.75,,,,,,,
2007-05-29,4.88,4.88,2.54,2.34,1.62,,1.3483,1.9814,121.79,2.75,,,5.5718,,,,
2007-05-30,4.89,4.88,2.52,2.36,1.61,876986.0,1.3419,1.9747,121.48,2.75,,,5.5669,,,,
2007-05-31,4.92,4.9,2.54,2.36,1.6,,1.3453,1.9797,121.76,2.75,,,5.5491,,,,
2007-06-01,4.97,4.95,2.57,2.38,1.6,,1.344,1.9804,122.1,2.75,,4.66075533333333,5.5424,5.4321,0.51,1.903,3.194
2007-06-02,,,,,,,,,,2.75,,,,,,,
2007-06-03,,,,,,,,,,2.75,,,,,,,
2007-06-04,4.97,4.93,2.55,2.38,1.58,,1.3488,1.9922,121.72,2.75,,,5.5266,,,,
2007-06-05,4.99,4.98,2.6,2.38,1.57,,1.3526,1.9941,121.49,2.75,,,5.5066,,,,
2007-06-06,4.97,4.97,2.58,2.39,1.6,872706.0,1.3492,1.9915,121.08,2.75,,,5.5494,,,,
2007-06-07,5.03,5.11,2.7,2.41,1.6,,1.3456,1.9798,121.34,2.75,,,5.5847,,,,
2007-06-08,5.01,5.12,2.69,2.43,1.62,,1.3359,1.9657,121.62,2.75,,,5.5742,,,,
2007-06-09,,,,,,,,,,2.75,,,,,,,
2007-06-10,,,,,,,,,,2.75,,,,,,,
2007-06-11,5.01,5.14,2.72,2.42,1.61,,1.3359,1.9686,121.78,2.75,,,5.5741,,,,
2007-06-12,5.08,5.26,2.83,2.43,1.6,,1.3325,1.975,121.76,2.75,,,5.5685,,,,
2007-06-13,5.08,5.2,2.75,2.45,1.58,864989.0,1.3295,1.9728,122.37,3.0,,,5.561,,,,
2007-06-14,5.1,5.23,2.77,2.46,1.57,,1.3311,1.9696,122.97,3.0,,,5.5568,,,,
2007-06-15,5.05,5.16,2.73,2.43,1.6,,1.3365,1.9765,123.55,3.0,,,5.5567,,,,
2007-06-16,,,,,,,,,,3.0,,,,,,,
2007-06-17,,,,,,,,,,3.0,,,,,,,
2007-06-18,5.01,5.15,2.73,2.42,1.6,,1.3401,1.9822,123.67,3.0,,,5.5581,,,,
2007-06-19,4.94,5.09,2.67,2.42,1.6,,1.3416,1.9884,123.39,3.0,,,5.5535,,,,
2007-06-20,4.97,5.14,2.73,2.41,1.57,866089.0,1.3426,1.9937,123.6,3.0,,,5.5438,,,,
2007-06-21,4.98,5.16,2.74,2.42,1.6,,1.3399,1.9924,123.68,3.0,,,5.5443,,,,
2007-06-22,4.92,5.14,2.7,2.44,1.6,,1.3438,1.9975,124.09,3.0,,,5.5432,,,,
2007-06-23,,,,,,,,,,3.0,,,,,,,
2007-06-24,,,,,,,,,,3.0,,,,,,,
2007-06-25,4.87,5.09,2.67,2.42,1.59,,1.345,1.9962,123.84,3.0,,,5.5442,,,,
2007-06-26,4.9,5.1,2.7,2.4,1.61,,1.3468,1.9997,123.49,3.0,,,5.5241,,,,
2007-06-27,4.91,5.09,2.7,2.39,1.59,865105.0,1.3433,1.9965,122.52,3.0,,,5.5068,,,,
2007-06-28,4.96,5.12,2.73,2.39,1.6,,1.3466,2.0022,123.01,3.0,,,5.9199,,,,
2007-06-29,4.87,5.03,2.65,2.38,1.59,,1.352,2.0063,123.39,3.0,,,6.4568,,,,
2007-06-30,,,,,,,,,,3.0,,,,,,,
2007-07-01,,,,,,,,,,3.0,,4.62842486363636,,5.4084,0.499,1.809,3.108
2007-07-02,4.86,5.0,2.61,2.39,1.6,,1.3627,2.0161,122.32,3.0,,,6.4707,,,,
2007-07-03,4.89,5.05,2.68,2.37,1.6,,1.3615,2.0168,122.4,3.0,,,6.4128,,,,
2007-07-04,,,,,,876611.0,,,,3.0,,,5.614,,,,
2007-07-05,4.99,5.16,2.76,2.4,1.58,,1.3592,2.0114,122.82,3.0,,,5.8154,,,,
2007-07-06,4.99,5.19,2.79,2.4,1.59,,1.3626,2.0119,123.27,3.0,,,5.8202,,,,
2007-07-07,,,,,,,,,,3.0,,,,,,,
2007-07-08,,,,,,,,,,3.0,,,,,,,
2007-07-09,4.97,5.16,2.75,2.41,1.58,,1.3623,2.0166,123.34,3.0,,,5.812,,,,
2007-07-10,4.85,5.03,2.64,2.39,1.6,,1.3714,2.0248,122.19,3.0,,,5.8034,,,,
2007-07-11,4.89,5.09,2.71,2.38,1.59,869407.0,1.3757,2.032,122.13,3.0,,,5.8057,,,,
2007-07-12,4.94,5.13,2.74,2.39,1.59,,1.3776,2.0288,122.5,3.0,,,5.8037,,,,
2007-07-13,4.94,5.11,2.73,2.38,1.59,,1.3788,2.0344,121.99,3.0,,,5.8012,,,,
2007-07-14,,,,,,,,,,3.0,,,,,,,
2007-07-15,,,,,,,,,,3.0,,,,,,,
2007-07-16,4.89,5.05,2.69,2.36,1.58,,1.3785,2.0374,121.9,3.0,,,5.8025,,,,
2007-07-17,4.91,5.08,2.73,2.35,1.59,,1.3782,2.0455,122.36,3.0,,,5.7971,,,,
2007-07-18,4.84,5.02,2.64,2.38,1.58,872916.0,1.3808,2.0534,121.83,3.0,,,5.7968,,,,
2007-07-19,4.87,5.04,2.65,2.39,1.59,,1.3811,2.049,122.06,3.0,,,5.7925,,,,
2007-07-20,4.79,4.96,2.6,2.36,1.61,,1.3831,2.0566,121.15,3.0,,,5.7784,,,,
2007-07-21,,,,,,,,,,3.0,,,,,,,
2007-07-22,,,,,,,,,,3.0,,,,,,,
2007-07-23,4.8,4.97,2.63,2.34,1.61,,1.3817,2.0585,121.31,3.0,,,5.7781,,,,
2007-07-24,4.77,4.94,2.58,2.36,1.65,,1.3824,2.0626,120.57,3.0,,,5.7756,,,,
2007-07-25,4.74,4.92,2.56,2.36,1.65,863890.0,1.3711,2.0511,120.33,3.0,,,5.7715,,,,
2007-07-26,4.56,4.79,2.47,2.32,1.83,,1.373,2.0488,119.14,3.0,,,5.7731,,,,
2007-07-27,4.56,4.8,2.48,2.32,1.87,,1.3647,2.029,118.56,3.0,,,5.7749,,,,
2007-07-28,,,,,,,,,,3.0,,,,,,,
2007-07-29,,,,,,,,,,3.0,,,,,,,
2007-07-30,4.59,4.82,2.49,2.33,1.88,,1.3681,2.0238,118.41,3.0,,,5.7775,,,,
2007-07-31,4.56,4.78,2.44,2.34,1.85,,1.3711,2.0364,119.13,3.0,,,5.7774,,,,
2007-08-01,4.56,4.76,2.44,2.32,1.86,870261.0,1.3682,2.0309,118.71,3.0,,4.4263127826087,5.7601,5.1499,0.485,1.577,3.049
2007-08-02,4.59,4.77,2.46,2.31,1.83,,1.3693,2.0346,119.35,3.0,,,5.7914,,,,
2007-08-03,4.46,4.71,2.44,2.27,1.86,,1.3785,2.0426,118.43,3.0,,,5.8006,,,,
2007-08-04,,,,,,,,,,3.0,,,,,,,
2007-08-05,,,,,,,,,,3.0,,,,,,,
2007-08-06,4.46,4.72,2.46,2.26,1.89,,1.3789,2.0293,118.04,3.0,,,5.8112,,,,
2007-08-07,4.56,4.77,2.51,2.26,1.83,,1.3747,2.0202,118.48,3.0,,,5.8071,,,,
2007-08-08,4.64,4.84,2.58,2.26,1.87,865453.0,1.3808,2.0368,119.76,3.0,,,5.8038,,,,
2007-08-09,4.49,4.79,2.54,2.25,1.91,,1.3701,2.0271,118.69,3.0,,,6.0186,,,,
2007-08-10,4.47,4.81,2.56,2.25,1.88,,1.3686,2.0219,118.0,3.0,,,6.49,,,,
2007-08-11,,,,,,,,,,3.0,,,,,,,
2007-08-12,,,,,,,,,,3.0,,,,,,,
2007-08-13,4.46,4.78,2.52,2.26,1.91,,1.3624,2.0123,118.47,3.0,,,6.1851,,,,
2007-08-14,4.39,4.73,2.49,2.24,1.95,,1.3581,2.0,118.21,3.0,,,5.9554,,,,
2007-08-15,4.27,4.69,2.46,2.23,2.03,864931.0,1.3479,1.9923,117.19,3.0,,,5.9009,,,,
2007-08-16,4.08,4.6,2.39,2.21,2.06,,1.3402,1.9829,114.03,3.0,,,5.8771,,,,
2007-08-17,4.18,4.68,2.45,2.23,2.07,,1.3492,1.9828,113.81,3.0,,,5.9935,,,,
2007-08-18,,,,,,,,,,3.0,,,,,,,
2007-08-19,,,,,,,,,,3.0,,,,,,,
2007-08-20,4.11,4.64,2.44,2.2,2.08,,1.3468,1.983,114.49,3.0,,,5.9293,,,,
2007-08-21,4.05,4.6,2.38,2.22,2.09,,1.3483,1.9813,114.42,3.0,,,5.8318,,,,
2007-08-22,4.15,4.63,2.42,2.21,2.07,862775.0,1.3535,1.9916,114.95,3.0,,,5.8129,,,,
2007-08-23,4.2,4.62,2.39,2.23,2.04,,1.356,2.0035,115.81,3.0,,,5.8057,,,,
2007-08-24,4.3,4.63,2.4,2.23,2.01,,1.3645,2.0099,116.12,3.0,,,5.814,,,,
2007-08-25,,,,,,,,,,3.0,,,,,,,
2007-08-26,,,,,,,,,,3.0,,,,,,,
2007-08-27,4.28,4.6,2.38,2.22,2.0,,1.3645,2.0134,116.05,3.0,,,,,,,
2007-08-28,4.13,4.53,2.33,2.2,2.07,,1.3626,2.0065,114.7,3.0,,,5.8068,,,,
2007-08-29,4.14,4.57,2.38,2.19,2.05,872873.0,1.3675,2.0182,115.52,3.0,,,5.8175,,,,
2007-08-30,4.08,4.51,2.32,2.19,2.07,,1.3648,2.016,115.81,3.0,,,5.9432,,,,
2007-08-31,4.15,4.54,2.34,2.2,2.05,,1.3641,2.0165,115.83,3.0,,,6.1242,,,,
2007-09-01,,,,,,,,,,3.0,,4.3694047,,4.9928,0.51,1.698,3.056
2007-09-02,,,,,,,,,,3.0,,,,,,,
2007-09-03,,,,,,,1.3641,2.0165,115.83,3.0,,,6.1141,,,,
2007-09-04,4.13,4.56,2.36,2.2,2.04,,1.3606,2.0109,116.21,3.0,,,5.9913,,,,
2007-09-05,4.03,4.48,2.29,2.19,2.06,871156.0,1.3669,2.0221,115.15,3.0,,,5.8006,,,,
2007-09-06,4.08,4.51,2.32,2.19,2.06,,1.3697,2.0242,115.33,3.0,,,5.8219,,,,
2007-09-07,3.9,4.38,2.19,2.19,2.1,,1.3772,2.0283,113.57,3.0,,,5.8401,,,,
2007-09-08,,,,,,,,,,3.0,,,,,,,
2007-09-09,,,,,,,,,,3.0,,,,,,,
2007-09-10,3.87,4.34,2.14,2.2,2.13,,1.3794,2.0288,113.43,3.0,,,5.8252,,,,
2007-09-11,3.95,4.37,2.16,2.21,2.11,,1.3837,2.0319,113.97,3.0,,,5.8189,,,,
2007-09-12,3.95,4.41,2.18,2.23,2.13,886314.0,1.3904,2.0314,114.24,3.0,,,5.8166,,,,
2007-09-13,4.08,4.49,2.24,2.25,2.12,,1.3885,2.0278,115.37,3.0,,,5.7898,,,,
2007-09-14,4.05,4.47,2.2,2.27,2.12,,1.3848,2.0067,115.31,3.0,,,5.8318,,,,
2007-09-15,,,,,,,,,,3.0,,,,,,,
2007-09-16,,,,,,,,,,3.0,,,,,,,
2007-09-17,4.08,4.48,2.21,2.27,2.1,,1.386,1.992,114.93,3.0,,,6.1414,,,,
2007-09-18,4.0,4.5,2.19,2.31,2.11,,1.3869,1.9973,115.75,3.0,,,5.964,,,,
2007-09-19,4.0,4.53,2.21,2.32,2.11,867732.0,1.395,1.9983,116.21,3.0,,,5.8017,,,,
2007-09-20,4.1,4.69,2.34,2.35,2.04,,1.4092,2.0132,114.18,3.0,,,5.7316,,,,
2007-09-21,4.06,4.64,2.31,2.33,2.03,,1.4076,2.0208,115.6,3.0,,,5.6781,,,,
2007-09-22,,,,,,,,,,3.0,,,,,,,
2007-09-23,,,,,,,,,,3.0,,,,,,,
2007-09-24,4.05,4.63,2.33,2.3,2.02,,1.4086,2.0222,114.92,3.0,,,5.679,,,,
2007-09-25,4.0,4.63,2.34,2.29,2.02,,1.4128,2.0169,114.48,3.0,,,5.6175,,,,
2007-09-26,3.97,4.63,2.34,2.29,2.03,889900.0,1.4126,2.0159,115.66,3.0,,,5.5805,,,,
2007-09-27,3.95,4.58,2.27,2.31,2.01,,1.4138,2.0235,115.76,3.0,,,5.7199,,,,
2007-09-28,3.97,4.59,2.27,2.32,2.0,,1.4219,2.0389,114.97,3.0,,,5.9288,,,,
2007-09-29,,,,,,,,,,3.0,,,,,,,
2007-09-30,,,,,,,,,,3.0,,,,,,,
2007-10-01,4.02,4.56,2.26,2.3,1.99,,1.4229,2.0436,115.91,3.0,,4.40021491304348,5.7482,4.9576,0.506,1.616,2.987
2007-10-02,3.98,4.54,2.23,2.31,2.0,,1.4163,2.0417,115.83,3.0,,,5.7604,,,,
2007-10-03,4.02,4.55,2.25,2.3,1.99,869051.0,1.4135,2.0369,116.74,3.0,,,5.7447,,,,
2007-10-04,4.0,4.54,2.24,2.3,1.97,,1.4128,2.0392,116.59,3.0,,,5.7604,,,,
2007-10-05,4.08,4.65,2.34,2.31,1.94,,1.4154,2.0436,116.83,3.0,,,5.775,,,,
2007-10-06,,,,,,,,,,3.0,,,,,,,
2007-10-07,,,,,,,,,,3.0,,,,,,,
2007-10-08,,,,,,,1.4154,2.0436,116.83,3.0,,,5.7966,,,,
2007-10-09,4.15,4.67,2.34,2.33,1.9,,1.4092,2.0331,116.98,3.0,,,5.805,,,,
2007-10-10,4.15,4.65,2.33,2.32,1.91,886363.0,1.4157,2.0432,117.17,3.0,,,5.8026,,,,
2007-10-11,4.13,4.66,2.32,2.34,1.9,,1.4228,2.0342,117.71,3.0,,,5.7912,,,,
2007-10-12,4.23,4.7,2.36,2.34,1.87,,1.4168,2.034,117.5,3.0,,,5.8096,,,,
2007-10-13,,,,,,,,,,3.0,,,,,,,
2007-10-14,,,,,,,,,,3.0,,,,,,,
2007-10-15,4.22,4.69,2.34,2.35,1.88,,1.4216,2.0419,117.37,3.0,,,5.7969,,,,
2007-10-16,4.12,4.66,2.31,2.35,1.92,,1.4165,2.0327,116.61,3.0,,,5.7852,,,,
2007-10-17,4.0,4.57,2.22,2.35,1.91,869509.0,1.4208,2.0387,116.62,3.0,,,5.7829,,,,
2007-10-18,3.93,4.52,2.2,2.32,1.94,,1.4291,2.0457,115.64,3.0,,,5.7814,,,,
2007-10-19,3.8,4.41,2.09,2.32,1.97,,1.4263,2.0484,115.15,3.0,,,5.7739,,,,
2007-10-20,,,,,,,,,,3.0,,,,,,,
2007-10-21,,,,,,,,,,3.0,,,,,,,
2007-10-22,3.85,4.42,2.11,2.31,1.96,,1.4138,2.0279,114.07,3.0,,,5.7676,,,,
2007-10-23,3.81,4.41,2.11,2.3,1.98,,1.4248,2.0495,114.65,3.0,,,5.7641,,,,
2007-10-24,3.74,4.36,2.07,2.29,1.98,881395.0,1.4237,2.0491,113.94,3.0,,,5.7507,,,,
2007-10-25,3.74,4.37,2.04,2.33,1.99,,1.4299,2.0485,114.09,3.0,,,5.7442,,,,
2007-10-26,3.77,4.41,2.05,2.36,1.98,,1.439,2.0514,114.01,3.0,,,5.7514,,,,
2007-10-27,,,,,,,,,,3.0,,,,,,,
2007-10-28,,,,,,,,,,3.0,,,,,,,
2007-10-29,3.79,4.39,2.04,2.35,1.98,,1.4405,2.0609,114.69,3.0,,,5.7579,,,,
2007-10-30,3.82,4.4,2.06,2.34,1.99,,1.4424,2.0671,114.72,3.0,,,5.7684,,,,
2007-10-31,3.94,4.48,2.14,2.34,1.99,883385.0,1.4468,2.0777,115.27,3.0,,,5.8079,,,,
2007-11-01,3.77,4.36,2.0,2.36,2.01,,1.4435,2.0818,114.87,3.0,,4.25154036363636,5.756,4.7263,0.5,1.497,2.906
2007-11-02,3.66,4.31,1.92,2.39,2.04,,1.4481,2.082,114.74,3.0,,,5.7542,,,,
2007-11-03,,,,,,,,,,3.0,,,,,,,
2007-11-04,,,,,,,,,,3.0,,,,,,,
2007-11-05,3.69,4.35,1.94,2.41,2.02,,1.4469,2.0799,114.54,3.0,,,5.7626,,,,
2007-11-06,3.7,4.38,1.93,2.45,2.03,,1.4555,2.0859,114.51,3.0,,,5.7607,,,,
2007-11-07,3.61,4.34,1.91,2.43,2.1,885724.0,1.4667,2.1045,113.29,3.0,,,5.7592,,,,
2007-11-08,3.47,4.28,1.88,2.4,2.16,,1.4691,2.1104,112.66,3.0,,,5.7634,,,,
2007-11-09,3.42,4.23,1.82,2.41,2.18,,1.4665,2.0911,110.9,3.0,,,5.774,,,,
2007-11-10,,,,,,,,,,3.0,,,,,,,
2007-11-11,,,,,,,,,,3.0,,,,,,,
2007-11-12,,,,,,,,,,3.0,,,5.776,,,,
2007-11-13,3.54,4.26,1.86,2.4,2.18,,1.4598,2.0729,110.31,3.0,,,5.7818,,,,
2007-11-14,3.57,4.28,1.88,2.4,2.16,889537.0,1.467,2.0586,111.38,3.0,,,5.7996,,,,
2007-11-15,3.35,4.17,1.81,2.36,2.22,,1.4639,2.0483,110.78,3.0,,,5.8028,,,,
2007-11-16,3.33,4.15,1.8,2.35,2.26,,1.4652,2.048,111.05,3.0,,,5.8274,,,,
2007-11-17,,,,,,,,,,3.0,,,,,,,
2007-11-18,,,,,,,,,,3.0,,,,,,,
2007-11-19,3.18,4.07,1.7,2.37,2.3,,1.4658,2.0478,110.05,3.0,,,5.8576,,,,
2007-11-20,3.14,4.06,1.68,2.38,2.35,,1.4787,2.0652,110.05,3.0,,,5.835,,,,
2007-11-21,2.99,4.0,1.62,2.38,2.41,891028.0,1.4829,2.0585,108.54,3.0,,,5.7799,,,,
2007-11-22,,,,,,,1.4829,2.0585,108.54,3.0,,,5.7802,,,,
2007-11-23,3.07,4.01,1.63,2.38,2.37,,1.4825,2.0564,108.17,3.0,,,5.772,,,,
2007-11-24,,,,,,,,,,3.0,,,,,,,
2007-11-25,,,,,,,,,,3.0,,,,,,,
2007-11-26,2.92,3.83,1.45,2.38,2.4,,1.4862,2.0681,108.17,3.0,,,5.7859,,,,
2007-11-27,3.05,3.95,1.58,2.37,2.41,,1.4817,2.0653,108.64,3.0,,,5.7794,,,,
2007-11-28,3.17,4.03,1.71,2.32,2.4,879417.0,1.475,2.0688,110.38,3.0,,,5.7841,,,,
2007-11-29,3.06,3.94,1.61,2.33,2.46,,1.4766,2.0642,109.94,3.0,,,5.791,,,,
2007-11-30,3.04,3.97,1.63,2.34,2.47,,1.4688,2.0567,111.02,3.0,,,5.8799,,,,
2007-12-01,,,,,,,,,,3.0,,4.38176185714286,,4.6937,0.497,1.526,3.111
2007-12-02,,,,,,,,,,3.0,,,,,,,
2007-12-03,2.9,3.89,1.57,2.32,2.52,,1.4657,2.0658,110.44,3.0,,,5.8118,,,,
2007-12-04,2.9,3.89,1.59,2.3,2.53,,1.4759,2.0577,109.68,3.0,,,5.7949,,,,
2007-12-05,2.9,3.92,1.66,2.26,2.58,882764.0,1.4666,2.0288,110.85,3.0,,,5.7842,,,,
2007-12-06,3.03,4.02,1.77,2.25,2.59,,1.4638,2.0289,111.05,3.0,,,5.6702,,,,
2007-12-07,3.12,4.12,1.86,2.26,2.61,,1.4664,2.0289,111.72,3.0,,,5.6336,,,,
2007-12-08,,,,,,,,,,3.0,,,,,,,
2007-12-09,,,,,,,,,,3.0,,,,,,,
2007-12-10,3.17,4.15,1.89,2.26,2.59,,1.4714,2.0457,111.6,3.0,,,5.6301,,,,
2007-12-11,2.94,3.98,1.73,2.25,2.63,,1.4702,2.0387,111.77,3.0,,,5.6358,,,,
2007-12-12,3.07,4.05,1.78,2.27,2.63,881750.0,1.4702,2.0494,112.36,3.0,,,5.6061,,,,
2007-12-13,3.21,4.18,1.87,2.31,2.58,,1.4591,2.0395,112.26,3.0,,,5.5591,,,,
2007-12-14,3.31,4.24,1.9,2.34,2.55,,1.4433,2.0197,113.35,3.0,,,5.5474,,,,
2007-12-15,,,,,,,,,,3.0,,,,,,,
2007-12-16,,,,,,,,,,3.0,,,,,,,
2007-12-17,3.24,4.2,1.86,2.34,2.55,,1.4369,2.0168,113.2,3.0,,,5.5562,,,,
2007-12-18,3.19,4.14,1.8,2.34,2.52,,1.4392,2.014,113.17,3.0,,,5.5475,,,,
2007-12-19,3.12,4.06,1.73,2.33,2.54,887983.0,1.4344,1.9931,113.44,3.0,,,5.5318,,,,
2007-12-20,3.09,4.04,1.74,2.3,2.51,,1.4353,1.9821,112.97,3.0,,,5.5179,,,,
2007-12-21,3.19,4.18,1.84,2.34,2.5,,1.4361,1.9833,113.95,3.0,,,5.5017,,,,
2007-12-22,,,,,,,,,,3.0,,,,,,,
2007-12-23,,,,,,,,,,3.0,,,,,,,
2007-12-24,3.24,4.23,1.88,2.35,2.49,,1.4409,1.9774,114.45,3.0,,,5.474,,,,
2007-12-25,,,,,,,,,,3.0,,,,,,,
2007-12-26,3.31,4.3,1.95,2.35,2.49,890662.0,1.45,1.9833,114.08,3.0,,,,,,,
2007-12-27,3.24,4.21,1.85,2.36,2.52,,1.4601,1.9907,114.0,3.0,,,5.4049,,,,
2007-12-28,3.12,4.11,1.78,2.33,2.51,,1.4718,1.9929,112.93,3.0,,,5.3446,,,,
2007-12-29,,,,,,,,,,3.0,,,,,,,
2007-12-30,,,,,,,,,,3.0,,,,,,,
2007-12-31,3.05,4.04,1.73,2.31,2.52,,1.4603,1.9843,111.71,3.0,,,5.7799,,,,
2008-01-01,,,,,,,,,,3.0,,4.2317453043478315,,4.4925,0.502,1.429,2.939
2008-01-02,2.88,3.91,1.59,2.32,2.54,922187.0,1.4738,1.9824,109.7,3.0,,,5.535,,,,
2008-01-03,2.83,3.91,1.58,2.33,2.57,,1.4736,1.9733,109.58,3.0,,,5.5262,,,,
2008-01-04,2.74,3.88,1.56,2.32,2.59,,1.4786,1.9757,108.38,3.0,,,5.5423,,,,
2008-01-05,,,,,,,,,,3.0,,,,,,,
2008-01-06,,,,,,,,,,3.0,,,,,,,
2008-01-07,2.76,3.86,1.57,2.29,2.6,,1.4684,1.9703,109.1,3.0,,,5.5345,,,,
2008-01-08,2.76,3.86,1.57,2.29,2.63,,1.4717,1.9731,109.29,3.0,,,5.5103,,,,
2008-01-09,2.69,3.82,1.56,2.26,2.67,880754.0,1.4663,1.9564,109.4,3.0,,,5.4583,,,,
2008-01-10,2.71,3.91,1.68,2.23,2.73,,1.474,1.9565,109.38,3.0,,,5.46,,,,
2008-01-11,2.59,3.82,1.56,2.26,2.77,,1.4787,1.9592,109.11,3.0,,,5.5429,,,,
2008-01-12,,,,,,,,,,3.0,,,,,,,
2008-01-13,,,,,,,,,,3.0,,,,,,,
2008-01-14,2.58,3.81,1.53,2.28,2.76,,1.4877,1.9583,108.18,3.0,,,5.5271,,,,
2008-01-15,2.53,3.72,1.45,2.27,2.78,,1.4842,1.9671,107.07,3.0,,,5.5247,,,,
2008-01-16,2.51,3.74,1.5,2.24,2.77,893581.0,1.4643,1.9638,107.27,3.0,,,5.5112,,,,
2008-01-17,2.44,3.66,1.43,2.23,2.81,,1.469,1.9744,107.01,3.0,,,5.5042,,,,
2008-01-18,2.36,3.66,1.42,2.24,2.87,,1.4616,1.9529,106.82,3.0,,,5.5024,,,,
2008-01-19,,,,,,,,,,3.0,,,,,,,
2008-01-20,,,,,,,,,,3.0,,,,,,,
2008-01-21,,,,,,,,,,3.0,,,5.5055,,,,
2008-01-22,2.08,3.52,1.28,2.24,2.98,,1.4609,1.9577,106.76,3.0,,,5.4817,,,,
2008-01-23,2.09,3.51,1.31,2.2,2.95,877253.0,1.4574,1.9515,105.42,3.0,,,5.48,,,,
2008-01-24,2.25,3.68,1.44,2.24,2.95,,1.4737,1.9733,106.68,3.0,,,5.4688,,,,
2008-01-25,2.23,3.61,1.34,2.27,2.95,,1.4673,1.9802,107.31,3.0,,,5.4815,,,,
2008-01-26,,,,,,,,,,3.0,,,,,,,
2008-01-27,,,,,,,,,,3.0,,,,,,,
2008-01-28,2.2,3.61,1.33,2.28,2.97,,1.4789,1.9857,106.65,3.0,,,5.4992,,,,
2008-01-29,2.29,3.69,1.37,2.32,2.94,,1.4767,1.9857,107.08,3.0,,,5.5048,,,,
2008-01-30,2.3,3.78,1.45,2.33,2.94,900264.0,1.4782,1.988,107.25,3.0,,,5.492,,,,
2008-01-31,2.17,3.67,1.33,2.34,2.96,,1.4841,1.9895,106.74,3.0,,,5.5156,,,,
2008-02-01,2.09,3.62,1.31,2.31,2.98,,1.4851,1.9687,106.3,3.0,,4.139370952380951,5.5164,4.6234,0.504,1.429,3.059
2008-02-02,,,,,,,,,,3.0,,,,,,,
2008-02-03,,,,,,,,,,3.0,,,,,,,
2008-02-04,2.08,3.68,1.38,2.3,2.98,,1.4832,1.9777,106.73,3.0,,,5.5129,,,,
2008-02-05,1.93,3.61,1.34,2.27,3.01,,1.4638,1.9626,106.94,3.0,,,5.5163,,,,
2008-02-06,1.96,3.61,1.36,2.25,3.05,871022.0,1.4647,1.9604,106.75,3.0,,,5.5377,,,,
2008-02-07,1.99,3.74,1.47,2.27,3.06,,1.4495,1.942,106.82,3.0,,,5.3056,,,,
2008-02-08,1.93,3.64,1.36,2.28,3.09,,1.4505,1.9473,107.34,3.0,,,5.2843,,,,
2008-02-09,,,,,,,,,,3.0,,,,,,,
2008-02-10,,,,,,,,,,3.0,,,,,,,
2008-02-11,1.93,3.62,1.32,2.3,3.09,,1.4506,1.9486,106.64,3.0,,,5.284,,,,
2008-02-12,1.94,3.66,1.36,2.3,3.11,,1.4592,1.9622,107.42,3.0,,,5.2807,,,,
2008-02-13,1.91,3.7,1.42,2.28,3.11,883005.0,1.4569,1.9618,108.15,3.0,,,5.2726,,,,
2008-02-14,1.93,3.85,1.57,2.28,3.1,,1.4635,1.9708,107.97,3.0,,,5.2797,,,,
2008-02-15,1.91,3.76,1.48,2.28,3.14,,1.4674,1.9613,107.67,3.0,,,5.2843,,,,
2008-02-16,,,,,,,,,,3.0,,,,,,,
2008-02-17,,,,,,,,,,3.0,,,,,,,
2008-02-18,,,,,,,,,,3.0,,,5.2928,,,,
2008-02-19,2.06,3.89,1.56,2.33,3.07,,1.4742,1.9511,107.5,3.0,,,5.2965,,,,
2008-02-20,2.14,3.93,1.55,2.38,3.03,878949.0,1.4663,1.9405,107.97,3.0,,,5.2918,,,,
2008-02-21,1.98,3.77,1.43,2.34,3.1,,1.4813,1.9614,107.6,3.0,,,5.2895,,,,
2008-02-22,1.98,3.79,1.44,2.35,3.12,,1.4825,1.9668,106.98,3.0,,,5.287,,,,
2008-02-23,,,,,,,,,,3.0,,,,,,,
2008-02-24,,,,,,,,,,3.0,,,,,,,
2008-02-25,2.13,3.91,1.53,2.38,3.08,,1.4822,1.9668,107.88,3.0,,,5.2925,,,,
2008-02-26,2.04,3.88,1.44,2.44,3.1,,1.4889,1.9747,107.73,3.0,,,5.2899,,,,
2008-02-27,2.01,3.85,1.42,2.43,3.11,893825.0,1.5132,1.9923,106.38,3.0,,,5.2838,,,,
2008-02-28,1.87,3.71,1.26,2.45,3.17,,1.5172,1.9879,105.64,3.0,,,5.2811,,,,
2008-02-29,1.65,3.53,1.1,2.43,3.22,,1.5187,1.9864,104.19,3.0,,,5.2976,,,,
2008-03-01,,,,,,,,,,3.0,,4.07051223809524,,4.445,0.511,1.245,3.033
2008-03-02,,,,,,,,,,3.0,,,,,,,
2008-03-03,1.61,3.54,1.08,2.46,3.22,,1.5195,1.985,103.57,3.0,,,5.3038,,,,
2008-03-04,1.65,3.63,1.15,2.48,3.19,,1.521,1.9854,102.67,3.0,,,5.3053,,,,
2008-03-05,1.66,3.7,1.16,2.54,3.26,881208.0,1.5282,1.9939,103.99,3.0,,,5.2724,,,,
2008-03-06,1.53,3.62,1.07,2.55,3.35,,1.5356,2.0073,103.1,3.0,,,5.2573,,,,
2008-03-07,1.53,3.56,1.01,2.55,3.39,,1.5333,2.0128,102.69,3.0,,,5.2745,,,,
2008-03-08,,,,,,,,,,3.0,,,,,,,
2008-03-09,,,,,,,,,,3.0,,,,,,,
2008-03-10,1.47,3.46,0.9,2.56,3.43,,1.5369,2.0166,101.8,3.0,,,5.2829,,,,
2008-03-11,1.74,3.6,1.05,2.55,3.39,,1.5329,2.0041,102.87,3.0,,,5.2743,,,,
2008-03-12,1.63,3.49,0.95,2.54,3.39,896565.0,1.5495,2.0211,102.38,3.0,,,5.2767,,,,
2008-03-13,1.63,3.56,1.05,2.51,3.39,,1.5584,2.0311,100.58,3.0,,,5.263,,,,
2008-03-14,1.47,3.44,1.01,2.43,3.42,,1.5604,2.0294,100.2,3.0,,,5.2784,,,,
2008-03-15,,,,,,,,,,3.0,,,,,,,
2008-03-16,,,,,,,,,,3.0,,,,,,,
2008-03-17,1.35,3.34,1.05,2.29,3.5,,1.5765,2.0008,96.88,3.0,,,5.4005,,,,
2008-03-18,1.58,3.48,1.08,2.4,3.39,,1.5784,2.0216,98.23,3.0,,,5.379,,,,
2008-03-19,1.54,3.38,1.04,2.34,3.44,888646.0,1.5642,1.9858,99.34,3.0,,,5.2982,,,,
2008-03-20,1.59,3.34,1.02,2.32,3.42,,1.5417,1.9823,98.79,3.0,,,5.2841,,,,
2008-03-21,,,,,,,1.5447,1.9826,99.4,3.0,,,,,,,
2008-03-22,,,,,,,,,,3.0,,,,,,,
2008-03-23,,,,,,,,,,3.0,,,,,,,
2008-03-24,1.84,3.56,1.24,2.32,3.34,,1.5394,1.9852,100.77,3.0,,,,,,,
2008-03-25,1.79,3.51,1.25,2.26,3.39,,1.5595,1.9997,100.07,3.0,,,5.3783,,,,
2008-03-26,1.71,3.51,1.24,2.27,3.41,893965.0,1.5761,2.0019,99.12,3.0,,,5.3579,,,,
2008-03-27,1.73,3.56,1.23,2.33,3.41,,1.5798,2.0097,99.87,3.0,,,5.2802,,,,
2008-03-28,1.67,3.47,1.13,2.34,3.47,,1.5759,1.989,99.71,3.0,,,5.2552,,,,
2008-03-29,,,,,,,,,,3.0,,,,,,,
2008-03-30,,,,,,,,,,3.0,,,,,,,
2008-03-31,1.62,3.45,1.11,2.34,3.45,,1.5805,1.9855,99.85,3.0,,,5.4267,,,,
2008-04-01,1.8,3.57,1.22,2.35,3.43,,1.5615,1.9774,101.77,3.0,,4.2827465,5.3105,4.6432,0.506,1.6,3.242
2008-04-02,1.88,3.6,1.26,2.34,3.4,883708.0,1.5618,1.9827,102.77,3.0,,,5.2766,,,,
2008-04-03,1.91,3.61,1.28,2.33,3.38,,1.5667,1.9961,102.21,3.0,,,5.2278,,,,
2008-04-04,1.83,3.5,1.18,2.32,3.4,,1.5735,1.9947,101.75,3.0,,,5.1625,,,,
2008-04-05,,,,,,,,,,3.0,,,,,,,
2008-04-06,,,,,,,,,,3.0,,,,,,,
2008-04-07,1.95,3.57,1.23,2.34,3.37,,1.5713,1.9855,102.62,3.0,,,5.1643,,,,
2008-04-08,1.87,3.58,1.26,2.32,3.37,,1.5705,1.969,102.55,3.0,,,5.1347,,,,
2008-04-09,1.77,3.49,1.19,2.3,3.38,893029.0,1.5804,1.9726,101.83,3.0,,,5.1692,,,,
2008-04-10,1.84,3.55,1.26,2.29,3.35,,1.5744,1.9742,101.71,3.0,,,5.0817,,,,
2008-04-11,1.76,3.49,1.19,2.3,3.38,,1.5796,1.9707,101.09,3.0,,,5.022,,,,
2008-04-12,,,,,,,,,,3.0,,,,,,,
2008-04-13,,,,,,,,,,3.0,,,,,,,
2008-04-14,1.78,3.53,1.23,2.3,3.39,,1.5827,1.9816,100.87,3.0,,,5.0246,,,,
2008-04-15,1.84,3.6,1.28,2.32,3.39,,1.5801,1.9627,101.33,3.0,,,5.036,,,,
2008-04-16,1.98,3.72,1.41,2.31,3.39,881904.0,1.5978,1.9756,101.4,3.0,,,5.0162,,,,
2008-04-17,2.13,3.75,1.44,2.31,3.34,,1.5924,1.9908,102.22,3.0,,,5.0088,,,,
2008-04-18,2.19,3.77,1.45,2.32,3.26,,1.5742,1.9965,104.56,3.0,,,5.0232,,,,
2008-04-19,,,,,,,,,,3.0,,,,,,,
2008-04-20,,,,,,,,,,3.0,,,,,,,
2008-04-21,2.2,3.75,1.44,2.31,3.22,,1.5881,1.9813,103.38,3.0,,,5.0127,,,,
2008-04-22,2.24,3.74,1.43,2.31,3.21,,1.601,1.9994,102.7,3.0,,,5.0033,,,,
2008-04-23,2.22,3.77,1.44,2.33,3.18,885781.0,1.5898,1.9786,103.55,3.0,,,4.9782,,,,
2008-04-24,2.41,3.87,1.56,2.31,3.13,,1.5668,1.9716,104.2,3.0,,,4.9883,,,,
2008-04-25,2.44,3.91,1.6,2.31,3.14,,1.5634,1.9833,104.17,3.0,,,5.0096,,,,
2008-04-26,,,,,,,,,,3.0,,,,,,,
2008-04-27,,,,,,,,,,3.0,,,,,,,
2008-04-28,2.36,3.86,1.56,2.3,3.11,,1.5648,1.9908,104.3,3.0,,,5.0288,,,,
2008-04-29,2.35,3.85,1.56,2.29,3.11,,1.5604,1.9747,103.4,3.0,,,5.0337,,,,
2008-04-30,2.29,3.77,1.5,2.27,3.1,888131.0,1.5568,1.9847,104.53,3.0,,,5.0476,,,,
2008-05-01,2.37,3.78,1.52,2.26,3.04,,1.5458,1.9749,104.04,3.0,,4.42327081818182,5.0548,4.8683,0.505,1.778,3.284
2008-05-02,2.47,3.89,1.53,2.36,2.97,,1.5431,1.9756,105.33,3.0,,,5.0444,,,,
2008-05-03,,,,,,,,,,3.0,,,,,,,
2008-05-04,,,,,,,,,,3.0,,,,,,,
2008-05-05,2.42,3.88,1.53,2.35,3.01,,1.5491,1.9679,105.12,3.0,,,,,,,
2008-05-06,2.38,3.93,1.55,2.38,3.01,,1.5548,1.9747,104.54,3.0,,,5.0292,,,,
2008-05-07,2.31,3.87,1.51,2.36,3.05,889228.0,1.537,1.9522,105.28,3.0,,,5.0198,,,,
2008-05-08,2.25,3.79,1.43,2.36,3.08,,1.5409,1.9543,103.87,3.0,,,5.0179,,,,
2008-05-09,2.25,3.77,1.39,2.38,3.07,,1.5447,1.9486,103.01,3.0,,,5.0282,,,,
2008-05-10,,,,,,,,,,3.0,,,,,,,
2008-05-11,,,,,,,,,,3.0,,,,,,,
2008-05-12,2.3,3.78,1.41,2.37,3.06,,1.5536,1.9616,103.83,3.0,,,5.0291,,,,
2008-05-13,2.47,3.9,1.51,2.39,3.04,,1.5509,1.947,104.41,3.0,,,5.0388,,,,
2008-05-14,2.53,3.92,1.49,2.43,3.06,880175.0,1.5467,1.9451,105.2,3.0,,,5.0165,,,,
2008-05-15,2.45,3.83,1.4,2.43,3.08,,1.5492,1.9488,104.61,3.0,,,5.0172,,,,
2008-05-16,2.47,3.85,1.41,2.44,3.06,,1.5591,1.958,103.86,3.0,,,5.0225,,,,
2008-05-17,,,,,,,,,,3.0,,,,,,,
2008-05-18,,,,,,,,,,3.0,,,,,,,
2008-05-19,2.42,3.83,1.36,2.47,3.07,,1.5516,1.9472,104.55,3.0,,,5.0265,,,,
2008-05-20,2.34,3.78,1.31,2.47,3.08,,1.5667,1.9705,103.66,3.0,,,5.0244,,,,
2008-05-21,2.41,3.81,1.3,2.51,3.08,898487.0,1.5772,1.9669,103.34,3.0,,,5.0316,,,,
2008-05-22,2.56,3.92,1.41,2.51,3.06,,1.5703,1.9785,104.03,3.0,,,5.0346,,,,
2008-05-23,2.46,3.85,1.36,2.49,3.06,,1.5784,1.9818,103.22,3.0,,,5.0319,,,,
2008-05-24,,,,,,,,,,3.0,,,,,,,
2008-05-25,,,,,,,,,,3.0,,,,,,,
2008-05-26,,,,,,,,,,3.0,,,,,,,
2008-05-27,2.55,3.93,1.46,2.47,3.08,,1.5731,1.9751,103.98,3.0,,,5.0351,,,,
2008-05-28,2.62,4.03,1.58,2.45,3.03,904054.0,1.5628,1.9806,104.69,3.0,,,5.0305,,,,
2008-05-29,2.67,4.08,1.62,2.46,3.04,,1.5527,1.9759,105.52,3.0,,,5.0286,,,,
2008-05-30,2.66,4.06,1.58,2.48,3.0,,1.556,1.9793,105.46,3.0,,,5.0654,,,,
2008-05-31,,,,,,,,,,3.0,,,,,,,
2008-06-01,,,,,,,,,,3.0,,4.80925171428571,,5.2103,0.509,1.601,3.29
2008-06-02,2.51,3.98,1.51,2.47,3.05,,1.555,1.9666,104.41,3.0,,,5.0277,,,,
2008-06-03,2.45,3.92,1.51,2.41,3.03,,1.5454,1.965,105.29,3.0,,,5.0172,,,,
2008-06-04,2.47,3.98,1.59,2.39,3.04,895939.0,1.5453,1.9548,104.99,3.0,,,4.9972,,,,
2008-06-05,2.52,4.06,1.63,2.43,3.01,,1.556,1.9563,106.0,3.0,,,5.0057,,,,
2008-06-06,2.4,3.94,1.47,2.47,3.04,,1.5731,1.9695,105.33,3.0,,,5.0232,,,,
2008-06-07,,,,,,,,,,3.0,,,,,,,
2008-06-08,,,,,,,,,,3.0,,,,,,,
2008-06-09,2.73,4.02,1.54,2.48,2.94,,1.5718,1.9758,106.06,3.0,,,5.0498,,,,
2008-06-10,2.91,4.11,1.62,2.49,2.94,,1.5473,1.9543,107.19,3.0,,,5.0429,,,,
2008-06-11,2.83,4.1,1.62,2.48,2.97,890610.0,1.5562,1.9646,106.77,3.0,,,5.0329,,,,
2008-06-12,3.03,4.23,1.73,2.5,2.9,,1.5418,1.9467,107.94,3.0,,,5.0301,,,,
2008-06-13,3.05,4.27,1.77,2.5,2.9,,1.5368,1.9496,107.92,3.0,,,5.0403,,,,
2008-06-14,,,,,,,,,,3.0,,,,,,,
2008-06-15,,,,,,,,,,3.0,,,,,,,
2008-06-16,3.02,4.25,1.76,2.49,2.92,,1.5472,1.9637,108.19,3.0,,,5.0291,,,,
2008-06-17,2.94,4.23,1.75,2.48,2.94,,1.5519,1.9544,108.03,3.0,,,5.0317,,,,
2008-06-18,2.89,4.16,1.68,2.48,2.95,902304.0,1.5502,1.957,108.05,3.0,,,5.035,,,,
2008-06-19,2.99,4.22,1.75,2.47,2.92,,1.5502,1.9729,107.95,3.0,,,5.0286,,,,
2008-06-20,2.88,4.16,1.72,2.44,2.95,,1.5626,1.9737,107.42,3.0,,,5.0237,,,,
2008-06-21,,,,,,,,,,3.0,,,,,,,
2008-06-22,,,,,,,,,,3.0,,,,,,,
2008-06-23,2.98,4.19,1.75,2.44,2.93,,1.5492,1.9609,107.89,3.0,,,5.0143,,,,
2008-06-24,2.87,4.1,1.64,2.46,2.98,,1.5591,1.9707,107.76,3.0,,,5.0064,,,,
2008-06-25,2.82,4.12,1.65,2.47,2.96,892713.0,1.557,1.9672,108.29,3.0,,,4.9829,,,,
2008-06-26,2.68,4.07,1.55,2.52,3.0,,1.5738,1.9873,107.29,3.0,,,4.9848,,,,
2008-06-27,2.65,3.99,1.48,2.51,3.04,,1.5749,1.9938,106.28,3.0,,,4.9931,,,,
2008-06-28,,,,,,,,,,3.0,,,,,,,
2008-06-29,,,,,,,,,,3.0,,,,,,,
2008-06-30,2.63,3.99,1.48,2.51,3.05,,1.5748,1.9906,106.17,3.0,,,5.288,,,,
2008-07-01,2.63,4.01,1.49,2.52,3.06,,1.5778,1.993,105.73,3.0,,4.8145092173913,5.0504,5.0494,0.503,1.537,3.166
2008-07-02,2.6,3.99,1.43,2.56,3.05,902962.0,1.5869,1.9925,105.87,3.0,,,5.011,,,,
2008-07-03,2.54,3.99,1.42,2.57,3.08,,1.5708,1.9825,106.79,3.0,,,4.993,,,,
2008-07-04,,,,,,,,,,3.0,,,4.9996,,,,
2008-07-05,,,,,,,,,,3.0,,,,,,,
2008-07-06,,,,,,,,,,3.0,,,,,,,
2008-07-07,2.47,3.95,1.43,2.52,3.1,,1.5646,1.9697,107.55,3.0,,,4.9984,,,,
2008-07-08,2.47,3.91,1.45,2.46,3.11,,1.5653,1.9685,107.35,3.0,,,5.0175,,,,
2008-07-09,2.41,3.85,1.39,2.46,3.14,898034.0,1.5744,1.9812,107.12,3.25,,,5.0057,,,,
2008-07-10,2.44,3.83,1.4,2.43,3.17,,1.5771,1.9777,107.03,3.25,,,5.0082,,,,
2008-07-11,2.59,3.96,1.48,2.48,3.15,,1.5898,1.9895,106.14,3.25,,,5.0185,,,,
2008-07-12,,,,,,,,,,3.25,,,,,,,
2008-07-13,,,,,,,,,,3.25,,,,,,,
2008-07-14,2.47,3.9,1.43,2.47,3.16,,1.5914,1.9925,106.18,3.25,,,5.017,,,,
2008-07-15,2.39,3.87,1.4,2.47,3.22,,1.5923,2.0036,104.78,3.25,,,5.023,,,,
2008-07-16,2.44,3.97,1.48,2.49,3.24,910681.0,1.5847,1.9995,104.64,3.25,,,5.018,,,,
2008-07-17,2.58,4.07,1.6,2.47,3.2,,1.5861,2.0038,105.82,3.25,,,5.0155,,,,
2008-07-18,2.66,4.11,1.65,2.46,3.17,,1.5855,1.9985,106.75,3.25,,,5.0039,,,,
2008-07-19,,,,,,,,,,3.25,,,,,,,
2008-07-20,,,,,,,,,,3.25,,,,,,,
2008-07-21,2.66,4.09,1.66,2.43,3.18,,1.5877,1.9979,106.74,3.25,,,5.0067,,,,
2008-07-22,2.74,4.14,1.71,2.43,3.13,,1.5811,1.9941,107.11,3.25,,,5.0041,,,,
2008-07-23,2.81,4.16,1.8,2.36,3.14,899665.0,1.5708,2.0021,107.68,3.25,,,5.0077,,,,
2008-07-24,2.61,4.03,1.69,2.34,3.19,,1.5657,1.9832,107.62,3.25,,,5.0178,,,,
2008-07-25,2.7,4.13,1.79,2.34,3.17,,1.5687,1.988,107.89,3.25,,,5.031,,,,
2008-07-26,,,,,,,,,,3.25,,,,,,,
2008-07-27,,,,,,,,,,3.25,,,,,,,
2008-07-28,2.59,4.06,1.7,2.36,3.16,,1.5747,1.9943,107.49,3.25,,,5.0225,,,,
2008-07-29,2.65,4.09,1.76,2.33,3.13,,1.5588,1.9805,108.19,3.25,,,5.0167,,,,
2008-07-30,2.64,4.07,1.71,2.36,3.17,918625.0,1.5559,1.981,108.17,3.25,,,4.9814,,,,
2008-07-31,2.52,3.99,1.65,2.34,3.22,,1.5589,1.9806,108.1,3.25,,,4.9592,,,,
2008-08-01,2.51,3.97,1.63,2.34,3.21,,1.5567,1.9743,107.59,3.25,,4.496043047619049,4.9634,4.7267,0.504,1.431,2.942
2008-08-02,,,,,,,,,,3.25,,,,,,,
2008-08-03,,,,,,,,,,3.25,,,,,,,
2008-08-04,2.53,3.98,1.64,2.34,3.22,,1.5569,1.9606,108.23,3.25,,,4.9915,,,,
2008-08-05,2.54,4.04,1.74,2.3,3.2,,1.5468,1.9532,108.2,3.25,,,4.9836,,,,
2008-08-06,2.56,4.06,1.79,2.27,3.24,901710.0,1.5409,1.9479,109.39,3.25,,,4.9758,,,,
2008-08-07,2.43,3.92,1.68,2.24,3.25,,1.5341,1.9439,109.44,3.25,,,4.9925,,,,
2008-08-08,2.51,3.94,1.72,2.22,3.23,,1.5047,1.9193,110.09,3.25,,,5.0072,,,,
2008-08-09,,,,,,,,,,3.25,,,,,,,
2008-08-10,,,,,,,,,,3.25,,,,,,,
2008-08-11,2.56,3.99,1.8,2.19,3.24,,1.4958,1.9144,110.08,3.25,,,5.0043,,,,
2008-08-12,2.45,3.91,1.72,2.19,3.26,,1.4905,1.9005,109.78,3.25,,,4.9974,,,,
2008-08-13,2.5,3.94,1.75,2.19,3.25,914632.0,1.4895,1.8682,108.71,3.25,,,4.9885,,,,
2008-08-14,2.45,3.89,1.67,2.22,3.26,,1.4856,1.8715,109.75,3.25,,,5.0013,,,,
2008-08-15,2.4,3.84,1.66,2.18,3.27,,1.4695,1.8651,110.48,3.25,,,5.0083,,,,
2008-08-16,,,,,,,,,,3.25,,,,,,,
2008-08-17,,,,,,,,,,3.25,,,,,,,
2008-08-18,2.35,3.82,1.67,2.15,3.26,,1.473,1.8673,110.07,3.25,,,4.9983,,,,
2008-08-19,2.32,3.83,1.68,2.15,3.28,,1.4746,1.8655,109.68,3.25,,,5.0021,,,,
2008-08-20,2.25,3.79,1.6,2.19,3.31,898611.0,1.4701,1.8603,109.98,3.25,,,5.0037,,,,
2008-08-21,2.33,3.84,1.61,2.23,3.28,,1.4875,1.8758,108.35,3.25,,,5.0014,,,,
2008-08-22,2.42,3.87,1.69,2.18,3.27,,1.48,1.8544,109.88,3.25,,,4.9973,,,,
2008-08-23,,,,,,,,,,3.25,,,,,,,
2008-08-24,,,,,,,,,,3.25,,,,,,,
2008-08-25,2.33,3.79,1.64,2.15,3.3,,1.4803,1.8587,109.11,3.25,,,,,,,
2008-08-26,2.35,3.79,1.63,2.16,3.31,,1.466,1.8387,109.83,3.25,,,4.9961,,,,
2008-08-27,2.31,3.77,1.58,2.19,3.3,909982.0,1.4684,1.8318,109.72,3.25,,,4.9914,,,,
2008-08-28,2.37,3.79,1.62,2.17,3.29,,1.4685,1.8264,109.56,3.25,,,5.0017,,,,
2008-08-29,2.36,3.83,1.68,2.15,3.29,,1.4669,1.819,108.69,3.25,,,5.035,,,,
2008-08-30,,,,,,,,,,3.25,,,,,,,
2008-08-31,,,,,,,,,,3.25,,,,,,,
2008-09-01,,,,,,,,,,3.25,,4.504298409090911,5.0257,4.5701,0.495,1.481,2.669
2008-09-02,2.26,3.74,1.69,2.05,3.33,,1.4522,1.7853,108.85,3.25,,,5.0238,,,,
2008-09-03,2.26,3.71,1.71,2.0,3.32,905253.0,1.4489,1.7795,108.18,3.25,,,5.0209,,,,
2008-09-04,2.2,3.64,1.7,1.94,3.37,,1.436,1.7689,107.76,3.25,,,5.0183,,,,
2008-09-05,2.23,3.66,1.71,1.95,3.37,,1.4273,1.7687,106.96,3.25,,,5.0228,,,,
2008-09-06,,,,,,,,,,3.25,,,,,,,
2008-09-07,,,,,,,,,,3.25,,,,,,,
2008-09-08,2.3,3.66,1.68,1.98,3.37,,1.4126,1.7543,107.91,3.25,,,5.0199,,,,
2008-09-09,2.23,3.62,1.69,1.93,3.35,,1.4173,1.7672,107.1,3.25,,,5.0133,,,,
2008-09-10,2.22,3.65,1.7,1.95,3.37,925725.0,1.402,1.7547,107.86,3.25,,,5.0075,,,,
2008-09-11,2.18,3.64,1.67,1.97,3.41,,1.3939,1.7497,106.66,3.25,,,5.0097,,,,
2008-09-12,2.23,3.74,1.79,1.95,3.43,,1.4172,1.7896,107.51,3.25,,,5.0122,,,,
2008-09-13,,,,,,,,,,3.25,,,,,,,
2008-09-14,,,,,,,,,,3.25,,,,,,,
2008-09-15,1.78,3.47,1.7,1.77,3.66,,1.4175,1.7877,105.67,3.25,,,5.3123,,,,
2008-09-16,1.89,3.48,1.85,1.63,3.68,,1.4155,1.7802,105.11,3.25,,,5.5838,,,,
2008-09-17,1.64,3.41,1.81,1.6,3.84,995093.0,1.4215,1.7895,104.71,3.25,,,4.9772,,,,
2008-09-18,1.78,3.54,1.94,1.6,3.79,,1.4382,1.8186,104.85,3.25,,,4.8679,,,,
2008-09-19,2.16,3.78,1.85,1.93,3.77,,1.4384,1.8297,107.18,3.25,,,4.5343,,,,
2008-09-20,,,,,,,,,,3.25,,,,,,,
2008-09-21,,,,,,,,,,3.25,,,,,,,
2008-09-22,2.13,3.83,1.85,1.98,3.78,,1.4697,1.8484,106.35,3.25,,,4.2779,,,,
2008-09-23,2.11,3.85,1.99,1.86,3.77,,1.4737,1.8558,105.8,3.25,,,4.0472,,,,
2008-09-24,2.03,3.8,2.05,1.75,3.78,1211825.0,1.4655,1.8502,106.03,3.25,,,4.475,,,,
2008-09-25,2.16,3.88,2.09,1.79,3.86,,1.4643,1.8406,106.48,3.25,,,4.6471,,,,
2008-09-26,2.11,3.85,2.1,1.75,3.88,,1.4596,1.84,106.06,3.25,,,4.6946,,,,
2008-09-27,,,,,,,,,,3.25,,,,,,,
2008-09-28,,,,,,,,,,3.25,,,,,,,
2008-09-29,1.7,3.61,2.03,1.58,4.01,,1.4381,1.8044,105.1,3.25,,,4.9538,,,,
2008-09-30,2.0,3.85,2.25,1.6,4.0,,1.4081,1.7804,105.94,3.25,,,5.0906,,,,
2008-10-01,1.82,3.77,2.26,1.51,4.1,1503989.0,1.4058,1.7804,106.06,3.25,,4.41582552173913,3.6365,4.5789,0.487,1.486,2.764
2008-10-02,1.62,3.66,2.17,1.49,4.31,,1.3854,1.7655,105.3,3.25,,,4.2665,,,,
2008-10-03,1.6,3.63,2.18,1.45,4.35,,1.3816,1.774,105.76,3.25,,,4.4401,,,,
2008-10-04,,,,,,,,,,3.25,,,,,,,
2008-10-05,,,,,,,,,,3.25,,,,,,,
2008-10-06,1.43,3.48,2.21,1.27,4.43,,1.3508,1.738,101.26,3.25,,,4.5747,,,,
2008-10-07,1.47,3.5,2.32,1.18,4.55,,1.3649,1.7592,102.3,3.25,,,4.9778,,,,
2008-10-08,1.65,3.72,2.69,1.03,4.49,1591587.0,1.368,1.731,99.73,2.75,,,4.9417,,,,
2008-10-09,1.65,3.84,2.79,1.05,4.48,,1.3646,1.7225,100.67,3.25,,,4.7688,,,,
2008-10-10,1.62,3.89,2.97,0.92,4.86,,1.3471,1.7037,99.44,3.25,,,5.2796,,,,
2008-10-11,,,,,,,,,,3.25,,,,,,,
2008-10-12,,,,,,,,,,3.25,,,,,,,
2008-10-13,,,,,,,,,,3.25,,,4.9456,,,,
2008-10-14,1.82,4.08,3.05,1.03,4.78,,1.3658,1.7482,102.17,3.25,,,4.8272,,,,
2008-10-15,1.64,4.04,3.02,1.02,4.94,1770809.0,1.3567,1.7432,101.47,3.25,3.75,,4.6566,,,,
2008-10-16,1.61,3.99,3.02,0.97,5.09,,1.3416,1.7243,100.46,3.25,3.75,,4.1802,,,,
2008-10-17,1.64,3.98,2.87,1.11,5.45,,1.3462,1.7307,101.4,3.25,3.75,,3.8702,,,,
2008-10-18,,,,,,,,,,3.25,3.75,,,,,,
2008-10-19,,,,,,,,,,3.25,3.75,,,,,,
2008-10-20,1.71,3.91,2.76,1.15,5.52,,1.3314,1.7134,101.74,3.25,3.75,,4.0685,,,,
2008-10-21,1.58,3.76,2.63,1.13,5.6,,1.3102,1.6837,100.43,3.25,3.75,,4.084,,,,
2008-10-22,1.53,3.65,2.59,1.06,5.6,1802602.0,1.2835,1.6174,98.63,3.25,3.75,,3.9165,,,,
2008-10-23,1.54,3.63,2.67,0.96,5.48,,1.2878,1.6181,97.6,3.25,3.75,,4.0196,,,,
2008-10-24,1.57,3.76,3.02,0.74,5.54,,1.2639,1.5631,92.64,3.25,3.75,,4.3245,,,,
2008-10-25,,,,,,,,,,3.25,3.75,,,,,,
2008-10-26,,,,,,,,,,3.25,3.75,,,,,,
2008-10-27,1.59,3.79,3.02,0.77,5.6,,1.2446,1.5472,93.28,3.25,3.75,,4.3653,,,,
2008-10-28,1.65,3.89,3.06,0.83,5.59,,1.2476,1.5591,95.68,3.25,3.75,,4.3773,,,,
2008-10-29,1.58,3.93,3.05,0.88,5.58,1969086.0,1.2851,1.6298,97.48,3.25,3.75,,4.3622,,,,
2008-10-30,1.59,4.0,3.06,0.94,5.52,,1.285,1.627,97.47,3.25,3.75,,4.286,,,,
2008-10-31,1.56,4.01,3.14,0.87,5.53,,1.2682,1.6165,98.28,3.25,3.75,,4.2961,,,,
2008-11-01,,,,,,,,,,3.25,3.75,4.19642625,,4.2571,0.301,1.377,2.226
2008-11-02,,,,,,,,,,3.25,3.75,,,,,,
2008-11-03,1.45,3.96,3.09,0.87,5.53,,1.2719,1.5855,98.95,3.25,3.75,,4.226,,,,
2008-11-04,1.39,3.81,2.88,0.93,5.56,,1.3021,1.6095,100.48,3.25,3.75,,4.1649,,,,
2008-11-05,1.36,3.73,2.76,0.97,5.53,2074205.0,1.3039,1.6156,98.95,3.25,3.75,,4.1729,,,,
2008-11-06,1.28,3.75,2.81,0.94,5.5,,1.2756,1.5814,98.04,3.25,3.75,,3.2876,,,,
2008-11-07,1.33,3.83,2.86,0.97,5.45,,1.2777,1.5788,98.15,3.25,3.75,,2.6805,,,,
2008-11-08,,,,,,,,,,3.25,3.75,,,,,,
2008-11-09,,,,,,,,,,3.25,3.75,,,,,,
2008-11-10,1.27,3.82,2.84,0.98,5.4,,1.276,1.5639,97.96,3.25,3.75,,2.6395,,,,
2008-11-11,,,,,,,,,,3.25,3.75,,2.5487,,,,
2008-11-12,1.19,3.75,2.79,0.96,5.41,2212852.0,1.2558,1.5012,95.54,2.75,3.25,,2.4835,,,,
2008-11-13,1.24,3.84,2.95,0.89,5.54,,1.2526,1.4799,95.95,2.75,3.25,,2.4732,,,,
2008-11-14,1.22,3.72,2.87,0.85,5.56,,1.2731,1.486,96.66,2.75,3.25,,2.4452,,,,
2008-11-15,,,,,,,,,,2.75,3.25,,,,,,
2008-11-16,,,,,,,,,,2.75,3.25,,,,,,
2008-11-17,1.22,3.68,2.85,0.83,5.58,,1.2726,1.503,97.03,2.75,3.25,,2.4232,,,,
2008-11-18,1.15,3.53,2.92,0.61,5.71,,1.269,1.5042,97.38,2.75,3.25,,2.4275,,,,
2008-11-19,1.09,3.38,2.98,0.4,5.73,2187137.0,1.2595,1.5095,96.75,2.75,3.25,,2.3935,,,,
2008-11-20,1.0,3.1,3.06,0.04,5.92,,1.2525,1.4789,94.98,2.75,3.25,,2.4427,,,,
2008-11-21,1.09,3.2,3.15,0.05,5.88,,1.2531,1.4816,95.42,2.75,3.25,,2.4394,,,,
2008-11-22,,,,,,,,,,2.75,3.25,,,,,,
2008-11-23,,,,,,,,,,2.75,3.25,,,,,,
2008-11-24,1.31,3.35,3.11,0.24,5.86,,1.289,1.5177,96.69,2.75,3.25,,2.409,,,,
2008-11-25,1.15,3.11,2.79,0.32,6.01,,1.303,1.5349,95.53,2.75,3.25,,2.4241,,,,
2008-11-26,1.09,2.99,2.68,0.31,6.06,2106117.0,1.2828,1.5218,95.46,2.75,3.25,,2.408,,,,
2008-11-27,,,,,,,,,,2.75,3.25,,2.5565,,,,
2008-11-28,1.0,2.93,2.6,0.33,6.1,,1.2694,1.5348,95.46,2.75,3.25,,2.646,,,,
2008-11-29,,,,,,,,,,2.75,3.25,,,,,,
2008-11-30,,,,,,,,,,2.75,3.25,,,,,,
2008-12-01,0.9,2.72,2.38,0.34,6.12,,1.2634,1.484,93.71,2.75,3.25,3.888141304347831,2.5678,3.6238,0.211,1.214,2.148
2008-12-02,0.9,2.68,2.26,0.42,6.11,,1.2724,1.4949,93.64,2.75,3.25,,2.6021,,,,
2008-12-03,0.87,2.67,2.14,0.53,6.13,2136924.0,1.2669,1.4783,93.25,2.75,3.25,,2.6762,,,,
2008-12-04,0.82,2.55,1.98,0.57,6.16,,1.284,1.4791,92.78,2.75,3.25,,1.5024,,,,
2008-12-05,0.93,2.67,2.23,0.44,6.07,,1.2654,1.4606,92.18,2.75,3.25,,1.4253,,,,
2008-12-06,,,,,,,,,,2.75,3.25,,,,,,
2008-12-07,,,,,,,,,,2.75,3.25,,,,,,
2008-12-08,0.97,2.77,2.47,0.3,6.02,,1.2942,1.4831,92.77,2.75,3.25,,1.4278,,,,
2008-12-09,0.84,2.67,2.41,0.26,6.06,,1.2937,1.4776,92.44,2.75,3.25,,1.363,,,,
2008-12-10,0.86,2.69,2.44,0.25,6.01,2250012.0,1.3024,1.483,92.94,2.0,2.5,,1.376,,,,
2008-12-11,0.79,2.64,2.35,0.29,6.07,,1.3294,1.4953,91.96,2.0,2.5,,1.4684,,,,
2008-12-12,0.78,2.6,2.43,0.17,6.08,,1.3349,1.4874,91.26,2.0,2.5,,1.531,,,,
2008-12-13,,,,,,,,,,2.0,2.5,,,,,,
2008-12-14,,,,,,,,,,2.0,2.5,,,,,,
2008-12-15,0.75,2.53,2.43,0.1,6.1,,1.3664,1.5278,90.68,2.0,2.5,,1.4773,,,,
2008-12-16,0.65,2.37,2.21,0.16,6.11,,1.381,1.532,89.98,2.0,2.5,,1.5359,,,,
2008-12-17,0.73,2.2,1.86,0.34,6.02,2254983.0,1.4358,1.5457,87.84,2.0,2.5,,1.5722,,,,
2008-12-18,0.68,2.08,1.85,0.23,6.03,,1.4298,1.5103,89.81,2.0,2.5,,1.4878,,,,
2008-12-19,0.74,2.13,1.98,0.15,5.94,,1.3875,1.4854,89.48,2.0,2.5,,1.5021,,,,
2008-12-20,,,,,,,,,,2.0,2.5,,,,,,
2008-12-21,,,,,,,,,,2.0,2.5,,,,,,
2008-12-22,0.87,2.16,2.01,0.15,5.93,,1.3952,1.4805,90.07,2.0,2.5,,1.5067,,,,
2008-12-23,0.9,2.18,2.03,0.15,5.94,,1.3966,1.4761,90.57,2.0,2.5,,1.5097,,,,
2008-12-24,0.9,2.2,2.07,0.13,5.9,2232311.0,1.3964,1.4673,90.68,2.0,2.5,,1.5096,,,,
2008-12-25,,,,,,,,,,2.0,2.5,,,,,,
2008-12-26,0.89,2.16,2.03,0.13,5.9,,1.4062,1.47,90.65,2.0,2.5,,,,,,
2008-12-27,,,,,,,,,,2.0,2.5,,,,,,
2008-12-28,,,,,,,,,,2.0,2.5,,,,,,
2008-12-29,0.78,2.13,2.02,0.11,5.92,,1.4232,1.4591,90.2,2.0,2.5,,1.5677,,,,
2008-12-30,0.75,2.11,2.02,0.09,5.86,,1.4085,1.4395,90.37,2.0,2.5,,1.5563,,,,
2008-12-31,0.76,2.25,2.14,0.11,5.82,2239457.0,1.3919,1.4619,90.79,2.0,2.5,,1.5373,,,,
2009-01-01,,,,,,,,,,2.0,2.5,4.099894953421591,,3.6699,0.12,1.272,2.221
2009-01-02,0.88,2.46,2.29,0.17,5.72,,1.3946,1.452,91.12,2.0,2.5,,1.562,,,,
2009-01-03,,,,,,,,,,2.0,2.5,,,,,,
2009-01-04,,,,,,,,,,2.0,2.5,,,,,,
2009-01-05,0.78,2.49,2.34,0.15,5.82,,1.3576,1.4602,93.2,2.0,2.5,,1.5835,,,,
2009-01-06,0.8,2.51,2.09,0.42,5.77,,1.3445,1.4777,94.2,2.0,2.5,,1.5881,,,,
2009-01-07,0.82,2.52,2.05,0.47,5.71,2121439.0,1.3718,1.5254,92.7,2.0,2.5,,1.6669,,,,
2009-01-08,0.83,2.47,1.97,0.5,5.71,,1.3714,1.519,91.15,2.0,2.5,,1.1551,,,,
2009-01-09,0.75,2.43,1.87,0.56,5.72,,1.3495,1.5239,90.25,2.0,2.5,,1.2236,,,,
2009-01-10,,,,,,,,,,2.0,2.5,,,,,,
2009-01-11,,,,,,,,,,2.0,2.5,,,,,,
2009-01-12,0.74,2.34,1.75,0.59,5.71,,1.3347,1.4827,88.92,2.0,2.5,,1.2091,,,,
2009-01-13,0.76,2.33,1.74,0.59,5.72,,1.3198,1.4528,89.65,2.0,2.5,,1.2167,,,,
2009-01-14,0.73,2.24,1.79,0.45,5.68,2049714.0,1.3174,1.4617,89.28,2.0,2.5,,1.2146,,,,
2009-01-15,0.73,2.23,1.78,0.45,5.68,,1.3094,1.4602,89.59,2.0,2.5,,1.2412,,,,
2009-01-16,0.73,2.36,1.81,0.55,5.55,,1.3244,1.4737,90.29,2.0,2.5,,1.3196,,,,
2009-01-17,,,,,,,,,,2.0,2.5,,,,,,
2009-01-18,,,,,,,,,,2.0,2.5,,,,,,
2009-01-19,,,,,,,,,,2.0,2.5,,1.3024,,,,
2009-01-20,0.73,2.4,1.82,0.58,5.55,,1.2946,1.4023,90.19,2.0,2.5,,1.2947,,,,
2009-01-21,0.78,2.56,1.98,0.58,5.58,2037112.0,1.287,1.3728,87.8,1.0,2.0,,1.2729,,,,
2009-01-22,0.75,2.62,1.97,0.65,5.62,,1.2955,1.384,88.64,1.0,2.0,,1.2493,,,,
2009-01-23,0.83,2.65,1.93,0.72,5.63,,1.2849,1.3658,88.72,1.0,2.0,,1.246,,,,
2009-01-24,,,,,,,,,,1.0,2.0,,,,,,
2009-01-25,,,,,,,,,,1.0,2.0,,,,,,
2009-01-26,0.85,2.7,1.92,0.78,5.6,,1.3123,1.396,89.25,1.0,2.0,,1.2666,,,,
2009-01-27,0.87,2.59,1.77,0.82,5.47,,1.3159,1.4148,88.99,1.0,2.0,,1.2526,,,,
2009-01-28,0.89,2.71,1.81,0.9,5.49,1927082.0,1.3244,1.4317,88.87,1.0,2.0,,1.308,,,,
2009-01-29,0.95,2.87,1.83,1.04,5.41,,1.2988,1.4262,89.77,1.0,2.0,,1.3311,,,,
2009-01-30,0.94,2.87,1.73,1.14,5.38,,1.2804,1.4413,89.83,1.0,2.0,,1.3414,,,,
2009-01-31,,,,,,,,,,1.0,2.0,,,,,,
2009-02-01,,,,,,,,,,1.0,2.0,4.19648825579123,,3.6899,0.111,1.277,2.174
2009-02-02,0.89,2.76,1.69,1.07,5.33,,1.2808,1.4228,89.86,1.0,2.0,,1.3246,,,,
2009-02-03,0.96,2.89,1.76,1.13,5.32,,1.301,1.4394,89.09,1.0,2.0,,1.3088,,,,
2009-02-04,0.98,2.95,1.78,1.17,5.29,1851437.0,1.2857,1.4472,89.53,1.0,2.0,,1.3579,,,,
2009-02-05,0.98,2.95,1.84,1.11,5.23,,1.2838,1.4633,91.01,1.0,2.0,,0.9987,,,,
2009-02-06,0.99,3.05,1.82,1.23,5.13,,1.2874,1.4775,91.95,1.0,2.0,,0.8329,,,,
2009-02-07,,,,,,,,,,1.0,2.0,,,,,,
2009-02-08,,,,,,,,,,1.0,2.0,,,,,,
2009-02-09,1.05,3.07,1.66,1.41,5.09,,1.3064,1.4936,91.47,1.0,2.0,,0.7951,,,,
2009-02-10,0.92,2.9,1.65,1.25,5.08,,1.2966,1.4604,90.65,1.0,2.0,,0.7732,,,,
2009-02-11,0.93,2.78,1.66,1.12,5.1,1843400.0,1.2893,1.4367,90.66,1.0,2.0,,0.7649,,,,
2009-02-12,0.89,2.75,1.61,1.14,5.16,,1.2822,1.4248,90.55,1.0,2.0,,0.7577,,,,
2009-02-13,0.97,2.89,1.68,1.21,5.24,,1.2879,1.4422,91.84,1.0,2.0,,0.8334,,,,
2009-02-14,,,,,,,,,,1.0,2.0,,,,,,
2009-02-15,,,,,,,,,,1.0,2.0,,,,,,
2009-02-16,,,,,,,,,,1.0,2.0,,0.915,,,,
2009-02-17,0.87,2.64,1.53,1.11,5.28,,1.2571,1.4224,92.17,1.0,2.0,,0.9193,,,,
2009-02-18,0.97,2.74,1.63,1.11,5.21,1915562.0,1.2547,1.4235,93.81,1.0,2.0,,0.9506,,,,
2009-02-19,1.01,2.85,1.73,1.12,5.27,,1.2675,1.4307,94.09,1.0,2.0,,0.8582,,,,
2009-02-20,0.96,2.78,1.67,1.11,5.25,,1.269,1.4333,93.87,1.0,2.0,,0.7767,,,,
2009-02-21,,,,,,,,,,1.0,2.0,,,,,,
2009-02-22,,,,,,,,,,1.0,2.0,,,,,,
2009-02-23,0.96,2.78,1.7,1.08,5.24,,1.2747,1.4553,94.63,1.0,2.0,,0.7483,,,,
2009-02-24,1.03,2.8,1.82,0.98,5.23,,1.2742,1.4408,96.6,1.0,2.0,,0.6964,,,,
2009-02-25,1.09,2.95,1.98,0.97,5.18,1916115.0,1.2731,1.4265,97.33,1.0,2.0,,0.6803,,,,
2009-02-26,1.08,2.98,2.02,0.96,5.23,,1.2764,1.4342,98.55,1.0,2.0,,0.7522,,,,
2009-02-27,1.0,3.02,2.06,0.96,5.22,,1.2662,1.4276,97.74,1.0,2.0,,0.9025,,,,
2009-02-28,,,,,,,,,,1.0,2.0,,,,,,
2009-03-01,,,,,,,,,,1.0,2.0,4.14197136591993,,3.2497,0.1,1.323,2.175
2009-03-02,0.89,2.91,2.0,0.91,5.29,,1.258,1.3989,97.17,1.0,2.0,,0.8378,,,,
2009-03-03,0.91,2.93,2.02,0.91,5.34,,1.2549,1.4034,98.16,1.0,2.0,,0.8816,,,,
2009-03-04,0.97,3.01,2.09,0.92,5.31,1901317.0,1.2607,1.4142,99.34,1.0,2.0,,0.8708,,,,
2009-03-05,0.9,2.83,1.98,0.85,5.34,,1.2565,1.4124,98.32,1.0,2.0,,0.5662,,,,
2009-03-06,0.91,2.83,2.02,0.81,5.35,,1.2674,1.411,97.88,1.0,2.0,,0.4787,,,,
2009-03-07,,,,,,,,,,1.0,2.0,,,,,,
2009-03-08,,,,,,,,,,1.0,2.0,,,,,,
2009-03-09,0.96,2.89,2.06,0.83,5.4,,1.2636,1.3757,98.87,1.0,2.0,,0.4969,,,,
2009-03-10,1.01,2.99,2.15,0.84,5.45,,1.2752,1.384,98.39,1.0,2.0,,0.5048,,,,
2009-03-11,1.03,2.95,2.03,0.92,5.45,1899514.0,1.2774,1.378,97.74,0.5,1.5,,0.5033,,,,
2009-03-12,1.03,2.89,1.88,1.01,5.52,,1.2799,1.3811,97.86,0.5,1.5,,0.4773,,,,
2009-03-13,0.98,2.89,1.87,1.02,5.56,,1.2891,1.3972,98.04,0.5,1.5,,0.4722,,,,
2009-03-14,,,,,,,,,,0.5,1.5,,,,,,
2009-03-15,,,,,,,,,,0.5,1.5,,,,,,
2009-03-16,1.0,2.97,1.88,1.09,5.57,,1.2997,1.4091,98.17,0.5,1.5,,0.453,,,,
2009-03-17,1.05,3.02,1.9,1.12,5.6,,1.2972,1.4018,98.85,0.5,1.5,,0.4334,,,,
2009-03-18,0.82,2.51,1.28,1.23,5.88,2066942.0,1.311,1.3974,98.08,0.5,1.5,,0.4283,,,,
2009-03-19,0.87,2.61,1.31,1.3,5.84,,1.373,1.4584,93.85,0.5,1.5,,0.433,,,,
2009-03-20,0.89,2.65,1.43,1.22,5.86,,1.3566,1.4435,96.18,0.5,1.5,,0.4464,,,,
2009-03-21,,,,,,,,,,0.5,1.5,,,,,,
2009-03-22,,,,,,,,,,0.5,1.5,,,,,,
2009-03-23,0.93,2.68,1.4,1.28,5.88,,1.3569,1.4496,97.3,0.5,1.5,,0.4416,,,,
2009-03-24,0.93,2.68,1.36,1.32,5.8,,1.3524,1.473,97.86,0.5,1.5,,0.4494,,,,
2009-03-25,0.96,2.81,1.44,1.37,5.79,2071556.0,1.3539,1.4585,97.7,0.5,1.5,,0.4582,,,,
2009-03-26,0.9,2.76,1.3,1.46,5.76,,1.356,1.4497,98.47,0.5,1.5,,0.4529,,,,
2009-03-27,0.9,2.78,1.38,1.4,5.72,,1.3306,1.4325,97.99,0.5,1.5,,0.4542,,,,
2009-03-28,,,,,,,,,,0.5,1.5,,,,,,
2009-03-29,,,,,,,,,,0.5,1.5,,,,,,
2009-03-30,0.84,2.73,1.39,1.34,5.75,,1.3146,1.4148,97.44,0.5,1.5,,0.45,,,,
2009-03-31,0.81,2.71,1.43,1.28,5.74,,1.3261,1.43,99.15,0.5,1.5,,0.5027,,,,
2009-04-01,0.83,2.68,1.37,1.31,5.7,2078936.0,1.3223,1.4402,98.93,0.5,1.5,4.08934316712587,0.4545,3.4072,0.104,1.402,2.196
2009-04-02,0.88,2.77,1.44,1.33,5.69,,1.3458,1.47,99.48,0.5,1.5,,0.4315,,,,
2009-04-03,0.96,2.91,1.53,1.38,5.68,,1.3447,1.4801,99.94,0.5,1.5,,0.4144,,,,
2009-04-04,,,,,,,,,,0.5,1.5,,,,,,
2009-04-05,,,,,,,,,,0.5,1.5,,,,,,
2009-04-06,0.94,2.95,1.52,1.43,5.68,,1.3363,1.4712,100.65,0.5,1.5,,0.4145,,,,
2009-04-07,0.91,2.93,1.61,1.32,5.67,,1.3282,1.4744,100.71,0.5,1.5,,0.4168,,,,
2009-04-08,0.93,2.86,1.57,1.29,5.64,2088573.0,1.3288,1.4692,99.95,0.25,1.25,,0.4111,,,,
2009-04-09,0.96,2.96,1.62,1.34,5.61,,1.3149,1.4623,100.43,0.25,1.25,,0.4166,,,,
2009-04-10,,,,,,,1.3143,1.4635,100.3,0.25,1.25,,,,,,
2009-04-11,,,,,,,,,,0.25,1.25,,,,,,
2009-04-12,,,,,,,,,,0.25,1.25,,,,,,
2009-04-13,0.89,2.88,1.55,1.33,5.6,,1.3354,1.4831,100.12,0.25,1.25,,,,,,
2009-04-14,0.86,2.8,1.52,1.28,5.6,,1.3277,1.4907,99.08,0.25,1.25,,0.4182,,,,
2009-04-15,0.86,2.82,1.55,1.27,5.53,2186498.0,1.3182,1.499,99.37,0.25,1.25,,0.4206,,,,
2009-04-16,0.91,2.86,1.59,1.27,5.52,,1.3197,1.4909,99.29,0.25,1.25,,0.4163,,,,
2009-04-17,0.99,2.98,1.7,1.28,5.43,,1.303,1.4778,99.21,0.25,1.25,,0.407,,,,
2009-04-18,,,,,,,,,,0.25,1.25,,,,,,
2009-04-19,,,,,,,,,,0.25,1.25,,,,,,
2009-04-20,0.93,2.88,1.66,1.22,5.35,,1.2903,1.4532,98.29,0.25,1.25,,0.4165,,,,
2009-04-21,0.96,2.94,1.69,1.25,5.3,,1.2978,1.4688,98.6,0.25,1.25,,0.4153,,,,
2009-04-22,1.0,2.98,1.65,1.33,5.33,2196812.0,1.3012,1.4496,98.14,0.25,1.25,,0.4068,,,,
2009-04-23,0.97,2.96,1.52,1.44,5.3,,1.3048,1.4635,97.88,0.25,1.25,,0.3908,,,,
2009-04-24,0.99,3.03,1.53,1.5,5.25,,1.3277,1.4697,97.08,0.25,1.25,,0.3786,,,,
2009-04-25,,,,,,,,,,0.25,1.25,,,,,,
2009-04-26,,,,,,,,,,0.25,1.25,,,,,,
2009-04-27,0.9,2.95,1.48,1.47,5.3,,1.3136,1.4678,96.57,0.25,1.25,,0.3916,,,,
2009-04-28,0.95,3.05,1.54,1.51,5.24,,1.3061,1.4607,96.49,0.25,1.25,,0.3786,,,,
2009-04-29,0.94,3.12,1.59,1.53,5.17,2066712.0,1.3324,1.4802,96.97,0.25,1.25,,0.3936,,,,
2009-04-30,0.91,3.16,1.69,1.47,5.08,,1.3244,1.4799,98.76,0.25,1.25,,0.405,,,,
2009-05-01,0.92,3.21,1.8,1.41,5.01,,1.3267,1.4881,99.24,0.25,1.25,4.13313585146522,0.4257,3.6206,0.102,1.481,2.536
2009-05-02,,,,,,,,,,0.25,1.25,,,,,,
2009-05-03,,,,,,,,,,0.25,1.25,,,,,,
2009-05-04,0.94,3.19,1.77,1.42,4.98,,1.3365,1.4985,99.12,0.25,1.25,,,,,,
2009-05-05,0.98,3.2,1.77,1.43,4.93,,1.3375,1.5099,98.76,0.25,1.25,,0.3978,,,,
2009-05-06,0.96,3.18,1.74,1.44,4.91,2079758.0,1.3313,1.5063,98.6,0.25,1.25,,0.3998,,,,
2009-05-07,1.0,3.29,1.74,1.55,4.9,,1.3411,1.5019,99.0,0.25,1.25,,0.4175,,,,
2009-05-08,1.0,3.29,1.77,1.52,4.85,,1.3494,1.509,99.01,0.25,1.25,,0.4225,,,,
2009-05-09,,,,,,,,,,0.25,1.25,,,,,,
2009-05-10,,,,,,,,,,0.25,1.25,,,,,,
2009-05-11,0.92,3.17,1.7,1.47,4.88,,1.362,1.5145,97.45,0.25,1.25,,0.4101,,,,
2009-05-12,0.9,3.17,1.69,1.48,4.86,,1.3638,1.524,96.59,0.25,1.25,,0.4036,,,,
2009-05-13,0.89,3.11,1.67,1.44,4.86,2196351.0,1.3612,1.5165,95.75,0.25,1.0,,0.4005,,,,
2009-05-14,0.87,3.1,1.68,1.42,4.87,,1.3608,1.5195,95.62,0.25,1.0,,0.4058,,,,
2009-05-15,0.88,3.14,1.66,1.48,4.85,,1.3539,1.5222,94.89,0.25,1.0,,0.4184,,,,
2009-05-16,,,,,,,,,,0.25,1.0,,,,,,
2009-05-17,,,,,,,,,,0.25,1.0,,,,,,
2009-05-18,0.93,3.22,1.66,1.56,4.85,,1.3503,1.5309,96.05,0.25,1.0,,0.4166,,,,
2009-05-19,0.91,3.25,1.65,1.6,4.79,,1.3608,1.5501,96.1,0.25,1.0,,0.4122,,,,
2009-05-20,0.87,3.19,1.56,1.63,4.74,2181632.0,1.3765,1.567,95.16,0.25,1.0,,0.4112,,,,
2009-05-21,0.89,3.35,1.67,1.68,4.7,,1.3804,1.5763,94.97,0.25,1.0,,0.4076,,,,
2009-05-22,0.92,3.45,1.72,1.73,4.66,,1.4005,1.5892,94.45,0.25,1.0,,0.4139,,,,
2009-05-23,,,,,,,,,,0.25,1.0,,,,,,
2009-05-24,,,,,,,,,,0.25,1.0,,,,,,
2009-05-25,,,,,,,,,,0.25,1.0,,,,,,
2009-05-26,0.96,3.5,1.72,1.78,4.62,,1.3992,1.5938,94.81,0.25,1.0,,0.4177,,,,
2009-05-27,0.96,3.71,1.83,1.88,4.48,2080115.0,1.3924,1.6068,95.01,0.25,1.0,,0.4213,,,,
2009-05-28,0.97,3.67,1.87,1.8,4.38,,1.3948,1.5956,96.76,0.25,1.0,,0.4199,,,,
2009-05-29,0.92,3.47,1.67,1.8,4.29,,1.4126,1.616,95.55,0.25,1.0,,0.4301,,,,
2009-05-30,,,,,,,,,,0.25,1.0,,,,,,
2009-05-31,,,,,,,,,,0.25,1.0,,,,,,
2009-06-01,0.97,3.71,1.8,1.91,4.26,,1.4192,1.6448,96.53,0.25,1.0,4.32495409356537,0.4336,3.7221,0.104,1.363,2.478
2009-06-02,0.96,3.65,1.69,1.96,4.14,,1.427,1.6515,95.72,0.25,1.0,,0.4258,,,,
2009-06-03,0.91,3.56,1.68,1.88,4.1,2077695.0,1.4194,1.6405,95.72,0.25,1.0,,0.4241,,,,
2009-06-04,0.96,3.72,1.83,1.89,4.05,,1.4187,1.6173,96.37,0.25,1.0,,0.4144,,,,
2009-06-05,1.32,3.84,1.88,1.96,3.95,,1.399,1.6017,98.18,0.25,1.0,,0.4183,,,,
2009-06-06,,,,,,,,,,0.25,1.0,,,,,,
2009-06-07,,,,,,,,,,0.25,1.0,,,,,,
2009-06-08,1.42,3.91,1.94,1.97,3.81,,1.3884,1.5976,98.56,0.25,1.0,,0.4208,,,,
2009-06-09,1.33,3.86,1.88,1.98,3.85,,1.4014,1.6267,97.6,0.25,1.0,,0.427,,,,
2009-06-10,1.38,3.98,1.91,2.07,3.77,2052297.0,1.3983,1.6334,98.13,0.25,1.0,,0.4204,,,,
2009-06-11,1.35,3.88,1.89,1.99,3.79,,1.4093,1.6547,97.83,0.25,1.0,,0.4273,,,,
2009-06-12,1.3,3.81,1.91,1.9,3.79,,1.404,1.6523,98.17,0.25,1.0,,0.4277,,,,
2009-06-13,,,,,,,,,,0.25,1.0,,,,,,
2009-06-14,,,,,,,,,,0.25,1.0,,,,,,
2009-06-15,1.26,3.76,1.9,1.86,3.76,,1.3784,1.6268,98.03,0.25,1.0,,0.425,,,,
2009-06-16,1.23,3.67,1.88,1.79,3.74,,1.3878,1.6446,96.26,0.25,1.0,,0.4237,,,,
2009-06-17,1.19,3.68,1.95,1.73,3.67,2072527.0,1.385,1.6293,95.65,0.25,1.0,,0.4153,,,,
2009-06-18,1.28,3.86,1.98,1.88,3.61,,1.3978,1.6369,96.36,0.25,1.0,,0.3988,,,,
2009-06-19,1.25,3.79,1.91,1.88,3.54,,1.3998,1.6537,96.15,0.25,1.0,,0.409,,,,
2009-06-20,,,,,,,,,,0.25,1.0,,,,,,
2009-06-21,,,,,,,,,,0.25,1.0,,,,,,
2009-06-22,1.17,3.72,1.89,1.83,3.51,,1.3846,1.6343,95.9,0.25,1.0,,0.411,,,,
2009-06-23,1.14,3.65,1.84,1.81,3.53,,1.4035,1.6344,95.32,0.25,1.0,,0.4067,,,,
2009-06-24,1.19,3.72,1.93,1.79,3.52,2025571.0,1.4015,1.6486,95.38,0.25,1.0,,0.4089,,,,
2009-06-25,1.12,3.55,1.82,1.73,3.64,,1.3953,1.6336,96.21,0.25,1.0,,0.413,,,,
2009-06-26,1.1,3.52,1.85,1.67,3.65,,1.4056,1.6498,95.19,0.25,1.0,,0.4119,,,,
2009-06-27,,,,,,,,,,0.25,1.0,,,,,,
2009-06-28,,,,,,,,,,0.25,1.0,,,,,,
2009-06-29,1.11,3.51,1.83,1.68,3.69,,1.4058,1.6533,95.84,0.25,1.0,,0.4139,,,,
2009-06-30,1.11,3.53,1.78,1.75,3.64,,1.402,1.6452,96.42,0.25,1.0,,0.3711,,,,
2009-07-01,1.05,3.55,1.83,1.72,3.65,2005627.0,1.4186,1.6524,96.41,0.25,1.0,4.08867726431956,0.4195,3.8238,0.102,1.386,2.192
2009-07-02,0.98,3.51,1.87,1.64,3.63,,1.4018,1.6398,95.9,0.25,1.0,,0.416,,,,
2009-07-03,,,,,,,1.3991,1.6336,95.95,0.25,1.0,,0.43,,,,
2009-07-04,,,,,,,,,,0.25,1.0,,,,,,
2009-07-05,,,,,,,,,,0.25,1.0,,,,,,
2009-07-06,0.96,3.52,2.03,1.49,3.66,,1.3938,1.623,95.0,0.25,1.0,,0.4171,,,,
2009-07-07,0.98,3.47,1.87,1.6,3.66,,1.3965,1.6158,95.11,0.25,1.0,,0.4248,,,,
2009-07-08,0.91,3.33,1.79,1.54,3.66,1992740.0,1.3852,1.6027,92.9,0.25,1.0,,0.4158,,,,
2009-07-09,0.94,3.44,1.87,1.57,3.71,,1.4026,1.6301,92.79,0.25,1.0,,0.4157,,,,
2009-07-10,0.91,3.32,1.8,1.52,3.71,,1.3926,1.6185,92.33,0.25,1.0,,0.4198,,,,
2009-07-11,,,,,,,,,,0.25,1.0,,,,,,
2009-07-12,,,,,,,,,,0.25,1.0,,,,,,
2009-07-13,0.92,3.38,1.84,1.54,3.7,,1.3973,1.6179,92.74,0.25,1.0,,0.4163,,,,
2009-07-14,0.97,3.5,1.86,1.64,3.68,,1.3971,1.6294,93.03,0.25,1.0,,0.4122,,,,
2009-07-15,1.03,3.63,1.87,1.76,3.63,2072451.0,1.4116,1.6439,94.09,0.25,1.0,,0.4035,,,,
2009-07-16,1.0,3.59,1.82,1.77,3.6,,1.4115,1.6417,93.59,0.25,1.0,,0.4104,,,,
2009-07-17,1.02,3.67,1.81,1.86,3.56,,1.412,1.633,94.08,0.25,1.0,,0.4171,,,,
2009-07-18,,,,,,,,,,0.25,1.0,,,,,,
2009-07-19,,,,,,,,,,0.25,1.0,,,,,,
2009-07-20,0.99,3.61,1.73,1.88,3.55,,1.4211,1.6494,94.52,0.25,1.0,,0.4188,,,,
2009-07-21,0.96,3.5,1.71,1.79,3.55,,1.4196,1.6419,93.36,0.25,1.0,,0.4171,,,,
2009-07-22,0.98,3.58,1.75,1.83,3.53,2039001.0,1.422,1.6439,93.77,0.25,1.0,,0.4154,,,,
2009-07-23,1.08,3.72,1.8,1.92,3.48,,1.4266,1.6562,94.75,0.25,1.0,,0.4216,,,,
2009-07-24,1.05,3.7,1.81,1.89,3.41,,1.4213,1.6432,94.86,0.25,1.0,,0.4211,,,,
2009-07-25,,,,,,,,,,0.25,1.0,,,,,,
2009-07-26,,,,,,,,,,0.25,1.0,,,,,,
2009-07-27,1.08,3.75,1.85,1.9,3.4,,1.4212,1.6486,95.32,0.25,1.0,,0.4164,,,,
2009-07-28,1.12,3.72,1.86,1.86,3.32,,1.4215,1.6477,94.6,0.25,1.0,,0.4192,,,,
2009-07-29,1.17,3.69,1.84,1.85,3.23,2000547.0,1.4033,1.6379,95.13,0.25,1.0,,0.4159,,,,
2009-07-30,1.19,3.67,1.78,1.89,3.13,,1.4066,1.6483,95.67,0.25,1.0,,0.4166,,,,
2009-07-31,1.13,3.52,1.71,1.81,3.11,,1.4279,1.6713,94.54,0.25,1.0,,0.4178,,,,
2009-08-01,,,,,,,,,,0.25,1.0,3.89149233614812,,3.7142,0.106,1.314,2.124
2009-08-02,,,,,,,,,,0.25,1.0,,,,,,
2009-08-03,1.18,3.66,1.78,1.88,3.04,,1.4416,1.6956,95.23,0.25,1.0,,0.4145,,,,
2009-08-04,1.2,3.7,1.81,1.89,2.99,,1.44,1.6932,95.41,0.25,1.0,,0.4135,,,,
2009-08-05,1.23,3.8,1.85,1.95,2.95,1989203.0,1.4391,1.6977,94.98,0.25,1.0,,0.4201,,,,
2009-08-06,1.22,3.79,1.87,1.92,2.9,,1.4357,1.6774,95.56,0.25,1.0,,0.4229,,,,
2009-08-07,1.32,3.89,1.88,2.01,2.85,,1.418,1.6669,97.65,0.25,1.0,,0.4219,,,,
2009-08-08,,,,,,,,,,0.25,1.0,,,,,,
2009-08-09,,,,,,,,,,0.25,1.0,,,,,,
2009-08-10,1.24,3.8,1.83,1.97,2.85,,1.4143,1.6487,97.23,0.25,1.0,,0.4221,,,,
2009-08-11,1.21,3.71,1.8,1.91,2.88,,1.4141,1.6501,95.94,0.25,1.0,,0.4191,,,,
2009-08-12,1.18,3.72,1.84,1.88,2.97,2014899.0,1.4215,1.6538,96.16,0.25,1.0,,0.4161,,,,
2009-08-13,1.12,3.59,1.8,1.79,2.99,,1.4283,1.658,95.46,0.25,1.0,,0.4191,,,,
2009-08-14,1.07,3.55,1.85,1.7,3.02,,1.4216,1.6529,94.64,0.25,1.0,,0.423,,,,
2009-08-15,,,,,,,,,,0.25,1.0,,,,,,
2009-08-16,,,,,,,,,,0.25,1.0,,,,,,
2009-08-17,1.04,3.48,1.79,1.69,3.08,,1.4088,1.6323,94.33,0.25,1.0,,0.4163,,,,
2009-08-18,1.06,3.51,1.78,1.73,3.07,,1.4075,1.6418,94.72,0.25,1.0,,0.4254,,,,
2009-08-19,1.01,3.45,1.7,1.75,3.1,2060641.0,1.4262,1.6555,93.87,0.25,1.0,,0.429,,,,
2009-08-20,1.03,3.42,1.6,1.82,3.09,,1.4235,1.6494,94.12,0.25,1.0,,0.422,,,,
2009-08-21,1.13,3.56,1.69,1.87,3.06,,1.4305,1.6503,94.6,0.25,1.0,,0.4267,,,,
2009-08-22,,,,,,,,,,0.25,1.0,,,,,,
2009-08-23,,,,,,,,,,0.25,1.0,,,,,,
2009-08-24,1.05,3.48,1.67,1.81,3.05,,1.432,1.6417,94.47,0.25,1.0,,0.4252,,,,
2009-08-25,1.05,3.45,1.72,1.73,3.01,,1.435,1.643,94.28,0.25,1.0,,0.4191,,,,
2009-08-26,1.06,3.44,1.72,1.72,2.98,2074902.0,1.423,1.6235,94.25,0.25,1.0,,0.4223,,,,
2009-08-27,1.04,3.47,1.75,1.72,2.96,,1.4272,1.6212,93.57,0.25,1.0,,0.4263,,,,
2009-08-28,1.01,3.46,1.76,1.7,2.95,,1.4358,1.6331,93.55,0.25,1.0,,0.4352,,,,
2009-08-29,,,,,,,,,,0.25,1.0,,,,,,
2009-08-30,,,,,,,,,,0.25,1.0,,,,,,
2009-08-31,0.97,3.4,1.76,1.64,2.98,,1.4354,1.6314,92.82,0.25,1.0,,,,,,
2009-09-01,0.92,3.38,1.74,1.64,3.01,,1.4235,1.6168,93.09,0.25,1.0,3.86698059992542,0.4232,3.6566,0.102,1.258,2.155
2009-09-02,0.89,3.29,1.71,1.58,2.99,2083720.0,1.4246,1.6269,92.43,0.25,1.0,,0.4232,,,,
2009-09-03,0.91,3.33,1.69,1.64,3.0,,1.4278,1.6354,92.54,0.25,1.0,,0.4254,,,,
2009-09-04,0.94,3.45,1.7,1.75,3.0,,1.4278,1.6378,92.75,0.25,1.0,,0.4267,,,,
2009-09-05,,,,,,,,,,0.25,1.0,,,,,,
2009-09-06,,,,,,,,,,0.25,1.0,,,,,,
2009-09-07,,,,,,,,,,0.25,1.0,,0.4296,,,,
2009-09-08,0.93,3.47,1.66,1.81,2.98,,1.4497,1.6512,92.21,0.25,1.0,,0.4351,,,,
2009-09-09,0.93,3.48,1.66,1.82,3.01,2087946.0,1.4573,1.6557,91.85,0.25,1.0,,0.4307,,,,
2009-09-10,0.9,3.36,1.59,1.77,2.96,,1.4568,1.6649,91.86,0.25,1.0,,0.4223,,,,
2009-09-11,0.9,3.34,1.59,1.75,2.97,,1.4586,1.6695,90.3,0.25,1.0,,0.4391,,,,
2009-09-12,,,,,,,,,,0.25,1.0,,,,,,
2009-09-13,,,,,,,,,,0.25,1.0,,,,,,
2009-09-14,0.94,3.42,1.65,1.77,2.94,,1.4613,1.6588,90.85,0.25,1.0,,0.438,,,,
2009-09-15,0.96,3.47,1.64,1.83,2.93,,1.4617,1.6436,90.95,0.25,1.0,,0.4397,,,,
2009-09-16,1.01,3.48,1.62,1.86,2.91,2139783.0,1.4698,1.6501,91.0,0.25,1.0,,0.4391,,,,
2009-09-17,0.98,3.42,1.62,1.8,2.87,,1.4735,1.6522,91.15,0.25,1.0,,0.4319,,,,
2009-09-18,1.03,3.49,1.68,1.81,2.85,,1.4704,1.6266,91.31,0.25,1.0,,0.4335,,,,
2009-09-19,,,,,,,,,,0.25,1.0,,,,,,
2009-09-20,,,,,,,,,,0.25,1.0,,,,,,
2009-09-21,1.02,3.49,1.69,1.8,2.86,,1.4692,1.6228,91.87,0.25,1.0,,0.4287,,,,
2009-09-22,1.02,3.46,1.65,1.81,2.84,,1.4795,1.638,91.08,0.25,1.0,,0.4308,,,,
2009-09-23,0.96,3.44,1.63,1.81,2.84,2158631.0,1.4752,1.6404,91.45,0.25,1.0,,0.4282,,,,
2009-09-24,0.93,3.4,1.64,1.76,2.86,,1.4696,1.6068,91.16,0.25,1.0,,0.4267,,,,
2009-09-25,0.98,3.34,1.6,1.74,2.83,,1.4682,1.5967,89.83,0.25,1.0,,0.4317,,,,
2009-09-26,,,,,,,,,,0.25,1.0,,,,,,
2009-09-27,,,,,,,,,,0.25,1.0,,,,,,
2009-09-28,0.98,3.31,1.57,1.74,2.81,,1.465,1.591,89.34,0.25,1.0,,0.4314,,,,
2009-09-29,1.0,3.31,1.59,1.72,2.81,,1.4553,1.5924,90.26,0.25,1.0,,0.43,,,,
2009-09-30,0.95,3.31,1.56,1.75,2.86,2141020.0,1.463,1.6004,89.49,0.25,1.0,,0.4203,,,,
2009-10-01,0.87,3.21,1.5,1.71,2.9,,1.4532,1.595,89.73,0.25,1.0,3.8038635928819104,0.4384,3.5699,0.106,1.404,2.207
2009-10-02,0.88,3.24,1.54,1.7,2.93,,1.459,1.5878,89.62,0.25,1.0,,0.4428,,,,
2009-10-03,,,,,,,,,,0.25,1.0,,,,,,
2009-10-04,,,,,,,,,,0.25,1.0,,,,,,
2009-10-05,0.88,3.24,1.51,1.73,2.95,,1.4647,1.5926,89.56,0.25,1.0,,0.4413,,,,
2009-10-06,0.91,3.27,1.53,1.74,2.94,,1.4744,1.5904,88.77,0.25,1.0,,0.4356,,,,
2009-10-07,0.87,3.21,1.45,1.76,2.92,2138086.0,1.4675,1.5899,88.76,0.25,1.0,,0.4385,,,,
2009-10-08,0.9,3.27,1.49,1.78,2.96,,1.4777,1.609,88.44,0.25,1.0,,0.4411,,,,
2009-10-09,0.98,3.4,1.56,1.84,2.96,,1.4715,1.5896,89.69,0.25,1.0,,0.4463,,,,
2009-10-10,,,,,,,,,,0.25,1.0,,,,,,
2009-10-11,,,,,,,,,,0.25,1.0,,,,,,
2009-10-12,,,,,,,,,,0.25,1.0,,0.4465,,,,
2009-10-13,0.91,3.34,1.46,1.88,2.95,,1.4839,1.5896,89.71,0.25,1.0,,0.4469,,,,
2009-10-14,0.96,3.45,1.51,1.94,2.96,2192787.0,1.4899,1.5974,89.44,0.25,1.0,,0.4465,,,,
2009-10-15,0.97,3.49,1.5,1.99,2.96,,1.4945,1.6249,90.39,0.25,1.0,,0.4483,,,,
2009-10-16,0.97,3.43,1.45,1.98,2.93,,1.4889,1.635,90.73,0.25,1.0,,0.4506,,,,
2009-10-17,,,,,,,,,,0.25,1.0,,,,,,
2009-10-18,,,,,,,,,,0.25,1.0,,,,,,
2009-10-19,0.99,3.41,1.38,2.03,2.91,,1.4947,1.64,90.72,0.25,1.0,,0.4484,,,,
2009-10-20,0.95,3.35,1.37,1.98,2.91,,1.4905,1.638,90.83,0.25,1.0,,0.4514,,,,
2009-10-21,1.0,3.42,1.43,1.99,2.89,2201119.0,1.5009,1.661,91.04,0.25,1.0,,0.449,,,,
2009-10-22,0.97,3.44,1.49,1.95,2.88,,1.5003,1.6595,91.42,0.25,1.0,,0.4554,,,,
2009-10-23,1.04,3.51,1.51,2.0,2.8,,1.5029,1.6351,91.88,0.25,1.0,,0.4571,,,,
2009-10-24,,,,,,,,,,0.25,1.0,,,,,,
2009-10-25,,,,,,,,,,0.25,1.0,,,,,,
2009-10-26,1.06,3.59,1.59,2.0,2.83,,1.4941,1.6351,91.96,0.25,1.0,,0.4516,,,,
2009-10-27,0.99,3.49,1.49,2.0,2.84,,1.4821,1.6334,92.04,0.25,1.0,,0.4521,,,,
2009-10-28,0.95,3.44,1.48,1.96,2.85,2161537.0,1.4763,1.6375,91.07,0.25,1.0,,0.4493,,,,
2009-10-29,0.98,3.53,1.5,2.03,2.86,,1.4819,1.6559,91.41,0.25,1.0,,0.4527,,,,
2009-10-30,0.9,3.41,1.41,2.0,2.86,,1.4755,1.6479,90.5,0.25,1.0,,0.4489,,,,
2009-10-31,,,,,,,,,,0.25,1.0,,,,,,
2009-11-01,,,,,,,,,,0.25,1.0,3.8349723018409696,,3.7592,0.105,1.253,2.002
2009-11-02,0.92,3.45,1.41,2.04,2.85,,1.4828,1.641,90.56,0.25,1.0,,0.4498,,,,
2009-11-03,0.92,3.5,1.45,2.05,2.87,,1.4658,1.6383,90.3,0.25,1.0,,0.4479,,,,
2009-11-04,0.91,3.57,1.45,2.12,2.89,2165067.0,1.4836,1.6571,90.96,0.25,1.0,,0.4462,,,,
2009-11-05,0.9,3.57,1.41,2.16,2.86,,1.4857,1.6565,90.45,0.25,1.0,,0.4518,,,,
2009-11-06,0.86,3.54,1.37,2.17,2.86,,1.4835,1.6586,89.86,0.25,1.0,,0.4523,,,,
2009-11-07,,,,,,,,,,0.25,1.0,,,,,,
2009-11-08,,,,,,,,,,0.25,1.0,,,,,,
2009-11-09,0.87,3.52,1.3,2.22,2.89,,1.4999,1.6721,89.92,0.25,1.0,,0.4487,,,,
2009-11-10,0.85,3.5,1.31,2.19,2.92,,1.496,1.6681,89.82,0.25,1.0,,0.4514,,,,
2009-11-11,,,,,,2135035.0,,,,0.25,1.0,,0.456,,,,
2009-11-12,0.82,3.45,1.33,2.12,2.94,,1.4865,1.6543,90.4,0.25,1.0,,0.4514,,,,
2009-11-13,0.82,3.43,1.31,2.12,2.93,,1.4886,1.6657,89.55,0.25,1.0,,0.4505,,,,
2009-11-14,,,,,,,,,,0.25,1.0,,,,,,
2009-11-15,,,,,,,,,,0.25,1.0,,,,,,
2009-11-16,0.78,3.33,1.21,2.12,2.92,,1.4977,1.6795,89.28,0.25,1.0,,0.452,,,,
2009-11-17,0.78,3.33,1.2,2.13,2.92,,1.483,1.6768,89.41,0.25,1.0,,0.4499,,,,
2009-11-18,0.77,3.36,1.21,2.15,2.94,2208721.0,1.499,1.6756,89.36,0.25,1.0,,0.4509,,,,
2009-11-19,0.73,3.35,1.21,2.14,2.92,,1.4905,1.6658,88.95,0.25,1.0,,0.4489,,,,
2009-11-20,0.75,3.36,1.21,2.15,2.93,,1.487,1.6529,88.9,0.25,1.0,,0.4516,,,,
2009-11-21,,,,,,,,,,0.25,1.0,,,,,,
2009-11-22,,,,,,,,,,0.25,1.0,,,,,,
2009-11-23,0.77,3.37,1.2,2.17,2.92,,1.4968,1.6599,89.14,0.25,1.0,,0.4521,,,,
2009-11-24,0.73,3.32,1.21,2.11,2.93,,1.4937,1.6577,88.58,0.25,1.0,,0.4527,,,,
2009-11-25,0.73,3.28,1.16,2.12,2.95,2206359.0,1.5085,1.6671,87.65,0.25,1.0,,0.4508,,,,
2009-11-26,,,,,,,,,,0.25,1.0,,0.454,,,,
2009-11-27,0.68,3.21,1.15,2.06,2.99,,1.4963,1.6494,86.87,0.25,1.0,,0.4503,,,,
2009-11-28,,,,,,,,,,0.25,1.0,,,,,,
2009-11-29,,,,,,,,,,0.25,1.0,,,,,,
2009-11-30,0.67,3.21,1.13,2.08,2.99,,1.4994,1.6409,86.12,0.25,1.0,,0.4499,,,,
2009-12-01,0.67,3.28,1.14,2.14,3.0,,1.51,1.6626,86.62,0.25,1.0,3.87162289880302,0.4517,3.8871,0.101,1.272,1.972
2009-12-02,0.72,3.32,1.18,2.14,2.95,2204074.0,1.5059,1.6641,87.13,0.25,1.0,,0.4532,,,,
2009-12-03,0.74,3.39,1.24,2.15,2.93,,1.5081,1.6578,88.2,0.25,1.0,,0.4522,,,,
2009-12-04,0.84,3.48,1.34,2.14,2.91,,1.4885,1.6515,89.87,0.25,1.0,,0.4502,,,,
2009-12-05,,,,,,,,,,0.25,1.0,,,,,,
2009-12-06,,,,,,,,,,0.25,1.0,,,,,,
2009-12-07,0.78,3.44,1.31,2.13,2.93,,1.482,1.6429,89.44,0.25,1.0,,0.4491,,,,
2009-12-08,0.73,3.4,1.31,2.09,2.92,,1.4741,1.6302,88.41,0.25,1.0,,0.4458,,,,
2009-12-09,0.76,3.45,1.36,2.09,2.89,2186383.0,1.4725,1.6242,87.83,0.25,1.0,,0.4429,,,,
2009-12-10,0.78,3.49,1.4,2.09,2.93,,1.4716,1.6257,88.2,0.25,1.0,,0.4461,,,,
2009-12-11,0.83,3.55,1.41,2.14,2.86,,1.4601,1.6236,89.23,0.25,1.0,,0.4504,,,,
2009-12-12,,,,,,,,,,0.25,1.0,,,,,,
2009-12-13,,,,,,,,,,0.25,1.0,,,,,,
2009-12-14,0.87,3.56,1.37,2.19,2.79,,1.4645,1.6285,88.65,0.25,1.0,,0.4478,,,,
2009-12-15,0.88,3.6,1.37,2.23,2.8,,1.4514,1.6234,89.91,0.25,1.0,,0.4506,,,,
2009-12-16,0.85,3.61,1.34,2.27,2.77,2235763.0,1.4577,1.6369,89.52,0.25,1.0,,0.4461,,,,
2009-12-17,0.77,3.5,1.28,2.22,2.75,,1.4317,1.6135,90.35,0.25,1.0,,0.4437,,,,
2009-12-18,0.82,3.55,1.31,2.24,2.73,,1.4281,1.6083,90.47,0.25,1.0,,0.4478,,,,
2009-12-19,,,,,,,,,,0.25,1.0,,,,,,
2009-12-20,,,,,,,,,,0.25,1.0,,,,,,
2009-12-21,0.89,3.69,1.39,2.3,2.69,,1.4319,1.6083,90.95,0.25,1.0,,0.4512,,,,
2009-12-22,0.95,3.76,1.43,2.33,2.65,,1.4243,1.5956,91.67,0.25,1.0,,0.4522,,,,
2009-12-23,0.96,3.77,1.46,2.31,2.63,2235803.0,1.4341,1.5955,91.52,0.25,1.0,,0.4557,,,,
2009-12-24,1.0,3.82,1.5,2.32,2.65,,1.4367,1.5941,91.69,0.25,1.0,,0.4553,,,,
2009-12-25,,,,,,,,,,0.25,1.0,,,,,,
2009-12-26,,,,,,,,,,0.25,1.0,,,,,,
2009-12-27,,,,,,,,,,0.25,1.0,,,,,,
2009-12-28,1.09,3.85,1.5,2.35,2.64,,1.4392,1.6001,91.57,0.25,1.0,,,,,,
2009-12-29,1.09,3.82,1.46,2.36,2.59,,1.4356,1.5892,91.95,0.25,1.0,,0.448,,,,
2009-12-30,1.08,3.8,1.44,2.36,2.56,2234067.0,1.4316,1.605,92.66,0.25,1.0,,0.4489,,,,
2009-12-31,1.14,3.85,1.48,2.37,2.54,,1.4332,1.6167,93.08,0.25,1.0,,0.4434,,,,
2010-01-01,,,,,,,,,,0.25,1.0,4.10167002022155,,4.0025,0.096,1.308,2.01
2010-01-02,,,,,,,,,,0.25,1.0,,,,,,
2010-01-03,,,,,,,,,,0.25,1.0,,,,,,
2010-01-04,1.09,3.85,1.47,2.38,2.54,,1.4419,1.6109,92.55,0.25,1.0,,0.4487,,,,
2010-01-05,1.01,3.77,1.43,2.34,2.53,,1.4402,1.6009,91.48,0.25,1.0,,0.4514,,,,
2010-01-06,1.01,3.85,1.48,2.37,2.49,2235304.0,1.4404,1.6016,92.53,0.25,1.0,,0.4534,,,,
2010-01-07,1.03,3.85,1.44,2.41,2.48,,1.4314,1.5912,93.31,0.25,1.0,,0.4541,,,,
2010-01-08,0.96,3.83,1.41,2.42,2.49,,1.4357,1.5993,92.7,0.25,1.0,,0.4546,,,,
2010-01-09,,,,,,,,,,0.25,1.0,,,,,,
2010-01-10,,,,,,,,,,0.25,1.0,,,,,,
2010-01-11,0.95,3.85,1.47,2.38,2.47,,1.4536,1.6146,91.9,0.25,1.0,,0.4523,,,,
2010-01-12,0.92,3.74,1.35,2.39,2.48,,1.4523,1.6181,90.95,0.25,1.0,,0.449,,,,
2010-01-13,0.97,3.8,1.43,2.37,2.5,2291700.0,1.4492,1.6288,91.38,0.25,1.0,,0.453,,,,
2010-01-14,0.94,3.76,1.4,2.36,2.46,,1.4478,1.632,91.03,0.25,1.0,,0.4545,,,,
2010-01-15,0.89,3.7,1.34,2.36,2.48,,1.4376,1.624,90.79,0.25,1.0,,0.4521,,,,
2010-01-16,,,,,,,,,,0.25,1.0,,,,,,
2010-01-17,,,,,,,,,,0.25,1.0,,,,,,
2010-01-18,,,,,,,,,,0.25,1.0,,0.4548,,,,
2010-01-19,0.93,3.73,1.35,2.38,2.48,,1.4269,1.637,91.13,0.25,1.0,,0.4556,,,,
2010-01-20,0.92,3.68,1.31,2.37,2.48,2251806.0,1.4094,1.6287,91.23,0.25,1.0,,0.4542,,,,
2010-01-21,0.87,3.62,1.29,2.33,2.51,,1.4106,1.6214,90.25,0.25,1.0,,0.4533,,,,
2010-01-22,0.84,3.62,1.31,2.31,2.53,,1.4154,1.612,90.07,0.25,1.0,,0.4552,,,,
2010-01-23,,,,,,,,,,0.25,1.0,,,,,,
2010-01-24,,,,,,,,,,0.25,1.0,,,,,,
2010-01-25,0.86,3.66,1.33,2.33,2.56,,1.4146,1.6236,90.12,0.25,1.0,,0.4584,,,,
2010-01-26,0.87,3.65,1.31,2.34,2.59,,1.4063,1.6109,89.63,0.25,1.0,,0.4538,,,,
2010-01-27,0.9,3.66,1.35,2.31,2.57,2246886.0,1.4053,1.6204,89.41,0.25,1.0,,0.4566,,,,
2010-01-28,0.87,3.68,1.35,2.33,2.57,,1.3993,1.6242,90.08,0.25,1.0,,0.4571,,,,
2010-01-29,0.82,3.63,1.3,2.33,2.57,,1.387,1.6009,90.38,0.25,1.0,,0.4679,,,,
2010-01-30,,,,,,,,,,0.25,1.0,,,,,,
2010-01-31,,,,,,,,,,0.25,1.0,,,,,,
2010-02-01,0.86,3.68,1.29,2.39,2.57,,1.3904,1.5924,90.8,0.25,1.0,4.10599440438843,0.4585,4.0624,0.101,1.295,1.931
2010-02-02,0.86,3.67,1.26,2.41,2.56,,1.3955,1.5968,90.39,0.25,1.0,,0.4598,,,,
2010-02-03,0.88,3.73,1.3,2.43,2.58,2249319.0,1.3907,1.5915,91.11,0.25,1.0,,0.4602,,,,
2010-02-04,0.8,3.62,1.27,2.35,2.62,,1.3759,1.5763,89.11,0.25,1.0,,0.4659,,,,
2010-02-05,0.77,3.59,1.32,2.27,2.62,,1.3608,1.5619,89.25,0.25,1.0,,0.4644,,,,
2010-02-06,,,,,,,,,,0.25,1.0,,,,,,
2010-02-07,,,,,,,,,,0.25,1.0,,,,,,
2010-02-08,0.79,3.62,1.35,2.27,2.64,,1.3699,1.565,89.32,0.25,1.0,,0.4687,,,,
2010-02-09,0.84,3.67,1.37,2.3,2.65,,1.3795,1.5679,89.45,0.25,1.0,,0.473,,,,
2010-02-10,0.91,3.72,1.44,2.28,2.66,2256679.0,1.3722,1.5606,89.88,0.25,1.0,,0.4661,,,,
2010-02-11,0.91,3.73,1.47,2.26,2.7,,1.364,1.5674,89.82,0.25,1.0,,0.4708,,,,
2010-02-12,0.84,3.69,1.46,2.23,2.72,,1.3625,1.5669,90.0,0.25,1.0,,0.47,,,,
2010-02-13,,,,,,,,,,0.25,1.0,,,,,,
2010-02-14,,,,,,,,,,0.25,1.0,,,,,,
2010-02-15,,,,,,,,,,0.25,1.0,,0.4672,,,,
2010-02-16,0.82,3.66,1.42,2.24,2.73,,1.3742,1.5732,90.46,0.25,1.0,,0.4653,,,,
2010-02-17,0.87,3.74,1.46,2.28,2.73,2277574.0,1.3623,1.5704,90.79,0.25,1.0,,0.4676,,,,
2010-02-18,0.9,3.79,1.48,2.31,2.72,,1.3563,1.5582,91.43,0.25,1.0,,0.4686,,,,
2010-02-19,0.95,3.78,1.52,2.26,2.65,,1.3538,1.5437,91.94,0.25,1.0,,0.4714,,,,
2010-02-20,,,,,,,,,,0.25,1.0,,,,,,
2010-02-21,,,,,,,,,,0.25,1.0,,,,,,
2010-02-22,0.91,3.8,1.55,2.25,2.65,,1.359,1.5477,91.11,0.25,1.0,,0.4686,,,,
2010-02-23,0.87,3.69,1.5,2.19,2.65,,1.3537,1.5464,90.04,0.25,1.0,,0.4728,,,,
2010-02-24,0.87,3.7,1.51,2.19,2.65,2286127.0,1.3576,1.5432,90.06,0.25,1.0,,0.4679,,,,
2010-02-25,0.82,3.64,1.51,2.13,2.64,,1.3476,1.5201,88.85,0.25,1.0,,0.4673,,,,
2010-02-26,0.81,3.61,1.48,2.13,2.62,,1.366,1.5239,88.84,0.25,1.0,,0.4708,,,,
2010-02-27,,,,,,,,,,0.25,1.0,,,,,,
2010-02-28,,,,,,,,,,0.25,1.0,,,,,,
2010-03-01,0.8,3.61,1.46,2.15,2.65,,1.3516,1.4974,89.28,0.25,1.0,3.98666537388462,0.4692,4.0915,0.097,1.361,1.941
2010-03-02,0.8,3.62,1.46,2.16,2.64,,1.3564,1.494,88.95,0.25,1.0,,0.4746,,,,
2010-03-03,0.82,3.63,1.46,2.17,2.63,2280147.0,1.3731,1.5124,88.43,0.25,1.0,,0.4674,,,,
2010-03-04,0.86,3.61,1.44,2.17,2.62,,1.3571,1.5031,89.02,0.25,1.0,,0.4657,,,,
2010-03-05,0.91,3.69,1.48,2.21,2.61,,1.3608,1.5115,90.32,0.25,1.0,,0.4744,,,,
2010-03-06,,,,,,,,,,0.25,1.0,,,,,,
2010-03-07,,,,,,,,,,0.25,1.0,,,,,,
2010-03-08,0.9,3.72,1.49,2.23,2.59,,1.3613,1.506,90.3,0.25,1.0,,0.4725,,,,
2010-03-09,0.89,3.71,1.48,2.23,2.61,,1.3586,1.5003,89.89,0.25,1.0,,0.4758,,,,
2010-03-10,0.92,3.73,1.49,2.24,2.59,2282474.0,1.3658,1.4977,90.62,0.25,1.0,,0.4697,,,,
2010-03-11,0.97,3.73,1.49,2.24,2.56,,1.3674,1.5052,90.6,0.25,1.0,,0.4681,,,,
2010-03-12,0.97,3.71,1.45,2.26,2.55,,1.3753,1.5188,90.46,0.25,1.0,,0.4732,,,,
2010-03-13,,,,,,,,,,0.25,1.0,,,,,,
2010-03-14,,,,,,,,,,0.25,1.0,,,,,,
2010-03-15,0.96,3.71,1.46,2.25,2.56,,1.3652,1.5043,90.45,0.25,1.0,,0.4715,,,,
2010-03-16,0.93,3.66,1.42,2.24,2.55,,1.3758,1.5192,90.43,0.25,1.0,,0.4737,,,,
2010-03-17,0.95,3.65,1.4,2.25,2.53,2307997.0,1.3739,1.5296,90.42,0.25,1.0,,0.4699,,,,
2010-03-18,0.98,3.68,1.45,2.23,2.52,,1.3603,1.5247,90.46,0.25,1.0,,0.4682,,,,
2010-03-19,1.02,3.7,1.5,2.2,2.49,,1.353,1.5014,90.5,0.25,1.0,,0.4698,,,,
2010-03-20,,,,,,,,,,0.25,1.0,,,,,,
2010-03-21,,,,,,,,,,0.25,1.0,,,,,,
2010-03-22,1.01,3.67,1.48,2.19,2.5,,1.3531,1.5071,90.02,0.25,1.0,,0.4711,,,,
2010-03-23,1.02,3.69,1.49,2.2,2.51,,1.3535,1.5067,90.24,0.25,1.0,,0.4742,,,,
2010-03-24,1.08,3.84,1.6,2.24,2.48,2313149.0,1.3347,1.4914,91.89,0.25,1.0,,0.4712,,,,
2010-03-25,1.1,3.91,1.65,2.26,2.47,,1.3344,1.4884,92.69,0.25,1.0,,0.4736,,,,
2010-03-26,1.04,3.86,1.62,2.24,2.49,,1.3398,1.4906,92.56,0.25,1.0,,0.4716,,,,
2010-03-27,,,,,,,,,,0.25,1.0,,,,,,
2010-03-28,,,,,,,,,,0.25,1.0,,,,,,
2010-03-29,1.04,3.88,1.66,2.22,2.49,,1.3465,1.4969,92.65,0.25,1.0,,0.4728,,,,
2010-03-30,1.06,3.88,1.66,2.22,2.48,,1.3409,1.509,92.89,0.25,1.0,,0.4699,,,,
2010-03-31,1.02,3.84,1.6,2.24,2.47,2307150.0,1.3526,1.5186,93.4,0.25,1.0,,0.4707,,,,
2010-04-01,1.05,3.89,1.61,2.28,2.44,,1.3569,1.529,93.83,0.25,1.0,4.16705922161741,0.4735,4.1007,0.093,1.286,1.865
2010-04-02,1.11,3.96,1.69,2.27,2.44,,1.3487,1.5197,94.51,0.25,1.0,,,,,,
2010-04-03,,,,,,,,,,0.25,1.0,,,,,,
2010-04-04,,,,,,,,,,0.25,1.0,,,,,,
2010-04-05,1.18,4.01,1.7,2.31,2.43,,1.3486,1.5284,94.28,0.25,1.0,,,,,,
2010-04-06,1.14,3.98,1.68,2.3,2.46,,1.3378,1.523,93.81,0.25,1.0,,0.4712,,,,
2010-04-07,1.06,3.89,1.55,2.34,2.44,2307575.0,1.3364,1.5246,93.59,0.25,1.0,,0.4698,,,,
2010-04-08,1.09,3.91,1.58,2.33,2.43,,1.336,1.5272,93.16,0.25,1.0,,0.4698,,,,
2010-04-09,1.08,3.9,1.56,2.34,2.43,,1.3468,1.5371,93.28,0.25,1.0,,0.4708,,,,
2010-04-10,,,,,,,,,,0.25,1.0,,,,,,
2010-04-11,,,,,,,,,,0.25,1.0,,,,,,
2010-04-12,1.07,3.87,1.52,2.35,2.4,,1.3587,1.5368,93.21,0.25,1.0,,0.47,,,,
2010-04-13,1.07,3.84,1.5,2.34,2.4,,1.3592,1.5416,92.78,0.25,1.0,,0.4738,,,,
2010-04-14,1.07,3.88,1.54,2.34,2.4,2339345.0,1.3666,1.5484,93.01,0.25,1.0,,0.4717,,,,
2010-04-15,1.04,3.86,1.49,2.37,2.42,,1.354,1.5465,93.04,0.25,1.0,,0.4756,,,,
2010-04-16,0.98,3.79,1.46,2.33,2.43,,1.3487,1.5395,92.03,0.25,1.0,,0.4694,,,,
2010-04-17,,,,,,,,,,0.25,1.0,,,,,,
2010-04-18,,,,,,,,,,0.25,1.0,,,,,,
2010-04-19,1.01,3.83,1.49,2.34,2.42,,1.3458,1.5263,92.18,0.25,1.0,,0.4728,,,,
2010-04-20,1.05,3.82,1.47,2.35,2.4,,1.3446,1.5375,93.28,0.25,1.0,,0.4717,,,,
2010-04-21,1.03,3.77,1.42,2.35,2.38,2337556.0,1.3383,1.5397,93.24,0.25,1.0,,0.4721,,,,
2010-04-22,1.07,3.8,1.46,2.34,2.38,,1.3298,1.5368,93.01,0.25,1.0,,0.4729,,,,
2010-04-23,1.1,3.84,1.47,2.37,2.37,,1.336,1.5363,94.18,0.25,1.0,,0.4743,,,,
2010-04-24,,,,,,,,,,0.25,1.0,,,,,,
2010-04-25,,,,,,,,,,0.25,1.0,,,,,,
2010-04-26,1.09,3.83,1.46,2.37,2.38,,1.3336,1.5466,94.06,0.25,1.0,,0.475,,,,
2010-04-27,1.03,3.71,1.37,2.34,2.39,,1.323,1.5285,93.01,0.25,1.0,,0.4716,,,,
2010-04-28,1.03,3.8,1.4,2.4,2.38,2330472.0,1.313,1.516,94.07,0.25,1.0,,0.4745,,,,
2010-04-29,1.01,3.76,1.31,2.45,2.37,,1.3243,1.5303,94.16,0.25,1.0,,0.4753,,,,
2010-04-30,0.97,3.69,1.29,2.4,2.38,,1.3302,1.5308,94.24,0.25,1.0,,0.4769,,,,
2010-05-01,,,,,,,,,,0.25,1.0,3.68417374441406,,3.7772,0.091,1.257,1.573
2010-05-02,,,,,,,,,,0.25,1.0,,,,,,
2010-05-03,1.0,3.72,1.32,2.4,2.37,,1.3183,1.5242,94.68,0.25,1.0,,,,,,
2010-05-04,0.96,3.63,1.31,2.32,2.38,,1.3037,1.5135,94.58,0.25,1.0,,0.4744,,,,
2010-05-05,0.88,3.58,1.3,2.28,2.4,2326164.0,1.289,1.5134,94.3,0.25,1.0,,0.4801,,,,
2010-05-06,0.75,3.41,1.25,2.16,2.41,,1.2689,1.4889,92.22,0.25,1.0,,0.4772,,,,
2010-05-07,0.83,3.45,1.3,2.15,2.55,,1.2721,1.4739,91.67,0.25,1.0,,0.4944,,,,
2010-05-08,,,,,,,,,,0.25,1.0,,,,,,
2010-05-09,,,,,,,,,,0.25,1.0,,,,,,
2010-05-10,0.87,3.57,1.33,2.24,2.53,,1.2861,1.498,93.39,0.25,1.0,,0.4966,,,,
2010-05-11,0.85,3.56,1.31,2.25,2.58,,1.2715,1.4952,92.83,0.25,1.0,,0.4869,,,,
2010-05-12,0.89,3.56,1.28,2.28,2.61,2336103.0,1.2642,1.4855,92.93,0.25,1.0,,0.4824,,,,
2010-05-13,0.87,3.55,1.28,2.27,2.6,,1.2568,1.4659,92.7,0.25,1.0,,0.4773,,,,
2010-05-14,0.79,3.44,1.26,2.18,2.59,,1.239,1.4557,91.94,0.25,1.0,,0.4836,,,,
2010-05-15,,,,,,,,,,0.25,1.0,,,,,,
2010-05-16,,,,,,,,,,0.25,1.0,,,,,,
2010-05-17,0.81,3.47,1.31,2.16,2.59,,1.2299,1.4388,92.08,0.25,1.0,,0.4793,,,,
2010-05-18,0.76,3.38,1.25,2.13,2.61,,1.2358,1.4439,92.52,0.25,1.0,,0.4804,,,,
2010-05-19,0.8,3.36,1.32,2.04,2.65,2350890.0,1.2317,1.4349,91.16,0.25,1.0,,0.4788,,,,
2010-05-20,0.76,3.25,1.36,1.89,2.74,,1.237,1.4344,90.07,0.25,1.0,,0.4825,,,,
2010-05-21,0.76,3.2,1.33,1.87,2.76,,1.2575,1.4466,90.21,0.25,1.0,,0.4887,,,,
2010-05-22,,,,,,,,,,0.25,1.0,,,,,,
2010-05-23,,,,,,,,,,0.25,1.0,,,,,,
2010-05-24,0.77,3.23,1.35,1.88,2.79,,1.2406,1.4437,90.49,0.25,1.0,,0.4853,,,,
2010-05-25,0.81,3.18,1.33,1.85,2.81,,1.2279,1.4352,89.89,0.25,1.0,,0.4927,,,,
2010-05-26,0.82,3.21,1.3,1.91,2.87,2334041.0,1.2224,1.4401,90.28,0.25,1.0,,0.4889,,,,
2010-05-27,0.87,3.34,1.33,2.01,2.89,,1.237,1.4569,90.71,0.25,1.0,,0.4866,,,,
2010-05-28,0.76,3.31,1.32,1.99,2.89,,1.2369,1.4492,90.81,0.25,1.0,,0.4833,,,,
2010-05-29,,,,,,,,,,0.25,1.0,,,,,,
2010-05-30,,,,,,,,,,0.25,1.0,,,,,,
2010-05-31,,,,,,,,,,0.25,1.0,,,,,,
2010-06-01,0.78,3.29,1.32,1.97,2.92,,1.2266,1.4673,91.16,0.25,1.0,3.68982904070938,0.4852,3.6007,0.095,1.08,1.509
2010-06-02,0.82,3.35,1.36,1.99,2.91,2336216.0,1.2206,1.4641,92.21,0.25,1.0,,0.4857,,,,
2010-06-03,0.82,3.39,1.34,2.05,2.92,,1.2193,1.4616,92.33,0.25,1.0,,0.4834,,,,
2010-06-04,0.72,3.2,1.26,1.94,2.95,,1.1998,1.4493,91.83,0.25,1.0,,0.4838,,,,
2010-06-05,,,,,,,,,,0.25,1.0,,,,,,
2010-06-06,,,,,,,,,,0.25,1.0,,,,,,
2010-06-07,0.74,3.17,1.25,1.92,3.0,,1.1959,1.4498,92.0,0.25,1.0,,0.4831,,,,
2010-06-08,0.74,3.18,1.29,1.89,2.99,,1.1995,1.4422,91.3,0.25,1.0,,0.4831,,,,
2010-06-09,0.74,3.2,1.28,1.92,3.0,2331529.0,1.2045,1.4585,91.54,0.25,1.0,,0.4848,,,,
2010-06-10,0.79,3.33,1.35,1.98,3.01,,1.2111,1.4674,91.04,0.25,1.0,,0.4855,,,,
2010-06-11,0.75,3.24,1.29,1.95,3.04,,1.2077,1.4545,91.72,0.25,1.0,,0.4873,,,,
2010-06-12,,,,,,,,,,0.25,1.0,,,,,,
2010-06-13,,,,,,,,,,0.25,1.0,,,,,,
2010-06-14,0.77,3.28,1.31,1.97,3.06,,1.2277,1.477,91.8,0.25,1.0,,0.4875,,,,
2010-06-15,0.79,3.32,1.32,2.0,3.05,,1.2327,1.4827,91.25,0.25,1.0,,0.488,,,,
2010-06-16,0.75,3.27,1.28,1.99,3.07,2344316.0,1.2323,1.4838,91.39,0.25,1.0,,0.486,,,,
2010-06-17,0.72,3.21,1.22,1.99,3.04,,1.2365,1.4806,90.92,0.25,1.0,,0.4863,,,,
2010-06-18,0.74,3.24,1.25,1.99,3.04,,1.236,1.4787,90.79,0.25,1.0,,0.4878,,,,
2010-06-19,,,,,,,,,,0.25,1.0,,,,,,
2010-06-20,,,,,,,,,,0.25,1.0,,,,,,
2010-06-21,0.74,3.26,1.24,2.02,3.02,,1.2385,1.4826,91.18,0.25,1.0,,0.4895,,,,
2010-06-22,0.71,3.18,1.2,1.98,3.04,,1.2303,1.485,90.59,0.25,1.0,,0.4867,,,,
2010-06-23,0.66,3.13,1.19,1.94,3.05,2344497.0,1.231,1.4952,89.82,0.25,1.0,,0.4874,,,,
2010-06-24,0.67,3.14,1.23,1.91,3.08,,1.2288,1.4986,89.4,0.25,1.0,,0.4882,,,,
2010-06-25,0.65,3.12,1.21,1.91,3.09,,1.2332,1.4985,89.35,0.25,1.0,,0.4872,,,,
2010-06-26,,,,,,,,,,0.25,1.0,,,,,,
2010-06-27,,,,,,,,,,0.25,1.0,,,,,,
2010-06-28,0.62,3.05,1.17,1.88,3.1,,1.2316,1.5098,89.23,0.25,1.0,,0.487,,,,
2010-06-29,0.61,2.97,1.14,1.83,3.12,,1.2187,1.5081,88.39,0.25,1.0,,0.4901,,,,
2010-06-30,0.61,2.97,1.15,1.82,3.08,2330851.0,1.2291,1.4947,88.49,0.25,1.0,,0.5005,,,,
2010-07-01,0.63,2.96,1.21,1.75,3.02,,1.2464,1.5126,87.42,0.25,1.0,3.61038510192208,0.4933,3.5087,0.094,1.075,1.5
2010-07-02,0.63,3.0,1.27,1.73,3.04,,1.2577,1.5179,87.69,0.25,1.0,,0.4895,,,,
2010-07-03,,,,,,,,,,0.25,1.0,,,,,,
2010-07-04,,,,,,,,,,0.25,1.0,,,,,,
2010-07-05,,,,,,,,,,0.25,1.0,,0.4912,,,,
2010-07-06,0.62,2.95,1.26,1.69,3.05,,1.2646,1.518,87.55,0.25,1.0,,0.4914,,,,
2010-07-07,0.63,3.0,1.3,1.7,3.08,2332017.0,1.2594,1.5179,87.16,0.25,1.0,,0.4914,,,,
2010-07-08,0.63,3.04,1.25,1.79,3.07,,1.2683,1.5157,88.44,0.25,1.0,,0.4934,,,,
2010-07-09,0.63,3.07,1.26,1.81,3.07,,1.2639,1.5095,88.48,0.25,1.0,,0.4877,,,,
2010-07-10,,,,,,,,,,0.25,1.0,,,,,,
2010-07-11,,,,,,,,,,0.25,1.0,,,,,,
2010-07-12,0.65,3.08,1.26,1.82,3.05,,1.2573,1.5016,88.53,0.25,1.0,,0.4886,,,,
2010-07-13,0.67,3.15,1.28,1.87,3.03,,1.2719,1.5175,88.24,0.25,1.0,,0.4896,,,,
2010-07-14,0.62,3.07,1.23,1.84,3.02,2340717.0,1.2755,1.5284,88.59,0.25,1.0,,0.4903,,,,
2010-07-15,0.61,3.0,1.21,1.79,3.02,,1.2893,1.5376,87.41,0.25,1.0,,0.4882,,,,
2010-07-16,0.61,2.96,1.25,1.71,3.04,,1.2919,1.5289,86.4,0.25,1.0,,0.4891,,,,
2010-07-17,,,,,,,,,,0.25,1.0,,,,,,
2010-07-18,,,,,,,,,,0.25,1.0,,,,,,
2010-07-19,0.61,2.99,1.29,1.7,3.04,,1.2963,1.5222,86.77,0.25,1.0,,0.4855,,,,
2010-07-20,0.61,2.98,1.28,1.7,2.99,,1.2905,1.5255,87.22,0.25,1.0,,0.4883,,,,
2010-07-21,0.58,2.9,1.19,1.71,2.98,2332322.0,1.2818,1.5201,87.3,0.25,1.0,,0.4896,,,,
2010-07-22,0.6,2.96,1.21,1.75,2.97,,1.2903,1.5283,87.0,0.25,1.0,,0.4914,,,,
2010-07-23,0.6,3.02,1.24,1.78,2.95,,1.2874,1.5425,87.31,0.25,1.0,,0.4897,,,,
2010-07-24,,,,,,,,,,0.25,1.0,,,,,,
2010-07-25,,,,,,,,,,0.25,1.0,,,,,,
2010-07-26,0.62,3.03,1.24,1.79,2.92,,1.2983,1.549,87.2,0.25,1.0,,0.4934,,,,
2010-07-27,0.65,3.08,1.26,1.82,2.9,,1.2983,1.5538,87.88,0.25,1.0,,0.4899,,,,
2010-07-28,0.61,3.03,1.22,1.81,2.92,2325298.0,1.2998,1.5611,87.62,0.25,1.0,,0.4891,,,,
2010-07-29,0.59,3.03,1.21,1.82,2.92,,1.3064,1.5591,86.87,0.25,1.0,,0.4874,,,,
2010-07-30,0.55,2.94,1.14,1.8,2.91,,1.3069,1.5714,86.43,0.25,1.0,,0.4916,,,,
2010-07-31,,,,,,,,,,0.25,1.0,,,,,,
2010-08-01,,,,,,,,,,0.25,1.0,3.43788182751189,,3.233,0.095,1.023,1.192
2010-08-02,0.56,2.99,1.13,1.86,2.9,,1.3174,1.5897,86.42,0.25,1.0,,0.4903,,,,
2010-08-03,0.53,2.94,1.07,1.87,2.92,,1.3239,1.5941,85.88,0.25,1.0,,0.4889,,,,
2010-08-04,0.56,2.98,1.12,1.86,2.9,2326479.0,1.3158,1.5887,86.26,0.25,1.0,,0.4906,,,,
2010-08-05,0.53,2.94,1.07,1.87,2.93,,1.3157,1.586,85.83,0.25,1.0,,0.4902,,,,
2010-08-06,0.5,2.86,1.04,1.82,2.94,,1.3282,1.5979,85.25,0.25,1.0,,0.4909,,,,
2010-08-07,,,,,,,,,,0.25,1.0,,,,,,
2010-08-08,,,,,,,,,,0.25,1.0,,,,,,
2010-08-09,0.54,2.86,1.04,1.82,2.95,,1.3241,1.5945,85.88,0.25,1.0,,0.4897,,,,
2010-08-10,0.52,2.79,0.95,1.84,3.05,,1.3095,1.5776,85.88,0.25,1.0,,0.489,,,,
2010-08-11,0.54,2.72,0.95,1.77,3.03,2327533.0,1.2899,1.5688,85.36,0.25,1.0,,0.4894,,,,
2010-08-12,0.55,2.74,1.05,1.69,3.04,,1.2866,1.5573,85.83,0.25,1.0,,0.4904,,,,
2010-08-13,0.54,2.68,1.0,1.68,3.05,,1.2767,1.558,86.2,0.25,1.0,,0.4903,,,,
2010-08-14,,,,,,,,,,0.25,1.0,,,,,,
2010-08-15,,,,,,,,,,0.25,1.0,,,,,,
2010-08-16,0.51,2.58,0.95,1.63,3.0,,1.2838,1.5679,85.33,0.25,1.0,,0.4893,,,,
2010-08-17,0.52,2.64,1.01,1.63,2.99,,1.289,1.5586,85.51,0.25,1.0,,0.4895,,,,
2010-08-18,0.51,2.64,1.02,1.62,2.94,2313662.0,1.2872,1.5619,85.31,0.25,1.0,,0.4879,,,,
2010-08-19,0.49,2.58,1.02,1.56,2.93,,1.2837,1.5612,85.27,0.25,1.0,,0.4889,,,,
2010-08-20,0.49,2.62,1.05,1.57,2.9,,1.2687,1.5515,85.63,0.25,1.0,,0.4913,,,,
2010-08-21,,,,,,,,,,0.25,1.0,,,,,,
2010-08-22,,,,,,,,,,0.25,1.0,,,,,,
2010-08-23,0.49,2.6,1.05,1.55,2.94,,1.2663,1.5532,85.16,0.25,1.0,,0.4906,,,,
2010-08-24,0.5,2.5,1.01,1.49,2.95,,1.2675,1.5471,84.16,0.25,1.0,,0.4891,,,,
2010-08-25,0.53,2.54,1.01,1.53,2.94,2301015.0,1.2652,1.546,84.56,0.25,1.0,,0.4937,,,,
2010-08-26,0.51,2.5,0.95,1.55,2.95,,1.2717,1.5574,84.61,0.25,1.0,,0.4928,,,,
2010-08-27,0.56,2.66,1.05,1.61,2.96,,1.2765,1.5528,85.1,0.25,1.0,,0.4969,,,,
2010-08-28,,,,,,,,,,0.25,1.0,,,,,,
2010-08-29,,,,,,,,,,0.25,1.0,,,,,,
2010-08-30,0.5,2.54,0.99,1.55,2.99,,1.2686,1.5473,84.67,0.25,1.0,,,,,,
2010-08-31,0.47,2.47,0.95,1.52,3.01,,1.2704,1.5358,84.1,0.25,1.0,,0.5007,,,,
2010-09-01,0.5,2.58,1.02,1.56,3.01,2301996.0,1.2813,1.5472,84.48,0.25,1.0,3.49211667165418,0.4929,3.1271,0.091,0.898,1.372
2010-09-02,0.5,2.63,1.05,1.58,3.02,,1.2824,1.5393,84.15,0.25,1.0,,0.4961,,,,
2010-09-03,0.52,2.72,1.1,1.62,2.97,,1.2885,1.5452,84.45,0.25,1.0,,0.4979,,,,
2010-09-04,,,,,,,,,,0.25,1.0,,,,,,
2010-09-05,,,,,,,,,,0.25,1.0,,,,,,
2010-09-06,,,,,,,,,,0.25,1.0,,0.4974,,,,
2010-09-07,0.49,2.61,0.98,1.63,2.96,,1.2723,1.5315,83.75,0.25,1.0,,0.4966,,,,
2010-09-08,0.52,2.66,1.02,1.64,2.95,2305802.0,1.2727,1.5513,83.85,0.25,1.0,,0.4956,,,,
2010-09-09,0.57,2.77,1.05,1.72,2.96,,1.2708,1.5448,83.83,0.25,1.0,,0.4959,,,,
2010-09-10,0.58,2.81,1.02,1.79,2.94,,1.2731,1.5387,84.13,0.25,1.0,,0.4994,,,,
2010-09-11,,,,,,,,,,0.25,1.0,,,,,,
2010-09-12,,,,,,,,,,0.25,1.0,,,,,,
2010-09-13,0.53,2.74,0.94,1.8,2.97,,1.289,1.5466,83.53,0.25,1.0,,0.4974,,,,
2010-09-14,0.5,2.68,0.93,1.75,2.97,,1.3014,1.5559,83.05,0.25,1.0,,0.4994,,,,
2010-09-15,0.5,2.74,0.97,1.77,3.0,2296079.0,1.3008,1.5641,85.63,0.25,1.0,,0.4974,,,,
2010-09-16,0.48,2.77,1.0,1.77,3.02,,1.3079,1.5612,85.72,0.25,1.0,,0.5027,,,,
2010-09-17,0.48,2.75,1.0,1.75,3.03,,1.3046,1.5635,85.77,0.25,1.0,,0.5066,,,,
2010-09-18,,,,,,,,,,0.25,1.0,,,,,,
2010-09-19,,,,,,,,,,0.25,1.0,,,,,,
2010-09-20,0.47,2.72,0.94,1.78,3.02,,1.3074,1.5564,85.74,0.25,1.0,,0.5042,,,,
2010-09-21,0.43,2.61,0.78,1.83,3.05,,1.3136,1.5551,85.36,0.25,1.0,,0.501,,,,
2010-09-22,0.44,2.56,0.74,1.82,3.05,2307171.0,1.3385,1.5649,84.37,0.25,1.0,,0.5005,,,,
2010-09-23,0.45,2.56,0.77,1.79,3.04,,1.3344,1.5723,84.32,0.25,1.0,,0.5011,,,,
2010-09-24,0.45,2.62,0.81,1.81,3.05,,1.3476,1.5829,84.24,0.25,1.0,,0.5043,,,,
2010-09-25,,,,,,,,,,0.25,1.0,,,,,,
2010-09-26,,,,,,,,,,0.25,1.0,,,,,,
2010-09-27,0.44,2.54,0.79,1.75,3.04,,1.3475,1.5851,84.17,0.25,1.0,,0.5068,,,,
2010-09-28,0.37,2.48,0.69,1.79,3.06,,1.3583,1.5808,83.82,0.25,1.0,,0.5019,,,,
2010-09-29,0.44,2.52,0.74,1.78,3.06,2298691.0,1.3638,1.5812,83.61,0.25,1.0,,0.5035,,,,
2010-09-30,0.42,2.53,0.75,1.78,3.05,,1.3601,1.5731,83.53,0.25,1.0,,0.5227,,,,
2010-10-01,0.42,2.54,0.75,1.79,3.07,,1.3754,1.5829,83.3,0.25,1.0,3.32932440414292,0.5213,3.0685,0.091,0.903,1.458
2010-10-02,,,,,,,,,,0.25,1.0,,,,,,
2010-10-03,,,,,,,,,,0.25,1.0,,,,,,
2010-10-04,0.41,2.5,0.72,1.78,3.1,,1.3688,1.5849,83.33,0.25,1.0,,0.5092,,,,
2010-10-05,0.41,2.5,0.65,1.85,3.11,,1.3834,1.5915,83.17,0.25,1.0,,0.506,,,,
2010-10-06,0.38,2.41,0.52,1.89,3.13,2308092.0,1.3924,1.5903,82.8,0.25,1.0,,0.5067,,,,
2010-10-07,0.36,2.41,0.53,1.88,3.18,,1.3921,1.593,82.35,0.25,1.0,,0.5026,,,,
2010-10-08,0.35,2.41,0.45,1.96,3.21,,1.3923,1.5951,81.86,0.25,1.0,,0.5028,,,,
2010-10-09,,,,,,,,,,0.25,1.0,,,,,,
2010-10-10,,,,,,,,,,0.25,1.0,,,,,,
2010-10-11,,,,,,,,,,0.25,1.0,,0.505,,,,
2010-10-12,0.37,2.44,0.49,1.95,3.22,,1.3846,1.5799,81.74,0.25,1.0,,0.504,,,,
2010-10-13,0.37,2.46,0.44,2.02,3.22,2309885.0,1.3964,1.5843,81.81,0.25,1.0,,0.5041,,,,
2010-10-14,0.38,2.52,0.41,2.11,3.23,,1.4066,1.5992,81.44,0.25,1.0,,0.5102,,,,
2010-10-15,0.37,2.59,0.5,2.09,3.26,,1.3998,1.6027,81.32,0.25,1.0,,0.514,,,,
2010-10-16,,,,,,,,,,0.25,1.0,,,,,,
2010-10-17,,,,,,,,,,0.25,1.0,,,,,,
2010-10-18,0.38,2.52,0.47,2.05,3.26,,1.3978,1.5907,81.16,0.25,1.0,,0.5073,,,,
2010-10-19,0.37,2.5,0.44,2.06,3.25,,1.3827,1.5739,81.6,0.25,1.0,,0.5097,,,,
2010-10-20,0.35,2.51,0.47,2.04,3.23,2305227.0,1.3949,1.5857,81.14,0.25,1.0,,0.5091,,,,
2010-10-21,0.37,2.57,0.5,2.07,3.2,,1.3973,1.5753,81.16,0.25,1.0,,0.5075,,,,
2010-10-22,0.35,2.59,0.5,2.09,3.18,,1.3904,1.5677,81.48,0.25,1.0,,0.5095,,,,
2010-10-23,,,,,,,,,,0.25,1.0,,,,,,
2010-10-24,,,,,,,,,,0.25,1.0,,,,,,
2010-10-25,0.37,2.59,0.45,2.14,3.13,,1.3986,1.5748,80.61,0.25,1.0,,0.5056,,,,
2010-10-26,0.4,2.67,0.52,2.15,3.13,,1.3873,1.5871,81.28,0.25,1.0,,0.5087,,,,
2010-10-27,0.4,2.75,0.62,2.13,3.09,2295392.0,1.3788,1.5782,81.55,0.25,1.0,,0.5111,,,,
2010-10-28,0.37,2.69,0.57,2.12,3.16,,1.3929,1.5945,80.99,0.25,1.0,,0.5069,,,,
2010-10-29,0.34,2.63,0.5,2.13,3.15,,1.3894,1.602,80.48,0.25,1.0,,0.5124,,,,
2010-10-30,,,,,,,,,,0.25,1.0,,,,,,
2010-10-31,,,,,,,,,,0.25,1.0,,,,,,
2010-11-01,0.34,2.66,0.49,2.17,3.13,,1.3888,1.605,80.66,0.25,1.0,3.7182547054332,0.5117,3.311,0.091,1.161,1.558
2010-11-02,0.34,2.63,0.49,2.14,3.08,,1.4026,1.601,80.8,0.25,1.0,,0.5084,,,,
2010-11-03,0.34,2.67,0.5,2.17,3.16,2300353.0,1.4014,1.608,81.41,0.25,1.0,,0.5078,,,,
2010-11-04,0.33,2.53,0.44,2.09,3.24,,1.4224,1.6282,80.61,0.25,1.0,,0.5045,,,,
2010-11-05,0.38,2.58,0.48,2.1,3.27,,1.4033,1.6211,81.35,0.25,1.0,,0.5101,,,,
2010-11-06,,,,,,,,,,0.25,1.0,,,,,,
2010-11-07,,,,,,,,,,0.25,1.0,,,,,,
2010-11-08,0.41,2.6,0.48,2.12,3.25,,1.3927,1.615,81.14,0.25,1.0,,0.5106,,,,
2010-11-09,0.46,2.72,0.58,2.14,3.25,,1.3865,1.605,81.15,0.25,1.0,,0.5065,,,,
2010-11-10,0.44,2.65,0.56,2.09,3.31,2312768.0,1.3728,1.6071,82.53,0.25,1.0,,0.5079,,,,
2010-11-11,,,,,,,,,,0.25,1.0,,0.5063,,,,
2010-11-12,0.51,2.76,0.71,2.05,3.24,,1.37,1.6172,82.44,0.25,1.0,,0.5075,,,,
2010-11-13,,,,,,,,,,0.25,1.0,,,,,,
2010-11-14,,,,,,,,,,0.25,1.0,,,,,,
2010-11-15,0.53,2.92,0.87,2.05,3.2,,1.3615,1.6064,82.9,0.25,1.0,,0.5065,,,,
2010-11-16,0.51,2.85,0.87,1.98,3.15,,1.3517,1.5881,83.41,0.25,1.0,,0.5049,,,,
2010-11-17,0.5,2.89,0.84,2.05,3.13,2314757.0,1.3555,1.5941,83.15,0.25,1.0,,0.5045,,,,
2010-11-18,0.52,2.9,0.83,2.07,3.12,,1.3618,1.601,83.64,0.25,1.0,,0.504,,,,
2010-11-19,0.52,2.88,0.77,2.11,3.11,,1.3654,1.5961,83.49,0.25,1.0,,0.5088,,,,
2010-11-20,,,,,,,,,,0.25,1.0,,,,,,
2010-11-21,,,,,,,,,,0.25,1.0,,,,,,
2010-11-22,0.49,2.8,0.7,2.1,3.14,,1.3612,1.5932,83.46,0.25,1.0,,0.505,,,,
2010-11-23,0.45,2.77,0.69,2.08,3.13,,1.3388,1.5824,82.86,0.25,1.0,,0.5065,,,,
2010-11-24,0.53,2.93,0.8,2.13,3.1,2346001.0,1.335,1.5774,83.38,0.25,1.0,,0.5081,,,,
2010-11-25,,,,,,,,,,0.25,1.0,,0.5094,,,,
2010-11-26,0.51,2.87,0.75,2.12,3.07,,1.3243,1.5616,84.08,0.25,1.0,,0.5134,,,,
2010-11-27,,,,,,,,,,0.25,1.0,,,,,,
2010-11-28,,,,,,,,,,0.25,1.0,,,,,,
2010-11-29,0.52,2.84,0.73,2.11,3.04,,1.3092,1.5557,84.34,0.25,1.0,,0.5121,,,,
2010-11-30,0.45,2.81,0.74,2.07,3.03,,1.3036,1.5578,83.56,0.25,1.0,,0.524,,,,
2010-12-01,0.53,2.97,0.83,2.14,3.01,2346920.0,1.3149,1.5603,84.0,0.25,1.0,4.053499315071711,0.5234,3.6098,0.087,1.133,1.674
2010-12-02,0.55,3.01,0.84,2.17,2.99,,1.3228,1.561,83.53,0.25,1.0,,0.5167,,,,
2010-12-03,0.49,3.03,0.86,2.17,3.02,,1.3367,1.5723,82.73,0.25,1.0,,0.5145,,,,
2010-12-04,,,,,,,,,,0.25,1.0,,,,,,
2010-12-05,,,,,,,,,,0.25,1.0,,,,,,
2010-12-06,0.42,2.95,0.79,2.16,3.02,,1.3275,1.568,82.7,0.25,1.0,,0.5145,,,,
2010-12-07,0.54,3.15,0.92,2.23,2.99,,1.3323,1.5802,83.04,0.25,1.0,,0.5129,,,,
2010-12-08,0.63,3.26,1.07,2.19,2.9,2382294.0,1.3242,1.5792,84.16,0.25,1.0,,0.5185,,,,
2010-12-09,0.64,3.23,1.09,2.14,2.86,,1.3206,1.5733,83.85,0.25,1.0,,0.5161,,,,
2010-12-10,0.64,3.32,1.16,2.16,2.79,,1.3242,1.5809,83.87,0.25,1.0,,0.5192,,,,
2010-12-11,,,,,,,,,,0.25,1.0,,,,,,
2010-12-12,,,,,,,,,,0.25,1.0,,,,,,
2010-12-13,0.61,3.29,1.11,2.18,2.8,,1.3389,1.5882,83.57,0.25,1.0,,0.5117,,,,
2010-12-14,0.66,3.49,1.27,2.22,2.75,,1.3395,1.5795,83.52,0.25,1.0,,0.5175,,,,
2010-12-15,0.68,3.53,1.22,2.31,2.74,2385754.0,1.3306,1.5613,84.04,0.25,1.0,,0.5133,,,,
2010-12-16,0.66,3.47,1.15,2.32,2.77,,1.3206,1.5612,84.23,0.25,1.0,,0.5149,,,,
2010-12-17,0.61,3.33,1.05,2.28,2.73,,1.3155,1.548,84.15,0.25,1.0,,0.5164,,,,
2010-12-18,,,,,,,,,,0.25,1.0,,,,,,
2010-12-19,,,,,,,,,,0.25,1.0,,,,,,
2010-12-20,0.62,3.36,1.07,2.29,2.75,,1.3124,1.5521,83.72,0.25,1.0,,0.5113,,,,
2010-12-21,0.63,3.35,1.06,2.29,2.72,,1.3131,1.5462,83.76,0.25,1.0,,0.5134,,,,
2010-12-22,0.65,3.36,1.03,2.33,2.73,2427921.0,1.3089,1.539,83.56,0.25,1.0,,0.5144,,,,
2010-12-23,0.67,3.41,1.08,2.33,2.7,,1.3101,1.54,82.97,0.25,1.0,,0.5118,,,,
2010-12-24,,,,,,,,,,0.25,1.0,,0.5208,,,,
2010-12-25,,,,,,,,,,0.25,1.0,,,,,,
2010-12-26,,,,,,,,,,0.25,1.0,,,,,,
2010-12-27,0.71,3.36,1.06,2.3,2.7,,1.3146,1.5382,82.91,0.25,1.0,,,,,,
2010-12-28,0.75,3.5,1.17,2.33,2.68,,1.3122,1.5361,82.21,0.25,1.0,,,,,,
2010-12-29,0.64,3.35,1.06,2.29,2.7,2420570.0,1.3183,1.5463,81.9,0.25,1.0,,0.5129,,,,
2010-12-30,0.66,3.38,1.08,2.3,2.69,,1.3269,1.5392,81.67,0.25,1.0,,0.5131,,,,
2010-12-31,0.61,3.3,1.0,2.3,2.68,,,,,0.25,1.0,,0.5564,,,,
2011-01-01,,,,,,,,,,0.25,1.0,3.9326299436839114,,3.7273,0.085,1.213,1.818
2011-01-02,,,,,,,,,,0.25,1.0,,,,,,
2011-01-03,0.61,3.36,1.05,2.31,2.68,,1.3371,1.549,81.56,0.25,1.0,,,,,,
2011-01-04,0.63,3.36,1.01,2.35,2.71,,1.3306,1.5586,81.96,0.25,1.0,,0.511,,,,
2011-01-05,0.71,3.5,1.08,2.42,2.67,2436064.0,1.3171,1.5497,83.22,0.25,1.0,,0.5071,,,,
2011-01-06,0.68,3.44,1.03,2.41,2.67,,1.3027,1.549,83.15,0.25,1.0,,0.5052,,,,
2011-01-07,0.6,3.34,0.98,2.36,2.73,,1.2944,1.556,83.04,0.25,1.0,,0.5069,,,,
2011-01-08,,,,,,,,,,0.25,1.0,,,,,,
2011-01-09,,,,,,,,,,0.25,1.0,,,,,,
2011-01-10,0.59,3.32,0.96,2.36,2.75,,1.2945,1.5583,82.78,0.25,1.0,,0.5081,,,,
2011-01-11,0.6,3.37,0.97,2.4,2.68,,1.2978,1.5628,83.36,0.25,1.0,,0.5029,,,,
2011-01-12,0.61,3.4,0.98,2.42,2.68,2468131.0,1.3066,1.5716,83.29,0.25,1.0,,0.5034,,,,
2011-01-13,0.59,3.34,0.97,2.37,2.71,,1.3364,1.587,82.72,0.25,1.0,,0.5038,,,,
2011-01-14,0.59,3.35,1.0,2.35,2.74,,1.3328,1.5874,82.99,0.25,1.0,,0.5041,,,,
2011-01-15,,,,,,,,,,0.25,1.0,,,,,,
2011-01-16,,,,,,,,,,0.25,1.0,,,,,,
2011-01-17,,,,,,,,,,0.25,1.0,,0.5036,,,,
2011-01-18,0.6,3.39,0.99,2.4,2.72,,1.3399,1.6,82.66,0.25,1.0,,0.5065,,,,
2011-01-19,0.6,3.37,0.99,2.38,2.7,2425164.0,1.3495,1.5991,82.03,0.25,1.0,,0.5068,,,,
2011-01-20,0.65,3.47,1.22,2.25,2.7,,1.3443,1.5875,83.02,0.25,1.0,,0.5023,,,,
2011-01-21,0.63,3.44,1.2,2.24,2.68,,1.3581,1.5997,82.63,0.25,1.0,,0.5062,,,,
2011-01-22,,,,,,,,,,0.25,1.0,,,,,,
2011-01-23,,,,,,,,,,0.25,1.0,,,,,,
2011-01-24,0.65,3.43,1.18,2.25,2.67,,1.3653,1.5995,82.44,0.25,1.0,,0.5059,,,,
2011-01-25,0.62,3.35,1.11,2.24,2.66,,1.3644,1.5818,82.35,0.25,1.0,,0.5036,,,,
2011-01-26,0.62,3.45,1.16,2.29,2.68,2443527.0,1.3688,1.5886,82.27,0.25,1.0,,0.505,,,,
2011-01-27,0.59,3.42,1.16,2.26,2.67,,1.3688,1.5905,83.03,0.25,1.0,,0.5071,,,,
2011-01-28,0.54,3.36,1.09,2.27,2.7,,1.3607,1.5838,82.03,0.25,1.0,,0.5079,,,,
2011-01-29,,,,,,,,,,0.25,1.0,,,,,,
2011-01-30,,,,,,,,,,0.25,1.0,,,,,,
2011-01-31,0.58,3.42,1.08,2.34,2.68,,1.3715,1.6042,81.97,0.25,1.0,,0.5108,,,,
2011-02-01,0.61,3.48,1.11,2.37,2.66,,1.3793,1.6124,81.48,0.25,1.0,4.474787617347671,0.5017,3.8799,0.093,1.241,1.897
2011-02-02,0.67,3.52,1.16,2.36,2.64,2469419.0,1.3779,1.6167,81.82,0.25,1.0,,0.5024,,,,
2011-02-03,0.71,3.58,1.23,2.35,2.61,,1.3654,1.6159,81.48,0.25,1.0,,0.5039,,,,
2011-02-04,0.77,3.68,1.3,2.38,2.57,,1.3584,1.6089,81.99,0.25,1.0,,0.5094,,,,
2011-02-05,,,,,,,,,,0.25,1.0,,,,,,
2011-02-06,,,,,,,,,,0.25,1.0,,,,,,
2011-02-07,0.78,3.68,1.32,2.36,2.53,,1.3557,1.6111,82.4,0.25,1.0,,0.4999,,,,
2011-02-08,0.86,3.75,1.39,2.36,2.5,,1.3687,1.6091,81.92,0.25,1.0,,0.5048,,,,
2011-02-09,0.81,3.65,1.34,2.31,2.53,2500481.0,1.3688,1.6089,82.47,0.25,1.0,,0.5047,,,,
2011-02-10,0.85,3.7,1.39,2.31,2.55,,1.3637,1.6132,83.11,0.25,1.0,,0.5083,,,,
2011-02-11,0.85,3.64,1.36,2.28,2.56,,1.352,1.5986,83.52,0.25,1.0,,0.5157,,,,
2011-02-12,,,,,,,,,,0.25,1.0,,,,,,
2011-02-13,,,,,,,,,,0.25,1.0,,,,,,
2011-02-14,0.87,3.62,1.34,2.28,2.53,,1.3474,1.6023,83.32,0.25,1.0,,0.5118,,,,
2011-02-15,0.84,3.61,1.33,2.28,2.53,,1.3494,1.6128,83.79,0.25,1.0,,0.5152,,,,
2011-02-16,0.86,3.62,1.37,2.25,2.53,2508868.0,1.3547,1.6063,83.73,0.25,1.0,,0.5093,,,,
2011-02-17,0.8,3.58,1.31,2.27,2.56,,1.3612,1.6172,83.25,0.25,1.0,,0.5091,,,,
2011-02-18,0.78,3.59,1.25,2.34,2.58,,1.3673,1.6245,83.22,0.25,1.0,,0.5107,,,,
2011-02-19,,,,,,,,,,0.25,1.0,,,,,,
2011-02-20,,,,,,,,,,0.25,1.0,,,,,,
2011-02-21,,,,,,,,,,0.25,1.0,,0.5102,,,,
2011-02-22,0.74,3.46,1.12,2.34,2.62,,1.3661,1.6129,82.94,0.25,1.0,,0.51,,,,
2011-02-23,0.74,3.49,1.1,2.39,2.6,2533221.0,1.3758,1.6221,82.39,0.25,1.0,,0.5078,,,,
2011-02-24,0.73,3.46,1.05,2.41,2.59,,1.3794,1.6106,81.67,0.25,1.0,,0.5087,,,,
2011-02-25,0.72,3.42,1.02,2.4,2.6,,1.3757,1.6078,81.76,0.25,1.0,,0.5102,,,,
2011-02-26,,,,,,,,,,0.25,1.0,,,,,,
2011-02-27,,,,,,,,,,0.25,1.0,,,,,,
2011-02-28,0.69,3.42,1.03,2.39,2.57,,1.3793,1.6247,81.94,0.25,1.0,,0.5136,,,,
2011-03-01,0.66,3.41,1.0,2.41,2.59,,1.3813,1.6309,81.86,0.25,1.0,4.487934587834,0.5105,3.7386,0.085,1.214,1.931
2011-03-02,0.69,3.46,1.01,2.45,2.6,2545119.0,1.3869,1.6311,81.62,0.25,1.0,,0.5086,,,,
2011-03-03,0.79,3.58,1.09,2.49,2.55,,1.3947,1.6266,82.41,0.25,1.0,,0.5122,,,,
2011-03-04,0.68,3.49,1.0,2.49,2.6,,1.3983,1.625,82.35,0.25,1.0,,0.5155,,,,
2011-03-05,,,,,,,,,,0.25,1.0,,,,,,
2011-03-06,,,,,,,,,,0.25,1.0,,,,,,
2011-03-07,0.7,3.51,1.0,2.51,2.59,,1.3976,1.6204,82.12,0.25,1.0,,0.5176,,,,
2011-03-08,0.73,3.56,1.01,2.55,2.59,,1.3912,1.6164,82.69,0.25,1.0,,0.5138,,,,
2011-03-09,0.7,3.48,0.98,2.5,2.61,2577076.0,1.3906,1.6202,82.78,0.25,1.0,,0.5107,,,,
2011-03-10,0.65,3.37,0.91,2.46,2.66,,1.3823,1.6063,82.98,0.25,1.0,,0.5124,,,,
2011-03-11,0.64,3.4,0.96,2.44,2.63,,1.3864,1.6033,81.77,0.25,1.0,,0.5142,,,,
2011-03-12,,,,,,,,,,0.25,1.0,,,,,,
2011-03-13,,,,,,,,,,0.25,1.0,,,,,,
2011-03-14,0.61,3.36,0.93,2.43,2.65,,1.3975,1.6181,81.65,0.25,1.0,,0.5154,,,,
2011-03-15,0.63,3.33,0.93,2.4,2.68,,1.3968,1.6064,80.82,0.25,1.0,,0.5129,,,,
2011-03-16,0.58,3.22,0.85,2.37,2.71,2583046.0,1.3922,1.6028,80.17,0.25,1.0,,0.5133,,,,
2011-03-17,0.6,3.25,0.82,2.43,2.72,,1.4021,1.6143,78.74,0.25,1.0,,0.5156,,,,
2011-03-18,0.61,3.28,0.85,2.43,2.69,,1.4141,1.6187,81.14,0.25,1.0,,0.5183,,,,
2011-03-19,,,,,,,,,,0.25,1.0,,,,,,
2011-03-20,,,,,,,,,,0.25,1.0,,,,,,
2011-03-21,0.67,3.34,0.9,2.44,2.64,,1.4184,1.6276,81.11,0.25,1.0,,0.5166,,,,
2011-03-22,0.68,3.34,0.95,2.39,2.64,,1.4212,1.6387,81.0,0.25,1.0,,0.517,,,,
2011-03-23,0.69,3.36,0.98,2.38,2.63,2601341.0,1.4124,1.6246,80.94,0.25,1.0,,0.5078,,,,
2011-03-24,0.72,3.42,0.95,2.47,2.59,,1.42,1.6159,80.82,0.25,1.0,,0.5125,,,,
2011-03-25,0.79,3.46,1.02,2.44,2.58,,1.4144,1.6086,81.12,0.25,1.0,,0.5188,,,,
2011-03-26,,,,,,,,,,0.25,1.0,,,,,,
2011-03-27,,,,,,,,,,0.25,1.0,,,,,,
2011-03-28,0.81,3.47,1.01,2.46,2.56,,1.4104,1.6024,81.67,0.25,1.0,,0.5175,,,,
2011-03-29,0.81,3.5,1.03,2.47,2.59,,1.409,1.5983,82.38,0.25,1.0,,0.5139,,,,
2011-03-30,0.8,3.47,1.0,2.47,2.59,2622523.0,1.4095,1.6038,82.98,0.25,1.0,,0.5202,,,,
2011-03-31,0.8,3.47,0.99,2.48,2.58,,1.4183,1.6048,82.76,0.25,1.0,,0.5396,,,,
2011-04-01,0.8,3.46,0.94,2.52,2.58,,1.4215,1.6132,84.05,0.25,1.0,4.66041137228633,0.5283,3.7619,0.062,1.215,2.083
2011-04-02,,,,,,,,,,0.25,1.0,,,,,,
2011-04-03,,,,,,,,,,0.25,1.0,,,,,,
2011-04-04,0.77,3.45,0.91,2.54,2.58,,1.4221,1.6129,83.98,0.25,1.0,,0.5153,,,,
2011-04-05,0.84,3.5,0.94,2.56,2.55,,1.423,1.6282,84.65,0.25,1.0,,0.5166,,,,
2011-04-06,0.85,3.56,0.99,2.57,2.55,2648676.0,1.4333,1.6314,85.26,0.25,1.0,,0.5127,,,,
2011-04-07,0.81,3.58,0.99,2.59,2.57,,1.4287,1.6304,84.98,0.25,1.0,,0.5123,,,,
2011-04-08,0.83,3.59,0.95,2.64,2.56,,1.4437,1.6341,84.99,0.25,1.0,,0.5258,,,,
2011-04-09,,,,,,,,,,0.25,1.0,,,,,,
2011-04-10,,,,,,,,,,0.25,1.0,,,,,,
2011-04-11,0.85,3.59,0.96,2.63,2.55,,1.4454,1.6386,84.58,0.25,1.0,,0.5196,,,,
2011-04-12,0.77,3.52,0.9,2.62,2.58,,1.4455,1.6263,83.79,0.25,1.0,,0.5155,,,,
2011-04-13,0.75,3.49,0.88,2.61,2.58,2665408.0,1.4477,1.6285,83.59,0.5,1.25,,0.514,,,,
2011-04-14,0.77,3.51,0.89,2.62,2.55,,1.4464,1.635,83.23,0.5,1.25,,0.5191,,,,
2011-04-15,0.71,3.43,0.82,2.61,2.56,,1.4443,1.6325,83.13,0.5,1.25,,0.5155,,,,
2011-04-16,,,,,,,,,,0.5,1.25,,,,,,
2011-04-17,,,,,,,,,,0.5,1.25,,,,,,
2011-04-18,0.69,3.4,0.8,2.6,2.58,,1.4211,1.6229,82.43,0.5,1.25,,0.5239,,,,
2011-04-19,0.68,3.39,0.76,2.63,2.56,,1.4319,1.6315,82.41,0.5,1.25,,0.5242,,,,
2011-04-20,0.69,3.43,0.82,2.61,2.55,2685782.0,1.4513,1.6405,82.58,0.5,1.25,,0.5233,,,,
2011-04-21,0.68,3.42,0.83,2.59,2.57,,1.4585,1.6572,81.81,0.5,1.25,,0.5363,,,,
2011-04-22,,,,,,,1.4545,1.6517,81.92,0.5,1.25,,,,,,
2011-04-23,,,,,,,,,,0.5,1.25,,,,,,
2011-04-24,,,,,,,,,,0.5,1.25,,,,,,
2011-04-25,0.67,3.39,0.79,2.6,2.58,,1.4576,1.6497,81.93,0.5,1.25,,,,,,
2011-04-26,0.65,3.34,0.76,2.58,2.57,,1.4625,1.6465,81.93,0.5,1.25,,0.536,,,,
2011-04-27,0.65,3.39,0.81,2.58,2.57,2690985.0,1.4659,1.653,82.6,0.5,1.25,,0.5365,,,,
2011-04-28,0.62,3.34,0.78,2.56,2.59,,1.4785,1.6636,81.57,0.5,1.25,,0.5572,,,,
2011-04-29,0.61,3.32,0.75,2.57,2.58,,1.4821,1.6691,81.31,0.5,1.25,,,,,,
2011-04-30,,,,,,,,,,0.5,1.25,,,,,,
2011-05-01,,,,,,,,,,0.5,1.25,4.36747925922629,,3.5053,0.069,1.118,1.849
2011-05-02,0.61,3.31,0.75,2.56,2.57,,1.487,1.669,81.23,0.5,1.25,,,,,,
2011-05-03,0.61,3.28,0.73,2.55,2.57,,1.4875,1.6536,81.02,0.5,1.25,,0.5402,,,,
2011-05-04,0.6,3.25,0.7,2.55,2.56,2718757.0,1.4859,1.6524,80.69,0.5,1.25,,0.5365,,,,
2011-05-05,0.58,3.18,0.7,2.48,2.59,,1.4583,1.6427,80.12,0.5,1.25,,0.534,,,,
2011-05-06,0.57,3.19,0.71,2.48,2.6,,1.4495,1.6417,80.51,0.5,1.25,,0.5256,,,,
2011-05-07,,,,,,,,,,0.5,1.25,,,,,,
2011-05-08,,,,,,,,,,0.5,1.25,,,,,,
2011-05-09,0.57,3.17,0.69,2.48,2.64,,1.4301,1.6338,80.66,0.5,1.25,,0.5263,,,,
2011-05-10,0.59,3.23,0.74,2.49,2.61,,1.4358,1.6331,80.75,0.5,1.25,,0.52,,,,
2011-05-11,0.56,3.19,0.76,2.43,2.61,2744498.0,1.4269,1.6412,80.78,0.5,1.25,,0.5156,,,,
2011-05-12,0.57,3.22,0.79,2.43,2.64,,1.4229,1.629,80.75,0.5,1.25,,0.5196,,,,
2011-05-13,0.57,3.18,0.79,2.39,2.64,,1.4141,1.6179,80.76,0.5,1.25,,0.5136,,,,
2011-05-14,,,,,,,,,,0.5,1.25,,,,,,
2011-05-15,,,,,,,,,,0.5,1.25,,,,,,
2011-05-16,0.54,3.15,0.81,2.34,2.6,,1.4219,1.624,80.82,0.5,1.25,,0.5179,,,,
2011-05-17,0.55,3.12,0.82,2.3,2.59,,1.4155,1.6206,81.39,0.5,1.25,,0.5147,,,,
2011-05-18,0.58,3.18,0.82,2.36,2.59,2758009.0,1.427,1.6148,81.37,0.5,1.25,,0.5144,,,,
2011-05-19,0.55,3.17,0.91,2.26,2.61,,1.4254,1.6179,81.78,0.5,1.25,,0.5129,,,,
2011-05-20,0.55,3.15,0.85,2.3,2.63,,1.4172,1.6222,81.64,0.5,1.25,,0.5174,,,,
2011-05-21,,,,,,,,,,0.5,1.25,,,,,,
2011-05-22,,,,,,,,,,0.5,1.25,,,,,,
2011-05-23,0.55,3.13,0.84,2.29,2.62,,1.4015,1.6102,81.81,0.5,1.25,,0.5162,,,,
2011-05-24,0.56,3.12,0.79,2.33,2.62,,1.4107,1.6185,82.12,0.5,1.25,,0.5185,,,,
2011-05-25,0.54,3.13,0.8,2.33,2.64,2774996.0,1.4102,1.6277,81.96,0.5,1.25,,0.5129,,,,
2011-05-26,0.48,3.07,0.76,2.31,2.64,,1.4088,1.6346,81.44,0.5,1.25,,0.5163,,,,
2011-05-27,0.48,3.07,0.79,2.28,2.65,,1.4287,1.6494,80.75,0.5,1.25,,0.5189,,,,
2011-05-28,,,,,,,,,,0.5,1.25,,,,,,
2011-05-29,,,,,,,,,,0.5,1.25,,,,,,
2011-05-30,,,,,,,,,,0.5,1.25,,,,,,
2011-05-31,0.45,3.05,0.8,2.25,2.65,,1.4376,1.6439,81.29,0.5,1.25,,0.5418,,,,
2011-06-01,0.44,2.96,0.74,2.22,2.68,2788723.0,1.4431,1.6391,80.82,0.5,1.25,4.374383777534431,0.5275,3.4144,0.069,1.084,1.739
2011-06-02,0.45,3.04,0.78,2.26,2.7,,1.4426,1.6325,80.98,0.5,1.25,,0.5237,,,,
2011-06-03,0.42,2.99,0.75,2.24,2.73,,1.4604,1.6397,80.38,0.5,1.25,,0.5309,,,,
2011-06-04,,,,,,,,,,0.5,1.25,,,,,,
2011-06-05,,,,,,,,,,0.5,1.25,,,,,,
2011-06-06,0.43,3.01,0.76,2.25,2.75,,1.462,1.6362,80.19,0.5,1.25,,0.5242,,,,
2011-06-07,0.39,3.01,0.76,2.25,2.75,,1.4675,1.6444,80.21,0.5,1.25,,0.5192,,,,
2011-06-08,0.39,2.98,0.76,2.22,2.73,2811206.0,1.4587,1.6381,79.87,0.5,1.25,,0.5224,,,,
2011-06-09,0.43,3.01,0.8,2.21,2.73,,1.4534,1.6382,80.07,0.5,1.25,,0.5226,,,,
2011-06-10,0.41,2.99,0.79,2.2,2.71,,1.4365,1.6254,80.26,0.5,1.25,,0.5259,,,,
2011-06-11,,,,,,,,,,0.5,1.25,,,,,,
2011-06-12,,,,,,,,,,0.5,1.25,,,,,,
2011-06-13,0.4,3.0,0.8,2.2,2.72,,1.4368,1.6308,80.16,0.5,1.25,,0.5256,,,,
2011-06-14,0.45,3.11,0.83,2.28,2.71,,1.4473,1.6388,80.5,0.5,1.25,,0.5205,,,,
2011-06-15,0.38,2.98,0.74,2.24,2.74,2827549.0,1.4221,1.6218,80.71,0.5,1.25,,0.5123,,,,
2011-06-16,0.38,2.93,0.73,2.2,2.75,,1.4155,1.613,80.7,0.5,1.25,,0.5165,,,,
2011-06-17,0.38,2.94,0.75,2.19,2.79,,1.4326,1.6186,80.1,0.5,1.25,,0.5187,,,,
2011-06-18,,,,,,,,,,0.5,1.25,,,,,,
2011-06-19,,,,,,,,,,0.5,1.25,,,,,,
2011-06-20,0.38,2.97,0.79,2.18,2.76,,1.432,1.6206,80.26,0.5,1.25,,0.5182,,,,
2011-06-21,0.4,2.99,0.78,2.21,2.75,,1.4399,1.6232,80.15,0.5,1.25,,0.5179,,,,
2011-06-22,0.39,3.01,0.82,2.19,2.74,2856403.0,1.4403,1.6131,80.06,0.5,1.25,,0.5155,,,,
2011-06-23,0.35,2.93,0.71,2.22,2.76,,1.4166,1.5977,80.45,0.5,1.25,,0.5173,,,,
2011-06-24,0.35,2.88,0.64,2.24,2.83,,1.4189,1.5985,80.32,0.5,1.25,,0.5215,,,,
2011-06-25,,,,,,,,,,0.5,1.25,,,,,,
2011-06-26,,,,,,,,,,0.5,1.25,,,,,,
2011-06-27,0.41,2.95,0.67,2.28,2.87,,1.4282,1.5972,80.89,0.5,1.25,,0.5175,,,,
2011-06-28,0.48,3.05,0.73,2.32,2.81,,1.4368,1.6016,80.85,0.5,1.25,,0.5184,,,,
2011-06-29,0.47,3.14,0.74,2.4,2.75,2865251.0,1.4428,1.607,80.8,0.5,1.25,,0.5307,,,,
2011-06-30,0.45,3.18,0.75,2.43,2.72,,1.4523,1.6067,80.64,0.5,1.25,,0.7368,,,,
2011-07-01,0.5,3.22,0.77,2.45,2.69,,1.4508,1.607,80.81,0.5,1.25,4.596683374523328,0.5205,3.3137,0.073,1.075,1.436
2011-07-02,,,,,,,,,,0.5,1.25,,,,,,
2011-07-03,,,,,,,,,,0.5,1.25,,,,,,
2011-07-04,,,,,,,,,,0.5,1.25,,0.5167,,,,
2011-07-05,0.44,3.16,0.77,2.39,2.74,,1.447,1.6085,81.14,0.5,1.25,,0.5207,,,,
2011-07-06,0.43,3.12,0.74,2.38,2.73,2870103.0,1.4329,1.5998,80.9,0.5,1.25,,0.5205,,,,
2011-07-07,0.49,3.17,0.75,2.42,2.69,,1.4349,1.5967,81.26,0.5,1.25,,0.5171,,,,
2011-07-08,0.4,3.03,0.69,2.34,2.73,,1.4251,1.603,80.64,0.5,1.25,,0.5189,,,,
2011-07-09,,,,,,,,,,0.5,1.25,,,,,,
2011-07-10,,,,,,,,,,0.5,1.25,,,,,,
2011-07-11,0.37,2.94,0.63,2.31,2.76,,1.4034,1.5932,80.37,0.5,1.25,,0.5225,,,,
2011-07-12,0.37,2.92,0.6,2.32,2.77,,1.4014,1.594,79.53,0.5,1.25,,0.518,,,,
2011-07-13,0.37,2.92,0.59,2.33,2.76,2878074.0,1.4167,1.6111,78.99,0.75,1.5,,0.5199,,,,
2011-07-14,0.38,2.98,0.68,2.3,2.76,,1.4182,1.6125,79.11,0.75,1.5,,0.5195,,,,
2011-07-15,0.37,2.94,0.61,2.33,2.8,,1.4156,1.6149,79.03,0.75,1.5,,0.5272,,,,
2011-07-16,,,,,,,,,,0.75,1.5,,,,,,
2011-07-17,,,,,,,,,,0.75,1.5,,,,,,
2011-07-18,0.37,2.94,0.58,2.36,2.84,,1.4042,1.6024,79.1,0.75,1.5,,0.5217,,,,
2011-07-19,0.39,2.91,0.54,2.37,2.78,,1.4156,1.6135,78.91,0.75,1.5,,0.523,,,,
2011-07-20,0.4,2.96,0.62,2.34,2.8,2871301.0,1.4188,1.6139,78.76,0.75,1.5,,0.5238,,,,
2011-07-21,0.4,3.03,0.68,2.35,2.77,,1.4372,1.6301,78.47,0.75,1.5,,0.5215,,,,
2011-07-22,0.4,2.99,0.61,2.38,2.75,,1.4366,1.6319,78.44,0.75,1.5,,0.523,,,,
2011-07-23,,,,,,,,,,0.75,1.5,,,,,,
2011-07-24,,,,,,,,,,0.75,1.5,,,,,,
2011-07-25,0.42,3.03,0.58,2.45,2.77,,1.4357,1.6285,78.31,0.75,1.5,,0.5224,,,,
2011-07-26,0.41,2.99,0.57,2.42,2.76,,1.4495,1.6392,78.04,0.75,1.5,,0.5175,,,,
2011-07-27,0.44,3.01,0.56,2.45,2.73,2863576.0,1.4373,1.6357,77.99,0.75,1.5,,0.524,,,,
2011-07-28,0.42,2.98,0.52,2.46,2.73,,1.4303,1.6338,77.87,0.75,1.5,,0.5242,,,,
2011-07-29,0.36,2.82,0.38,2.44,2.77,,1.4388,1.6455,77.18,0.75,1.5,,0.5562,,,,
2011-07-30,,,,,,,,,,0.75,1.5,,,,,,
2011-07-31,,,,,,,,,,0.75,1.5,,,,,,
2011-08-01,0.38,2.77,0.33,2.44,2.77,,1.4202,1.6278,76.87,0.75,1.5,4.20449278450583,0.5328,2.7833,0.081,1.023,1.133
2011-08-02,0.33,2.66,0.29,2.37,2.74,,1.4232,1.6287,77.13,0.75,1.5,,0.5353,,,,
2011-08-03,0.33,2.64,0.36,2.28,2.72,2867215.0,1.432,1.6406,76.87,0.75,1.5,,0.5352,,,,
2011-08-04,0.27,2.47,0.24,2.23,2.77,,1.4158,1.6308,79.01,0.75,1.5,,0.5266,,,,
2011-08-05,0.28,2.58,0.32,2.26,2.77,,1.4158,1.6362,78.48,0.75,1.5,,0.5241,,,,
2011-08-06,,,,,,,,,,0.75,1.5,,,,,,
2011-08-07,,,,,,,,,,0.75,1.5,,,,,,
2011-08-08,0.27,2.4,0.2,2.2,2.88,,1.4241,1.6354,77.53,0.75,1.5,,0.5258,,,,
2011-08-09,0.19,2.2,0.0,2.2,3.01,,1.4242,1.6194,77.16,0.75,1.5,,0.5258,,,,
2011-08-10,0.19,2.17,-0.13,2.3,3.03,2872423.0,1.4193,1.6169,76.41,0.75,1.5,,0.5278,,,,
2011-08-11,0.19,2.34,0.06,2.28,3.15,,1.423,1.6228,76.68,0.75,1.5,,0.5315,,,,
2011-08-12,0.2,2.24,-0.02,2.26,3.14,,1.4239,1.6284,76.79,0.75,1.5,,0.5328,,,,
2011-08-13,,,,,,,,,,0.75,1.5,,,,,,
2011-08-14,,,,,,,,,,0.75,1.5,,,,,,
2011-08-15,0.19,2.29,0.06,2.23,3.15,,1.4452,1.6387,76.73,0.75,1.5,,0.5373,,,,
2011-08-16,0.2,2.23,0.05,2.18,3.12,,1.4421,1.6424,76.76,0.75,1.5,,0.5401,,,,
2011-08-17,0.19,2.17,0.01,2.16,3.11,2857906.0,1.4436,1.6591,76.46,0.75,1.5,,0.5386,,,,
2011-08-18,0.2,2.08,0.09,1.99,3.12,,1.432,1.6489,76.52,0.75,1.5,,0.5397,,,,
2011-08-19,0.2,2.07,0.02,2.05,3.12,,1.4408,1.6544,76.46,0.75,1.5,,0.5421,,,,
2011-08-20,,,,,,,,,,0.75,1.5,,,,,,
2011-08-21,,,,,,,,,,0.75,1.5,,,,,,
2011-08-22,0.22,2.1,0.03,2.07,3.13,,1.4384,1.6452,76.77,0.75,1.5,,0.5415,,,,
2011-08-23,0.22,2.15,0.13,2.02,3.19,,1.4431,1.6509,76.59,0.75,1.5,,0.5423,,,,
2011-08-24,0.23,2.29,0.25,2.04,3.21,2859433.0,1.4402,1.6375,76.78,0.75,1.5,,0.5438,,,,
2011-08-25,0.22,2.23,0.13,2.1,3.25,,1.438,1.6289,77.38,0.75,1.5,,0.5488,,,,
2011-08-26,0.2,2.19,0.15,2.04,3.25,,1.4463,1.6321,76.62,0.75,1.5,,0.5526,,,,
2011-08-27,,,,,,,,,,0.75,1.5,,,,,,
2011-08-28,,,,,,,,,,0.75,1.5,,,,,,
2011-08-29,0.2,2.28,0.22,2.06,3.25,,1.451,1.6398,76.96,0.75,1.5,,,,,,
2011-08-30,0.2,2.19,0.14,2.05,3.22,,1.4435,1.6279,76.75,0.75,1.5,,0.5437,,,,
2011-08-31,0.2,2.23,0.18,2.05,3.25,2853888.0,1.4406,1.6269,76.5,0.75,1.5,,0.567,,,,
2011-09-01,0.19,2.15,0.07,2.08,3.23,,1.4283,1.6179,76.81,0.75,1.5,4.03449708299734,0.5524,2.504,0.08,0.975,1.003
2011-09-02,0.2,2.02,0.0,2.02,3.18,,1.4203,1.619,76.79,0.75,1.5,,0.5389,,,,
2011-09-03,,,,,,,,,,0.75,1.5,,,,,,
2011-09-04,,,,,,,,,,0.75,1.5,,,,,,
2011-09-05,,,,,,,,,,0.75,1.5,,0.5345,,,,
2011-09-06,0.21,1.98,0.05,1.93,3.21,,1.3999,1.5954,77.48,0.75,1.5,,0.5413,,,,
2011-09-07,0.21,2.05,0.09,1.96,3.25,2858660.0,1.4058,1.5948,77.39,0.75,1.5,,0.54,,,,
2011-09-08,0.19,2.0,0.0,2.0,3.26,,1.3947,1.6021,77.43,0.75,1.5,,0.5438,,,,
2011-09-09,0.17,1.93,-0.03,1.96,3.28,,1.3666,1.587,77.31,0.75,1.5,,0.5415,,,,
2011-09-10,,,,,,,,,,0.75,1.5,,,,,,
2011-09-11,,,,,,,,,,0.75,1.5,,,,,,
2011-09-12,0.21,1.94,0.0,1.94,3.29,,1.3635,1.5814,77.15,0.75,1.5,,0.5347,,,,
2011-09-13,0.21,2.0,0.07,1.93,3.32,,1.368,1.5805,76.88,0.75,1.5,,0.5416,,,,
2011-09-14,0.19,2.03,0.12,1.91,3.3,2863540.0,1.371,1.5773,76.71,0.75,1.5,,0.5458,,,,
2011-09-15,0.21,2.09,0.13,1.96,3.31,,1.3858,1.5808,76.7,0.75,1.5,,0.5499,,,,
2011-09-16,0.18,2.08,0.13,1.95,3.31,,1.3783,1.5802,76.89,0.75,1.5,,0.5372,,,,
2011-09-17,,,,,,,,,,0.75,1.5,,,,,,
2011-09-18,,,,,,,,,,0.75,1.5,,,,,,
2011-09-19,0.16,1.97,0.09,1.88,3.31,,1.3636,1.5674,76.48,0.75,1.5,,0.5398,,,,
2011-09-20,0.18,1.95,0.04,1.91,3.35,,1.3697,1.5718,76.52,0.75,1.5,,0.5581,,,,
2011-09-21,0.21,1.88,0.02,1.86,3.26,2857747.0,1.3724,1.5619,76.38,0.75,1.5,,0.5464,,,,
2011-09-22,0.2,1.72,0.01,1.71,3.32,,1.3446,1.5358,76.31,0.75,1.5,,0.5441,,,,
2011-09-23,0.23,1.84,0.1,1.74,3.31,,1.3518,1.5475,76.3,0.75,1.5,,0.5336,,,,
2011-09-24,,,,,,,,,,0.75,1.5,,,,,,
2011-09-25,,,,,,,,,,0.75,1.5,,,,,,
2011-09-26,0.25,1.91,0.12,1.79,3.37,,1.3516,1.5553,76.35,0.75,1.5,,0.5432,,,,
2011-09-27,0.25,2.0,0.12,1.88,3.39,,1.3606,1.5681,76.6,0.75,1.5,,0.5393,,,,
2011-09-28,0.27,2.03,0.16,1.87,3.35,2850921.0,1.3628,1.5648,76.51,0.75,1.5,,0.5501,,,,
2011-09-29,0.27,1.99,0.17,1.82,3.3,,1.3639,1.5685,76.68,0.75,1.5,,0.5634,,,,
2011-09-30,0.25,1.92,0.17,1.75,3.3,,1.3449,1.5624,77.04,0.75,1.5,,0.6487,,,,
2011-10-01,,,,,,,,,,0.75,1.5,4.07775911407011,,2.529,0.081,1.038,1.082
2011-10-02,,,,,,,,,,0.75,1.5,,,,,,
2011-10-03,0.24,1.8,0.07,1.73,3.31,,1.3281,1.5474,76.66,0.75,1.5,,0.5601,,,,
2011-10-04,0.25,1.81,0.05,1.76,3.33,,1.3294,1.5403,76.86,0.75,1.5,,0.5765,,,,
2011-10-05,0.25,1.92,0.12,1.8,3.36,2859701.0,1.3328,1.5436,76.86,0.75,1.5,,0.5294,,,,
2011-10-06,0.29,2.01,0.13,1.88,3.34,,1.3408,1.5398,76.64,0.75,1.5,,0.5268,,,,
2011-10-07,0.3,2.1,0.16,1.94,3.32,,1.3512,1.5628,76.77,0.75,1.5,,0.5268,,,,
2011-10-08,,,,,,,,,,0.75,1.5,,,,,,
2011-10-09,,,,,,,,,,0.75,1.5,,,,,,
2011-10-10,,,,,,,,,,0.75,1.5,,0.5376,,,,
2011-10-11,0.32,2.18,0.23,1.95,3.32,,1.3657,1.5594,76.66,0.75,1.5,,0.5433,,,,
2011-10-12,0.29,2.24,0.26,1.98,3.33,2860822.0,1.3805,1.5757,77.3,0.75,1.5,,0.5385,,,,
2011-10-13,0.29,2.19,0.27,1.92,3.29,,1.373,1.5729,76.88,0.75,1.5,,0.5327,,,,
2011-10-14,0.28,2.26,0.28,1.98,3.26,,1.3861,1.5808,77.36,0.75,1.5,,0.5259,,,,
2011-10-15,,,,,,,,,,0.75,1.5,,,,,,
2011-10-16,,,,,,,,,,0.75,1.5,,,,,,
2011-10-17,0.28,2.18,0.24,1.94,3.26,,1.377,1.5778,76.8,0.75,1.5,,0.5299,,,,
2011-10-18,0.28,2.19,0.22,1.97,3.23,,1.3719,1.5654,76.75,0.75,1.5,,0.5483,,,,
2011-10-19,0.28,2.18,0.23,1.95,3.21,2852390.0,1.3775,1.5799,76.79,0.75,1.5,,0.5297,,,,
2011-10-20,0.28,2.2,0.22,1.98,3.2,,1.3672,1.5726,76.91,0.75,1.5,,0.5318,,,,
2011-10-21,0.3,2.23,0.23,2.0,3.18,,1.3873,1.5945,76.1,0.75,1.5,,0.5319,,,,
2011-10-22,,,,,,,,,,0.75,1.5,,,,,,
2011-10-23,,,,,,,,,,0.75,1.5,,,,,,
2011-10-24,0.3,2.25,0.23,2.02,3.16,,1.3932,1.5986,76.1,0.75,1.5,,0.5393,,,,
2011-10-25,0.26,2.14,0.12,2.02,3.14,,1.3911,1.5994,75.88,0.75,1.5,,0.5309,,,,
2011-10-26,0.28,2.23,0.15,2.08,3.1,2845685.0,1.3838,1.5905,76.05,0.75,1.5,,0.5307,,,,
2011-10-27,0.31,2.42,0.24,2.18,3.04,,1.4172,1.6081,75.8,0.75,1.5,,0.5317,,,,
2011-10-28,0.28,2.34,0.19,2.15,2.99,,1.4164,1.613,75.72,0.75,1.5,,0.5231,,,,
2011-10-29,,,,,,,,,,0.75,1.5,,,,,,
2011-10-30,,,,,,,,,,0.75,1.5,,,,,,
2011-10-31,0.25,2.17,0.08,2.09,3.02,,1.3947,1.6141,77.97,0.75,1.5,,0.527,,,,
2011-11-01,0.23,2.01,-0.04,2.05,3.03,,1.3676,1.5946,78.28,0.75,1.5,4.3917472691869515,0.5312,2.2917,0.077,1.062,0.945
2011-11-02,0.23,2.03,-0.07,2.1,3.03,2822034.0,1.3803,1.5974,78.04,0.75,1.5,,0.5302,,,,
2011-11-03,0.24,2.09,0.0,2.09,3.04,,1.3744,1.5959,77.96,0.75,1.5,,0.5299,,,,
2011-11-04,0.22,2.06,-0.06,2.12,3.06,,1.3761,1.6026,78.17,0.75,1.5,,0.5277,,,,
2011-11-05,,,,,,,,,,0.75,1.5,,,,,,
2011-11-06,,,,,,,,,,0.75,1.5,,,,,,
2011-11-07,0.25,2.04,-0.1,2.14,3.02,,1.3744,1.6024,78.06,0.75,1.5,,0.5328,,,,
2011-11-08,0.25,2.1,-0.03,2.13,3.05,,1.3785,1.6076,77.79,0.75,1.5,,0.5429,,,,
2011-11-09,0.24,2.0,-0.04,2.04,3.08,2839786.0,1.3596,1.5958,77.77,0.5,1.25,,0.5355,,,,
2011-11-10,0.24,2.04,-0.04,2.08,3.14,,1.36,1.5935,77.58,0.5,1.25,,0.533,,,,
2011-11-11,,,,,,,,,,0.5,1.25,,0.532,,,,
2011-11-12,,,,,,,,,,0.5,1.25,,,,,,
2011-11-13,,,,,,,,,,0.5,1.25,,,,,,
2011-11-14,0.24,2.04,-0.01,2.05,3.13,,1.3625,1.5899,77.02,0.5,1.25,,0.534,,,,
2011-11-15,0.26,2.06,0.04,2.02,3.14,,1.3524,1.5818,76.99,0.5,1.25,,0.5401,,,,
2011-11-16,0.26,2.01,0.05,1.96,3.17,2831576.0,1.3505,1.577,77.02,0.5,1.25,,0.5381,,,,
2011-11-17,0.27,1.96,0.06,1.9,3.16,,1.3522,1.5801,76.98,0.5,1.25,,0.5385,,,,
2011-11-18,0.29,2.01,0.05,1.96,3.14,,1.3521,1.5783,76.93,0.5,1.25,,0.5318,,,,
2011-11-19,,,,,,,,,,0.5,1.25,,,,,,
2011-11-20,,,,,,,,,,0.5,1.25,,,,,,
2011-11-21,0.27,1.97,0.07,1.9,3.15,,1.3525,1.5662,76.97,0.5,1.25,,0.5422,,,,
2011-11-22,0.26,1.94,0.05,1.89,3.17,,1.35,1.5646,77.07,0.5,1.25,,0.5302,,,,
2011-11-23,0.26,1.89,-0.01,1.9,3.15,2821980.0,1.3347,1.5511,77.41,0.5,1.25,,0.545,,,,
2011-11-24,,,,,,,,,,0.5,1.25,,0.5384,,,,
2011-11-25,0.28,1.97,0.05,1.92,3.18,,1.3244,1.5467,77.66,0.5,1.25,,0.5319,,,,
2011-11-26,,,,,,,,,,0.5,1.25,,,,,,
2011-11-27,,,,,,,,,,0.5,1.25,,,,,,
2011-11-28,0.26,1.97,0.02,1.95,3.19,,1.3334,1.5538,78.05,0.5,1.25,,0.5305,,,,
2011-11-29,0.27,2.0,0.01,1.99,3.22,,1.3343,1.5625,77.86,0.5,1.25,,0.5353,,,,
2011-11-30,0.25,2.08,0.03,2.05,3.24,2814235.0,1.3453,1.5705,77.58,0.5,1.25,,0.5327,,,,
2011-12-01,0.27,2.11,0.06,2.05,3.3,,1.3487,1.5698,77.6,0.5,1.25,4.09262291417417,0.524,2.1828,0.078,0.971,0.74
2011-12-02,0.25,2.05,0.0,2.05,3.24,,1.3386,1.5592,77.88,0.5,1.25,,0.5231,,,,
2011-12-03,,,,,,,,,,0.5,1.25,,,,,,
2011-12-04,,,,,,,,,,0.5,1.25,,,,,,
2011-12-05,0.27,2.04,-0.01,2.05,3.25,,1.3463,1.5689,77.77,0.5,1.25,,0.5273,,,,
2011-12-06,0.25,2.08,0.01,2.07,3.26,,1.3397,1.558,77.73,0.5,1.25,,0.5272,,,,
2011-12-07,0.24,2.02,-0.01,2.03,3.26,2820691.0,1.3386,1.5691,77.69,0.5,1.25,,0.5264,,,,
2011-12-08,0.22,1.99,0.01,1.98,3.26,,1.3324,1.5635,77.67,0.5,1.25,,0.5392,,,,
2011-12-09,0.22,2.07,0.05,2.02,3.28,,1.3368,1.5642,77.58,0.5,1.25,,0.5292,,,,
2011-12-10,,,,,,,,,,0.5,1.25,,,,,,
2011-12-11,,,,,,,,,,0.5,1.25,,,,,,
2011-12-12,0.24,2.03,-0.01,2.04,3.27,,1.3188,1.5597,77.87,0.5,1.25,,0.5376,,,,
2011-12-13,0.24,1.96,-0.05,2.01,3.29,,1.3094,1.5528,77.86,0.5,1.25,,0.5423,,,,
2011-12-14,0.25,1.92,-0.04,1.96,3.24,2902488.0,1.2972,1.5445,78.08,0.25,1.0,,0.5271,,,,
2011-12-15,0.26,1.92,-0.01,1.93,3.27,,1.3013,1.5486,77.87,0.25,1.0,,0.5279,,,,
2011-12-16,0.24,1.86,-0.05,1.91,3.26,,1.3025,1.5514,77.65,0.25,1.0,,0.5234,,,,
2011-12-17,,,,,,,,,,0.25,1.0,,,,,,
2011-12-18,,,,,,,,,,0.25,1.0,,,,,,
2011-12-19,0.24,1.82,-0.12,1.94,3.26,,1.3017,1.5531,77.96,0.25,1.0,,0.5295,,,,
2011-12-20,0.26,1.94,-0.1,2.04,3.27,,1.3076,1.5674,77.76,0.25,1.0,,0.5198,,,,
2011-12-21,0.28,1.98,-0.07,2.05,3.3,2916085.0,1.304,1.568,78.0,0.25,1.0,,0.5119,,,,
2011-12-22,0.28,1.97,-0.07,2.04,3.29,,1.3045,1.5667,78.13,0.25,1.0,,0.5138,,,,
2011-12-23,0.28,2.03,-0.04,2.07,3.32,,1.304,1.5615,78.13,0.25,1.0,,0.5037,,,,
2011-12-24,,,,,,,,,,0.25,1.0,,,,,,
2011-12-25,,,,,,,,,,0.25,1.0,,,,,,
2011-12-26,,,,,,,,,,0.25,1.0,,,,,,
2011-12-27,0.3,2.02,-0.02,2.04,3.3,,1.3074,1.5671,77.83,0.25,1.0,,,,,,
2011-12-28,0.28,1.93,-0.07,2.0,3.25,2926095.0,1.2926,1.5478,77.98,0.25,1.0,,0.5086,,,,
2011-12-29,0.28,1.91,-0.05,1.96,3.28,,1.2952,1.5386,77.71,0.25,1.0,,0.5012,,,,
2011-12-30,0.25,1.89,-0.07,1.96,3.27,,1.2973,1.5537,76.98,0.25,1.0,,0.4578,,,,
2011-12-31,,,,,,,,,,0.25,1.0,,,,,,
2012-01-01,,,,,,,,,,0.25,1.0,3.90433805608164,,2.1104,0.08,0.959,0.735
2012-01-02,,,,,,,,,,0.25,1.0,,,,,,
2012-01-03,0.27,1.97,-0.04,2.01,3.29,,1.3061,1.5655,76.67,0.25,1.0,,0.5169,,,,
2012-01-04,0.25,2.0,-0.08,2.08,3.3,2917689.0,1.293,1.5638,76.68,0.25,1.0,,0.5269,,,,
2012-01-05,0.27,2.02,-0.1,2.12,3.27,,1.2783,1.548,77.18,0.25,1.0,,0.5077,,,,
2012-01-06,0.25,1.98,-0.11,2.09,3.27,,1.2723,1.5431,77.06,0.25,1.0,,0.5038,,,,
2012-01-07,,,,,,,,,,0.25,1.0,,,,,,
2012-01-08,,,,,,,,,,0.25,1.0,,,,,,
2012-01-09,0.26,1.98,-0.13,2.11,3.28,,1.2745,1.5436,76.88,0.25,1.0,,0.5128,,,,
2012-01-10,0.24,2.0,-0.08,2.08,3.25,,1.2782,1.5489,76.84,0.25,1.0,,0.519,,,,
2012-01-11,0.24,1.93,-0.1,2.03,3.27,2899149.0,1.2686,1.5325,76.9,0.25,1.0,,0.5156,,,,
2012-01-12,0.22,1.94,-0.1,2.04,3.27,,1.2818,1.5325,76.76,0.25,1.0,,0.5057,,,,
2012-01-13,0.24,1.89,-0.14,2.03,3.24,,1.2682,1.5301,76.9,0.25,1.0,,0.5152,,,,
2012-01-14,,,,,,,,,,0.25,1.0,,,,,,
2012-01-15,,,,,,,,,,0.25,1.0,,,,,,
2012-01-16,,,,,,,,,,0.25,1.0,,0.5244,,,,
2012-01-17,0.21,1.87,-0.17,2.04,3.24,,1.274,1.5356,76.8,0.25,1.0,,0.5181,,,,
2012-01-18,0.24,1.92,-0.15,2.07,3.25,2919423.0,1.2825,1.541,76.81,0.25,1.0,,0.522,,,,
2012-01-19,0.26,2.01,0.0,2.01,3.22,,1.2937,1.5484,77.23,0.25,1.0,,0.5118,,,,
2012-01-20,0.26,2.05,0.01,2.04,3.24,,1.2948,1.554,76.97,0.25,1.0,,0.5081,,,,
2012-01-21,,,,,,,,,,0.25,1.0,,,,,,
2012-01-22,,,,,,,,,,0.25,1.0,,,,,,
2012-01-23,0.26,2.09,0.02,2.07,3.24,,1.3035,1.5582,76.92,0.25,1.0,,0.5211,,,,
2012-01-24,0.24,2.08,-0.01,2.09,3.25,,1.3004,1.5595,77.78,0.25,1.0,,0.5115,,,,
2012-01-25,0.22,2.01,-0.12,2.13,3.31,2919545.0,1.2978,1.557,78.13,0.25,1.0,,0.5171,,,,
2012-01-26,0.22,1.96,-0.16,2.12,3.28,,1.3152,1.5706,77.47,0.25,1.0,,0.5177,,,,
2012-01-27,0.22,1.93,-0.18,2.11,3.28,,1.3192,1.5716,76.68,0.25,1.0,,0.5182,,,,
2012-01-28,,,,,,,,,,0.25,1.0,,,,,,
2012-01-29,,,,,,,,,,0.25,1.0,,,,,,
2012-01-30,0.22,1.87,-0.24,2.11,3.25,,1.3123,1.569,76.28,0.25,1.0,,0.5252,,,,
2012-01-31,0.22,1.83,-0.28,2.11,3.24,,1.3053,1.5754,76.34,0.25,1.0,,0.51,,,,
2012-02-01,0.23,1.87,-0.28,2.15,3.25,2924947.0,1.3179,1.5849,76.11,0.25,1.0,3.74408726271292,0.501,2.2191,0.085,0.962,0.72
2012-02-02,0.23,1.86,-0.3,2.16,3.25,,1.3167,1.5813,76.13,0.25,1.0,,0.502,,,,
2012-02-03,0.23,1.97,-0.21,2.18,3.26,,1.3106,1.5779,76.54,0.25,1.0,,0.497,,,,
2012-02-04,,,,,,,,,,0.25,1.0,,,,,,
2012-02-05,,,,,,,,,,0.25,1.0,,,,,,
2012-02-06,0.24,1.93,-0.26,2.19,3.22,,1.313,1.5832,76.54,0.25,1.0,,0.4997,,,,
2012-02-07,0.25,2.0,-0.21,2.21,3.19,,1.3244,1.5891,76.88,0.25,1.0,,0.4989,,,,
2012-02-08,0.27,2.01,-0.21,2.22,3.17,2928275.0,1.3253,1.582,76.9,0.25,1.0,,0.4981,,,,
2012-02-09,0.27,2.04,-0.17,2.21,3.18,,1.3297,1.5838,77.42,0.25,1.0,,0.5037,,,,
2012-02-10,0.27,1.96,-0.24,2.2,3.17,,1.3187,1.5748,77.57,0.25,1.0,,0.4968,,,,
2012-02-11,,,,,,,,,,0.25,1.0,,,,,,
2012-02-12,,,,,,,,,,0.25,1.0,,,,,,
2012-02-13,0.29,1.99,-0.22,2.21,3.19,,1.3211,1.578,77.52,0.25,1.0,,0.492,,,,
2012-02-14,0.29,1.92,-0.27,2.19,3.18,,1.3149,1.5691,78.39,0.25,1.0,,0.4947,,,,
2012-02-15,0.29,1.93,-0.26,2.19,3.19,2937893.0,1.3087,1.571,78.22,0.25,1.0,,0.5104,,,,
2012-02-16,0.29,1.99,-0.24,2.23,3.17,,1.311,1.5795,78.77,0.25,1.0,,0.5015,,,,
2012-02-17,0.29,2.01,-0.23,2.24,3.17,,1.3149,1.5813,79.33,0.25,1.0,,0.4975,,,,
2012-02-18,,,,,,,,,,0.25,1.0,,,,,,
2012-02-19,,,,,,,,,,0.25,1.0,,,,,,
2012-02-20,,,,,,,,,,0.25,1.0,,0.5013,,,,
2012-02-21,0.31,2.05,-0.22,2.27,3.15,,1.3255,1.5796,79.73,0.25,1.0,,0.4922,,,,
2012-02-22,0.29,2.01,-0.27,2.28,3.15,2932813.0,1.3251,1.5677,80.3,0.25,1.0,,0.4957,,,,
2012-02-23,0.31,1.99,-0.3,2.29,3.14,,1.3308,1.57,80.21,0.25,1.0,,0.5004,,,,
2012-02-24,0.31,1.98,-0.29,2.27,3.12,,1.3463,1.5869,80.88,0.25,1.0,,0.4971,,,,
2012-02-25,,,,,,,,,,0.25,1.0,,,,,,
2012-02-26,,,,,,,,,,0.25,1.0,,,,,,
2012-02-27,0.3,1.92,-0.32,2.24,3.12,,1.341,1.5845,80.42,0.25,1.0,,0.498,,,,
2012-02-28,0.3,1.94,-0.31,2.25,3.12,,1.3452,1.5887,80.44,0.25,1.0,,0.5017,,,,
2012-02-29,0.3,1.98,-0.28,2.26,3.1,2925722.0,1.3359,1.5951,81.1,0.25,1.0,,0.5047,,,,
2012-03-01,0.3,2.03,-0.23,2.26,3.1,,1.332,1.5953,81.16,0.25,1.0,3.2827648089977695,0.5065,2.323,0.084,0.966,0.854
2012-03-02,0.28,1.99,-0.24,2.23,3.09,,1.3202,1.5852,81.56,0.25,1.0,,0.4946,,,,
2012-03-03,,,,,,,,,,0.25,1.0,,,,,,
2012-03-04,,,,,,,,,,0.25,1.0,,,,,,
2012-03-05,0.31,2.0,-0.2,2.2,3.11,,1.3226,1.587,81.43,0.25,1.0,,0.4984,,,,
2012-03-06,0.3,1.96,-0.21,2.17,3.1,,1.3114,1.572,80.86,0.25,1.0,,0.4992,,,,
2012-03-07,0.3,1.98,-0.22,2.2,3.11,2884747.0,1.3149,1.5746,81.06,0.25,1.0,,0.4924,,,,
2012-03-08,0.32,2.03,-0.21,2.24,3.11,,1.3256,1.5822,81.5,0.25,1.0,,0.4799,,,,
2012-03-09,0.33,2.04,-0.24,2.28,3.11,,1.3108,1.5677,82.59,0.25,1.0,,0.482,,,,
2012-03-10,,,,,,,,,,0.25,1.0,,,,,,
2012-03-11,,,,,,,,,,0.25,1.0,,,,,,
2012-03-12,0.33,2.04,-0.24,2.28,3.09,,1.3141,1.5615,82.21,0.25,1.0,,0.483,,,,
2012-03-13,0.35,2.14,-0.2,2.34,3.08,,1.3109,1.5736,82.66,0.25,1.0,,0.486,,,,
2012-03-14,0.4,2.29,-0.07,2.36,3.07,2893560.0,1.3025,1.5686,83.78,0.25,1.0,,0.4765,,,,
2012-03-15,0.37,2.29,-0.08,2.37,3.07,,1.307,1.5669,83.28,0.25,1.0,,0.4831,,,,
2012-03-16,0.37,2.31,-0.09,2.4,3.04,,1.3171,1.5845,83.34,0.25,1.0,,0.4796,,,,
2012-03-17,,,,,,,,,,0.25,1.0,,,,,,
2012-03-18,,,,,,,,,,0.25,1.0,,,,,,
2012-03-19,0.39,2.39,-0.03,2.42,3.03,,1.3242,1.5894,83.31,0.25,1.0,,0.4859,,,,
2012-03-20,0.41,2.38,-0.04,2.42,3.02,,1.3222,1.5857,83.62,0.25,1.0,,0.4885,,,,
2012-03-21,0.39,2.31,-0.08,2.39,3.0,2892646.0,1.319,1.5848,83.62,0.25,1.0,,0.4934,,,,
2012-03-22,0.37,2.29,-0.08,2.37,3.01,,1.3194,1.5807,82.5,0.25,1.0,,0.5024,,,,
2012-03-23,0.37,2.25,-0.11,2.36,3.01,,1.3263,1.5864,82.35,0.25,1.0,,0.4969,,,,
2012-03-24,,,,,,,,,,0.25,1.0,,,,,,
2012-03-25,,,,,,,,,,0.25,1.0,,,,,,
2012-03-26,0.36,2.26,-0.08,2.34,3.01,,1.3328,1.5939,82.84,0.25,1.0,,0.4986,,,,
2012-03-27,0.33,2.2,-0.13,2.33,3.04,,1.3336,1.5972,83.15,0.25,1.0,,0.4913,,,,
2012-03-28,0.34,2.21,-0.11,2.32,3.03,2878137.0,1.33,1.5855,82.74,0.25,1.0,,0.4885,,,,
2012-03-29,0.33,2.18,-0.13,2.31,3.03,,1.3265,1.5911,82.28,0.25,1.0,,0.4957,,,,
2012-03-30,0.33,2.23,-0.09,2.32,3.07,,1.3334,1.5985,82.41,0.25,1.0,,0.4775,,,,
2012-03-31,,,,,,,,,,0.25,1.0,,,,,,
2012-04-01,,,,,,,,,,0.25,1.0,3.38187729759281,,2.2117,0.075,0.914,0.735
2012-04-02,0.33,2.22,-0.14,2.36,3.08,,1.3325,1.6022,82.16,0.25,1.0,,0.4816,,,,
2012-04-03,0.36,2.3,-0.06,2.36,3.06,,1.3337,1.5966,82.18,0.25,1.0,,0.4838,,,,
2012-04-04,0.35,2.25,-0.05,2.3,3.08,2865478.0,1.3126,1.5879,82.62,0.25,1.0,,0.4789,,,,
2012-04-05,0.35,2.19,-0.08,2.27,3.09,,1.3064,1.5822,82.33,0.25,1.0,,0.4834,,,,
2012-04-06,0.32,2.07,-0.16,2.23,3.13,,1.3089,1.5877,81.56,0.25,1.0,,,,,,
2012-04-07,,,,,,,,,,0.25,1.0,,,,,,
2012-04-08,,,,,,,,,,0.25,1.0,,,,,,
2012-04-09,0.32,2.06,-0.17,2.23,3.11,,1.3087,1.5879,81.36,0.25,1.0,,,,,,
2012-04-10,0.28,2.01,-0.24,2.25,3.14,,1.3068,1.5836,80.94,0.25,1.0,,0.496,,,,
2012-04-11,0.3,2.05,-0.25,2.3,3.16,2867200.0,1.3104,1.5892,80.88,0.25,1.0,,0.5039,,,,
2012-04-12,0.29,2.08,-0.22,2.3,3.15,,1.3171,1.5939,80.87,0.25,1.0,,0.4932,,,,
2012-04-13,0.27,2.02,-0.25,2.27,3.15,,1.3082,1.5851,80.99,0.25,1.0,,0.493,,,,
2012-04-14,,,,,,,,,,0.25,1.0,,,,,,
2012-04-15,,,,,,,,,,0.25,1.0,,,,,,
2012-04-16,0.27,2.0,-0.26,2.26,3.14,,1.3067,1.5865,80.46,0.25,1.0,,0.4907,,,,
2012-04-17,0.27,2.03,-0.26,2.29,3.14,,1.3123,1.5931,80.72,0.25,1.0,,0.4888,,,,
2012-04-18,0.27,2.0,-0.26,2.26,3.15,2875470.0,1.3122,1.602,81.29,0.25,1.0,,0.4848,,,,
2012-04-19,0.27,1.98,-0.21,2.19,3.15,,1.3132,1.6058,81.57,0.25,1.0,,0.4915,,,,
2012-04-20,0.29,1.99,-0.24,2.23,3.17,,1.3212,1.6123,81.6,0.25,1.0,,0.4899,,,,
2012-04-21,,,,,,,,,,0.25,1.0,,,,,,
2012-04-22,,,,,,,,,,0.25,1.0,,,,,,
2012-04-23,0.27,1.96,-0.26,2.22,3.16,,1.3129,1.6102,81.16,0.25,1.0,,0.4836,,,,
2012-04-24,0.27,2.0,-0.25,2.25,3.15,,1.3207,1.6135,81.21,0.25,1.0,,0.4826,,,,
2012-04-25,0.26,2.01,-0.24,2.25,3.17,2866561.0,1.321,1.6146,81.33,0.25,1.0,,0.4796,,,,
2012-04-26,0.26,1.98,-0.29,2.27,3.19,,1.3232,1.6188,80.78,0.25,1.0,,0.4774,,,,
2012-04-27,0.26,1.96,-0.3,2.26,3.19,,1.3248,1.6239,80.48,0.25,1.0,,0.4749,,,,
2012-04-28,,,,,,,,,,0.25,1.0,,,,,,
2012-04-29,,,,,,,,,,0.25,1.0,,,,,,
2012-04-30,0.27,1.95,-0.3,2.25,3.2,,1.3229,1.6225,79.81,0.25,1.0,,0.4785,,,,
2012-05-01,0.27,1.98,-0.28,2.26,3.22,,1.3226,1.6221,80.17,0.25,1.0,3.52554472292503,0.4748,1.9416,0.084,0.846,0.61
2012-05-02,0.27,1.96,-0.28,2.24,3.19,2864280.0,1.3154,1.6193,80.19,0.25,1.0,,0.4815,,,,
2012-05-03,0.28,1.96,-0.27,2.23,3.18,,1.3147,1.6185,80.36,0.25,1.0,,0.4742,,,,
2012-05-04,0.27,1.91,-0.3,2.21,3.19,,1.3091,1.6148,79.84,0.25,1.0,,0.479,,,,
2012-05-05,,,,,,,,,,0.25,1.0,,,,,,
2012-05-06,,,,,,,,,,0.25,1.0,,,,,,
2012-05-07,0.27,1.92,-0.27,2.19,3.18,,1.3052,1.6192,79.88,0.25,1.0,,,,,,
2012-05-08,0.27,1.88,-0.28,2.16,3.19,,1.3015,1.6159,79.79,0.25,1.0,,0.4733,,,,
2012-05-09,0.27,1.87,-0.27,2.14,3.22,2864150.0,1.2954,1.613,79.64,0.25,1.0,,0.4779,,,,
2012-05-10,0.27,1.89,-0.25,2.14,3.21,,1.2959,1.6161,79.91,0.25,1.0,,0.4934,,,,
2012-05-11,0.27,1.84,-0.28,2.12,3.22,,1.2937,1.608,79.86,0.25,1.0,,0.4812,,,,
2012-05-12,,,,,,,,,,0.25,1.0,,,,,,
2012-05-13,,,,,,,,,,0.25,1.0,,,,,,
2012-05-14,0.29,1.78,-0.33,2.11,3.22,,1.2847,1.6116,79.83,0.25,1.0,,0.4863,,,,
2012-05-15,0.29,1.76,-0.36,2.12,3.24,,1.2769,1.6025,80.09,0.25,1.0,,0.4856,,,,
2012-05-16,0.3,1.76,-0.33,2.09,3.25,2850984.0,1.273,1.5933,80.32,0.25,1.0,,0.4873,,,,
2012-05-17,0.32,1.7,-0.35,2.05,3.23,,1.2709,1.5823,79.26,0.25,1.0,,0.4867,,,,
2012-05-18,0.32,1.71,-0.39,2.1,3.27,,1.2721,1.5788,79.14,0.25,1.0,,0.4859,,,,
2012-05-19,,,,,,,,,,0.25,1.0,,,,,,
2012-05-20,,,,,,,,,,0.25,1.0,,,,,,
2012-05-21,0.3,1.75,-0.41,2.16,3.25,,1.2769,1.579,79.31,0.25,1.0,,0.4863,,,,
2012-05-22,0.3,1.79,-0.38,2.17,3.34,,1.2735,1.5775,79.98,0.25,1.0,,0.4866,,,,
2012-05-23,0.28,1.73,-0.41,2.14,3.33,2859495.0,1.2569,1.5691,79.33,0.25,1.0,,0.4899,,,,
2012-05-24,0.29,1.77,-0.37,2.14,3.36,,1.2583,1.5698,79.47,0.25,1.0,,0.4845,,,,
2012-05-25,0.3,1.75,-0.38,2.13,3.37,,1.2518,1.5648,79.64,0.25,1.0,,0.4881,,,,
2012-05-26,,,,,,,,,,0.25,1.0,,,,,,
2012-05-27,,,,,,,,,,0.25,1.0,,,,,,
2012-05-28,,,,,,,,,,0.25,1.0,,0.4894,,,,
2012-05-29,0.3,1.74,-0.37,2.11,3.38,,1.2488,1.563,79.44,0.25,1.0,,0.4871,,,,
2012-05-30,0.27,1.63,-0.45,2.08,3.4,2842654.0,1.2405,1.5532,78.93,0.25,1.0,,0.4927,,,,
2012-05-31,0.27,1.59,-0.5,2.09,3.4,,1.2364,1.5405,78.29,0.25,1.0,,0.4939,,,,
2012-06-01,0.25,1.47,-0.59,2.06,3.41,,1.242,1.5383,78.21,0.25,1.0,3.40599415231851,0.4935,1.7698,0.076,0.789,0.678
2012-06-02,,,,,,,,,,0.25,1.0,,,,,,
2012-06-03,,,,,,,,,,0.25,1.0,,,,,,
2012-06-04,0.25,1.53,-0.56,2.09,3.4,,1.2495,1.5382,78.3,0.25,1.0,,,,,,
2012-06-05,0.25,1.57,-0.56,2.13,3.4,,1.2437,1.5355,78.57,0.25,1.0,,,,,,
2012-06-06,0.26,1.66,-0.5,2.16,3.41,2852018.0,1.2535,1.5475,79.11,0.25,1.0,,0.486,,,,
2012-06-07,0.27,1.66,-0.49,2.15,3.43,,1.2568,1.5557,79.67,0.25,1.0,,0.4881,,,,
2012-06-08,0.28,1.65,-0.5,2.15,3.44,,1.2482,1.5433,79.47,0.25,1.0,,0.4874,,,,
2012-06-09,,,,,,,,,,0.25,1.0,,,,,,
2012-06-10,,,,,,,,,,0.25,1.0,,,,,,
2012-06-11,0.27,1.6,-0.53,2.13,3.46,,1.2504,1.5515,79.5,0.25,1.0,,0.4847,,,,
2012-06-12,0.3,1.67,-0.48,2.15,3.43,,1.2477,1.5562,79.44,0.25,1.0,,0.4787,,,,
2012-06-13,0.3,1.61,-0.51,2.12,3.43,2869071.0,1.2596,1.5557,79.35,0.25,1.0,,0.491,,,,
2012-06-14,0.3,1.64,-0.47,2.11,3.4,,1.2608,1.5533,79.29,0.25,1.0,,0.4864,,,,
2012-06-15,0.29,1.6,-0.54,2.14,3.42,,1.2633,1.5654,78.65,0.25,1.0,,0.491,,,,
2012-06-16,,,,,,,,,,0.25,1.0,,,,,,
2012-06-17,,,,,,,,,,0.25,1.0,,,,,,
2012-06-18,0.29,1.59,-0.54,2.13,3.42,,1.2578,1.5665,78.95,0.25,1.0,,0.4941,,,,
2012-06-19,0.3,1.64,-0.53,2.17,3.41,,1.2692,1.5732,78.92,0.25,1.0,,0.4891,,,,
2012-06-20,0.32,1.65,-0.51,2.16,3.38,2870846.0,1.2703,1.575,79.54,0.25,1.0,,0.4933,,,,
2012-06-21,0.32,1.63,-0.47,2.1,3.35,,1.2586,1.5633,80.18,0.25,1.0,,0.4941,,,,
2012-06-22,0.31,1.69,-0.42,2.11,3.36,,1.2545,1.5582,80.52,0.25,1.0,,0.4818,,,,
2012-06-23,,,,,,,,,,0.25,1.0,,,,,,
2012-06-24,,,,,,,,,,0.25,1.0,,,,,,
2012-06-25,0.31,1.63,-0.47,2.1,3.36,,1.248,1.5555,79.5,0.25,1.0,,0.4869,,,,
2012-06-26,0.31,1.66,-0.45,2.11,3.34,,1.2471,1.562,79.46,0.25,1.0,,0.4842,,,,
2012-06-27,0.31,1.65,-0.45,2.1,3.35,2863547.0,1.2457,1.5549,79.83,0.25,1.0,,0.488,,,,
2012-06-28,0.31,1.6,-0.48,2.08,3.37,,1.2433,1.5503,79.35,0.25,1.0,,0.4749,,,,
2012-06-29,0.33,1.67,-0.46,2.13,3.39,,1.2668,1.5686,79.81,0.25,1.0,,0.4586,,,,
2012-06-30,,,,,,,,,,0.25,1.0,,,,,,
2012-07-01,,,,,,,,,,0.25,1.0,3.24899459783906,,1.6523,0.084,0.78,0.561
2012-07-02,0.3,1.61,-0.5,2.11,3.4,,1.2584,1.5679,79.42,0.25,1.0,,0.4742,,,,
2012-07-03,0.3,1.65,-0.48,2.13,3.41,,1.262,1.5702,79.77,0.25,1.0,,0.4763,,,,
2012-07-04,,,,,,2865858.0,,,,0.25,1.0,,0.4723,,,,
2012-07-05,0.28,1.62,-0.51,2.13,3.43,,1.2384,1.5531,79.95,0.25,1.0,,0.4713,,,,
2012-07-06,0.27,1.57,-0.53,2.1,3.41,,1.2283,1.548,79.61,0.25,1.0,,0.4678,,,,
2012-07-07,,,,,,,,,,0.25,1.0,,,,,,
2012-07-08,,,,,,,,,,0.25,1.0,,,,,,
2012-07-09,0.27,1.53,-0.57,2.1,3.41,,1.2299,1.5507,79.66,0.25,1.0,,0.4685,,,,
2012-07-10,0.27,1.53,-0.59,2.12,3.39,,1.2255,1.5506,79.44,0.25,1.0,,0.4676,,,,
2012-07-11,0.27,1.54,-0.57,2.11,3.36,2866279.0,1.2244,1.5532,79.7,0.0,0.75,,0.4713,,,,
2012-07-12,0.25,1.5,-0.58,2.08,3.37,,1.2199,1.5425,79.29,0.0,0.75,,0.464,,,,
2012-07-13,0.25,1.52,-0.59,2.11,3.37,,1.2232,1.555,79.2,0.0,0.75,,0.4661,,,,
2012-07-14,,,,,,,,,,0.0,0.75,,,,,,
2012-07-15,,,,,,,,,,0.0,0.75,,,,,,
2012-07-16,0.24,1.5,-0.61,2.11,3.35,,1.2267,1.5635,78.8,0.0,0.75,,0.4605,,,,
2012-07-17,0.25,1.53,-0.59,2.12,3.35,,1.2234,1.5613,79.04,0.0,0.75,,0.4634,,,,
2012-07-18,0.22,1.52,-0.6,2.12,3.33,2855807.0,1.2261,1.5636,78.79,0.0,0.75,,0.462,,,,
2012-07-19,0.22,1.54,-0.62,2.16,3.34,,1.2257,1.5719,78.6,0.0,0.75,,0.4607,,,,
2012-07-20,0.22,1.49,-0.67,2.16,3.31,,1.2176,1.563,78.49,0.0,0.75,,0.4641,,,,
2012-07-21,,,,,,,,,,0.0,0.75,,,,,,
2012-07-22,,,,,,,,,,0.0,0.75,,,,,,
2012-07-23,0.22,1.47,-0.68,2.15,3.31,,1.2126,1.5512,78.38,0.0,0.75,,0.4618,,,,
2012-07-24,0.22,1.44,-0.68,2.12,3.29,,1.2062,1.5521,78.19,0.0,0.75,,0.4583,,,,
2012-07-25,0.22,1.43,-0.67,2.1,3.3,2846757.0,1.2132,1.5479,78.21,0.0,0.75,,0.4591,,,,
2012-07-26,0.23,1.45,-0.66,2.11,3.3,,1.228,1.5683,78.24,0.0,0.75,,0.4548,,,,
2012-07-27,0.25,1.58,-0.61,2.19,3.29,,1.237,1.5728,78.55,0.0,0.75,,0.4629,,,,
2012-07-28,,,,,,,,,,0.0,0.75,,,,,,
2012-07-29,,,,,,,,,,0.0,0.75,,,,,,
2012-07-30,0.23,1.53,-0.64,2.17,3.26,,1.225,1.5694,78.2,0.0,0.75,,0.4579,,,,
2012-07-31,0.23,1.51,-0.69,2.2,3.27,,1.2315,1.5686,78.1,0.0,0.75,,0.4553,,,,
2012-08-01,0.24,1.56,-0.67,2.23,3.26,2851118.0,1.2299,1.5596,78.19,0.0,0.75,3.00803600641141,0.4589,1.6735,0.086,0.8,0.569
2012-08-02,0.24,1.51,-0.69,2.2,3.24,,1.2149,1.55,78.22,0.0,0.75,,0.4434,,,,
2012-08-03,0.24,1.6,-0.66,2.26,3.26,,1.239,1.565,78.6,0.0,0.75,,0.4566,,,,
2012-08-04,,,,,,,,,,0.0,0.75,,,,,,
2012-08-05,,,,,,,,,,0.0,0.75,,,,,,
2012-08-06,0.24,1.59,-0.68,2.27,3.24,,1.2422,1.5625,78.17,0.0,0.75,,0.447,,,,
2012-08-07,0.27,1.66,-0.65,2.31,3.24,,1.2422,1.5658,78.71,0.0,0.75,,0.4562,,,,
2012-08-08,0.29,1.68,-0.61,2.29,3.23,2856181.0,1.2364,1.5659,78.44,0.0,0.75,,0.4489,,,,
2012-08-09,0.29,1.69,-0.58,2.27,3.23,,1.2278,1.5623,78.64,0.0,0.75,,0.45,,,,
2012-08-10,0.27,1.65,-0.6,2.25,3.23,,1.2298,1.5679,78.24,0.0,0.75,,0.4422,,,,
2012-08-11,,,,,,,,,,0.0,0.75,,,,,,
2012-08-12,,,,,,,,,,0.0,0.75,,,,,,
2012-08-13,0.27,1.65,-0.58,2.23,3.24,,1.2339,1.569,78.34,0.0,0.75,,0.4526,,,,
2012-08-14,0.27,1.73,-0.53,2.26,3.25,,1.2329,1.5692,78.82,0.0,0.75,,0.4446,,,,
2012-08-15,0.27,1.8,-0.45,2.25,3.27,2833317.0,1.2288,1.5686,78.89,0.0,0.75,,0.4584,,,,
2012-08-16,0.29,1.83,-0.42,2.25,3.26,,1.2356,1.5738,79.25,0.0,0.75,,0.4562,,,,
2012-08-17,0.29,1.81,-0.43,2.24,3.25,,1.2315,1.5697,79.5,0.0,0.75,,0.4408,,,,
2012-08-18,,,,,,,,,,0.0,0.75,,,,,,
2012-08-19,,,,,,,,,,0.0,0.75,,,,,,
2012-08-20,0.29,1.82,-0.43,2.25,3.23,,1.2343,1.5707,79.41,0.0,0.75,,0.445,,,,
2012-08-21,0.31,1.8,-0.45,2.25,3.23,,1.2472,1.5788,79.43,0.0,0.75,,0.4536,,,,
2012-08-22,0.26,1.71,-0.55,2.26,3.22,2825661.0,1.2472,1.58,79.19,0.0,0.75,,0.4572,,,,
2012-08-23,0.26,1.68,-0.62,2.3,3.2,,1.2583,1.5882,78.46,0.0,0.75,,0.4513,,,,
2012-08-24,0.28,1.68,-0.6,2.28,3.21,,1.2533,1.5815,78.65,0.0,0.75,,0.4463,,,,
2012-08-25,,,,,,,,,,0.0,0.75,,,,,,
2012-08-26,,,,,,,,,,0.0,0.75,,,,,,
2012-08-27,0.28,1.65,-0.64,2.29,3.19,,1.2514,1.58,78.67,0.0,0.75,,,,,,
2012-08-28,0.27,1.64,-0.68,2.32,3.19,,1.2564,1.5828,78.5,0.0,0.75,,0.4585,,,,
2012-08-29,0.27,1.66,-0.64,2.3,3.19,2812806.0,1.2538,1.5839,78.72,0.0,0.75,,0.4575,,,,
2012-08-30,0.27,1.63,-0.63,2.26,3.2,,1.2497,1.5794,78.55,0.0,0.75,,0.446,,,,
2012-08-31,0.22,1.57,-0.68,2.25,3.21,,1.2578,1.5864,78.3,0.0,0.75,,0.4298,,,,
2012-09-01,,,,,,,,,,0.0,0.75,2.41867343345105,,1.7222,0.085,0.757,0.599
2012-09-02,,,,,,,,,,0.0,0.75,,,,,,
2012-09-03,,,,,,,,,,0.0,0.75,,0.4481,,,,
2012-09-04,0.23,1.59,-0.68,2.27,3.18,,1.2566,1.5889,78.35,0.0,0.75,,0.4513,,,,
2012-09-05,0.25,1.6,-0.69,2.29,3.18,2822169.0,1.2603,1.5907,78.34,0.0,0.75,,0.4465,,,,
2012-09-06,0.27,1.68,-0.63,2.31,3.19,,1.2626,1.5922,78.96,0.0,0.75,,0.4432,,,,
2012-09-07,0.25,1.67,-0.68,2.35,3.2,,1.2796,1.6016,78.14,0.0,0.75,,0.423,,,,
2012-09-08,,,,,,,,,,0.0,0.75,,,,,,
2012-09-09,,,,,,,,,,0.0,0.75,,,,,,
2012-09-10,0.25,1.68,-0.68,2.36,3.2,,1.2795,1.6009,78.24,0.0,0.75,,0.4256,,,,
2012-09-11,0.25,1.7,-0.68,2.38,3.18,,1.2858,1.6071,77.78,0.0,0.75,,0.4227,,,,
2012-09-12,0.25,1.77,-0.61,2.38,3.18,2823448.0,1.2894,1.6111,77.86,0.0,0.75,,0.4196,,,,
2012-09-13,0.24,1.75,-0.72,2.47,3.21,,1.2912,1.6125,77.41,0.0,0.75,,0.4193,,,,
2012-09-14,0.27,1.88,-0.76,2.64,3.15,,1.3142,1.6244,78.22,0.0,0.75,,0.4194,,,,
2012-09-15,,,,,,,,,,0.0,0.75,,,,,,
2012-09-16,,,,,,,,,,0.0,0.75,,,,,,
2012-09-17,0.25,1.85,-0.74,2.59,3.12,,1.3125,1.6263,78.68,0.0,0.75,,0.415,,,,
2012-09-18,0.25,1.82,-0.73,2.55,3.09,,1.3051,1.6251,78.59,0.0,0.75,,0.4184,,,,
2012-09-19,0.27,1.79,-0.75,2.54,3.07,2821574.0,1.3065,1.6219,78.4,0.0,0.75,,0.4211,,,,
2012-09-20,0.27,1.8,-0.7,2.5,3.04,,1.2948,1.6198,78.3,0.0,0.75,,0.4293,,,,
2012-09-21,0.27,1.77,-0.71,2.48,3.06,,1.299,1.6251,78.17,0.0,0.75,,0.4313,,,,
2012-09-22,,,,,,,,,,0.0,0.75,,,,,,
2012-09-23,,,,,,,,,,0.0,0.75,,,,,,
2012-09-24,0.27,1.74,-0.73,2.47,3.02,,1.2909,1.6199,77.9,0.0,0.75,,0.4291,,,,
2012-09-25,0.27,1.7,-0.74,2.44,3.03,,1.2945,1.6232,77.91,0.0,0.75,,0.4311,,,,
2012-09-26,0.26,1.64,-0.77,2.41,3.03,2804457.0,1.2852,1.6145,77.78,0.0,0.75,,0.4263,,,,
2012-09-27,0.25,1.66,-0.78,2.44,3.05,,1.2874,1.6217,77.62,0.0,0.75,,0.4273,,,,
2012-09-28,0.23,1.65,-0.77,2.42,3.07,,1.2856,1.6132,77.92,0.0,0.75,,0.3938,,,,
2012-09-29,,,,,,,,,,0.0,0.75,,,,,,
2012-09-30,,,,,,,,,,0.0,0.75,,,,,,
2012-10-01,0.25,1.64,-0.78,2.42,3.06,,1.29,1.6142,78.0,0.0,0.75,2.3057818010952,0.4293,1.7721,0.085,0.76,0.597
2012-10-02,0.23,1.64,-0.83,2.47,3.04,,1.2951,1.6186,78.01,0.0,0.75,,0.4325,,,,
2012-10-03,0.23,1.64,-0.83,2.47,3.03,2808512.0,1.2909,1.6077,78.57,0.0,0.75,,0.4312,,,,
2012-10-04,0.23,1.7,-0.86,2.56,2.99,,1.3001,1.6165,78.44,0.0,0.75,,0.4348,,,,
2012-10-05,0.27,1.75,-0.82,2.57,2.98,,1.3059,1.6196,78.66,0.0,0.75,,0.4379,,,,
2012-10-06,,,,,,,,,,0.0,0.75,,,,,,
2012-10-07,,,,,,,,,,0.0,0.75,,,,,,
2012-10-08,,,,,,,,,,0.0,0.75,,0.4378,,,,
2012-10-09,0.25,1.74,-0.81,2.55,2.93,,1.2876,1.5987,78.23,0.0,0.75,,0.4353,,,,
2012-10-10,0.27,1.72,-0.8,2.52,2.9,2811623.0,1.2888,1.6007,78.26,0.0,0.75,,0.4334,,,,
2012-10-11,0.28,1.7,-0.77,2.47,2.87,,1.2928,1.6028,78.44,0.0,0.75,,0.4361,,,,
2012-10-12,0.27,1.69,-0.78,2.47,2.85,,1.2946,1.6075,78.31,0.0,0.75,,0.4363,,,,
2012-10-13,,,,,,,,,,0.0,0.75,,,,,,
2012-10-14,,,,,,,,,,0.0,0.75,,,,,,
2012-10-15,0.27,1.7,-0.78,2.48,2.83,,1.295,1.6069,78.76,0.0,0.75,,0.4295,,,,
2012-10-16,0.27,1.75,-0.71,2.46,2.8,,1.3036,1.6101,78.92,0.0,0.75,,0.4331,,,,
2012-10-17,0.3,1.83,-0.65,2.48,2.77,2846920.0,1.3133,1.6165,78.74,0.0,0.75,,0.4351,,,,
2012-10-18,0.29,1.86,-0.66,2.52,2.72,,1.3106,1.6141,79.24,0.0,0.75,,0.4358,,,,
2012-10-19,0.3,1.79,-0.71,2.5,2.71,,1.3022,1.6003,79.26,0.0,0.75,,0.439,,,,
2012-10-20,,,,,,,,,,0.0,0.75,,,,,,
2012-10-21,,,,,,,,,,0.0,0.75,,,,,,
2012-10-22,0.32,1.83,-0.7,2.53,2.68,,1.3063,1.6028,79.84,0.0,0.75,,0.4388,,,,
2012-10-23,0.29,1.79,-0.71,2.5,2.73,,1.2971,1.5932,79.79,0.0,0.75,,0.4365,,,,
2012-10-24,0.29,1.8,-0.69,2.49,2.74,2840964.0,1.2946,1.6015,79.82,0.0,0.75,,0.4324,,,,
2012-10-25,0.31,1.86,-0.63,2.49,2.73,,1.2958,1.6119,80.04,0.0,0.75,,0.4332,,,,
2012-10-26,0.3,1.78,-0.69,2.47,2.76,,1.2938,1.6098,79.63,0.0,0.75,,0.4347,,,,
2012-10-27,,,,,,,,,,0.0,0.75,,,,,,
2012-10-28,,,,,,,,,,0.0,0.75,,,,,,
2012-10-29,0.3,1.74,-0.73,2.47,2.75,,1.2906,1.6025,79.81,0.0,0.75,,0.4315,,,,
2012-10-30,,,,,,,1.2979,1.6083,79.58,0.0,0.75,,0.4349,,,,
2012-10-31,0.3,1.72,-0.78,2.5,2.73,2823137.0,1.2958,1.6111,79.94,0.0,0.75,,0.4088,,,,
2012-11-01,0.3,1.75,-0.77,2.52,2.75,,1.2937,1.6142,80.14,0.0,0.75,2.24665118025691,0.4321,1.7741,0.086,0.713,0.53
2012-11-02,0.28,1.75,-0.73,2.48,2.77,,1.2848,1.6036,80.53,0.0,0.75,,0.4344,,,,
2012-11-03,,,,,,,,,,0.0,0.75,,,,,,
2012-11-04,,,,,,,,,,0.0,0.75,,,,,,
2012-11-05,0.28,1.72,-0.75,2.47,2.74,,1.279,1.5977,80.17,0.0,0.75,,0.4359,,,,
2012-11-06,0.3,1.78,-0.72,2.5,2.74,,1.2818,1.5985,80.28,0.0,0.75,,0.4354,,,,
2012-11-07,0.27,1.68,-0.8,2.48,2.78,2830791.0,1.2759,1.5975,79.85,0.0,0.75,,0.4379,,,,
2012-11-08,0.27,1.62,-0.85,2.47,2.8,,1.274,1.5979,79.74,0.0,0.75,,0.436,,,,
2012-11-09,0.27,1.61,-0.83,2.44,2.82,,1.2715,1.5912,79.46,0.0,0.75,,0.4414,,,,
2012-11-10,,,,,,,,,,0.0,0.75,,,,,,
2012-11-11,,,,,,,,,,0.0,0.75,,,,,,
2012-11-12,,,,,,,,,,0.0,0.75,,0.4235,,,,
2012-11-13,0.27,1.59,-0.84,2.43,2.85,,1.2716,1.5885,79.42,0.0,0.75,,0.4055,,,,
2012-11-14,0.25,1.59,-0.81,2.4,2.87,2877244.0,1.274,1.5849,80.2,0.0,0.75,,0.4031,,,,
2012-11-15,0.24,1.58,-0.8,2.38,2.9,,1.2783,1.5865,81.16,0.0,0.75,,0.4037,,,,
2012-11-16,0.24,1.58,-0.81,2.39,2.9,,1.2715,1.5866,81.28,0.0,0.75,,0.4153,,,,
2012-11-17,,,,,,,,,,0.0,0.75,,,,,,
2012-11-18,,,,,,,,,,0.0,0.75,,,,,,
2012-11-19,0.25,1.61,-0.78,2.39,2.91,,1.2806,1.5908,81.18,0.0,0.75,,0.4156,,,,
2012-11-20,0.27,1.66,-0.74,2.4,2.9,,1.2814,1.5927,81.72,0.0,0.75,,0.4164,,,,
2012-11-21,0.27,1.69,-0.71,2.4,2.89,2871161.0,1.2816,1.5936,82.36,0.0,0.75,,0.4187,,,,
2012-11-22,,,,,,,,,,0.0,0.75,,0.4271,,,,
2012-11-23,0.29,1.7,-0.72,2.42,2.89,,1.2959,1.6032,82.34,0.0,0.75,,0.4251,,,,
2012-11-24,,,,,,,,,,0.0,0.75,,,,,,
2012-11-25,,,,,,,,,,0.0,0.75,,,,,,
2012-11-26,0.27,1.66,-0.73,2.39,2.9,,1.2966,1.6014,82.11,0.0,0.75,,0.4265,,,,
2012-11-27,0.27,1.64,-0.74,2.38,2.91,,1.294,1.6028,82.23,0.0,0.75,,0.4306,,,,
2012-11-28,0.27,1.63,-0.75,2.38,2.91,2851362.0,1.2923,1.5997,81.84,0.0,0.75,,0.4334,,,,
2012-11-29,0.25,1.62,-0.78,2.4,2.95,,1.2953,1.6026,82.06,0.0,0.75,,0.4334,,,,
2012-11-30,0.25,1.62,-0.79,2.41,2.95,,1.301,1.6027,82.54,0.0,0.75,,0.4327,,,,
2012-12-01,,,,,,,,,,0.0,0.75,2.09906736204692,,1.8467,0.082,0.781,0.557
2012-12-02,,,,,,,,,,0.0,0.75,,,,,,
2012-12-03,0.25,1.63,-0.81,2.44,2.95,,1.3066,1.6104,82.24,0.0,0.75,,0.427,,,,
2012-12-04,0.25,1.62,-0.83,2.45,2.94,,1.3081,1.6097,81.86,0.0,0.75,,0.4255,,,,
2012-12-05,0.25,1.6,-0.85,2.45,2.97,2859807.0,1.3077,1.6102,82.4,0.0,0.75,,0.4287,,,,
2012-12-06,0.25,1.59,-0.87,2.46,2.96,,1.2968,1.6066,82.29,0.0,0.75,,0.4287,,,,
2012-12-07,0.25,1.64,-0.86,2.5,2.96,,1.2942,1.6031,82.37,0.0,0.75,,0.4331,,,,
2012-12-08,,,,,,,,,,0.0,0.75,,,,,,
2012-12-09,,,,,,,,,,0.0,0.75,,,,,,
2012-12-10,0.24,1.63,-0.87,2.5,2.95,,1.293,1.6068,82.37,0.0,0.75,,0.4308,,,,
2012-12-11,0.24,1.66,-0.84,2.5,2.95,,1.2992,1.6103,82.42,0.0,0.75,,0.4304,,,,
2012-12-12,0.25,1.72,-0.79,2.51,2.94,2917260.0,1.3038,1.6132,83.1,0.0,0.75,,0.431,,,,
2012-12-13,0.27,1.74,-0.73,2.47,2.92,,1.3077,1.613,83.54,0.0,0.75,,0.4309,,,,
2012-12-14,0.24,1.72,-0.74,2.46,2.9,,1.3134,1.6139,83.52,0.0,0.75,,0.4293,,,,
2012-12-15,,,,,,,,,,0.0,0.75,,,,,,
2012-12-16,,,,,,,,,,0.0,0.75,,,,,,
2012-12-17,0.25,1.78,-0.7,2.48,2.9,,1.3169,1.6203,83.7,0.0,0.75,,0.4332,,,,
2012-12-18,0.28,1.84,-0.67,2.51,2.92,,1.3224,1.6256,84.0,0.0,0.75,,0.4331,,,,
2012-12-19,0.28,1.82,-0.66,2.48,2.89,2920231.0,1.326,1.6275,84.32,0.0,0.75,,0.4312,,,,
2012-12-20,0.28,1.81,-0.69,2.5,2.89,,1.3224,1.6268,84.33,0.0,0.75,,0.4276,,,,
2012-12-21,0.26,1.77,-0.71,2.48,2.86,,1.3166,1.6167,84.1,0.0,0.75,,0.4335,,,,
2012-12-22,,,,,,,,,,0.0,0.75,,,,,,
2012-12-23,,,,,,,,,,0.0,0.75,,,,,,
2012-12-24,0.26,1.79,-0.69,2.48,2.86,,1.3179,1.6113,84.81,0.0,0.75,,0.4456,,,,
2012-12-25,,,,,,,,,,0.0,0.75,,,,,,
2012-12-26,0.26,1.77,-0.71,2.48,2.87,2907300.0,1.3228,1.6118,85.62,0.0,0.75,,,,,,
2012-12-27,0.26,1.74,-0.73,2.47,2.84,,1.3228,1.6106,86.06,0.0,0.75,,0.4299,,,,
2012-12-28,0.27,1.73,-0.73,2.46,2.85,,1.322,1.6157,86.12,0.0,0.75,,0.4294,,,,
2012-12-29,,,,,,,,,,0.0,0.75,,,,,,
2012-12-30,,,,,,,,,,0.0,0.75,,,,,,
2012-12-31,0.25,1.78,-0.67,2.45,2.85,,1.3186,1.6262,86.64,0.0,0.75,,0.4275,,,,
2013-01-01,,,,,,,,,,0.0,0.75,2.3942180579713694,,2.0795,0.083,0.775,0.789
2013-01-02,0.27,1.86,-0.62,2.48,2.85,2917189.0,1.3195,1.6255,87.1,0.0,0.75,,0.43,,,,
2013-01-03,0.27,1.92,-0.54,2.46,2.84,,1.311,1.6151,86.92,0.0,0.75,,0.4261,,,,
2013-01-04,0.27,1.93,-0.55,2.48,2.81,,1.3047,1.6036,88.14,0.0,0.75,,0.4261,,,,
2013-01-05,,,,,,,,,,0.0,0.75,,,,,,
2013-01-06,,,,,,,,,,0.0,0.75,,,,,,
2013-01-07,0.27,1.92,-0.6,2.52,2.8,,1.3099,1.608,87.68,0.0,0.75,,0.4238,,,,
2013-01-08,0.25,1.89,-0.6,2.49,2.81,,1.3068,1.604,87.31,0.0,0.75,,0.4231,,,,
2013-01-09,0.24,1.88,-0.64,2.52,2.81,2928728.0,1.3078,1.6024,87.9,0.0,0.75,,0.4273,,,,
2013-01-10,0.26,1.91,-0.62,2.53,2.8,,1.322,1.6125,88.16,0.0,0.75,,0.3988,,,,
2013-01-11,0.26,1.89,-0.63,2.52,2.8,,1.3353,1.6128,89.22,0.0,0.75,,0.4027,,,,
2013-01-12,,,,,,,,,,0.0,0.75,,,,,,
2013-01-13,,,,,,,,,,0.0,0.75,,,,,,
2013-01-14,0.26,1.89,-0.66,2.55,2.8,,1.3369,1.6077,89.34,0.0,0.75,,0.4041,,,,
2013-01-15,0.26,1.86,-0.66,2.52,2.81,,1.3342,1.6089,88.65,0.0,0.75,,0.4054,,,,
2013-01-16,0.26,1.84,-0.65,2.49,2.84,2963812.0,1.3305,1.6009,88.64,0.0,0.75,,0.3977,,,,
2013-01-17,0.28,1.89,-0.64,2.53,2.84,,1.3356,1.5991,89.41,0.0,0.75,,0.4022,,,,
2013-01-18,0.26,1.87,-0.66,2.53,2.82,,1.3303,1.5876,89.9,0.0,0.75,,0.4042,,,,
2013-01-19,,,,,,,,,,0.0,0.75,,,,,,
2013-01-20,,,,,,,,,,0.0,0.75,,,,,,
2013-01-21,,,,,,,,,,0.0,0.75,,0.4023,,,,
2013-01-22,0.26,1.86,-0.68,2.54,2.82,,1.3304,1.5862,88.62,0.0,0.75,,0.4029,,,,
2013-01-23,0.26,1.86,-0.66,2.52,2.83,3011697.0,1.3308,1.5848,88.44,0.0,0.75,,0.3994,,,,
2013-01-24,0.23,1.88,-0.62,2.5,2.82,,1.3378,1.5789,90.04,0.0,0.75,,0.4018,,,,
2013-01-25,0.28,1.98,-0.56,2.54,2.82,,1.3456,1.5799,91.04,0.0,0.75,,0.4039,,,,
2013-01-26,,,,,,,,,,0.0,0.75,,,,,,
2013-01-27,,,,,,,,,,0.0,0.75,,,,,,
2013-01-28,0.29,2.0,-0.55,2.55,2.82,,1.3459,1.5686,90.73,0.0,0.75,,0.4051,,,,
2013-01-29,0.3,2.03,-0.53,2.56,2.81,,1.3484,1.5751,90.65,0.0,0.75,,0.4066,,,,
2013-01-30,0.27,2.03,-0.54,2.57,2.84,3008704.0,1.3564,1.5793,91.05,0.0,0.75,,0.4115,,,,
2013-01-31,0.27,2.02,-0.57,2.59,2.82,,1.3584,1.5856,91.28,0.0,0.75,,0.4082,,,,
2013-02-01,0.27,2.04,-0.55,2.59,2.84,,1.3692,1.5744,92.54,0.0,0.75,2.8579232751292,0.4093,2.1781,0.08,0.669,0.721
2013-02-02,,,,,,,,,,0.0,0.75,,,,,,
2013-02-03,,,,,,,,,,0.0,0.75,,,,,,
2013-02-04,0.25,2.0,-0.59,2.59,2.85,,1.3527,1.5737,92.57,0.0,0.75,,0.4136,,,,
2013-02-05,0.27,2.04,-0.55,2.59,2.85,,1.3569,1.5652,93.34,0.0,0.75,,0.4059,,,,
2013-02-06,0.27,2.0,-0.58,2.58,2.86,3014975.0,1.3528,1.5655,93.56,0.0,0.75,,0.4055,,,,
2013-02-07,0.25,1.99,-0.58,2.57,2.85,,1.3382,1.5712,93.24,0.0,0.75,,0.4265,,,,
2013-02-08,0.25,1.99,-0.57,2.56,2.86,,1.3366,1.5814,92.72,0.0,0.75,,0.4252,,,,
2013-02-09,,,,,,,,,,0.0,0.75,,,,,,
2013-02-10,,,,,,,,,,0.0,0.75,,,,,,
2013-02-11,0.27,1.99,-0.58,2.57,2.84,,1.3414,1.5668,93.44,0.0,0.75,,0.4245,,,,
2013-02-12,0.29,2.02,-0.57,2.59,2.85,,1.345,1.5654,93.14,0.0,0.75,,0.4266,,,,
2013-02-13,0.29,2.05,-0.54,2.59,2.84,3074225.0,1.3448,1.5544,93.39,0.0,0.75,,0.4267,,,,
2013-02-14,0.27,2.0,-0.56,2.56,2.85,,1.3334,1.5502,93.1,0.0,0.75,,0.4345,,,,
2013-02-15,0.29,2.01,-0.53,2.54,2.85,,1.3362,1.5518,93.64,0.0,0.75,,0.4317,,,,
2013-02-16,,,,,,,,,,0.0,0.75,,,,,,
2013-02-17,,,,,,,,,,0.0,0.75,,,,,,
2013-02-18,,,,,,,,,,0.0,0.75,,0.429,,,,
2013-02-19,0.29,2.03,-0.52,2.55,2.86,,1.3387,1.5432,93.54,0.0,0.75,,0.4345,,,,
2013-02-20,0.27,2.02,-0.52,2.54,2.87,3095150.0,1.335,1.5301,93.53,0.0,0.75,,0.4321,,,,
2013-02-21,0.26,1.99,-0.54,2.53,2.87,,1.3204,1.5263,92.96,0.0,0.75,,0.4321,,,,
2013-02-22,0.27,1.97,-0.57,2.54,2.87,,1.3166,1.5256,93.35,0.0,0.75,,0.433,,,,
2013-02-23,,,,,,,,,,0.0,0.75,,,,,,
2013-02-24,,,,,,,,,,0.0,0.75,,,,,,
2013-02-25,0.25,1.88,-0.62,2.5,2.89,,1.3172,1.5112,93.35,0.0,0.75,,0.4347,,,,
2013-02-26,0.25,1.88,-0.62,2.5,2.9,,1.3054,1.5125,91.38,0.0,0.75,,0.4314,,,,
2013-02-27,0.27,1.91,-0.61,2.52,2.9,3090600.0,1.3104,1.5134,91.88,0.0,0.75,,0.432,,,,
2013-02-28,0.25,1.89,-0.64,2.53,2.89,,1.3079,1.5192,92.36,0.0,0.75,,0.4339,,,,
2013-03-01,0.25,1.86,-0.67,2.53,2.9,,1.2988,1.5033,93.38,0.0,0.75,3.0268070553043094,0.4305,1.9768,0.08,0.492,0.747
2013-03-02,,,,,,,,,,0.0,0.75,,,,,,
2013-03-03,,,,,,,,,,0.0,0.75,,,,,,
2013-03-04,0.24,1.88,-0.65,2.53,2.9,,1.2996,1.5084,93.32,0.0,0.75,,0.4287,,,,
2013-03-05,0.25,1.9,-0.65,2.55,2.9,,1.3019,1.5098,93.39,0.0,0.75,,0.4333,,,,
2013-03-06,0.25,1.95,-0.61,2.56,2.89,3108805.0,1.299,1.5036,93.64,0.0,0.75,,0.4346,,,,
2013-03-07,0.25,2.0,-0.56,2.56,2.89,,1.3098,1.5032,95.0,0.0,0.75,,0.429,,,,
2013-03-08,0.27,2.06,-0.5,2.56,2.88,,1.2992,1.4926,96.0,0.0,0.75,,0.4313,,,,
2013-03-09,,,,,,,,,,0.0,0.75,,,,,,
2013-03-10,,,,,,,,,,0.0,0.75,,,,,,
2013-03-11,0.27,2.07,-0.5,2.57,2.87,,1.3014,1.4898,96.12,0.0,0.75,,0.4295,,,,
2013-03-12,0.27,2.03,-0.52,2.55,2.87,,1.3023,1.4877,95.96,0.0,0.75,,0.4337,,,,
2013-03-13,0.27,2.04,-0.52,2.56,2.85,3165396.0,1.2949,1.4925,96.0,0.0,0.75,,0.448,,,,
2013-03-14,0.27,2.04,-0.53,2.57,2.88,,1.2974,1.5039,96.16,0.0,0.75,,0.4479,,,,
2013-03-15,0.25,2.01,-0.55,2.56,2.89,,1.3076,1.5124,95.26,0.0,0.75,,0.4371,,,,
2013-03-16,,,,,,,,,,0.0,0.75,,,,,,
2013-03-17,,,,,,,,,,0.0,0.75,,,,,,
2013-03-18,0.26,1.96,-0.6,2.56,2.91,,1.2956,1.5113,94.92,0.0,0.75,,0.4396,,,,
2013-03-19,0.24,1.92,-0.61,2.53,2.9,,1.2888,1.5118,94.85,0.0,0.75,,0.4399,,,,
2013-03-20,0.26,1.96,-0.57,2.53,2.9,3206888.0,1.295,1.5133,95.51,0.0,0.75,,0.4384,,,,
2013-03-21,0.27,1.95,-0.57,2.52,2.9,,1.2928,1.518,95.06,0.0,0.75,,0.4338,,,,
2013-03-22,0.26,1.93,-0.6,2.53,2.9,,1.2996,1.5239,94.48,0.0,0.75,,0.4356,,,,
2013-03-23,,,,,,,,,,0.0,0.75,,,,,,
2013-03-24,,,,,,,,,,0.0,0.75,,,,,,
2013-03-25,0.24,1.93,-0.6,2.53,2.91,,1.2881,1.5184,94.34,0.0,0.75,,0.4407,,,,
2013-03-26,0.25,1.92,-0.61,2.53,2.91,,1.2858,1.5156,94.22,0.0,0.75,,0.4403,,,,
2013-03-27,0.25,1.87,-0.64,2.51,2.93,3202256.0,1.2782,1.5112,94.38,0.0,0.75,,0.4342,,,,
2013-03-28,0.25,1.87,-0.64,2.51,2.96,,1.2842,1.5184,94.02,0.0,0.75,,0.4203,,,,
2013-03-29,,,,,,,1.2816,1.5193,94.16,0.0,0.75,,,,,,
2013-03-30,,,,,,,,,,0.0,0.75,,,,,,
2013-03-31,,,,,,,,,,0.0,0.75,,,,,,
2013-04-01,0.23,1.86,-0.65,2.51,2.91,,1.2857,1.5232,93.3,0.0,0.75,2.85573496129224,,1.7824,0.07,0.589,0.612
2013-04-02,0.25,1.88,-0.63,2.51,2.91,,1.2836,1.5113,93.43,0.0,0.75,,0.4356,,,,
2013-04-03,0.24,1.83,-0.65,2.48,2.91,3215432.0,1.2847,1.514,92.96,0.0,0.75,,0.4353,,,,
2013-04-04,0.22,1.78,-0.7,2.48,2.88,,1.2854,1.5198,96.12,0.0,0.75,,0.4421,,,,
2013-04-05,0.24,1.72,-0.74,2.46,2.82,,1.3027,1.5336,96.86,0.0,0.75,,0.4452,,,,
2013-04-06,,,,,,,,,,0.0,0.75,,,,,,
2013-04-07,,,,,,,,,,0.0,0.75,,,,,,
2013-04-08,0.24,1.76,-0.69,2.45,2.82,,1.3008,1.5257,98.9,0.0,0.75,,0.4375,,,,
2013-04-09,0.24,1.78,-0.67,2.45,2.82,,1.3092,1.5317,99.02,0.0,0.75,,0.4371,,,,
2013-04-10,0.24,1.84,-0.6,2.44,2.83,3227762.0,1.306,1.5315,99.61,0.0,0.75,,0.4448,,,,
2013-04-11,0.24,1.82,-0.65,2.47,2.84,,1.3124,1.5403,99.42,0.0,0.75,,0.4434,,,,
2013-04-12,0.22,1.75,-0.68,2.43,2.82,,1.3094,1.5373,98.98,0.0,0.75,,0.44,,,,
2013-04-13,,,,,,,,,,0.0,0.75,,,,,,
2013-04-14,,,,,,,,,,0.0,0.75,,,,,,
2013-04-15,0.22,1.72,-0.69,2.41,2.82,,1.3082,1.532,98.0,0.0,0.75,,0.4392,,,,
2013-04-16,0.24,1.75,-0.65,2.4,2.81,,1.3141,1.5316,97.86,0.0,0.75,,0.4406,,,,
2013-04-17,0.24,1.73,-0.64,2.37,2.81,3295109.0,1.3049,1.5255,97.74,0.0,0.75,,0.4423,,,,
2013-04-18,0.24,1.72,-0.55,2.27,2.8,,1.3072,1.5282,98.22,0.0,0.75,,0.4415,,,,
2013-04-19,0.24,1.73,-0.59,2.32,2.81,,1.3066,1.5254,99.28,0.0,0.75,,0.4437,,,,
2013-04-20,,,,,,,,,,0.0,0.75,,,,,,
2013-04-21,,,,,,,,,,0.0,0.75,,,,,,
2013-04-22,0.24,1.72,-0.63,2.35,2.82,,1.305,1.5262,99.29,0.0,0.75,,0.4405,,,,
2013-04-23,0.23,1.74,-0.64,2.38,2.8,,1.3012,1.5267,99.43,0.0,0.75,,0.4386,,,,
2013-04-24,0.23,1.73,-0.65,2.38,2.8,3318649.0,1.2997,1.5258,99.39,0.0,0.75,,0.4385,,,,
2013-04-25,0.23,1.74,-0.66,2.4,2.81,,1.3004,1.5434,99.42,0.0,0.75,,0.4407,,,,
2013-04-26,0.22,1.7,-0.68,2.38,2.81,,1.3024,1.5479,97.84,0.0,0.75,,0.4365,,,,
2013-04-27,,,,,,,,,,0.0,0.75,,,,,,
2013-04-28,,,,,,,,,,0.0,0.75,,,,,,
2013-04-29,0.2,1.7,-0.67,2.37,2.82,,1.309,1.5497,98.09,0.0,0.75,,0.4358,,,,
2013-04-30,0.22,1.7,-0.64,2.34,2.83,,1.3168,1.5539,97.52,0.0,0.75,,0.4337,,,,
2013-05-01,0.2,1.66,-0.64,2.3,2.82,3317194.0,1.3192,1.5578,97.28,0.0,0.75,2.68456147468706,0.4376,1.9462,0.07,0.879,0.76
2013-05-02,0.2,1.66,-0.62,2.28,2.81,,1.3066,1.5519,97.96,0.0,0.75,,0.4408,,,,
2013-05-03,0.22,1.78,-0.53,2.31,2.82,,1.3112,1.5563,99.1,0.0,0.75,,0.4401,,,,
2013-05-04,,,,,,,,,,0.0,0.75,,,,,,
2013-05-05,,,,,,,,,,0.0,0.75,,,,,,
2013-05-06,0.22,1.8,-0.51,2.31,2.83,,1.3067,1.5538,99.35,0.0,0.75,,,,,,
2013-05-07,0.22,1.82,-0.5,2.32,2.82,,1.3085,1.5468,99.0,0.0,0.75,,0.435,,,,
2013-05-08,0.22,1.81,-0.48,2.29,2.8,3324615.0,1.3177,1.5563,98.9,0.0,0.5,,0.4349,,,,
2013-05-09,0.22,1.81,-0.5,2.31,2.82,,1.3105,1.5502,99.29,0.0,0.5,,0.4357,,,,
2013-05-10,0.26,1.9,-0.45,2.35,2.82,,1.2955,1.5334,101.74,0.0,0.5,,0.4348,,,,
2013-05-11,,,,,,,,,,0.0,0.5,,,,,,
2013-05-12,,,,,,,,,,0.0,0.5,,,,,,
2013-05-13,0.24,1.92,-0.41,2.33,2.81,,1.2981,1.5291,101.84,0.0,0.5,,0.4377,,,,
2013-05-14,0.26,1.96,-0.37,2.33,2.81,,1.2969,1.5258,102.18,0.0,0.5,,0.4373,,,,
2013-05-15,0.26,1.94,-0.36,2.3,2.82,3354269.0,1.2857,1.5198,102.44,0.0,0.5,,0.4364,,,,
2013-05-16,0.23,1.87,-0.4,2.27,2.81,,1.2898,1.5302,102.22,0.0,0.5,,0.4357,,,,
2013-05-17,0.26,1.95,-0.31,2.26,2.81,,1.2818,1.5173,102.98,0.0,0.5,,0.4363,,,,
2013-05-18,,,,,,,,,,0.0,0.5,,,,,,
2013-05-19,,,,,,,,,,0.0,0.5,,,,,,
2013-05-20,0.26,1.97,-0.31,2.28,2.8,,1.2865,1.5223,102.54,0.0,0.5,,0.4339,,,,
2013-05-21,0.26,1.94,-0.34,2.28,2.81,,1.291,1.517,102.36,0.0,0.5,,0.4431,,,,
2013-05-22,0.26,2.03,-0.24,2.27,2.78,3398713.0,1.2864,1.5038,103.52,0.0,0.5,,0.4364,,,,
2013-05-23,0.26,2.02,-0.24,2.26,2.77,,1.2944,1.512,101.66,0.0,0.5,,0.4384,,,,
2013-05-24,0.26,2.01,-0.26,2.27,2.75,,1.292,1.5126,100.98,0.0,0.5,,0.4214,,,,
2013-05-25,,,,,,,,,,0.0,0.5,,,,,,
2013-05-26,,,,,,,,,,0.0,0.5,,,,,,
2013-05-27,,,,,,,,,,0.0,0.5,,,,,,
2013-05-28,0.29,2.15,-0.14,2.29,2.73,,1.287,1.5061,102.07,0.0,0.5,,0.4228,,,,
2013-05-29,0.3,2.13,-0.1,2.23,2.75,3385128.0,1.2944,1.5121,100.91,0.0,0.5,,0.4238,,,,
2013-05-30,0.31,2.13,-0.05,2.18,2.77,,1.3042,1.5207,101.06,0.0,0.5,,0.4231,,,,
2013-05-31,0.3,2.16,-0.05,2.21,2.79,,1.2988,1.5185,100.83,0.0,0.5,,0.4204,,,,
2013-06-01,,,,,,,,,,0.0,0.5,3.06963806120241,,2.3063,0.07,0.822,1.06
2013-06-02,,,,,,,,,,0.0,0.5,,,,,,
2013-06-03,0.3,2.13,-0.07,2.2,2.82,,1.3098,1.5349,99.18,0.0,0.5,,0.4239,,,,
2013-06-04,0.32,2.14,-0.05,2.19,2.86,,1.3075,1.5304,100.15,0.0,0.5,,0.4208,,,,
2013-06-05,0.3,2.1,-0.06,2.16,2.89,3400183.0,1.3088,1.5392,99.16,0.0,0.5,,0.4172,,,,
2013-06-06,0.3,2.08,-0.05,2.13,2.88,,1.3248,1.5601,97.76,0.0,0.5,,0.4243,,,,
2013-06-07,0.32,2.17,0.03,2.14,2.89,,1.3242,1.5558,97.2,0.0,0.5,,0.4218,,,,
2013-06-08,,,,,,,,,,0.0,0.5,,,,,,
2013-06-09,,,,,,,,,,0.0,0.5,,,,,,
2013-06-10,0.32,2.22,0.11,2.11,2.89,,1.3234,1.5556,98.88,0.0,0.5,,0.4213,,,,
2013-06-11,0.34,2.2,0.13,2.07,2.91,,1.3278,1.5587,96.82,0.0,0.5,,0.4247,,,,
2013-06-12,0.34,2.25,0.21,2.04,2.91,3410842.0,1.3354,1.5697,95.36,0.0,0.5,,0.4269,,,,
2013-06-13,0.32,2.19,0.15,2.04,2.92,,1.3314,1.5698,94.29,0.0,0.5,,0.4263,,,,
2013-06-14,0.29,2.14,0.09,2.05,2.93,,1.333,1.5686,94.34,0.0,0.5,,0.4277,,,,
2013-06-15,,,,,,,,,,0.0,0.5,,,,,,
2013-06-16,,,,,,,,,,0.0,0.5,,,,,,
2013-06-17,0.27,2.19,0.15,2.04,2.93,,1.3341,1.5709,94.87,0.0,0.5,,0.4287,,,,
2013-06-18,0.27,2.2,0.14,2.06,2.92,,1.3407,1.5625,95.2,0.0,0.5,,0.4302,,,,
2013-06-19,0.31,2.33,0.29,2.04,2.87,3470530.0,1.3404,1.5657,95.22,0.0,0.5,,0.4293,,,,
2013-06-20,0.33,2.41,0.46,1.95,2.93,,1.3214,1.5469,98.18,0.0,0.5,,0.431,,,,
2013-06-21,0.38,2.52,0.59,1.93,2.87,,1.3113,1.5373,97.48,0.0,0.5,,0.4303,,,,
2013-06-22,,,,,,,,,,0.0,0.5,,,,,,
2013-06-23,,,,,,,,,,0.0,0.5,,,,,,
2013-06-24,0.42,2.57,0.64,1.93,2.86,,1.3091,1.5404,97.7,0.0,0.5,,0.4335,,,,
2013-06-25,0.43,2.6,0.64,1.96,2.88,,1.308,1.5418,97.87,0.0,0.5,,0.4326,,,,
2013-06-26,0.39,2.55,0.6,1.95,2.89,3478672.0,1.3006,1.5332,97.43,0.0,0.5,,0.4305,,,,
2013-06-27,0.36,2.49,0.5,1.99,2.92,,1.3016,1.5235,98.4,0.0,0.5,,0.4303,,,,
2013-06-28,0.36,2.52,0.53,1.99,2.83,,1.301,1.521,99.21,0.0,0.5,,0.3919,,,,
2013-06-29,,,,,,,,,,0.0,0.5,,,,,,
2013-06-30,,,,,,,,,,0.0,0.5,,,,,,
2013-07-01,0.34,2.5,0.48,2.02,2.83,,1.306,1.5247,99.62,0.0,0.5,3.10141380534218,0.4273,2.471,0.07,0.79,1.097
2013-07-02,0.34,2.48,0.44,2.04,2.81,,1.3017,1.5171,100.43,0.0,0.5,,0.4295,,,,
2013-07-03,0.36,2.52,0.48,2.04,2.8,3492742.0,1.3005,1.5264,99.82,0.0,0.5,,0.4286,,,,
2013-07-04,,,,,,,,,,0.0,0.5,,0.4288,,,,
2013-07-05,0.4,2.73,0.66,2.07,2.77,,1.2831,1.491,100.94,0.0,0.5,,0.4287,,,,
2013-07-06,,,,,,,,,,0.0,0.5,,,,,,
2013-07-07,,,,,,,,,,0.0,0.5,,,,,,
2013-07-08,0.37,2.65,0.58,2.07,2.79,,1.2863,1.4932,101.07,0.0,0.5,,0.429,,,,
2013-07-09,0.37,2.65,0.59,2.06,2.78,,1.2774,1.4837,101.08,0.0,0.5,,0.4311,,,,
2013-07-10,0.38,2.7,0.64,2.06,2.75,3504095.0,1.2846,1.4935,100.1,0.0,0.5,,0.4293,,,,
2013-07-11,0.34,2.6,0.56,2.04,2.77,,1.3046,1.5127,98.8,0.0,0.5,,0.4318,,,,
2013-07-12,0.37,2.61,0.55,2.06,2.77,,1.3048,1.5108,99.39,0.0,0.5,,0.4312,,,,
2013-07-13,,,,,,,,,,0.0,0.5,,,,,,
2013-07-14,,,,,,,,,,0.0,0.5,,,,,,
2013-07-15,0.34,2.57,0.47,2.1,2.76,,1.3039,1.5088,100.04,0.0,0.5,,0.4313,,,,
2013-07-16,0.34,2.55,0.41,2.14,2.74,,1.3144,1.5122,99.37,0.0,0.5,,0.4266,,,,
2013-07-17,0.32,2.52,0.38,2.14,2.74,3537861.0,1.3094,1.5184,99.7,0.0,0.5,,0.4309,,,,
2013-07-18,0.32,2.56,0.38,2.18,2.75,,1.3078,1.5193,100.6,0.0,0.5,,0.4314,,,,
2013-07-19,0.32,2.5,0.29,2.21,2.74,,1.3142,1.526,100.3,0.0,0.5,,0.4324,,,,
2013-07-20,,,,,,,,,,0.0,0.5,,,,,,
2013-07-21,,,,,,,,,,0.0,0.5,,,,,,
2013-07-22,0.32,2.5,0.28,2.22,2.71,,1.3193,1.5366,99.6,0.0,0.5,,0.4312,,,,
2013-07-23,0.33,2.53,0.33,2.2,2.7,,1.3212,1.5354,99.76,0.0,0.5,,0.4299,,,,
2013-07-24,0.34,2.61,0.44,2.17,2.67,3574574.0,1.3228,1.5367,100.21,0.0,0.5,,0.4293,,,,
2013-07-25,0.32,2.61,0.44,2.17,2.69,,1.3234,1.5333,99.56,0.0,0.5,,0.431,,,,
2013-07-26,0.31,2.58,0.43,2.15,2.67,,1.3269,1.5368,98.24,0.0,0.5,,0.4298,,,,
2013-07-27,,,,,,,,,,0.0,0.5,,,,,,
2013-07-28,,,,,,,,,,0.0,0.5,,,,,,
2013-07-29,0.33,2.61,0.45,2.16,2.69,,1.3262,1.5355,97.8,0.0,0.5,,0.4315,,,,
2013-07-30,0.33,2.63,0.46,2.17,2.68,,1.3266,1.5244,98.02,0.0,0.5,,0.4324,,,,
2013-07-31,0.31,2.6,0.38,2.22,2.68,3571797.0,1.3282,1.5177,98.35,0.0,0.5,,0.4299,,,,
2013-08-01,0.35,2.74,0.48,2.26,2.66,,1.3217,1.5145,99.3,0.0,0.5,3.09683898872373,0.4367,2.7088,0.07,0.708,1.142
2013-08-02,0.3,2.63,0.42,2.21,2.68,,1.3268,1.5277,99.04,0.0,0.5,,0.4314,,,,
2013-08-03,,,,,,,,,,0.0,0.5,,,,,,
2013-08-04,,,,,,,,,,0.0,0.5,,,,,,
2013-08-05,0.32,2.67,0.42,2.25,2.7,,1.3257,1.5347,98.54,0.0,0.5,,0.4305,,,,
2013-08-06,0.32,2.67,0.39,2.28,2.69,,1.3296,1.5367,97.85,0.0,0.5,,0.4333,,,,
2013-08-07,0.32,2.61,0.35,2.26,2.72,3585359.0,1.3329,1.5514,96.72,0.0,0.5,,0.4301,,,,
2013-08-08,0.3,2.58,0.34,2.24,2.73,,1.3392,1.5555,96.03,0.0,0.5,,0.4281,,,,
2013-08-09,0.32,2.57,0.33,2.24,2.74,,1.3338,1.5507,96.24,0.0,0.5,,0.4277,,,,
2013-08-10,,,,,,,,,,0.0,0.5,,,,,,
2013-08-11,,,,,,,,,,0.0,0.5,,,,,,
2013-08-12,0.32,2.61,0.37,2.24,2.72,,1.3312,1.5475,96.44,0.0,0.5,,0.4301,,,,
2013-08-13,0.34,2.71,0.48,2.23,2.72,,1.3247,1.5451,98.06,0.0,0.5,,0.4237,,,,
2013-08-14,0.34,2.71,0.5,2.21,2.72,3646323.0,1.3256,1.5531,98.15,0.0,0.5,,0.4251,,,,
2013-08-15,0.36,2.77,0.6,2.17,2.7,,1.3263,1.5573,97.81,0.0,0.5,,0.4272,,,,
2013-08-16,0.36,2.84,0.68,2.16,2.7,,1.3321,1.5621,97.6,0.0,0.5,,0.4257,,,,
2013-08-17,,,,,,,,,,0.0,0.5,,,,,,
2013-08-18,,,,,,,,,,0.0,0.5,,,,,,
2013-08-19,0.36,2.88,0.75,2.13,2.7,,1.3348,1.5665,97.94,0.0,0.5,,0.4254,,,,
2013-08-20,0.36,2.82,0.67,2.15,2.72,,1.3426,1.5678,97.12,0.0,0.5,,0.4287,,,,
2013-08-21,0.38,2.87,0.73,2.14,2.71,3645668.0,1.3368,1.5678,97.66,0.0,0.5,,0.4261,,,,
2013-08-22,0.42,2.9,0.79,2.11,2.68,,1.3362,1.558,98.53,0.0,0.5,,0.4296,,,,
2013-08-23,0.4,2.82,0.69,2.13,2.67,,1.3392,1.5578,98.57,0.0,0.5,,0.427,,,,
2013-08-24,,,,,,,,,,0.0,0.5,,,,,,
2013-08-25,,,,,,,,,,0.0,0.5,,,,,,
2013-08-26,0.41,2.79,0.64,2.15,2.67,,1.3369,1.5568,98.64,0.0,0.5,,,,,,
2013-08-27,0.38,2.72,0.57,2.15,2.66,,1.3387,1.5528,97.3,0.0,0.5,,0.427,,,,
2013-08-28,0.4,2.78,0.63,2.15,2.65,3644456.0,1.3326,1.552,97.65,0.0,0.5,,0.4303,,,,
2013-08-29,0.39,2.75,0.65,2.1,2.62,,1.3228,1.5488,98.46,0.0,0.5,,0.4255,,,,
2013-08-30,0.39,2.78,0.68,2.1,2.56,,1.3196,1.5468,98.22,0.0,0.5,,0.3979,,,,
2013-08-31,,,,,,,,,,0.0,0.5,,,,,,
2013-09-01,,,,,,,,,,0.0,0.5,3.4070926109098094,,2.8443,0.07,0.669,1.11
2013-09-02,,,,,,,,,,0.0,0.5,,0.4343,,,,
2013-09-03,0.43,2.86,0.76,2.1,2.58,,1.3164,1.5544,99.43,0.0,0.5,,0.433,,,,
2013-09-04,0.46,2.9,0.83,2.07,2.55,3654182.0,1.3212,1.5643,99.61,0.0,0.5,,0.4361,,,,
2013-09-05,0.52,2.98,0.92,2.06,2.55,,1.312,1.5593,100.08,0.0,0.5,,0.4344,,,,
2013-09-06,0.46,2.94,0.87,2.07,2.59,,1.3166,1.5633,99.04,0.0,0.5,,0.4335,,,,
2013-09-07,,,,,,,,,,0.0,0.5,,,,,,
2013-09-08,,,,,,,,,,0.0,0.5,,,,,,
2013-09-09,0.45,2.9,0.84,2.06,2.6,,1.326,1.5724,99.55,0.0,0.5,,0.4337,,,,
2013-09-10,0.5,2.96,0.86,2.1,2.61,,1.326,1.5731,100.22,0.0,0.5,,0.4349,,,,
2013-09-11,0.47,2.93,0.8,2.13,2.61,3662035.0,1.3301,1.5807,100.08,0.0,0.5,,0.4314,,,,
2013-09-12,0.45,2.92,0.81,2.11,2.61,,1.3315,1.5819,99.24,0.0,0.5,,0.4341,,,,
2013-09-13,0.45,2.9,0.8,2.1,2.64,,1.3276,1.5861,99.38,0.0,0.5,,0.4319,,,,
2013-09-14,,,,,,,,,,0.0,0.5,,,,,,
2013-09-15,,,,,,,,,,0.0,0.5,,,,,,
2013-09-16,0.41,2.88,0.76,2.12,2.68,,1.335,1.5927,98.98,0.0,0.5,,0.4187,,,,
2013-09-17,0.39,2.86,0.7,2.16,2.67,,1.3357,1.5901,99.16,0.0,0.5,,0.42,,,,
2013-09-18,0.34,2.69,0.49,2.2,2.75,3722192.0,1.3351,1.5965,99.04,0.0,0.5,,0.425,,,,
2013-09-19,0.34,2.76,0.55,2.21,2.72,,1.3527,1.6043,99.33,0.0,0.5,,0.4308,,,,
2013-09-20,0.34,2.75,0.52,2.23,2.68,,1.3522,1.6021,99.38,0.0,0.5,,0.4303,,,,
2013-09-21,,,,,,,,,,0.0,0.5,,,,,,
2013-09-22,,,,,,,,,,0.0,0.5,,,,,,
2013-09-23,0.35,2.72,0.46,2.26,2.7,,1.352,1.6066,98.76,0.0,0.5,,0.433,,,,
2013-09-24,0.35,2.67,0.48,2.19,2.68,,1.349,1.6006,98.76,0.0,0.5,,0.4322,,,,
2013-09-25,0.36,2.63,0.45,2.18,2.7,3734018.0,1.3536,1.608,98.62,0.0,0.5,,0.4303,,,,
2013-09-26,0.34,2.66,0.47,2.19,2.72,,1.3484,1.6012,98.95,0.0,0.5,,0.4301,,,,
2013-09-27,0.34,2.64,0.46,2.18,2.73,,1.3537,1.6135,98.3,0.0,0.5,,0.4286,,,,
2013-09-28,,,,,,,,,,0.0,0.5,,,,,,
2013-09-29,,,,,,,,,,0.0,0.5,,,,,,
2013-09-30,0.33,2.64,0.45,2.19,2.75,,1.3535,1.6179,98.29,0.0,0.5,,0.411,,,,
2013-10-01,0.33,2.66,0.46,2.2,2.76,,1.3534,1.6208,98.05,0.0,0.5,3.1629836999224,0.4345,2.6784,0.07,0.59,1.07
2013-10-02,0.31,2.63,0.43,2.2,2.77,3747387.0,1.3592,1.6224,97.36,0.0,0.5,,0.4288,,,,
2013-10-03,0.33,2.62,0.43,2.19,2.78,,1.3642,1.6169,97.08,0.0,0.5,,0.4362,,,,
2013-10-04,0.33,2.66,0.46,2.2,2.76,,1.3582,1.6069,97.2,0.0,0.5,,0.4315,,,,
2013-10-05,,,,,,,,,,0.0,0.5,,,,,,
2013-10-06,,,,,,,,,,0.0,0.5,,,,,,
2013-10-07,0.37,2.65,0.45,2.2,2.74,,1.3569,1.6082,97.02,0.0,0.5,,0.4335,,,,
2013-10-08,0.4,2.66,0.48,2.18,2.71,,1.3582,1.6089,96.94,0.0,0.5,,0.4346,,,,
2013-10-09,0.37,2.68,0.47,2.21,2.71,3758663.0,1.3513,1.5943,97.23,0.0,0.5,,0.4333,,,,
2013-10-10,0.35,2.71,0.5,2.21,2.68,,1.3535,1.5975,98.09,0.0,0.5,,0.4307,,,,
2013-10-11,0.35,2.7,0.5,2.2,2.68,,1.3559,1.5945,98.42,0.0,0.5,,0.4283,,,,
2013-10-12,,,,,,,,,,0.0,0.5,,,,,,
2013-10-13,,,,,,,,,,0.0,0.5,,,,,,
2013-10-14,,,,,,,,,,0.0,0.5,,0.4354,,,,
2013-10-15,0.37,2.75,0.54,2.21,2.66,,1.3494,1.5974,98.58,0.0,0.5,,0.4337,,,,
2013-10-16,0.34,2.69,0.5,2.19,2.66,3813599.0,1.349,1.5904,98.9,0.0,0.5,,0.4313,,,,
2013-10-17,0.33,2.61,0.45,2.16,2.66,,1.3664,1.6166,97.85,0.0,0.5,,0.4277,,,,
2013-10-18,0.33,2.6,0.42,2.18,2.66,,1.3693,1.6184,97.77,0.0,0.5,,0.4322,,,,
2013-10-19,,,,,,,,,,0.0,0.5,,,,,,
2013-10-20,,,,,,,,,,0.0,0.5,,,,,,
2013-10-21,0.33,2.63,0.44,2.19,2.65,,1.3672,1.6149,98.14,0.0,0.5,,0.4332,,,,
2013-10-22,0.31,2.54,0.37,2.17,2.66,,1.3778,1.6221,98.18,0.0,0.5,,0.4309,,,,
2013-10-23,0.31,2.51,0.36,2.15,2.67,3839033.0,1.3786,1.6171,97.28,0.0,0.5,,0.4317,,,,
2013-10-24,0.33,2.53,0.36,2.17,2.68,,1.381,1.6186,97.36,0.0,0.5,,0.4316,,,,
2013-10-25,0.32,2.53,0.34,2.19,2.66,,1.3794,1.6158,97.46,0.0,0.5,,0.433,,,,
2013-10-26,,,,,,,,,,0.0,0.5,,,,,,
2013-10-27,,,,,,,,,,0.0,0.5,,,,,,
2013-10-28,0.32,2.54,0.35,2.19,2.66,,1.3786,1.6131,97.7,0.0,0.5,,0.4322,,,,
2013-10-29,0.31,2.53,0.35,2.18,2.69,,1.377,1.6059,98.09,0.0,0.5,,0.4294,,,,
2013-10-30,0.33,2.55,0.37,2.18,2.68,3843396.0,1.3771,1.6078,98.14,0.0,0.5,,0.4281,,,,
2013-10-31,0.31,2.57,0.4,2.17,2.65,,1.3594,1.6068,98.1,0.0,0.5,,0.4184,,,,
2013-11-01,0.33,2.65,0.5,2.15,2.64,,1.3488,1.5922,98.78,0.0,0.5,3.17118187200529,0.4264,2.7598,0.07,0.605,1.031
2013-11-02,,,,,,,,,,0.0,0.5,,,,,,
2013-11-03,,,,,,,,,,0.0,0.5,,,,,,
2013-11-04,0.32,2.63,0.5,2.13,2.66,,1.3516,1.595,98.62,0.0,0.5,,0.4308,,,,
2013-11-05,0.32,2.69,0.55,2.14,2.66,,1.347,1.6044,98.6,0.0,0.5,,0.4288,,,,
2013-11-06,0.3,2.67,0.48,2.19,2.7,3851623.0,1.353,1.608,98.6,0.0,0.5,,0.4258,,,,
2013-11-07,0.29,2.63,0.46,2.17,2.7,,1.339,1.6069,98.56,0.0,0.5,,0.4303,,,,
2013-11-08,0.32,2.77,0.59,2.18,2.69,,1.3357,1.5995,99.03,0.0,0.5,,0.4249,,,,
2013-11-09,,,,,,,,,,0.0,0.5,,,,,,
2013-11-10,,,,,,,,,,0.0,0.5,,,,,,
2013-11-11,,,,,,,,,,0.0,0.5,,0.4331,,,,
2013-11-12,0.34,2.8,0.62,2.18,2.67,,1.3428,1.5916,99.65,0.0,0.5,,0.4315,,,,
2013-11-13,0.32,2.75,0.58,2.17,2.69,3907424.0,1.3456,1.6033,99.31,0.0,0.25,,0.4304,,,,
2013-11-14,0.29,2.69,0.51,2.18,2.72,,1.3468,1.6077,99.93,0.0,0.25,,0.4329,,,,
2013-11-15,0.31,2.71,0.53,2.18,2.7,,1.348,1.6107,100.17,0.0,0.25,,0.4322,,,,
2013-11-16,,,,,,,,,,0.0,0.25,,,,,,
2013-11-17,,,,,,,,,,0.0,0.25,,,,,,
2013-11-18,0.31,2.67,0.48,2.19,2.66,,1.352,1.611,100.04,0.0,0.25,,0.4306,,,,
2013-11-19,0.29,2.71,0.53,2.18,2.66,,1.3529,1.611,100.14,0.0,0.25,,0.4295,,,,
2013-11-20,0.28,2.8,0.64,2.16,2.67,3906620.0,1.3451,1.615,100.02,0.0,0.25,,0.4329,,,,
2013-11-21,0.29,2.79,0.6,2.19,2.65,,1.347,1.6155,100.95,0.0,0.25,,0.4326,,,,
2013-11-22,0.31,2.75,0.56,2.19,2.65,,1.3547,1.6211,101.29,0.0,0.25,,0.4301,,,,
2013-11-23,,,,,,,,,,0.0,0.25,,,,,,
2013-11-24,,,,,,,,,,0.0,0.25,,,,,,
2013-11-25,0.3,2.74,0.56,2.18,2.65,,1.3502,1.6146,101.7,0.0,0.25,,0.4288,,,,
2013-11-26,0.29,2.71,0.54,2.17,2.63,,1.3555,1.6187,101.38,0.0,0.25,,0.4316,,,,
2013-11-27,0.28,2.74,0.58,2.16,2.63,3925876.0,1.3563,1.6267,102.18,0.0,0.25,,0.4316,,,,
2013-11-28,,,,,,,,,,0.0,0.25,,0.4357,,,,
2013-11-29,0.28,2.75,0.6,2.15,2.61,,1.3606,1.6373,102.45,0.0,0.25,,0.4188,,,,
2013-11-30,,,,,,,,,,0.0,0.25,,,,,,
2013-12-01,,,,,,,,,,0.0,0.25,3.31291665153656,,2.9458,0.07,0.688,1.253
2013-12-02,0.3,2.81,0.66,2.15,2.6,,1.3552,1.6365,103.04,0.0,0.25,,0.434,,,,
2013-12-03,0.28,2.79,0.64,2.15,2.6,,1.3604,1.6416,102.36,0.0,0.25,,0.4282,,,,
2013-12-04,0.3,2.84,0.73,2.11,2.62,3932626.0,1.3555,1.6352,102.48,0.0,0.25,,0.4285,,,,
2013-12-05,0.3,2.88,0.76,2.12,2.59,,1.3664,1.6328,101.82,0.0,0.25,,0.4286,,,,
2013-12-06,0.3,2.88,0.77,2.11,2.58,,1.369,1.6327,102.88,0.0,0.25,,0.4316,,,,
2013-12-07,,,,,,,,,,0.0,0.25,,,,,,
2013-12-08,,,,,,,,,,0.0,0.25,,,,,,
2013-12-09,0.3,2.86,0.74,2.12,2.57,,1.3726,1.6403,103.22,0.0,0.25,,0.4321,,,,
2013-12-10,0.3,2.81,0.69,2.12,2.56,,1.3765,1.6424,102.8,0.0,0.25,,0.4319,,,,
2013-12-11,0.31,2.86,0.71,2.15,2.55,3993955.0,1.3798,1.6389,102.38,0.0,0.25,,0.4298,,,,
2013-12-12,0.34,2.89,0.75,2.14,2.53,,1.3752,1.6326,103.11,0.0,0.25,,0.431,,,,
2013-12-13,0.34,2.88,0.72,2.16,2.5,,1.3724,1.6294,103.28,0.0,0.25,,0.4301,,,,
2013-12-14,,,,,,,,,,0.0,0.25,,,,,,
2013-12-15,,,,,,,,,,0.0,0.25,,,,,,
2013-12-16,0.34,2.89,0.71,2.18,2.5,,1.3757,1.6311,102.91,0.0,0.25,,0.4243,,,,
2013-12-17,0.34,2.85,0.67,2.18,2.5,,1.3748,1.6254,102.63,0.0,0.25,,0.4287,,,,
2013-12-18,0.32,2.89,0.72,2.17,2.5,4008062.0,1.3766,1.6388,103.18,0.0,0.25,,0.4289,,,,
2013-12-19,0.35,2.94,0.79,2.15,2.42,,1.3666,1.6382,104.16,0.0,0.25,,0.4297,,,,
2013-12-20,0.37,2.89,0.73,2.16,2.38,,1.3673,1.6355,104.07,0.0,0.25,,0.4247,,,,
2013-12-21,,,,,,,,,,0.0,0.25,,,,,,
2013-12-22,,,,,,,,,,0.0,0.25,,,,,,
2013-12-23,0.38,2.94,0.76,2.18,2.35,,1.3701,1.6356,104.06,0.0,0.25,,0.4236,,,,
2013-12-24,0.38,2.99,0.8,2.19,2.36,,1.3676,1.6371,104.26,0.0,0.25,,0.4167,,,,
2013-12-25,,,,,,4032575.0,,,,0.0,0.25,,,,,,
2013-12-26,0.42,3.0,0.8,2.2,2.37,,1.369,1.6425,104.72,0.0,0.25,,,,,,
2013-12-27,0.4,3.02,0.8,2.22,2.37,,1.3766,1.6491,105.05,0.0,0.25,,0.4248,,,,
2013-12-28,,,,,,,,,,0.0,0.25,,,,,,
2013-12-29,,,,,,,,,,0.0,0.25,,,,,,
2013-12-30,0.39,2.99,0.76,2.23,2.35,,1.3816,1.6522,105.0,0.0,0.25,,0.4162,,,,
2013-12-31,0.38,3.04,0.8,2.24,2.33,,1.3779,1.6574,105.25,0.0,0.25,,0.3057,,,,
2014-01-01,,,,,,4023640.0,,,,0.0,0.25,3.21173436338516,,2.91,0.07,0.614,0.983
2014-01-02,0.39,3.0,0.74,2.26,2.34,,1.367,1.6441,104.84,0.0,0.25,,0.4264,,,,
2014-01-03,0.41,3.01,0.75,2.26,2.34,,1.3606,1.6424,104.46,0.0,0.25,,0.4256,,,,
2014-01-04,,,,,,,,,,0.0,0.25,,,,,,
2014-01-05,,,,,,,,,,0.0,0.25,,,,,,
2014-01-06,0.4,2.98,0.72,2.26,2.32,,1.3636,1.6412,104.38,0.0,0.25,,0.4304,,,,
2014-01-07,0.4,2.96,0.7,2.26,2.32,,1.3618,1.6421,104.54,0.0,0.25,,0.4332,,,,
2014-01-08,0.43,3.01,0.72,2.29,2.31,4028185.0,1.3586,1.6461,104.87,0.0,0.25,,0.4282,,,,
2014-01-09,0.44,2.97,0.66,2.31,2.31,,1.3591,1.6459,104.74,0.0,0.25,,0.4284,,,,
2014-01-10,0.39,2.88,0.59,2.29,2.32,,1.3664,1.647,104.06,0.0,0.25,,0.4272,,,,
2014-01-11,,,,,,,,,,0.0,0.25,,,,,,
2014-01-12,,,,,,,,,,0.0,0.25,,,,,,
2014-01-13,0.39,2.84,0.57,2.27,2.34,,1.3647,1.6379,103.31,0.0,0.25,,0.427,,,,
2014-01-14,0.39,2.88,0.62,2.26,2.34,,1.3682,1.645,103.8,0.0,0.25,,0.4284,,,,
2014-01-15,0.41,2.9,0.62,2.28,2.32,4071528.0,1.3604,1.6375,104.42,0.0,0.25,,0.4308,,,,
2014-01-16,0.41,2.86,0.61,2.25,2.32,,1.36,1.6335,104.32,0.0,0.25,,0.4371,,,,
2014-01-17,0.4,2.84,0.58,2.26,2.33,,1.3554,1.6429,104.32,0.0,0.25,,0.4246,,,,
2014-01-18,,,,,,,,,,0.0,0.25,,,,,,
2014-01-19,,,,,,,,,,0.0,0.25,,,,,,
2014-01-20,,,,,,,,,,0.0,0.25,,0.4303,,,,
2014-01-21,0.4,2.85,0.59,2.26,2.3,,1.356,1.6469,104.14,0.0,0.25,,0.4313,,,,
2014-01-22,0.44,2.87,0.62,2.25,2.3,4097914.0,1.3546,1.6571,104.36,0.0,0.25,,0.4287,,,,
2014-01-23,0.39,2.79,0.66,2.13,2.32,,1.368,1.6612,103.65,0.0,0.25,,0.4336,,,,
2014-01-24,0.37,2.75,0.61,2.14,2.35,,1.368,1.6491,102.41,0.0,0.25,,0.4289,,,,
2014-01-25,,,,,,,,,,0.0,0.25,,,,,,
2014-01-26,,,,,,,,,,0.0,0.25,,,,,,
2014-01-27,0.37,2.78,0.64,2.14,2.36,,1.3679,1.6588,102.26,0.0,0.25,,0.4253,,,,
2014-01-28,0.38,2.77,0.62,2.15,2.35,,1.3662,1.6581,102.8,0.0,0.25,,0.4343,,,,
2014-01-29,0.36,2.69,0.55,2.14,2.38,4102138.0,1.3663,1.6561,102.2,0.0,0.25,,0.4273,,,,
2014-01-30,0.36,2.72,0.57,2.15,2.36,,1.3549,1.6487,102.83,0.0,0.25,,0.4342,,,,
2014-01-31,0.34,2.67,0.53,2.14,2.4,,1.35,1.645,102.28,0.0,0.25,,0.4104,,,,
2014-02-01,,,,,,,,,,0.0,0.25,3.08875773068556,,2.8147,0.08,0.586,0.951
2014-02-02,,,,,,,,,,0.0,0.25,,,,,,
2014-02-03,0.3,2.61,0.47,2.14,2.39,,1.3523,1.6307,101.11,0.0,0.25,,0.4339,,,,
2014-02-04,0.31,2.64,0.51,2.13,2.41,,1.3507,1.63,101.62,0.0,0.25,,0.4319,,,,
2014-02-05,0.32,2.7,0.56,2.14,2.42,4109285.0,1.3519,1.6308,101.38,0.0,0.25,,0.4271,,,,
2014-02-06,0.33,2.73,0.57,2.16,2.4,,1.3604,1.6345,101.84,0.0,0.25,,0.4296,,,,
2014-02-07,0.3,2.71,0.53,2.18,2.42,,1.3614,1.6395,102.32,0.0,0.25,,0.4245,,,,
2014-02-08,,,,,,,,,,0.0,0.25,,,,,,
2014-02-09,,,,,,,,,,0.0,0.25,,,,,,
2014-02-10,0.32,2.7,0.51,2.19,2.42,,1.3644,1.6419,102.14,0.0,0.25,,0.4222,,,,
2014-02-11,0.35,2.75,0.56,2.19,2.39,,1.3654,1.6468,102.63,0.0,0.25,,0.4185,,,,
2014-02-12,0.35,2.8,0.59,2.21,2.36,4119474.0,1.3592,1.6578,102.48,0.0,0.25,,0.4166,,,,
2014-02-13,0.32,2.73,0.56,2.17,2.39,,1.3669,1.6643,102.2,0.0,0.25,,0.4199,,,,
2014-02-14,0.32,2.75,0.59,2.16,2.38,,1.369,1.6736,101.82,0.0,0.25,,0.4216,,,,
2014-02-15,,,,,,,,,,0.0,0.25,,,,,,
2014-02-16,,,,,,,,,,0.0,0.25,,,,,,
2014-02-17,,,,,,,,,,0.0,0.25,,0.4315,,,,
2014-02-18,0.31,2.71,0.57,2.14,2.4,,1.3758,1.6696,102.31,0.0,0.25,,0.4116,,,,
2014-02-19,0.33,2.73,0.6,2.13,2.41,4149224.0,1.3762,1.6718,102.3,0.0,0.25,,0.4134,,,,
2014-02-20,0.34,2.76,0.63,2.13,2.39,,1.369,1.664,102.32,0.0,0.25,,0.4142,,,,
2014-02-21,0.33,2.73,0.61,2.12,2.38,,1.3722,1.663,102.71,0.0,0.25,,0.4199,,,,
2014-02-22,,,,,,,,,,0.0,0.25,,,,,,
2014-02-23,,,,,,,,,,0.0,0.25,,,,,,
2014-02-24,0.35,2.75,0.59,2.16,2.38,,1.3744,1.6641,102.44,0.0,0.25,,0.4185,,,,
2014-02-25,0.34,2.7,0.55,2.15,2.38,,1.3749,1.6696,102.2,0.0,0.25,,0.418,,,,
2014-02-26,0.33,2.67,0.51,2.16,2.38,4159972.0,1.3668,1.6648,102.36,0.0,0.25,,0.4189,,,,
2014-02-27,0.33,2.65,0.49,2.16,2.36,,1.3724,1.6693,102.12,0.0,0.25,,0.4109,,,,
2014-02-28,0.33,2.66,0.49,2.17,2.35,,1.3806,1.675,102.08,0.0,0.25,,0.3904,,,,
2014-03-01,,,,,,,,,,0.0,0.25,2.88610575008792,,2.7837,0.07,0.605,0.955
2014-03-02,,,,,,,,,,0.0,0.25,,,,,,
2014-03-03,0.32,2.6,0.44,2.16,2.37,,1.3763,1.6712,101.36,0.0,0.25,,0.4197,,,,
2014-03-04,0.33,2.7,0.52,2.18,2.35,,1.3731,1.6665,102.18,0.0,0.25,,0.4188,,,,
2014-03-05,0.33,2.7,0.52,2.18,2.36,4171762.0,1.3734,1.6729,102.32,0.0,0.25,,0.4209,,,,
2014-03-06,0.37,2.74,0.53,2.21,2.37,,1.3848,1.6743,103.03,0.0,0.25,,0.4196,,,,
2014-03-07,0.38,2.8,0.57,2.23,2.34,,1.3868,1.6725,103.38,0.0,0.25,,0.4181,,,,
2014-03-08,,,,,,,,,,0.0,0.25,,,,,,
2014-03-09,,,,,,,,,,0.0,0.25,,,,,,
2014-03-10,0.37,2.79,0.57,2.22,2.36,,1.388,1.6633,103.23,0.0,0.25,,0.4129,,,,
2014-03-11,0.37,2.77,0.57,2.2,2.37,,1.3867,1.6628,103.18,0.0,0.25,,0.4202,,,,
2014-03-12,0.37,2.73,0.54,2.19,2.38,4181361.0,1.3904,1.6605,102.74,0.0,0.25,,0.4197,,,,
2014-03-13,0.34,2.66,0.49,2.17,2.39,,1.3927,1.6677,102.12,0.0,0.25,,0.4173,,,,
2014-03-14,0.36,2.65,0.48,2.17,2.4,,1.3924,1.663,101.46,0.0,0.25,,0.4162,,,,
2014-03-15,,,,,,,,,,0.0,0.25,,,,,,
2014-03-16,,,,,,,,,,0.0,0.25,,,,,,
2014-03-17,0.38,2.7,0.52,2.18,2.4,,1.3927,1.6645,101.62,0.0,0.25,,0.4197,,,,
2014-03-18,0.36,2.68,0.5,2.18,2.42,,1.3913,1.6574,101.37,0.0,0.25,,0.4163,,,,
2014-03-19,0.47,2.78,0.62,2.16,2.37,4222081.0,1.391,1.6629,101.54,0.0,0.25,,0.418,,,,
2014-03-20,0.45,2.79,0.66,2.13,2.34,,1.3784,1.6511,102.39,0.0,0.25,,0.4293,,,,
2014-03-21,0.45,2.75,0.61,2.14,2.32,,1.3783,1.6498,102.38,0.0,0.25,,0.4191,,,,
2014-03-22,,,,,,,,,,0.0,0.25,,,,,,
2014-03-23,,,,,,,,,,0.0,0.25,,,,,,
2014-03-24,0.47,2.74,0.59,2.15,2.29,,1.3784,1.6491,102.21,0.0,0.25,,0.4208,,,,
2014-03-25,0.47,2.75,0.61,2.14,2.28,,1.3777,1.6507,102.32,0.0,0.25,,0.4234,,,,
2014-03-26,0.45,2.71,0.57,2.14,2.28,4226971.0,1.3786,1.6566,102.3,0.0,0.25,,0.425,,,,
2014-03-27,0.45,2.69,0.56,2.13,2.26,,1.3752,1.6627,102.1,0.0,0.25,,0.4233,,,,
2014-03-28,0.45,2.73,0.6,2.13,2.25,,1.3753,1.6637,102.92,0.0,0.25,,0.421,,,,
2014-03-29,,,,,,,,,,0.0,0.25,,,,,,
2014-03-30,,,,,,,,,,0.0,0.25,,,,,,
2014-03-31,0.44,2.73,0.6,2.13,2.26,,1.3777,1.6675,102.98,0.0,0.25,,0.3342,,,,
2014-04-01,0.44,2.77,0.63,2.14,2.26,,1.3804,1.6639,103.52,0.0,0.25,2.61002012827356,0.4168,2.7417,0.06,0.61,0.86
2014-04-02,0.47,2.82,0.68,2.14,2.25,4236441.0,1.3761,1.6634,103.82,0.0,0.25,,0.4209,,,,
2014-04-03,0.46,2.8,0.66,2.14,2.24,,1.3708,1.6583,103.94,0.0,0.25,,0.4224,,,,
2014-04-04,0.43,2.74,0.61,2.13,2.25,,1.3704,1.6594,103.39,0.0,0.25,,0.4174,,,,
2014-04-05,,,,,,,,,,0.0,0.25,,,,,,
2014-04-06,,,,,,,,,,0.0,0.25,,,,,,
2014-04-07,0.41,2.71,0.59,2.12,2.24,,1.3745,1.6616,103.04,0.0,0.25,,0.4255,,,,
2014-04-08,0.4,2.69,0.58,2.11,2.26,,1.3802,1.6743,102.12,0.0,0.25,,0.4237,,,,
2014-04-09,0.37,2.71,0.57,2.14,2.25,4244188.0,1.3816,1.6751,101.85,0.0,0.25,,0.425,,,,
2014-04-10,0.37,2.65,0.51,2.14,2.24,,1.3892,1.6781,101.43,0.0,0.25,,0.4275,,,,
2014-04-11,0.37,2.63,0.5,2.13,2.23,,1.3898,1.6736,101.56,0.0,0.25,,0.422,,,,
2014-04-12,,,,,,,,,,0.0,0.25,,,,,,
2014-04-13,,,,,,,,,,0.0,0.25,,,,,,
2014-04-14,0.37,2.65,0.52,2.13,2.22,,1.3824,1.6741,101.81,0.0,0.25,,0.4235,,,,
2014-04-15,0.39,2.64,0.5,2.14,2.2,,1.3806,1.6725,101.6,0.0,0.25,,0.43,,,,
2014-04-16,0.39,2.65,0.48,2.17,2.19,4283967.0,1.382,1.6794,102.3,0.0,0.25,,0.4275,,,,
2014-04-17,0.43,2.73,0.52,2.21,2.16,,1.3832,1.6809,102.22,0.0,0.25,,0.4265,,,,
2014-04-18,,,,,,,1.3816,1.6792,102.43,0.0,0.25,,,,,,
2014-04-19,,,,,,,,,,0.0,0.25,,,,,,
2014-04-20,,,,,,,,,,0.0,0.25,,,,,,
2014-04-21,0.42,2.73,0.53,2.2,2.18,,1.379,1.6792,102.56,0.0,0.25,,,,,,
2014-04-22,0.45,2.73,0.52,2.21,2.15,,1.3804,1.6833,102.6,0.0,0.25,,0.424,,,,
2014-04-23,0.43,2.7,0.49,2.21,2.15,4296339.0,1.3814,1.6768,102.26,0.0,0.25,,0.4225,,,,
2014-04-24,0.43,2.7,0.49,2.21,2.14,,1.3828,1.6797,102.34,0.0,0.25,,0.4215,,,,
2014-04-25,0.43,2.68,0.48,2.2,2.13,,1.3838,1.681,102.12,0.0,0.25,,0.4208,,,,
2014-04-26,,,,,,,,,,0.0,0.25,,,,,,
2014-04-27,,,,,,,,,,0.0,0.25,,,,,,
2014-04-28,0.44,2.7,0.52,2.18,2.13,,1.3844,1.6812,102.46,0.0,0.25,,0.4234,,,,
2014-04-29,0.44,2.71,0.53,2.18,2.15,,1.3808,1.6829,102.57,0.0,0.25,,0.4199,,,,
2014-04-30,0.42,2.67,0.49,2.18,2.16,4296049.0,1.387,1.6883,102.14,0.0,0.25,,0.3984,,,,
2014-05-01,0.41,2.63,0.43,2.2,2.14,,1.3867,1.69,102.3,0.0,0.25,2.55487751147178,0.4205,2.6989,0.07,0.566,0.77
2014-05-02,0.42,2.6,0.41,2.19,2.14,,1.3864,1.6865,102.34,0.0,0.25,,0.4178,,,,
2014-05-03,,,,,,,,,,0.0,0.25,,,,,,
2014-05-04,,,,,,,,,,0.0,0.25,,,,,,
2014-05-05,0.43,2.63,0.45,2.18,2.15,,1.3884,1.687,102.06,0.0,0.25,,,,,,
2014-05-06,0.43,2.61,0.45,2.16,2.15,,1.3924,1.6976,101.57,0.0,0.25,,0.4196,,,,
2014-05-07,0.41,2.62,0.42,2.2,2.16,4303143.0,1.3917,1.6964,101.72,0.0,0.25,,0.4251,,,,
2014-05-08,0.4,2.61,0.42,2.19,2.18,,1.3864,1.6944,101.66,0.0,0.25,,0.4255,,,,
2014-05-09,0.4,2.62,0.44,2.18,2.21,,1.3763,1.6849,101.74,0.0,0.25,,0.4254,,,,
2014-05-10,,,,,,,,,,0.0,0.25,,,,,,
2014-05-11,,,,,,,,,,0.0,0.25,,,,,,
2014-05-12,0.41,2.66,0.48,2.18,2.2,,1.376,1.6871,102.1,0.0,0.25,,0.4219,,,,
2014-05-13,0.39,2.61,0.45,2.16,2.21,,1.3711,1.6838,102.2,0.0,0.25,,0.4224,,,,
2014-05-14,0.39,2.54,0.37,2.17,2.2,4336649.0,1.3718,1.6784,101.75,0.0,0.25,,0.4249,,,,
2014-05-15,0.38,2.5,0.31,2.19,2.22,,1.3712,1.6791,101.44,0.0,0.25,,0.4271,,,,
2014-05-16,0.38,2.52,0.34,2.18,2.2,,1.3708,1.6827,101.5,0.0,0.25,,0.426,,,,
2014-05-17,,,,,,,,,,0.0,0.25,,,,,,
2014-05-18,,,,,,,,,,0.0,0.25,,,,,,
2014-05-19,0.36,2.54,0.37,2.17,2.22,,1.3716,1.6822,101.26,0.0,0.25,,0.4254,,,,
2014-05-20,0.35,2.52,0.35,2.17,2.23,,1.3702,1.6847,101.26,0.0,0.25,,0.4229,,,,
2014-05-21,0.37,2.54,0.36,2.18,2.26,4327560.0,1.3657,1.6869,101.44,0.0,0.25,,0.4228,,,,
2014-05-22,0.37,2.56,0.35,2.21,2.25,,1.3652,1.6859,101.76,0.0,0.25,,0.4222,,,,
2014-05-23,0.37,2.54,0.32,2.22,2.24,,1.3628,1.6822,101.88,0.0,0.25,,0.4294,,,,
2014-05-24,,,,,,,,,,0.0,0.25,,,,,,
2014-05-25,,,,,,,,,,0.0,0.25,,,,,,
2014-05-26,,,,,,,,,,0.0,0.25,,,,,,
2014-05-27,0.39,2.52,0.31,2.21,2.23,,1.3618,1.68,102.14,0.0,0.25,,0.4223,,,,
2014-05-28,0.37,2.44,0.22,2.22,2.23,4322654.0,1.3596,1.6709,101.78,0.0,0.25,,0.4254,,,,
2014-05-29,0.37,2.45,0.22,2.23,2.24,,1.3608,1.6719,101.58,0.0,0.25,,0.4234,,,,
2014-05-30,0.37,2.48,0.26,2.22,2.22,,1.364,1.6764,101.77,0.0,0.25,,0.4169,,,,
2014-05-31,,,,,,,,,,0.0,0.25,,,,,,
2014-06-01,,,,,,,,,,0.0,0.25,2.2750932766175,,2.7842,0.07,0.536,0.714
2014-06-02,0.39,2.54,0.32,2.22,2.22,,1.3606,1.6756,102.3,0.0,0.25,,0.4186,,,,
2014-06-03,0.41,2.6,0.41,2.19,2.22,,1.3624,1.6753,102.42,0.0,0.25,,0.4126,,,,
2014-06-04,0.41,2.61,0.44,2.17,2.23,4330917.0,1.3619,1.6747,102.69,0.0,0.25,,0.4172,,,,
2014-06-05,0.4,2.59,0.41,2.18,2.24,,1.3618,1.6796,102.44,0.0,0.25,,0.4342,,,,
2014-06-06,0.41,2.6,0.4,2.2,2.23,,1.3639,1.6794,102.5,0.0,0.25,,0.4287,,,,
2014-06-07,,,,,,,,,,0.0,0.25,,,,,,
2014-06-08,,,,,,,,,,0.0,0.25,,,,,,
2014-06-09,0.43,2.62,0.41,2.21,2.22,,1.3589,1.6798,102.52,0.0,0.25,,0.4237,,,,
2014-06-10,0.45,2.64,0.43,2.21,2.21,,1.3543,1.6753,102.37,0.0,0.25,,0.4261,,,,
2014-06-11,0.44,2.65,0.43,2.22,2.2,4340904.0,1.3532,1.6795,101.94,-0.1,0.15,,0.4251,,,,
2014-06-12,0.42,2.58,0.39,2.19,2.21,,1.3556,1.6853,101.83,-0.1,0.15,,0.4253,,,,
2014-06-13,0.45,2.6,0.41,2.19,2.19,,1.3522,1.6953,102.06,-0.1,0.15,,0.4407,,,,
2014-06-14,,,,,,,,,,-0.1,0.15,,,,,,
2014-06-15,,,,,,,,,,-0.1,0.15,,,,,,
2014-06-16,0.49,2.61,0.41,2.2,2.17,,1.3578,1.6988,101.82,-0.1,0.15,,0.428,,,,
2014-06-17,0.51,2.66,0.43,2.23,2.17,,1.3543,1.6965,102.18,-0.1,0.15,,0.4252,,,,
2014-06-18,0.48,2.61,0.38,2.23,2.19,4368168.0,1.3567,1.6951,102.16,-0.1,0.15,,0.4298,,,,
2014-06-19,0.48,2.64,0.39,2.25,2.19,,1.362,1.7046,101.84,-0.1,0.15,,0.4349,,,,
2014-06-20,0.5,2.63,0.35,2.28,2.2,,1.3586,1.7014,102.14,-0.1,0.15,,0.438,,,,
2014-06-21,,,,,,,,,,-0.1,0.15,,,,,,
2014-06-22,,,,,,,,,,-0.1,0.15,,,,,,
2014-06-23,0.48,2.63,0.35,2.28,2.19,,1.3593,1.701,101.9,-0.1,0.15,,0.426,,,,
2014-06-24,0.49,2.59,0.31,2.28,2.18,,1.3588,1.6971,102.13,-0.1,0.15,,0.4282,,,,
2014-06-25,0.48,2.57,0.29,2.28,2.18,4368348.0,1.3638,1.6986,101.75,-0.1,0.15,,0.4275,,,,
2014-06-26,0.46,2.53,0.26,2.27,2.18,,1.361,1.7018,101.66,-0.1,0.15,,0.4213,,,,
2014-06-27,0.45,2.54,0.27,2.27,2.2,,1.3631,1.7016,101.39,-0.1,0.15,,0.4351,,,,
2014-06-28,,,,,,,,,,-0.1,0.15,,,,,,
2014-06-29,,,,,,,,,,-0.1,0.15,,,,,,
2014-06-30,0.47,2.53,0.27,2.26,2.18,,1.369,1.7105,101.28,-0.1,0.15,,0.3807,,,,
2014-07-01,0.47,2.58,0.32,2.26,2.19,,1.3681,1.7147,101.51,-0.1,0.15,2.1569547255719894,0.4347,2.7343,0.07,0.527,0.616
2014-07-02,0.49,2.64,0.38,2.26,2.2,4377031.0,1.3656,1.7165,101.76,-0.1,0.15,,0.4371,,,,
2014-07-03,0.52,2.65,0.37,2.28,2.21,,1.361,1.7152,102.19,-0.1,0.15,,0.423,,,,
2014-07-04,,,,,,,,,,-0.1,0.15,,0.4228,,,,
2014-07-05,,,,,,,,,,-0.1,0.15,,,,,,
2014-07-06,,,,,,,,,,-0.1,0.15,,,,,,
2014-07-07,0.52,2.63,0.36,2.27,2.18,,1.3604,1.7128,101.84,-0.1,0.15,,0.4301,,,,
2014-07-08,0.51,2.58,0.31,2.27,2.18,,1.3614,1.7127,101.53,-0.1,0.15,,0.4307,,,,
2014-07-09,0.51,2.57,0.28,2.29,2.17,4383401.0,1.363,1.713,101.7,-0.1,0.15,,0.4315,,,,
2014-07-10,0.46,2.55,0.27,2.28,2.2,,1.36,1.7122,101.26,-0.1,0.15,,0.4282,,,,
2014-07-11,0.48,2.53,0.25,2.28,2.2,,1.3598,1.7108,101.33,-0.1,0.15,,0.4277,,,,
2014-07-12,,,,,,,,,,-0.1,0.15,,,,,,
2014-07-13,,,,,,,,,,-0.1,0.15,,,,,,
2014-07-14,0.48,2.55,0.28,2.27,2.21,,1.362,1.7079,101.58,-0.1,0.15,,0.4291,,,,
2014-07-15,0.49,2.56,0.31,2.25,2.2,,1.3573,1.7149,101.62,-0.1,0.15,,0.4297,,,,
2014-07-16,0.5,2.55,0.32,2.23,2.19,4398201.0,1.353,1.7131,101.69,-0.1,0.15,,0.4263,,,,
2014-07-17,0.47,2.47,0.24,2.23,2.22,,1.353,1.7104,101.3,-0.1,0.15,,0.4265,,,,
2014-07-18,0.51,2.5,0.26,2.24,2.2,,1.3515,1.7069,101.37,-0.1,0.15,,0.4263,,,,
2014-07-19,,,,,,,,,,-0.1,0.15,,,,,,
2014-07-20,,,,,,,,,,-0.1,0.15,,,,,,
2014-07-21,0.51,2.49,0.25,2.24,2.19,,1.3524,1.7067,101.34,-0.1,0.15,,0.4219,,,,
2014-07-22,0.49,2.48,0.25,2.23,2.19,,1.347,1.7058,101.54,-0.1,0.15,,0.4307,,,,
2014-07-23,0.5,2.48,0.25,2.23,2.2,4410746.0,1.3462,1.7036,101.5,-0.1,0.15,,0.4333,,,,
2014-07-24,0.53,2.52,0.25,2.27,2.2,,1.3468,1.6981,101.82,-0.1,0.15,,0.4349,,,,
2014-07-25,0.53,2.48,0.2,2.28,2.19,,1.3431,1.6972,101.81,-0.1,0.15,,0.4247,,,,
2014-07-26,,,,,,,,,,-0.1,0.15,,,,,,
2014-07-27,,,,,,,,,,-0.1,0.15,,,,,,
2014-07-28,0.54,2.5,0.22,2.28,2.19,,1.344,1.6991,101.82,-0.1,0.15,,0.4324,,,,
2014-07-29,0.54,2.47,0.2,2.27,2.18,,1.341,1.6939,102.12,-0.1,0.15,,0.4279,,,,
2014-07-30,0.56,2.57,0.29,2.28,2.17,4406637.0,1.3378,1.6903,102.9,-0.1,0.15,,0.4367,,,,
2014-07-31,0.53,2.58,0.29,2.29,2.17,,1.339,1.6889,102.75,-0.1,0.15,,0.4045,,,,
2014-08-01,0.47,2.52,0.25,2.27,2.23,,1.3436,1.6832,102.45,-0.1,0.15,1.99076393707155,0.4228,2.5347,0.07,0.488,0.529
2014-08-02,,,,,,,,,,-0.1,0.15,,,,,,
2014-08-03,,,,,,,,,,-0.1,0.15,,,,,,
2014-08-04,0.47,2.51,0.26,2.25,2.24,,1.3414,1.6841,102.47,-0.1,0.15,,0.4248,,,,
2014-08-05,0.47,2.49,0.25,2.24,2.25,,1.3366,1.6874,102.77,-0.1,0.15,,0.4282,,,,
2014-08-06,0.48,2.49,0.24,2.25,2.26,4410111.0,1.3355,1.6833,102.34,-0.1,0.15,,0.4244,,,,
2014-08-07,0.44,2.43,0.19,2.24,2.28,,1.3362,1.6849,102.06,-0.1,0.15,,0.425,,,,
2014-08-08,0.45,2.44,0.19,2.25,2.27,,1.3412,1.6778,101.91,-0.1,0.15,,0.4218,,,,
2014-08-09,,,,,,,,,,-0.1,0.15,,,,,,
2014-08-10,,,,,,,,,,-0.1,0.15,,,,,,
2014-08-11,0.47,2.44,0.19,2.25,2.28,,1.3385,1.6787,102.14,-0.1,0.15,,0.4258,,,,
2014-08-12,0.45,2.46,0.22,2.24,2.29,,1.3357,1.6806,102.22,-0.1,0.15,,0.4212,,,,
2014-08-13,0.43,2.43,0.2,2.23,2.31,4431923.0,1.3367,1.6696,102.48,-0.1,0.15,,0.4211,,,,
2014-08-14,0.42,2.4,0.19,2.21,2.29,,1.3376,1.6694,102.44,-0.1,0.15,,0.4183,,,,
2014-08-15,0.42,2.34,0.16,2.18,2.29,,1.3392,1.6686,102.19,-0.1,0.15,,0.4224,,,,
2014-08-16,,,,,,,,,,-0.1,0.15,,,,,,
2014-08-17,,,,,,,,,,-0.1,0.15,,,,,,
2014-08-18,0.44,2.39,0.21,2.18,2.31,,1.3358,1.672,102.54,-0.1,0.15,,0.4224,,,,
2014-08-19,0.46,2.4,0.23,2.17,2.33,,1.332,1.662,102.86,-0.1,0.15,,0.4265,,,,
2014-08-20,0.49,2.43,0.26,2.17,2.3,4412924.0,1.3284,1.6633,103.36,-0.1,0.15,,0.4233,,,,
2014-08-21,0.49,2.41,0.24,2.17,2.28,,1.3284,1.6589,103.78,-0.1,0.15,,0.4257,,,,
2014-08-22,0.53,2.4,0.26,2.14,2.26,,1.3237,1.6574,103.97,-0.1,0.15,,0.4142,,,,
2014-08-23,,,,,,,,,,-0.1,0.15,,,,,,
2014-08-24,,,,,,,,,,-0.1,0.15,,,,,,
2014-08-25,0.53,2.39,0.24,2.15,2.25,,1.3206,1.6585,103.96,-0.1,0.15,,,,,,
2014-08-26,0.52,2.39,0.25,2.14,2.26,,1.3189,1.657,104.12,-0.1,0.15,,0.4254,,,,
2014-08-27,0.51,2.37,0.23,2.14,2.24,4413736.0,1.3192,1.6573,103.98,-0.1,0.15,,0.4265,,,,
2014-08-28,0.5,2.34,0.21,2.13,2.23,,1.3178,1.6579,103.78,-0.1,0.15,,0.4359,,,,
2014-08-29,0.48,2.35,0.23,2.12,2.23,,1.315,1.6585,104.0,-0.1,0.15,,0.4005,,,,
2014-08-30,,,,,,,,,,-0.1,0.15,,,,,,
2014-08-31,,,,,,,,,,-0.1,0.15,,,,,,
2014-09-01,,,,,,,,,,-0.1,0.15,1.84926476787436,0.4375,2.4919,0.07,0.497,0.589
2014-09-02,0.53,2.42,0.27,2.15,2.25,,1.3124,1.6502,105.1,-0.1,0.15,,0.4326,,,,
2014-09-03,0.52,2.41,0.24,2.17,2.24,4415587.0,1.3136,1.6451,104.88,-0.1,0.15,,0.4303,,,,
2014-09-04,0.54,2.45,0.28,2.17,2.25,,1.2926,1.6349,105.22,-0.1,0.15,,0.4292,,,,
2014-09-05,0.52,2.46,0.31,2.15,2.29,,1.2956,1.6312,104.94,-0.1,0.15,,0.4293,,,,
2014-09-06,,,,,,,,,,-0.1,0.15,,,,,,
2014-09-07,,,,,,,,,,-0.1,0.15,,,,,,
2014-09-08,0.54,2.48,0.35,2.13,2.26,,1.2948,1.6141,105.65,-0.1,0.15,,0.4311,,,,
2014-09-09,0.56,2.5,0.39,2.11,2.25,,1.2909,1.6088,106.32,-0.1,0.15,,0.4294,,,,
2014-09-10,0.58,2.54,0.44,2.1,2.26,4421408.0,1.2908,1.6134,106.76,-0.2,0.05,,0.4291,,,,
2014-09-11,0.58,2.54,0.42,2.12,2.25,,1.2936,1.6225,106.87,-0.2,0.05,,0.4288,,,,
2014-09-12,0.58,2.62,0.49,2.13,2.27,,1.2955,1.6243,107.24,-0.2,0.05,,0.4316,,,,
2014-09-13,,,,,,,,,,-0.2,0.05,,,,,,
2014-09-14,,,,,,,,,,-0.2,0.05,,,,,,
2014-09-15,0.58,2.6,0.47,2.13,2.28,,1.2951,1.6243,107.18,-0.2,0.05,,0.4319,,,,
2014-09-16,0.55,2.6,0.48,2.12,2.3,,1.2976,1.629,106.91,-0.2,0.05,,0.4339,,,,
2014-09-17,0.59,2.62,0.56,2.06,2.29,4449588.0,1.2958,1.6329,107.58,-0.2,0.05,,0.4301,,,,
2014-09-18,0.59,2.63,0.61,2.02,2.28,,1.2913,1.6372,108.69,-0.2,0.05,,0.4288,,,,
2014-09-19,0.59,2.59,0.56,2.03,2.26,,1.2835,1.6314,108.96,-0.2,0.05,,0.4249,,,,
2014-09-20,,,,,,,,,,-0.2,0.05,,,,,,
2014-09-21,,,,,,,,,,-0.2,0.05,,,,,,
2014-09-22,0.58,2.57,0.58,1.99,2.27,,1.2829,1.634,108.88,-0.2,0.05,,0.4258,,,,
2014-09-23,0.57,2.54,0.52,2.02,2.26,,1.2858,1.637,108.82,-0.2,0.05,,0.4422,,,,
2014-09-24,0.59,2.57,0.54,2.03,2.27,4459050.0,1.2788,1.6344,108.92,-0.2,0.05,,0.4418,,,,
2014-09-25,0.56,2.52,0.5,2.02,2.27,,1.2748,1.6313,108.7,-0.2,0.05,,0.428,,,,
2014-09-26,0.59,2.54,0.57,1.97,2.27,,1.2686,1.6254,109.32,-0.2,0.05,,0.4512,,,,
2014-09-27,,,,,,,,,,-0.2,0.05,,,,,,
2014-09-28,,,,,,,,,,-0.2,0.05,,,,,,
2014-09-29,0.58,2.5,0.55,1.95,2.27,,1.2703,1.6262,109.34,-0.2,0.05,,0.4506,,,,
2014-09-30,0.58,2.52,0.55,1.97,2.29,,1.2628,1.622,109.66,-0.2,0.05,,0.4027,,,,
2014-10-01,0.53,2.42,0.46,1.96,2.31,4450260.0,1.2618,1.6216,109.3,-0.2,0.05,1.6893827901523,0.4285,2.2469,0.06,0.465,0.558
2014-10-02,0.53,2.44,0.49,1.95,2.32,,1.267,1.614,108.1,-0.2,0.05,,0.4298,,,,
2014-10-03,0.57,2.45,0.52,1.93,2.29,,1.2517,1.5962,109.7,-0.2,0.05,,0.4331,,,,
2014-10-04,,,,,,,,,,-0.2,0.05,,,,,,
2014-10-05,,,,,,,,,,-0.2,0.05,,,,,,
2014-10-06,0.54,2.43,0.5,1.93,2.3,,1.2592,1.6029,109.08,-0.2,0.05,,0.431,,,,
2014-10-07,0.52,2.36,0.44,1.92,2.3,,1.2626,1.6072,108.3,-0.2,0.05,,0.4271,,,,
2014-10-08,0.46,2.35,0.39,1.96,2.32,4455403.0,1.2683,1.6068,108.41,-0.2,0.05,,0.4299,,,,
2014-10-09,0.46,2.34,0.37,1.97,2.34,,1.2683,1.6123,108.0,-0.2,0.05,,0.4321,,,,
2014-10-10,0.45,2.31,0.35,1.96,2.36,,1.2636,1.6049,107.83,-0.2,0.05,,0.4265,,,,
2014-10-11,,,,,,,,,,-0.2,0.05,,,,,,
2014-10-12,,,,,,,,,,-0.2,0.05,,,,,,
2014-10-13,,,,,,,,,,-0.2,0.05,,0.4386,,,,
2014-10-14,0.39,2.21,0.29,1.92,2.39,,1.266,1.593,107.15,-0.2,0.05,,0.4335,,,,
2014-10-15,0.34,2.15,0.29,1.86,2.44,4474360.0,1.2778,1.5959,106.06,-0.2,0.05,,0.429,,,,
2014-10-16,0.35,2.17,0.28,1.89,2.47,,1.2812,1.6065,105.98,-0.2,0.05,,0.4314,,,,
2014-10-17,0.39,2.22,0.3,1.92,2.44,,1.2755,1.6086,106.72,-0.2,0.05,,0.4309,,,,
2014-10-18,,,,,,,,,,-0.2,0.05,,,,,,
2014-10-19,,,,,,,,,,-0.2,0.05,,,,,,
2014-10-20,0.37,2.2,0.29,1.91,2.45,,1.2783,1.6137,106.87,-0.2,0.05,,0.4284,,,,
2014-10-21,0.38,2.23,0.33,1.9,2.43,,1.2724,1.6134,106.7,-0.2,0.05,,0.4286,,,,
2014-10-22,0.41,2.25,0.34,1.91,2.42,4481616.0,1.2658,1.607,107.32,-0.2,0.05,,0.4287,,,,
2014-10-23,0.41,2.29,0.38,1.91,2.42,,1.2658,1.6037,108.16,-0.2,0.05,,0.4349,,,,
2014-10-24,0.41,2.29,0.39,1.9,2.43,,1.2675,1.6098,108.06,-0.2,0.05,,0.4278,,,,
2014-10-25,,,,,,,,,,-0.2,0.05,,,,,,
2014-10-26,,,,,,,,,,-0.2,0.05,,,,,,
2014-10-27,0.41,2.27,0.38,1.89,2.44,,1.2712,1.6133,107.71,-0.2,0.05,,0.4329,,,,
2014-10-28,0.42,2.3,0.39,1.91,2.43,,1.2747,1.6157,108.0,-0.2,0.05,,0.4358,,,,
2014-10-29,0.48,2.34,0.42,1.92,2.36,4486754.0,1.2762,1.6149,108.1,-0.2,0.05,,0.4342,,,,
2014-10-30,0.48,2.32,0.42,1.9,2.39,,1.2622,1.6023,108.94,-0.2,0.05,,0.433,,,,
2014-10-31,0.5,2.35,0.43,1.92,2.39,,1.253,1.5999,112.09,-0.2,0.05,,0.4227,,,,
2014-11-01,,,,,,,,,,-0.2,0.05,1.61676565245274,,2.1593,0.06,0.42,0.413
2014-11-02,,,,,,,,,,-0.2,0.05,,,,,,
2014-11-03,0.52,2.36,0.43,1.93,2.39,,1.2487,1.5986,113.92,-0.2,0.05,,0.4345,,,,
2014-11-04,0.52,2.35,0.43,1.92,2.39,,1.2554,1.5991,113.44,-0.2,0.05,,0.4344,,,,
2014-11-05,0.52,2.36,0.43,1.93,2.39,4486585.0,1.2488,1.5984,114.62,-0.2,0.05,,0.4327,,,,
2014-11-06,0.54,2.39,0.45,1.94,2.4,,1.2414,1.5862,114.87,-0.2,0.05,,0.4341,,,,
2014-11-07,0.51,2.32,0.38,1.94,2.43,,1.2422,1.5844,114.73,-0.2,0.05,,0.4358,,,,
2014-11-08,,,,,,,,,,-0.2,0.05,,,,,,
2014-11-09,,,,,,,,,,-0.2,0.05,,,,,,
2014-11-10,0.55,2.38,0.44,1.94,2.41,,1.2425,1.5857,114.78,-0.2,0.05,,0.4296,,,,
2014-11-11,,,,,,,,,,-0.2,0.05,,0.4314,,,,
2014-11-12,0.55,2.37,0.46,1.91,2.43,4488895.0,1.2456,1.5815,115.42,-0.2,0.05,,0.4357,,,,
2014-11-13,0.53,2.35,0.47,1.88,2.47,,1.2476,1.5717,115.63,-0.2,0.05,,0.436,,,,
2014-11-14,0.54,2.32,0.43,1.89,2.48,,1.2494,1.5657,116.52,-0.2,0.05,,0.4301,,,,
2014-11-15,,,,,,,,,,-0.2,0.05,,,,,,
2014-11-16,,,,,,,,,,-0.2,0.05,,,,,,
2014-11-17,0.54,2.34,0.48,1.86,2.49,,1.2447,1.5645,116.44,-0.2,0.05,,0.4334,,,,
2014-11-18,0.53,2.32,0.48,1.84,2.52,,1.2534,1.5648,116.76,-0.2,0.05,,0.4315,,,,
2014-11-19,0.54,2.36,0.53,1.83,2.51,4492759.0,1.2548,1.567,117.7,-0.2,0.05,,0.4307,,,,
2014-11-20,0.53,2.34,0.49,1.85,2.52,,1.2526,1.5683,118.14,-0.2,0.05,,0.4303,,,,
2014-11-21,0.53,2.31,0.45,1.86,2.49,,1.2394,1.5672,117.74,-0.2,0.05,,0.4294,,,,
2014-11-22,,,,,,,,,,-0.2,0.05,,,,,,
2014-11-23,,,,,,,,,,-0.2,0.05,,,,,,
2014-11-24,0.53,2.3,0.44,1.86,2.5,,1.2427,1.5701,118.39,-0.2,0.05,,0.4323,,,,
2014-11-25,0.51,2.27,0.42,1.85,2.46,,1.2472,1.5714,117.99,-0.2,0.05,,0.43,,,,
2014-11-26,0.53,2.24,0.42,1.82,2.47,4485931.0,1.2503,1.5787,117.6,-0.2,0.05,,0.4359,,,,
2014-11-27,,,,,,,,,,-0.2,0.05,,0.4391,,,,
2014-11-28,0.47,2.18,0.39,1.79,2.52,,1.2438,1.5638,118.7,-0.2,0.05,,0.4225,,,,
2014-11-29,,,,,,,,,,-0.2,0.05,,,,,,
2014-11-30,,,,,,,,,,-0.2,0.05,,,,,,
2014-12-01,0.49,2.22,0.43,1.79,2.54,,1.249,1.5743,118.14,-0.2,0.05,1.44647590501225,0.4359,1.9287,0.07,0.33,0.375
2014-12-02,0.55,2.28,0.51,1.77,2.54,,1.239,1.5651,119.1,-0.2,0.05,,0.4288,,,,
2014-12-03,0.57,2.29,0.5,1.79,2.52,4486190.0,1.2304,1.57,119.82,-0.2,0.05,,0.4274,,,,
2014-12-04,0.55,2.25,0.48,1.77,2.53,,1.2432,1.5707,119.67,-0.2,0.05,,0.4266,,,,
2014-12-05,0.65,2.31,0.56,1.75,2.48,,1.2304,1.56,121.38,-0.2,0.05,,0.4266,,,,
2014-12-06,,,,,,,,,,-0.2,0.05,,,,,,
2014-12-07,,,,,,,,,,-0.2,0.05,,,,,,
2014-12-08,0.64,2.26,0.55,1.71,2.48,,1.2292,1.5625,120.89,-0.2,0.05,,0.4293,,,,
2014-12-09,0.64,2.22,0.49,1.73,2.51,,1.2415,1.5694,118.87,-0.2,0.05,,0.443,,,,
2014-12-10,0.59,2.18,0.47,1.71,2.53,4488865.0,1.2425,1.5689,118.5,-0.2,0.05,,0.4357,,,,
2014-12-11,0.62,2.19,0.49,1.7,2.53,,1.2397,1.5712,119.4,-0.2,0.05,,0.4363,,,,
2014-12-12,0.56,2.1,0.46,1.64,2.58,,1.2484,1.5728,118.22,-0.2,0.05,,0.4358,,,,
2014-12-13,,,,,,,,,,-0.2,0.05,,,,,,
2014-12-14,,,,,,,,,,-0.2,0.05,,,,,,
2014-12-15,0.6,2.12,0.5,1.62,2.56,,1.247,1.5663,117.75,-0.2,0.05,,0.433,,,,
2014-12-16,0.58,2.07,0.42,1.65,2.6,,1.2504,1.5736,117.28,-0.2,0.05,,0.4339,,,,
2014-12-17,0.62,2.14,0.49,1.65,2.6,4502247.0,1.2406,1.5652,117.64,-0.2,0.05,,0.4299,,,,
2014-12-18,0.67,2.22,0.57,1.65,2.56,,1.2291,1.5662,118.84,-0.2,0.05,,0.4317,,,,
2014-12-19,0.67,2.17,0.49,1.68,2.56,,1.2235,1.5609,119.56,-0.2,0.05,,0.4319,,,,
2014-12-20,,,,,,,,,,-0.2,0.05,,,,,,
2014-12-21,,,,,,,,,,-0.2,0.05,,,,,,
2014-12-22,0.71,2.17,0.47,1.7,2.53,,1.2252,1.5618,119.84,-0.2,0.05,,0.428,,,,
2014-12-23,0.73,2.26,0.56,1.7,2.53,,1.218,1.5517,120.68,-0.2,0.05,,0.427,,,,
2014-12-24,0.73,2.27,0.59,1.68,2.5,4509462.0,1.2188,1.5549,120.45,-0.2,0.05,,0.4303,,,,
2014-12-25,,,,,,,,,,-0.2,0.05,,,,,,
2014-12-26,0.73,2.25,0.58,1.67,2.5,,,,,-0.2,0.05,,,,,,
2014-12-27,,,,,,,,,,-0.2,0.05,,,,,,
2014-12-28,,,,,,,,,,-0.2,0.05,,,,,,
2014-12-29,0.72,2.22,0.57,1.65,2.49,,1.2179,1.5524,120.57,-0.2,0.05,,0.428,,,,
2014-12-30,0.69,2.2,0.56,1.64,2.49,,1.2174,1.5573,119.34,-0.2,0.05,,0.4324,,,,
2014-12-31,0.67,2.17,0.49,1.68,2.51,4497660.0,1.2101,1.5578,119.85,-0.2,0.05,,0.3565,,,,
2015-01-01,,,,,,,,,,-0.2,0.05,1.26571503227611,,1.589,0.07,0.275,-0.067
2015-01-02,0.66,2.12,0.41,1.71,2.51,,1.2015,1.5361,120.2,-0.2,0.05,,0.4316,,,,
2015-01-03,,,,,,,,,,-0.2,0.05,,,,,,
2015-01-04,,,,,,,,,,-0.2,0.05,,,,,,
2015-01-05,0.68,2.04,0.4,1.64,2.52,,1.1918,1.5234,119.64,-0.2,0.05,,0.4335,,,,
2015-01-06,0.65,1.97,0.41,1.56,2.52,,1.1936,1.5174,118.26,-0.2,0.05,,0.43,,,,
2015-01-07,0.62,1.96,0.39,1.57,2.53,4499524.0,1.182,1.5073,119.52,-0.2,0.05,,0.4292,,,,
2015-01-08,0.62,2.03,0.41,1.62,2.54,,1.1811,1.5118,119.51,-0.2,0.05,,0.4339,,,,
2015-01-09,0.59,1.98,0.36,1.62,2.55,,1.183,1.5151,118.66,-0.2,0.05,,0.4327,,,,
2015-01-10,,,,,,,,,,-0.2,0.05,,,,,,
2015-01-11,,,,,,,,,,-0.2,0.05,,,,,,
2015-01-12,0.56,1.92,0.35,1.57,2.55,,1.1832,1.5168,118.32,-0.2,0.05,,0.4352,,,,
2015-01-13,0.54,1.91,0.37,1.54,2.55,,1.1779,1.5166,118.16,-0.2,0.05,,0.4348,,,,
2015-01-14,0.51,1.86,0.29,1.57,2.58,4516077.0,1.1806,1.5234,116.78,-0.2,0.05,,0.4334,,,,
2015-01-15,0.44,1.77,0.19,1.58,2.65,,1.1598,1.5161,116.95,-0.2,0.05,,0.4384,,,,
2015-01-16,0.49,1.83,0.23,1.6,2.62,,1.1517,1.5132,117.45,-0.2,0.05,,0.4372,,,,
2015-01-17,,,,,,,,,,-0.2,0.05,,,,,,
2015-01-18,,,,,,,,,,-0.2,0.05,,,,,,
2015-01-19,,,,,,,,,,-0.2,0.05,,0.4422,,,,
2015-01-20,0.53,1.82,0.23,1.59,2.61,,1.1559,1.5162,118.48,-0.2,0.05,,0.4338,,,,
2015-01-21,0.53,1.87,0.26,1.61,2.59,4512936.0,1.1584,1.5118,117.86,-0.2,0.05,,0.4366,,,,
2015-01-22,0.53,1.9,0.29,1.61,2.59,,1.1414,1.5052,117.92,-0.2,0.05,,0.4325,,,,
2015-01-23,0.52,1.81,0.21,1.6,2.6,,1.1279,1.5022,117.8,-0.2,0.05,,0.4461,,,,
2015-01-24,,,,,,,,,,-0.2,0.05,,,,,,
2015-01-25,,,,,,,,,,-0.2,0.05,,,,,,
2015-01-26,0.54,1.83,0.22,1.61,2.58,,1.129,1.5088,118.38,-0.2,0.05,,0.4443,,,,
2015-01-27,0.54,1.83,0.17,1.66,2.59,,1.137,1.5196,117.62,-0.2,0.05,,0.4322,,,,
2015-01-28,0.5,1.73,0.12,1.61,2.59,4500064.0,1.1342,1.5165,117.74,-0.2,0.05,,0.4474,,,,
2015-01-29,0.51,1.77,0.15,1.62,2.58,,1.1308,1.5043,118.31,-0.2,0.05,,0.4407,,,,
2015-01-30,0.47,1.68,0.03,1.65,2.61,,1.129,1.5026,117.44,-0.2,0.05,,0.4195,,,,
2015-01-31,,,,,,,,,,-0.2,0.05,,,,,,
2015-02-01,,,,,,,,,,-0.2,0.05,1.20888002432769,,1.7365,0.08,0.33,0.015
2015-02-02,0.49,1.68,0.03,1.65,2.61,,1.1337,1.5027,117.33,-0.2,0.05,,0.4443,,,,
2015-02-03,0.52,1.79,0.09,1.7,2.61,,1.1462,1.5129,117.48,-0.2,0.05,,0.45,,,,
2015-02-04,0.52,1.81,0.1,1.71,2.6,4500348.0,1.1418,1.5209,117.58,-0.2,0.05,,0.4345,,,,
2015-02-05,0.52,1.83,0.13,1.7,2.6,,1.1432,1.5293,117.4,-0.2,0.05,,0.4427,,,,
2015-02-06,0.65,1.95,0.24,1.71,2.55,,1.133,1.5247,119.16,-0.2,0.05,,0.4453,,,,
2015-02-07,,,,,,,,,,-0.2,0.05,,,,,,
2015-02-08,,,,,,,,,,-0.2,0.05,,,,,,
2015-02-09,0.65,1.96,0.25,1.71,2.53,,1.1316,1.5217,118.7,-0.2,0.05,,0.4427,,,,
2015-02-10,0.67,2.01,0.31,1.7,2.53,,1.1316,1.5252,119.32,-0.2,0.05,,0.441,,,,
2015-02-11,0.67,2.0,0.32,1.68,2.53,4501685.0,1.13,1.5232,120.38,-0.2,0.05,,0.4431,,,,
2015-02-12,0.61,1.99,0.33,1.66,2.54,,1.141,1.538,118.72,-0.2,0.05,,0.4423,,,,
2015-02-13,0.66,2.02,0.34,1.68,2.55,,1.1408,1.5394,118.7,-0.2,0.05,,0.4524,,,,
2015-02-14,,,,,,,,,,-0.2,0.05,,,,,,
2015-02-15,,,,,,,,,,-0.2,0.05,,,,,,
2015-02-16,,,,,,,,,,-0.2,0.05,,0.4562,,,,
2015-02-17,0.7,2.14,0.43,1.71,2.53,,1.1395,1.5349,118.99,-0.2,0.05,,0.4625,,,,
2015-02-18,0.62,2.07,0.36,1.71,2.53,4496851.0,1.1342,1.543,119.19,-0.2,0.05,,0.4643,,,,
2015-02-19,0.67,2.11,0.37,1.74,2.53,,1.1392,1.5451,118.84,-0.2,0.05,,0.4654,,,,
2015-02-20,0.67,2.13,0.38,1.75,2.5,,1.1372,1.5385,118.68,-0.2,0.05,,0.4568,,,,
2015-02-21,,,,,,,,,,-0.2,0.05,,,,,,
2015-02-22,,,,,,,,,,-0.2,0.05,,,,,,
2015-02-23,0.64,2.06,0.34,1.72,2.48,,1.1346,1.5465,118.88,-0.2,0.05,,0.4505,,,,
2015-02-24,0.6,1.99,0.27,1.72,2.49,,1.1307,1.5434,119.13,-0.2,0.05,,0.4598,,,,
2015-02-25,0.61,1.96,0.24,1.72,2.49,4486725.0,1.1363,1.5499,118.88,-0.2,0.05,,0.4574,,,,
2015-02-26,0.66,2.03,0.24,1.79,2.44,,1.1212,1.5424,119.36,-0.2,0.05,,0.4669,,,,
2015-02-27,0.63,2.0,0.17,1.83,2.46,,1.1197,1.5439,119.72,-0.2,0.05,,0.4442,,,,
2015-02-28,,,,,,,,,,-0.2,0.05,,,,,,
2015-03-01,,,,,,,,,,-0.2,0.05,0.9505888314020852,,1.7941,0.07,0.4,-0.001
2015-03-02,0.66,2.08,0.25,1.83,2.48,,1.119,1.5371,120.06,-0.2,0.05,,0.4639,,,,
2015-03-03,0.68,2.12,0.26,1.86,2.46,,1.1212,1.5391,119.47,-0.2,0.05,,0.4605,,,,
2015-03-04,0.66,2.12,0.25,1.87,2.46,4487583.0,1.107,1.5266,119.76,-0.2,0.05,,0.4575,,,,
2015-03-05,0.65,2.11,0.27,1.84,2.47,,1.1006,1.5229,120.22,-0.2,0.05,,0.4628,,,,
2015-03-06,0.73,2.24,0.41,1.83,2.45,,1.0855,1.5063,120.93,-0.2,0.05,,0.4576,,,,
2015-03-07,,,,,,,,,,-0.2,0.05,,,,,,
2015-03-08,,,,,,,,,,-0.2,0.05,,,,,,
2015-03-09,0.7,2.2,0.44,1.76,2.46,,1.0846,1.5097,121.17,-0.2,0.05,,0.4627,,,,
2015-03-10,0.7,2.14,0.41,1.73,2.45,,1.0707,1.5086,121.2,-0.2,0.05,,0.4589,,,,
2015-03-11,0.7,2.11,0.39,1.72,2.45,4489279.0,1.0576,1.4945,121.5,-0.2,0.05,,0.4559,,,,
2015-03-12,0.67,2.1,0.39,1.71,2.46,,1.0615,1.4907,121.28,-0.2,0.05,,0.4521,,,,
2015-03-13,0.68,2.13,0.44,1.69,2.47,,1.0524,1.4755,121.17,-0.2,0.05,,0.4529,,,,
2015-03-14,,,,,,,,,,-0.2,0.05,,,,,,
2015-03-15,,,,,,,,,,-0.2,0.05,,,,,,
2015-03-16,0.66,2.1,0.45,1.65,2.48,,1.0575,1.48,121.3,-0.2,0.05,,0.4496,,,,
2015-03-17,0.7,2.06,0.42,1.64,2.49,,1.0605,1.4744,121.28,-0.2,0.05,,0.452,,,,
2015-03-18,0.57,1.93,0.23,1.7,2.55,4495888.0,1.0643,1.4686,120.92,-0.2,0.05,,0.4607,,,,
2015-03-19,0.63,1.98,0.19,1.79,2.5,,1.0621,1.4729,120.9,-0.2,0.05,,0.457,,,,
2015-03-20,0.6,1.93,0.17,1.76,2.51,,1.0792,1.4923,120.28,-0.2,0.05,,0.4599,,,,
2015-03-21,,,,,,,,,,-0.2,0.05,,,,,,
2015-03-22,,,,,,,,,,-0.2,0.05,,,,,,
2015-03-23,0.6,1.92,0.17,1.75,2.54,,1.0928,1.4936,119.74,-0.2,0.05,,0.4607,,,,
2015-03-24,0.58,1.88,0.11,1.77,2.53,,1.0908,1.487,119.9,-0.2,0.05,,0.464,,,,
2015-03-25,0.59,1.93,0.12,1.81,2.53,4480603.0,1.0986,1.4915,119.37,-0.2,0.05,,0.4586,,,,
2015-03-26,0.61,2.01,0.21,1.8,2.55,,1.0919,1.4844,119.01,-0.2,0.05,,0.4554,,,,
2015-03-27,0.58,1.95,0.19,1.76,2.53,,1.0891,1.4878,119.15,-0.2,0.05,,0.4637,,,,
2015-03-28,,,,,,,,,,-0.2,0.05,,,,,,
2015-03-29,,,,,,,,,,-0.2,0.05,,,,,,
2015-03-30,0.58,1.96,0.23,1.73,2.55,,1.0818,1.4792,120.11,-0.2,0.05,,0.4615,,,,
2015-03-31,0.56,1.94,0.18,1.76,2.55,,1.0741,1.485,119.96,-0.2,0.05,,0.4217,,,,
2015-04-01,0.55,1.87,0.07,1.8,2.55,4481799.0,1.0768,1.4823,119.62,-0.2,0.05,0.849814081632761,0.4573,1.755,0.06,0.34,0.04
2015-04-02,0.55,1.92,0.11,1.81,2.55,,1.0874,1.4842,119.74,-0.2,0.05,,0.4555,,,,
2015-04-03,0.49,1.85,0.02,1.83,2.58,,1.099,1.4916,118.96,-0.2,0.05,,,,,,
2015-04-04,,,,,,,,,,-0.2,0.05,,,,,,
2015-04-05,,,,,,,,,,-0.2,0.05,,,,,,
2015-04-06,0.51,1.92,0.07,1.85,2.58,,1.1008,1.4959,119.05,-0.2,0.05,,,,,,
2015-04-07,0.52,1.89,0.04,1.85,2.56,,1.085,1.4857,120.36,-0.2,0.05,,0.4561,,,,
2015-04-08,0.54,1.92,0.08,1.84,2.51,4483419.0,1.0818,1.4924,119.96,-0.2,0.05,,0.4541,,,,
2015-04-09,0.56,1.97,0.13,1.84,2.53,,1.0671,1.4739,120.32,-0.2,0.05,,0.4526,,,,
2015-04-10,0.57,1.96,0.14,1.82,2.53,,1.0598,1.4648,120.29,-0.2,0.05,,0.4547,,,,
2015-04-11,,,,,,,,,,-0.2,0.05,,,,,,
2015-04-12,,,,,,,,,,-0.2,0.05,,,,,,
2015-04-13,0.54,1.94,0.14,1.8,2.54,,1.0582,1.4658,120.32,-0.2,0.05,,0.4537,,,,
2015-04-14,0.53,1.9,0.1,1.8,2.54,,1.0672,1.479,119.26,-0.2,0.05,,0.4575,,,,
2015-04-15,0.51,1.91,0.07,1.84,2.54,4485366.0,1.0596,1.4782,119.23,-0.2,0.05,,0.4577,,,,
2015-04-16,0.5,1.9,0.05,1.85,2.55,,1.0742,1.4923,119.18,-0.2,0.05,,0.4601,,,,
2015-04-17,0.51,1.87,-0.02,1.89,2.53,,1.078,1.4942,119.02,-0.2,0.05,,0.4609,,,,
2015-04-18,,,,,,,,,,-0.2,0.05,,,,,,
2015-04-19,,,,,,,,,,-0.2,0.05,,,,,,
2015-04-20,0.55,1.9,0.01,1.89,2.55,,1.0763,1.4913,119.27,-0.2,0.05,,0.4547,,,,
2015-04-21,0.55,1.92,0.06,1.86,2.54,,1.0758,1.4944,119.45,-0.2,0.05,,0.4593,,,,
2015-04-22,0.57,1.99,0.12,1.87,2.53,4489695.0,1.0729,1.5027,119.9,-0.2,0.05,,0.459,,,,
2015-04-23,0.55,1.96,0.07,1.89,2.54,,1.0803,1.5047,119.69,-0.2,0.05,,0.4585,,,,
2015-04-24,0.54,1.93,0.04,1.89,2.56,,1.0876,1.5176,118.98,-0.2,0.05,,0.461,,,,
2015-04-25,,,,,,,,,,-0.2,0.05,,,,,,
2015-04-26,,,,,,,,,,-0.2,0.05,,,,,,
2015-04-27,0.54,1.94,0.03,1.91,2.54,,1.0892,1.5235,119.12,-0.2,0.05,,0.4651,,,,
2015-04-28,0.56,2.0,0.11,1.89,2.55,,1.0979,1.5328,118.8,-0.2,0.05,,0.4566,,,,
2015-04-29,0.56,2.06,0.14,1.92,2.58,4471499.0,1.1174,1.5485,118.83,-0.2,0.05,,0.4608,,,,
2015-04-30,0.58,2.05,0.11,1.94,2.6,,1.1162,1.5328,119.86,-0.2,0.05,,0.4529,,,,
2015-05-01,0.6,2.12,0.18,1.94,2.61,,1.1194,1.5137,120.21,-0.2,0.05,1.33011274292874,0.4623,2.0243,0.07,0.39,-0.031
2015-05-02,,,,,,,,,,-0.2,0.05,,,,,,
2015-05-03,,,,,,,,,,-0.2,0.05,,,,,,
2015-05-04,0.6,2.16,0.24,1.92,2.61,,1.1145,1.5118,120.25,-0.2,0.05,,,,,,
2015-05-05,0.62,2.19,0.25,1.94,2.62,,1.1174,1.5178,119.87,-0.2,0.05,,0.4655,,,,
2015-05-06,0.65,2.25,0.34,1.91,2.64,4472703.0,1.1345,1.5244,119.42,-0.2,0.05,,0.4632,,,,
2015-05-07,0.63,2.18,0.3,1.88,2.64,,1.1283,1.5223,119.74,-0.2,0.05,,0.4611,,,,
2015-05-08,0.59,2.16,0.28,1.88,2.65,,1.1241,1.5455,119.78,-0.2,0.05,,0.4621,,,,
2015-05-09,,,,,,,,,,-0.2,0.05,,,,,,
2015-05-10,,,,,,,,,,-0.2,0.05,,,,,,
2015-05-11,0.62,2.28,0.4,1.88,2.66,,1.1142,1.5593,120.05,-0.2,0.05,,0.4583,,,,
2015-05-12,0.61,2.28,0.4,1.88,2.65,,1.124,1.5685,119.8,-0.2,0.05,,0.461,,,,
2015-05-13,0.59,2.27,0.41,1.86,2.71,4501188.0,1.1372,1.5748,119.09,-0.2,0.05,,0.4613,,,,
2015-05-14,0.56,2.23,0.36,1.87,2.74,,1.1368,1.5766,119.2,-0.2,0.05,,0.4615,,,,
2015-05-15,0.55,2.14,0.31,1.83,2.72,,1.1428,1.5772,119.36,-0.2,0.05,,0.4605,,,,
2015-05-16,,,,,,,,,,-0.2,0.05,,,,,,
2015-05-17,,,,,,,,,,-0.2,0.05,,,,,,
2015-05-18,0.58,2.23,0.37,1.86,2.73,,1.1354,1.5679,119.82,-0.2,0.05,,0.4605,,,,
2015-05-19,0.63,2.27,0.42,1.85,2.71,,1.1151,1.5523,120.58,-0.2,0.05,,0.4644,,,,
2015-05-20,0.6,2.26,0.38,1.88,2.73,4480384.0,1.1079,1.5544,121.28,-0.2,0.05,,0.4661,,,,
2015-05-21,0.6,2.19,0.35,1.84,2.75,,1.1126,1.5672,121.06,-0.2,0.05,,0.4596,,,,
2015-05-22,0.64,2.21,0.34,1.87,2.74,,1.1033,1.5484,121.45,-0.2,0.05,,0.47,,,,
2015-05-23,,,,,,,,,,-0.2,0.05,,,,,,
2015-05-24,,,,,,,,,,-0.2,0.05,,,,,,
2015-05-25,,,,,,,,,,-0.2,0.05,,,,,,
2015-05-26,0.64,2.14,0.32,1.82,2.73,,1.0876,1.5398,123.08,-0.2,0.05,,0.4624,,,,
2015-05-27,0.64,2.14,0.34,1.8,2.71,4463981.0,1.0888,1.5324,123.76,-0.2,0.05,,0.4629,,,,
2015-05-28,0.62,2.13,0.33,1.8,2.75,,1.0914,1.5291,124.18,-0.2,0.05,,0.4638,,,,
2015-05-29,0.61,2.12,0.32,1.8,2.72,,1.0994,1.5286,123.98,-0.2,0.05,,0.4506,,,,
2015-05-30,,,,,,,,,,-0.2,0.05,,,,,,
2015-05-31,,,,,,,,,,-0.2,0.05,,,,,,
2015-06-01,0.64,2.19,0.39,1.8,2.75,,1.0913,1.5187,124.64,-0.2,0.05,1.65945473225937,0.4603,2.1696,0.07,0.455,0.101
2015-06-02,0.64,2.27,0.44,1.83,2.75,,1.113,1.5331,124.19,-0.2,0.05,,0.4554,,,,
2015-06-03,0.69,2.38,0.55,1.83,2.72,4465360.0,1.1285,1.5351,124.06,-0.2,0.05,,0.4602,,,,
2015-06-04,0.66,2.31,0.5,1.81,2.72,,1.1271,1.5367,124.56,-0.2,0.05,,0.4625,,,,
2015-06-05,0.73,2.41,0.55,1.86,2.69,,1.1108,1.5267,125.58,-0.2,0.05,,0.4592,,,,
2015-06-06,,,,,,,,,,-0.2,0.05,,,,,,
2015-06-07,,,,,,,,,,-0.2,0.05,,,,,,
2015-06-08,0.7,2.39,0.54,1.85,2.7,,1.1232,1.528,125.08,-0.2,0.05,,0.4599,,,,
2015-06-09,0.72,2.42,0.56,1.86,2.73,,1.1284,1.5383,124.16,-0.2,0.05,,0.4593,,,,
2015-06-10,0.75,2.5,0.63,1.87,2.7,4468005.0,1.1307,1.553,122.72,-0.2,0.05,,0.4639,,,,
2015-06-11,0.73,2.39,0.56,1.83,2.71,,1.1236,1.5493,123.62,-0.2,0.05,,0.4621,,,,
2015-06-12,0.74,2.39,0.55,1.84,2.7,,1.1278,1.5587,123.23,-0.2,0.05,,0.4596,,,,
2015-06-13,,,,,,,,,,-0.2,0.05,,,,,,
2015-06-14,,,,,,,,,,-0.2,0.05,,,,,,
2015-06-15,0.72,2.36,0.51,1.85,2.73,,1.1266,1.5572,123.38,-0.2,0.05,,0.4587,,,,
2015-06-16,0.71,2.32,0.44,1.88,2.74,,1.1238,1.5637,123.39,-0.2,0.05,,0.4626,,,,
2015-06-17,0.67,2.32,0.42,1.9,2.76,4487817.0,1.1244,1.5708,124.25,-0.2,0.05,,0.4613,,,,
2015-06-18,0.66,2.35,0.46,1.89,2.82,,1.1404,1.5882,122.87,-0.2,0.05,,0.4603,,,,
2015-06-19,0.65,2.26,0.4,1.86,2.82,,1.1335,1.5881,122.7,-0.2,0.05,,0.4584,,,,
2015-06-20,,,,,,,,,,-0.2,0.05,,,,,,
2015-06-21,,,,,,,,,,-0.2,0.05,,,,,,
2015-06-22,0.68,2.37,0.47,1.9,2.81,,1.1378,1.5823,123.28,-0.2,0.05,,0.4602,,,,
2015-06-23,0.7,2.42,0.5,1.92,2.82,,1.119,1.5751,123.71,-0.2,0.05,,0.4613,,,,
2015-06-24,0.68,2.38,0.48,1.9,2.81,4495055.0,1.1178,1.5681,124.24,-0.2,0.05,,0.4561,,,,
2015-06-25,0.68,2.4,0.49,1.91,2.8,,1.1196,1.5728,123.63,-0.2,0.05,,0.4573,,,,
2015-06-26,0.72,2.49,0.57,1.92,2.81,,1.1156,1.5739,123.92,-0.2,0.05,,0.4577,,,,
2015-06-27,,,,,,,,,,-0.2,0.05,,,,,,
2015-06-28,,,,,,,,,,-0.2,0.05,,,,,,
2015-06-29,0.64,2.33,0.46,1.87,2.84,,1.118,1.5764,122.5,-0.2,0.05,,0.4551,,,,
2015-06-30,0.64,2.35,0.48,1.87,2.83,,1.1154,1.5727,122.1,-0.2,0.05,,0.3947,,,,
2015-07-01,0.69,2.43,0.54,1.89,2.83,4479130.0,1.1084,1.5617,123.02,-0.2,0.05,1.52966056724605,0.4581,2.1353,0.07,0.41,-0.035
2015-07-02,0.64,2.4,0.49,1.91,2.86,,1.109,1.5614,123.14,-0.2,0.05,,0.4528,,,,
2015-07-03,,,,,,,,,,-0.2,0.05,,0.4564,,,,
2015-07-04,,,,,,,,,,-0.2,0.05,,,,,,
2015-07-05,,,,,,,,,,-0.2,0.05,,,,,,
2015-07-06,0.6,2.3,0.43,1.87,2.84,,1.1076,1.5619,122.53,-0.2,0.05,,0.4515,,,,
2015-07-07,0.58,2.27,0.4,1.87,2.84,,1.0952,1.5443,122.16,-0.2,0.05,,0.4539,,,,
2015-07-08,0.55,2.22,0.39,1.83,2.87,4481289.0,1.1072,1.5353,120.54,-0.2,0.05,,0.457,,,,
2015-07-09,0.6,2.32,0.47,1.85,2.88,,1.1025,1.5375,121.22,-0.2,0.05,,0.4549,,,,
2015-07-10,0.65,2.42,0.55,1.87,2.9,,1.115,1.5503,122.75,-0.2,0.05,,0.4525,,,,
2015-07-11,,,,,,,,,,-0.2,0.05,,,,,,
2015-07-12,,,,,,,,,,-0.2,0.05,,,,,,
2015-07-13,0.69,2.44,0.58,1.86,2.88,,1.102,1.5518,123.35,-0.2,0.05,,0.4521,,,,
2015-07-14,0.66,2.41,0.56,1.85,2.91,,1.1015,1.5584,123.39,-0.2,0.05,,0.4545,,,,
2015-07-15,0.64,2.36,0.52,1.84,2.91,4493605.0,1.0965,1.5621,123.89,-0.2,0.05,,0.4561,,,,
2015-07-16,0.67,2.36,0.52,1.84,2.88,,1.0898,1.5601,124.04,-0.2,0.05,,0.4578,,,,
2015-07-17,0.68,2.34,0.51,1.83,2.87,,1.0848,1.5624,124.0,-0.2,0.05,,0.457,,,,
2015-07-18,,,,,,,,,,-0.2,0.05,,,,,,
2015-07-19,,,,,,,,,,-0.2,0.05,,,,,,
2015-07-20,0.71,2.38,0.56,1.82,2.86,,1.085,1.5587,124.24,-0.2,0.05,,0.4566,,,,
2015-07-21,0.71,2.35,0.53,1.82,2.87,,1.0927,1.555,123.93,-0.2,0.05,,0.4597,,,,
2015-07-22,0.75,2.33,0.53,1.8,2.85,4500503.0,1.0884,1.5617,124.08,-0.2,0.05,,0.4524,,,,
2015-07-23,0.71,2.28,0.49,1.79,2.85,,1.0976,1.5533,123.88,-0.2,0.05,,0.4548,,,,
2015-07-24,0.7,2.27,0.51,1.76,2.87,,1.0976,1.5514,123.74,-0.2,0.05,,0.4535,,,,
2015-07-25,,,,,,,,,,-0.2,0.05,,,,,,
2015-07-26,,,,,,,,,,-0.2,0.05,,,,,,
2015-07-27,0.68,2.23,0.5,1.73,2.9,,1.1112,1.5595,123.24,-0.2,0.05,,0.4536,,,,
2015-07-28,0.69,2.26,0.51,1.75,2.91,,1.1055,1.5617,123.52,-0.2,0.05,,0.4563,,,,
2015-07-29,0.7,2.29,0.52,1.77,2.9,4485480.0,1.1026,1.5624,123.86,-0.2,0.05,,0.4551,,,,
2015-07-30,0.72,2.28,0.51,1.77,2.88,,1.0914,1.5581,124.38,-0.2,0.05,,0.4571,,,,
2015-07-31,0.67,2.2,0.46,1.74,2.94,,1.1028,1.5634,123.94,-0.2,0.05,,0.4481,,,,
2015-08-01,,,,,,,,,,-0.2,0.05,1.38766695750168,,1.9799,0.08,0.38,-0.124
2015-08-02,,,,,,,,,,-0.2,0.05,,,,,,
2015-08-03,0.68,2.16,0.46,1.7,2.92,,1.0962,1.5603,123.98,-0.2,0.05,,0.4573,,,,
2015-08-04,0.74,2.23,0.52,1.71,2.88,,1.0953,1.5612,124.0,-0.2,0.05,,0.4575,,,,
2015-08-05,0.73,2.28,0.58,1.7,2.9,4486329.0,1.0868,1.5604,124.84,-0.2,0.05,,0.4563,,,,
2015-08-06,0.71,2.23,0.56,1.67,2.92,,1.0922,1.5521,124.6,-0.2,0.05,,0.4591,,,,
2015-08-07,0.73,2.18,0.52,1.66,2.91,,1.0958,1.5467,124.27,-0.2,0.05,,0.4594,,,,
2015-08-08,,,,,,,,,,-0.2,0.05,,,,,,
2015-08-09,,,,,,,,,,-0.2,0.05,,,,,,
2015-08-10,0.73,2.24,0.55,1.69,2.93,,1.0994,1.5546,124.55,-0.2,0.05,,0.459,,,,
2015-08-11,0.68,2.15,0.49,1.66,2.94,,1.1042,1.5572,124.9,-0.2,0.05,,0.4607,,,,
2015-08-12,0.67,2.14,0.52,1.62,2.97,4489250.0,1.1198,1.5639,123.87,-0.2,0.05,,0.4589,,,,
2015-08-13,0.72,2.19,0.57,1.62,2.98,,1.1144,1.5595,124.32,-0.2,0.05,,0.4587,,,,
2015-08-14,0.73,2.2,0.58,1.62,2.97,,1.111,1.5625,124.27,-0.2,0.05,,0.4613,,,,
2015-08-15,,,,,,,,,,-0.2,0.05,,,,,,
2015-08-16,,,,,,,,,,-0.2,0.05,,,,,,
2015-08-17,0.72,2.16,0.58,1.58,2.97,,1.1078,1.5598,124.33,-0.2,0.05,,0.4614,,,,
2015-08-18,0.74,2.2,0.62,1.58,3.01,,1.1028,1.5658,124.39,-0.2,0.05,,0.4525,,,,
2015-08-19,0.67,2.12,0.55,1.57,3.06,4487208.0,1.1061,1.5645,124.1,-0.2,0.05,,0.455,,,,
2015-08-20,0.69,2.09,0.53,1.56,3.04,,1.12,1.5688,123.54,-0.2,0.05,,0.4607,,,,
2015-08-21,0.64,2.05,0.52,1.53,3.1,,1.1356,1.5698,122.11,-0.2,0.05,,0.4628,,,,
2015-08-22,,,,,,,,,,-0.2,0.05,,,,,,
2015-08-23,,,,,,,,,,-0.2,0.05,,,,,,
2015-08-24,0.59,2.01,0.52,1.49,3.14,,1.158,1.5731,118.56,-0.2,0.05,,0.4612,,,,
2015-08-25,0.67,2.12,0.59,1.53,3.17,,1.141,1.5698,119.91,-0.2,0.05,,0.4612,,,,
2015-08-26,0.67,2.18,0.65,1.53,3.2,4475105.0,1.139,1.5493,119.07,-0.2,0.05,,0.4638,,,,
2015-08-27,0.68,2.18,0.6,1.58,3.15,,1.1239,1.5411,120.89,-0.2,0.05,,0.4604,,,,
2015-08-28,0.72,2.19,0.58,1.61,3.13,,1.1172,1.5362,121.32,-0.2,0.05,,0.4526,,,,
2015-08-29,,,,,,,,,,-0.2,0.05,,,,,,
2015-08-30,,,,,,,,,,-0.2,0.05,,,,,,
2015-08-31,0.74,2.21,0.58,1.63,3.15,,1.1194,1.5363,121.26,-0.2,0.05,,,,,,
2015-09-01,0.7,2.17,0.6,1.57,3.18,,1.1263,1.5341,119.94,-0.2,0.05,1.47989808053635,0.4586,1.8814,0.07,0.35,-0.1
2015-09-02,0.72,2.2,0.64,1.56,3.17,4475886.0,1.1242,1.531,120.0,-0.2,0.05,,0.4594,,,,
2015-09-03,0.71,2.18,0.64,1.54,3.17,,1.1104,1.5254,120.2,-0.2,0.05,,0.4579,,,,
2015-09-04,0.71,2.13,0.62,1.51,3.15,,1.1117,1.5195,119.05,-0.2,0.05,,0.4511,,,,
2015-09-05,,,,,,,,,,-0.2,0.05,,,,,,
2015-09-06,,,,,,,,,,-0.2,0.05,,,,,,
2015-09-07,,,,,,,,,,-0.2,0.05,,0.4591,,,,
2015-09-08,0.74,2.2,0.67,1.53,3.16,,1.1182,1.5381,119.72,-0.2,0.05,,0.4536,,,,
2015-09-09,0.75,2.21,0.65,1.56,3.1,4478213.0,1.1165,1.5363,120.94,-0.2,0.05,,0.4619,,,,
2015-09-10,0.75,2.23,0.64,1.59,3.12,,1.1262,1.5457,120.71,-0.2,0.05,,0.4641,,,,
2015-09-11,0.71,2.2,0.61,1.59,3.11,,1.1338,1.5426,120.66,-0.2,0.05,,0.4636,,,,
2015-09-12,,,,,,,,,,-0.2,0.05,,,,,,
2015-09-13,,,,,,,,,,-0.2,0.05,,,,,,
2015-09-14,0.73,2.18,0.62,1.56,3.13,,1.1307,1.5423,119.92,-0.2,0.05,,0.4606,,,,
2015-09-15,0.82,2.28,0.72,1.56,3.16,,1.126,1.5352,120.3,-0.2,0.05,,0.4553,,,,
2015-09-16,0.82,2.3,0.73,1.57,3.15,4487809.0,1.1304,1.5499,120.62,-0.2,0.05,,0.4528,,,,
2015-09-17,0.7,2.21,0.63,1.58,3.18,,1.1312,1.5509,120.9,-0.2,0.05,,0.4548,,,,
2015-09-18,0.69,2.13,0.58,1.55,3.15,,1.1358,1.5573,119.85,-0.2,0.05,,0.4582,,,,
2015-09-19,,,,,,,,,,-0.2,0.05,,,,,,
2015-09-20,,,,,,,,,,-0.2,0.05,,,,,,
2015-09-21,0.72,2.2,0.66,1.54,3.19,,1.1204,1.5506,120.46,-0.2,0.05,,0.4672,,,,
2015-09-22,0.69,2.14,0.63,1.51,3.15,,1.1133,1.5356,120.04,-0.2,0.05,,0.463,,,,
2015-09-23,0.7,2.16,0.64,1.52,3.15,4497484.0,1.116,1.5243,120.12,-0.2,0.05,,0.462,,,,
2015-09-24,0.67,2.13,0.64,1.49,3.16,,1.1252,1.5254,119.54,-0.2,0.05,,0.4615,,,,
2015-09-25,0.7,2.17,0.71,1.46,3.19,,1.1192,1.5172,120.74,-0.2,0.05,,0.4615,,,,
2015-09-26,,,,,,,,,,-0.2,0.05,,,,,,
2015-09-27,,,,,,,,,,-0.2,0.05,,,,,,
2015-09-28,0.67,2.1,0.71,1.39,3.21,,1.1236,1.5208,119.82,-0.2,0.05,,0.4584,,,,
2015-09-29,0.64,2.05,0.66,1.39,3.26,,1.1246,1.5168,119.76,-0.2,0.05,,0.4597,,,,
2015-09-30,0.64,2.06,0.65,1.41,3.29,4484111.0,1.1162,1.5116,119.81,-0.2,0.05,,0.3518,,,,
2015-10-01,0.64,2.05,0.59,1.46,3.31,,1.12,1.5162,119.58,-0.2,0.05,1.20240141361243,0.4596,1.846,0.08,0.3,-0.272
2015-10-02,0.58,1.99,0.51,1.48,3.34,,1.1276,1.5216,119.42,-0.2,0.05,,0.4599,,,,
2015-10-03,,,,,,,,,,-0.2,0.05,,,,,,
2015-10-04,,,,,,,,,,-0.2,0.05,,,,,,
2015-10-05,0.61,2.07,0.56,1.51,3.33,,1.12,1.5165,120.36,-0.2,0.05,,0.4591,,,,
2015-10-06,0.61,2.05,0.53,1.52,3.32,,1.1266,1.5227,120.18,-0.2,0.05,,0.465,,,,
2015-10-07,0.65,2.08,0.53,1.55,3.27,4486185.0,1.1249,1.5315,119.9,-0.2,0.05,,0.4621,,,,
2015-10-08,0.65,2.12,0.54,1.58,3.28,,1.1282,1.5316,119.94,-0.2,0.05,,0.4729,,,,
2015-10-09,0.65,2.12,0.58,1.54,3.26,,1.1363,1.5315,120.3,-0.2,0.05,,0.4692,,,,
2015-10-10,,,,,,,,,,-0.2,0.05,,,,,,
2015-10-11,,,,,,,,,,-0.2,0.05,,,,,,
2015-10-12,,,,,,,,,,-0.2,0.05,,0.4706,,,,
2015-10-13,0.64,2.06,0.54,1.52,3.28,,1.1382,1.5242,119.8,-0.2,0.05,,0.4577,,,,
2015-10-14,0.57,1.99,0.5,1.49,3.31,4504704.0,1.1437,1.5445,119.21,-0.2,0.05,,0.4583,,,,
2015-10-15,0.61,2.04,0.54,1.5,3.29,,1.1418,1.5475,118.26,-0.2,0.05,,0.4603,,,,
2015-10-16,0.61,2.04,0.56,1.48,3.28,,1.136,1.5441,119.6,-0.2,0.05,,0.4613,,,,
2015-10-17,,,,,,,,,,-0.2,0.05,,,,,,
2015-10-18,,,,,,,,,,-0.2,0.05,,,,,,
2015-10-19,0.61,2.04,0.59,1.45,3.3,,1.132,1.5471,119.5,-0.2,0.05,,0.4642,,,,
2015-10-20,0.66,2.08,0.6,1.48,3.29,,1.1359,1.547,119.79,-0.2,0.05,,0.4619,,,,
2015-10-21,0.64,2.04,0.59,1.45,3.28,4501372.0,1.1345,1.5463,119.91,-0.2,0.05,,0.465,,,,
2015-10-22,0.61,2.04,0.57,1.47,3.26,,1.114,1.5399,120.5,-0.2,0.05,,0.4649,,,,
2015-10-23,0.66,2.09,0.58,1.51,3.23,,1.1016,1.534,121.2,-0.2,0.05,,0.4603,,,,
2015-10-24,,,,,,,,,,-0.2,0.05,,,,,,
2015-10-25,,,,,,,,,,-0.2,0.05,,,,,,
2015-10-26,0.66,2.07,0.59,1.48,3.22,,1.1051,1.5361,120.87,-0.2,0.05,,0.462,,,,
2015-10-27,0.65,2.05,0.57,1.48,3.25,,1.1052,1.5312,120.29,-0.2,0.05,,0.4633,,,,
2015-10-28,0.73,2.1,0.63,1.47,3.2,4489339.0,1.1066,1.5319,120.56,-0.2,0.05,,0.46,,,,
2015-10-29,0.75,2.19,0.67,1.52,3.21,,1.0963,1.5296,121.14,-0.2,0.05,,0.4617,,,,
2015-10-30,0.75,2.16,0.63,1.53,3.19,,1.1042,1.5445,120.7,-0.2,0.05,,0.4482,,,,
2015-10-31,,,,,,,,,,-0.2,0.05,,,,,,
2015-11-01,,,,,,,,,,-0.2,0.05,1.1537191796848,,1.9779,0.08,0.3,-0.311
2015-11-02,0.77,2.2,0.65,1.55,3.18,,1.1026,1.5428,120.7,-0.2,0.05,,0.4638,,,,
2015-11-03,0.8,2.23,0.65,1.58,3.19,,1.0946,1.5404,121.2,-0.2,0.05,,0.4629,,,,
2015-11-04,0.84,2.25,0.68,1.57,3.16,4489702.0,1.0861,1.5377,121.52,-0.2,0.05,,0.4641,,,,
2015-11-05,0.85,2.26,0.71,1.55,3.18,,1.0869,1.5236,121.71,-0.2,0.05,,0.4646,,,,
2015-11-06,0.9,2.34,0.75,1.59,3.17,,1.0746,1.5071,123.2,-0.2,0.05,,0.4633,,,,
2015-11-07,,,,,,,,,,-0.2,0.05,,,,,,
2015-11-08,,,,,,,,,,-0.2,0.05,,,,,,
2015-11-09,0.89,2.36,0.76,1.6,3.15,,1.0767,1.5124,123.04,-0.2,0.05,,0.464,,,,
2015-11-10,0.87,2.32,0.77,1.55,3.18,,1.0686,1.511,123.22,-0.2,0.05,,0.4667,,,,
2015-11-11,,,,,,4492012.0,,,,-0.2,0.05,,0.4641,,,,
2015-11-12,0.89,2.32,0.78,1.54,3.19,,1.0768,1.5206,122.84,-0.2,0.05,,0.4611,,,,
2015-11-13,0.86,2.28,0.76,1.52,3.2,,1.0722,1.5208,122.93,-0.2,0.05,,0.4642,,,,
2015-11-14,,,,,,,,,,-0.2,0.05,,,,,,
2015-11-15,,,,,,,,,,-0.2,0.05,,,,,,
2015-11-16,0.88,2.27,0.76,1.51,3.24,,1.0708,1.5204,123.11,-0.2,0.05,,0.4625,,,,
2015-11-17,0.86,2.25,0.72,1.53,3.23,,1.0634,1.5214,123.48,-0.2,0.05,,0.4628,,,,
2015-11-18,0.9,2.27,0.71,1.56,3.21,4486721.0,1.0638,1.521,123.51,-0.2,0.05,,0.4639,,,,
2015-11-19,0.91,2.24,0.68,1.56,3.2,,1.0746,1.5327,122.71,-0.2,0.05,,0.4634,,,,
2015-11-20,0.93,2.26,0.66,1.6,3.2,,1.066,1.5199,122.8,-0.2,0.05,,0.4627,,,,
2015-11-21,,,,,,,,,,-0.2,0.05,,,,,,
2015-11-22,,,,,,,,,,-0.2,0.05,,,,,,
2015-11-23,0.94,2.25,0.64,1.61,3.19,,1.0602,1.5125,123.02,-0.2,0.05,,0.4635,,,,
2015-11-24,0.93,2.24,0.62,1.62,3.2,,1.0652,1.5057,122.47,-0.2,0.05,,0.4628,,,,
2015-11-25,0.93,2.23,0.62,1.61,3.21,4477088.0,1.0616,1.5109,122.7,-0.2,0.05,,0.4661,,,,
2015-11-26,,,,,,,,,,-0.2,0.05,,0.4621,,,,
2015-11-27,0.92,2.22,0.62,1.6,3.22,,1.0596,1.504,122.84,-0.2,0.05,,0.4723,,,,
2015-11-28,,,,,,,,,,-0.2,0.05,,,,,,
2015-11-29,,,,,,,,,,-0.2,0.05,,,,,,
2015-11-30,0.94,2.21,0.62,1.59,3.2,,1.0562,1.5044,123.22,-0.2,0.05,,0.4539,,,,
2015-12-01,0.91,2.15,0.58,1.57,3.21,,1.062,1.5074,122.88,-0.2,0.05,1.19178912943303,0.4617,1.9234,0.07,0.27,-0.039
2015-12-02,0.94,2.18,0.62,1.56,3.17,4478069.0,1.0573,1.4927,123.52,-0.2,0.05,,0.4638,,,,
2015-12-03,0.96,2.33,0.72,1.61,3.18,,1.0902,1.5088,123.06,-0.2,0.05,,0.4626,,,,
2015-12-04,0.96,2.28,0.68,1.6,3.15,,1.0884,1.51,123.1,-0.2,0.05,,0.4622,,,,
2015-12-05,,,,,,,,,,-0.2,0.05,,,,,,
2015-12-06,,,,,,,,,,-0.2,0.05,,,,,,
2015-12-07,0.94,2.23,0.67,1.56,3.15,,1.084,1.5076,123.31,-0.2,0.05,,0.4715,,,,
2015-12-08,0.94,2.24,0.68,1.56,3.19,,1.0876,1.5,123.0,-0.2,0.05,,0.4615,,,,
2015-12-09,0.93,2.22,0.69,1.53,3.18,4480436.0,1.0984,1.5168,121.86,-0.3,0.05,,0.4638,,,,
2015-12-10,0.95,2.24,0.73,1.51,3.19,,1.0948,1.5176,121.44,-0.3,0.05,,0.4613,,,,
2015-12-11,0.88,2.13,0.67,1.46,3.24,,1.1002,1.5213,120.94,-0.3,0.05,,0.4623,,,,
2015-12-12,,,,,,,,,,-0.3,0.05,,,,,,
2015-12-13,,,,,,,,,,-0.3,0.05,,,,,,
2015-12-14,0.97,2.23,0.78,1.45,3.23,,1.1025,1.513,120.57,-0.3,0.05,,0.4642,,,,
2015-12-15,0.98,2.28,0.8,1.48,3.21,,1.0911,1.5044,121.66,-0.3,0.05,,0.4614,,,,
2015-12-16,1.02,2.3,0.84,1.46,3.21,4489593.0,1.0937,1.5013,121.88,-0.3,0.05,,0.4644,,,,
2015-12-17,1.0,2.24,0.77,1.47,3.21,,1.0804,1.4876,122.75,-0.3,0.05,,0.4629,,,,
2015-12-18,0.97,2.19,0.73,1.46,3.25,,1.0847,1.4914,121.2,-0.3,0.05,,0.4673,,,,
2015-12-19,,,,,,,,,,-0.3,0.05,,,,,,
2015-12-20,,,,,,,,,,-0.3,0.05,,,,,,
2015-12-21,0.96,2.2,0.75,1.45,3.27,,1.092,1.4906,120.99,-0.3,0.05,,0.4619,,,,
2015-12-22,0.99,2.24,0.78,1.46,3.26,,1.0978,1.4811,120.94,-0.3,0.05,,0.4617,,,,
2015-12-23,1.01,2.27,0.76,1.51,3.26,4496523.0,1.0875,1.4863,120.94,-0.3,0.05,,0.4607,,,,
2015-12-24,1.03,2.25,0.73,1.52,3.22,,1.0955,1.4943,120.32,-0.3,0.05,,0.4604,,,,
2015-12-25,,,,,,,,,,-0.3,0.05,,,,,,
2015-12-26,,,,,,,,,,-0.3,0.05,,,,,,
2015-12-27,,,,,,,,,,-0.3,0.05,,,,,,
2015-12-28,1.05,2.24,0.74,1.5,3.21,,1.0983,1.4883,120.3,-0.3,0.05,,,,,,
2015-12-29,1.09,2.32,0.79,1.53,3.22,,1.0916,1.4794,120.44,-0.3,0.05,,0.4618,,,,
2015-12-30,1.08,2.31,0.77,1.54,3.23,4486587.0,1.0912,1.4832,120.6,-0.3,0.05,,0.4618,,,,
2015-12-31,1.06,2.27,0.73,1.54,3.23,,1.0859,1.4746,120.27,-0.3,0.05,,0.3475,,,,
2016-01-01,,,,,,,,,,-0.3,0.05,1.11450059178444,,1.7833,0.07,0.095,-0.299
2016-01-02,,,,,,,,,,-0.3,0.05,,,,,,
2016-01-03,,,,,,,,,,-0.3,0.05,,,,,,
2016-01-04,1.02,2.24,0.69,1.55,3.24,,1.0803,1.4686,119.3,-0.3,0.05,,0.4648,,,,
2016-01-05,1.04,2.25,0.69,1.56,3.25,,1.0743,1.4664,118.95,-0.3,0.05,,0.4676,,,,
2016-01-06,0.99,2.18,0.65,1.53,3.26,4486606.0,1.0762,1.4626,118.54,-0.3,0.05,,0.4717,,,,
2016-01-07,0.96,2.16,0.66,1.5,3.28,,1.086,1.4579,118.0,-0.3,0.05,,0.4668,,,,
2016-01-08,0.94,2.13,0.65,1.48,3.31,,1.0885,1.4523,117.74,-0.3,0.05,,0.466,,,,
2016-01-09,,,,,,,,,,-0.3,0.05,,,,,,
2016-01-10,,,,,,,,,,-0.3,0.05,,,,,,
2016-01-11,0.94,2.17,0.72,1.45,3.3,,1.0878,1.4564,117.48,-0.3,0.05,,0.4638,,,,
2016-01-12,0.93,2.12,0.69,1.43,3.29,,1.0837,1.4403,117.78,-0.3,0.05,,0.4636,,,,
2016-01-13,0.91,2.08,0.65,1.43,3.28,4501695.0,1.0862,1.447,118.06,-0.3,0.05,,0.4636,,,,
2016-01-14,0.9,2.1,0.67,1.43,3.36,,1.0862,1.4409,118.03,-0.3,0.05,,0.4635,,,,
2016-01-15,0.85,2.03,0.67,1.36,3.38,,1.0964,1.4289,116.78,-0.3,0.05,,0.468,,,,
2016-01-16,,,,,,,,,,-0.3,0.05,,,,,,
2016-01-17,,,,,,,,,,-0.3,0.05,,,,,,
2016-01-18,,,,,,,,,,-0.3,0.05,,0.4644,,,,
2016-01-19,0.88,2.06,0.68,1.38,3.35,,1.0906,1.4171,117.66,-0.3,0.05,,0.4632,,,,
2016-01-20,0.85,2.01,0.69,1.32,3.4,4488840.0,1.0908,1.4167,116.38,-0.3,0.05,,0.4638,,,,
2016-01-21,0.84,2.02,0.74,1.28,3.45,,1.0833,1.4198,117.61,-0.3,0.05,,0.4693,,,,
2016-01-22,0.88,2.07,0.72,1.35,3.42,,1.0814,1.4308,118.37,-0.3,0.05,,0.4716,,,,
2016-01-23,,,,,,,,,,-0.3,0.05,,,,,,
2016-01-24,,,,,,,,,,-0.3,0.05,,,,,,
2016-01-25,0.88,2.03,0.69,1.34,3.44,,1.0832,1.4245,118.55,-0.3,0.05,,0.472,,,,
2016-01-26,0.85,2.01,0.65,1.36,3.46,,1.0846,1.4342,118.5,-0.3,0.05,,0.4669,,,,
2016-01-27,0.84,2.02,0.62,1.4,3.46,4482349.0,1.0867,1.4261,118.9,-0.3,0.05,,0.468,,,,
2016-01-28,0.83,2.0,0.58,1.42,3.48,,1.0952,1.4351,118.61,-0.3,0.05,,0.4668,,,,
2016-01-29,0.76,1.94,0.53,1.41,3.48,,1.0832,1.4184,121.05,-0.3,0.05,,0.4517,,,,
2016-01-30,,,,,,,,,,-0.3,0.05,,,,,,
2016-01-31,,,,,,,,,,-0.3,0.05,,,,,,
2016-02-01,0.81,1.97,0.57,1.4,3.49,,1.0888,1.4367,121.06,-0.3,0.05,1.04183095663421,0.466,1.5032,0.03,-0.065,-0.453
2016-02-02,0.75,1.87,0.51,1.36,3.49,,1.0908,1.4399,120.27,-0.3,0.05,,0.4663,,,,
2016-02-03,0.72,1.88,0.5,1.38,3.52,4483495.0,1.1051,1.4576,117.92,-0.3,0.05,,0.4671,,,,
2016-02-04,0.7,1.87,0.51,1.36,3.53,,1.1199,1.458,116.75,-0.3,0.05,,0.4686,,,,
2016-02-05,0.74,1.86,0.53,1.33,3.52,,1.1131,1.4468,116.99,-0.3,0.05,,0.4672,,,,
2016-02-06,,,,,,,,,,-0.3,0.05,,,,,,
2016-02-07,,,,,,,,,,-0.3,0.05,,,,,,
2016-02-08,0.66,1.75,0.52,1.23,3.53,,1.117,1.4415,115.7,-0.3,0.05,,0.4674,,,,
2016-02-09,0.69,1.74,0.53,1.21,3.54,,1.13,1.4473,114.8,-0.3,0.05,,0.4671,,,,
2016-02-10,0.71,1.71,0.5,1.21,3.56,4486278.0,1.1222,1.4473,114.03,-0.3,0.05,,0.4666,,,,
2016-02-11,0.64,1.63,0.45,1.18,3.63,,1.1362,1.4448,111.72,-0.3,0.05,,0.467,,,,
2016-02-12,0.71,1.74,0.49,1.25,3.6,,1.1235,1.446,112.96,-0.3,0.05,,0.4678,,,,
2016-02-13,,,,,,,,,,-0.3,0.05,,,,,,
2016-02-14,,,,,,,,,,-0.3,0.05,,,,,,
2016-02-15,,,,,,,,,,-0.3,0.05,,0.4669,,,,
2016-02-16,0.74,1.78,0.53,1.25,3.59,,1.114,1.429,113.9,-0.3,0.05,,0.472,,,,
2016-02-17,0.74,1.81,0.53,1.28,3.62,4483629.0,1.114,1.4317,114.14,-0.3,0.05,,0.4627,,,,
2016-02-18,0.71,1.75,0.51,1.24,3.62,,1.1092,1.4333,113.62,-0.3,0.05,,0.4618,,,,
2016-02-19,0.76,1.76,0.5,1.26,3.56,,1.1127,1.4343,112.42,-0.3,0.05,,0.4624,,,,
2016-02-20,,,,,,,,,,-0.3,0.05,,,,,,
2016-02-21,,,,,,,,,,-0.3,0.05,,,,,,
2016-02-22,0.78,1.77,0.46,1.31,3.57,,1.1018,1.4157,113.12,-0.3,0.05,,0.4668,,,,
2016-02-23,0.76,1.74,0.42,1.32,3.58,,1.1016,1.404,112.17,-0.3,0.05,,0.4608,,,,
2016-02-24,0.75,1.75,0.39,1.36,3.56,4489796.0,1.1021,1.3932,111.36,-0.3,0.05,,0.4637,,,,
2016-02-25,0.72,1.71,0.32,1.39,3.56,,1.1026,1.3937,112.7,-0.3,0.05,,0.4632,,,,
2016-02-26,0.8,1.76,0.35,1.41,3.56,,1.0932,1.3867,113.78,-0.3,0.05,,0.4728,,,,
2016-02-27,,,,,,,,,,-0.3,0.05,,,,,,
2016-02-28,,,,,,,,,,-0.3,0.05,,,,,,
2016-02-29,0.78,1.74,0.32,1.42,3.55,,1.0868,1.3926,112.9,-0.3,0.05,,0.4545,,,,
2016-03-01,0.85,1.83,0.35,1.48,3.54,,1.0847,1.3948,113.94,-0.3,0.05,0.930695301153468,0.4672,1.5434,-0.003,-0.05,-0.387
2016-03-02,0.85,1.84,0.33,1.51,3.5,4478485.0,1.0845,1.4059,113.81,-0.3,0.05,,0.466,,,,
2016-03-03,0.85,1.83,0.3,1.53,3.47,,1.0948,1.4152,113.53,-0.3,0.05,,0.4666,,,,
2016-03-04,0.88,1.88,0.37,1.51,3.43,,1.101,1.4226,113.91,-0.3,0.05,,0.4712,,,,
2016-03-05,,,,,,,,,,-0.3,0.05,,,,,,
2016-03-06,,,,,,,,,,-0.3,0.05,,,,,,
2016-03-07,0.91,1.91,0.43,1.48,3.39,,1.1004,1.4256,113.6,-0.3,0.05,,0.4688,,,,
2016-03-08,0.88,1.83,0.37,1.46,3.38,,1.1028,1.4225,112.58,-0.3,0.05,,0.4666,,,,
2016-03-09,0.9,1.9,0.39,1.51,3.36,4481083.0,1.1022,1.4236,113.06,-0.3,0.05,,0.4665,,,,
2016-03-10,0.93,1.93,0.45,1.48,3.3,,1.1162,1.4306,113.1,-0.3,0.05,,0.4681,,,,
2016-03-11,0.97,1.98,0.44,1.54,3.26,,1.118,1.4426,113.66,-0.3,0.05,,0.472,,,,
2016-03-12,,,,,,,,,,-0.3,0.05,,,,,,
2016-03-13,,,,,,,,,,-0.3,0.05,,,,,,
2016-03-14,0.97,1.97,0.45,1.52,3.22,,1.1107,1.4324,113.59,-0.3,0.05,,0.4689,,,,
2016-03-15,0.98,1.97,0.47,1.5,3.19,,1.1112,1.4166,112.88,-0.3,0.05,,0.466,,,,
2016-03-16,0.87,1.94,0.36,1.58,3.22,4486333.0,1.1075,1.41,113.69,-0.4,0.0,,0.467,,,,
2016-03-17,0.87,1.91,0.34,1.57,3.2,,1.1316,1.449,111.3,-0.4,0.0,,0.4636,,,,
2016-03-18,0.84,1.88,0.27,1.61,3.17,,1.1292,1.4514,111.38,-0.4,0.0,,0.4664,,,,
2016-03-19,,,,,,,,,,-0.4,0.0,,,,,,
2016-03-20,,,,,,,,,,-0.4,0.0,,,,,,
2016-03-21,0.87,1.92,0.28,1.64,3.15,,1.126,1.4402,111.62,-0.4,0.0,,0.4685,,,,
2016-03-22,0.91,1.94,0.31,1.63,3.1,,1.1228,1.4217,111.82,-0.4,0.0,,0.464,,,,
2016-03-23,0.87,1.88,0.3,1.58,3.07,4492857.0,1.1174,1.4111,112.63,-0.4,0.0,,0.4694,,,,
2016-03-24,0.89,1.91,0.34,1.57,3.06,,1.1163,1.4143,112.64,-0.4,0.0,,0.4679,,,,
2016-03-25,,,,,,,1.1164,1.4131,113.05,-0.4,0.0,,,,,,
2016-03-26,,,,,,,,,,-0.4,0.0,,,,,,
2016-03-27,,,,,,,,,,-0.4,0.0,,,,,,
2016-03-28,0.89,1.89,0.33,1.56,3.05,,1.121,1.425,113.29,-0.4,0.0,,,,,,
2016-03-29,0.78,1.81,0.2,1.61,3.09,,1.1204,1.4281,113.33,-0.4,0.0,,0.4656,,,,
2016-03-30,0.76,1.83,0.18,1.65,3.11,4482840.0,1.133,1.439,112.6,-0.4,0.0,,0.4638,,,,
2016-03-31,0.73,1.78,0.16,1.62,3.12,,1.139,1.4381,112.42,-0.4,0.0,,0.4128,,,,
2016-04-01,0.76,1.79,0.17,1.62,3.1,,1.1385,1.4204,112.06,-0.4,0.0,0.960151858445288,0.4651,1.5688,-0.036,-0.085,-0.245
2016-04-02,,,,,,,,,,-0.4,0.0,,,,,,
2016-04-03,,,,,,,,,,-0.4,0.0,,,,,,
2016-04-04,0.75,1.78,0.14,1.64,3.1,,1.1386,1.4279,111.18,-0.4,0.0,,0.4632,,,,
2016-04-05,0.72,1.73,0.14,1.59,3.08,,1.1374,1.4149,110.26,-0.4,0.0,,0.4669,,,,
2016-04-06,0.73,1.76,0.17,1.59,3.08,4484069.0,1.143,1.4162,109.63,-0.4,0.0,,0.4666,,,,
2016-04-07,0.7,1.7,0.12,1.58,3.06,,1.1386,1.4082,107.98,-0.4,0.0,,0.4643,,,,
2016-04-08,0.7,1.72,0.14,1.58,3.07,,1.1406,1.4105,108.36,-0.4,0.0,,0.466,,,,
2016-04-09,,,,,,,,,,-0.4,0.0,,,,,,
2016-04-10,,,,,,,,,,-0.4,0.0,,,,,,
2016-04-11,0.7,1.73,0.17,1.56,3.05,,1.1412,1.424,107.96,-0.4,0.0,,0.4665,,,,
2016-04-12,0.74,1.79,0.22,1.57,3.03,,1.1395,1.4244,108.54,-0.4,0.0,,0.4722,,,,
2016-04-13,0.75,1.77,0.21,1.56,3.01,4499729.0,1.1281,1.4223,109.21,-0.4,0.0,,0.4696,,,,
2016-04-14,0.77,1.8,0.24,1.56,2.99,,1.1262,1.4148,109.2,-0.4,0.0,,0.4717,,,,
2016-04-15,0.74,1.76,0.2,1.56,2.99,,1.1295,1.4217,108.76,-0.4,0.0,,0.4719,,,,
2016-04-16,,,,,,,,,,-0.4,0.0,,,,,,
2016-04-17,,,,,,,,,,-0.4,0.0,,,,,,
2016-04-18,0.75,1.78,0.21,1.57,2.99,,1.1322,1.4276,108.85,-0.4,0.0,,0.4699,,,,
2016-04-19,0.77,1.79,0.19,1.6,2.96,,1.1375,1.4396,109.16,-0.4,0.0,,0.4706,,,,
2016-04-20,0.8,1.85,0.23,1.62,2.93,4490131.0,1.133,1.4375,109.51,-0.4,0.0,,0.4646,,,,
2016-04-21,0.82,1.88,0.24,1.64,2.91,,1.1301,1.4338,109.41,-0.4,0.0,,0.4641,,,,
2016-04-22,0.84,1.89,0.25,1.64,2.89,,1.1239,1.439,111.5,-0.4,0.0,,0.4711,,,,
2016-04-23,,,,,,,,,,-0.4,0.0,,,,,,
2016-04-24,,,,,,,,,,-0.4,0.0,,,,,,
2016-04-25,0.85,1.91,0.26,1.65,2.88,,1.1274,1.4492,111.08,-0.4,0.0,,0.4679,,,,
2016-04-26,0.86,1.94,0.27,1.67,2.85,,1.1318,1.4611,111.23,-0.4,0.0,,0.4613,,,,
2016-04-27,0.83,1.87,0.19,1.68,2.86,4474665.0,1.1322,1.4554,111.26,-0.4,0.0,,0.4594,,,,
2016-04-28,0.78,1.84,0.12,1.72,2.89,,1.1325,1.4581,108.55,-0.4,0.0,,0.4616,,,,
2016-04-29,0.77,1.83,0.12,1.71,2.86,,1.1441,1.4625,106.9,-0.4,0.0,,0.4584,,,,
2016-04-30,,,,,,,,,,-0.4,0.0,,,,,,
2016-05-01,,,,,,,,,,-0.4,0.0,0.972331397375095,,1.5366,-0.059,-0.12,-0.298
2016-05-02,0.8,1.88,0.2,1.68,2.86,,1.1516,1.4666,106.48,-0.4,0.0,,,,,,
2016-05-03,0.75,1.81,0.17,1.64,2.85,,1.1508,1.4543,106.34,-0.4,0.0,,0.4609,,,,
2016-05-04,0.75,1.79,0.16,1.63,2.85,4477270.0,1.1486,1.4475,107.12,-0.4,0.0,,0.4707,,,,
2016-05-05,0.72,1.76,0.13,1.63,2.86,,1.1404,1.4486,107.32,-0.4,0.0,,0.4619,,,,
2016-05-06,0.74,1.79,0.18,1.61,2.87,,1.1421,1.4439,106.66,-0.4,0.0,,0.4631,,,,
2016-05-07,,,,,,,,,,-0.4,0.0,,,,,,
2016-05-08,,,,,,,,,,-0.4,0.0,,,,,,
2016-05-09,0.72,1.77,0.18,1.59,2.89,,1.1402,1.4409,108.39,-0.4,0.0,,0.463,,,,
2016-05-10,0.72,1.77,0.15,1.62,2.89,,1.1386,1.4454,109.22,-0.4,0.0,,0.4606,,,,
2016-05-11,0.74,1.73,0.14,1.59,2.9,4478411.0,1.1444,1.448,108.48,-0.4,0.0,,0.4609,,,,
2016-05-12,0.76,1.75,0.15,1.6,2.91,,1.138,1.4452,108.73,-0.4,0.0,,0.461,,,,
2016-05-13,0.76,1.71,0.13,1.58,2.9,,1.1294,1.4369,109.14,-0.4,0.0,,0.4635,,,,
2016-05-14,,,,,,,,,,-0.4,0.0,,,,,,
2016-05-15,,,,,,,,,,-0.4,0.0,,,,,,
2016-05-16,0.79,1.75,0.15,1.6,2.9,,1.1328,1.4411,108.89,-0.4,0.0,,0.4633,,,,
2016-05-17,0.82,1.76,0.15,1.61,2.89,,1.1337,1.4485,109.02,-0.4,0.0,,0.4629,,,,
2016-05-18,0.9,1.87,0.26,1.61,2.87,4473741.0,1.1276,1.4615,109.65,-0.4,0.0,,0.4648,,,,
2016-05-19,0.89,1.85,0.29,1.56,2.85,,1.1214,1.4608,109.81,-0.4,0.0,,0.4649,,,,
2016-05-20,0.89,1.85,0.29,1.56,2.86,,1.1207,1.4513,110.52,-0.4,0.0,,0.4642,,,,
2016-05-21,,,,,,,,,,-0.4,0.0,,,,,,
2016-05-22,,,,,,,,,,-0.4,0.0,,,,,,
2016-05-23,0.91,1.84,0.3,1.54,2.86,,1.1192,1.4444,109.47,-0.4,0.0,,0.4623,,,,
2016-05-24,0.92,1.86,0.31,1.55,2.85,,1.1145,1.4623,110.0,-0.4,0.0,,0.4669,,,,
2016-05-25,0.92,1.87,0.29,1.58,2.87,4461111.0,1.1154,1.4694,110.22,-0.4,0.0,,0.4651,,,,
2016-05-26,0.87,1.83,0.25,1.58,2.86,,1.1184,1.4673,109.74,-0.4,0.0,,0.4653,,,,
2016-05-27,0.9,1.85,0.27,1.58,2.85,,1.114,1.4644,109.86,-0.4,0.0,,0.4666,,,,
2016-05-28,,,,,,,,,,-0.4,0.0,,,,,,
2016-05-29,,,,,,,,,,-0.4,0.0,,,,,,
2016-05-30,,,,,,,,,,-0.4,0.0,,,,,,
2016-05-31,0.87,1.84,0.3,1.54,2.84,,1.1135,1.453,110.75,-0.4,0.0,,0.4542,,,,
2016-06-01,0.91,1.85,0.31,1.54,2.82,4461393.0,1.1165,1.4395,109.55,-0.4,0.0,0.882978166585566,0.4633,1.3105,-0.055,-0.23,-0.508
2016-06-02,0.89,1.81,0.27,1.54,2.83,,1.1157,1.4419,108.75,-0.4,0.0,,0.461,,,,
2016-06-03,0.78,1.71,0.19,1.52,2.86,,1.133,1.4521,106.88,-0.4,0.0,,0.4651,,,,
2016-06-04,,,,,,,,,,-0.4,0.0,,,,,,
2016-06-05,,,,,,,,,,-0.4,0.0,,,,,,
2016-06-06,0.8,1.73,0.19,1.54,2.86,,1.1354,1.445,107.33,-0.4,0.0,,0.4624,,,,
2016-06-07,0.78,1.72,0.15,1.57,2.86,,1.135,1.4564,107.3,-0.4,0.0,,0.4632,,,,
2016-06-08,0.78,1.71,0.12,1.59,2.85,4463542.0,1.14,1.4546,106.68,-0.4,0.0,,0.4607,,,,
2016-06-09,0.77,1.68,0.12,1.56,2.85,,1.1329,1.4467,106.54,-0.4,0.0,,0.4612,,,,
2016-06-10,0.73,1.64,0.12,1.52,2.86,,1.1281,1.4342,107.06,-0.4,0.0,,0.4607,,,,
2016-06-11,,,,,,,,,,-0.4,0.0,,,,,,
2016-06-12,,,,,,,,,,-0.4,0.0,,,,,,
2016-06-13,0.73,1.62,0.15,1.47,2.86,,1.1282,1.4223,106.07,-0.4,0.0,,0.4578,,,,
2016-06-14,0.74,1.62,0.17,1.45,2.88,,1.1206,1.413,106.02,-0.4,0.0,,0.4593,,,,
2016-06-15,0.69,1.6,0.13,1.47,2.9,4472817.0,1.1239,1.4185,105.87,-0.4,0.0,,0.4597,,,,
2016-06-16,0.7,1.57,0.15,1.42,2.9,,1.1158,1.4075,104.05,-0.4,0.0,,0.464,,,,
2016-06-17,0.7,1.62,0.2,1.42,2.89,,1.1256,1.4285,104.2,-0.4,0.0,,0.4613,,,,
2016-06-18,,,,,,,,,,-0.4,0.0,,,,,,
2016-06-19,,,,,,,,,,-0.4,0.0,,,,,,
2016-06-20,0.74,1.67,0.24,1.43,2.87,,1.1318,1.4688,104.32,-0.4,0.0,,0.4604,,,,
2016-06-21,0.76,1.71,0.28,1.43,2.86,,1.1262,1.4668,104.56,-0.4,0.0,,0.4589,,,,
2016-06-22,0.75,1.69,0.25,1.44,2.86,4482009.0,1.1286,1.4682,104.56,-0.4,0.0,,0.4618,,,,
2016-06-23,0.78,1.74,0.24,1.5,2.86,,1.1373,1.48,105.9,-0.4,0.0,,0.4604,,,,
2016-06-24,0.64,1.57,0.15,1.42,2.98,,1.1126,1.3639,102.26,-0.4,0.0,,0.4581,,,,
2016-06-25,,,,,,,,,,-0.4,0.0,,,,,,
2016-06-26,,,,,,,,,,-0.4,0.0,,,,,,
2016-06-27,0.61,1.46,0.12,1.34,2.96,,1.1024,1.3217,101.66,-0.4,0.0,,0.4584,,,,
2016-06-28,0.61,1.46,0.09,1.37,2.95,,1.1054,1.3294,102.71,-0.4,0.0,,0.4585,,,,
2016-06-29,0.62,1.5,0.1,1.4,2.9,4466482.0,1.1117,1.351,102.68,-0.4,0.0,,0.4569,,,,
2016-06-30,0.58,1.49,0.09,1.4,2.92,,1.1032,1.3242,102.77,-0.4,0.0,,0.4416,,,,
2016-07-01,0.59,1.46,0.03,1.43,2.86,,1.1145,1.3281,102.55,-0.4,0.0,0.621088196069088,0.4635,0.9569,-0.043,-0.195,-0.543
2016-07-02,,,,,,,,,,-0.4,0.0,,,,,,
2016-07-03,,,,,,,,,,-0.4,0.0,,,,,,
2016-07-04,,,,,,,,,,-0.4,0.0,,0.4655,,,,
2016-07-05,0.56,1.37,-0.03,1.4,2.83,,1.108,1.3021,101.58,-0.4,0.0,,0.4601,,,,
2016-07-06,0.58,1.38,-0.05,1.43,2.83,4470605.0,1.1077,1.2921,101.12,-0.4,0.0,,0.4608,,,,
2016-07-07,0.58,1.4,-0.03,1.43,2.79,,1.1065,1.2926,100.74,-0.4,0.0,,0.4612,,,,
2016-07-08,0.61,1.37,-0.06,1.43,2.78,,1.1038,1.2938,100.65,-0.4,0.0,,0.461,,,,
2016-07-09,,,,,,,,,,-0.4,0.0,,,,,,
2016-07-10,,,,,,,,,,-0.4,0.0,,,,,,
2016-07-11,0.66,1.43,0.01,1.42,2.75,,1.1045,1.2986,102.66,-0.4,0.0,,0.4603,,,,
2016-07-12,0.69,1.53,0.07,1.46,2.7,,1.1074,1.3237,104.72,-0.4,0.0,,0.4598,,,,
2016-07-13,0.68,1.48,0.03,1.45,2.69,4472202.0,1.1112,1.318,104.1,-0.4,0.0,,0.4593,,,,
2016-07-14,0.68,1.53,0.08,1.45,2.7,,1.1109,1.3332,105.4,-0.4,0.0,,0.3954,,,,
2016-07-15,0.71,1.6,0.11,1.49,2.66,,1.1059,1.3194,105.64,-0.4,0.0,,0.4666,,,,
2016-07-16,,,,,,,,,,-0.4,0.0,,,,,,
2016-07-17,,,,,,,,,,-0.4,0.0,,,,,,
2016-07-18,0.68,1.59,0.1,1.49,2.67,,1.1076,1.3279,106.0,-0.4,0.0,,0.4617,,,,
2016-07-19,0.7,1.56,0.12,1.44,2.67,,1.1014,1.3123,106.13,-0.4,0.0,,0.4581,,,,
2016-07-20,0.73,1.59,0.13,1.46,2.66,4480973.0,1.1007,1.3179,106.65,-0.4,0.0,,0.4615,,,,
2016-07-21,0.7,1.57,0.05,1.52,2.68,,1.1016,1.3216,105.98,-0.4,0.0,,0.4671,,,,
2016-07-22,0.71,1.57,0.06,1.51,2.66,,1.0968,1.3091,106.22,-0.4,0.0,,0.4632,,,,
2016-07-23,,,,,,,,,,-0.4,0.0,,,,,,
2016-07-24,,,,,,,,,,-0.4,0.0,,,,,,
2016-07-25,0.72,1.58,0.08,1.5,2.65,,1.098,1.313,106.02,-0.4,0.0,,0.4565,,,,
2016-07-26,0.75,1.57,0.07,1.5,2.65,,1.0984,1.3133,104.83,-0.4,0.0,,0.4603,,,,
2016-07-27,0.73,1.52,0.03,1.49,2.67,4464498.0,1.0988,1.3094,105.65,-0.4,0.0,,0.4589,,,,
2016-07-28,0.72,1.52,0.0,1.52,2.68,,1.1094,1.3151,104.86,-0.4,0.0,,0.4575,,,,
2016-07-29,0.67,1.46,-0.03,1.49,2.71,,1.1168,1.327,102.32,-0.4,0.0,,0.4534,,,,
2016-07-30,,,,,,,,,,-0.4,0.0,,,,,,
2016-07-31,,,,,,,,,,-0.4,0.0,,,,,,
2016-08-01,0.67,1.51,0.05,1.46,2.73,,1.1176,1.3209,102.26,-0.4,0.0,0.611150867374379,0.457,0.7421,-0.043,-0.07,-0.462
2016-08-02,0.67,1.55,0.11,1.44,2.75,,1.1225,1.3326,100.82,-0.4,0.0,,0.4604,,,,
2016-08-03,0.67,1.55,0.09,1.46,2.76,4466793.0,1.117,1.3335,101.34,-0.4,0.0,,0.4565,,,,
2016-08-04,0.64,1.51,0.04,1.47,2.76,,1.1134,1.3143,101.08,-0.4,0.0,,0.246,,,,
2016-08-05,0.72,1.59,0.09,1.5,2.73,,1.108,1.3069,101.74,-0.4,0.0,,0.2139,,,,
2016-08-06,,,,,,,,,,-0.4,0.0,,,,,,
2016-08-07,,,,,,,,,,-0.4,0.0,,,,,,
2016-08-08,0.74,1.59,0.08,1.51,2.71,,1.1078,1.3042,102.53,-0.4,0.0,,0.2175,,,,
2016-08-09,0.71,1.55,0.06,1.49,2.7,,1.111,1.301,101.96,-0.4,0.0,,0.2107,,,,
2016-08-10,0.69,1.5,0.06,1.44,2.71,4468929.0,1.1171,1.2998,101.27,-0.4,0.0,,0.2122,,,,
2016-08-11,0.76,1.57,0.1,1.47,2.7,,1.1168,1.296,101.46,-0.4,0.0,,0.2141,,,,
2016-08-12,0.71,1.51,0.07,1.44,2.71,,1.1172,1.2934,101.01,-0.4,0.0,,0.2111,,,,
2016-08-13,,,,,,,,,,-0.4,0.0,,,,,,
2016-08-14,,,,,,,,,,-0.4,0.0,,,,,,
2016-08-15,0.72,1.55,0.1,1.45,2.7,,1.1199,1.2874,101.02,-0.4,0.0,,0.211,,,,
2016-08-16,0.76,1.57,0.13,1.44,2.7,,1.1277,1.3019,100.28,-0.4,0.0,,0.2115,,,,
2016-08-17,0.74,1.56,0.09,1.47,2.69,4466476.0,1.1263,1.3012,100.24,-0.4,0.0,,0.2098,,,,
2016-08-18,0.71,1.53,0.06,1.47,2.7,,1.1334,1.3147,100.07,-0.4,0.0,,0.2118,,,,
2016-08-19,0.76,1.58,0.1,1.48,2.67,,1.1326,1.3061,100.24,-0.4,0.0,,0.2146,,,,
2016-08-20,,,,,,,,,,-0.4,0.0,,,,,,
2016-08-21,,,,,,,,,,-0.4,0.0,,,,,,
2016-08-22,0.76,1.55,0.08,1.47,2.65,,1.1314,1.3133,100.25,-0.4,0.0,,0.2133,,,,
2016-08-23,0.74,1.55,0.07,1.48,2.64,,1.1308,1.3179,100.2,-0.4,0.0,,0.2138,,,,
2016-08-24,0.76,1.56,0.08,1.48,2.64,4473840.0,1.1256,1.3236,100.5,-0.4,0.0,,0.2153,,,,
2016-08-25,0.78,1.58,0.09,1.49,2.63,,1.1274,1.3177,100.58,-0.4,0.0,,0.2174,,,,
2016-08-26,0.84,1.62,0.15,1.47,2.63,,1.1237,1.3168,101.2,-0.4,0.0,,0.2152,,,,
2016-08-27,,,,,,,,,,-0.4,0.0,,,,,,
2016-08-28,,,,,,,,,,-0.4,0.0,,,,,,
2016-08-29,0.81,1.57,0.11,1.46,2.59,,1.1182,1.3089,102.13,-0.4,0.0,,,,,,
2016-08-30,0.8,1.57,0.11,1.46,2.62,,1.115,1.3084,102.92,-0.4,0.0,,0.2161,,,,
2016-08-31,0.8,1.58,0.11,1.47,2.61,4457907.0,1.1146,1.3129,103.38,-0.4,0.0,,0.2018,,,,
2016-09-01,0.78,1.57,0.12,1.45,2.62,,1.1194,1.3273,103.22,-0.4,0.0,0.732542524614651,0.2144,0.8243,-0.052,-0.085,-0.522
2016-09-02,0.8,1.6,0.13,1.47,2.63,,1.1158,1.3299,104.18,-0.4,0.0,,0.214,,,,
2016-09-03,,,,,,,,,,-0.4,0.0,,,,,,
2016-09-04,,,,,,,,,,-0.4,0.0,,,,,,
2016-09-05,,,,,,,,,,-0.4,0.0,,0.2168,,,,
2016-09-06,0.74,1.55,0.06,1.49,2.64,,1.1237,1.3429,102.28,-0.4,0.0,,0.2159,,,,
2016-09-07,0.74,1.54,0.03,1.51,2.65,4459394.0,1.1238,1.3339,101.72,-0.4,0.0,,0.2173,,,,
2016-09-08,0.78,1.61,0.09,1.52,2.67,,1.1256,1.3301,102.28,-0.4,0.0,,0.2189,,,,
2016-09-09,0.79,1.67,0.17,1.5,2.67,,1.1214,1.3257,102.86,-0.4,0.0,,0.219,,,,
2016-09-10,,,,,,,,,,-0.4,0.0,,,,,,
2016-09-11,,,,,,,,,,-0.4,0.0,,,,,,
2016-09-12,0.79,1.68,0.17,1.51,2.68,,1.123,1.3313,101.96,-0.4,0.0,,0.2198,,,,
2016-09-13,0.8,1.73,0.24,1.49,2.7,,1.1242,1.3184,102.14,-0.4,0.0,,0.22,,,,
2016-09-14,0.77,1.7,0.21,1.49,2.7,4481635.0,1.1271,1.3204,102.33,-0.4,0.0,,0.2197,,,,
2016-09-15,0.74,1.71,0.22,1.49,2.72,,1.1246,1.3215,102.24,-0.4,0.0,,0.2156,,,,
2016-09-16,0.77,1.7,0.19,1.51,2.71,,1.116,1.309,102.36,-0.4,0.0,,0.2141,,,,
2016-09-17,,,,,,,,,,-0.4,0.0,,,,,,
2016-09-18,,,,,,,,,,-0.4,0.0,,,,,,
2016-09-19,0.79,1.7,0.2,1.5,2.7,,1.1179,1.3051,101.82,-0.4,0.0,,0.2134,,,,
2016-09-20,0.79,1.69,0.2,1.49,2.7,,1.1172,1.2974,101.66,-0.4,0.0,,0.213,,,,
2016-09-21,0.79,1.66,0.15,1.51,2.7,4473032.0,1.1165,1.2978,100.62,-0.4,0.0,,0.2155,,,,
2016-09-22,0.79,1.63,0.08,1.55,2.69,,1.1229,1.3092,100.8,-0.4,0.0,,0.2073,,,,
2016-09-23,0.77,1.62,0.05,1.57,2.68,,1.1223,1.2959,101.04,-0.4,0.0,,0.2152,,,,
2016-09-24,,,,,,,,,,-0.4,0.0,,,,,,
2016-09-25,,,,,,,,,,-0.4,0.0,,,,,,
2016-09-26,0.76,1.59,0.05,1.54,2.7,,1.127,1.2978,100.34,-0.4,0.0,,0.2124,,,,
2016-09-27,0.75,1.56,0.04,1.52,2.69,,1.1208,1.3005,100.36,-0.4,0.0,,0.2139,,,,
2016-09-28,0.75,1.57,0.01,1.56,2.69,4452002.0,1.12,1.2996,100.57,-0.4,0.0,,0.2144,,,,
2016-09-29,0.73,1.56,0.02,1.54,2.67,,1.1244,1.2991,101.48,-0.4,0.0,,0.2136,,,,
2016-09-30,0.77,1.6,0.0,1.6,2.69,,1.1238,1.3015,101.21,-0.4,0.0,,0.1624,,,,
2016-10-01,,,,,,,,,,-0.4,0.0,0.766417752375933,,1.078,-0.037,-0.05,-0.362
2016-10-02,,,,,,,,,,-0.4,0.0,,,,,,
2016-10-03,0.8,1.63,0.0,1.63,2.66,,1.121,1.284,101.54,-0.4,0.0,,0.2139,,,,
2016-10-04,0.82,1.69,0.07,1.62,2.66,,1.1212,1.2746,102.66,-0.4,0.0,,0.2139,,,,
2016-10-05,0.85,1.72,0.1,1.62,2.64,4459407.0,1.1196,1.2745,103.53,-0.4,0.0,,0.2104,,,,
2016-10-06,0.86,1.75,0.11,1.64,2.61,,1.1158,1.2647,104.02,-0.4,0.0,,0.2157,,,,
2016-10-07,0.83,1.73,0.1,1.63,2.63,,1.1156,1.2434,103.42,-0.4,0.0,,0.2134,,,,
2016-10-08,,,,,,,,,,-0.4,0.0,,,,,,
2016-10-09,,,,,,,,,,-0.4,0.0,,,,,,
2016-10-10,,,,,,,,,,-0.4,0.0,,0.2166,,,,
2016-10-11,0.87,1.77,0.13,1.64,2.6,,1.1062,1.2218,103.36,-0.4,0.0,,0.2148,,,,
2016-10-12,0.87,1.79,0.15,1.64,2.6,4457698.0,1.1014,1.2195,104.48,-0.4,0.0,,0.2174,,,,
2016-10-13,0.85,1.75,0.12,1.63,2.59,,1.1038,1.2201,103.62,-0.4,0.0,,0.214,,,,
2016-10-14,0.84,1.8,0.13,1.67,2.63,,1.0985,1.2189,104.1,-0.4,0.0,,0.2109,,,,
2016-10-15,,,,,,,,,,-0.4,0.0,,,,,,
2016-10-16,,,,,,,,,,-0.4,0.0,,,,,,
2016-10-17,0.81,1.77,0.09,1.68,2.62,,1.1,1.2186,103.96,-0.4,0.0,,0.2113,,,,
2016-10-18,0.82,1.75,0.09,1.66,2.62,,1.0997,1.231,103.8,-0.4,0.0,,0.2112,,,,
2016-10-19,0.81,1.76,0.08,1.68,2.62,4467382.0,1.0966,1.2279,103.3,-0.4,0.0,,0.2136,,,,
2016-10-20,0.84,1.76,0.08,1.68,2.59,,1.0934,1.2256,103.92,-0.4,0.0,,0.2125,,,,
2016-10-21,0.84,1.74,0.07,1.67,2.6,,1.0866,1.221,103.96,-0.4,0.0,,0.2112,,,,
2016-10-22,,,,,,,,,,-0.4,0.0,,,,,,
2016-10-23,,,,,,,,,,-0.4,0.0,,,,,,
2016-10-24,0.84,1.77,0.11,1.66,2.59,,1.0888,1.2204,104.2,-0.4,0.0,,0.2115,,,,
2016-10-25,0.86,1.77,0.07,1.7,2.58,,1.089,1.2164,104.25,-0.4,0.0,,0.2117,,,,
2016-10-26,0.86,1.79,0.08,1.71,2.6,4454326.0,1.0916,1.2234,104.42,-0.4,0.0,,0.2105,,,,
2016-10-27,0.87,1.85,0.13,1.72,2.59,,1.0904,1.2173,105.14,-0.4,0.0,,0.209,,,,
2016-10-28,0.86,1.86,0.13,1.73,2.6,,1.0934,1.2155,105.4,-0.4,0.0,,0.2092,,,,
2016-10-29,,,,,,,,,,-0.4,0.0,,,,,,
2016-10-30,,,,,,,,,,-0.4,0.0,,,,,,
2016-10-31,0.86,1.84,0.11,1.73,2.61,,1.0962,1.2212,105.07,-0.4,0.0,,0.1999,,,,
2016-11-01,0.83,1.83,0.11,1.72,2.61,,1.1042,1.2218,104.59,-0.4,0.0,1.22588777156883,0.2122,1.3818,-0.049,0.02,-0.13
2016-11-02,0.81,1.81,0.11,1.7,2.63,4453087.0,1.1119,1.2315,103.22,-0.4,0.0,,0.2082,,,,
2016-11-03,0.81,1.82,0.14,1.68,2.67,,1.1094,1.2454,103.17,-0.4,0.0,,0.2121,,,,
2016-11-04,0.8,1.79,0.11,1.68,2.67,,1.1121,1.2546,103.02,-0.4,0.0,,0.2106,,,,
2016-11-05,,,,,,,,,,-0.4,0.0,,,,,,
2016-11-06,,,,,,,,,,-0.4,0.0,,,,,,
2016-11-07,0.82,1.83,0.12,1.71,2.66,,1.1038,1.2403,104.6,-0.4,0.0,,0.2108,,,,
2016-11-08,0.87,1.88,0.15,1.73,2.62,,1.1034,1.2372,104.98,-0.4,0.0,,0.2116,,,,
2016-11-09,0.9,2.07,0.25,1.82,2.66,4455087.0,1.0952,1.2474,104.84,-0.4,0.0,,0.2102,,,,
2016-11-10,0.92,2.15,0.27,1.88,2.6,,1.0882,1.2523,106.56,-0.4,0.0,,0.2137,,,,
2016-11-11,,,,,,,,,,-0.4,0.0,,0.214,,,,
2016-11-12,,,,,,,,,,-0.4,0.0,,,,,,
2016-11-13,,,,,,,,,,-0.4,0.0,,,,,,
2016-11-14,1.0,2.23,0.4,1.83,2.6,,1.0723,1.2469,108.3,-0.4,0.0,,0.2106,,,,
2016-11-15,1.02,2.23,0.41,1.82,2.59,,1.0726,1.2422,108.94,-0.4,0.0,,0.2106,,,,
2016-11-16,1.0,2.22,0.39,1.83,2.55,4453633.0,1.0699,1.245,109.16,-0.4,0.0,,0.2103,,,,
2016-11-17,1.04,2.29,0.42,1.87,2.54,,1.0656,1.245,109.64,-0.4,0.0,,0.2101,,,,
2016-11-18,1.07,2.34,0.44,1.9,2.52,,1.06,1.2327,110.51,-0.4,0.0,,0.2117,,,,
2016-11-19,,,,,,,,,,-0.4,0.0,,,,,,
2016-11-20,,,,,,,,,,-0.4,0.0,,,,,,
2016-11-21,1.08,2.33,0.42,1.91,2.52,,1.0597,1.2474,111.12,-0.4,0.0,,0.2099,,,,
2016-11-22,1.07,2.31,0.41,1.9,2.53,,1.0618,1.2424,110.98,-0.4,0.0,,0.2108,,,,
2016-11-23,1.12,2.36,0.44,1.92,2.49,4465782.0,1.056,1.2458,112.58,-0.4,0.0,,0.2119,,,,
2016-11-24,,,,,,,,,,-0.4,0.0,,0.2118,,,,
2016-11-25,1.12,2.36,0.47,1.89,2.48,,1.0595,1.2462,113.17,-0.4,0.0,,0.2106,,,,
2016-11-26,,,,,,,,,,-0.4,0.0,,,,,,
2016-11-27,,,,,,,,,,-0.4,0.0,,,,,,
2016-11-28,1.11,2.32,0.47,1.85,2.47,,1.0576,1.2411,112.36,-0.4,0.0,,0.2129,,,,
2016-11-29,1.09,2.3,0.44,1.86,2.46,,1.0626,1.2505,112.78,-0.4,0.0,,0.2116,,,,
2016-11-30,1.11,2.37,0.43,1.94,2.45,4446307.0,1.0578,1.2481,114.34,-0.4,0.0,,0.2024,,,,
2016-12-01,1.14,2.45,0.48,1.97,2.42,,1.0634,1.2596,114.34,-0.4,0.0,1.28320932640245,0.2147,1.4336,-0.044,0.04,-0.135
2016-12-02,1.11,2.4,0.49,1.91,2.42,,1.0666,1.2685,113.76,-0.4,0.0,,0.2115,,,,
2016-12-03,,,,,,,,,,-0.4,0.0,,,,,,
2016-12-04,,,,,,,,,,-0.4,0.0,,,,,,
2016-12-05,1.13,2.39,0.45,1.94,2.42,,1.0723,1.2708,114.1,-0.4,0.0,,0.2134,,,,
2016-12-06,1.12,2.39,0.44,1.95,2.44,,1.0717,1.2706,113.98,-0.4,0.0,,0.2114,,,,
2016-12-07,1.1,2.34,0.42,1.92,2.44,4448618.0,1.0758,1.2604,113.5,-0.4,0.0,,0.2118,,,,
2016-12-08,1.12,2.4,0.45,1.95,2.43,,1.0625,1.2574,114.16,-0.4,0.0,,0.2161,,,,
2016-12-09,1.15,2.47,0.51,1.96,2.43,,1.0541,1.259,115.17,-0.4,0.0,,0.2127,,,,
2016-12-10,,,,,,,,,,-0.4,0.0,,,,,,
2016-12-11,,,,,,,,,,-0.4,0.0,,,,,,
2016-12-12,1.15,2.49,0.51,1.98,2.41,,1.0606,1.2677,115.34,-0.4,0.0,,0.2125,,,,
2016-12-13,1.17,2.48,0.53,1.95,2.39,,1.0635,1.2685,115.26,-0.4,0.0,,0.2163,,,,
2016-12-14,1.27,2.54,0.6,1.94,2.32,4470973.0,1.0656,1.2706,115.06,-0.4,0.0,,0.2122,,,,
2016-12-15,1.29,2.6,0.7,1.9,2.24,,1.0375,1.2389,118.32,-0.4,0.0,,0.2201,,,,
2016-12-16,1.28,2.6,0.74,1.86,2.28,,1.0456,1.2478,117.74,-0.4,0.0,,0.2144,,,,
2016-12-17,,,,,,,,,,-0.4,0.0,,,,,,
2016-12-18,,,,,,,,,,-0.4,0.0,,,,,,
2016-12-19,1.24,2.54,0.68,1.86,2.28,,1.0444,1.2419,116.6,-0.4,0.0,,0.2177,,,,
2016-12-20,1.25,2.57,0.67,1.9,2.28,,1.039,1.2358,117.86,-0.4,0.0,,0.2207,,,,
2016-12-21,1.21,2.55,0.64,1.91,2.26,4469089.0,1.0425,1.2348,117.79,-0.4,0.0,,0.2203,,,,
2016-12-22,1.22,2.55,0.6,1.95,2.27,,1.0452,1.2301,117.48,-0.4,0.0,,0.2137,,,,
2016-12-23,1.22,2.55,0.58,1.97,2.25,,1.0449,1.2252,117.22,-0.4,0.0,,0.2151,,,,
2016-12-24,,,,,,,,,,-0.4,0.0,,,,,,
2016-12-25,,,,,,,,,,-0.4,0.0,,,,,,
2016-12-26,,,,,,,,,,-0.4,0.0,,,,,,
2016-12-27,1.28,2.57,0.58,1.99,2.25,,1.0458,1.2261,117.52,-0.4,0.0,,,,,,
2016-12-28,1.26,2.51,0.56,1.95,2.26,4451451.0,1.0389,1.2222,117.66,-0.4,0.0,,0.2185,,,,
2016-12-29,1.22,2.49,0.55,1.94,2.27,,1.0486,1.2237,116.32,-0.4,0.0,,0.215,,,,
2016-12-30,1.2,2.45,0.5,1.95,2.28,,1.0552,1.2337,116.78,-0.4,0.0,,0.1618,,,,
2016-12-31,,,,,,,,,,-0.4,0.0,,,,,,
2017-01-01,,,,,,,,,,-0.4,0.0,1.30738702746158,,1.4203,-0.045,0.085,-0.072
2017-01-02,,,,,,,,,,-0.4,0.0,,,,,,
2017-01-03,1.22,2.45,0.47,1.98,2.27,,1.0416,1.2256,117.68,-0.4,0.0,,0.2177,,,,
2017-01-04,1.24,2.46,0.47,1.99,2.25,4453101.0,1.0476,1.2299,117.38,-0.4,0.0,,0.2143,,,,
2017-01-05,1.17,2.37,0.42,1.95,2.25,,1.0598,1.2415,115.46,-0.4,0.0,,0.2132,,,,
2017-01-06,1.22,2.42,0.46,1.96,2.24,,1.056,1.2314,116.85,-0.4,0.0,,0.2126,,,,
2017-01-07,,,,,,,,,,-0.4,0.0,,,,,,
2017-01-08,,,,,,,,,,-0.4,0.0,,,,,,
2017-01-09,1.21,2.38,0.43,1.95,2.24,,1.0576,1.2167,116.07,-0.4,0.0,,0.214,,,,
2017-01-10,1.19,2.38,0.43,1.95,2.24,,1.0572,1.2165,115.74,-0.4,0.0,,0.2122,,,,
2017-01-11,1.2,2.38,0.39,1.99,2.22,4452509.0,1.0501,1.2118,116.26,-0.4,0.0,,0.2113,,,,
2017-01-12,1.18,2.36,0.38,1.98,2.25,,1.0666,1.2211,113.87,-0.4,0.0,,0.2128,,,,
2017-01-13,1.21,2.4,0.41,1.99,2.23,,1.0625,1.2198,115.03,-0.4,0.0,,0.2127,,,,
2017-01-14,,,,,,,,,,-0.4,0.0,,,,,,
2017-01-15,,,,,,,,,,-0.4,0.0,,,,,,
2017-01-16,,,,,,,,,,-0.4,0.0,,0.2125,,,,
2017-01-17,1.17,2.33,0.36,1.97,2.26,,1.0695,1.2388,112.96,-0.4,0.0,,0.2129,,,,
2017-01-18,1.23,2.42,0.42,2.0,2.22,4460758.0,1.0682,1.2309,113.4,-0.4,0.0,,0.2139,,,,
2017-01-19,1.25,2.47,0.43,2.04,2.21,,1.063,1.2319,115.3,-0.4,0.0,,0.2139,,,,
2017-01-20,1.2,2.48,0.44,2.04,2.21,,,,,-0.4,0.0,,0.2154,,,,
2017-01-21,,,,,,,,,,-0.4,0.0,,,,,,
2017-01-22,,,,,,,,,,-0.4,0.0,,,,,,
2017-01-23,1.16,2.41,0.39,2.02,2.21,,1.074,1.2485,112.9,-0.4,0.0,,0.2152,,,,
2017-01-24,1.21,2.47,0.41,2.06,2.22,,1.0749,1.2531,113.63,-0.4,0.0,,0.2131,,,,
2017-01-25,1.23,2.53,0.45,2.08,2.21,4452838.0,1.0743,1.262,113.6,-0.4,0.0,,0.2138,,,,
2017-01-26,1.21,2.51,0.43,2.08,2.2,,1.067,1.2579,114.7,-0.4,0.0,,0.2132,,,,
2017-01-27,1.22,2.49,0.41,2.08,2.19,,1.069,1.2531,115.16,-0.4,0.0,,0.2162,,,,
2017-01-28,,,,,,,,,,-0.4,0.0,,,,,,
2017-01-29,,,,,,,,,,-0.4,0.0,,,,,,
2017-01-30,1.22,2.49,0.42,2.07,2.21,,1.0681,1.2478,113.86,-0.4,0.0,,0.215,,,,
2017-01-31,1.19,2.45,0.4,2.05,2.23,,1.0794,1.2585,112.72,-0.4,0.0,,0.2078,,,,
2017-02-01,1.22,2.48,0.43,2.05,2.23,4453881.0,1.0758,1.2643,113.29,-0.4,0.0,1.43714133420551,0.211,1.3058,-0.038,0.05,-0.213
2017-02-02,1.21,2.48,0.43,2.05,2.23,,1.0802,1.2541,112.48,-0.4,0.0,,0.2123,,,,
2017-02-03,1.21,2.49,0.44,2.05,2.24,,1.0792,1.2504,112.42,-0.4,0.0,,0.2118,,,,
2017-02-04,,,,,,,,,,-0.4,0.0,,,,,,
2017-02-05,,,,,,,,,,-0.4,0.0,,,,,,
2017-02-06,1.16,2.42,0.4,2.02,2.25,,1.0731,1.245,112.32,-0.4,0.0,,0.212,,,,
2017-02-07,1.16,2.4,0.4,2.0,2.24,,1.069,1.2486,112.14,-0.4,0.0,,0.2103,,,,
2017-02-08,1.15,2.34,0.38,1.96,2.25,4456236.0,1.0708,1.2543,111.74,-0.4,0.0,,0.2105,,,,
2017-02-09,1.2,2.4,0.41,1.99,2.24,,1.0658,1.2516,113.24,-0.4,0.0,,0.208,,,,
2017-02-10,1.2,2.41,0.4,2.01,2.23,,1.065,1.2502,113.22,-0.4,0.0,,0.2101,,,,
2017-02-11,,,,,,,,,,-0.4,0.0,,,,,,
2017-02-12,,,,,,,,,,-0.4,0.0,,,,,,
2017-02-13,1.2,2.43,0.43,2.0,2.23,,1.0603,1.251,113.79,-0.4,0.0,,0.209,,,,
2017-02-14,1.25,2.47,0.46,2.01,2.21,,1.0577,1.2465,114.34,-0.4,0.0,,0.2097,,,,
2017-02-15,1.27,2.51,0.45,2.06,2.19,4454676.0,1.0597,1.2465,114.17,-0.4,0.0,,0.2083,,,,
2017-02-16,1.22,2.45,0.43,2.02,2.2,,1.066,1.2477,113.36,-0.4,0.0,,0.2109,,,,
2017-02-17,1.21,2.42,0.41,2.01,2.21,,1.0614,1.2428,112.86,-0.4,0.0,,0.2115,,,,
2017-02-18,,,,,,,,,,-0.4,0.0,,,,,,
2017-02-19,,,,,,,,,,-0.4,0.0,,,,,,
2017-02-20,,,,,,,,,,-0.4,0.0,,0.2112,,,,
2017-02-21,1.22,2.43,0.4,2.03,2.2,,1.0551,1.2465,113.48,-0.4,0.0,,0.2131,,,,
2017-02-22,1.22,2.42,0.38,2.04,2.21,4468702.0,1.0555,1.2456,113.46,-0.4,0.0,,0.2172,,,,
2017-02-23,1.18,2.38,0.35,2.03,2.23,,1.0586,1.2548,112.68,-0.4,0.0,,0.2099,,,,
2017-02-24,1.12,2.31,0.31,2.0,2.23,,1.058,1.2499,112.26,-0.4,0.0,,0.212,,,,
2017-02-25,,,,,,,,,,-0.4,0.0,,,,,,
2017-02-26,,,,,,,,,,-0.4,0.0,,,,,,
2017-02-27,1.2,2.36,0.35,2.01,2.21,,1.0624,1.2473,112.01,-0.4,0.0,,0.2111,,,,
2017-02-28,1.22,2.36,0.34,2.02,2.19,,1.0618,1.2427,112.06,-0.4,0.0,,0.203,,,,
2017-03-01,1.29,2.46,0.43,2.03,2.18,4458018.0,1.0564,1.2318,113.66,-0.4,0.0,1.45313673040938,0.2119,1.194,-0.042,0.065,-0.1
2017-03-02,1.32,2.49,0.48,2.01,2.16,,1.0514,1.2267,114.45,-0.4,0.0,,0.2112,,,,
2017-03-03,1.32,2.49,0.45,2.04,2.16,,1.0552,1.2249,114.6,-0.4,0.0,,0.2102,,,,
2017-03-04,,,,,,,,,,-0.4,0.0,,,,,,
2017-03-05,,,,,,,,,,-0.4,0.0,,,,,,
2017-03-06,1.31,2.49,0.48,2.01,2.17,,1.0586,1.2243,113.92,-0.4,0.0,,0.2118,,,,
2017-03-07,1.32,2.52,0.49,2.03,2.15,,1.0582,1.2209,113.99,-0.4,0.0,,0.2109,,,,
2017-03-08,1.36,2.57,0.56,2.01,2.15,4459840.0,1.0547,1.2152,114.58,-0.4,0.0,,0.2111,,,,
2017-03-09,1.37,2.6,0.6,2.0,2.17,,1.0586,1.2166,114.71,-0.4,0.0,,0.2114,,,,
2017-03-10,1.36,2.58,0.57,2.01,2.18,,1.0667,1.2158,115.02,-0.4,0.0,,0.213,,,,
2017-03-11,,,,,,,,,,-0.4,0.0,,,,,,
2017-03-12,,,,,,,,,,-0.4,0.0,,,,,,
2017-03-13,1.4,2.62,0.61,2.01,2.17,,1.067,1.2234,114.61,-0.4,0.0,,0.2101,,,,
2017-03-14,1.4,2.6,0.61,1.99,2.18,,1.0645,1.2168,114.63,-0.4,0.0,,0.2106,,,,
2017-03-15,1.33,2.51,0.5,2.01,2.2,4469577.0,1.063,1.2222,114.66,-0.4,0.0,,0.2105,,,,
2017-03-16,1.35,2.53,0.51,2.02,2.21,,1.0738,1.237,113.02,-0.4,0.0,,0.2094,,,,
2017-03-17,1.33,2.5,0.49,2.01,2.22,,1.0742,1.2372,112.67,-0.4,0.0,,0.2099,,,,
2017-03-18,,,,,,,,,,-0.4,0.0,,,,,,
2017-03-19,,,,,,,,,,-0.4,0.0,,,,,,
2017-03-20,1.3,2.47,0.47,2.0,2.23,,1.0754,1.2365,112.59,-0.4,0.0,,0.2109,,,,
2017-03-21,1.27,2.43,0.45,1.98,2.23,,1.081,1.2479,111.9,-0.4,0.0,,0.2124,,,,
2017-03-22,1.27,2.4,0.43,1.97,2.23,4478236.0,1.08,1.2476,111.06,-0.4,0.0,,0.2104,,,,
2017-03-23,1.26,2.41,0.46,1.95,2.24,,1.0787,1.2526,111.12,-0.4,0.0,,0.2126,,,,
2017-03-24,1.26,2.4,0.42,1.98,2.22,,1.0806,1.2491,111.03,-0.4,0.0,,0.2127,,,,
2017-03-25,,,,,,,,,,-0.4,0.0,,,,,,
2017-03-26,,,,,,,,,,-0.4,0.0,,,,,,
2017-03-27,1.27,2.38,0.41,1.97,2.23,,1.0882,1.2583,110.48,-0.4,0.0,,0.2092,,,,
2017-03-28,1.3,2.42,0.45,1.97,2.22,,1.0852,1.2503,110.56,-0.4,0.0,,0.21,,,,
2017-03-29,1.26,2.39,0.41,1.98,2.23,4469618.0,1.0756,1.2411,111.05,-0.4,0.0,,0.2116,,,,
2017-03-30,1.28,2.42,0.46,1.96,2.23,,1.0726,1.2489,111.36,-0.4,0.0,,0.2136,,,,
2017-03-31,1.27,2.4,0.43,1.97,2.24,,1.0698,1.2537,111.41,-0.4,0.0,,0.174,,,,
2017-04-01,,,,,,,,,,-0.4,0.0,1.26257504822609,,1.0789,-0.054,0.015,-0.096
2017-04-02,,,,,,,,,,-0.4,0.0,,,,,,
2017-04-03,1.24,2.35,0.39,1.96,2.26,,1.0655,1.2479,110.96,-0.4,0.0,,0.2107,,,,
2017-04-04,1.25,2.36,0.4,1.96,2.26,,1.0664,1.2437,110.74,-0.4,0.0,,0.2112,,,,
2017-04-05,1.24,2.34,0.37,1.97,2.29,4474634.0,1.0661,1.2488,111.2,-0.4,0.0,,0.2095,,,,
2017-04-06,1.24,2.34,0.39,1.95,2.27,,1.0651,1.2486,111.02,-0.4,0.0,,0.211,,,,
2017-04-07,1.29,2.38,0.44,1.94,2.24,,1.0616,1.2398,110.76,-0.4,0.0,,0.2108,,,,
2017-04-08,,,,,,,,,,-0.4,0.0,,,,,,
2017-04-09,,,,,,,,,,-0.4,0.0,,,,,,
2017-04-10,1.29,2.37,0.44,1.93,2.24,,1.0606,1.2418,110.95,-0.4,0.0,,0.2116,,,,
2017-04-11,1.24,2.32,0.41,1.91,2.24,,1.0614,1.2484,109.74,-0.4,0.0,,0.2112,,,,
2017-04-12,1.24,2.28,0.38,1.9,2.28,4484492.0,1.0611,1.25,109.54,-0.4,0.0,,0.2101,,,,
2017-04-13,1.21,2.24,0.32,1.92,2.28,,1.063,1.2522,109.23,-0.4,0.0,,0.2122,,,,
2017-04-14,,,,,,,1.0625,1.2531,108.63,-0.4,0.0,,,,,,
2017-04-15,,,,,,,,,,-0.4,0.0,,,,,,
2017-04-16,,,,,,,,,,-0.4,0.0,,,,,,
2017-04-17,1.21,2.26,0.38,1.88,2.29,,1.066,1.2587,108.46,-0.4,0.0,,,,,,
2017-04-18,1.18,2.18,0.33,1.85,2.29,,1.0706,1.2769,108.4,-0.4,0.0,,0.2112,,,,
2017-04-19,1.19,2.21,0.36,1.85,2.29,4479270.0,1.0707,1.2789,109.06,-0.4,0.0,,0.2117,,,,
2017-04-20,1.21,2.24,0.39,1.85,2.28,,1.0758,1.283,109.34,-0.4,0.0,,0.2124,,,,
2017-04-21,1.2,2.24,0.4,1.84,2.29,,1.0694,1.2783,109.08,-0.4,0.0,,0.2121,,,,
2017-04-22,,,,,,,,,,-0.4,0.0,,,,,,
2017-04-23,,,,,,,,,,-0.4,0.0,,,,,,
2017-04-24,1.25,2.28,0.41,1.87,2.28,,1.0846,1.2783,109.74,-0.4,0.0,,0.2118,,,,
2017-04-25,1.29,2.35,0.44,1.91,2.26,,1.0941,1.2836,110.88,-0.4,0.0,,0.2122,,,,
2017-04-26,1.28,2.32,0.42,1.9,2.27,4470142.0,1.0872,1.2838,111.52,-0.4,0.0,,0.2127,,,,
2017-04-27,1.25,2.3,0.39,1.91,2.28,,1.0864,1.2889,111.13,-0.4,0.0,,0.2111,,,,
2017-04-28,1.28,2.29,0.37,1.92,2.28,,1.0895,1.2938,111.44,-0.4,0.0,,0.2108,,,,
2017-04-29,,,,,,,,,,-0.4,0.0,,,,,,
2017-04-30,,,,,,,,,,-0.4,0.0,,,,,,
2017-05-01,1.28,2.33,0.41,1.92,2.29,,1.0912,1.2917,111.78,-0.4,0.0,1.17237157183444,,1.1175,-0.053,0.04,-0.145
2017-05-02,1.27,2.29,0.41,1.88,2.3,,1.091,1.2921,112.06,-0.4,0.0,,0.2111,,,,
2017-05-03,1.3,2.33,0.46,1.87,2.23,4471246.0,1.092,1.2916,112.34,-0.4,0.0,,0.2104,,,,
2017-05-04,1.32,2.36,0.5,1.86,2.25,,1.0967,1.291,112.7,-0.4,0.0,,0.2106,,,,
2017-05-05,1.32,2.36,0.5,1.86,2.24,,1.0996,1.295,112.63,-0.4,0.0,,0.2136,,,,
2017-05-06,,,,,,,,,,-0.4,0.0,,,,,,
2017-05-07,,,,,,,,,,-0.4,0.0,,,,,,
2017-05-08,1.33,2.39,0.53,1.86,2.23,,1.0928,1.2942,112.84,-0.4,0.0,,0.2136,,,,
2017-05-09,1.37,2.42,0.56,1.86,2.22,,1.0875,1.2939,114.19,-0.4,0.0,,0.2142,,,,
2017-05-10,1.35,2.41,0.56,1.85,2.22,4473459.0,1.0873,1.2939,114.02,-0.4,0.0,,0.2155,,,,
2017-05-11,1.35,2.39,0.51,1.88,2.24,,1.0869,1.2885,113.77,-0.4,0.0,,0.2131,,,,
2017-05-12,1.29,2.33,0.49,1.84,2.25,,1.0926,1.288,113.3,-0.4,0.0,,0.2146,,,,
2017-05-13,,,,,,,,,,-0.4,0.0,,,,,,
2017-05-14,,,,,,,,,,-0.4,0.0,,,,,,
2017-05-15,1.31,2.34,0.52,1.82,2.25,,1.0979,1.2917,113.54,-0.4,0.0,,0.2137,,,,
2017-05-16,1.29,2.33,0.51,1.82,2.24,,1.1072,1.2912,113.24,-0.4,0.0,,0.2142,,,,
2017-05-17,1.26,2.22,0.44,1.78,2.26,4467108.0,1.1134,1.2944,111.46,-0.4,0.0,,0.2147,,,,
2017-05-18,1.27,2.23,0.43,1.8,2.26,,1.113,1.3009,110.82,-0.4,0.0,,0.2133,,,,
2017-05-19,1.28,2.23,0.41,1.82,2.26,,1.119,1.3018,111.47,-0.4,0.0,,0.2137,,,,
2017-05-20,,,,,,,,,,-0.4,0.0,,,,,,
2017-05-21,,,,,,,,,,-0.4,0.0,,,,,,
2017-05-22,1.29,2.25,0.43,1.82,2.24,,1.1236,1.3006,111.15,-0.4,0.0,,0.2114,,,,
2017-05-23,1.31,2.29,0.46,1.83,2.22,,1.1198,1.2984,111.64,-0.4,0.0,,0.2112,,,,
2017-05-24,1.29,2.26,0.45,1.81,2.25,4470852.0,1.1175,1.2935,112.02,-0.4,0.0,,0.2106,,,,
2017-05-25,1.3,2.25,0.45,1.8,2.24,,1.1218,1.2954,111.7,-0.4,0.0,,0.2122,,,,
2017-05-26,1.3,2.25,0.44,1.81,2.24,,1.117,1.2795,111.3,-0.4,0.0,,0.213,,,,
2017-05-27,,,,,,,,,,-0.4,0.0,,,,,,
2017-05-28,,,,,,,,,,-0.4,0.0,,,,,,
2017-05-29,,,,,,,,,,-0.4,0.0,,,,,,
2017-05-30,1.28,2.21,0.4,1.81,2.25,,1.1183,1.2858,110.68,-0.4,0.0,,0.2119,,,,
2017-05-31,1.28,2.21,0.4,1.81,2.23,4459914.0,1.1236,1.2905,110.71,-0.4,0.0,,0.2087,,,,
2017-06-01,1.28,2.21,0.4,1.81,2.24,,1.1214,1.2894,111.24,-0.4,0.0,1.07211029535976,0.2131,1.0846,-0.056,0.075,-0.025
2017-06-02,1.28,2.15,0.36,1.79,2.24,,1.127,1.2885,110.49,-0.4,0.0,,0.213,,,,
2017-06-03,,,,,,,,,,-0.4,0.0,,,,,,
2017-06-04,,,,,,,,,,-0.4,0.0,,,,,,
2017-06-05,1.32,2.18,0.39,1.79,2.24,,1.125,1.2917,110.49,-0.4,0.0,,0.2114,,,,
2017-06-06,1.3,2.14,0.37,1.77,2.25,,1.1266,1.2901,109.34,-0.4,0.0,,0.2122,,,,
2017-06-07,1.32,2.18,0.4,1.78,2.23,4462443.0,1.1236,1.2941,109.54,-0.4,0.0,,0.2114,,,,
2017-06-08,1.33,2.19,0.41,1.78,2.23,,1.1217,1.2939,110.1,-0.4,0.0,,0.2118,,,,
2017-06-09,1.35,2.21,0.43,1.78,2.21,,1.119,1.2737,110.61,-0.4,0.0,,0.2116,,,,
2017-06-10,,,,,,,,,,-0.4,0.0,,,,,,
2017-06-11,,,,,,,,,,-0.4,0.0,,,,,,
2017-06-12,1.35,2.21,0.46,1.75,2.22,,1.1204,1.2658,109.72,-0.4,0.0,,0.2108,,,,
2017-06-13,1.38,2.21,0.46,1.75,2.21,,1.1194,1.2739,110.12,-0.4,0.0,,0.2122,,,,
2017-06-14,1.35,2.15,0.44,1.71,2.19,4476269.0,1.1277,1.2808,109.16,-0.4,0.0,,0.2123,,,,
2017-06-15,1.35,2.16,0.49,1.67,2.18,,1.1152,1.2768,110.66,-0.4,0.0,,0.2123,,,,
2017-06-16,1.32,2.16,0.49,1.67,2.19,,1.1194,1.2778,110.84,-0.4,0.0,,0.2124,,,,
2017-06-17,,,,,,,,,,-0.4,0.0,,,,,,
2017-06-18,,,,,,,,,,-0.4,0.0,,,,,,
2017-06-19,1.36,2.19,0.52,1.67,2.17,,1.116,1.2743,111.34,-0.4,0.0,,0.213,,,,
2017-06-20,1.36,2.16,0.5,1.66,2.16,,1.1124,1.2628,111.46,-0.4,0.0,,0.2173,,,,
2017-06-21,1.36,2.16,0.5,1.66,2.15,4474257.0,1.1143,1.2667,111.58,-0.4,0.0,,0.2149,,,,
2017-06-22,1.34,2.15,0.46,1.69,2.16,,1.1148,1.2659,111.36,-0.4,0.0,,0.2147,,,,
2017-06-23,1.34,2.15,0.45,1.7,2.15,,1.1196,1.2727,111.26,-0.4,0.0,,0.2157,,,,
2017-06-24,,,,,,,,,,-0.4,0.0,,,,,,
2017-06-25,,,,,,,,,,-0.4,0.0,,,,,,
2017-06-26,1.36,2.14,0.43,1.71,2.15,,1.1196,1.2732,111.48,-0.4,0.0,,0.2131,,,,
2017-06-27,1.38,2.21,0.5,1.71,2.12,,1.13,1.2791,112.42,-0.4,0.0,,0.2139,,,,
2017-06-28,1.34,2.22,0.49,1.73,2.14,4463347.0,1.1364,1.2936,112.18,-0.4,0.0,,0.2116,,,,
2017-06-29,1.38,2.27,0.55,1.72,2.11,,1.142,1.2984,112.32,-0.4,0.0,,0.2129,,,,
2017-06-30,1.38,2.31,0.58,1.73,2.09,,1.1411,1.2995,112.4,-0.4,0.0,,0.194,,,,
2017-07-01,,,,,,,,,,-0.4,0.0,1.20647009752845,,1.2713,-0.054,0.075,0.06
2017-07-02,,,,,,,,,,-0.4,0.0,,,,,,
2017-07-03,1.41,2.35,0.6,1.75,2.07,,1.1367,1.2951,113.32,-0.4,0.0,,0.2137,,,,
2017-07-04,,,,,,,,,,-0.4,0.0,,0.2118,,,,
2017-07-05,1.41,2.33,0.58,1.75,2.08,4467272.0,1.1336,1.2934,113.2,-0.4,0.0,,0.212,,,,
2017-07-06,1.4,2.37,0.61,1.76,2.07,,1.1409,1.2967,113.28,-0.4,0.0,,0.2129,,,,
2017-07-07,1.4,2.39,0.66,1.73,2.08,,1.1396,1.288,114.1,-0.4,0.0,,0.2143,,,,
2017-07-08,,,,,,,,,,-0.4,0.0,,,,,,
2017-07-09,,,,,,,,,,-0.4,0.0,,,,,,
2017-07-10,1.4,2.38,0.66,1.72,2.08,,1.1396,1.2884,114.08,-0.4,0.0,,0.2124,,,,
2017-07-11,1.37,2.37,0.62,1.75,2.08,,1.143,1.2851,114.2,-0.4,0.0,,0.2142,,,,
2017-07-12,1.35,2.33,0.57,1.76,2.09,4466702.0,1.1411,1.2889,113.19,-0.4,0.0,,0.2148,,,,
2017-07-13,1.37,2.35,0.58,1.77,2.09,,1.1385,1.2921,113.39,-0.4,0.0,,0.2145,,,,
2017-07-14,1.35,2.33,0.57,1.76,2.09,,1.1452,1.3079,112.66,-0.4,0.0,,0.2144,,,,
2017-07-15,,,,,,,,,,-0.4,0.0,,,,,,
2017-07-16,,,,,,,,,,-0.4,0.0,,,,,,
2017-07-17,1.36,2.31,0.54,1.77,2.09,,1.147,1.3058,112.76,-0.4,0.0,,0.2134,,,,
2017-07-18,1.36,2.27,0.51,1.76,2.08,,1.1578,1.3026,111.89,-0.4,0.0,,0.2117,,,,
2017-07-19,1.37,2.27,0.51,1.76,2.07,4476903.0,1.1518,1.3036,111.77,-0.4,0.0,,0.2103,,,,
2017-07-20,1.37,2.27,0.5,1.77,2.05,,1.1634,1.2976,111.68,-0.4,0.0,,0.2119,,,,
2017-07-21,1.36,2.24,0.48,1.76,2.05,,1.1655,1.2968,111.18,-0.4,0.0,,0.2142,,,,
2017-07-22,,,,,,,,,,-0.4,0.0,,,,,,
2017-07-23,,,,,,,,,,-0.4,0.0,,,,,,
2017-07-24,1.37,2.26,0.48,1.78,2.06,,1.1642,1.3028,111.1,-0.4,0.0,,0.2123,,,,
2017-07-25,1.4,2.33,0.52,1.81,2.05,,1.1656,1.3046,111.57,-0.4,0.0,,0.2119,,,,
2017-07-26,1.36,2.29,0.49,1.8,2.07,4465284.0,1.1632,1.3048,112.1,-0.4,0.0,,0.2121,,,,
2017-07-27,1.36,2.32,0.49,1.83,2.07,,1.1656,1.3065,111.62,-0.4,0.0,,0.2115,,,,
2017-07-28,1.34,2.3,0.47,1.83,2.05,,1.1754,1.3124,110.87,-0.4,0.0,,0.212,,,,
2017-07-29,,,,,,,,,,-0.4,0.0,,,,,,
2017-07-30,,,,,,,,,,-0.4,0.0,,,,,,
2017-07-31,1.34,2.3,0.48,1.82,2.06,,1.1826,1.3196,110.38,-0.4,0.0,,0.2034,,,,
2017-08-01,1.34,2.26,0.47,1.79,2.06,,1.1799,1.3206,110.33,-0.4,0.0,1.04453174515063,0.2115,1.1241,-0.049,0.01,-0.114
2017-08-02,1.36,2.27,0.48,1.79,2.05,4466846.0,1.1861,1.3236,110.43,-0.4,0.0,,0.2143,,,,
2017-08-03,1.34,2.24,0.46,1.78,2.05,,1.188,1.3144,110.12,-0.4,0.0,,0.2143,,,,
2017-08-04,1.36,2.27,0.47,1.8,2.05,,1.1754,1.3036,110.76,-0.4,0.0,,0.2129,,,,
2017-08-05,,,,,,,,,,-0.4,0.0,,,,,,
2017-08-06,,,,,,,,,,-0.4,0.0,,,,,,
2017-08-07,1.36,2.26,0.46,1.8,2.06,,1.1788,1.3021,110.76,-0.4,0.0,,0.2125,,,,
2017-08-08,1.36,2.29,0.46,1.83,2.07,,1.1724,1.2968,110.74,-0.4,0.0,,0.2159,,,,
2017-08-09,1.33,2.24,0.42,1.82,2.09,4469083.0,1.1748,1.2997,110.04,-0.4,0.0,,0.2148,,,,
2017-08-10,1.33,2.2,0.4,1.8,2.11,,1.1751,1.2978,109.37,-0.4,0.0,,0.2126,,,,
2017-08-11,1.3,2.19,0.4,1.79,2.12,,1.1811,1.2988,109.06,-0.4,0.0,,0.2133,,,,
2017-08-12,,,,,,,,,,-0.4,0.0,,,,,,
2017-08-13,,,,,,,,,,-0.4,0.0,,,,,,
2017-08-14,1.33,2.22,0.45,1.77,2.11,,1.1786,1.2975,109.48,-0.4,0.0,,0.2123,,,,
2017-08-15,1.35,2.27,0.49,1.78,2.09,,1.1736,1.2862,110.42,-0.4,0.0,,0.213,,,,
2017-08-16,1.33,2.23,0.45,1.78,2.09,4462871.0,1.1703,1.286,110.8,-0.4,0.0,,0.2137,,,,
2017-08-17,1.32,2.19,0.42,1.77,2.11,,1.1736,1.2888,109.88,-0.4,0.0,,0.2156,,,,
2017-08-18,1.33,2.19,0.43,1.76,2.12,,1.1748,1.2847,109.32,-0.4,0.0,,0.2123,,,,
2017-08-19,,,,,,,,,,-0.4,0.0,,,,,,
2017-08-20,,,,,,,,,,-0.4,0.0,,,,,,
2017-08-21,1.32,2.18,0.43,1.75,2.12,,1.1814,1.2903,108.89,-0.4,0.0,,0.2115,,,,
2017-08-22,1.33,2.22,0.45,1.77,2.1,,1.1762,1.2834,109.4,-0.4,0.0,,0.2116,,,,
2017-08-23,1.32,2.17,0.42,1.75,2.12,4463837.0,1.1802,1.2787,109.14,-0.4,0.0,,0.212,,,,
2017-08-24,1.33,2.19,0.44,1.75,2.12,,1.1801,1.2802,109.34,-0.4,0.0,,0.211,,,,
2017-08-25,1.35,2.17,0.42,1.75,2.12,,1.1874,1.2873,109.24,-0.4,0.0,,0.2159,,,,
2017-08-26,,,,,,,,,,-0.4,0.0,,,,,,
2017-08-27,,,,,,,,,,-0.4,0.0,,,,,,
2017-08-28,1.33,2.16,0.41,1.75,2.13,,1.1973,1.2927,109.22,-0.4,0.0,,,,,,
2017-08-29,1.33,2.13,0.39,1.74,2.15,,1.2025,1.2937,109.02,-0.4,0.0,,0.2142,,,,
2017-08-30,1.33,2.15,0.39,1.76,2.14,4452360.0,1.1927,1.2934,110.2,-0.4,0.0,,0.2133,,,,
2017-08-31,1.33,2.12,0.36,1.76,2.14,,1.1894,1.2888,110.06,-0.4,0.0,,0.2109,,,,
2017-09-01,1.35,2.16,0.37,1.79,2.15,,1.1878,1.2972,110.09,-0.4,0.0,1.11592108421413,0.2123,1.2436,-0.058,0.06,0.017
2017-09-02,,,,,,,,,,-0.4,0.0,,,,,,
2017-09-03,,,,,,,,,,-0.4,0.0,,,,,,
2017-09-04,,,,,,,,,,-0.4,0.0,,0.2122,,,,
2017-09-05,1.3,2.07,0.3,1.77,2.16,,1.1911,1.3013,108.94,-0.4,0.0,,0.2118,,,,
2017-09-06,1.3,2.1,0.32,1.78,2.17,4453474.0,1.1943,1.3073,108.75,-0.4,0.0,,0.2112,,,,
2017-09-07,1.27,2.05,0.26,1.79,2.17,,1.2028,1.3094,108.26,-0.4,0.0,,0.2108,,,,
2017-09-08,1.27,2.06,0.25,1.81,2.17,,1.2041,1.3211,107.72,-0.4,0.0,,0.2144,,,,
2017-09-09,,,,,,,,,,-0.4,0.0,,,,,,
2017-09-10,,,,,,,,,,-0.4,0.0,,,,,,
2017-09-11,1.32,2.14,0.31,1.83,2.15,,1.1964,1.3173,109.03,-0.4,0.0,,0.2132,,,,
2017-09-12,1.33,2.17,0.33,1.84,2.16,,1.1968,1.328,110.01,-0.4,0.0,,0.2146,,,,
2017-09-13,1.35,2.2,0.35,1.85,2.13,4471174.0,1.1898,1.3218,110.58,-0.4,0.0,,0.2148,,,,
2017-09-14,1.37,2.2,0.35,1.85,2.11,,1.1886,1.3398,110.66,-0.4,0.0,,0.2148,,,,
2017-09-15,1.39,2.2,0.35,1.85,2.1,,1.1959,1.3578,110.84,-0.4,0.0,,0.2169,,,,
2017-09-16,,,,,,,,,,-0.4,0.0,,,,,,
2017-09-17,,,,,,,,,,-0.4,0.0,,,,,,
2017-09-18,1.4,2.23,0.36,1.87,2.1,,1.1938,1.3485,111.48,-0.4,0.0,,0.2151,,,,
2017-09-19,1.4,2.24,0.37,1.87,2.09,,1.198,1.3517,111.49,-0.4,0.0,,0.2152,,,,
2017-09-20,1.45,2.28,0.43,1.85,2.06,4458576.0,1.1998,1.3564,111.5,-0.4,0.0,,0.2172,,,,
2017-09-21,1.45,2.27,0.44,1.83,2.05,,1.1946,1.3576,112.3,-0.4,0.0,,0.2145,,,,
2017-09-22,1.46,2.26,0.42,1.84,2.05,,1.1969,1.3531,112.01,-0.4,0.0,,0.2113,,,,
2017-09-23,,,,,,,,,,-0.4,0.0,,,,,,
2017-09-24,,,,,,,,,,-0.4,0.0,,,,,,
2017-09-25,1.44,2.22,0.38,1.84,2.06,,1.1852,1.3457,111.64,-0.4,0.0,,0.2106,,,,
2017-09-26,1.45,2.24,0.4,1.84,2.04,,1.1772,1.3422,112.16,-0.4,0.0,,0.2097,,,,
2017-09-27,1.47,2.31,0.44,1.87,2.06,4455661.0,1.1747,1.3401,112.76,-0.4,0.0,,0.2094,,,,
2017-09-28,1.45,2.31,0.44,1.87,2.05,,1.1776,1.3435,112.66,-0.4,0.0,,0.2101,,,,
2017-09-29,1.47,2.33,0.49,1.84,2.0,,1.1813,1.3402,112.64,-0.4,0.0,,0.1991,,,,
2017-09-30,,,,,,,,,,-0.4,0.0,,,,,,
2017-10-01,,,,,,,,,,-0.4,0.0,1.14940415647413,,1.3816,-0.037,0.065,-0.029
2017-10-02,1.49,2.34,0.51,1.83,1.99,,1.1745,1.3268,112.6,-0.4,0.0,,0.2108,,,,
2017-10-03,1.47,2.33,0.49,1.84,2.0,,1.1759,1.3251,112.8,-0.4,0.0,,0.2094,,,,
2017-10-04,1.47,2.33,0.48,1.85,2.01,4460422.0,1.176,1.3268,112.84,-0.4,0.0,,0.2085,,,,
2017-10-05,1.49,2.35,0.49,1.86,2.0,,1.1706,1.3132,112.74,-0.4,0.0,,0.2093,,,,
2017-10-06,1.54,2.37,0.5,1.87,1.98,,1.1732,1.3063,112.68,-0.4,0.0,,0.2078,,,,
2017-10-07,,,,,,,,,,-0.4,0.0,,,,,,
2017-10-08,,,,,,,,,,-0.4,0.0,,,,,,
2017-10-09,,,,,,,,,,-0.4,0.0,,0.2099,,,,
2017-10-10,1.51,2.35,0.47,1.88,1.97,,1.1804,1.3215,112.15,-0.4,0.0,,0.2065,,,,
2017-10-11,1.51,2.35,0.46,1.89,1.97,4459415.0,1.1847,1.321,112.35,-0.4,0.0,,0.2086,,,,
2017-10-12,1.51,2.33,0.44,1.89,1.97,,1.184,1.3174,112.38,-0.4,0.0,,0.2072,,,,
2017-10-13,1.51,2.28,0.43,1.85,1.97,,1.1837,1.3304,111.94,-0.4,0.0,,0.2082,,,,
2017-10-14,,,,,,,,,,-0.4,0.0,,,,,,
2017-10-15,,,,,,,,,,-0.4,0.0,,,,,,
2017-10-16,1.54,2.3,0.46,1.84,1.97,,1.181,1.3285,111.72,-0.4,0.0,,0.2093,,,,
2017-10-17,1.54,2.3,0.48,1.82,1.95,,1.1754,1.3182,112.32,-0.4,0.0,,0.2118,,,,
2017-10-18,1.59,2.34,0.5,1.84,1.95,4469723.0,1.1775,1.3183,112.94,-0.4,0.0,,0.2128,,,,
2017-10-19,1.58,2.33,0.49,1.84,1.94,,1.1842,1.3181,112.54,-0.4,0.0,,0.2141,,,,
2017-10-20,1.6,2.39,0.52,1.87,1.94,,1.177,1.3179,113.5,-0.4,0.0,,0.2141,,,,
2017-10-21,,,,,,,,,,-0.4,0.0,,,,,,
2017-10-22,,,,,,,,,,-0.4,0.0,,,,,,
2017-10-23,1.58,2.38,0.52,1.86,1.94,,1.1762,1.3201,113.66,-0.4,0.0,,0.2131,,,,
2017-10-24,1.6,2.42,0.55,1.87,1.92,,1.1766,1.3124,113.92,-0.4,0.0,,0.2126,,,,
2017-10-25,1.61,2.44,0.56,1.88,1.93,4461117.0,1.1802,1.3252,113.7,-0.4,0.0,,0.2147,,,,
2017-10-26,1.63,2.46,0.57,1.89,1.91,,1.17,1.3181,113.72,-0.4,0.0,,0.214,,,,
2017-10-27,1.59,2.42,0.54,1.88,1.93,,1.158,1.3108,113.82,-0.4,0.0,,0.2131,,,,
2017-10-28,,,,,,,,,,-0.4,0.0,,,,,,
2017-10-29,,,,,,,,,,-0.4,0.0,,,,,,
2017-10-30,1.58,2.37,0.5,1.87,1.92,,1.1626,1.3195,113.26,-0.4,0.0,,0.216,,,,
2017-10-31,1.6,2.38,0.5,1.88,1.91,,1.1648,1.3281,113.63,-0.4,0.0,,0.2096,,,,
2017-11-01,1.61,2.37,0.49,1.88,1.92,4455887.0,1.1618,1.3257,114.04,-0.4,0.0,0.948731630672955,0.2145,1.3299,-0.048,0.035,-0.053
2017-11-02,1.61,2.35,0.48,1.87,1.91,,1.1672,1.3068,113.84,-0.4,0.0,,0.4055,,,,
2017-11-03,1.63,2.34,0.48,1.86,1.91,,1.1616,1.3067,114.25,-0.4,0.0,,0.4628,,,,
2017-11-04,,,,,,,,,,-0.4,0.0,,,,,,
2017-11-05,,,,,,,,,,-0.4,0.0,,,,,,
2017-11-06,1.61,2.32,0.46,1.86,1.92,,1.16,1.3145,113.9,-0.4,0.0,,0.4649,,,,
2017-11-07,1.63,2.32,0.44,1.88,1.9,,1.1577,1.3152,113.9,-0.4,0.0,,0.4624,,,,
2017-11-08,1.65,2.32,0.45,1.87,1.92,4458552.0,1.1591,1.3108,113.62,-0.4,0.0,,0.4632,,,,
2017-11-09,1.63,2.33,0.46,1.87,1.93,,1.1648,1.3133,113.4,-0.4,0.0,,0.4628,,,,
2017-11-10,1.67,2.4,0.52,1.88,,,,,,-0.4,0.0,,0.4622,,,,
2017-11-11,,,,,,,,,,-0.4,0.0,,,,,,
2017-11-12,,,,,,,,,,-0.4,0.0,,,,,,
2017-11-13,1.7,2.4,0.52,1.88,1.93,,1.1656,1.3101,113.62,-0.4,0.0,,0.4662,,,,
2017-11-14,1.68,2.38,0.51,1.87,1.93,,1.1764,1.3128,113.5,-0.4,0.0,,0.4644,,,,
2017-11-15,1.68,2.33,0.48,1.85,1.95,4448289.0,1.1794,1.3165,113.15,-0.4,0.0,,0.4632,,,,
2017-11-16,1.72,2.37,0.53,1.84,1.92,,1.1772,1.3197,112.89,-0.4,0.0,,0.4622,,,,
2017-11-17,1.73,2.35,0.49,1.86,1.93,,1.1799,1.3222,111.98,-0.4,0.0,,0.4638,,,,
2017-11-18,,,,,,,,,,-0.4,0.0,,,,,,
2017-11-19,,,,,,,,,,-0.4,0.0,,,,,,
2017-11-20,1.77,2.37,0.52,1.85,1.91,,1.1741,1.3241,112.49,-0.4,0.0,,0.4623,,,,
2017-11-21,1.77,2.36,0.52,1.84,1.88,,1.1741,1.3232,112.46,-0.4,0.0,,0.4617,,,,
2017-11-22,1.74,2.32,0.48,1.84,1.91,4450615.0,1.1789,1.3291,111.62,-0.4,0.0,,0.4622,,,,
2017-11-23,,,,,,,,,,-0.4,0.0,,0.4624,,,,
2017-11-24,1.75,2.34,0.5,1.84,1.9,,1.1936,1.3336,111.54,-0.4,0.0,,0.4635,,,,
2017-11-25,,,,,,,,,,-0.4,0.0,,,,,,
2017-11-26,,,,,,,,,,-0.4,0.0,,,,,,
2017-11-27,1.74,2.32,0.49,1.83,1.93,,1.1911,1.3333,111.0,-0.4,0.0,,0.4618,,,,
2017-11-28,1.75,2.34,0.5,1.84,1.91,,1.1878,1.3231,111.13,-0.4,0.0,,0.4634,,,,
2017-11-29,1.78,2.37,0.53,1.84,1.92,4438592.0,1.1858,1.3436,111.75,-0.4,0.0,,0.4663,,,,
2017-11-30,1.78,2.42,0.56,1.86,1.88,,1.1898,1.3506,112.3,-0.4,0.0,,0.4623,,,,
2017-12-01,1.78,2.37,0.51,1.86,1.87,,1.191,1.3505,111.88,-0.4,0.0,0.87902629874751,0.4661,1.2781,-0.042,0.045,-0.095
2017-12-02,,,,,,,,,,-0.4,0.0,,,,,,
2017-12-03,,,,,,,,,,-0.4,0.0,,,,,,
2017-12-04,1.8,2.37,0.5,1.87,1.87,,1.1848,1.3465,112.8,-0.4,0.0,,0.4667,,,,
2017-12-05,1.83,2.36,0.5,1.86,1.84,,1.182,1.345,112.76,-0.4,0.0,,0.4655,,,,
2017-12-06,1.78,2.33,0.47,1.86,1.86,4437148.0,1.1788,1.3382,112.32,-0.4,0.0,,0.4594,,,,
2017-12-07,1.8,2.37,0.5,1.87,1.88,,1.179,1.3432,112.7,-0.4,0.0,,0.4664,,,,
2017-12-08,1.8,2.38,0.5,1.88,1.87,,1.1761,1.3367,113.55,-0.4,0.0,,0.4629,,,,
2017-12-09,,,,,,,,,,-0.4,0.0,,,,,,
2017-12-10,,,,,,,,,,-0.4,0.0,,,,,,
2017-12-11,1.82,2.39,0.51,1.88,1.85,,1.1802,1.3363,113.34,-0.4,0.0,,0.4623,,,,
2017-12-12,1.83,2.4,0.51,1.89,1.84,,1.1725,1.3323,113.62,-0.4,0.0,,0.4612,,,,
2017-12-13,1.79,2.36,0.48,1.88,1.83,4452726.0,1.1762,1.3365,113.19,-0.4,0.0,,0.4627,,,,
2017-12-14,1.82,2.35,0.48,1.87,1.82,,1.1778,1.344,112.56,-0.4,0.0,,0.4624,,,,
2017-12-15,1.84,2.35,0.47,1.88,1.8,,1.1778,1.3316,112.68,-0.4,0.0,,0.4637,,,,
2017-12-16,,,,,,,,,,-0.4,0.0,,,,,,
2017-12-17,,,,,,,,,,-0.4,0.0,,,,,,
2017-12-18,1.84,2.39,0.5,1.89,1.81,,1.1804,1.3398,112.4,-0.4,0.0,,0.4659,,,,
2017-12-19,1.87,2.46,0.55,1.91,1.81,,1.1822,1.3356,112.98,-0.4,0.0,,0.469,,,,
2017-12-20,1.87,2.49,0.57,1.92,1.82,4447470.0,1.1881,1.3408,113.29,-0.4,0.0,,0.4684,,,,
2017-12-21,1.89,2.48,0.55,1.93,1.79,,1.1872,1.3372,113.42,-0.4,0.0,,0.4643,,,,
2017-12-22,1.91,2.48,0.54,1.94,1.79,,1.1839,1.3379,113.3,-0.4,0.0,,0.4647,,,,
2017-12-23,,,,,,,,,,-0.4,0.0,,,,,,
2017-12-24,,,,,,,,,,-0.4,0.0,,,,,,
2017-12-25,,,,,,,,,,-0.4,0.0,,,,,,
2017-12-26,1.92,2.47,0.53,1.94,1.78,,1.1867,1.3369,113.2,-0.4,0.0,,,,,,
2017-12-27,1.89,2.42,0.48,1.94,1.76,4448680.0,1.1902,1.3403,113.28,-0.4,0.0,,0.466,,,,
2017-12-28,1.91,2.43,0.47,1.96,1.76,,1.1952,1.345,112.85,-0.4,0.0,,0.4665,,,,
2017-12-29,1.89,2.4,0.44,1.96,1.77,,1.2022,1.3529,112.69,-0.4,0.0,,0.4123,,,,
2017-12-30,,,,,,,,,,-0.4,0.0,,,,,,
2017-12-31,,,,,,,,,,-0.4,0.0,,,,,,
2018-01-01,,,,,,,,,,-0.4,0.0,1.03092972825132,,1.3931,-0.04,0.08,0.103
2018-01-02,1.92,2.46,0.46,2.0,1.78,,1.205,1.3596,112.18,-0.4,0.0,,0.4622,,,,
2018-01-03,1.94,2.44,0.46,1.98,1.77,4443718.0,1.203,1.3522,112.28,-0.4,0.0,,0.4642,,,,
2018-01-04,1.96,2.46,0.45,2.01,1.75,,1.2064,1.3539,112.78,-0.4,0.0,,0.4618,,,,
2018-01-05,1.96,2.47,0.46,2.01,1.76,,1.2039,1.3562,113.18,-0.4,0.0,,0.4625,,,,
2018-01-06,,,,,,,,,,-0.4,0.0,,,,,,
2018-01-07,,,,,,,,,,-0.4,0.0,,,,,,
2018-01-08,1.96,2.49,0.47,2.02,1.74,,1.1973,1.3566,113.08,-0.4,0.0,,0.4632,,,,
2018-01-09,1.98,2.55,0.52,2.03,1.74,,1.1922,1.3518,112.57,-0.4,0.0,,0.4627,,,,
2018-01-10,1.98,2.55,0.52,2.03,1.73,4446062.0,1.1958,1.3513,111.48,-0.4,0.0,,0.4647,,,,
2018-01-11,1.98,2.54,0.54,2.0,1.69,,1.2035,1.3543,111.35,-0.4,0.0,,0.4655,,,,
2018-01-12,1.99,2.55,0.54,2.01,1.68,,1.213,1.3689,111.23,-0.4,0.0,,0.468,,,,
2018-01-13,,,,,,,,,,-0.4,0.0,,,,,,
2018-01-14,,,,,,,,,,-0.4,0.0,,,,,,
2018-01-15,,,,,,,,,,-0.4,0.0,,0.4638,,,,
2018-01-16,2.03,2.54,0.51,2.03,1.66,,1.2244,1.3774,110.74,-0.4,0.0,,0.4605,,,,
2018-01-17,2.05,2.57,0.53,2.04,1.66,4439145.0,1.2229,1.3824,110.81,-0.4,0.0,,0.4615,,,,
2018-01-18,2.05,2.62,0.57,2.05,1.64,,1.2238,1.3889,110.88,-0.4,0.0,,0.4619,,,,
2018-01-19,2.06,2.64,0.58,2.06,1.64,,1.2238,1.3857,110.56,-0.4,0.0,,0.4634,,,,
2018-01-20,,,,,,,,,,-0.4,0.0,,,,,,
2018-01-21,,,,,,,,,,-0.4,0.0,,,,,,
2018-01-22,2.08,2.66,0.6,2.06,1.64,,1.223,1.3944,111.15,-0.4,0.0,,0.463,,,,
2018-01-23,2.06,2.63,0.57,2.06,1.64,,1.2277,1.3968,110.46,-0.4,0.0,,0.4619,,,,
2018-01-24,2.08,2.65,0.58,2.07,1.65,4441317.0,1.239,1.4198,109.15,-0.4,0.0,,0.462,,,,
2018-01-25,2.08,2.63,0.56,2.07,1.61,,1.2488,1.4264,108.7,-0.4,0.0,,0.4618,,,,
2018-01-26,2.13,2.66,0.57,2.09,1.6,,1.2422,1.4179,108.38,-0.4,0.0,,0.4633,,,,
2018-01-27,,,,,,,,,,-0.4,0.0,,,,,,
2018-01-28,,,,,,,,,,-0.4,0.0,,,,,,
2018-01-29,2.11,2.7,0.61,2.09,1.59,,1.2352,1.4042,109.12,-0.4,0.0,,0.4613,,,,
2018-01-30,2.13,2.73,0.63,2.1,1.59,,1.239,1.4124,108.9,-0.4,0.0,,0.4627,,,,
2018-01-31,2.14,2.72,0.61,2.11,1.56,4419225.0,1.2428,1.419,109.31,-0.4,0.0,,0.4668,,,,
2018-02-01,2.16,2.78,0.67,2.11,1.56,,1.2482,1.4247,109.5,-0.4,0.0,1.26966337620687,0.4636,1.6034,-0.042,0.045,0.116
2018-02-02,2.15,2.84,0.7,2.14,1.58,,1.2446,1.4126,110.4,-0.4,0.0,,0.4632,,,,
2018-02-03,,,,,,,,,,-0.4,0.0,,,,,,
2018-02-04,,,,,,,,,,-0.4,0.0,,,,,,
2018-02-05,2.08,2.77,0.67,2.1,1.63,,1.2418,1.4022,110.09,-0.4,0.0,,0.4619,,,,
2018-02-06,2.1,2.79,0.69,2.1,1.61,,1.2381,1.3951,109.18,-0.4,0.0,,0.4626,,,,
2018-02-07,2.15,2.84,0.74,2.1,1.62,4420745.0,1.2281,1.3881,109.53,-0.4,0.0,,0.4618,,,,
2018-02-08,2.13,2.85,0.76,2.09,1.63,,1.2238,1.3915,109.0,-0.4,0.0,,0.4624,,,,
2018-02-09,2.05,2.83,0.78,2.05,1.67,,1.2226,1.3794,108.44,-0.4,0.0,,0.4634,,,,
2018-02-10,,,,,,,,,,-0.4,0.0,,,,,,
2018-02-11,,,,,,,,,,-0.4,0.0,,,,,,
2018-02-12,2.09,2.86,0.79,2.07,1.64,,1.2267,1.382,108.72,-0.4,0.0,,0.463,,,,
2018-02-13,2.1,2.83,0.78,2.05,1.69,,1.2363,1.3892,107.59,-0.4,0.0,,0.4636,,,,
2018-02-14,2.17,2.91,0.82,2.09,1.66,4434863.0,1.2396,1.3955,107.0,-0.4,0.0,,0.4651,,,,
2018-02-15,2.19,2.9,0.79,2.11,1.63,,1.2482,1.4061,106.36,-0.4,0.0,,0.4642,,,,
2018-02-16,2.21,2.87,0.78,2.09,1.66,,1.2442,1.4055,106.1,-0.4,0.0,,0.4637,,,,
2018-02-17,,,,,,,,,,-0.4,0.0,,,,,,
2018-02-18,,,,,,,,,,-0.4,0.0,,,,,,
2018-02-19,,,,,,,,,,-0.4,0.0,,0.462,,,,
2018-02-20,2.25,2.88,0.78,2.1,1.67,,1.2348,1.4021,107.23,-0.4,0.0,,0.4636,,,,
2018-02-21,2.26,2.94,0.82,2.12,1.67,4411660.0,1.2314,1.3946,107.64,-0.4,0.0,,0.4629,,,,
2018-02-22,2.25,2.92,0.81,2.11,1.68,,1.2326,1.3939,106.96,-0.4,0.0,,0.4637,,,,
2018-02-23,2.25,2.88,0.76,2.12,1.68,,1.2298,1.3979,106.64,-0.4,0.0,,0.4668,,,,
2018-02-24,,,,,,,,,,-0.4,0.0,,,,,,
2018-02-25,,,,,,,,,,-0.4,0.0,,,,,,
2018-02-26,2.22,2.86,0.73,2.13,1.7,,1.2296,1.3952,106.96,-0.4,0.0,,0.4639,,,,
2018-02-27,2.27,2.9,0.77,2.13,1.69,,1.2239,1.3906,107.47,-0.4,0.0,,0.4656,,,,
2018-02-28,2.25,2.87,0.75,2.12,1.68,4393401.0,1.2211,1.3794,106.62,-0.4,0.0,,0.4612,,,,
2018-03-01,2.22,2.81,0.71,2.1,1.72,,1.2216,1.3755,106.91,-0.4,0.0,1.168397749229,0.4646,1.508,-0.062,0.045,0.054
2018-03-02,2.25,2.86,0.74,2.12,1.72,,1.2314,1.3769,105.65,-0.4,0.0,,0.4655,,,,
2018-03-03,,,,,,,,,,-0.4,0.0,,,,,,
2018-03-04,,,,,,,,,,-0.4,0.0,,,,,,
2018-03-05,2.24,2.88,0.75,2.13,1.72,,1.233,1.3856,105.97,-0.4,0.0,,0.4643,,,,
2018-03-06,2.25,2.88,0.76,2.12,1.75,,1.2415,1.3886,106.03,-0.4,0.0,,0.4647,,,,
2018-03-07,2.25,2.89,0.76,2.13,1.77,4396097.0,1.2397,1.3888,105.94,-0.4,0.0,,0.4648,,,,
2018-03-08,2.25,2.86,0.75,2.11,1.78,,1.2314,1.3824,106.08,-0.4,0.0,,0.4645,,,,
2018-03-09,2.27,2.9,0.78,2.12,1.77,,1.2326,1.3863,106.74,-0.4,0.0,,0.4627,,,,
2018-03-10,,,,,,,,,,-0.4,0.0,,,,,,
2018-03-11,,,,,,,,,,-0.4,0.0,,,,,,
2018-03-12,2.27,2.87,0.77,2.1,1.79,,1.2318,1.3898,106.52,-0.4,0.0,,0.465,,,,
2018-03-13,2.26,2.84,0.75,2.09,1.8,,1.2398,1.3987,106.64,-0.4,0.0,,0.4637,,,,
2018-03-14,2.26,2.81,0.74,2.07,1.8,4407258.0,1.2362,1.3946,106.17,-0.4,0.0,,0.4637,,,,
2018-03-15,2.29,2.82,0.74,2.08,1.81,,1.2321,1.3951,106.07,-0.4,0.0,,0.4659,,,,
2018-03-16,2.31,2.85,0.77,2.08,1.79,,1.228,1.3919,106.1,-0.4,0.0,,0.4644,,,,
2018-03-17,,,,,,,,,,-0.4,0.0,,,,,,
2018-03-18,,,,,,,,,,-0.4,0.0,,,,,,
2018-03-19,2.31,2.85,0.77,2.08,1.8,,1.2329,1.4032,105.83,-0.4,0.0,,0.4633,,,,
2018-03-20,2.34,2.89,0.81,2.08,1.79,,1.2271,1.4013,106.42,-0.4,0.0,,0.4636,,,,
2018-03-21,2.31,2.89,0.8,2.09,1.82,4401222.0,1.2268,1.4064,106.3,-0.4,0.0,,0.4667,,,,
2018-03-22,2.29,2.83,0.75,2.08,1.84,,1.231,1.4098,105.34,-0.4,0.0,,0.4634,,,,
2018-03-23,2.28,2.82,0.75,2.07,1.87,,1.236,1.4151,104.83,-0.4,0.0,,0.468,,,,
2018-03-24,,,,,,,,,,-0.4,0.0,,,,,,
2018-03-25,,,,,,,,,,-0.4,0.0,,,,,,
2018-03-26,2.33,2.85,0.77,2.08,1.84,,1.244,1.4236,105.0,-0.4,0.0,,0.4666,,,,
2018-03-27,2.26,2.78,0.71,2.07,1.86,,1.241,1.4161,105.72,-0.4,0.0,,0.4652,,,,
2018-03-28,2.28,2.77,0.72,2.05,1.86,4392198.0,1.2351,1.411,106.3,-0.4,0.0,,0.4638,,,,
2018-03-29,2.27,2.74,0.69,2.05,1.85,,1.2297,1.4029,106.27,-0.4,0.0,,0.4435,,,,
2018-03-30,,,,,,,1.232,1.4027,106.2,-0.4,0.0,,,,,,
2018-03-31,,,,,,,,,,-0.4,0.0,,,,,,
2018-04-01,,,,,,,,,,-0.4,0.0,1.12553181283971,,1.5108,-0.063,0.05,0.12
2018-04-02,2.25,2.73,0.68,2.05,1.86,,1.2288,1.4032,105.99,-0.4,0.0,,,,,,
2018-04-03,2.28,2.79,0.71,2.08,1.84,,1.2261,1.4068,106.45,-0.4,0.0,,0.4652,,,,
2018-04-04,2.28,2.79,0.71,2.08,1.85,4386104.0,1.2292,1.4076,106.56,-0.4,0.0,,0.4624,,,,
2018-04-05,2.3,2.83,0.75,2.08,1.84,,1.223,1.3991,107.48,-0.4,0.0,,0.4653,,,,
2018-04-06,2.27,2.77,0.7,2.07,1.84,,1.2274,1.4088,107.03,-0.4,0.0,,0.4666,,,,
2018-04-07,,,,,,,,,,-0.4,0.0,,,,,,
2018-04-08,,,,,,,,,,-0.4,0.0,,,,,,
2018-04-09,2.29,2.78,0.71,2.07,1.83,,1.232,1.4136,107.06,-0.4,0.0,,0.4651,,,,
2018-04-10,2.32,2.8,0.72,2.08,1.8,,1.2338,1.4161,107.3,-0.4,0.0,,0.4666,,,,
2018-04-11,2.32,2.79,0.68,2.11,1.8,4383684.0,1.2384,1.4194,106.78,-0.4,0.0,,0.4633,,,,
2018-04-12,2.34,2.83,0.7,2.13,1.79,,1.232,1.4244,107.3,-0.4,0.0,,0.4637,,,,
2018-04-13,2.37,2.82,0.69,2.13,1.79,,1.2322,1.4255,107.52,-0.4,0.0,,0.4657,,,,
2018-04-14,,,,,,,,,,-0.4,0.0,,,,,,
2018-04-15,,,,,,,,,,-0.4,0.0,,,,,,
2018-04-16,2.39,2.83,0.71,2.12,1.77,,1.2373,1.4332,107.26,-0.4,0.0,,0.4659,,,,
2018-04-17,2.41,2.82,0.68,2.14,1.76,,1.2345,1.4301,107.09,-0.4,0.0,,0.4664,,,,
2018-04-18,2.42,2.87,0.71,2.16,1.76,4385903.0,1.238,1.4227,107.26,-0.4,0.0,,0.467,,,,
2018-04-19,2.44,2.92,0.75,2.17,1.77,,1.2336,1.4193,107.42,-0.4,0.0,,0.4651,,,,
2018-04-20,2.46,2.96,0.79,2.17,1.78,,1.2282,1.4033,107.6,-0.4,0.0,,0.4646,,,,
2018-04-21,,,,,,,,,,-0.4,0.0,,,,,,
2018-04-22,,,,,,,,,,-0.4,0.0,,,,,,
2018-04-23,2.49,2.98,0.8,2.18,1.76,,1.2216,1.3953,108.62,-0.4,0.0,,0.4529,,,,
2018-04-24,2.48,3.0,0.83,2.17,1.77,,1.2226,1.3975,109.03,-0.4,0.0,,0.4537,,,,
2018-04-25,2.49,3.03,0.86,2.17,1.8,4372886.0,1.2178,1.3941,109.33,-0.4,0.0,,0.454,,,,
2018-04-26,2.49,3.0,0.82,2.18,1.8,,1.2113,1.3927,109.3,-0.4,0.0,,0.4549,,,,
2018-04-27,2.49,2.96,0.79,2.17,1.8,,1.2108,1.3785,109.12,-0.4,0.0,,0.4548,,,,
2018-04-28,,,,,,,,,,-0.4,0.0,,,,,,
2018-04-29,,,,,,,,,,-0.4,0.0,,,,,,
2018-04-30,2.49,2.95,0.78,2.17,1.79,,1.2074,1.3751,109.28,-0.4,0.0,,0.4507,,,,
2018-05-01,2.5,2.97,0.81,2.16,1.82,,1.2,1.3611,109.69,-0.4,0.0,1.23621542510378,0.4497,1.5016,-0.061,0.03,-0.008
2018-05-02,2.49,2.97,0.8,2.17,1.83,4356129.0,1.1968,1.361,109.89,-0.4,0.0,,0.4515,,,,
2018-05-03,2.49,2.94,0.78,2.16,1.86,,1.197,1.3569,109.06,-0.4,0.0,,0.4527,,,,
2018-05-04,2.51,2.95,0.79,2.16,1.86,,1.1946,1.3535,109.16,-0.4,0.0,,0.4556,,,,
2018-05-05,,,,,,,,,,-0.4,0.0,,,,,,
2018-05-06,,,,,,,,,,-0.4,0.0,,,,,,
2018-05-07,2.49,2.95,0.78,2.17,1.87,,1.1927,1.3567,109.14,-0.4,0.0,,,,,,
2018-05-08,2.51,2.97,0.81,2.16,1.87,,1.1863,1.3521,109.16,-0.4,0.0,,0.4542,,,,
2018-05-09,2.54,3.0,0.82,2.18,1.86,4358207.0,1.1852,1.3567,109.68,-0.4,0.0,,0.4553,,,,
2018-05-10,2.54,2.97,0.8,2.17,1.84,,1.1896,1.3487,109.53,-0.4,0.0,,0.4539,,,,
2018-05-11,2.54,2.97,0.82,2.15,1.82,,1.1951,1.3549,109.26,-0.4,0.0,,0.4542,,,,
2018-05-12,,,,,,,,,,-0.4,0.0,,,,,,
2018-05-13,,,,,,,,,,-0.4,0.0,,,,,,
2018-05-14,2.55,3.0,0.85,2.15,1.81,,1.1976,1.3595,109.52,-0.4,0.0,,0.4513,,,,
2018-05-15,2.58,3.08,0.9,2.18,1.81,,1.1864,1.3512,110.25,-0.4,0.0,,0.4511,,,,
2018-05-16,2.58,3.09,0.92,2.17,1.8,4337609.0,1.1788,1.3478,110.22,-0.4,0.0,,0.4528,,,,
2018-05-17,2.57,3.11,0.95,2.16,1.82,,1.1798,1.3507,110.76,-0.4,0.0,,0.4533,,,,
2018-05-18,2.55,3.06,0.91,2.15,1.83,,1.1775,1.3476,110.71,-0.4,0.0,,0.454,,,,
2018-05-19,,,,,,,,,,-0.4,0.0,,,,,,
2018-05-20,,,,,,,,,,-0.4,0.0,,,,,,
2018-05-21,2.58,3.06,0.9,2.16,1.83,,1.1768,1.3418,111.08,-0.4,0.0,,0.4527,,,,
2018-05-22,2.59,3.06,0.91,2.15,1.83,,1.1783,1.3445,110.94,-0.4,0.0,,0.4521,,,,
2018-05-23,2.53,3.01,0.87,2.14,1.84,4337301.0,1.1693,1.3341,110.05,-0.4,0.0,,0.4533,,,,
2018-05-24,2.5,2.98,0.86,2.12,1.84,,1.1729,1.3384,109.3,-0.4,0.0,,0.4532,,,,
2018-05-25,2.48,2.93,0.84,2.09,1.85,,1.1666,1.3321,109.35,-0.4,0.0,,0.4533,,,,
2018-05-26,,,,,,,,,,-0.4,0.0,,,,,,
2018-05-27,,,,,,,,,,-0.4,0.0,,,,,,
2018-05-28,,,,,,,,,,-0.4,0.0,,,,,,
2018-05-29,2.32,2.77,0.73,2.04,1.96,,1.1551,1.3258,108.62,-0.4,0.0,,0.4537,,,,
2018-05-30,2.42,2.84,0.78,2.06,1.91,4327519.0,1.1664,1.3296,109.04,-0.4,0.0,,0.4519,,,,
2018-05-31,2.4,2.83,0.76,2.07,1.89,,1.167,1.3289,108.73,-0.4,0.0,,0.4503,,,,
2018-06-01,2.47,2.89,0.8,2.09,1.9,,1.1679,1.3358,109.49,-0.4,0.0,1.28733057157399,0.4544,1.4229,-0.071,0.03,-0.012
2018-06-02,,,,,,,,,,-0.4,0.0,,,,,,
2018-06-03,,,,,,,,,,-0.4,0.0,,,,,,
2018-06-04,2.52,2.94,0.82,2.12,1.88,,1.1696,1.3314,109.66,-0.4,0.0,,0.4522,,,,
2018-06-05,2.49,2.92,0.79,2.13,1.9,,1.1672,1.336,109.63,-0.4,0.0,,0.4525,,,,
2018-06-06,2.52,2.97,0.83,2.14,1.91,4319191.0,1.1778,1.3429,110.0,-0.4,0.0,,0.4519,,,,
2018-06-07,2.5,2.93,0.8,2.13,1.89,,1.1815,1.3427,109.92,-0.4,0.0,,0.4531,,,,
2018-06-08,2.5,2.93,0.82,2.11,1.9,,1.1773,1.3406,109.45,-0.4,0.0,,0.4535,,,,
2018-06-09,,,,,,,,,,-0.4,0.0,,,,,,
2018-06-10,,,,,,,,,,-0.4,0.0,,,,,,
2018-06-11,2.52,2.96,0.83,2.13,1.89,,1.1802,1.3386,109.94,-0.4,0.0,,0.4514,,,,
2018-06-12,2.54,2.96,0.83,2.13,1.88,,1.1792,1.3416,110.22,-0.4,0.0,,0.4501,,,,
2018-06-13,2.59,2.98,0.86,2.12,1.87,4324906.0,1.1784,1.3378,110.41,-0.4,0.0,,0.4489,,,,
2018-06-14,2.59,2.94,0.82,2.12,1.88,,1.1634,1.3333,110.44,-0.4,0.0,,0.4512,,,,
2018-06-15,2.55,2.93,0.81,2.12,1.87,,1.1616,1.3283,110.58,-0.4,0.0,,0.4505,,,,
2018-06-16,,,,,,,,,,-0.4,0.0,,,,,,
2018-06-17,,,,,,,,,,-0.4,0.0,,,,,,
2018-06-18,2.56,2.92,0.8,2.12,1.9,,1.1606,1.3247,110.44,-0.4,0.0,,0.4515,,,,
2018-06-19,2.54,2.89,0.77,2.12,1.91,,1.1577,1.3172,110.02,-0.4,0.0,,0.4507,,,,
2018-06-20,2.56,2.93,0.81,2.12,1.92,4315896.0,1.1592,1.3213,110.14,-0.4,0.0,,0.4495,,,,
2018-06-21,2.56,2.9,0.79,2.11,1.95,,1.16,1.3251,110.05,-0.4,0.0,,0.4513,,,,
2018-06-22,2.56,2.9,0.78,2.12,1.97,,1.163,1.3258,109.98,-0.4,0.0,,0.4491,,,,
2018-06-23,,,,,,,,,,-0.4,0.0,,,,,,
2018-06-24,,,,,,,,,,-0.4,0.0,,,,,,
2018-06-25,2.54,2.87,0.77,2.1,1.99,,1.1694,1.3273,109.62,-0.4,0.0,,0.4512,,,,
2018-06-26,2.53,2.88,0.76,2.12,1.99,,1.1675,1.3243,109.92,-0.4,0.0,,0.4498,,,,
2018-06-27,2.52,2.83,0.72,2.11,1.98,4305491.0,1.1588,1.3139,110.34,-0.4,0.0,,0.4495,,,,
2018-06-28,2.52,2.84,0.74,2.1,2.0,,1.1582,1.3095,110.38,-0.4,0.0,,0.4515,,,,
2018-06-29,2.52,2.85,0.74,2.11,1.99,,1.1677,1.3197,110.71,-0.4,0.0,,0.4399,,,,
2018-06-30,,,,,,,,,,-0.4,0.0,,,,,,
2018-07-01,,,,,,,,,,-0.4,0.0,1.19588314685909,,1.3739,-0.07,0.06,0.042
2018-07-02,2.57,2.87,0.73,2.14,1.97,,1.1604,1.3133,110.73,-0.4,0.0,,0.4531,,,,
2018-07-03,2.53,2.83,0.71,2.12,1.99,,1.1653,1.3174,110.54,-0.4,0.0,,0.4543,,,,
2018-07-04,,,,,,4289764.0,,,,-0.4,0.0,,0.4546,,,,
2018-07-05,2.55,2.84,0.71,2.13,1.95,,1.1697,1.3228,110.59,-0.4,0.0,,0.4563,,,,
2018-07-06,2.53,2.82,0.7,2.12,1.96,,1.1738,1.3262,110.48,-0.4,0.0,,0.458,,,,
2018-07-07,,,,,,,,,,-0.4,0.0,,,,,,
2018-07-08,,,,,,,,,,-0.4,0.0,,,,,,
2018-07-09,2.57,2.86,0.73,2.13,1.93,,1.1744,1.3202,110.78,-0.4,0.0,,0.4567,,,,
2018-07-10,2.59,2.87,0.74,2.13,1.91,,1.1728,1.3266,111.24,-0.4,0.0,,0.4549,,,,
2018-07-11,2.58,2.85,0.74,2.11,1.91,4291201.0,1.1722,1.3241,111.52,-0.4,0.0,,0.4544,,,,
2018-07-12,2.6,2.85,0.75,2.1,1.9,,1.1692,1.3238,112.41,-0.4,0.0,,0.4563,,,,
2018-07-13,2.59,2.83,0.72,2.11,1.9,,1.1667,1.3216,112.38,-0.4,0.0,,0.4565,,,,
2018-07-14,,,,,,,,,,-0.4,0.0,,,,,,
2018-07-15,,,,,,,,,,-0.4,0.0,,,,,,
2018-07-16,2.59,2.85,0.75,2.1,1.91,,1.171,1.3236,112.29,-0.4,0.0,,0.4552,,,,
2018-07-17,2.62,2.86,0.77,2.09,1.9,,1.1664,1.3161,112.79,-0.4,0.0,,0.4541,,,,
2018-07-18,2.6,2.88,0.79,2.09,1.89,4291615.0,1.1645,1.305,112.82,-0.4,0.0,,0.4543,,,,
2018-07-19,2.6,2.84,0.75,2.09,1.9,,1.1604,1.2987,112.98,-0.4,0.0,,0.4538,,,,
2018-07-20,2.6,2.89,0.78,2.11,1.91,,1.1708,1.3114,111.74,-0.4,0.0,,0.4557,,,,
2018-07-21,,,,,,,,,,-0.4,0.0,,,,,,
2018-07-22,,,,,,,,,,-0.4,0.0,,,,,,
2018-07-23,2.64,2.96,0.85,2.11,1.91,,1.1702,1.3105,111.36,-0.4,0.0,,0.4537,,,,
2018-07-24,2.63,2.95,0.84,2.11,1.88,,1.1684,1.3135,111.27,-0.4,0.0,,0.4548,,,,
2018-07-25,2.66,2.94,0.81,2.13,1.87,4277681.0,1.1677,1.315,111.02,-0.4,0.0,,0.454,,,,
2018-07-26,2.69,2.98,0.87,2.11,1.85,,1.1654,1.3119,111.2,-0.4,0.0,,0.4532,,,,
2018-07-27,2.67,2.96,0.84,2.12,1.84,,1.166,1.3118,110.94,-0.4,0.0,,0.4532,,,,
2018-07-28,,,,,,,,,,-0.4,0.0,,,,,,
2018-07-29,,,,,,,,,,-0.4,0.0,,,,,,
2018-07-30,2.66,2.98,0.85,2.13,1.84,,1.1718,1.314,110.98,-0.4,0.0,,0.4523,,,,
2018-07-31,2.67,2.96,0.84,2.12,1.83,,1.1706,1.3125,111.88,-0.4,0.0,,0.4503,,,,
2018-08-01,2.67,3.0,0.87,2.13,1.83,4255653.0,1.1666,1.312,111.72,-0.4,0.0,1.36578839763528,0.4522,1.3991,-0.059,0.11,-0.032
2018-08-02,2.66,2.98,0.86,2.12,1.84,,1.1612,1.3035,111.48,-0.4,0.0,,0.6897,,,,
2018-08-03,2.63,2.95,0.83,2.12,1.84,,1.1597,1.3021,111.12,-0.4,0.0,,0.7028,,,,
2018-08-04,,,,,,,,,,-0.4,0.0,,,,,,
2018-08-05,,,,,,,,,,-0.4,0.0,,,,,,
2018-08-06,2.64,2.94,0.83,2.11,1.82,,1.1564,1.2947,111.43,-0.4,0.0,,0.7006,,,,
2018-08-07,2.68,2.98,0.85,2.13,1.82,,1.1597,1.2957,111.19,-0.4,0.0,,0.7011,,,,
2018-08-08,2.68,2.96,0.85,2.11,1.84,4258030.0,1.1598,1.288,110.96,-0.4,0.0,,0.7028,,,,
2018-08-09,2.64,2.93,0.82,2.11,1.85,,1.1566,1.287,110.9,-0.4,0.0,,0.7019,,,,
2018-08-10,2.61,2.87,0.78,2.09,1.87,,1.1399,1.2769,110.66,-0.4,0.0,,0.7035,,,,
2018-08-11,,,,,,,,,,-0.4,0.0,,,,,,
2018-08-12,,,,,,,,,,-0.4,0.0,,,,,,
2018-08-13,2.61,2.88,0.78,2.1,1.91,,1.1396,1.2757,110.65,-0.4,0.0,,0.7037,,,,
2018-08-14,2.63,2.89,0.8,2.09,1.9,,1.1351,1.2738,110.92,-0.4,0.0,,0.7021,,,,
2018-08-15,2.61,2.86,0.78,2.08,1.9,4228924.0,1.1332,1.2685,110.62,-0.4,0.0,,0.7018,,,,
2018-08-16,2.63,2.87,0.79,2.08,1.89,,1.1388,1.2722,110.89,-0.4,0.0,,0.7024,,,,
2018-08-17,2.61,2.87,0.79,2.08,1.89,,1.141,1.2735,110.54,-0.4,0.0,,0.703,,,,
2018-08-18,,,,,,,,,,-0.4,0.0,,,,,,
2018-08-19,,,,,,,,,,-0.4,0.0,,,,,,
2018-08-20,2.6,2.82,0.75,2.07,1.89,,1.1438,1.2765,110.38,-0.4,0.0,,0.7039,,,,
2018-08-21,2.61,2.85,0.77,2.08,1.88,,1.1534,1.286,110.48,-0.4,0.0,,0.7037,,,,
2018-08-22,2.6,2.82,0.74,2.08,1.91,4228818.0,1.1595,1.291,110.54,-0.4,0.0,,0.7028,,,,
2018-08-23,2.61,2.82,0.73,2.09,1.9,,1.1567,1.283,111.14,-0.4,0.0,,0.7035,,,,
2018-08-24,2.63,2.82,0.73,2.09,1.9,,1.1625,1.2858,111.22,-0.4,0.0,,0.7036,,,,
2018-08-25,,,,,,,,,,-0.4,0.0,,,,,,
2018-08-26,,,,,,,,,,-0.4,0.0,,,,,,
2018-08-27,2.67,2.85,0.74,2.11,1.89,,1.1676,1.2891,111.09,-0.4,0.0,,,,,,
2018-08-28,2.67,2.88,0.77,2.11,1.9,,1.172,1.2886,111.04,-0.4,0.0,,0.7032,,,,
2018-08-29,2.67,2.89,0.77,2.12,1.88,4218914.0,1.1699,1.3006,111.8,-0.4,0.0,,0.7048,,,,
2018-08-30,2.64,2.86,0.76,2.1,1.9,,1.1646,1.2997,111.17,-0.4,0.0,,0.7058,,,,
2018-08-31,2.62,2.86,0.78,2.08,1.92,,1.1596,1.2964,110.98,-0.4,0.0,,0.7042,,,,
2018-09-01,,,,,,,,,,-0.4,0.0,1.31916154308239,,1.5023,-0.058,0.125,0.113
2018-09-02,,,,,,,,,,-0.4,0.0,,,,,,
2018-09-03,,,,,,,,,,-0.4,0.0,,0.702,,,,
2018-09-04,2.66,2.9,0.8,2.1,1.94,,1.1566,1.2833,111.44,-0.4,0.0,,0.7046,,,,
2018-09-05,2.66,2.9,0.81,2.09,1.95,4208496.0,1.162,1.2903,111.47,-0.4,0.0,,0.7022,,,,
2018-09-06,2.64,2.88,0.8,2.08,1.93,,1.1624,1.2933,110.87,-0.4,0.0,,0.7032,,,,
2018-09-07,2.71,2.94,0.84,2.1,1.93,,1.1572,1.2934,111.18,-0.4,0.0,,0.7028,,,,
2018-09-08,,,,,,,,,,-0.4,0.0,,,,,,
2018-09-09,,,,,,,,,,-0.4,0.0,,,,,,
2018-09-10,2.73,2.94,0.84,2.1,1.92,,1.1604,1.3026,111.09,-0.4,0.0,,0.7016,,,,
2018-09-11,2.76,2.98,0.86,2.12,1.9,,1.1591,1.3015,111.54,-0.4,0.0,,0.7003,,,,
2018-09-12,2.74,2.97,0.85,2.12,1.89,4210812.0,1.1626,1.3029,111.29,-0.4,0.0,,0.7025,,,,
2018-09-13,2.76,2.97,0.87,2.1,1.87,,1.1672,1.3104,111.92,-0.4,0.0,,0.7024,,,,
2018-09-14,2.78,2.99,0.89,2.1,1.88,,1.1656,1.3084,112.09,-0.4,0.0,,0.7016,,,,
2018-09-15,,,,,,,,,,-0.4,0.0,,,,,,
2018-09-16,,,,,,,,,,-0.4,0.0,,,,,,
2018-09-17,2.78,2.99,0.89,2.1,1.88,,1.1687,1.3146,111.97,-0.4,0.0,,0.7013,,,,
2018-09-18,2.81,3.05,0.92,2.13,1.88,,1.1693,1.3158,112.3,-0.4,0.0,,0.7015,,,,
2018-09-19,2.81,3.08,0.93,2.15,1.88,4208059.0,1.1685,1.3162,112.21,-0.4,0.0,,0.7005,,,,
2018-09-20,2.81,3.07,0.92,2.15,1.85,,1.1744,1.3237,112.58,-0.4,0.0,,0.6999,,,,
2018-09-21,2.81,3.07,0.92,2.15,1.83,,1.1739,1.3067,112.62,-0.4,0.0,,0.7003,,,,
2018-09-22,,,,,,,,,,-0.4,0.0,,,,,,
2018-09-23,,,,,,,,,,-0.4,0.0,,,,,,
2018-09-24,2.83,3.08,0.92,2.16,1.84,,1.1773,1.3128,112.62,-0.4,0.0,,0.701,,,,
2018-09-25,2.83,3.1,0.94,2.16,1.83,,1.177,1.3162,112.88,-0.4,0.0,,0.6995,,,,
2018-09-26,2.83,3.06,0.92,2.14,1.84,4192909.0,1.1758,1.3182,112.92,-0.4,0.0,,0.699,,,,
2018-09-27,2.83,3.06,0.91,2.15,1.83,,1.167,1.3104,113.38,-0.4,0.0,,0.7015,,,,
2018-09-28,2.81,3.05,0.91,2.14,1.84,,1.1622,1.3053,113.48,-0.4,0.0,,0.6964,,,,
2018-09-29,,,,,,,,,,-0.4,0.0,,,,,,
2018-09-30,,,,,,,,,,-0.4,0.0,,,,,,
2018-10-01,2.82,3.09,0.95,2.14,1.83,,1.1567,1.3032,113.96,-0.4,0.0,1.55399426482612,0.7021,1.5462,-0.06,0.13,0.071
2018-10-02,2.82,3.05,0.93,2.12,1.84,,1.156,1.2984,113.66,-0.4,0.0,,0.7026,,,,
2018-10-03,2.85,3.15,0.99,2.16,1.83,4174704.0,1.1525,1.2993,114.19,-0.4,0.0,,0.7015,,,,
2018-10-04,2.87,3.19,1.03,2.16,1.84,,1.1508,1.3014,113.79,-0.4,0.0,,0.7023,,,,
2018-10-05,2.88,3.23,1.07,2.16,1.85,,1.1502,1.3101,113.56,-0.4,0.0,,0.701,,,,
2018-10-06,,,,,,,,,,-0.4,0.0,,,,,,
2018-10-07,,,,,,,,,,-0.4,0.0,,,,,,
2018-10-08,,,,,,,,,,-0.4,0.0,,0.7021,,,,
2018-10-09,2.88,3.21,1.04,2.17,1.84,,1.1482,1.3139,113.13,-0.4,0.0,,0.7019,,,,
2018-10-10,2.88,3.22,1.06,2.16,1.86,4176906.0,1.1541,1.3206,112.71,-0.4,0.0,,0.6997,,,,
2018-10-11,2.85,3.14,1.02,2.12,1.88,,1.1565,1.3193,112.26,-0.4,0.0,,0.6999,,,,
2018-10-12,2.85,3.15,1.03,2.12,1.88,,1.1559,1.3154,112.02,-0.4,0.0,,0.7012,,,,
2018-10-13,,,,,,,,,,-0.4,0.0,,,,,,
2018-10-14,,,,,,,,,,-0.4,0.0,,,,,,
2018-10-15,2.85,3.16,1.03,2.13,1.89,,1.1594,1.3168,111.82,-0.4,0.0,,0.701,,,,
2018-10-16,2.87,3.16,1.03,2.13,1.88,,1.1593,1.321,112.16,-0.4,0.0,,0.7012,,,,
2018-10-17,2.89,3.19,1.06,2.13,1.88,4175446.0,1.154,1.3137,112.21,-0.4,0.0,,0.7016,,,,
2018-10-18,2.87,3.17,1.07,2.1,1.92,,1.1494,1.3061,112.11,-0.4,0.0,,0.7017,,,,
2018-10-19,2.92,3.2,1.09,2.11,1.92,,1.1513,1.3045,112.52,-0.4,0.0,,0.6999,,,,
2018-10-20,,,,,,,,,,-0.4,0.0,,,,,,
2018-10-21,,,,,,,,,,-0.4,0.0,,,,,,
2018-10-22,2.92,3.2,1.09,2.11,1.92,,1.1467,1.2974,112.78,-0.4,0.0,,0.699,,,,
2018-10-23,2.89,3.17,1.08,2.09,1.96,,1.148,1.2982,112.12,-0.4,0.0,,0.7004,,,,
2018-10-24,2.84,3.1,1.03,2.07,1.99,4173070.0,1.1389,1.2898,112.58,-0.4,0.0,,0.7023,,,,
2018-10-25,2.86,3.14,1.09,2.05,1.98,,1.1374,1.2827,112.54,-0.4,0.0,,0.6988,,,,
2018-10-26,2.81,3.08,1.02,2.06,2.02,,1.1388,1.2826,111.65,-0.4,0.0,,0.7021,,,,
2018-10-27,,,,,,,,,,-0.4,0.0,,,,,,
2018-10-28,,,,,,,,,,-0.4,0.0,,,,,,
2018-10-29,2.81,3.08,1.02,2.06,2.02,,1.139,1.2807,112.49,-0.4,0.0,,0.7011,,,,
2018-10-30,2.84,3.12,1.07,2.05,2.03,,1.1364,1.2731,112.76,-0.4,0.0,,0.7013,,,,
2018-10-31,2.87,3.15,1.1,2.05,2.03,4139731.0,1.1332,1.2779,112.86,-0.4,0.0,,0.7002,,,,
2018-11-01,2.84,3.14,1.12,2.02,2.04,,1.1396,1.2974,112.79,-0.4,0.0,1.40517946789719,0.7006,1.4541,-0.071,0.085,-0.015
2018-11-02,2.91,3.22,1.16,2.06,2.02,,1.1378,1.2965,113.09,-0.4,0.0,,0.7005,,,,
2018-11-03,,,,,,,,,,-0.4,0.0,,,,,,
2018-11-04,,,,,,,,,,-0.4,0.0,,,,,,
2018-11-05,2.91,3.2,1.14,2.06,2.02,,1.1394,1.302,113.22,-0.4,0.0,,0.7009,,,,
2018-11-06,2.93,3.22,1.15,2.07,1.98,,1.1412,1.3076,113.38,-0.4,0.0,,0.7017,,,,
2018-11-07,2.96,3.22,1.15,2.07,1.96,4141936.0,1.1459,1.3144,113.32,-0.4,0.0,,0.7031,,,,
2018-11-08,2.98,3.24,1.17,2.07,1.96,,1.1416,1.3116,113.87,-0.4,0.0,,0.7023,,,,
2018-11-09,2.94,3.19,1.15,2.04,1.98,,1.1325,1.2978,113.77,-0.4,0.0,,0.7028,,,,
2018-11-10,,,,,,,,,,-0.4,0.0,,,,,,
2018-11-11,,,,,,,,,,-0.4,0.0,,,,,,
2018-11-12,,,,,,,,,,-0.4,0.0,,0.7023,,,,
2018-11-13,2.89,3.14,1.12,2.02,2.04,,1.1288,1.3031,113.97,-0.4,0.0,,0.7025,,,,
2018-11-14,2.86,3.12,1.12,2.0,2.09,4145892.0,1.1312,1.3011,113.7,-0.4,0.0,,0.7013,,,,
2018-11-15,2.86,3.11,1.11,2.0,2.13,,1.1324,1.2749,113.46,-0.4,0.0,,0.7019,,,,
2018-11-16,2.81,3.08,1.06,2.02,2.13,,1.1402,1.2839,112.76,-0.4,0.0,,0.7007,,,,
2018-11-17,,,,,,,,,,-0.4,0.0,,,,,,
2018-11-18,,,,,,,,,,-0.4,0.0,,,,,,
2018-11-19,2.79,3.06,1.07,1.99,2.16,,1.1448,1.2842,112.54,-0.4,0.0,,0.7006,,,,
2018-11-20,2.79,3.06,1.09,1.97,2.17,,1.1391,1.2809,112.66,-0.4,0.0,,0.7013,,,,
2018-11-21,2.81,3.06,1.09,1.97,2.17,4106198.0,1.1393,1.2776,113.06,-0.4,0.0,,0.7028,,,,
2018-11-22,,,,,,,,,,-0.4,0.0,,0.7031,,,,
2018-11-23,2.81,3.05,1.09,1.96,2.18,,1.1332,1.2804,112.83,-0.4,0.0,,0.7032,,,,
2018-11-24,,,,,,,,,,-0.4,0.0,,,,,,
2018-11-25,,,,,,,,,,-0.4,0.0,,,,,,
2018-11-26,2.84,3.07,1.11,1.96,2.16,,1.1336,1.2809,113.58,-0.4,0.0,,0.701,,,,
2018-11-27,2.83,3.06,1.15,1.91,2.2,,1.1281,1.2729,113.84,-0.4,0.0,,0.7018,,,,
2018-11-28,2.81,3.06,1.12,1.94,2.22,4097170.0,1.1286,1.2766,113.96,-0.4,0.0,,0.701,,,,
2018-11-29,2.81,3.03,1.05,1.98,2.26,,1.1382,1.2789,113.42,-0.4,0.0,,0.7017,,,,
2018-11-30,2.8,3.01,1.04,1.97,2.27,,1.1323,1.2772,113.54,-0.4,0.0,,0.7002,,,,
2018-12-01,,,,,,,,,,-0.4,0.0,1.21055886842946,,1.3125,-0.068,-0.01,-0.154
2018-12-02,,,,,,,,,,-0.4,0.0,,,,,,
2018-12-03,2.83,2.98,1.02,1.96,2.26,,1.1356,1.2742,113.54,-0.4,0.0,,0.7019,,,,
2018-12-04,2.8,2.91,0.97,1.94,2.25,,1.1345,1.2719,112.93,-0.4,0.0,,0.7014,,,,
2018-12-05,,,,,,4086044.0,,,,-0.4,0.0,,0.701,,,,
2018-12-06,2.75,2.87,0.97,1.9,2.29,,1.1374,1.2777,112.46,-0.4,0.0,,0.7021,,,,
2018-12-07,2.72,2.85,0.96,1.89,2.31,,1.139,1.2749,112.6,-0.4,0.0,,0.702,,,,
2018-12-08,,,,,,,,,,-0.4,0.0,,,,,,
2018-12-09,,,,,,,,,,-0.4,0.0,,,,,,
2018-12-10,2.72,2.85,0.99,1.86,2.31,,1.1368,1.2558,112.96,-0.4,0.0,,0.7028,,,,
2018-12-11,2.78,2.89,1.06,1.83,2.26,,1.1314,1.2524,113.41,-0.4,0.0,,0.7027,,,,
2018-12-12,2.77,2.91,1.08,1.83,2.24,4088314.0,1.1362,1.2658,113.28,-0.4,0.0,,0.7017,,,,
2018-12-13,2.75,2.91,1.08,1.83,2.25,,1.1358,1.2635,113.66,-0.4,0.0,,0.701,,,,
2018-12-14,2.73,2.89,1.07,1.82,2.25,,1.13,1.257,113.35,-0.4,0.0,,0.7028,,,,
2018-12-15,,,,,,,,,,-0.4,0.0,,,,,,
2018-12-16,,,,,,,,,,-0.4,0.0,,,,,,
2018-12-17,2.7,2.86,1.05,1.81,2.25,,1.1339,1.2606,112.96,-0.4,0.0,,0.7003,,,,
2018-12-18,2.65,2.82,1.01,1.81,2.26,,1.1364,1.2644,112.54,-0.4,0.0,,0.7019,,,,
2018-12-19,2.63,2.77,0.97,1.8,2.27,4084274.0,1.1422,1.2669,112.15,-0.4,0.0,,0.7039,,,,
2018-12-20,2.67,2.79,1.03,1.76,2.28,,1.1432,1.265,111.34,-0.4,0.0,,0.7032,,,,
2018-12-21,2.63,2.79,1.02,1.77,2.31,,1.1402,1.2681,111.14,-0.4,0.0,,0.7054,,,,
2018-12-22,,,,,,,,,,-0.4,0.0,,,,,,
2018-12-23,,,,,,,,,,-0.4,0.0,,,,,,
2018-12-24,2.55,2.74,0.99,1.75,2.35,,,,,-0.4,0.0,,0.7051,,,,
2018-12-25,,,,,,,,,,-0.4,0.0,,,,,,
2018-12-26,2.61,2.81,1.04,1.77,2.33,4075636.0,1.1408,1.2676,110.45,-0.4,0.0,,,,,,
2018-12-27,2.56,2.77,1.03,1.74,2.36,,1.1412,1.2627,110.78,-0.4,0.0,,0.706,,,,
2018-12-28,2.52,2.72,0.99,1.73,2.44,,1.1445,1.2699,110.34,-0.4,0.0,,0.7047,,,,
2018-12-29,,,,,,,,,,-0.4,0.0,,,,,,
2018-12-30,,,,,,,,,,-0.4,0.0,,,,,,
2018-12-31,2.48,2.69,0.98,1.71,2.45,,1.1456,1.2763,109.7,-0.4,0.0,,0.6998,,,,
2019-01-01,,,,,,,,,,-0.4,0.0,1.20242066426418,,1.3221,-0.064,0.0,-0.21
2019-01-02,2.5,2.66,0.96,1.7,2.45,4058378.0,1.1357,1.2598,109.22,-0.4,0.0,,0.7044,,,,
2019-01-03,2.39,2.56,0.88,1.68,2.48,,1.1399,1.2633,108.07,-0.4,0.0,,0.7048,,,,
2019-01-04,2.5,2.67,0.91,1.76,2.45,,1.141,1.274,108.29,-0.4,0.0,,0.7046,,,,
2019-01-05,,,,,,,,,,-0.4,0.0,,,,,,
2019-01-06,,,,,,,,,,-0.4,0.0,,,,,,
2019-01-07,2.53,2.7,0.92,1.78,2.42,,1.1468,1.2757,108.62,-0.4,0.0,,0.7052,,,,
2019-01-08,2.58,2.73,0.91,1.82,2.39,,1.1444,1.2724,108.57,-0.4,0.0,,0.7052,,,,
2019-01-09,2.56,2.74,0.91,1.83,2.39,4056563.0,1.1524,1.2764,108.38,-0.4,0.0,,0.7063,,,,
2019-01-10,2.56,2.74,0.93,1.81,2.42,,1.1517,1.2768,108.29,-0.4,0.0,,0.7067,,,,
2019-01-11,2.55,2.71,0.88,1.83,2.42,,1.1479,1.2836,108.34,-0.4,0.0,,0.7072,,,,
2019-01-12,,,,,,,,,,-0.4,0.0,,,,,,
2019-01-13,,,,,,,,,,-0.4,0.0,,,,,,
2019-01-14,2.53,2.71,0.9,1.81,2.46,,,,,-0.4,0.0,,0.7067,,,,
2019-01-15,2.53,2.72,0.91,1.81,2.46,,1.1392,1.2761,108.72,-0.4,0.0,,0.7057,,,,
2019-01-16,2.55,2.73,0.91,1.82,2.45,4050044.0,1.1408,1.2862,108.84,-0.4,0.0,,0.7059,,,,
2019-01-17,2.56,2.75,0.96,1.79,2.43,,1.1386,1.294,109.01,-0.4,0.0,,0.7055,,,,
2019-01-18,2.62,2.79,0.96,1.83,2.38,,1.1362,1.2898,109.79,-0.4,0.0,,0.7059,,,,
2019-01-19,,,,,,,,,,-0.4,0.0,,,,,,
2019-01-20,,,,,,,,,,-0.4,0.0,,,,,,
2019-01-21,,,,,,,,,,-0.4,0.0,,0.7055,,,,
2019-01-22,2.58,2.74,0.95,1.79,2.38,,1.1359,1.2955,109.34,-0.4,0.0,,0.7047,,,,
2019-01-23,2.58,2.76,0.96,1.8,2.37,4047052.0,1.139,1.3074,109.44,-0.4,0.0,,0.7053,,,,
2019-01-24,2.56,2.72,0.95,1.77,2.37,,1.1322,1.3027,109.72,-0.4,0.0,,0.7057,,,,
2019-01-25,2.6,2.76,0.97,1.79,2.34,,1.1407,1.3176,109.6,-0.4,0.0,,0.7045,,,,
2019-01-26,,,,,,,,,,-0.4,0.0,,,,,,
2019-01-27,,,,,,,,,,-0.4,0.0,,,,,,
2019-01-28,2.6,2.75,0.97,1.78,2.36,,1.1438,1.3158,109.2,-0.4,0.0,,0.7054,,,,
2019-01-29,2.56,2.72,0.94,1.78,2.36,,1.1424,1.3146,109.36,-0.4,0.0,,0.7036,,,,
2019-01-30,2.52,2.7,0.86,1.84,2.37,4039678.0,1.1418,1.3062,109.57,-0.4,0.0,,0.7034,,,,
2019-01-31,2.45,2.63,0.78,1.85,2.38,,1.1454,1.3135,108.84,-0.4,0.0,,0.7034,,,,
2019-02-01,2.52,2.7,0.82,1.88,2.31,,1.1474,1.3094,109.55,-0.4,0.0,1.11999908018448,0.7025,1.239,-0.055,-0.015,-0.236
2019-02-02,,,,,,,,,,-0.4,0.0,,,,,,
2019-02-03,,,,,,,,,,-0.4,0.0,,,,,,
2019-02-04,2.53,2.73,0.86,1.87,2.3,,1.1438,1.3068,109.96,-0.4,0.0,,0.7051,,,,
2019-02-05,2.53,2.71,0.84,1.87,2.27,,1.1406,1.2947,109.99,-0.4,0.0,,0.7048,,,,
2019-02-06,2.52,2.7,0.84,1.86,2.28,4026350.0,1.138,1.2956,109.75,-0.4,0.0,,0.7066,,,,
2019-02-07,2.48,2.65,0.81,1.84,2.31,,1.1357,1.2966,109.7,-0.4,0.0,,0.7065,,,,
2019-02-08,2.45,2.63,0.81,1.82,2.3,,1.1326,1.2933,109.76,-0.4,0.0,,0.7056,,,,
2019-02-09,,,,,,,,,,-0.4,0.0,,,,,,
2019-02-10,,,,,,,,,,-0.4,0.0,,,,,,
2019-02-11,2.48,2.65,0.83,1.82,2.3,,1.1277,1.2862,110.4,-0.4,0.0,,0.7059,,,,
2019-02-12,2.5,2.68,0.85,1.83,2.3,,1.1316,1.2887,110.5,-0.4,0.0,,0.705,,,,
2019-02-13,2.53,2.71,0.85,1.86,2.27,4028431.0,1.1288,1.2865,110.86,-0.4,0.0,,0.7069,,,,
2019-02-14,2.5,2.66,0.81,1.85,2.3,,1.1284,1.2793,110.68,-0.4,0.0,,0.7063,,,,
2019-02-15,2.52,2.66,0.8,1.86,2.28,,1.1268,1.2857,110.54,-0.4,0.0,,0.7061,,,,
2019-02-16,,,,,,,,,,-0.4,0.0,,,,,,
2019-02-17,,,,,,,,,,-0.4,0.0,,,,,,
2019-02-18,,,,,,,,,,-0.4,0.0,,0.7055,,,,
2019-02-19,2.5,2.65,0.78,1.87,2.28,,1.1328,1.3036,110.68,-0.4,0.0,,0.706,,,,
2019-02-20,2.5,2.65,0.76,1.89,2.23,3981420.0,,,,-0.4,0.0,,0.7077,,,,
2019-02-21,2.53,2.69,0.78,1.91,2.23,,1.1338,1.306,110.72,-0.4,0.0,,0.7072,,,,
2019-02-22,2.48,2.65,0.74,1.91,2.25,,1.1342,1.3067,110.7,-0.4,0.0,,0.7083,,,,
2019-02-23,,,,,,,,,,-0.4,0.0,,,,,,
2019-02-24,,,,,,,,,,-0.4,0.0,,,,,,
2019-02-25,2.51,2.67,0.75,1.92,2.23,,1.1345,1.3059,111.07,-0.4,0.0,,0.708,,,,
2019-02-26,2.48,2.64,0.72,1.92,2.24,,1.1374,1.3252,110.76,-0.4,0.0,,0.7074,,,,
2019-02-27,2.5,2.69,0.76,1.93,2.25,3974590.0,1.137,1.3318,110.92,-0.4,0.0,,0.7065,,,,
2019-02-28,2.52,2.73,0.78,1.95,2.22,,1.1379,1.3274,111.38,-0.4,0.0,,0.705,,,,
2019-03-01,2.55,2.76,0.8,1.96,2.22,,1.1376,1.3222,111.89,-0.4,0.0,0.991972744387536,0.7057,1.19,-0.041,-0.095,-0.352
2019-03-02,,,,,,,,,,-0.4,0.0,,,,,,
2019-03-03,,,,,,,,,,-0.4,0.0,,,,,,
2019-03-04,2.55,2.72,0.78,1.94,2.22,,1.1328,1.3186,111.68,-0.4,0.0,,0.7069,,,,
2019-03-05,2.55,2.72,0.79,1.93,2.22,,1.13,1.3141,111.98,-0.4,0.0,,0.7065,,,,
2019-03-06,2.52,2.69,0.78,1.91,2.25,3969134.0,1.132,1.3148,111.66,-0.4,0.0,,0.7066,,,,
2019-03-07,2.47,2.64,0.74,1.9,2.25,,1.1214,1.3107,111.6,-0.4,0.0,,0.7055,,,,
2019-03-08,2.45,2.62,0.72,1.9,2.27,,1.1243,1.301,111.11,-0.4,0.0,,0.7049,,,,
2019-03-09,,,,,,,,,,-0.4,0.0,,,,,,
2019-03-10,,,,,,,,,,-0.4,0.0,,,,,,
2019-03-11,2.47,2.64,0.73,1.91,2.27,,1.1226,1.3095,111.21,-0.4,0.0,,0.7046,,,,
2019-03-12,2.45,2.61,0.71,1.9,2.25,,1.1276,1.3101,111.38,-0.4,0.0,,0.7061,,,,
2019-03-13,2.45,2.61,0.69,1.92,2.26,3971559.0,1.131,1.323,111.23,-0.4,0.0,,0.7055,,,,
2019-03-14,2.46,2.63,0.69,1.94,2.27,,1.1304,1.3281,111.71,-0.4,0.0,,0.7039,,,,
2019-03-15,2.43,2.59,0.65,1.94,2.28,,1.1326,1.3278,111.57,-0.4,0.0,,0.7046,,,,
2019-03-16,,,,,,,,,,-0.4,0.0,,,,,,
2019-03-17,,,,,,,,,,-0.4,0.0,,,,,,
2019-03-18,2.45,2.6,0.64,1.96,2.27,,1.1337,1.3223,111.41,-0.4,0.0,,0.7056,,,,
2019-03-19,2.46,2.61,0.66,1.95,2.27,,1.1346,1.3263,111.38,-0.4,0.0,,0.705,,,,
2019-03-20,2.4,2.54,0.58,1.96,2.29,3962748.0,1.1352,1.3191,111.41,-0.4,0.0,,0.7054,,,,
2019-03-21,2.41,2.54,0.58,1.96,2.28,,1.1361,1.3073,110.86,-0.4,0.0,,0.705,,,,
2019-03-22,2.31,2.44,0.54,1.9,2.3,,1.1282,1.3219,109.76,-0.4,0.0,,0.7053,,,,
2019-03-23,,,,,,,,,,-0.4,0.0,,,,,,
2019-03-24,,,,,,,,,,-0.4,0.0,,,,,,
2019-03-25,2.26,2.43,0.55,1.88,2.28,,1.1324,1.3203,110.09,-0.4,0.0,,0.7046,,,,
2019-03-26,2.24,2.41,0.55,1.86,2.3,,1.128,1.3215,110.5,-0.4,0.0,,0.7059,,,,
2019-03-27,2.22,2.39,0.55,1.84,2.28,3955617.0,1.125,1.3192,110.38,-0.4,0.0,,0.7047,,,,
2019-03-28,2.23,2.39,0.56,1.83,2.27,,1.1236,1.3088,110.54,-0.4,0.0,,0.7051,,,,
2019-03-29,2.27,2.41,0.53,1.88,2.26,,1.1228,1.3032,110.68,-0.4,0.0,,0.7036,,,,
2019-03-30,,,,,,,,,,-0.4,0.0,,,,,,
2019-03-31,,,,,,,,,,-0.4,0.0,,,,,,
2019-04-01,2.33,2.49,0.59,1.9,2.24,,1.121,1.3144,111.29,-0.4,0.0,0.952038365123788,0.7055,1.1906,-0.067,-0.045,-0.267
2019-04-02,2.3,2.48,0.58,1.9,2.24,,1.1186,1.3035,111.32,-0.4,0.0,,0.7055,,,,
2019-04-03,2.33,2.52,0.61,1.91,2.23,3935509.0,1.1242,1.3181,111.48,-0.4,0.0,,0.7064,,,,
2019-04-04,2.33,2.51,0.61,1.9,2.22,,1.1216,1.3072,111.55,-0.4,0.0,,0.7068,,,,
2019-04-05,2.35,2.5,0.6,1.9,2.22,,1.1217,1.301,111.71,-0.4,0.0,,0.7076,,,,
2019-04-06,,,,,,,,,,-0.4,0.0,,,,,,
2019-04-07,,,,,,,,,,-0.4,0.0,,,,,,
2019-04-08,2.36,2.52,0.61,1.91,2.21,,1.1262,1.3048,111.47,-0.4,0.0,,0.7079,,,,
2019-04-09,2.35,2.51,0.6,1.91,2.19,,1.1278,1.3048,111.08,-0.4,0.0,,0.7072,,,,
2019-04-10,2.31,2.48,0.54,1.94,2.21,3936784.0,1.1266,1.31,110.92,-0.4,0.0,,0.7081,,,,
2019-04-11,2.35,2.51,0.57,1.94,2.2,,1.1262,1.3068,111.48,-0.4,0.0,,0.7075,,,,
2019-04-12,2.4,2.56,0.61,1.95,2.15,,1.1304,1.3086,112.0,-0.4,0.0,,0.7074,,,,
2019-04-13,,,,,,,,,,-0.4,0.0,,,,,,
2019-04-14,,,,,,,,,,-0.4,0.0,,,,,,
2019-04-15,2.4,2.55,0.61,1.94,2.15,,1.1304,1.3105,112.0,-0.4,0.0,,0.7082,,,,
2019-04-16,2.41,2.6,0.64,1.96,2.12,,1.1293,1.3049,111.95,-0.4,0.0,,0.7081,,,,
2019-04-17,2.4,2.59,0.65,1.94,2.13,3931827.0,1.1297,1.3036,112.0,-0.4,0.0,,0.7084,,,,
2019-04-18,2.38,2.57,0.62,1.95,2.12,,1.1241,1.3003,111.94,-0.4,0.0,,0.7087,,,,
2019-04-19,,,,,,,1.1246,1.3003,111.92,-0.4,0.0,,,,,,
2019-04-20,,,,,,,,,,-0.4,0.0,,,,,,
2019-04-21,,,,,,,,,,-0.4,0.0,,,,,,
2019-04-22,2.38,2.59,0.64,1.95,2.14,,1.1258,1.2983,111.94,-0.4,0.0,,,,,,
2019-04-23,2.36,2.57,0.62,1.95,2.14,,1.1213,1.2943,111.86,-0.4,0.0,,0.7092,,,,
2019-04-24,2.32,2.53,0.57,1.96,2.14,3928273.0,1.1192,1.2947,111.81,-0.4,0.0,,0.7087,,,,
2019-04-25,2.33,2.54,0.56,1.98,2.14,,1.114,1.2901,111.59,-0.4,0.0,,0.7096,,,,
2019-04-26,2.28,2.51,0.54,1.97,2.13,,1.1154,1.293,111.6,-0.4,0.0,,0.7107,,,,
2019-04-27,,,,,,,,,,-0.4,0.0,,,,,,
2019-04-28,,,,,,,,,,-0.4,0.0,,,,,,
2019-04-29,2.3,2.54,0.58,1.96,2.13,,1.1166,1.2924,111.8,-0.4,0.0,,0.7097,,,,
2019-04-30,2.27,2.51,0.56,1.95,2.14,,1.1201,1.303,111.4,-0.4,0.0,,0.7109,,,,
2019-05-01,2.31,2.52,0.59,1.93,2.11,3889691.0,1.1246,1.3091,111.18,-0.4,0.0,0.871484192056088,0.7103,1.13,-0.049,-0.095,-0.445
2019-05-02,2.35,2.55,0.66,1.89,2.12,,1.1184,1.3032,111.39,-0.4,0.0,,0.7107,,,,
2019-05-03,2.33,2.54,0.63,1.91,2.11,,1.1186,1.3139,111.28,-0.4,0.0,,0.7098,,,,
2019-05-04,,,,,,,,,,-0.4,0.0,,,,,,
2019-05-05,,,,,,,,,,-0.4,0.0,,,,,,
2019-05-06,2.31,2.51,0.6,1.91,2.14,,1.1197,1.3093,110.86,-0.4,0.0,,,,,,
2019-05-07,2.28,2.45,0.58,1.87,2.17,,1.1178,1.3052,110.34,-0.4,0.0,,0.7094,,,,
2019-05-08,2.3,2.49,0.62,1.87,2.17,3892216.0,1.1206,1.3014,110.12,-0.4,0.0,,0.7092,,,,
2019-05-09,2.26,2.45,0.6,1.85,2.21,,1.1228,1.3013,109.55,-0.4,0.0,,0.7103,,,,
2019-05-10,2.26,2.47,0.59,1.88,2.2,,1.1241,1.3036,109.56,-0.4,0.0,,0.7098,,,,
2019-05-11,,,,,,,,,,-0.4,0.0,,,,,,
2019-05-12,,,,,,,,,,-0.4,0.0,,,,,,
2019-05-13,2.18,2.4,0.55,1.85,2.25,,1.1232,1.2961,109.18,-0.4,0.0,,0.7096,,,,
2019-05-14,2.2,2.42,0.56,1.86,2.24,,1.1207,1.2921,109.68,-0.4,0.0,,0.7095,,,,
2019-05-15,2.16,2.37,0.54,1.83,2.26,3864749.0,1.1208,1.2878,109.58,-0.4,0.0,,0.7096,,,,
2019-05-16,2.2,2.4,0.56,1.84,2.24,,1.1178,1.2803,109.89,-0.4,0.0,,0.71,,,,
2019-05-17,2.2,2.39,0.58,1.81,2.24,,1.1166,1.2723,109.9,-0.4,0.0,,0.7094,,,,
2019-05-18,,,,,,,,,,-0.4,0.0,,,,,,
2019-05-19,,,,,,,,,,-0.4,0.0,,,,,,
2019-05-20,2.21,2.41,0.6,1.81,2.24,,1.117,1.2718,109.96,-0.4,0.0,,0.7096,,,,
2019-05-21,2.26,2.43,0.6,1.83,2.23,,1.1158,1.2747,110.6,-0.4,0.0,,0.7093,,,,
2019-05-22,2.23,2.39,0.6,1.79,2.26,3860435.0,1.1156,1.2674,110.28,-0.4,0.0,,0.7106,,,,
2019-05-23,2.12,2.31,0.58,1.73,2.28,,1.1172,1.2666,109.58,-0.4,0.0,,0.71,,,,
2019-05-24,2.16,2.32,0.56,1.76,2.31,,1.1197,1.27,109.38,-0.4,0.0,,0.7086,,,,
2019-05-25,,,,,,,,,,-0.4,0.0,,,,,,
2019-05-26,,,,,,,,,,-0.4,0.0,,,,,,
2019-05-27,,,,,,,,,,-0.4,0.0,,,,,,
2019-05-28,2.12,2.26,0.53,1.73,2.32,,1.1177,1.2668,109.49,-0.4,0.0,,0.7082,,,,
2019-05-29,2.09,2.25,0.5,1.75,2.33,3851444.0,1.1136,1.2631,109.24,-0.4,0.0,,0.7073,,,,
2019-05-30,2.06,2.22,0.48,1.74,2.33,,1.114,1.2619,109.67,-0.4,0.0,,0.7085,,,,
2019-05-31,1.95,2.14,0.4,1.74,2.37,,1.1149,1.262,108.66,-0.4,0.0,,0.7078,,,,
2019-06-01,,,,,,,,,,-0.4,0.0,0.573975698638794,,0.919,-0.062,-0.165,-0.482
2019-06-02,,,,,,,,,,-0.4,0.0,,,,,,
2019-06-03,1.82,2.07,0.34,1.73,2.42,,1.1206,1.2621,108.39,-0.4,0.0,,0.7084,,,,
2019-06-04,1.88,2.12,0.38,1.74,2.42,,1.1236,1.2675,108.3,-0.4,0.0,,0.7084,,,,
2019-06-05,1.83,2.12,0.37,1.75,2.45,3847645.0,1.1242,1.2706,108.2,-0.4,0.0,,0.7094,,,,
2019-06-06,1.88,2.12,0.39,1.73,2.44,,1.1294,1.2713,108.08,-0.4,0.0,,0.7092,,,,
2019-06-07,1.85,2.09,0.35,1.74,2.42,,1.1324,1.274,108.15,-0.4,0.0,,0.709,,,,
2019-06-08,,,,,,,,,,-0.4,0.0,,,,,,
2019-06-09,,,,,,,,,,-0.4,0.0,,,,,,
2019-06-10,1.9,2.15,0.42,1.73,2.39,,1.1311,1.2684,108.56,-0.4,0.0,,0.7082,,,,
2019-06-11,1.93,2.15,0.43,1.72,2.38,,1.1316,1.2724,108.52,-0.4,0.0,,0.7082,,,,
2019-06-12,1.88,2.13,0.42,1.71,2.41,3849955.0,1.131,1.2693,108.42,-0.4,0.0,,0.7086,,,,
2019-06-13,1.83,2.1,0.42,1.68,2.42,,1.1275,1.2678,108.44,-0.4,0.0,,0.7083,,,,
2019-06-14,1.84,2.09,0.46,1.63,2.42,,1.1217,1.2601,108.44,-0.4,0.0,,0.7078,,,,
2019-06-15,,,,,,,,,,-0.4,0.0,,,,,,
2019-06-16,,,,,,,,,,-0.4,0.0,,,,,,
2019-06-17,1.86,2.09,0.48,1.61,2.41,,1.1235,1.2568,108.56,-0.4,0.0,,0.708,,,,
2019-06-18,1.86,2.06,0.42,1.64,2.4,,1.1196,1.2547,108.39,-0.4,0.0,,0.7082,,,,
2019-06-19,1.74,2.03,0.36,1.67,2.41,3844016.0,1.1214,1.2625,108.36,-0.4,0.0,,0.7089,,,,
2019-06-20,1.72,2.01,0.27,1.74,2.38,,1.1284,1.27,107.52,-0.4,0.0,,0.7092,,,,
2019-06-21,1.77,2.07,0.34,1.73,2.35,,1.1328,1.2703,107.55,-0.4,0.0,,0.7094,,,,
2019-06-22,,,,,,,,,,-0.4,0.0,,,,,,
2019-06-23,,,,,,,,,,-0.4,0.0,,,,,,
2019-06-24,1.72,2.02,0.31,1.71,2.33,,1.1393,1.2728,107.36,-0.4,0.0,,0.7085,,,,
2019-06-25,1.71,2.0,0.33,1.67,2.34,,1.1386,1.2721,106.92,-0.4,0.0,,0.71,,,,
2019-06-26,1.77,2.05,0.35,1.7,2.32,3826817.0,1.139,1.2697,107.64,-0.4,0.0,,0.7084,,,,
2019-06-27,1.74,2.01,0.33,1.68,2.31,,1.1372,1.2674,107.73,-0.4,0.0,,0.7086,,,,
2019-06-28,1.75,2.0,0.31,1.69,2.31,,1.1374,1.2704,107.84,-0.4,0.0,,0.706,,,,
2019-06-29,,,,,,,,,,-0.4,0.0,,,,,,
2019-06-30,,,,,,,,,,-0.4,0.0,,,,,,
2019-07-01,1.78,2.03,0.34,1.69,2.29,,1.1307,1.2644,108.42,-0.4,0.0,0.357586837911898,0.7093,0.8304,-0.071,-0.16,-0.654
2019-07-02,1.77,1.98,0.33,1.65,2.29,,1.1301,1.2599,107.98,-0.4,0.0,,0.7082,,,,
2019-07-03,1.77,1.96,0.31,1.65,2.26,3813198.0,1.1275,1.2568,107.84,-0.4,0.0,,0.7089,,,,
2019-07-04,,,,,,,,,,-0.4,0.0,,0.7093,,,,
2019-07-05,1.87,2.04,0.35,1.69,2.26,,1.1216,1.2506,108.55,-0.4,0.0,,0.7077,,,,
2019-07-06,,,,,,,,,,-0.4,0.0,,,,,,
2019-07-07,,,,,,,,,,-0.4,0.0,,,,,,
2019-07-08,1.88,2.05,0.35,1.7,2.23,,1.1208,1.2503,108.72,-0.4,0.0,,0.7088,,,,
2019-07-09,1.92,2.07,0.36,1.71,2.22,,1.121,1.2463,108.78,-0.4,0.0,,0.7089,,,,
2019-07-10,1.82,2.07,0.33,1.74,2.25,3815038.0,1.126,1.2507,108.44,-0.4,0.0,,0.709,,,,
2019-07-11,1.85,2.13,0.36,1.77,2.25,,1.1261,1.2549,108.29,-0.4,0.0,,0.709,,,,
2019-07-12,1.84,2.12,0.35,1.77,2.25,,1.1254,1.2553,108.0,-0.4,0.0,,0.71,,,,
2019-07-13,,,,,,,,,,-0.4,0.0,,,,,,
2019-07-14,,,,,,,,,,-0.4,0.0,,,,,,
2019-07-15,1.83,2.09,0.32,1.77,2.25,,1.126,1.2523,107.89,-0.4,0.0,,0.7095,,,,
2019-07-16,1.87,2.13,0.33,1.8,2.23,,1.1212,1.2408,108.35,-0.4,0.0,,0.7087,,,,
2019-07-17,1.83,2.06,0.31,1.75,2.24,3808110.0,1.1232,1.2438,108.1,-0.4,0.0,,0.7093,,,,
2019-07-18,1.77,2.04,0.25,1.79,2.27,,1.1228,1.2494,107.74,-0.4,0.0,,0.7096,,,,
2019-07-19,1.8,2.05,0.25,1.8,2.26,,1.122,1.25,107.78,-0.4,0.0,,0.7094,,,,
2019-07-20,,,,,,,,,,-0.4,0.0,,,,,,
2019-07-21,,,,,,,,,,-0.4,0.0,,,,,,
2019-07-22,1.8,2.05,0.26,1.79,2.24,,1.1214,1.2475,107.91,-0.4,0.0,,0.7076,,,,
2019-07-23,1.83,2.08,0.27,1.81,2.23,,1.1156,1.2449,108.06,-0.4,0.0,,0.7095,,,,
2019-07-24,1.83,2.05,0.26,1.79,2.15,3803436.0,1.1141,1.2498,108.08,-0.4,0.0,,0.7095,,,,
2019-07-25,1.86,2.08,0.28,1.8,2.14,,1.1156,1.2471,108.58,-0.4,0.0,,0.7091,,,,
2019-07-26,1.86,2.08,0.3,1.78,2.13,,1.1121,1.2387,108.69,-0.4,0.0,,0.7097,,,,
2019-07-27,,,,,,,,,,-0.4,0.0,,,,,,
2019-07-28,,,,,,,,,,-0.4,0.0,,,,,,
2019-07-29,1.85,2.06,0.29,1.77,2.13,,1.1142,1.2236,108.86,-0.4,0.0,,0.7087,,,,
2019-07-30,1.85,2.06,0.28,1.78,2.14,,1.1148,1.2148,108.66,-0.4,0.0,,0.7092,,,,
2019-07-31,1.89,2.02,0.26,1.76,2.13,3779102.0,1.113,1.222,108.58,-0.4,0.0,,0.7081,,,,
2019-08-01,1.73,1.9,0.2,1.7,2.17,,1.1062,1.2145,108.28,-0.4,0.0,0.0995032681576103,0.7087,0.5776,-0.045,-0.28,-0.975
2019-08-02,1.72,1.86,0.2,1.66,2.18,,1.1112,1.2132,106.64,-0.4,0.0,,0.7083,,,,
2019-08-03,,,,,,,,,,-0.4,0.0,,,,,,
2019-08-04,,,,,,,,,,-0.4,0.0,,,,,,
2019-08-05,1.59,1.75,0.15,1.6,2.24,,1.1197,1.2165,106.02,-0.4,0.0,,0.7092,,,,
2019-08-06,1.6,1.73,0.11,1.62,2.25,,1.1196,1.2149,106.45,-0.4,0.0,,0.7096,,,,
2019-08-07,1.59,1.71,0.09,1.62,2.23,3781543.0,1.1236,1.2158,105.62,-0.4,0.0,,0.7098,,,,
2019-08-08,1.62,1.72,0.07,1.65,2.25,,1.121,1.2138,106.04,-0.4,0.0,,0.7092,,,,
2019-08-09,1.63,1.74,0.08,1.66,2.23,,1.1222,1.2085,105.3,-0.4,0.0,,0.7099,,,,
2019-08-10,,,,,,,,,,-0.4,0.0,,,,,,
2019-08-11,,,,,,,,,,-0.4,0.0,,,,,,
2019-08-12,1.58,1.65,0.04,1.61,2.23,,1.1212,1.207,105.38,-0.4,0.0,,0.709,,,,
2019-08-13,1.66,1.68,0.05,1.63,2.22,,1.1182,1.2067,106.6,-0.4,0.0,,0.7094,,,,
2019-08-14,1.58,1.59,0.02,1.57,2.23,3786018.0,1.1144,1.2068,105.79,-0.4,0.0,,0.71,,,,
2019-08-15,1.48,1.52,-0.02,1.54,2.27,,1.1106,1.2112,106.12,-0.4,0.0,,0.7098,,,,
2019-08-16,1.48,1.55,0.01,1.54,2.26,,1.1091,1.2152,106.34,-0.4,0.0,,0.7112,,,,
2019-08-17,,,,,,,,,,-0.4,0.0,,,,,,
2019-08-18,,,,,,,,,,-0.4,0.0,,,,,,
2019-08-19,1.53,1.6,0.04,1.56,2.29,,1.1096,1.2138,106.5,-0.4,0.0,,0.71,,,,
2019-08-20,1.5,1.55,0.02,1.53,2.3,,1.1092,1.2153,106.35,-0.4,0.0,,0.7102,,,,
2019-08-21,1.56,1.59,0.05,1.54,2.25,3764866.0,1.1098,1.2142,106.52,-0.4,0.0,,0.7127,,,,
2019-08-22,1.61,1.62,0.07,1.55,2.25,,1.1089,1.225,106.44,-0.4,0.0,,0.711,,,,
2019-08-23,1.51,1.52,-0.02,1.54,2.27,,1.1148,1.2261,105.3,-0.4,0.0,,0.7116,,,,
2019-08-24,,,,,,,,,,-0.4,0.0,,,,,,
2019-08-25,,,,,,,,,,-0.4,0.0,,,,,,
2019-08-26,1.54,1.54,0.0,1.54,2.27,,1.1112,1.2232,106.0,-0.4,0.0,,,,,,
2019-08-27,1.53,1.49,-0.06,1.55,2.26,,1.1094,1.2288,105.8,-0.4,0.0,,0.7107,,,,
2019-08-28,1.5,1.47,-0.08,1.55,2.26,3759946.0,1.1084,1.2248,105.86,-0.4,0.0,,0.7113,,,,
2019-08-29,1.53,1.5,-0.09,1.59,2.27,,1.1059,1.2197,106.5,-0.4,0.0,,0.7101,,,,
2019-08-30,1.5,1.5,-0.05,1.55,2.26,,1.0989,1.2166,106.3,-0.4,0.0,,0.7103,,,,
2019-08-31,,,,,,,,,,-0.4,0.0,,,,,,
2019-09-01,,,,,,,,,,-0.4,0.0,0.04752293261004,,0.5981,-0.059,-0.215,-0.7
2019-09-02,,,,,,,,,,-0.4,0.0,,0.7091,,,,
2019-09-03,1.47,1.47,-0.03,1.5,2.28,,1.0968,1.2086,105.88,-0.4,0.0,,0.7099,,,,
2019-09-04,1.43,1.47,-0.04,1.51,2.29,3761508.0,1.1025,1.219,106.28,-0.4,0.0,,0.7095,,,,
2019-09-05,1.55,1.57,0.01,1.56,2.28,,1.1038,1.2337,106.96,-0.4,0.0,,0.7099,,,,
2019-09-06,1.53,1.55,0.01,1.54,2.26,,1.1042,1.2299,106.8,-0.4,0.0,,0.7098,,,,
2019-09-07,,,,,,,,,,-0.4,0.0,,,,,,
2019-09-08,,,,,,,,,,-0.4,0.0,,,,,,
2019-09-09,1.58,1.63,0.06,1.57,2.23,,1.1056,1.2368,107.14,-0.4,0.0,,0.7096,,,,
2019-09-10,1.67,1.72,0.12,1.6,2.22,,1.1042,1.2355,107.34,-0.4,0.0,,0.7087,,,,
2019-09-11,1.68,1.75,0.15,1.6,2.22,3769673.0,1.1001,1.2329,107.73,-0.4,0.0,,0.7091,,,,
2019-09-12,1.72,1.79,0.16,1.63,2.22,,1.1074,1.2357,107.97,-0.4,0.0,,0.7096,,,,
2019-09-13,1.79,1.9,0.23,1.67,2.21,,1.1074,1.2462,108.12,-0.4,0.0,,0.708,,,,
2019-09-14,,,,,,,,,,-0.4,0.0,,,,,,
2019-09-15,,,,,,,,,,-0.4,0.0,,,,,,
2019-09-16,1.74,1.84,0.17,1.67,2.2,,1.1006,1.2423,107.94,-0.4,0.0,,0.7099,,,,
2019-09-17,1.72,1.81,0.15,1.66,2.21,,1.1063,1.2493,108.12,-0.4,0.0,,0.711,,,,
2019-09-18,1.77,1.8,0.21,1.59,2.18,3844695.0,1.1061,1.2478,108.17,-0.5,0.0,,0.7104,,,,
2019-09-19,1.74,1.79,0.18,1.61,2.17,,1.1046,1.2481,108.0,-0.5,0.0,,0.7104,,,,
2019-09-20,1.69,1.74,0.13,1.61,2.19,,1.1004,1.2489,107.95,-0.5,0.0,,0.7093,,,,
2019-09-21,,,,,,,,,,-0.5,0.0,,,,,,
2019-09-22,,,,,,,,,,-0.5,0.0,,,,,,
2019-09-23,1.68,1.72,0.11,1.61,2.17,,1.0991,1.2428,107.47,-0.5,0.0,,0.7099,,,,
2019-09-24,1.6,1.64,0.06,1.58,2.2,,1.0999,1.2475,107.32,-0.5,0.0,,0.7105,,,,
2019-09-25,1.68,1.73,0.13,1.6,2.2,3857715.0,1.0949,1.2363,107.78,-0.5,0.0,,0.7099,,,,
2019-09-26,1.66,1.7,0.13,1.57,2.18,,1.0938,1.2343,107.67,-0.5,0.0,,0.7109,,,,
2019-09-27,1.63,1.69,0.16,1.53,2.19,,1.0942,1.2312,108.05,-0.5,0.0,,0.7109,,,,
2019-09-28,,,,,,,,,,-0.5,0.0,,,,,,
2019-09-29,,,,,,,,,,-0.5,0.0,,,,,,
2019-09-30,1.63,1.68,0.15,1.53,2.2,,1.0905,1.2305,108.11,-0.5,0.0,,0.7101,,,,
2019-10-01,1.56,1.65,0.13,1.52,2.22,,1.0932,1.2242,107.7,-0.5,0.0,0.131567819751726,0.7108,0.6373,-0.021,-0.15,-0.511
2019-10-02,1.48,1.6,0.1,1.5,2.26,3945831.0,1.0951,1.2313,107.21,-0.5,0.0,,0.7098,,,,
2019-10-03,1.39,1.54,0.06,1.48,2.29,,1.0991,1.239,106.76,-0.5,0.0,,0.7098,,,,
2019-10-04,1.4,1.52,0.02,1.5,2.29,,1.0974,1.2309,106.91,-0.5,0.0,,0.7118,,,,
2019-10-05,,,,,,,,,,-0.5,0.0,,,,,,
2019-10-06,,,,,,,,,,-0.5,0.0,,,,,,
2019-10-07,1.46,1.56,0.05,1.51,2.28,,1.0984,1.2322,107.06,-0.5,0.0,,0.7111,,,,
2019-10-08,1.42,1.54,0.06,1.48,2.3,,1.0949,1.2206,107.06,-0.5,0.0,,0.7107,,,,
2019-10-09,1.47,1.59,0.1,1.49,2.29,3949955.0,1.0978,1.2215,107.43,-0.5,0.0,,0.7112,,,,
2019-10-10,1.53,1.67,0.15,1.52,2.27,,1.1018,1.2382,107.91,-0.5,0.0,,0.7115,,,,
2019-10-11,1.63,1.76,0.2,1.56,2.22,,1.1039,1.2683,108.52,-0.5,0.0,,0.7108,,,,
2019-10-12,,,,,,,,,,-0.5,0.0,,,,,,
2019-10-13,,,,,,,,,,-0.5,0.0,,,,,,
2019-10-14,,,,,,,,,,-0.5,0.0,,0.7106,,,,
2019-10-15,1.61,1.77,0.21,1.56,2.21,,1.1036,1.2737,108.83,-0.5,0.0,,0.7111,,,,
2019-10-16,1.58,1.75,0.18,1.57,2.22,3966471.0,1.1075,1.2854,108.71,-0.5,0.0,,0.7109,,,,
2019-10-17,1.6,1.76,0.17,1.59,2.21,,1.1129,1.2853,108.51,-0.5,0.0,,0.7107,,,,
2019-10-18,1.58,1.76,0.16,1.6,2.21,,1.1155,1.2904,108.44,-0.5,0.0,,0.7101,,,,
2019-10-19,,,,,,,,,,-0.5,0.0,,,,,,
2019-10-20,,,,,,,,,,-0.5,0.0,,,,,,
2019-10-21,1.62,1.8,0.19,1.61,2.19,,1.1145,1.2983,108.57,-0.5,0.0,,0.7111,,,,
2019-10-22,1.6,1.78,0.17,1.61,2.17,,1.1138,1.2948,108.56,-0.5,0.0,,0.7116,,,,
2019-10-23,1.58,1.77,0.16,1.61,2.18,3968700.0,1.1118,1.2886,108.64,-0.5,0.0,,0.7124,,,,
2019-10-24,1.58,1.77,0.15,1.62,2.17,,1.1098,1.281,108.62,-0.5,0.0,,0.7108,,,,
2019-10-25,1.63,1.8,0.15,1.65,2.16,,1.1081,1.2833,108.75,-0.5,0.0,,0.7097,,,,
2019-10-26,,,,,,,,,,-0.5,0.0,,,,,,
2019-10-27,,,,,,,,,,-0.5,0.0,,,,,,
2019-10-28,1.64,1.85,0.21,1.64,2.16,,1.1094,1.286,109.02,-0.5,0.0,,0.7106,,,,
2019-10-29,1.64,1.84,0.23,1.61,2.15,,1.1117,1.2905,108.83,-0.5,0.0,,0.7107,,,,
2019-10-30,1.61,1.78,0.21,1.57,2.17,4019823.0,1.1123,1.2872,108.88,-0.5,0.0,,0.7107,,,,
2019-10-31,1.52,1.69,0.15,1.54,2.18,,1.1155,1.2939,108.09,-0.5,0.0,,0.7106,,,,
2019-11-01,1.56,1.73,0.14,1.59,2.16,,1.1169,1.295,108.16,-0.5,0.0,0.301267643553345,0.7119,0.765,-0.043,-0.08,-0.58
2019-11-02,,,,,,,,,,-0.5,0.0,,,,,,
2019-11-03,,,,,,,,,,-0.5,0.0,,,,,,
2019-11-04,1.6,1.79,0.15,1.64,2.16,,1.1144,1.2906,108.56,-0.5,0.0,,0.7117,,,,
2019-11-05,1.63,1.86,0.18,1.68,2.15,,1.107,1.287,109.13,-0.5,0.0,,0.7105,,,,
2019-11-06,1.61,1.81,0.15,1.66,2.14,4039443.0,1.1076,1.2872,108.86,-0.5,0.0,,0.7115,,,,
2019-11-07,1.68,1.92,0.23,1.69,2.13,,1.1045,1.2829,109.42,-0.5,0.0,,0.7108,,,,
2019-11-08,1.68,1.94,0.23,1.71,2.11,,1.1019,1.279,109.14,-0.5,0.0,,0.71,,,,
2019-11-09,,,,,,,,,,-0.5,0.0,,,,,,
2019-11-10,,,,,,,,,,-0.5,0.0,,,,,,
2019-11-11,,,,,,,,,,-0.5,0.0,,0.7112,,,,
2019-11-12,1.66,1.92,0.22,1.7,2.1,,1.1017,1.2855,109.09,-0.5,0.0,,0.7103,,,,
2019-11-13,1.63,1.88,0.22,1.66,2.11,4047882.0,1.1004,1.284,108.83,-0.5,0.0,,0.7109,,,,
2019-11-14,1.58,1.82,0.2,1.62,2.13,,1.1016,1.2879,108.33,-0.5,0.0,,0.7091,,,,
2019-11-15,1.61,1.84,0.21,1.63,2.13,,1.1046,1.2901,108.8,-0.5,0.0,,0.7085,,,,
2019-11-16,,,,,,,,,,-0.5,0.0,,,,,,
2019-11-17,,,,,,,,,,-0.5,0.0,,,,,,
2019-11-18,1.6,1.81,0.18,1.63,2.14,,1.1079,1.2965,108.61,-0.5,0.0,,0.7099,,,,
2019-11-19,1.6,1.79,0.16,1.63,2.13,,1.1075,1.2926,108.59,-0.5,0.0,,0.7106,,,,
2019-11-20,1.56,1.73,0.13,1.6,2.16,4030249.0,1.1063,1.2918,108.67,-0.5,0.0,,0.7108,,,,
2019-11-21,1.6,1.77,0.14,1.63,2.15,,1.1067,1.2915,108.53,-0.5,0.0,,0.7107,,,,
2019-11-22,1.61,1.77,0.15,1.62,2.14,,1.1029,1.2829,108.67,-0.5,0.0,,0.7104,,,,
2019-11-23,,,,,,,,,,-0.5,0.0,,,,,,
2019-11-24,,,,,,,,,,-0.5,0.0,,,,,,
2019-11-25,1.61,1.76,0.14,1.62,2.13,,1.1009,1.2885,108.95,-0.5,0.0,,0.7097,,,,
2019-11-26,1.58,1.74,0.12,1.62,2.11,,1.1012,1.285,109.11,-0.5,0.0,,0.7097,,,,
2019-11-27,1.63,1.77,0.14,1.63,2.09,4052875.0,1.1002,1.2881,109.38,-0.5,0.0,,0.7105,,,,
2019-11-28,,,,,,,,,,-0.5,0.0,,0.71,,,,
2019-11-29,1.61,1.78,0.17,1.61,2.08,,1.1019,1.2939,109.47,-0.5,0.0,,0.7123,,,,
2019-11-30,,,,,,,,,,-0.5,0.0,,,,,,
2019-12-01,,,,,,,,,,-0.5,0.0,0.366036461077784,,0.8308,-0.038,-0.025,-0.456
2019-12-02,1.61,1.83,0.18,1.65,2.11,,1.1075,1.2936,109.09,-0.5,0.0,,0.7091,,,,
2019-12-03,1.53,1.72,0.09,1.63,2.11,,1.1089,1.3002,108.53,-0.5,0.0,,0.7092,,,,
2019-12-04,1.58,1.77,0.11,1.66,2.11,4065696.0,1.1076,1.3095,108.87,-0.5,0.0,,0.7091,,,,
2019-12-05,1.58,1.8,0.13,1.67,2.09,,1.1104,1.3165,108.69,-0.5,0.0,,0.7097,,,,
2019-12-06,1.61,1.84,0.15,1.69,2.07,,1.1052,1.3127,108.66,-0.5,0.0,,0.7086,,,,
2019-12-07,,,,,,,,,,-0.5,0.0,,,,,,
2019-12-08,,,,,,,,,,-0.5,0.0,,,,,,
2019-12-09,1.63,1.83,0.14,1.69,2.05,,1.1067,1.3157,108.59,-0.5,0.0,,0.7095,,,,
2019-12-10,1.65,1.85,0.14,1.71,2.01,,1.109,1.3178,108.73,-0.5,0.0,,0.7103,,,,
2019-12-11,1.61,1.79,0.1,1.69,2.04,4095491.0,1.1092,1.3176,108.67,-0.5,0.0,,0.7098,,,,
2019-12-12,1.66,1.9,0.18,1.72,2.02,,1.1115,1.3133,109.16,-0.5,0.0,,0.7104,,,,
2019-12-13,1.61,1.82,0.12,1.7,2.02,,1.1128,1.3349,109.28,-0.5,0.0,,0.7113,,,,
2019-12-14,,,,,,,,,,-0.5,0.0,,,,,,
2019-12-15,,,,,,,,,,-0.5,0.0,,,,,,
2019-12-16,1.65,1.89,0.16,1.73,2.0,,1.1139,1.333,109.64,-0.5,0.0,,0.7111,,,,
2019-12-17,1.63,1.89,0.14,1.75,1.99,,1.1148,1.3116,109.52,-0.5,0.0,,0.7104,,,,
2019-12-18,1.63,1.92,0.16,1.76,1.98,4137052.0,1.1113,1.3078,109.58,-0.5,0.0,,0.7106,,,,
2019-12-19,1.62,1.92,0.15,1.77,1.96,,1.1128,1.3034,109.23,-0.5,0.0,,0.7113,,,,
2019-12-20,1.63,1.92,0.15,1.77,1.96,,1.1076,1.3036,109.45,-0.5,0.0,,0.7108,,,,
2019-12-21,,,,,,,,,,-0.5,0.0,,,,,,
2019-12-22,,,,,,,,,,-0.5,0.0,,,,,,
2019-12-23,1.64,1.93,0.18,1.75,1.96,,1.1091,1.2917,109.39,-0.5,0.0,,0.7102,,,,
2019-12-24,1.62,1.9,0.15,1.75,1.97,,1.1084,1.2955,109.38,-0.5,0.0,,0.7094,,,,
2019-12-25,,,,,,4165591.0,,,,-0.5,0.0,,,,,,
2019-12-26,1.64,1.9,0.16,1.74,1.97,,1.1102,1.3007,109.67,-0.5,0.0,,,,,,
2019-12-27,1.59,1.88,0.15,1.73,1.96,,1.1174,1.309,109.47,-0.5,0.0,,0.71,,,,
2019-12-28,,,,,,,,,,-0.5,0.0,,,,,,
2019-12-29,,,,,,,,,,-0.5,0.0,,,,,,
2019-12-30,1.58,1.9,0.15,1.75,1.97,,1.1217,1.314,108.85,-0.5,0.0,,0.7107,,,,
2019-12-31,1.58,1.92,0.15,1.77,1.98,,1.1227,1.3269,108.67,-0.5,0.0,,0.7098,,,,
2020-01-01,,,,,,4173626.0,,,,-0.5,0.0,0.315867468685361,,0.7235,-0.032,-0.065,-0.698
2020-01-02,1.58,1.88,0.08,1.8,1.98,,1.1166,1.3128,108.43,-0.5,0.0,,0.7125,,,,
2020-01-03,1.53,1.8,0.03,1.77,1.99,,1.1173,1.3091,107.94,-0.5,0.0,,0.711,,,,
2020-01-04,,,,,,,,,,-0.5,0.0,,,,,,
2020-01-05,,,,,,,,,,-0.5,0.0,,,,,,
2020-01-06,1.54,1.81,0.06,1.75,2.02,,1.1187,1.3163,108.36,-0.5,0.0,,0.7124,,,,
2020-01-07,1.54,1.83,0.09,1.74,2.03,,1.1138,1.3127,108.53,-0.5,0.0,,0.712,,,,
2020-01-08,1.58,1.87,0.12,1.75,2.05,4149544.0,1.1117,1.311,109.03,-0.5,0.0,,0.7124,,,,
2020-01-09,1.58,1.85,0.11,1.74,2.03,,1.1106,1.3069,109.47,-0.5,0.0,,0.7123,,,,
2020-01-10,1.56,1.83,0.07,1.76,1.99,,1.1119,1.306,109.5,-0.5,0.0,,0.7117,,,,
2020-01-11,,,,,,,,,,-0.5,0.0,,,,,,
2020-01-12,,,,,,,,,,-0.5,0.0,,,,,,
2020-01-13,1.58,1.85,0.08,1.77,1.99,,1.1138,1.2983,109.93,-0.5,0.0,,0.7107,,,,
2020-01-14,1.58,1.82,0.05,1.77,1.99,,1.113,1.3018,110.05,-0.5,0.0,,0.7111,,,,
2020-01-15,1.56,1.79,0.04,1.75,2.01,4175850.0,1.116,1.303,109.94,-0.5,0.0,,0.7125,,,,
2020-01-16,1.58,1.81,0.07,1.74,2.0,,1.1131,1.3076,110.16,-0.5,0.0,,0.7117,,,,
2020-01-17,1.58,1.84,0.09,1.75,1.98,,1.1093,1.3029,110.16,-0.5,0.0,,0.712,,,,
2020-01-18,,,,,,,,,,-0.5,0.0,,,,,,
2020-01-19,,,,,,,,,,-0.5,0.0,,,,,,
2020-01-20,,,,,,,,,,-0.5,0.0,,0.7117,,,,
2020-01-21,1.53,1.78,0.04,1.74,1.97,,1.1096,1.3047,109.95,-0.5,0.0,,0.7117,,,,
2020-01-22,1.53,1.77,0.05,1.72,1.97,4145912.0,1.1085,1.3136,109.93,-0.5,0.0,,0.7117,,,,
2020-01-23,1.51,1.74,0.04,1.7,1.98,,1.1041,1.3104,109.39,-0.5,0.0,,0.7104,,,,
2020-01-24,1.49,1.7,0.02,1.68,1.98,,1.1026,1.3071,109.31,-0.5,0.0,,0.7106,,,,
2020-01-25,,,,,,,,,,-0.5,0.0,,,,,,
2020-01-26,,,,,,,,,,-0.5,0.0,,,,,,
2020-01-27,1.44,1.61,-0.02,1.63,2.04,,1.1019,1.3054,108.95,-0.5,0.0,,0.7089,,,,
2020-01-28,1.45,1.65,0.0,1.65,2.04,,1.1008,1.2996,109.17,-0.5,0.0,,0.7096,,,,
2020-01-29,1.42,1.6,-0.04,1.64,2.05,4151630.0,1.1004,1.3012,109.15,-0.5,0.0,,0.7103,,,,
2020-01-30,1.41,1.57,-0.07,1.64,2.08,,1.1032,1.3106,108.75,-0.5,0.0,,0.7099,,,,
2020-01-31,1.33,1.51,-0.14,1.65,2.13,,1.1082,1.3195,108.5,-0.5,0.0,,0.7117,,,,
2020-02-01,,,,,,,,,,-0.5,0.0,0.132262730992167,,0.633,-0.016,-0.155,-0.832
2020-02-02,,,,,,,,,,-0.5,0.0,,,,,,
2020-02-03,1.36,1.54,-0.09,1.63,2.1,,1.1062,1.3006,108.59,-0.5,0.0,,0.7104,,,,
2020-02-04,1.41,1.61,-0.03,1.64,2.09,,1.1043,1.3029,109.41,-0.5,0.0,,0.7104,,,,
2020-02-05,1.44,1.66,0.0,1.66,2.07,4166707.0,1.1006,1.3,109.74,-0.5,0.0,,0.7107,,,,
2020-02-06,1.44,1.65,-0.02,1.67,2.05,,1.0979,1.2935,109.89,-0.5,0.0,,0.7107,,,,
2020-02-07,1.41,1.59,-0.07,1.66,2.05,,1.095,1.2908,109.81,-0.5,0.0,,0.7112,,,,
2020-02-08,,,,,,,,,,-0.5,0.0,,,,,,
2020-02-09,,,,,,,,,,-0.5,0.0,,,,,,
2020-02-10,1.37,1.56,-0.1,1.66,2.06,,1.0916,1.2919,109.77,-0.5,0.0,,0.7095,,,,
2020-02-11,1.41,1.59,-0.06,1.65,2.05,,1.0917,1.2945,109.78,-0.5,0.0,,0.7097,,,,
2020-02-12,1.44,1.62,-0.04,1.66,2.06,4182689.0,1.0893,1.2978,110.0,-0.5,0.0,,0.7098,,,,
2020-02-13,1.44,1.61,-0.06,1.67,2.05,,1.0848,1.3051,109.81,-0.5,0.0,,0.7106,,,,
2020-02-14,1.42,1.59,-0.07,1.66,2.04,,1.0839,1.3039,109.77,-0.5,0.0,,0.7103,,,,
2020-02-15,,,,,,,,,,-0.5,0.0,,,,,,
2020-02-16,,,,,,,,,,-0.5,0.0,,,,,,
2020-02-17,,,,,,,,,,-0.5,0.0,,0.7092,,,,
2020-02-18,1.41,1.55,-0.1,1.65,2.05,,1.0815,1.3017,109.8,-0.5,0.0,,0.7095,,,,
2020-02-19,1.42,1.56,-0.09,1.65,2.05,4171570.0,1.0794,1.2934,111.17,-0.5,0.0,,0.7102,,,,
2020-02-20,1.39,1.52,-0.11,1.63,2.05,,1.0797,1.2877,111.86,-0.5,0.0,,0.711,,,,
2020-02-21,1.34,1.46,-0.15,1.61,2.09,,1.0855,1.2966,111.74,-0.5,0.0,,0.7112,,,,
2020-02-22,,,,,,,,,,-0.5,0.0,,,,,,
2020-02-23,,,,,,,,,,-0.5,0.0,,,,,,
2020-02-24,1.26,1.38,-0.21,1.59,2.13,,1.0857,1.2923,110.56,-0.5,0.0,,0.7105,,,,
2020-02-25,1.2,1.33,-0.2,1.53,2.19,,1.0868,1.3004,110.23,-0.5,0.0,,0.7109,,,,
2020-02-26,1.16,1.33,-0.21,1.54,2.2,4158637.0,1.0887,1.2921,110.36,-0.5,0.0,,0.7114,,,,
2020-02-27,1.11,1.3,-0.23,1.53,2.27,,1.0977,1.2876,110.15,-0.5,0.0,,0.7106,,,,
2020-02-28,0.86,1.13,-0.28,1.41,2.38,,1.1001,1.2778,108.12,-0.5,0.0,,0.7098,,,,
2020-02-29,,,,,,,,,,-0.5,0.0,,,,,,
2020-03-01,,,,,,,,,,-0.5,0.0,0.372634326290483,,0.4609,-0.047,0.005,-0.368
2020-03-02,0.84,1.1,-0.31,1.41,2.44,,1.1164,1.2791,108.02,-0.5,0.0,,0.7089,,,,
2020-03-03,0.71,1.02,-0.43,1.45,2.48,,1.1175,1.2827,107.28,-0.5,0.0,,0.7098,,,,
2020-03-04,0.67,1.02,-0.44,1.46,2.47,4241507.0,1.113,1.2836,107.34,-0.5,0.0,,0.71,,,,
2020-03-05,0.59,0.92,-0.48,1.4,2.52,,1.1202,1.2939,106.56,-0.5,0.0,,0.7089,,,,
2020-03-06,0.49,0.74,-0.57,1.31,2.55,,1.1319,1.301,105.31,-0.5,0.0,,0.7087,,,,
2020-03-07,,,,,,,,,,-0.5,0.0,,,,,,
2020-03-08,,,,,,,,,,-0.5,0.0,,,,,,
2020-03-09,0.38,0.54,-0.45,0.99,2.93,,1.142,1.31,102.52,-0.5,0.0,,0.7091,,,,
2020-03-10,0.5,0.76,-0.24,1.0,2.93,,1.1342,1.2933,103.71,-0.5,0.0,,0.7091,,,,
2020-03-11,0.5,0.82,-0.14,0.96,2.99,4311911.0,1.128,1.2887,104.81,-0.5,0.0,,0.2092,,,,
2020-03-12,0.5,0.88,-0.04,0.92,3.2,,1.1081,1.2541,105.67,-0.5,0.0,,0.2093,,,,
2020-03-13,0.49,0.94,0.04,0.9,3.3,,1.1066,1.2406,107.15,-0.5,0.0,,0.2093,,,,
2020-03-14,,,,,,,,,,-0.5,0.0,,,,,,
2020-03-15,,,,,,,,,,-0.5,0.0,,,,,,
2020-03-16,0.36,0.73,0.0,0.73,3.38,,1.1139,1.2278,105.64,-0.5,0.0,,0.2096,,,,
2020-03-17,0.47,1.02,0.39,0.63,3.49,,1.0971,1.2017,107.41,-0.5,0.0,,0.2135,,,,
2020-03-18,0.54,1.18,0.55,0.63,3.81,4668212.0,1.0833,1.176,108.45,-0.5,0.0,,0.2148,,,,
2020-03-19,0.44,1.12,0.62,0.5,4.01,,1.0699,1.1662,110.08,-0.5,0.0,,0.2134,,,,
2020-03-20,0.37,0.92,0.17,0.75,4.23,,1.0682,1.1743,111.3,-0.5,0.0,,0.0706,,,,
2020-03-21,,,,,,,,,,-0.5,0.0,,,,,,
2020-03-22,,,,,,,,,,-0.5,0.0,,,,,,
2020-03-23,0.28,0.76,-0.04,0.8,4.31,,1.076,1.1492,111.36,-0.5,0.0,,0.0723,,,,
2020-03-24,0.38,0.84,-0.13,0.97,4.19,,1.0794,1.1784,111.44,-0.5,0.0,,0.0736,,,,
2020-03-25,0.34,0.88,-0.19,1.07,4.13,5254278.0,1.0835,1.1763,111.43,-0.5,0.0,,0.075,,,,
2020-03-26,0.3,0.83,-0.24,1.07,4.04,,1.1025,1.214,109.45,-0.5,0.0,,0.0729,,,,
2020-03-27,0.25,0.72,-0.22,0.94,3.98,,1.1059,1.236,108.16,-0.5,0.0,,0.071,,,,
2020-03-28,,,,,,,,,,-0.5,0.0,,,,,,
2020-03-29,,,,,,,,,,-0.5,0.0,,,,,,
2020-03-30,0.23,0.7,-0.25,0.95,3.89,,1.1018,1.2392,108.06,-0.5,0.0,,0.0714,,,,
2020-03-31,0.23,0.7,-0.17,0.87,3.93,,1.1016,1.2454,107.53,-0.5,0.0,,0.0729,,,,
2020-04-01,0.23,0.62,-0.29,0.91,3.97,5811607.0,1.0934,1.2394,107.05,-0.5,0.0,0.553776148698786,0.0712,0.3577,-0.036,-0.04,-0.487
2020-04-02,0.23,0.63,-0.4,1.03,3.92,,1.0862,1.238,107.85,-0.5,0.0,,0.0653,,,,
2020-04-03,0.23,0.62,-0.46,1.08,3.92,,1.0797,1.2228,108.53,-0.5,0.0,,0.064,,,,
2020-04-04,,,,,,,,,,-0.5,0.0,,,,,,
2020-04-05,,,,,,,,,,-0.5,0.0,,,,,,
2020-04-06,0.27,0.67,-0.47,1.14,3.91,,1.0808,1.2298,109.11,-0.5,0.0,,0.0657,,,,
2020-04-07,0.28,0.75,-0.42,1.17,3.79,,1.0886,1.2343,108.97,-0.5,0.0,,0.0661,,,,
2020-04-08,0.27,0.77,-0.42,1.19,3.75,6083141.0,1.0864,1.2394,108.7,-0.5,0.0,,0.0641,,,,
2020-04-09,0.23,0.73,-0.5,1.23,3.61,,1.0931,1.2458,108.38,-0.5,0.0,,0.066,,,,
2020-04-10,,,,,,,1.0951,1.2485,108.39,-0.5,0.0,,,,,,
2020-04-11,,,,,,,,,,-0.5,0.0,,,,,,
2020-04-12,,,,,,,,,,-0.5,0.0,,,,,,
2020-04-13,0.25,0.76,-0.5,1.26,3.41,,1.0906,1.2518,107.59,-0.5,0.0,,,,,,
2020-04-14,0.23,0.76,-0.53,1.29,3.36,,1.0971,1.2617,107.08,-0.5,0.0,,0.0635,,,,
2020-04-15,0.2,0.63,-0.56,1.19,3.33,6367887.0,1.0909,1.2523,107.42,-0.5,0.0,,0.0634,,,,
2020-04-16,0.2,0.61,-0.42,1.03,3.28,,1.084,1.2433,107.72,-0.5,0.0,,0.0632,,,,
2020-04-17,0.2,0.65,-0.36,1.01,3.27,,1.0883,1.2503,107.52,-0.5,0.0,,0.0643,,,,
2020-04-18,,,,,,,,,,-0.5,0.0,,,,,,
2020-04-19,,,,,,,,,,-0.5,0.0,,,,,,
2020-04-20,0.2,0.63,-0.31,0.94,3.28,,1.0874,1.2467,107.69,-0.5,0.0,,0.0661,,,,
2020-04-21,0.2,0.58,-0.38,0.96,3.29,,1.0854,1.2266,107.69,-0.5,0.0,,0.0672,,,,
2020-04-22,0.22,0.63,-0.43,1.06,3.3,6573136.0,1.0829,1.2332,107.81,-0.5,0.0,,0.0683,,,,
2020-04-23,0.22,0.61,-0.44,1.05,3.26,,1.0815,1.2369,107.65,-0.5,0.0,,0.0673,,,,
2020-04-24,0.22,0.6,-0.51,1.11,3.25,,1.0798,1.2335,107.44,-0.5,0.0,,0.0662,,,,
2020-04-25,,,,,,,,,,-0.5,0.0,,,,,,
2020-04-26,,,,,,,,,,-0.5,0.0,,,,,,
2020-04-27,0.24,0.67,-0.5,1.17,3.24,,1.0829,1.2421,107.22,-0.5,0.0,,0.0652,,,,
2020-04-28,0.2,0.62,-0.52,1.14,3.25,,1.0836,1.2438,106.83,-0.5,0.0,,0.0665,,,,
2020-04-29,0.2,0.63,-0.51,1.14,3.24,6655929.0,1.0853,1.2429,106.67,-0.5,0.0,,0.0673,,,,
2020-04-30,0.2,0.64,-0.43,1.07,3.23,,1.0934,1.2602,106.94,-0.5,0.0,,0.0666,,,,
2020-05-01,0.2,0.64,-0.42,1.06,3.25,,1.0998,1.2509,106.76,-0.5,0.0,0.479135742756966,0.0658,0.2743,-0.047,0.0,-0.471
2020-05-02,,,,,,,,,,-0.5,0.0,,,,,,
2020-05-03,,,,,,,,,,-0.5,0.0,,,,,,
2020-05-04,0.19,0.64,-0.43,1.07,3.28,,1.0911,1.243,106.82,-0.5,0.0,,0.0659,,,,
2020-05-05,0.19,0.66,-0.44,1.1,3.28,,1.0844,1.2449,106.52,-0.5,0.0,,0.0665,,,,
2020-05-06,0.17,0.72,-0.38,1.1,3.31,6721420.0,1.0806,1.2347,106.07,-0.5,0.0,,0.0668,,,,
2020-05-07,0.13,0.63,-0.45,1.08,3.34,,1.0815,1.2349,106.36,-0.5,0.0,,0.0674,,,,
2020-05-08,0.16,0.69,-0.43,1.12,3.37,,1.0854,1.2436,106.5,-0.5,0.0,,,,,,
2020-05-09,,,,,,,,,,-0.5,0.0,,,,,,
2020-05-10,,,,,,,,,,-0.5,0.0,,,,,,
2020-05-11,0.17,0.73,-0.4,1.13,3.41,,1.0818,1.233,107.7,-0.5,0.0,,0.0667,,,,
2020-05-12,0.17,0.69,-0.4,1.09,3.4,,1.0864,1.2299,107.33,-0.5,0.0,,0.0667,,,,
2020-05-13,0.16,0.64,-0.43,1.07,3.43,6934227.0,1.0837,1.2225,106.92,-0.5,0.0,,0.0684,,,,
2020-05-14,0.16,0.63,-0.43,1.06,3.41,,1.08,1.2194,107.09,-0.5,0.0,,0.0672,,,,
2020-05-15,0.16,0.64,-0.45,1.09,3.41,,1.0816,1.2129,107.27,-0.5,0.0,,0.0675,,,,
2020-05-16,,,,,,,,,,-0.5,0.0,,,,,,
2020-05-17,,,,,,,,,,-0.5,0.0,,,,,,
2020-05-18,0.18,0.73,-0.44,1.17,3.38,,1.0904,1.2211,107.25,-0.5,0.0,,0.0683,,,,
2020-05-19,0.17,0.7,-0.45,1.15,3.3,,1.0937,1.2255,107.89,-0.5,0.0,,0.068,,,,
2020-05-20,0.16,0.68,-0.48,1.16,3.24,7037258.0,1.098,1.2257,107.46,-0.5,0.0,,0.0688,,,,
2020-05-21,0.17,0.68,-0.46,1.14,3.18,,1.0953,1.2227,107.69,-0.5,0.0,,0.0683,,,,
2020-05-22,0.17,0.66,-0.46,1.12,3.18,,1.0894,1.2178,107.5,-0.5,0.0,,0.0683,,,,
2020-05-23,,,,,,,,,,-0.5,0.0,,,,,,
2020-05-24,,,,,,,,,,-0.5,0.0,,,,,,
2020-05-25,,,,,,,,,,-0.5,0.0,,,,,,
2020-05-26,0.18,0.69,-0.44,1.13,3.14,,1.097,1.2337,107.64,-0.5,0.0,,0.0671,,,,
2020-05-27,0.19,0.68,-0.46,1.14,3.11,7097316.0,1.0969,1.2231,107.79,-0.5,0.0,,0.0677,,,,
2020-05-28,0.17,0.7,-0.48,1.18,3.1,,1.1069,1.2325,107.67,-0.5,0.0,,0.068,,,,
2020-05-29,0.16,0.65,-0.5,1.15,3.08,,1.1107,1.232,107.77,-0.5,0.0,,0.0679,,,,
2020-05-30,,,,,,,,,,-0.5,0.0,,,,,,
2020-05-31,,,,,,,,,,-0.5,0.0,,,,,,
2020-06-01,0.14,0.66,-0.52,1.18,3.1,,1.1123,1.2472,107.56,-0.5,0.0,0.351459291517374,0.0665,0.278,-0.048,0.03,-0.439
2020-06-02,0.17,0.68,-0.5,1.18,3.08,,1.1166,1.2531,108.6,-0.5,0.0,,0.0686,,,,
2020-06-03,0.19,0.77,-0.44,1.21,3.02,7165217.0,1.1246,1.26,108.88,-0.5,0.0,,0.0685,,,,
2020-06-04,0.19,0.82,-0.4,1.22,2.99,,1.1322,1.2608,109.0,-0.5,0.0,,0.0693,,,,
2020-06-05,0.22,0.91,-0.36,1.27,2.86,,1.1297,1.2703,109.68,-0.5,0.0,,0.0679,,,,
2020-06-06,,,,,,,,,,-0.5,0.0,,,,,,
2020-06-07,,,,,,,,,,-0.5,0.0,,,,,,
2020-06-08,0.22,0.88,-0.4,1.28,2.81,,1.1293,1.2694,108.46,-0.5,0.0,,0.066,,,,
2020-06-09,0.2,0.84,-0.42,1.26,2.8,,1.1348,1.2736,107.66,-0.5,0.0,,0.066,,,,
2020-06-10,0.17,0.75,-0.52,1.27,2.86,7168936.0,1.1355,1.2758,107.25,-0.5,0.0,,0.0657,,,,
2020-06-11,0.19,0.66,-0.55,1.21,2.91,,1.1378,1.2635,106.67,-0.5,0.0,,0.0651,,,,
2020-06-12,0.19,0.71,-0.5,1.21,2.91,,1.1253,1.2527,107.36,-0.5,0.0,,0.0651,,,,
2020-06-13,,,,,,,,,,-0.5,0.0,,,,,,
2020-06-14,,,,,,,,,,-0.5,0.0,,,,,,
2020-06-15,0.19,0.71,-0.52,1.23,2.93,,1.127,1.2543,107.33,-0.5,0.0,,0.0634,,,,
2020-06-16,0.21,0.75,-0.52,1.27,2.89,,1.1259,1.2586,107.35,-0.5,0.0,,0.0627,,,,
2020-06-17,0.19,0.74,-0.52,1.26,2.87,7094690.0,1.1219,1.2526,107.26,-0.5,0.0,,0.0636,,,,
2020-06-18,0.19,0.71,-0.57,1.28,2.86,,1.1216,1.243,106.78,-0.5,0.0,,0.0624,,,,
2020-06-19,0.19,0.7,-0.6,1.3,2.87,,1.1189,1.2362,106.89,-0.5,0.0,,0.0637,,,,
2020-06-20,,,,,,,,,,-0.5,0.0,,,,,,
2020-06-21,,,,,,,,,,-0.5,0.0,,,,,,
2020-06-22,0.19,0.71,-0.63,1.34,2.86,,1.126,1.2447,106.84,-0.5,0.0,,0.0636,,,,
2020-06-23,0.18,0.72,-0.66,1.38,2.87,,1.1322,1.2531,106.44,-0.5,0.0,,0.0621,,,,
2020-06-24,0.19,0.69,-0.64,1.33,2.89,7082302.0,1.1272,1.2432,106.83,-0.5,0.0,,0.0626,,,,
2020-06-25,0.17,0.68,-0.65,1.33,2.92,,1.1221,1.2406,107.21,-0.5,0.0,,0.063,,,,
2020-06-26,0.17,0.64,-0.68,1.32,2.92,,1.1215,1.2337,107.19,-0.5,0.0,,0.0633,,,,
2020-06-27,,,,,,,,,,-0.5,0.0,,,,,,
2020-06-28,,,,,,,,,,-0.5,0.0,,,,,,
2020-06-29,0.16,0.64,-0.7,1.34,2.94,,1.1237,1.2279,107.71,-0.5,0.0,,0.0619,,,,
2020-06-30,0.16,0.66,-0.68,1.34,2.93,,1.1237,1.2369,107.77,-0.5,0.0,,0.0603,,,,
2020-07-01,0.17,0.69,-0.68,1.37,2.89,7009040.0,1.1259,1.2474,107.5,-0.5,0.0,0.220885310186352,0.0611,0.2094,-0.028,0.01,-0.529
2020-07-02,0.16,0.68,-0.73,1.41,2.87,,1.1237,1.2469,107.55,-0.5,0.0,,0.0608,,,,
2020-07-03,,,,,,,,,,-0.5,0.0,,0.0608,,,,
2020-07-04,,,,,,,,,,-0.5,0.0,,,,,,
2020-07-05,,,,,,,,,,-0.5,0.0,,,,,,
2020-07-06,0.16,0.69,-0.76,1.45,2.83,,1.1307,1.2482,107.5,-0.5,0.0,,0.0592,,,,
2020-07-07,0.16,0.65,-0.78,1.43,2.81,,1.1299,1.2572,107.53,-0.5,0.0,,0.059,,,,
2020-07-08,0.16,0.67,-0.75,1.42,2.77,6920716.0,1.1329,1.2593,107.39,-0.5,0.0,,0.0596,,,,
2020-07-09,0.16,0.62,-0.77,1.39,2.73,,1.1298,1.2614,107.27,-0.5,0.0,,0.0594,,,,
2020-07-10,0.16,0.65,-0.76,1.41,2.74,,1.1318,1.2654,106.77,-0.5,0.0,,0.0599,,,,
2020-07-11,,,,,,,,,,-0.5,0.0,,,,,,
2020-07-12,,,,,,,,,,-0.5,0.0,,,,,,
2020-07-13,0.16,0.64,-0.78,1.42,2.74,,1.1364,1.2614,107.22,-0.5,0.0,,0.0599,,,,
2020-07-14,0.14,0.63,-0.78,1.41,2.71,,1.1406,1.2546,107.2,-0.5,0.0,,0.0605,,,,
2020-07-15,0.16,0.64,-0.77,1.41,2.71,6958604.0,1.1406,1.2586,106.92,-0.5,0.0,,0.0609,,,,
2020-07-16,0.16,0.62,-0.79,1.41,2.69,,1.1433,1.2621,107.05,-0.5,0.0,,0.0618,,,,
2020-07-17,0.14,0.64,-0.82,1.46,2.68,,1.1438,1.255,107.06,-0.5,0.0,,0.06,,,,
2020-07-18,,,,,,,,,,-0.5,0.0,,,,,,
2020-07-19,,,,,,,,,,-0.5,0.0,,,,,,
2020-07-20,0.16,0.62,-0.84,1.46,2.66,,1.1442,1.2658,107.21,-0.5,0.0,,0.0601,,,,
2020-07-21,0.14,0.61,-0.87,1.48,2.63,,1.1495,1.2736,106.82,-0.5,0.0,,0.0602,,,,
2020-07-22,0.14,0.6,-0.88,1.48,2.61,6964755.0,1.1587,1.2729,107.18,-0.5,0.0,,0.0587,,,,
2020-07-23,0.16,0.59,-0.9,1.49,2.58,,1.1623,1.2759,106.83,-0.5,0.0,,0.0584,,,,
2020-07-24,0.14,0.59,-0.92,1.51,2.58,,1.1635,1.2791,105.79,-0.5,0.0,,0.0588,,,,
2020-07-25,,,,,,,,,,-0.5,0.0,,,,,,
2020-07-26,,,,,,,,,,-0.5,0.0,,,,,,
2020-07-27,0.15,0.62,-0.9,1.52,2.56,,1.175,1.2887,105.29,-0.5,0.0,,0.0584,,,,
2020-07-28,0.14,0.59,-0.92,1.51,2.57,,1.1733,1.295,105.03,-0.5,0.0,,0.0598,,,,
2020-07-29,0.12,0.58,-0.95,1.53,2.61,6949032.0,1.177,1.2974,105.06,-0.5,0.0,,0.0591,,,,
2020-07-30,0.11,0.55,-0.97,1.52,2.6,,1.1791,1.3035,105.05,-0.5,0.0,,0.0601,,,,
2020-07-31,0.11,0.55,-1.0,1.55,2.6,,1.1822,1.3133,105.78,-0.5,0.0,,0.0603,,,,
2020-08-01,,,,,,,,,,-0.5,0.0,0.160071953925014,,0.2717,-0.035,0.045,-0.41
2020-08-02,,,,,,,,,,-0.5,0.0,,,,,,
2020-08-03,0.11,0.56,-1.02,1.58,2.63,,1.175,1.3053,106.11,-0.5,0.0,,0.0574,,,,
2020-08-04,0.11,0.52,-1.05,1.57,2.62,,1.1766,1.3059,105.87,-0.5,0.0,,0.0568,,,,
2020-08-05,0.11,0.55,-1.06,1.61,2.59,6945237.0,1.1898,1.3141,105.44,-0.5,0.0,,0.0572,,,,
2020-08-06,0.11,0.55,-1.08,1.63,2.57,,1.1856,1.3147,105.52,-0.5,0.0,,0.0573,,,,
2020-08-07,0.13,0.57,-1.04,1.61,2.57,,1.1776,1.3043,105.92,-0.5,0.0,,0.0584,,,,
2020-08-08,,,,,,,,,,-0.5,0.0,,,,,,
2020-08-09,,,,,,,,,,-0.5,0.0,,,,,,
2020-08-10,0.14,0.59,-1.02,1.61,2.56,,1.1756,1.3082,105.85,-0.5,0.0,,0.0572,,,,
2020-08-11,0.16,0.64,-0.99,1.63,2.59,,1.1764,1.3077,106.56,-0.5,0.0,,0.0561,,,,
2020-08-12,0.16,0.69,-0.98,1.67,2.55,6957277.0,1.1796,1.3047,106.85,-0.5,0.0,,0.0563,,,,
2020-08-13,0.16,0.71,-0.96,1.67,2.59,,1.1818,1.3082,106.89,-0.5,0.0,,0.0571,,,,
2020-08-14,0.14,0.71,-0.94,1.65,2.61,,1.1833,1.3108,106.49,-0.5,0.0,,0.0568,,,,
2020-08-15,,,,,,,,,,-0.5,0.0,,,,,,
2020-08-16,,,,,,,,,,-0.5,0.0,,,,,,
2020-08-17,0.14,0.69,-0.97,1.66,2.64,,1.1869,1.3105,105.97,-0.5,0.0,,0.0563,,,,
2020-08-18,0.14,0.67,-1.01,1.68,2.64,,1.1928,1.3228,105.41,-0.5,0.0,,0.0553,,,,
2020-08-19,0.14,0.68,-0.99,1.67,2.65,7010637.0,1.1898,1.3191,105.71,-0.5,0.0,,0.0562,,,,
2020-08-20,0.13,0.65,-0.97,1.62,2.65,,1.1862,1.319,105.81,-0.5,0.0,,0.0557,,,,
2020-08-21,0.16,0.64,-1.0,1.64,2.64,,1.1775,1.3098,105.88,-0.5,0.0,,0.0556,,,,
2020-08-22,,,,,,,,,,-0.5,0.0,,,,,,
2020-08-23,,,,,,,,,,-0.5,0.0,,,,,,
2020-08-24,0.14,0.65,-1.02,1.67,2.63,,1.1803,1.3078,105.9,-0.5,0.0,,0.0545,,,,
2020-08-25,0.15,0.69,-1.01,1.7,2.63,,1.1818,1.3136,106.4,-0.5,0.0,,0.0553,,,,
2020-08-26,0.16,0.69,-1.03,1.72,2.66,6990418.0,1.1813,1.3186,106.13,-0.5,0.0,,0.0547,,,,
2020-08-27,0.16,0.74,-0.99,1.73,2.71,,1.1824,1.3229,106.42,-0.5,0.0,,0.0559,,,,
2020-08-28,0.14,0.74,-1.03,1.77,2.71,,1.1901,1.3341,105.3,-0.5,0.0,,0.0545,,,,
2020-08-29,,,,,,,,,,-0.5,0.0,,,,,,
2020-08-30,,,,,,,,,,-0.5,0.0,,,,,,
2020-08-31,0.14,0.72,-1.08,1.8,2.67,,1.195,1.3375,105.84,-0.5,0.0,,,,,,
2020-09-01,0.13,0.68,-1.08,1.76,2.67,,1.1949,1.3416,106.0,-0.5,0.0,0.123463670294754,0.0552,0.273,-0.054,0.015,-0.5
2020-09-02,0.14,0.66,-1.07,1.73,2.64,7017492.0,1.184,1.3315,106.15,-0.5,0.0,,0.0547,,,,
2020-09-03,0.13,0.63,-1.02,1.65,2.64,,1.1832,1.3263,106.14,-0.5,0.0,,0.0561,,,,
2020-09-04,0.14,0.72,-0.98,1.7,2.68,,1.182,1.323,106.34,-0.5,0.0,,0.056,,,,
2020-09-05,,,,,,,,,,-0.5,0.0,,,,,,
2020-09-06,,,,,,,,,,-0.5,0.0,,,,,,
2020-09-07,,,,,,,,,,-0.5,0.0,,0.0556,,,,
2020-09-08,0.14,0.69,-0.99,1.68,2.67,,1.1789,1.3039,105.97,-0.5,0.0,,0.0557,,,,
2020-09-09,0.14,0.71,-1.0,1.71,2.69,7010614.0,1.181,1.3011,106.23,-0.5,0.0,,0.055,,,,
2020-09-10,0.14,0.68,-1.01,1.69,2.69,,1.188,1.2846,106.19,-0.5,0.0,,0.0552,,,,
2020-09-11,0.13,0.67,-0.98,1.65,2.69,,1.1831,1.2788,106.17,-0.5,0.0,,0.0569,,,,
2020-09-12,,,,,,,,,,-0.5,0.0,,,,,,
2020-09-13,,,,,,,,,,-0.5,0.0,,,,,,
2020-09-14,0.14,0.68,-0.97,1.65,2.66,,1.1874,1.2876,105.68,-0.5,0.0,,0.0557,,,,
2020-09-15,0.14,0.68,-0.99,1.67,2.68,,1.1846,1.2866,105.5,-0.5,0.0,,0.0556,,,,
2020-09-16,0.14,0.69,-0.99,1.68,2.67,7064475.0,1.1835,1.298,104.94,-0.5,0.0,,0.0558,,,,
2020-09-17,0.13,0.69,-0.97,1.66,2.65,,1.1823,1.2955,104.77,-0.5,0.0,,0.0546,,,,
2020-09-18,0.14,0.7,-0.97,1.67,2.66,,1.1857,1.295,104.44,-0.5,0.0,,0.054,,,,
2020-09-19,,,,,,,,,,-0.5,0.0,,,,,,
2020-09-20,,,,,,,,,,-0.5,0.0,,,,,,
2020-09-21,0.14,0.68,-0.94,1.62,2.66,,1.1737,1.2794,104.69,-0.5,0.0,,0.0538,,,,
2020-09-22,0.13,0.68,-0.94,1.62,2.66,,1.1703,1.2726,105.05,-0.5,0.0,,0.0541,,,,
2020-09-23,0.14,0.68,-0.92,1.6,2.68,7093161.0,1.1677,1.275,105.34,-0.5,0.0,,0.0539,,,,
2020-09-24,0.14,0.67,-0.91,1.58,2.7,,1.1666,1.2739,105.42,-0.5,0.0,,0.0539,,,,
2020-09-25,0.12,0.66,-0.92,1.58,2.74,,1.1618,1.2706,105.59,-0.5,0.0,,0.0541,,,,
2020-09-26,,,,,,,,,,-0.5,0.0,,,,,,
2020-09-27,,,,,,,,,,-0.5,0.0,,,,,,
2020-09-28,0.14,0.67,-0.94,1.61,2.76,,1.166,1.2865,105.5,-0.5,0.0,,0.0541,,,,
2020-09-29,0.11,0.66,-0.98,1.64,2.74,,1.1717,1.2847,105.68,-0.5,0.0,,0.0533,,,,
2020-09-30,0.13,0.69,-0.94,1.63,2.75,7056129.0,1.1723,1.2921,105.58,-0.5,0.0,,0.0509,,,,
2020-10-01,0.14,0.68,-0.95,1.63,2.75,,1.1752,1.2901,105.53,-0.5,0.0,0.0003605895975517,0.0538,0.3058,-0.02,0.04,-0.518
2020-10-02,0.13,0.7,-0.94,1.64,2.76,,1.1706,1.2928,105.36,-0.5,0.0,,0.0539,,,,
2020-10-03,,,,,,,,,,-0.5,0.0,,,,,,
2020-10-04,,,,,,,,,,-0.5,0.0,,,,,,
2020-10-05,0.14,0.78,-0.9,1.68,2.74,,1.1784,1.2972,105.7,-0.5,0.0,,0.0539,,,,
2020-10-06,0.14,0.76,-0.9,1.66,2.7,,1.1778,1.2945,105.64,-0.5,0.0,,0.0537,,,,
2020-10-07,0.16,0.81,-0.9,1.71,2.69,7074649.0,1.1766,1.2914,105.97,-0.5,0.0,,0.054,,,,
2020-10-08,0.13,0.78,-0.94,1.72,2.68,,1.1753,1.2944,105.98,-0.5,0.0,,0.0539,,,,
2020-10-09,0.16,0.79,-0.94,1.73,2.67,,1.1819,1.3003,105.72,-0.5,0.0,,0.0538,,,,
2020-10-10,,,,,,,,,,-0.5,0.0,,,,,,
2020-10-11,,,,,,,,,,-0.5,0.0,,,,,,
2020-10-12,,,,,,,,,,-0.5,0.0,,0.0542,,,,
2020-10-13,0.16,0.74,-0.96,1.7,2.65,,1.1737,1.2968,105.55,-0.5,0.0,,0.0531,,,,
2020-10-14,0.14,0.73,-0.96,1.69,2.64,7151426.0,1.1755,1.3023,105.08,-0.5,0.0,,0.0538,,,,
2020-10-15,0.14,0.74,-0.95,1.69,2.65,,1.1701,1.2917,105.38,-0.5,0.0,,0.0534,,,,
2020-10-16,0.14,0.76,-0.95,1.71,2.64,,1.1717,1.2931,105.41,-0.5,0.0,,0.0533,,,,
2020-10-17,,,,,,,,,,-0.5,0.0,,,,,,
2020-10-18,,,,,,,,,,-0.5,0.0,,,,,,
2020-10-19,0.16,0.78,-0.93,1.71,2.61,,1.1788,1.2998,105.42,-0.5,0.0,,0.0535,,,,
2020-10-20,0.14,0.81,-0.91,1.72,2.64,,1.1824,1.2951,105.56,-0.5,0.0,,0.0533,,,,
2020-10-21,0.14,0.83,-0.91,1.74,2.63,7177265.0,1.187,1.3143,104.58,-0.5,0.0,,0.0536,,,,
2020-10-22,0.16,0.87,-0.89,1.76,2.61,,1.1824,1.309,104.88,-0.5,0.0,,0.0543,,,,
2020-10-23,0.18,0.85,-0.9,1.75,2.6,,1.1844,1.3039,104.78,-0.5,0.0,,0.0538,,,,
2020-10-24,,,,,,,,,,-0.5,0.0,,,,,,
2020-10-25,,,,,,,,,,-0.5,0.0,,,,,,
2020-10-26,0.16,0.81,-0.91,1.72,2.6,,1.1816,1.3021,104.86,-0.5,0.0,,0.0541,,,,
2020-10-27,0.16,0.79,-0.92,1.71,2.6,,1.1834,1.3067,104.44,-0.5,0.0,,0.0542,,,,
2020-10-28,0.16,0.79,-0.91,1.7,2.62,7146306.0,1.1751,1.2997,104.33,-0.5,0.0,,0.054,,,,
2020-10-29,0.16,0.85,-0.86,1.71,2.61,,1.1658,1.289,104.69,-0.5,0.0,,0.0543,,,,
2020-10-30,0.14,0.88,-0.82,1.7,2.61,,1.1647,1.2933,104.54,-0.5,0.0,,0.0547,,,,
2020-10-31,,,,,,,,,,-0.5,0.0,,,,,,
2020-11-01,,,,,,,,,,-0.5,0.0,-0.0550423146444472,,0.3836,-0.032,0.03,-0.509
2020-11-02,0.16,0.87,-0.84,1.71,2.6,,1.1634,1.2904,104.8,-0.5,0.0,,0.0539,,,,
2020-11-03,0.17,0.9,-0.82,1.72,2.58,,1.1724,1.305,104.5,-0.5,0.0,,0.0533,,,,
2020-11-04,0.14,0.78,-0.86,1.64,2.58,7157479.0,1.173,1.3021,104.39,-0.5,0.0,,0.0537,,,,
2020-11-05,0.14,0.79,-0.87,1.66,2.52,,1.1809,1.3116,103.67,-0.5,0.0,,0.0533,,,,
2020-11-06,0.16,0.83,-0.82,1.65,2.51,,1.1886,1.3162,103.32,-0.5,0.0,,0.0534,,,,
2020-11-07,,,,,,,,,,-0.5,0.0,,,,,,
2020-11-08,,,,,,,,,,-0.5,0.0,,,,,,
2020-11-09,0.17,0.96,-0.77,1.73,2.47,,1.1811,1.3137,105.58,-0.5,0.0,,0.0532,,,,
2020-11-10,0.19,0.98,-0.78,1.76,2.44,,1.181,1.3234,105.36,-0.5,0.0,,0.0533,,,,
2020-11-11,,,,,,7175417.0,,,,-0.5,0.0,,0.0535,,,,
2020-11-12,0.17,0.88,-0.83,1.71,2.45,,1.1814,1.3142,105.16,-0.5,0.0,,0.0542,,,,
2020-11-13,0.17,0.89,-0.83,1.72,2.44,,1.1824,1.3176,104.61,-0.5,0.0,,0.0536,,,,
2020-11-14,,,,,,,,,,-0.5,0.0,,,,,,
2020-11-15,,,,,,,,,,-0.5,0.0,,,,,,
2020-11-16,0.19,0.91,-0.81,1.72,2.42,,1.1844,1.3197,104.54,-0.5,0.0,,0.0539,,,,
2020-11-17,0.18,0.87,-0.83,1.7,2.42,,1.1862,1.3247,104.2,-0.5,0.0,,0.0533,,,,
2020-11-18,0.16,0.88,-0.82,1.7,2.39,7243080.0,1.1869,1.3299,103.72,-0.5,0.0,,0.0538,,,,
2020-11-19,0.18,0.86,-0.84,1.7,2.35,,1.1843,1.3225,103.85,-0.5,0.0,,0.0536,,,,
2020-11-20,0.16,0.83,-0.86,1.69,2.35,,1.1857,1.3294,103.81,-0.5,0.0,,0.0543,,,,
2020-11-21,,,,,,,,,,-0.5,0.0,,,,,,
2020-11-22,,,,,,,,,,-0.5,0.0,,,,,,
2020-11-23,0.16,0.86,-0.85,1.71,2.33,,1.1826,1.33,104.42,-0.5,0.0,,0.0536,,,,
2020-11-24,0.16,0.88,-0.86,1.74,2.31,,1.1874,1.335,104.61,-0.5,0.0,,0.0536,,,,
2020-11-25,0.17,0.88,-0.87,1.75,2.32,7216480.0,1.1908,1.3378,104.39,-0.5,0.0,,0.0535,,,,
2020-11-26,,,,,,,,,,-0.5,0.0,,0.0535,,,,
2020-11-27,0.16,0.84,-0.91,1.75,2.32,,,,,-0.5,0.0,,0.0542,,,,
2020-11-28,,,,,,,,,,-0.5,0.0,,,,,,
2020-11-29,,,,,,,,,,-0.5,0.0,,,,,,
2020-11-30,0.16,0.84,-0.93,1.77,2.29,,1.1948,1.3338,104.38,-0.5,0.0,,0.054,,,,
2020-12-01,0.17,0.92,-0.89,1.81,2.28,,1.2039,1.3392,104.4,-0.5,0.0,-0.0918818166552814,0.0528,0.3224,-0.026,0.02,-0.525
2020-12-02,0.16,0.95,-0.9,1.85,2.24,7222414.0,1.2093,1.3348,104.52,-0.5,0.0,,0.0523,,,,
2020-12-03,0.16,0.92,-0.94,1.86,2.23,,1.2152,1.3496,103.77,-0.5,0.0,,0.0519,,,,
2020-12-04,0.16,0.97,-0.92,1.89,2.23,,1.2142,1.3485,104.16,-0.5,0.0,,0.0513,,,,
2020-12-05,,,,,,,,,,-0.5,0.0,,,,,,
2020-12-06,,,,,,,,,,-0.5,0.0,,,,,,
2020-12-07,0.14,0.94,-0.94,1.88,2.22,,1.2138,1.3353,104.01,-0.5,0.0,,0.051,,,,
2020-12-08,0.14,0.92,-0.97,1.89,2.22,,1.2111,1.3358,104.14,-0.5,0.0,,0.051,,,,
2020-12-09,0.16,0.95,-0.96,1.91,2.24,7242658.0,1.208,1.3392,104.28,-0.5,0.0,,0.0514,,,,
2020-12-10,0.14,0.92,-0.96,1.88,2.22,,1.2118,1.3293,104.3,-0.5,0.0,,0.0508,,,,
2020-12-11,0.11,0.9,-0.97,1.87,2.23,,1.2112,1.3197,103.88,-0.5,0.0,,0.0502,,,,
2020-12-12,,,,,,,,,,-0.5,0.0,,,,,,
2020-12-13,,,,,,,,,,-0.5,0.0,,,,,,
2020-12-14,0.13,0.9,-0.98,1.88,2.24,,1.2145,1.3324,104.06,-0.5,0.0,,0.0494,,,,
2020-12-15,0.11,0.92,-0.99,1.91,2.26,,1.2158,1.3434,103.69,-0.5,0.0,,0.0491,,,,
2020-12-16,0.13,0.92,-1.0,1.92,2.25,7362592.0,1.2175,1.3503,103.59,-0.5,0.0,,0.0478,,,,
2020-12-17,0.13,0.94,-1.0,1.94,2.23,,1.2258,1.3609,103.13,-0.5,0.0,,0.0487,,,,
2020-12-18,0.13,0.95,-1.0,1.95,2.24,,1.2236,1.3497,103.35,-0.5,0.0,,0.0483,,,,
2020-12-19,,,,,,,,,,-0.5,0.0,,,,,,
2020-12-20,,,,,,,,,,-0.5,0.0,,,,,,
2020-12-21,0.13,0.95,-1.0,1.95,2.23,,1.223,1.3354,103.44,-0.5,0.0,,0.0477,,,,
2020-12-22,0.13,0.93,-1.01,1.94,2.22,,1.2172,1.3349,103.62,-0.5,0.0,,0.048,,,,
2020-12-23,0.13,0.96,-1.01,1.97,2.24,7404039.0,1.2194,1.351,103.52,-0.5,0.0,,0.0478,,,,
2020-12-24,0.13,0.94,-1.03,1.97,2.23,,,,,-0.5,0.0,,0.0474,,,,
2020-12-25,,,,,,,,,,-0.5,0.0,,,,,,
2020-12-26,,,,,,,,,,-0.5,0.0,,,,,,
2020-12-27,,,,,,,,,,-0.5,0.0,,,,,,
2020-12-28,0.13,0.94,-1.03,1.97,2.22,,1.2213,1.3447,103.84,-0.5,0.0,,,,,,
2020-12-29,0.12,0.94,-1.02,1.96,2.22,,1.2252,1.3512,103.5,-0.5,0.0,,0.0483,,,,
2020-12-30,0.12,0.93,-1.03,1.96,2.2,7363351.0,1.228,1.3605,103.31,-0.5,0.0,,0.048,,,,
2020-12-31,0.13,0.93,-1.06,1.99,2.18,,1.223,1.3662,103.19,-0.5,0.0,,0.0394,,,,
2021-01-01,,,,,,,,,,-0.5,0.0,-0.0637567597967504,,0.3672,-0.017,0.055,-0.454
2021-01-02,,,,,,,,,,-0.5,0.0,,,,,,
2021-01-03,,,,,,,,,,-0.5,0.0,,,,,,
2021-01-04,0.11,0.93,-1.08,2.01,2.19,,1.2254,1.3551,103.19,-0.5,0.0,,0.0479,,,,
2021-01-05,0.13,0.96,-1.07,2.03,2.23,,1.2295,1.362,102.7,-0.5,0.0,,0.0485,,,,
2021-01-06,0.14,1.04,-1.02,2.06,2.27,7334809.0,1.229,1.3593,103.25,-0.5,0.0,,0.0488,,,,
2021-01-07,0.14,1.08,-1.01,2.09,2.23,,1.2265,1.3551,103.84,-0.5,0.0,,0.0491,,,,
2021-01-08,0.14,1.13,-0.93,2.06,2.19,,1.2252,1.3583,103.89,-0.5,0.0,,0.0497,,,,
2021-01-09,,,,,,,,,,-0.5,0.0,,,,,,
2021-01-10,,,,,,,,,,-0.5,0.0,,,,,,
2021-01-11,0.14,1.15,-0.91,2.06,2.15,,1.2169,1.3522,104.16,-0.5,0.0,,0.0488,,,,
2021-01-12,0.14,1.15,-0.93,2.08,2.16,,1.2168,1.3637,104.09,-0.5,0.0,,0.0487,,,,
2021-01-13,0.14,1.1,-0.96,2.06,2.13,7333968.0,1.2159,1.3631,103.91,-0.5,0.0,,0.0496,,,,
2021-01-14,0.16,1.15,-0.94,2.09,2.12,,1.2156,1.369,103.66,-0.5,0.0,,0.05,,,,
2021-01-15,0.13,1.11,-0.99,2.1,2.13,,1.2099,1.3599,103.8,-0.5,0.0,,0.0498,,,,
2021-01-16,,,,,,,,,,-0.5,0.0,,,,,,
2021-01-17,,,,,,,,,,-0.5,0.0,,,,,,
2021-01-18,,,,,,,,,,-0.5,0.0,,0.0495,,,,
2021-01-19,0.14,1.1,-1.0,2.1,2.11,,1.2126,1.3627,103.86,-0.5,0.0,,0.05,,,,
2021-01-20,0.13,1.1,-1.02,2.12,2.11,7414942.0,,,,-0.5,0.0,,0.0492,,,,
2021-01-21,0.13,1.12,-0.98,2.1,2.12,,1.2143,1.3721,103.57,-0.5,0.0,,0.0494,,,,
2021-01-22,0.13,1.1,-0.99,2.09,2.14,,1.2179,1.3685,103.76,-0.5,0.0,,0.0496,,,,
2021-01-23,,,,,,,,,,-0.5,0.0,,,,,,
2021-01-24,,,,,,,,,,-0.5,0.0,,,,,,
2021-01-25,0.13,1.05,-1.03,2.08,2.15,,1.2138,1.3668,103.78,-0.5,0.0,,0.0493,,,,
2021-01-26,0.11,1.05,-1.03,2.08,2.16,,1.2147,1.3729,103.69,-0.5,0.0,,0.0489,,,,
2021-01-27,0.12,1.04,-1.04,2.08,2.16,7404926.0,1.2101,1.3688,104.09,-0.5,0.0,,0.0489,,,,
2021-01-28,0.12,1.07,-1.06,2.13,2.17,,1.2122,1.3727,104.31,-0.5,0.0,,0.0487,,,,
2021-01-29,0.11,1.11,-1.02,2.13,2.17,,1.2135,1.3723,104.64,-0.5,0.0,,0.0529,,,,
2021-01-30,,,,,,,,,,-0.5,0.0,,,,,,
2021-01-31,,,,,,,,,,-0.5,0.0,,,,,,
2021-02-01,0.11,1.09,-1.02,2.11,2.19,,1.207,1.3672,104.97,-0.5,0.0,0.0632093685662669,0.048,0.6222,-0.016,0.15,-0.229
2021-02-02,0.11,1.12,-1.03,2.15,2.18,,1.202,1.3644,105.09,-0.5,0.0,,0.0485,,,,
2021-02-03,0.11,1.15,-1.04,2.19,2.17,7410598.0,1.2025,1.3652,105.05,-0.5,0.0,,0.0486,,,,
2021-02-04,0.11,1.15,-1.02,2.17,2.19,,1.1974,1.3665,105.43,-0.5,0.0,,0.0484,,,,
2021-02-05,0.09,1.19,-1.02,2.21,2.18,,1.2035,1.3714,105.44,-0.5,0.0,,0.0482,,,,
2021-02-06,,,,,,,,,,-0.5,0.0,,,,,,
2021-02-07,,,,,,,,,,-0.5,0.0,,,,,,
2021-02-08,0.11,1.19,-1.03,2.22,2.14,,1.2045,1.3738,105.19,-0.5,0.0,,0.048,,,,
2021-02-09,0.11,1.18,-1.04,2.22,2.15,,1.2106,1.3796,104.62,-0.5,0.0,,0.0482,,,,
2021-02-10,0.11,1.15,-1.06,2.21,2.16,7442225.0,1.2132,1.385,104.67,-0.5,0.0,,0.0483,,,,
2021-02-11,0.11,1.16,-1.04,2.2,2.18,,1.2127,1.3822,104.75,-0.5,0.0,,0.0484,,,,
2021-02-12,0.11,1.2,-1.01,2.21,2.19,,1.2126,1.3855,104.94,-0.5,0.0,,0.0481,,,,
2021-02-13,,,,,,,,,,-0.5,0.0,,,,,,
2021-02-14,,,,,,,,,,-0.5,0.0,,,,,,
2021-02-15,,,,,,,,,,-0.5,0.0,,0.048,,,,
2021-02-16,0.13,1.3,-0.94,2.24,2.15,,1.2107,1.391,105.88,-0.5,0.0,,0.0483,,,,
2021-02-17,0.11,1.29,-0.92,2.21,2.13,7557402.0,1.2042,1.3848,105.83,-0.5,0.0,,0.0487,,,,
2021-02-18,0.11,1.29,-0.87,2.16,2.13,,1.2078,1.3956,105.69,-0.5,0.0,,0.049,,,,
2021-02-19,0.11,1.34,-0.8,2.14,2.14,,1.2136,1.4025,105.58,-0.5,0.0,,0.0489,,,,
2021-02-20,,,,,,,,,,-0.5,0.0,,,,,,
2021-02-21,,,,,,,,,,-0.5,0.0,,,,,,
2021-02-22,0.11,1.37,-0.79,2.16,2.16,,1.2155,1.4077,105.06,-0.5,0.0,,0.049,,,,
2021-02-23,0.11,1.37,-0.79,2.16,2.2,,1.2142,1.4092,105.21,-0.5,0.0,,0.0486,,,,
2021-02-24,0.12,1.38,-0.79,2.17,2.22,7590111.0,1.2143,1.4106,105.91,-0.5,0.0,,0.049,,,,
2021-02-25,0.17,1.54,-0.6,2.14,2.12,,1.2229,1.4105,106.22,-0.5,0.0,,0.0491,,,,
2021-02-26,0.14,1.44,-0.71,2.15,2.12,,1.2093,1.3947,106.64,-0.5,0.0,,0.0512,,,,
2021-02-27,,,,,,,,,,-0.5,0.0,,,,,,
2021-02-28,,,,,,,,,,-0.5,0.0,,,,,,
2021-03-01,0.13,1.45,-0.71,2.16,2.13,,1.2054,1.3938,106.68,-0.5,0.0,0.147856238199887,0.0488,0.8456,-0.017,0.12,-0.267
2021-03-02,0.13,1.42,-0.78,2.2,2.15,,1.2079,1.3962,106.75,-0.5,0.0,,0.0491,,,,
2021-03-03,0.14,1.47,-0.74,2.21,2.14,7557524.0,1.2073,1.3978,106.92,-0.5,0.0,,0.049,,,,
2021-03-04,0.14,1.54,-0.66,2.2,2.13,,1.2045,1.3999,107.58,-0.5,0.0,,0.0494,,,,
2021-03-05,0.14,1.56,-0.66,2.22,2.13,,1.1914,1.3817,108.24,-0.5,0.0,,0.0488,,,,
2021-03-06,,,,,,,,,,-0.5,0.0,,,,,,
2021-03-07,,,,,,,,,,-0.5,0.0,,,,,,
2021-03-08,0.17,1.59,-0.62,2.21,2.14,,1.1849,1.381,108.92,-0.5,0.0,,0.0491,,,,
2021-03-09,0.17,1.55,-0.66,2.21,2.16,,1.1885,1.3884,108.64,-0.5,0.0,,0.049,,,,
2021-03-10,0.16,1.53,-0.73,2.26,2.17,7579901.0,1.19,1.3899,108.58,-0.5,0.0,,0.0485,,,,
2021-03-11,0.14,1.54,-0.74,2.28,2.18,,1.1978,1.398,108.44,-0.5,0.0,,0.0485,,,,
2021-03-12,0.14,1.64,-0.62,2.26,2.19,,1.1952,1.3925,108.87,-0.5,0.0,,0.049,,,,
2021-03-13,,,,,,,,,,-0.5,0.0,,,,,,
2021-03-14,,,,,,,,,,-0.5,0.0,,,,,,
2021-03-15,0.14,1.62,-0.65,2.27,2.18,,1.1917,1.3866,109.11,-0.5,0.0,,0.0497,,,,
2021-03-16,0.15,1.62,-0.68,2.3,2.19,,1.1895,1.3892,109.01,-0.5,0.0,,0.0493,,,,
2021-03-17,0.13,1.63,-0.67,2.3,2.23,7693506.0,1.1905,1.3888,109.22,-0.5,0.0,,0.0494,,,,
2021-03-18,0.16,1.71,-0.56,2.27,2.17,,1.1926,1.3938,108.97,-0.5,0.0,,0.0493,,,,
2021-03-19,0.16,1.74,-0.57,2.31,2.1,,1.1909,1.3872,108.85,-0.5,0.0,,0.0485,,,,
2021-03-20,,,,,,,,,,-0.5,0.0,,,,,,
2021-03-21,,,,,,,,,,-0.5,0.0,,,,,,
2021-03-22,0.15,1.69,-0.64,2.33,2.08,,1.1932,1.3856,108.67,-0.5,0.0,,0.0489,,,,
2021-03-23,0.15,1.63,-0.66,2.29,2.11,,1.1872,1.3795,108.61,-0.5,0.0,,0.0481,,,,
2021-03-24,0.14,1.62,-0.69,2.31,2.1,7719622.0,1.1831,1.3723,108.81,-0.5,0.0,,0.0481,,,,
2021-03-25,0.14,1.63,-0.69,2.32,2.11,,1.1777,1.3722,109.13,-0.5,0.0,,0.0481,,,,
2021-03-26,0.14,1.67,-0.67,2.34,2.09,,1.1798,1.3794,109.55,-0.5,0.0,,0.0481,,,,
2021-03-27,,,,,,,,,,-0.5,0.0,,,,,,
2021-03-28,,,,,,,,,,-0.5,0.0,,,,,,
2021-03-29,0.14,1.73,-0.63,2.36,2.08,,1.1779,1.3793,109.73,-0.5,0.0,,0.048,,,,
2021-03-30,0.16,1.73,-0.62,2.35,2.04,,1.1724,1.3729,110.19,-0.5,0.0,,0.0475,,,,
2021-03-31,0.16,1.74,-0.63,2.37,2.03,7688988.0,1.1743,1.3795,110.61,-0.5,0.0,,0.0466,,,,
2021-04-01,0.17,1.69,-0.66,2.35,1.98,,1.1772,1.3825,110.61,-0.5,0.0,0.204919188611819,0.0475,0.8515,-0.012,0.09,-0.21
2021-04-02,0.19,1.72,-0.64,2.36,,,1.1763,1.3825,110.67,-0.5,0.0,,,,,,
2021-04-03,,,,,,,,,,-0.5,0.0,,,,,,
2021-04-04,,,,,,,,,,-0.5,0.0,,,,,,
2021-04-05,0.17,1.73,-0.62,2.35,1.93,,1.181,1.3907,110.08,-0.5,0.0,,,,,,
2021-04-06,0.16,1.67,-0.65,2.32,1.95,,1.1852,1.3849,109.83,-0.5,0.0,,0.0482,,,,
2021-04-07,0.16,1.68,-0.66,2.34,1.96,7708882.0,1.189,1.3757,109.67,-0.5,0.0,,0.0483,,,,
2021-04-08,0.14,1.64,-0.69,2.33,1.98,,1.1904,1.3739,109.25,-0.5,0.0,,0.0483,,,,
2021-04-09,0.16,1.67,-0.64,2.31,1.96,,1.1897,1.3734,109.64,-0.5,0.0,,0.0484,,,,
2021-04-10,,,,,,,,,,-0.5,0.0,,,,,,
2021-04-11,,,,,,,,,,-0.5,0.0,,,,,,
2021-04-12,0.18,1.69,-0.64,2.33,1.95,,1.1907,1.3741,109.43,-0.5,0.0,,0.0482,,,,
2021-04-13,0.16,1.64,-0.69,2.33,1.97,,1.1939,1.3742,109.19,-0.5,0.0,,0.0481,,,,
2021-04-14,0.16,1.64,-0.69,2.33,1.98,7793104.0,1.1974,1.379,108.93,-0.5,0.0,,0.0482,,,,
2021-04-15,0.16,1.56,-0.77,2.33,1.95,,1.1964,1.3781,108.78,-0.5,0.0,,0.0477,,,,
2021-04-16,0.16,1.59,-0.77,2.36,1.97,,1.198,1.3826,108.78,-0.5,0.0,,0.048,,,,
2021-04-17,,,,,,,,,,-0.5,0.0,,,,,,
2021-04-18,,,,,,,,,,-0.5,0.0,,,,,,
2021-04-19,0.16,1.61,-0.73,2.34,1.99,,1.2028,1.3977,108.09,-0.5,0.0,,0.0482,,,,
2021-04-20,0.15,1.58,-0.74,2.32,2.0,,1.2045,1.3955,108.07,-0.5,0.0,,0.048,,,,
2021-04-21,0.15,1.57,-0.76,2.33,2.01,7820948.0,1.2033,1.3936,108.09,-0.5,0.0,,0.0481,,,,
2021-04-22,0.16,1.57,-0.76,2.33,1.99,,1.2012,1.3851,108.17,-0.5,0.0,,0.0487,,,,
2021-04-23,0.16,1.58,-0.76,2.34,1.99,,1.2069,1.3845,107.94,-0.5,0.0,,0.0491,,,,
2021-04-24,,,,,,,,,,-0.5,0.0,,,,,,
2021-04-25,,,,,,,,,,-0.5,0.0,,,,,,
2021-04-26,0.18,1.58,-0.78,2.36,1.98,,1.2083,1.389,108.12,-0.5,0.0,,0.0486,,,,
2021-04-27,0.17,1.63,-0.76,2.39,1.97,,1.2079,1.3908,108.56,-0.5,0.0,,0.0495,,,,
2021-04-28,0.17,1.63,-0.78,2.41,1.98,7780962.0,1.2098,1.3917,108.81,-0.5,0.0,,0.0496,,,,
2021-04-29,0.16,1.65,-0.77,2.42,1.97,,1.211,1.3956,108.94,-0.5,0.0,,0.0499,,,,
2021-04-30,0.16,1.65,-0.76,2.41,1.96,,1.203,1.3838,109.33,-0.5,0.0,,0.0509,,,,
2021-05-01,,,,,,,,,,-0.5,0.0,0.377151027497333,,0.9058,-0.017,0.08,-0.134
2021-05-02,,,,,,,,,,-0.5,0.0,,,,,,
2021-05-03,0.16,1.63,-0.79,2.42,1.96,,1.2059,1.3913,109.08,-0.5,0.0,,,,,,
2021-05-04,0.16,1.61,-0.81,2.42,1.97,,1.2014,1.3873,109.34,-0.5,0.0,,0.0496,,,,
2021-05-05,0.16,1.59,-0.88,2.47,1.98,7810486.0,1.2003,1.3913,109.27,-0.5,0.0,,0.0487,,,,
2021-05-06,0.16,1.58,-0.87,2.45,1.96,,1.2049,1.388,109.17,-0.5,0.0,,0.0491,,,,
2021-05-07,0.14,1.6,-0.89,2.49,1.97,,1.2165,1.4,108.52,-0.5,0.0,,0.0498,,,,
2021-05-08,,,,,,,,,,-0.5,0.0,,,,,,
2021-05-09,,,,,,,,,,-0.5,0.0,,,,,,
2021-05-10,0.16,1.63,-0.91,2.54,1.98,,1.217,1.4153,108.7,-0.5,0.0,,0.049,,,,
2021-05-11,0.16,1.64,-0.89,2.53,2.01,,1.2169,1.4149,108.53,-0.5,0.0,,0.0488,,,,
2021-05-12,0.16,1.69,-0.85,2.54,2.02,7830663.0,1.2074,1.4081,109.53,-0.5,0.0,,0.0492,,,,
2021-05-13,0.16,1.66,-0.85,2.51,2.04,,1.207,1.4033,109.56,-0.5,0.0,,0.0494,,,,
2021-05-14,0.16,1.63,-0.88,2.51,2.03,,1.2141,1.4096,109.37,-0.5,0.0,,0.0497,,,,
2021-05-15,,,,,,,,,,-0.5,0.0,,,,,,
2021-05-16,,,,,,,,,,-0.5,0.0,,,,,,
2021-05-17,0.16,1.64,-0.9,2.54,2.02,,1.2155,1.4127,109.17,-0.5,0.0,,0.0483,,,,
2021-05-18,0.16,1.64,-0.88,2.52,2.03,,1.2203,1.4184,109.01,-0.5,0.0,,0.0493,,,,
2021-05-19,0.16,1.68,-0.8,2.48,2.02,7922883.0,1.2216,1.4169,108.76,-0.5,0.0,,0.049,,,,
2021-05-20,0.15,1.63,-0.78,2.41,2.02,,1.2225,1.4182,108.79,-0.5,0.0,,0.0493,,,,
2021-05-21,0.17,1.63,-0.8,2.43,2.01,,1.2178,1.4158,108.94,-0.5,0.0,,0.0495,,,,
2021-05-22,,,,,,,,,,-0.5,0.0,,,,,,
2021-05-23,,,,,,,,,,-0.5,0.0,,,,,,
2021-05-24,0.15,1.61,-0.83,2.44,2.0,,1.221,1.4147,108.81,-0.5,0.0,,0.0497,,,,
2021-05-25,0.15,1.56,-0.86,2.42,2.01,,1.2233,1.4123,108.95,-0.5,0.0,,0.0496,,,,
2021-05-26,0.14,1.58,-0.82,2.4,1.98,7903541.0,1.2204,1.4129,109.1,-0.5,0.0,,0.05,,,,
2021-05-27,0.14,1.61,-0.81,2.42,1.98,,1.2194,1.4172,109.81,-0.5,0.0,,0.0501,,,,
2021-05-28,0.14,1.58,-0.84,2.42,1.99,,1.2194,1.4188,109.83,-0.5,0.0,,0.0516,,,,
2021-05-29,,,,,,,,,,-0.5,0.0,,,,,,
2021-05-30,,,,,,,,,,-0.5,0.0,,,,,,
2021-05-31,,,,,,,,,,-0.5,0.0,,,,,,
2021-06-01,0.16,1.62,-0.84,2.46,1.97,,1.2241,1.4168,109.43,-0.5,0.0,0.303973297148943,0.0498,0.8549,-0.029,0.05,-0.2
2021-06-02,0.13,1.59,-0.85,2.44,1.98,7935703.0,1.2213,1.4177,109.59,-0.5,0.0,,0.0498,,,,
2021-06-03,0.16,1.63,-0.79,2.42,1.96,,1.2122,1.4099,110.28,-0.5,0.0,,0.0502,,,,
2021-06-04,0.14,1.56,-0.84,2.4,1.98,,1.2173,1.4175,109.42,-0.5,0.0,,0.05,,,,
2021-06-05,,,,,,,,,,-0.5,0.0,,,,,,
2021-06-06,,,,,,,,,,-0.5,0.0,,,,,,
2021-06-07,0.16,1.57,-0.82,2.39,1.98,,1.22,1.4179,109.25,-0.5,0.0,,0.0504,,,,
2021-06-08,0.14,1.53,-0.83,2.36,1.98,,1.218,1.4146,109.47,-0.5,0.0,,0.0505,,,,
2021-06-09,0.16,1.5,-0.82,2.32,1.96,7952327.0,1.2184,1.4124,109.61,-0.5,0.0,,0.0502,,,,
2021-06-10,0.14,1.45,-0.9,2.35,2.0,,1.2173,1.4165,109.49,-0.5,0.0,,0.0499,,,,
2021-06-11,0.16,1.47,-0.85,2.32,1.97,,1.2101,1.4114,109.75,-0.5,0.0,,0.0501,,,,
2021-06-12,,,,,,,,,,-0.5,0.0,,,,,,
2021-06-13,,,,,,,,,,-0.5,0.0,,,,,,
2021-06-14,0.16,1.51,-0.85,2.36,1.96,,1.2126,1.4116,109.98,-0.5,0.0,,0.0499,,,,
2021-06-15,0.16,1.51,-0.87,2.38,1.96,,1.212,1.4073,110.12,-0.5,0.0,,0.0499,,,,
2021-06-16,0.21,1.57,-0.75,2.32,1.91,8064257.0,1.2119,1.411,109.88,-0.5,0.0,,0.05,,,,
2021-06-17,0.23,1.52,-0.75,2.27,1.84,,1.1911,1.3916,110.28,-0.5,0.0,,0.05,,,,
2021-06-18,0.26,1.45,-0.79,2.24,1.85,,1.1872,1.3817,110.21,-0.5,0.0,,0.0502,,,,
2021-06-19,,,,,,,,,,-0.5,0.0,,,,,,
2021-06-20,,,,,,,,,,-0.5,0.0,,,,,,
2021-06-21,0.27,1.5,-0.75,2.25,1.88,,1.1909,1.3915,110.22,-0.5,0.0,,0.0498,,,,
2021-06-22,0.25,1.48,-0.83,2.31,1.9,,1.191,1.3921,110.75,-0.5,0.0,,0.0502,,,,
2021-06-23,0.26,1.5,-0.84,2.34,1.89,8101945.0,1.195,1.3977,110.86,-0.5,0.0,,0.05,,,,
2021-06-24,0.26,1.49,-0.81,2.3,1.88,,1.1927,1.3907,110.91,-0.5,0.0,,0.05,,,,
2021-06-25,0.28,1.54,-0.8,2.34,1.9,,1.194,1.3899,110.78,-0.5,0.0,,0.0502,,,,
2021-06-26,,,,,,,,,,-0.5,0.0,,,,,,
2021-06-27,,,,,,,,,,-0.5,0.0,,,,,,
2021-06-28,0.25,1.49,-0.84,2.33,1.88,,1.1938,1.3895,110.5,-0.5,0.0,,0.0495,,,,
2021-06-29,0.27,1.49,-0.83,2.32,1.87,,1.1905,1.3845,110.53,-0.5,0.0,,0.0493,,,,
2021-06-30,0.25,1.45,-0.87,2.32,1.87,8078544.0,1.1848,1.3806,111.05,-0.5,0.0,,0.0466,,,,
2021-07-01,0.25,1.48,-0.87,2.35,1.86,,1.1857,1.378,111.56,-0.5,0.0,0.163364532874183,0.0496,0.6979,-0.036,0.015,-0.373
2021-07-02,0.24,1.44,-0.89,2.33,1.87,,1.1848,1.3795,111.28,-0.5,0.0,,0.0505,,,,
2021-07-03,,,,,,,,,,-0.5,0.0,,,,,,
2021-07-04,,,,,,,,,,-0.5,0.0,,,,,,
2021-07-05,,,,,,,,,,-0.5,0.0,,0.0504,,,,
2021-07-06,0.22,1.37,-0.94,2.31,1.9,,1.1816,1.3792,110.66,-0.5,0.0,,0.0502,,,,
2021-07-07,0.22,1.33,-0.95,2.28,1.89,8097773.0,1.1803,1.3792,110.62,-0.5,0.0,,0.0506,,,,
2021-07-08,0.19,1.3,-0.92,2.22,1.91,,1.184,1.3767,109.82,-0.5,0.0,,0.0508,,,,
2021-07-09,0.23,1.37,-0.91,2.28,1.91,,1.1861,1.3842,110.18,-0.5,0.0,,0.0504,,,,
2021-07-10,,,,,,,,,,-0.5,0.0,,,,,,
2021-07-11,,,,,,,,,,-0.5,0.0,,,,,,
2021-07-12,0.23,1.38,-0.95,2.33,1.91,,1.1858,1.3886,110.36,-0.5,0.0,,0.0503,,,,
2021-07-13,0.26,1.42,-0.94,2.36,1.91,,1.1813,1.3847,110.36,-0.5,0.0,,0.0507,,,,
2021-07-14,0.23,1.37,-0.97,2.34,1.91,8201651.0,1.1826,1.3854,110.03,-0.5,0.0,,0.0508,,,,
2021-07-15,0.23,1.31,-1.01,2.32,1.92,,1.1806,1.3849,110.05,-0.5,0.0,,0.0508,,,,
2021-07-16,0.25,1.31,-1.02,2.33,1.93,,1.181,1.3785,110.13,-0.5,0.0,,0.0506,,,,
2021-07-17,,,,,,,,,,-0.5,0.0,,,,,,
2021-07-18,,,,,,,,,,-0.5,0.0,,,,,,
2021-07-19,0.21,1.19,-1.05,2.24,1.97,,1.1804,1.369,109.45,-0.5,0.0,,0.0508,,,,
2021-07-20,0.2,1.23,-1.03,2.26,1.98,,1.1776,1.3615,109.92,-0.5,0.0,,0.051,,,,
2021-07-21,0.22,1.3,-0.98,2.28,1.96,8240530.0,1.1799,1.3695,110.22,-0.5,0.0,,0.0507,,,,
2021-07-22,0.2,1.27,-1.01,2.28,1.95,,1.1771,1.375,110.1,-0.5,0.0,,0.0507,,,,
2021-07-23,0.22,1.3,-1.05,2.35,1.93,,1.1761,1.3749,110.52,-0.5,0.0,,0.0507,,,,
2021-07-24,,,,,,,,,,-0.5,0.0,,,,,,
2021-07-25,,,,,,,,,,-0.5,0.0,,,,,,
2021-07-26,0.22,1.29,-1.11,2.4,1.94,,1.181,1.3829,110.31,-0.5,0.0,,0.0502,,,,
2021-07-27,0.2,1.25,-1.13,2.38,1.95,,1.1831,1.3884,109.64,-0.5,0.0,,0.0507,,,,
2021-07-28,0.2,1.26,-1.15,2.41,1.96,8221473.0,1.1809,1.3884,110.06,-0.5,0.0,,0.0507,,,,
2021-07-29,0.2,1.28,-1.15,2.43,1.94,,1.1886,1.3966,109.53,-0.5,0.0,,0.0504,,,,
2021-07-30,0.19,1.24,-1.16,2.4,1.95,,1.1864,1.3913,109.7,-0.5,0.0,,0.0506,,,,
2021-07-31,,,,,,,,,,-0.5,0.0,,,,,,
2021-08-01,,,,,,,,,,-0.5,0.0,0.0594693793304723,,0.644,-0.034,0.02,-0.347
2021-08-02,0.17,1.2,-1.17,2.37,1.95,,1.1873,1.3886,109.22,-0.5,0.0,,0.0504,,,,
2021-08-03,0.17,1.19,-1.19,2.38,1.97,,1.1859,1.3905,109.09,-0.5,0.0,,0.0503,,,,
2021-08-04,0.17,1.19,-1.16,2.35,1.96,8235073.0,1.1841,1.3912,109.44,-0.5,0.0,,0.0504,,,,
2021-08-05,0.21,1.23,-1.1,2.33,1.95,,1.1838,1.3929,109.75,-0.5,0.0,,0.0503,,,,
2021-08-06,0.21,1.31,-1.06,2.37,1.94,,1.1761,1.3873,110.22,-0.5,0.0,,0.0503,,,,
2021-08-07,,,,,,,,,,-0.5,0.0,,,,,,
2021-08-08,,,,,,,,,,-0.5,0.0,,,,,,
2021-08-09,0.23,1.33,-1.04,2.37,1.95,,1.1749,1.3852,110.25,-0.5,0.0,,0.0498,,,,
2021-08-10,0.24,1.36,-1.04,2.4,1.95,,1.1722,1.384,110.54,-0.5,0.0,,0.0501,,,,
2021-08-11,0.23,1.35,-1.07,2.42,1.99,8257159.0,1.1737,1.3866,110.47,-0.5,0.0,,0.0503,,,,
2021-08-12,0.23,1.36,-1.05,2.41,1.99,,1.1736,1.3833,110.36,-0.5,0.0,,0.0504,,,,
2021-08-13,0.23,1.29,-1.08,2.37,1.98,,1.1796,1.3857,109.75,-0.5,0.0,,0.0504,,,,
2021-08-14,,,,,,,,,,-0.5,0.0,,,,,,
2021-08-15,,,,,,,,,,-0.5,0.0,,,,,,
2021-08-16,0.21,1.26,-1.1,2.36,1.97,,1.1776,1.3849,109.26,-0.5,0.0,,0.0505,,,,
2021-08-17,0.23,1.26,-1.07,2.33,1.98,,1.1714,1.3739,109.59,-0.5,0.0,,0.0503,,,,
2021-08-18,0.23,1.27,-1.05,2.32,1.97,8342598.0,1.1702,1.3749,109.92,-0.5,0.0,,0.0505,,,,
2021-08-19,0.22,1.24,-1.04,2.28,1.98,,1.1693,1.3673,109.75,-0.5,0.0,,0.051,,,,
2021-08-20,0.23,1.26,-1.01,2.27,1.96,,1.169,1.3625,109.77,-0.5,0.0,,0.0508,,,,
2021-08-21,,,,,,,,,,-0.5,0.0,,,,,,
2021-08-22,,,,,,,,,,-0.5,0.0,,,,,,
2021-08-23,0.23,1.25,-1.02,2.27,1.97,,1.1732,1.3717,109.78,-0.5,0.0,,0.0505,,,,
2021-08-24,0.24,1.29,-1.01,2.3,1.95,,1.1746,1.3716,109.68,-0.5,0.0,,0.0505,,,,
2021-08-25,0.23,1.35,-1.0,2.35,1.93,8332743.0,1.1758,1.3723,110.03,-0.5,0.0,,0.0504,,,,
2021-08-26,0.25,1.34,-0.99,2.33,1.92,,1.1761,1.3712,110.09,-0.5,0.0,,0.0505,,,,
2021-08-27,0.22,1.31,-1.08,2.39,1.92,,1.1794,1.3769,109.84,-0.5,0.0,,0.0507,,,,
2021-08-28,,,,,,,,,,-0.5,0.0,,,,,,
2021-08-29,,,,,,,,,,-0.5,0.0,,,,,,
2021-08-30,0.2,1.29,-1.08,2.37,1.92,,1.1795,1.3758,109.91,-0.5,0.0,,,,,,
2021-08-31,0.2,1.3,-1.03,2.33,1.94,,1.18,1.3747,110.05,-0.5,0.0,,0.0502,,,,
2021-09-01,0.2,1.31,-1.03,2.34,1.92,8349173.0,1.185,1.379,110.03,-0.5,0.0,0.19708119822436,0.0503,0.8023,-0.022,0.065,-0.166
2021-09-02,0.2,1.29,-1.03,2.32,1.92,,1.1858,1.3825,110.01,-0.5,0.0,,0.0501,,,,
2021-09-03,0.21,1.33,-1.01,2.34,1.91,,1.1884,1.3862,109.64,-0.5,0.0,,0.0499,,,,
2021-09-04,,,,,,,,,,-0.5,0.0,,,,,,
2021-09-05,,,,,,,,,,-0.5,0.0,,,,,,
2021-09-06,,,,,,,,,,-0.5,0.0,,0.0503,,,,
2021-09-07,0.22,1.38,-0.98,2.36,1.91,,1.1849,1.3792,110.17,-0.5,0.0,,0.0507,,,,
2021-09-08,0.22,1.35,-1.03,2.38,1.91,8357314.0,1.1818,1.3761,110.32,-0.5,0.0,,0.0505,,,,
2021-09-09,0.23,1.3,-1.08,2.38,1.9,,1.1827,1.3855,109.76,-0.5,0.0,,0.0503,,,,
2021-09-10,0.23,1.35,-1.05,2.4,1.88,,1.1821,1.3847,109.93,-0.5,0.0,,0.0509,,,,
2021-09-11,,,,,,,,,,-0.5,0.0,,,,,,
2021-09-12,,,,,,,,,,-0.5,0.0,,,,,,
2021-09-13,0.21,1.33,-1.04,2.37,1.87,,1.1809,1.3844,109.94,-0.5,0.0,,0.0506,,,,
2021-09-14,0.21,1.28,-1.05,2.33,1.87,,1.1824,1.3848,109.66,-0.5,0.0,,0.0499,,,,
2021-09-15,0.21,1.31,-1.04,2.35,1.85,8448770.0,1.1811,1.3837,109.4,-0.5,0.0,,0.0499,,,,
2021-09-16,0.23,1.34,-1.01,2.35,1.84,,1.1764,1.3785,109.67,-0.5,0.0,,0.0501,,,,
2021-09-17,0.23,1.37,-0.96,2.33,1.83,,1.1734,1.3755,109.94,-0.5,0.0,,0.0502,,,,
2021-09-18,,,,,,,,,,-0.5,0.0,,,,,,
2021-09-19,,,,,,,,,,-0.5,0.0,,,,,,
2021-09-20,0.23,1.31,-0.98,2.29,1.84,,1.1729,1.3656,109.47,-0.5,0.0,,0.05,,,,
2021-09-21,0.22,1.33,-0.96,2.29,1.83,,1.1724,1.3663,109.33,-0.5,0.0,,0.05,,,,
2021-09-22,0.25,1.32,-0.96,2.28,1.83,8489824.0,1.1739,1.3669,109.59,-0.5,0.0,,0.0499,,,,
2021-09-23,0.27,1.41,-0.9,2.31,1.81,,1.1735,1.3745,110.17,-0.5,0.0,,0.049,,,,
2021-09-24,0.29,1.47,-0.87,2.34,1.8,,1.1715,1.3681,110.72,-0.5,0.0,,0.05,,,,
2021-09-25,,,,,,,,,,-0.5,0.0,,,,,,
2021-09-26,,,,,,,,,,-0.5,0.0,,,,,,
2021-09-27,0.31,1.48,-0.87,2.35,1.78,,1.1702,1.3712,110.97,-0.5,0.0,,0.0496,,,,
2021-09-28,0.31,1.54,-0.84,2.38,1.8,,1.1681,1.3537,111.33,-0.5,0.0,,0.0495,,,,
2021-09-29,0.3,1.55,-0.82,2.37,1.81,8447981.0,1.1612,1.3439,111.83,-0.5,0.0,,0.0493,,,,
2021-09-30,0.28,1.52,-0.85,2.37,1.85,,1.1577,1.347,111.5,-0.5,0.0,,0.0479,,,,
2021-10-01,0.27,1.48,-0.9,2.38,1.85,,1.1598,1.3572,110.97,-0.5,0.0,0.352497867398119,0.05,1.083,-0.027,0.095,-0.046
2021-10-02,,,,,,,,,,-0.5,0.0,,,,,,
2021-10-03,,,,,,,,,,-0.5,0.0,,,,,,
2021-10-04,0.27,1.49,-0.89,2.38,1.85,,1.1622,1.3602,110.94,-0.5,0.0,,0.0503,,,,
2021-10-05,0.28,1.54,-0.91,2.45,1.84,,1.1609,1.364,111.39,-0.5,0.0,,0.0505,,,,
2021-10-06,0.3,1.53,-0.9,2.43,1.84,8464032.0,1.1546,1.3569,111.33,-0.5,0.0,,0.0513,,,,
2021-10-07,0.32,1.58,-0.88,2.46,1.85,,1.1561,1.3634,111.5,-0.5,0.0,,0.0512,,,,
2021-10-08,0.32,1.61,-0.89,2.5,1.84,,1.1572,1.363,112.15,-0.5,0.0,,0.0507,,,,
2021-10-09,,,,,,,,,,-0.5,0.0,,,,,,
2021-10-10,,,,,,,,,,-0.5,0.0,,,,,,
2021-10-11,,,,,,,,,,-0.5,0.0,,0.0505,,,,
2021-10-12,0.35,1.59,-0.9,2.49,1.82,,1.1541,1.3605,113.69,-0.5,0.0,,0.0514,,,,
2021-10-13,0.37,1.56,-0.96,2.52,1.79,8480942.0,1.1568,1.3645,113.49,-0.5,0.0,,0.0508,,,,
2021-10-14,0.36,1.52,-1.0,2.52,1.81,,1.1591,1.3684,113.59,-0.5,0.0,,0.0508,,,,
2021-10-15,0.41,1.59,-0.97,2.56,1.76,,1.1594,1.3756,114.31,-0.5,0.0,,0.0502,,,,
2021-10-16,,,,,,,,,,-0.5,0.0,,,,,,
2021-10-17,,,,,,,,,,-0.5,0.0,,,,,,
2021-10-18,0.44,1.59,-0.95,2.54,1.72,,1.1609,1.3726,114.22,-0.5,0.0,,0.0504,,,,
2021-10-19,0.41,1.65,-0.89,2.54,1.72,,1.1632,1.3807,114.27,-0.5,0.0,,0.0499,,,,
2021-10-20,0.4,1.65,-0.92,2.57,1.75,8564943.0,1.1643,1.3821,114.24,-0.5,0.0,,0.0501,,,,
2021-10-21,0.45,1.68,-0.96,2.64,1.74,,1.1643,1.3812,113.75,-0.5,0.0,,0.05,,,,
2021-10-22,0.48,1.66,-0.98,2.64,1.72,,1.1632,1.3741,113.54,-0.5,0.0,,0.05,,,,
2021-10-23,,,,,,,,,,-0.5,0.0,,,,,,
2021-10-24,,,,,,,,,,-0.5,0.0,,,,,,
2021-10-25,0.47,1.64,-1.02,2.66,1.73,,1.1609,1.3773,113.7,-0.5,0.0,,0.0498,,,,
2021-10-26,0.47,1.63,-1.06,2.69,1.71,,1.159,1.3772,114.19,-0.5,0.0,,0.0498,,,,
2021-10-27,0.5,1.54,-1.11,2.65,1.69,8556181.0,1.16,1.3739,113.75,-0.5,0.0,,0.0485,,,,
2021-10-28,0.5,1.57,-1.0,2.57,1.69,,1.1685,1.3804,113.38,-0.5,0.0,,0.0481,,,,
2021-10-29,0.48,1.55,-0.96,2.51,1.69,,1.1552,1.3686,114.03,-0.5,0.0,,0.0503,,,,
2021-10-30,,,,,,,,,,-0.5,0.0,,,,,,
2021-10-31,,,,,,,,,,-0.5,0.0,,,,,,
2021-11-01,0.5,1.58,-0.92,2.5,1.69,,1.1591,1.3679,114.19,-0.5,0.0,0.31220618663745,0.0477,0.9394,-0.039,0.05,-0.234
2021-11-02,0.46,1.56,-0.95,2.51,1.71,,1.1581,1.3612,113.78,-0.5,0.0,,0.048,,,,
2021-11-03,0.47,1.6,-0.93,2.53,1.7,8574871.0,1.1584,1.3659,114.06,-0.5,0.0,,0.0481,,,,
2021-11-04,0.41,1.53,-1.03,2.56,1.73,,1.1546,1.3494,113.63,-0.5,0.0,,0.0483,,,,
2021-11-05,0.39,1.45,-1.09,2.54,1.73,,1.1554,1.3491,113.45,-0.5,0.0,,0.0468,,,,
2021-11-06,,,,,,,,,,-0.5,0.0,,,,,,
2021-11-07,,,,,,,,,,-0.5,0.0,,,,,,
2021-11-08,0.45,1.51,-1.11,2.62,1.67,,1.159,1.3563,113.15,-0.5,0.0,,0.0467,,,,
2021-11-09,0.41,1.46,-1.17,2.63,1.67,,1.1589,1.3551,112.87,-0.5,0.0,,0.0468,,,,
2021-11-10,0.51,1.56,-1.14,2.7,1.66,8663117.0,1.1517,1.347,113.89,-0.5,0.0,,0.0465,,,,
2021-11-11,,,,,,,,,,-0.5,0.0,,0.0466,,,,
2021-11-12,0.53,1.58,-1.15,2.73,1.69,,1.1443,1.3412,113.9,-0.5,0.0,,0.047,,,,
2021-11-13,,,,,,,,,,-0.5,0.0,,,,,,
2021-11-14,,,,,,,,,,-0.5,0.0,,,,,,
2021-11-15,0.53,1.63,-1.13,2.76,1.7,,1.1421,1.3444,113.96,-0.5,0.0,,0.0473,,,,
2021-11-16,0.54,1.63,-1.1,2.73,1.72,,1.1333,1.3429,114.62,-0.5,0.0,,0.0465,,,,
2021-11-17,0.52,1.6,-1.1,2.7,1.74,8674970.0,1.1322,1.3488,114.33,-0.5,0.0,,0.0469,,,,
2021-11-18,0.52,1.59,-1.14,2.73,1.73,,1.1358,1.3489,114.22,-0.5,0.0,,0.0467,,,,
2021-11-19,0.52,1.54,-1.11,2.65,1.73,,1.1318,1.3474,113.81,-0.5,0.0,,0.0464,,,,
2021-11-20,,,,,,,,,,-0.5,0.0,,,,,,
2021-11-21,,,,,,,,,,-0.5,0.0,,,,,,
2021-11-22,0.63,1.63,-0.98,2.61,1.71,,1.126,1.3412,114.69,-0.5,0.0,,0.0468,,,,
2021-11-23,0.6,1.67,-0.95,2.62,1.73,,1.1265,1.3388,114.98,-0.5,0.0,,0.0466,,,,
2021-11-24,0.64,1.64,-0.97,2.61,1.72,8681771.0,1.1196,1.3332,115.34,-0.5,0.0,,0.0462,,,,
2021-11-25,,,,,,,,,,-0.5,0.0,,0.0465,,,,
2021-11-26,0.5,1.48,-1.07,2.55,1.82,,1.1302,1.3322,113.46,-0.5,0.0,,0.0461,,,,
2021-11-27,,,,,,,,,,-0.5,0.0,,,,,,
2021-11-28,,,,,,,,,,-0.5,0.0,,,,,,
2021-11-29,0.51,1.52,-1.02,2.54,1.81,,1.1261,1.3291,113.75,-0.5,0.0,,0.0464,,,,
2021-11-30,0.52,1.43,-1.07,2.5,1.81,,1.1287,1.3252,113.22,-0.5,0.0,,0.0455,,,,
2021-12-01,0.56,1.43,-1.01,2.44,1.81,8650402.0,1.1323,1.3308,112.82,-0.5,0.0,0.278432004803968,0.0459,0.8375,-0.026,0.07,-0.127
2021-12-02,0.63,1.44,-1.03,2.47,1.8,,1.1306,1.3305,113.1,-0.5,0.0,,0.0457,,,,
2021-12-03,0.6,1.35,-1.08,2.43,1.81,,1.1308,1.3234,112.88,-0.5,0.0,,0.0457,,,,
2021-12-04,,,,,,,,,,-0.5,0.0,,,,,,
2021-12-05,,,,,,,,,,-0.5,0.0,,,,,,
2021-12-06,0.65,1.43,-1.01,2.44,1.79,,1.1282,1.3252,113.31,-0.5,0.0,,0.0456,,,,
2021-12-07,0.7,1.48,-0.99,2.47,1.75,,1.1247,1.3236,113.61,-0.5,0.0,,0.0453,,,,
2021-12-08,0.68,1.52,-1.0,2.52,1.79,8664524.0,1.133,1.3236,113.83,-0.5,0.0,,0.0457,,,,
2021-12-09,0.7,1.49,-0.98,2.47,1.81,,1.1285,1.3188,113.53,-0.5,0.0,,0.0458,,,,
2021-12-10,0.67,1.48,-0.96,2.44,1.83,,1.1312,1.3262,113.36,-0.5,0.0,,0.0451,,,,
2021-12-11,,,,,,,,,,-0.5,0.0,,,,,,
2021-12-12,,,,,,,,,,-0.5,0.0,,,,,,
2021-12-13,0.66,1.42,-0.98,2.4,1.82,,1.1298,1.3233,113.42,-0.5,0.0,,0.0453,,,,
2021-12-14,0.67,1.44,-0.93,2.37,1.82,,1.1267,1.3225,113.63,-0.5,0.0,,0.0453,,,,
2021-12-15,0.69,1.47,-0.92,2.39,1.83,8756666.0,1.1261,1.3214,113.83,-0.5,0.0,,0.045,,,,
2021-12-16,0.64,1.44,-0.98,2.42,1.87,,1.1309,1.3325,113.67,-0.5,0.0,,0.1622,,,,
2021-12-17,0.66,1.41,-0.97,2.38,1.87,,1.1277,1.3269,113.56,-0.5,0.0,,0.1937,,,,
2021-12-18,,,,,,,,,,-0.5,0.0,,,,,,
2021-12-19,,,,,,,,,,-0.5,0.0,,,,,,
2021-12-20,0.65,1.43,-0.96,2.39,1.89,,1.1298,1.3222,113.45,-0.5,0.0,,0.1938,,,,
2021-12-21,0.7,1.48,-0.96,2.44,1.88,,1.1272,1.3253,114.11,-0.5,0.0,,0.1932,,,,
2021-12-22,0.68,1.46,-1.01,2.47,1.86,8790495.0,1.1324,1.3345,114.22,-0.5,0.0,,0.1926,,,,
2021-12-23,0.71,1.5,-0.97,2.47,1.86,,1.132,1.341,114.42,-0.5,0.0,,0.1928,,,,
2021-12-24,,,,,,,,,,-0.5,0.0,,0.1929,,,,
2021-12-25,,,,,,,,,,-0.5,0.0,,,,,,
2021-12-26,,,,,,,,,,-0.5,0.0,,,,,,
2021-12-27,0.76,1.48,-1.02,2.5,1.86,,1.1329,1.3438,114.85,-0.5,0.0,,,,,,
2021-12-28,0.74,1.49,-1.01,2.5,1.86,,1.1314,1.3432,114.75,-0.5,0.0,,,,,,
2021-12-29,0.75,1.55,-0.98,2.53,1.85,8757460.0,1.1337,1.3475,114.97,-0.5,0.0,,0.1922,,,,
2021-12-30,0.73,1.52,-1.06,2.58,1.85,,1.1318,1.35,115.17,-0.5,0.0,,0.1922,,,,
2021-12-31,0.73,1.52,-1.04,2.56,,,,,,-0.5,0.0,,0.1906,,,,
2022-01-01,,,,,,,,,,-0.5,0.0,0.534543052161387,,1.2051,-0.02,0.17,0.045
2022-01-02,,,,,,,,,,-0.5,0.0,,,,,,
2022-01-03,0.78,1.63,-0.97,2.6,1.82,,1.129,1.3469,115.27,-0.5,0.0,,,,,,
2022-01-04,0.77,1.66,-0.91,2.57,1.84,,1.1296,1.3544,116.12,-0.5,0.0,,0.1947,,,,
2022-01-05,0.83,1.71,-0.82,2.53,1.8,8765721.0,1.1335,1.3573,115.91,-0.5,0.0,,0.1948,,,,
2022-01-06,0.88,1.73,-0.73,2.46,1.78,,1.1307,1.3539,115.78,-0.5,0.0,,0.1947,,,,
2022-01-07,0.87,1.76,-0.72,2.48,1.78,,1.1358,1.3583,115.61,-0.5,0.0,,0.195,,,,
2022-01-08,,,,,,,,,,-0.5,0.0,,,,,,
2022-01-09,,,,,,,,,,-0.5,0.0,,,,,,
2022-01-10,0.92,1.78,-0.7,2.48,1.76,,1.1328,1.3567,115.14,-0.5,0.0,,0.1948,,,,
2022-01-11,0.9,1.75,-0.79,2.54,1.76,,1.1363,1.3622,115.38,-0.5,0.0,,0.1952,,,,
2022-01-12,0.92,1.74,-0.74,2.48,1.77,8788278.0,1.1431,1.3698,114.74,-0.5,0.0,,0.1958,,,,
2022-01-13,0.91,1.7,-0.73,2.43,1.8,,1.1464,1.3724,114.06,-0.5,0.0,,0.1959,,,,
2022-01-14,0.99,1.78,-0.66,2.44,1.79,,1.1414,1.367,113.89,-0.5,0.0,,0.1959,,,,
2022-01-15,,,,,,,,,,-0.5,0.0,,,,,,
2022-01-16,,,,,,,,,,-0.5,0.0,,,,,,
2022-01-17,,,,,,,,,,-0.5,0.0,,0.196,,,,
2022-01-18,1.06,1.87,-0.59,2.46,1.78,,1.1336,1.3588,114.6,-0.5,0.0,,0.1959,,,,
2022-01-19,1.04,1.83,-0.57,2.4,1.77,8867834.0,1.1346,1.3625,114.28,-0.5,0.0,,0.1964,,,,
2022-01-20,1.08,1.83,-0.5,2.33,1.79,,1.1336,1.3642,114.08,-0.5,0.0,,0.1966,,,,
2022-01-21,1.01,1.75,-0.59,2.34,1.84,,1.1346,1.3562,113.72,-0.5,0.0,,0.1967,,,,
2022-01-22,,,,,,,,,,-0.5,0.0,,,,,,
2022-01-23,,,,,,,,,,-0.5,0.0,,,,,,
2022-01-24,0.99,1.75,-0.63,2.38,1.89,,1.131,1.3447,113.82,-0.5,0.0,,0.1955,,,,
2022-01-25,1.02,1.78,-0.63,2.41,1.91,,1.1283,1.3495,113.88,-0.5,0.0,,0.1954,,,,
2022-01-26,1.13,1.85,-0.53,2.38,1.84,8860485.0,1.1279,1.3516,114.33,-0.5,0.0,,0.1956,,,,
2022-01-27,1.18,1.81,-0.59,2.4,1.86,,1.1141,1.3385,115.47,-0.5,0.0,,0.1957,,,,
2022-01-28,1.15,1.78,-0.66,2.44,1.91,,1.116,1.3417,115.21,-0.5,0.0,,0.1957,,,,
2022-01-29,,,,,,,,,,-0.5,0.0,,,,,,
2022-01-30,,,,,,,,,,-0.5,0.0,,,,,,
2022-01-31,1.18,1.79,-0.65,2.44,1.93,,1.1212,1.3439,115.22,-0.5,0.0,,0.1989,,,,
2022-02-01,1.18,1.81,-0.62,2.43,1.92,,1.1239,1.3505,114.77,-0.5,0.0,0.944137981439139,0.1957,1.4891,-0.018,0.18,0.263
2022-02-02,1.16,1.78,-0.63,2.41,1.91,8873211.0,1.1299,1.3565,114.36,-0.5,0.0,,0.196,,,,
2022-02-03,1.19,1.82,-0.56,2.38,1.92,,1.1425,1.3602,114.88,-0.5,0.0,,0.4403,,,,
2022-02-04,1.31,1.93,-0.48,2.41,1.92,,1.1455,1.3543,115.22,-0.5,0.0,,0.4453,,,,
2022-02-05,,,,,,,,,,-0.5,0.0,,,,,,
2022-02-06,,,,,,,,,,-0.5,0.0,,,,,,
2022-02-07,1.3,1.92,-0.48,2.4,1.93,,1.1434,1.3533,115.09,-0.5,0.0,,0.4457,,,,
2022-02-08,1.35,1.96,-0.46,2.42,1.91,,1.1416,1.3552,115.62,-0.5,0.0,,0.4448,,,,
2022-02-09,1.36,1.94,-0.48,2.42,1.92,8878009.0,1.1435,1.354,115.44,-0.5,0.0,,0.445,,,,
2022-02-10,1.61,2.03,-0.42,2.45,1.91,,1.1487,1.3636,115.84,-0.5,0.0,,0.4455,,,,
2022-02-11,1.5,1.92,-0.51,2.43,2.0,,1.1404,1.3601,115.91,-0.5,0.0,,0.4452,,,,
2022-02-12,,,,,,,,,,-0.5,0.0,,,,,,
2022-02-13,,,,,,,,,,-0.5,0.0,,,,,,
2022-02-14,1.58,1.98,-0.5,2.48,2.0,,1.1306,1.3516,115.72,-0.5,0.0,,0.4448,,,,
2022-02-15,1.58,2.05,-0.43,2.48,1.99,,1.1363,1.3539,115.64,-0.5,0.0,,0.445,,,,
2022-02-16,1.52,2.03,-0.43,2.46,2.05,8911033.0,1.1381,1.3585,115.41,-0.5,0.0,,0.4449,,,,
2022-02-17,1.49,1.97,-0.46,2.43,2.12,,1.1364,1.3624,115.03,-0.5,0.0,,0.4449,,,,
2022-02-18,1.47,1.92,-0.49,2.41,2.13,,1.1327,1.3585,115.08,-0.5,0.0,,0.4453,,,,
2022-02-19,,,,,,,,,,-0.5,0.0,,,,,,
2022-02-20,,,,,,,,,,-0.5,0.0,,,,,,
2022-02-21,,,,,,,,,,-0.5,0.0,,0.4442,,,,
2022-02-22,1.56,1.94,-0.51,2.45,2.13,,1.1342,1.3597,114.94,-0.5,0.0,,0.4449,,,,
2022-02-23,1.58,1.99,-0.54,2.53,2.1,8928129.0,1.1316,1.3555,115.12,-0.5,0.0,,0.4451,,,,
2022-02-24,1.54,1.96,-0.59,2.55,2.24,,1.1154,1.336,115.45,-0.5,0.0,,0.4451,,,,
2022-02-25,1.55,1.97,-0.57,2.54,2.2,,1.1261,1.3407,115.62,-0.5,0.0,,0.4449,,,,
2022-02-26,,,,,,,,,,-0.5,0.0,,,,,,
2022-02-27,,,,,,,,,,-0.5,0.0,,,,,,
2022-02-28,1.44,1.83,-0.79,2.62,2.34,,1.1224,1.3419,115.11,-0.5,0.0,,0.4451,,,,
2022-03-01,1.31,1.72,-0.9,2.62,2.25,,1.1103,1.3318,114.87,-0.5,0.0,1.05348656280789,0.4451,1.5457,-0.008,0.21,0.677
2022-03-02,1.5,1.86,-0.85,2.71,2.24,8904455.0,1.1102,1.3365,115.59,-0.5,0.0,,0.445,,,,
2022-03-03,1.53,1.86,-0.83,2.69,2.24,,1.1053,1.3326,115.67,-0.5,0.0,,0.4452,,,,
2022-03-04,1.5,1.74,-0.93,2.67,2.31,,1.0912,1.3214,114.65,-0.5,0.0,,0.445,,,,
2022-03-05,,,,,,,,,,-0.5,0.0,,,,,,
2022-03-06,,,,,,,,,,-0.5,0.0,,,,,,
2022-03-07,1.55,1.78,-0.99,2.77,2.32,,1.086,1.3115,115.41,-0.5,0.0,,0.4448,,,,
2022-03-08,1.63,1.86,-1.04,2.9,2.35,,1.0881,1.3101,115.64,-0.5,0.0,,0.4444,,,,
2022-03-09,1.68,1.94,-0.9,2.84,2.32,8910748.0,1.1069,1.316,115.87,-0.5,0.0,,0.4444,,,,
2022-03-10,1.72,1.98,-0.88,2.86,2.38,,1.1007,1.3108,116.05,-0.5,0.0,,0.4451,,,,
2022-03-11,1.75,2.0,-0.94,2.94,2.35,,1.0937,1.3063,117.08,-0.5,0.0,,0.4449,,,,
2022-03-12,,,,,,,,,,-0.5,0.0,,,,,,
2022-03-13,,,,,,,,,,-0.5,0.0,,,,,,
2022-03-14,1.87,2.14,-0.79,2.93,2.33,,1.0979,1.3044,118.0,-0.5,0.0,,0.4445,,,,
2022-03-15,1.85,2.15,-0.69,2.84,2.36,,1.0974,1.3065,118.19,-0.5,0.0,,0.445,,,,
2022-03-16,1.95,2.19,-0.61,2.8,2.23,8954306.0,1.0996,1.3096,118.48,-0.5,0.0,,0.445,,,,
2022-03-17,1.94,2.2,-0.71,2.91,2.17,,1.111,1.3159,118.45,-0.5,0.0,,0.6886,,,,
2022-03-18,1.97,2.14,-0.72,2.86,2.14,,1.1044,1.3169,119.17,-0.5,0.0,,0.6913,,,,
2022-03-19,,,,,,,,,,-0.5,0.0,,,,,,
2022-03-20,,,,,,,,,,-0.5,0.0,,,,,,
2022-03-21,2.14,2.32,-0.58,2.9,2.07,,1.1048,1.3201,119.15,-0.5,0.0,,0.6912,,,,
2022-03-22,2.18,2.38,-0.53,2.91,2.05,,1.1022,1.3258,120.66,-0.5,0.0,,0.6906,,,,
2022-03-23,2.13,2.32,-0.62,2.94,2.03,8962474.0,1.1001,1.3212,121.02,-0.5,0.0,,0.6908,,,,
2022-03-24,2.13,2.34,-0.58,2.92,2.01,,1.1006,1.3183,122.08,-0.5,0.0,,0.6907,,,,
2022-03-25,2.3,2.48,-0.47,2.95,1.96,,1.0985,1.3193,121.98,-0.5,0.0,,0.6905,,,,
2022-03-26,,,,,,,,,,-0.5,0.0,,,,,,
2022-03-27,,,,,,,,,,-0.5,0.0,,,,,,
2022-03-28,2.35,2.46,-0.49,2.95,1.94,,1.0977,1.3091,123.25,-0.5,0.0,,0.6901,,,,
2022-03-29,2.35,2.41,-0.45,2.86,1.91,,1.1104,1.3125,122.61,-0.5,0.0,,0.6907,,,,
2022-03-30,2.31,2.35,-0.51,2.86,1.93,8937142.0,1.1163,1.3149,121.97,-0.5,0.0,,0.69,,,,
2022-03-31,2.28,2.32,-0.52,2.84,1.93,,1.1093,1.3152,121.44,-0.5,0.0,,0.6896,,,,
2022-04-01,2.44,2.39,-0.41,2.8,1.81,,1.1043,1.3114,122.6,-0.5,0.0,1.56787670049276,0.6906,1.8362,-0.012,0.215,0.824
2022-04-02,,,,,,,,,,-0.5,0.0,,,,,,
2022-04-03,,,,,,,,,,-0.5,0.0,,,,,,
2022-04-04,2.43,2.42,-0.38,2.8,1.81,,1.0992,1.3116,122.7,-0.5,0.0,,0.6913,,,,
2022-04-05,2.51,2.54,-0.3,2.84,1.77,,1.0921,1.3101,123.48,-0.5,0.0,,0.6915,,,,
2022-04-06,2.5,2.61,-0.22,2.83,1.77,8937592.0,1.0913,1.3082,123.7,-0.5,0.0,,0.6919,,,,
2022-04-07,2.47,2.66,-0.16,2.82,1.78,,1.09,1.306,123.8,-0.5,0.0,,0.6914,,,,
2022-04-08,2.53,2.72,-0.15,2.87,1.78,,1.0874,1.3032,124.31,-0.5,0.0,,0.6912,,,,
2022-04-09,,,,,,,,,,-0.5,0.0,,,,,,
2022-04-10,,,,,,,,,,-0.5,0.0,,,,,,
2022-04-11,2.5,2.79,-0.12,2.91,1.82,,1.0875,1.3033,125.55,-0.5,0.0,,0.6902,,,,
2022-04-12,2.39,2.72,-0.14,2.86,1.92,,1.0852,1.3031,125.25,-0.5,0.0,,0.6906,,,,
2022-04-13,2.37,2.7,-0.1,2.8,1.94,8965487.0,1.0874,1.3072,125.51,-0.5,0.0,,0.6905,,,,
2022-04-14,2.47,2.83,-0.06,2.89,1.93,,1.0796,1.3052,125.92,-0.5,0.0,,0.6908,,,,
2022-04-15,,,,,,,1.0812,1.3066,126.31,-0.5,0.0,,,,,,
2022-04-16,,,,,,,,,,-0.5,0.0,,,,,,
2022-04-17,,,,,,,,,,-0.5,0.0,,,,,,
2022-04-18,2.46,2.85,-0.07,2.92,1.94,,1.0785,1.3019,126.77,-0.5,0.0,,,,,,
2022-04-19,2.61,2.93,0.0,2.93,1.91,,1.0789,1.3009,128.55,-0.5,0.0,,0.6902,,,,
2022-04-20,2.6,2.85,-0.07,2.92,1.91,8955851.0,1.0857,1.3055,127.76,-0.5,0.0,,0.6904,,,,
2022-04-21,2.68,2.9,-0.12,3.02,1.93,,1.0839,1.3042,128.62,-0.5,0.0,,0.6904,,,,
2022-04-22,2.72,2.9,-0.08,2.98,1.96,,1.079,1.2848,128.78,-0.5,0.0,,0.6905,,,,
2022-04-23,,,,,,,,,,-0.5,0.0,,,,,,
2022-04-24,,,,,,,,,,-0.5,0.0,,,,,,
2022-04-25,2.63,2.81,-0.1,2.91,2.03,,1.0703,1.2698,127.66,-0.5,0.0,,0.6899,,,,
2022-04-26,2.54,2.77,-0.08,2.85,2.06,,1.0661,1.2617,127.37,-0.5,0.0,,0.6903,,,,
2022-04-27,2.58,2.82,-0.06,2.88,2.05,8939199.0,1.0549,1.2547,128.44,-0.5,0.0,,0.6902,,,,
2022-04-28,2.63,2.85,-0.12,2.97,2.06,,1.05,1.2443,130.94,-0.5,0.0,,0.6896,,,,
2022-04-29,2.7,2.89,0.01,2.88,2.05,,1.0537,1.2565,129.84,-0.5,0.0,,0.6907,,,,
2022-04-30,,,,,,,,,,-0.5,0.0,,,,,,
2022-05-01,,,,,,,,,,-0.5,0.0,1.87413073196545,,1.9069,-0.018,0.235,0.779
2022-05-02,2.73,2.99,0.18,2.81,2.08,,1.0521,1.2523,130.18,-0.5,0.0,,,,,,
2022-05-03,2.78,2.97,0.14,2.83,2.05,,1.0532,1.251,130.09,-0.5,0.0,,0.6906,,,,
2022-05-04,2.66,2.93,0.07,2.86,2.08,8939972.0,1.0539,1.2487,129.97,-0.5,0.0,,0.691,,,,
2022-05-05,2.71,3.05,0.18,2.87,2.1,,1.0507,1.2334,130.41,-0.5,0.0,,0.9382,,,,
2022-05-06,2.72,3.12,0.26,2.86,2.09,,1.0572,1.2344,130.35,-0.5,0.0,,0.9409,,,,
2022-05-07,,,,,,,,,,-0.5,0.0,,,,,,
2022-05-08,,,,,,,,,,-0.5,0.0,,,,,,
2022-05-09,2.61,3.05,0.3,2.75,2.17,,1.0559,1.2335,130.37,-0.5,0.0,,0.9403,,,,
2022-05-10,2.62,2.99,0.34,2.65,2.16,,1.0531,1.2313,130.21,-0.5,0.0,,0.9397,,,,
2022-05-11,2.66,2.91,0.21,2.7,2.17,8942008.0,1.0537,1.2317,130.2,-0.5,0.0,,0.9405,,,,
2022-05-12,2.56,2.84,0.25,2.59,2.2,,1.0376,1.2198,128.1,-0.5,0.0,,0.9401,,,,
2022-05-13,2.61,2.93,0.24,2.69,2.24,,1.041,1.2242,129.23,-0.5,0.0,,0.9398,,,,
2022-05-14,,,,,,,,,,-0.5,0.0,,,,,,
2022-05-15,,,,,,,,,,-0.5,0.0,,,,,,
2022-05-16,2.58,2.88,0.2,2.68,2.29,,1.042,1.227,129.15,-0.5,0.0,,0.9398,,,,
2022-05-17,2.71,2.98,0.27,2.71,2.27,,1.0532,1.2468,129.31,-0.5,0.0,,0.9398,,,,
2022-05-18,2.68,2.89,0.17,2.72,2.31,8945898.0,1.0494,1.2396,128.22,-0.5,0.0,,0.9394,,,,
2022-05-19,2.63,2.84,0.25,2.59,2.37,,1.0587,1.2504,127.62,-0.5,0.0,,0.9392,,,,
2022-05-20,2.6,2.78,0.23,2.55,2.36,,1.0559,1.2492,127.86,-0.5,0.0,,0.9389,,,,
2022-05-21,,,,,,,,,,-0.5,0.0,,,,,,
2022-05-22,,,,,,,,,,-0.5,0.0,,,,,,
2022-05-23,2.65,2.86,0.26,2.6,2.33,,1.0668,1.2571,127.78,-0.5,0.0,,0.9393,,,,
2022-05-24,2.5,2.76,0.21,2.55,2.34,,1.0744,1.2544,126.56,-0.5,0.0,,0.9391,,,,
2022-05-25,2.48,2.75,0.19,2.56,2.29,8914281.0,1.0658,1.2539,127.31,-0.5,0.0,,0.9384,,,,
2022-05-26,2.46,2.75,0.13,2.62,2.25,,1.0725,1.2582,127.23,-0.5,0.0,,0.9388,,,,
2022-05-27,2.47,2.74,0.11,2.63,2.26,,1.0709,1.2613,127.14,-0.5,0.0,,0.9383,,,,
2022-05-28,,,,,,,,,,-0.5,0.0,,,,,,
2022-05-29,,,,,,,,,,-0.5,0.0,,,,,,
2022-05-30,,,,,,,,,,-0.5,0.0,,0.9384,,,,
2022-05-31,2.53,2.85,0.21,2.64,2.18,,1.0731,1.2624,128.53,-0.5,0.0,,0.941,,,,
2022-06-01,2.66,2.94,0.29,2.65,2.08,8915050.0,1.0646,1.2472,130.09,-0.5,0.0,2.4387440003435095,0.9389,2.3824,-0.038,0.225,1.149
2022-06-02,2.65,2.92,0.26,2.66,2.1,,1.0733,1.2557,129.83,-0.5,0.0,,,,,,
2022-06-03,2.66,2.96,0.22,2.74,2.09,,1.0721,1.2496,130.71,-0.5,0.0,,,,,,
2022-06-04,,,,,,,,,,-0.5,0.0,,,,,,
2022-06-05,,,,,,,,,,-0.5,0.0,,,,,,
2022-06-06,2.73,3.04,0.28,2.76,2.08,,1.0699,1.2544,131.55,-0.5,0.0,,0.9394,,,,
2022-06-07,2.75,2.98,0.25,2.73,2.07,,1.0697,1.2594,132.53,-0.5,0.0,,0.9403,,,,
2022-06-08,2.78,3.03,0.28,2.75,2.07,8918254.0,1.074,1.2557,134.06,-0.5,0.0,,0.9402,,,,
2022-06-09,2.83,3.04,0.29,2.75,2.07,,1.0656,1.2511,134.06,-0.5,0.0,,0.9407,,,,
2022-06-10,3.06,3.15,0.39,2.76,2.04,,1.0521,1.233,134.19,-0.5,0.0,,0.9402,,,,
2022-06-11,,,,,,,,,,-0.5,0.0,,,,,,
2022-06-12,,,,,,,,,,-0.5,0.0,,,,,,
2022-06-13,3.4,3.43,0.69,2.74,1.98,,1.0436,1.217,134.12,-0.5,0.0,,0.9396,,,,
2022-06-14,3.45,3.49,0.89,2.6,1.99,,1.0416,1.2011,134.89,-0.5,0.0,,0.9398,,,,
2022-06-15,3.2,3.33,0.63,2.7,2.1,8932420.0,1.0388,1.2057,134.5,-0.5,0.0,,0.9399,,,,
2022-06-16,3.14,3.28,0.66,2.62,2.13,,1.0531,1.2341,131.65,-0.5,0.0,,1.1884,,,,
2022-06-17,3.17,3.25,0.67,2.58,2.13,,1.0473,1.2201,135.14,-0.5,0.0,,1.1895,,,,
2022-06-18,,,,,,,,,,-0.5,0.0,,,,,,
2022-06-19,,,,,,,,,,-0.5,0.0,,,,,,
2022-06-20,,,,,,,,,,-0.5,0.0,,1.1896,,,,
2022-06-21,3.21,3.31,0.7,2.61,2.13,,1.0548,1.2277,136.25,-0.5,0.0,,1.1892,,,,
2022-06-22,3.06,3.16,0.62,2.54,2.17,8934346.0,1.0583,1.228,136.05,-0.5,0.0,,1.1883,,,,
2022-06-23,3.01,3.09,0.59,2.5,2.2,,1.0503,1.224,134.72,-0.5,0.0,,1.1885,,,,
2022-06-24,3.04,3.13,0.57,2.56,2.22,,1.0539,1.2273,135.22,-0.5,0.0,,1.1885,,,,
2022-06-25,,,,,,,,,,-0.5,0.0,,,,,,
2022-06-26,,,,,,,,,,-0.5,0.0,,,,,,
2022-06-27,3.08,3.2,0.65,2.55,2.19,,1.0601,1.2305,135.26,-0.5,0.0,,1.1884,,,,
2022-06-28,3.1,3.2,0.72,2.48,2.22,,1.0534,1.22,136.19,-0.5,0.0,,1.1877,,,,
2022-06-29,3.06,3.1,0.74,2.36,2.24,8913553.0,1.0477,1.2151,136.5,-0.5,0.0,,1.1887,,,,
2022-06-30,2.92,2.98,0.65,2.33,2.31,,1.0469,1.2162,135.69,-0.5,0.0,,1.1874,,,,
2022-07-01,2.84,2.88,0.54,2.34,2.42,,1.0409,1.2048,135.09,-0.5,0.0,2.09295536201857,1.1907,2.1454,-0.012,0.18,0.52
2022-07-02,,,,,,,,,,-0.5,0.0,,,,,,
2022-07-03,,,,,,,,,,-0.5,0.0,,,,,,
2022-07-04,,,,,,,,,,-0.5,0.0,,1.1902,,,,
2022-07-05,2.82,2.82,0.52,2.3,2.41,,1.0254,1.1932,135.72,-0.5,0.0,,1.1907,,,,
2022-07-06,2.97,2.93,0.64,2.29,2.39,8891851.0,1.0173,1.1907,135.66,-0.5,0.0,,1.1908,,,,
2022-07-07,3.03,3.01,0.68,2.33,2.33,,1.0159,1.1994,135.99,-0.5,0.0,,1.1905,,,,
2022-07-08,3.12,3.09,0.72,2.37,2.31,,1.0178,1.2036,136.16,-0.5,0.0,,1.1909,,,,
2022-07-09,,,,,,,,,,-0.5,0.0,,,,,,
2022-07-10,,,,,,,,,,-0.5,0.0,,,,,,
2022-07-11,3.07,2.99,0.67,2.32,2.32,,1.0088,1.1907,137.29,-0.5,0.0,,1.1909,,,,
2022-07-12,3.03,2.96,0.64,2.32,2.31,,1.0069,1.1905,136.68,-0.5,0.0,,1.1909,,,,
2022-07-13,3.13,2.91,0.6,2.31,2.32,8895867.0,1.0081,1.1919,137.34,-0.5,0.0,,1.1912,,,,
2022-07-14,3.15,2.96,0.62,2.34,2.31,,1.0028,1.1827,138.94,-0.5,0.0,,1.1911,,,,
2022-07-15,3.13,2.93,0.57,2.36,2.3,,1.0089,1.1857,138.57,-0.5,0.0,,1.1908,,,,
2022-07-16,,,,,,,,,,-0.5,0.0,,,,,,
2022-07-17,,,,,,,,,,-0.5,0.0,,,,,,
2022-07-18,3.15,2.96,0.59,2.37,2.28,,1.016,1.1989,138.23,-0.5,0.0,,1.1912,,,,
2022-07-19,3.23,3.01,0.62,2.39,2.26,,1.0238,1.2022,137.94,-0.5,0.0,,1.1909,,,,
2022-07-20,3.25,3.04,0.66,2.38,2.2,8899213.0,1.0217,1.1989,138.16,-0.5,0.0,,1.1906,,,,
2022-07-21,3.1,2.91,0.58,2.33,2.23,,1.0197,1.1968,137.94,-0.5,0.0,,1.1901,,,,
2022-07-22,2.98,2.77,0.43,2.34,2.28,,1.0225,1.2019,136.12,-0.5,0.0,,1.1905,,,,
2022-07-23,,,,,,,,,,-0.5,0.0,,,,,,
2022-07-24,,,,,,,,,,-0.5,0.0,,,,,,
2022-07-25,3.0,2.81,0.45,2.36,2.31,,1.0211,1.2042,136.72,-0.5,0.0,,1.191,,,,
2022-07-26,3.02,2.81,0.45,2.36,2.29,,1.0116,1.2036,136.62,-0.5,0.0,,1.1909,,,,
2022-07-27,2.96,2.78,0.36,2.42,2.3,8890004.0,1.0108,1.2027,137.31,0.0,0.5,,1.1909,,,,
2022-07-28,2.85,2.68,0.2,2.48,2.42,,1.0163,1.2126,134.45,0.0,0.5,,1.1909,,,,
2022-07-29,2.89,2.67,0.14,2.53,2.36,,1.0202,1.2183,133.25,0.0,0.5,,1.1909,,,,
2022-07-30,,,,,,,,,,0.0,0.5,,,,,,
2022-07-31,,,,,,,,,,0.0,0.5,,,,,,
2022-08-01,2.9,2.6,0.09,2.51,2.38,,1.027,1.2278,131.8,0.0,0.5,2.05655468594624,1.191,2.3278,-0.018,0.22,0.786
2022-08-02,3.06,2.75,0.27,2.48,2.29,,1.0194,1.2218,132.32,0.0,0.5,,1.1911,,,,
2022-08-03,3.1,2.73,0.23,2.5,2.29,8874620.0,1.0146,1.2132,134.18,0.0,0.5,,1.1911,,,,
2022-08-04,3.03,2.68,0.22,2.46,2.32,,1.0221,1.2141,133.28,0.0,0.5,,1.6886,,,,
2022-08-05,3.24,2.83,0.37,2.46,2.29,,1.017,1.2061,135.33,0.0,0.5,,1.6903,,,,
2022-08-06,,,,,,,,,,0.0,0.5,,,,,,
2022-08-07,,,,,,,,,,0.0,0.5,,,,,,
2022-08-08,3.21,2.77,0.29,2.48,2.26,,1.0207,1.2098,134.73,0.0,0.5,,1.69,,,,
2022-08-09,3.28,2.8,0.33,2.47,2.26,,1.0226,1.2089,134.95,0.0,0.5,,1.6905,,,,
2022-08-10,3.23,2.78,0.35,2.43,2.29,8879138.0,1.0337,1.2245,132.58,0.0,0.5,,1.6898,,,,
2022-08-11,3.23,2.87,0.4,2.47,2.29,,1.0338,1.223,132.66,0.0,0.5,,1.6904,,,,
2022-08-12,3.25,2.84,0.37,2.47,2.27,,1.0257,1.2132,133.57,0.0,0.5,,1.6897,,,,
2022-08-13,,,,,,,,,,0.0,0.5,,,,,,
2022-08-14,,,,,,,,,,0.0,0.5,,,,,,
2022-08-15,3.2,2.79,0.35,2.44,2.27,,1.0186,1.209,133.13,0.0,0.5,,1.6895,,,,
2022-08-16,3.25,2.82,0.38,2.44,2.27,,1.0174,1.209,134.38,0.0,0.5,,1.689,,,,
2022-08-17,3.28,2.89,0.43,2.46,2.24,8849762.0,1.0164,1.203,135.4,0.0,0.5,,1.6907,,,,
2022-08-18,3.22,2.88,0.36,2.52,2.24,,1.0114,1.197,135.29,0.0,0.5,,1.6905,,,,
2022-08-19,3.25,2.98,0.43,2.55,2.25,,1.0039,1.181,137.01,0.0,0.5,,1.6901,,,,
2022-08-20,,,,,,,,,,0.0,0.5,,,,,,
2022-08-21,,,,,,,,,,0.0,0.5,,,,,,
2022-08-22,3.32,3.03,0.46,2.57,2.24,,0.9936,1.1752,137.57,0.0,0.5,,1.69,,,,
2022-08-23,3.29,3.05,0.47,2.58,2.24,,0.9976,1.1844,136.36,0.0,0.5,,1.6907,,,,
2022-08-24,3.36,3.11,0.49,2.62,2.23,8851436.0,0.9967,1.1802,136.92,0.0,0.5,,1.6905,,,,
2022-08-25,3.35,3.03,0.43,2.6,2.21,,0.9959,1.1803,136.83,0.0,0.5,,1.6901,,,,
2022-08-26,3.37,3.04,0.47,2.57,2.19,,0.9998,1.1778,137.07,0.0,0.5,,1.6904,,,,
2022-08-27,,,,,,,,,,0.0,0.5,,,,,,
2022-08-28,,,,,,,,,,0.0,0.5,,,,,,
2022-08-29,3.42,3.12,0.54,2.58,2.19,,1.0,1.1718,138.74,0.0,0.5,,,,,,
2022-08-30,3.46,3.11,0.56,2.55,2.17,,1.0018,1.1651,138.73,0.0,0.5,,1.6905,,,,
2022-08-31,3.45,3.15,0.67,2.48,2.18,8826093.0,1.0065,1.1647,138.69,0.0,0.5,,1.6896,,,,
2022-09-01,3.51,3.26,0.81,2.45,2.22,,0.995,1.1541,139.93,0.0,0.5,2.81380130289941,1.6902,3.5007,-0.049,0.24,1.163
2022-09-02,3.4,3.2,0.73,2.47,2.24,,1.003,1.1582,140.03,0.0,0.5,,1.6911,,,,
2022-09-03,,,,,,,,,,0.0,0.5,,,,,,
2022-09-04,,,,,,,,,,0.0,0.5,,,,,,
2022-09-05,,,,,,,,,,0.0,0.5,,1.6907,,,,
2022-09-06,3.5,3.33,0.85,2.48,2.27,,0.9914,1.1549,142.95,0.0,0.5,,1.6913,,,,
2022-09-07,3.45,3.27,0.82,2.45,2.24,8822401.0,0.9942,1.1473,144.39,0.0,0.5,,1.6907,,,,
2022-09-08,3.48,3.29,0.88,2.41,2.25,,0.9956,1.1489,144.05,0.0,0.5,,1.6903,,,,
2022-09-09,3.56,3.33,0.91,2.42,2.2,,1.0046,1.16,142.44,0.0,0.5,,1.6919,,,,
2022-09-10,,,,,,,,,,0.0,0.5,,,,,,
2022-09-11,,,,,,,,,,0.0,0.5,,,,,,
2022-09-12,3.58,3.37,0.95,2.42,2.2,,1.0129,1.1701,142.41,0.0,0.5,,1.6911,,,,
2022-09-13,3.75,3.42,0.98,2.44,2.18,,0.9997,1.1526,144.3,0.0,0.5,,1.6911,,,,
2022-09-14,3.78,3.41,0.95,2.46,2.15,8832759.0,0.9993,1.1564,142.93,0.75,1.25,,1.6914,,,,
2022-09-15,3.87,3.45,1.02,2.43,2.12,,0.9991,1.1472,143.57,0.75,1.25,,1.691,,,,
2022-09-16,3.85,3.45,1.07,2.38,2.18,,1.0013,1.1419,143.04,0.75,1.25,,1.6906,,,,
2022-09-17,,,,,,,,,,0.75,1.25,,,,,,
2022-09-18,,,,,,,,,,0.75,1.25,,,,,,
2022-09-19,3.95,3.49,1.15,2.34,2.15,,1.0003,1.1403,143.34,0.75,1.25,,,,,,
2022-09-20,3.96,3.57,1.17,2.4,2.13,,0.9994,1.1405,143.64,0.75,1.25,,1.691,,,,
2022-09-21,4.02,3.51,1.13,2.38,2.12,8816802.0,0.988,1.133,144.14,0.75,1.25,,1.6903,,,,
2022-09-22,4.11,3.7,1.29,2.41,2.08,,0.9841,1.1269,142.16,0.75,1.25,,2.1876,,,,
2022-09-23,4.2,3.69,1.32,2.37,2.09,,0.9719,1.0921,143.18,0.75,1.25,,2.1884,,,,
2022-09-24,,,,,,,,,,0.75,1.25,,,,,,
2022-09-25,,,,,,,,,,0.75,1.25,,,,,,
2022-09-26,4.27,3.88,1.56,2.32,2.01,,0.9623,1.0703,144.45,0.75,1.25,,2.189,,,,
2022-09-27,4.3,3.97,1.64,2.33,2.08,,0.9616,1.0753,144.71,0.75,1.25,,2.189,,,,
2022-09-28,4.07,3.72,1.39,2.33,2.25,8795567.0,0.9681,1.0832,144.15,0.75,1.25,,2.1891,,,,
2022-09-29,4.16,3.76,1.57,2.19,2.27,,0.9774,1.1048,144.45,0.75,1.25,,2.189,,,,
2022-09-30,4.22,3.83,1.68,2.15,2.24,,0.9783,1.1134,144.71,0.75,1.25,,2.1901,,,,
2022-10-01,,,,,,,,,,0.75,1.25,3.18415701723283,,4.1096,-0.05,0.245,1.12
2022-10-02,,,,,,,,,,0.75,1.25,,,,,,
2022-10-03,4.12,3.67,1.43,2.24,2.29,,0.9809,1.1272,144.5,0.75,1.25,,2.188,,,,
2022-10-04,4.1,3.62,1.38,2.24,2.27,,0.9977,1.1446,144.32,0.75,1.25,,2.186,,,,
2022-10-05,4.15,3.76,1.54,2.22,2.22,8759053.0,0.9866,1.1275,144.73,0.75,1.25,,2.1866,,,,
2022-10-06,4.23,3.83,1.61,2.22,2.16,,0.9806,1.1133,144.94,0.75,1.25,,2.1869,,,,
2022-10-07,4.3,3.89,1.62,2.27,2.17,,0.9785,1.1116,145.19,0.75,1.25,,2.1876,,,,
2022-10-08,,,,,,,,,,0.75,1.25,,,,,,
2022-10-09,,,,,,,,,,0.75,1.25,,,,,,
2022-10-10,,,,,,,,,,0.75,1.25,,2.1864,,,,
2022-10-11,4.3,3.93,1.62,2.31,2.23,,0.9757,1.1168,145.55,0.75,1.25,,2.1873,,,,
2022-10-12,4.28,3.91,1.62,2.29,2.27,8758969.0,0.9692,1.1096,146.87,0.75,1.25,,2.186,,,,
2022-10-13,4.47,3.97,1.63,2.34,2.28,,0.978,1.1344,147.15,0.75,1.25,,2.1862,,,,
2022-10-14,4.48,4.0,1.59,2.41,2.28,,0.9739,1.1208,148.46,0.75,1.25,,2.1844,,,,
2022-10-15,,,,,,,,,,0.75,1.25,,,,,,
2022-10-16,,,,,,,,,,0.75,1.25,,,,,,
2022-10-17,4.45,4.02,1.57,2.45,2.28,,0.9843,1.1427,148.71,0.75,1.25,,2.1839,,,,
2022-10-18,4.43,4.01,1.6,2.41,2.28,,0.9842,1.1307,149.23,0.75,1.25,,2.1842,,,,
2022-10-19,4.55,4.14,1.72,2.42,2.25,8743922.0,0.978,1.1232,149.77,0.75,1.25,,2.1843,,,,
2022-10-20,4.62,4.24,1.73,2.51,2.24,,0.9823,1.1288,149.82,0.75,1.25,,2.1851,,,,
2022-10-21,4.49,4.21,1.69,2.52,2.36,,0.9855,1.1292,146.35,0.75,1.25,,2.185,,,,
2022-10-22,,,,,,,,,,0.75,1.25,,,,,,
2022-10-23,,,,,,,,,,0.75,1.25,,,,,,
2022-10-24,4.5,4.25,1.66,2.59,2.34,,0.9874,1.1295,148.76,0.75,1.25,,2.1862,,,,
2022-10-25,4.42,4.1,1.59,2.51,2.37,,0.9959,1.1469,147.85,0.75,1.25,,2.1862,,,,
2022-10-26,4.39,4.04,1.6,2.44,2.33,8723090.0,1.0068,1.1615,146.5,0.75,1.25,,2.1852,,,,
2022-10-27,4.3,3.96,1.51,2.45,2.34,,0.9985,1.1574,146.02,0.75,1.25,,2.1852,,,,
2022-10-28,4.41,4.02,1.51,2.51,2.3,,0.9934,1.1573,147.68,0.75,1.25,,2.1853,,,,
2022-10-29,,,,,,,,,,0.75,1.25,,,,,,
2022-10-30,,,,,,,,,,0.75,1.25,,,,,,
2022-10-31,4.51,4.1,1.58,2.52,2.28,,0.9885,1.1515,148.63,0.75,1.25,,2.1838,,,,
2022-11-01,4.54,4.07,1.56,2.51,2.22,,0.9871,1.146,148.11,0.75,1.25,2.93745167542338,2.1856,3.4171,-0.067,0.25,1.055
2022-11-02,4.61,4.1,1.57,2.53,2.18,8676870.0,0.9875,1.1467,147.11,1.5,2.0,,2.1859,,,,
2022-11-03,4.71,4.14,1.74,2.4,2.19,,0.9759,1.1183,148.18,1.5,2.0,,2.9306,,,,
2022-11-04,4.66,4.17,1.69,2.48,2.22,,0.9895,1.1279,147.22,1.5,2.0,,2.9265,,,,
2022-11-05,,,,,,,,,,1.5,2.0,,,,,,
2022-11-06,,,,,,,,,,1.5,2.0,,,,,,
2022-11-07,4.72,4.22,1.69,2.53,2.22,,0.9997,1.1463,146.64,1.5,2.0,,2.9268,,,,
2022-11-08,4.67,4.14,1.64,2.5,2.23,,1.0089,1.1595,145.38,1.5,2.0,,2.9276,,,,
2022-11-09,4.61,4.12,1.7,2.42,2.33,8678886.0,1.0037,1.1396,146.15,1.5,2.0,,2.9263,,,,
2022-11-10,4.34,3.82,1.43,2.39,2.36,,1.0176,1.1677,141.78,1.5,2.0,,2.9265,,,,
2022-11-11,,,,,,,,,,1.5,2.0,,2.9268,,,,
2022-11-12,,,,,,,,,,1.5,2.0,,,,,,
2022-11-13,,,,,,,,,,1.5,2.0,,,,,,
2022-11-14,4.4,3.88,1.51,2.37,2.27,,1.0337,1.1728,140.43,1.5,2.0,,2.9266,,,,
2022-11-15,4.37,3.8,1.45,2.35,2.23,,1.0372,1.189,139.36,1.5,2.0,,2.9269,,,,
2022-11-16,4.35,3.67,1.38,2.29,2.24,8625620.0,1.0395,1.1889,139.59,1.5,2.0,,2.9265,,,,
2022-11-17,4.43,3.77,1.49,2.28,2.18,,1.0341,1.1812,140.45,1.5,2.0,,2.9266,,,,
2022-11-18,4.51,3.82,1.57,2.25,2.13,,1.0349,1.1902,140.03,1.5,2.0,,2.9275,,,,
2022-11-19,,,,,,,,,,1.5,2.0,,,,,,
2022-11-20,,,,,,,,,,1.5,2.0,,,,,,
2022-11-21,4.48,3.83,1.52,2.31,2.08,,1.0238,1.1785,141.95,1.5,2.0,,2.9275,,,,
2022-11-22,4.47,3.76,1.44,2.32,2.07,,1.0276,1.188,141.29,1.5,2.0,,2.9271,,,,
2022-11-23,4.46,3.71,1.39,2.32,2.02,8621390.0,1.0364,1.204,139.76,1.5,2.0,,2.9271,,,,
2022-11-24,,,,,,,,,,1.5,2.0,,2.9277,,,,
2022-11-25,4.42,3.68,1.36,2.32,2.06,,1.0402,1.2102,139.21,1.5,2.0,,2.9278,,,,
2022-11-26,,,,,,,,,,1.5,2.0,,,,,,
2022-11-27,,,,,,,,,,1.5,2.0,,,,,,
2022-11-28,4.46,3.69,1.43,2.26,2.05,,1.0386,1.2041,138.67,1.5,2.0,,2.9278,,,,
2022-11-29,4.48,3.75,1.5,2.25,2.06,,1.0356,1.1996,138.28,1.5,2.0,,2.9282,,,,
2022-11-30,4.38,3.68,1.34,2.34,2.15,8584576.0,1.0323,1.1962,139.31,1.5,2.0,,2.9273,,,,
2022-12-01,4.25,3.53,1.17,2.36,2.09,,1.0498,1.2252,135.55,1.5,2.0,2.9995603766952894,2.9279,3.5015,-0.07,0.41,1.565
2022-12-02,4.28,3.51,1.08,2.43,2.03,,1.0521,1.2292,134.89,1.5,2.0,,2.9281,,,,
2022-12-03,,,,,,,,,,1.5,2.0,,,,,,
2022-12-04,,,,,,,,,,1.5,2.0,,,,,,
2022-12-05,4.41,3.6,1.21,2.39,1.99,,1.0494,1.2169,136.55,1.5,2.0,,2.9279,,,,
2022-12-06,4.34,3.51,1.2,2.31,1.97,,1.0497,1.2202,136.67,1.5,2.0,,2.9284,,,,
2022-12-07,4.26,3.42,1.16,2.26,1.95,8582735.0,1.0505,1.2194,136.57,1.5,2.0,,2.9275,,,,
2022-12-08,4.31,3.48,1.2,2.28,1.91,,1.0552,1.2235,136.45,1.5,2.0,,2.9281,,,,
2022-12-09,4.33,3.57,1.31,2.26,1.9,,1.055,1.2311,136.4,1.5,2.0,,2.9284,,,,
2022-12-10,,,,,,,,,,1.5,2.0,,,,,,
2022-12-11,,,,,,,,,,1.5,2.0,,,,,,
2022-12-12,4.39,3.61,1.33,2.28,1.88,,1.0545,1.2285,137.47,1.5,2.0,,2.9289,,,,
2022-12-13,4.22,3.51,1.27,2.24,1.91,,1.063,1.2375,135.14,1.5,2.0,,2.9287,,,,
2022-12-14,4.23,3.49,1.3,2.19,1.95,8583413.0,1.0655,1.2408,134.95,1.5,2.0,,2.9288,,,,
2022-12-15,4.23,3.44,1.28,2.16,1.97,,1.0638,1.2206,137.92,1.5,2.0,,3.4269,,,,
2022-12-16,4.17,3.48,1.35,2.13,1.98,,1.061,1.2168,136.55,1.5,2.0,,3.4273,,,,
2022-12-17,,,,,,,,,,1.5,2.0,,,,,,
2022-12-18,,,,,,,,,,1.5,2.0,,,,,,
2022-12-19,4.25,3.57,1.42,2.15,1.98,,1.0624,1.218,136.87,1.5,2.0,,3.4269,,,,
2022-12-20,4.25,3.69,1.45,2.24,1.99,,1.0635,1.2146,131.08,1.5,2.0,,3.4273,,,,
2022-12-21,4.21,3.68,1.41,2.27,2.01,8564411.0,1.0599,1.2072,132.36,2.0,2.5,,3.4275,,,,
2022-12-22,4.24,3.67,1.48,2.19,1.99,,1.0588,1.2032,132.34,2.0,2.5,,3.4275,,,,
2022-12-23,4.31,3.75,1.55,2.2,2.0,,1.0621,1.2054,132.78,2.0,2.5,,3.4281,,,,
2022-12-24,,,,,,,,,,2.0,2.5,,,,,,
2022-12-25,,,,,,,,,,2.0,2.5,,,,,,
2022-12-26,,,,,,,,,,2.0,2.5,,,,,,
2022-12-27,4.32,3.84,1.58,2.26,2.02,,1.0654,1.2032,133.43,2.0,2.5,,,,,,
2022-12-28,4.31,3.88,1.6,2.28,2.01,8551169.0,1.0622,1.2034,134.27,2.0,2.5,,3.4282,,,,
2022-12-29,4.34,3.83,1.56,2.27,2.01,,1.0668,1.206,133.16,2.0,2.5,,3.4281,,,,
2022-12-30,4.41,3.88,1.58,2.3,1.99,,1.0698,1.2077,131.81,2.0,2.5,,3.4282,,,,
2022-12-31,,,,,,,,,,2.0,2.5,,,,,,
2023-01-01,,,,,,,,,,2.0,2.5,3.04407454825526,,3.5115,-0.02,0.49,1.257
2023-01-02,,,,,,,,,,2.0,2.5,,,,,,
2023-01-03,4.4,3.79,1.53,2.26,2.03,,1.0559,1.197,130.83,2.0,2.5,,3.4269,,,,
2023-01-04,4.36,3.69,1.47,2.22,2.07,8507429.0,1.062,1.2063,132.0,2.0,2.5,,3.4267,,,,
2023-01-05,4.45,3.71,1.49,2.22,2.03,,1.0522,1.1902,133.57,2.0,2.5,,3.4271,,,,
2023-01-06,4.24,3.55,1.34,2.21,2.07,,1.0619,1.2064,132.21,2.0,2.5,,3.4272,,,,
2023-01-07,,,,,,,,,,2.0,2.5,,,,,,
2023-01-08,,,,,,,,,,2.0,2.5,,,,,,
2023-01-09,4.19,3.53,1.31,2.22,2.02,,1.0759,1.2206,131.58,2.0,2.5,,3.4273,,,,
2023-01-10,4.24,3.61,1.37,2.24,2.02,,1.0737,1.2155,132.25,2.0,2.5,,3.4272,,,,
2023-01-11,4.2,3.54,1.31,2.23,1.99,8508587.0,1.074,1.2125,132.58,2.0,2.5,,3.4274,,,,
2023-01-12,4.12,3.43,1.22,2.21,1.97,,1.0823,1.2182,129.75,2.0,2.5,,3.4274,,,,
2023-01-13,4.22,3.49,1.31,2.18,1.95,,1.0811,1.2194,127.85,2.0,2.5,,3.4274,,,,
2023-01-14,,,,,,,,,,2.0,2.5,,,,,,
2023-01-15,,,,,,,,,,2.0,2.5,,,,,,
2023-01-16,,,,,,,,,,2.0,2.5,,3.4279,,,,
2023-01-17,4.18,3.53,1.36,2.17,1.91,,1.0793,1.2264,128.18,2.0,2.5,,3.4279,,,,
2023-01-18,4.06,3.37,1.25,2.12,1.96,8489039.0,1.0827,1.2369,128.45,2.0,2.5,,3.4281,,,,
2023-01-19,4.09,3.39,1.19,2.2,1.99,,1.081,1.2366,128.48,2.0,2.5,,3.4277,,,,
2023-01-20,4.14,3.48,1.25,2.23,1.98,,1.0831,1.2374,129.97,2.0,2.5,,3.4277,,,,
2023-01-21,,,,,,,,,,2.0,2.5,,,,,,
2023-01-22,,,,,,,,,,2.0,2.5,,,,,,
2023-01-23,4.21,3.52,1.24,2.28,1.96,,1.0865,1.237,130.69,2.0,2.5,,3.4277,,,,
2023-01-24,4.12,3.46,1.19,2.27,1.94,,1.0873,1.2323,130.07,2.0,2.5,,3.4281,,,,
2023-01-25,4.11,3.46,1.17,2.29,1.96,8470557.0,1.0901,1.2374,129.64,2.0,2.5,,3.4279,,,,
2023-01-26,4.17,3.49,1.16,2.33,1.91,,1.0866,1.237,130.4,2.0,2.5,,3.4278,,,,
2023-01-27,4.19,3.52,1.19,2.33,1.88,,1.0857,1.2379,129.94,2.0,2.5,,3.4278,,,,
2023-01-28,,,,,,,,,,2.0,2.5,,,,,,
2023-01-29,,,,,,,,,,2.0,2.5,,,,,,
2023-01-30,4.25,3.55,1.26,2.29,1.87,,1.0867,1.2373,130.34,2.0,2.5,,3.4281,,,,
2023-01-31,4.21,3.52,1.28,2.24,1.9,,1.0858,1.2324,130.17,2.0,2.5,,3.4269,,,,
2023-02-01,4.09,3.39,1.14,2.25,1.91,8433610.0,1.0917,1.2308,129.27,2.0,2.5,3.22104313833771,3.4268,3.5553,-0.019,0.5,1.446
2023-02-02,4.09,3.4,1.18,2.22,1.88,,1.0918,1.226,128.45,2.0,2.5,,3.9265,,,,
2023-02-03,4.3,3.53,1.31,2.22,1.83,,1.0825,1.2073,131.07,2.0,2.5,,3.9272,,,,
2023-02-04,,,,,,,,,,2.0,2.5,,,,,,
2023-02-05,,,,,,,,,,2.0,2.5,,,,,,
2023-02-06,4.44,3.63,1.38,2.25,1.77,,1.0722,1.2009,132.76,2.0,2.5,,3.9271,,,,
2023-02-07,4.47,3.67,1.36,2.31,1.78,,1.0705,1.2013,131.37,2.0,2.5,,3.927,,,,
2023-02-08,4.45,3.63,1.29,2.34,1.83,8435369.0,1.0734,1.2093,131.27,2.5,3.0,,3.9269,,,,
2023-02-09,4.48,3.67,1.34,2.33,1.84,,1.0761,1.2157,130.98,2.5,3.0,,3.9267,,,,
2023-02-10,4.5,3.74,1.41,2.33,1.85,,1.067,1.2061,131.5,2.5,3.0,,3.927,,,,
2023-02-11,,,,,,,,,,2.5,3.0,,,,,,
2023-02-12,,,,,,,,,,2.5,3.0,,,,,,
2023-02-13,4.52,3.72,1.41,2.31,1.84,,1.0718,1.2136,132.71,2.5,3.0,,3.9271,,,,
2023-02-14,4.6,3.77,1.46,2.31,1.81,,1.0722,1.2157,133.05,2.5,3.0,,3.9272,,,,
2023-02-15,4.62,3.81,1.46,2.35,1.82,8384767.0,1.0683,1.2031,134.22,2.5,3.0,,3.9273,,,,
2023-02-16,4.62,3.86,1.49,2.37,1.84,,1.0684,1.2018,133.95,2.5,3.0,,3.9273,,,,
2023-02-17,4.6,3.82,1.46,2.36,1.89,,1.0678,1.2012,134.21,2.5,3.0,,3.9271,,,,
2023-02-18,,,,,,,,,,2.5,3.0,,,,,,
2023-02-19,,,,,,,,,,2.5,3.0,,,,,,
2023-02-20,,,,,,,,,,2.5,3.0,,3.9275,,,,
2023-02-21,4.67,3.95,1.53,2.42,1.87,,1.0657,1.2111,134.87,2.5,3.0,,3.9272,,,,
2023-02-22,4.66,3.93,1.52,2.41,1.85,8382190.0,1.0623,1.2064,134.77,2.5,3.0,,3.927,,,,
2023-02-23,4.66,3.88,1.49,2.39,1.86,,1.0583,1.2016,134.8,2.5,3.0,,3.927,,,,
2023-02-24,4.78,3.95,1.57,2.38,1.86,,1.0545,1.1948,136.36,2.5,3.0,,3.9274,,,,
2023-02-25,,,,,,,,,,2.5,3.0,,,,,,
2023-02-26,,,,,,,,,,2.5,3.0,,,,,,
2023-02-27,4.78,3.92,1.56,2.36,1.87,,1.0596,1.2036,136.18,2.5,3.0,,3.927,,,,
2023-02-28,4.81,3.92,1.49,2.43,1.9,,1.0602,1.2093,136.09,2.5,3.0,,3.927,,,,
2023-03-01,4.89,4.01,1.57,2.44,1.84,8339684.0,1.0674,1.2034,135.82,2.5,3.0,3.23313142561768,3.927,3.5638,-0.017,0.32,1.227
2023-03-02,4.89,4.08,1.6,2.48,1.82,,1.0595,1.1942,136.84,2.5,3.0,,3.9273,,,,
2023-03-03,4.86,3.97,1.45,2.52,1.79,,1.0616,1.1996,136.09,2.5,3.0,,3.9272,,,,
2023-03-04,,,,,,,,,,2.5,3.0,,,,,,
2023-03-05,,,,,,,,,,2.5,3.0,,,,,,
2023-03-06,4.89,3.98,1.49,2.49,1.79,,1.0694,1.2048,135.93,2.5,3.0,,3.9273,,,,
2023-03-07,5.0,3.97,1.59,2.38,1.79,,1.0573,1.1857,136.9,2.5,3.0,,3.9275,,,,
2023-03-08,5.05,3.98,1.66,2.32,1.79,8342283.0,1.0549,1.1837,137.18,2.5,3.0,,3.9273,,,,
2023-03-09,4.9,3.93,1.63,2.3,1.85,,1.0577,1.1922,136.41,2.5,3.0,,3.9274,,,,
2023-03-10,4.6,3.7,1.44,2.26,1.96,,1.0659,1.2043,135.05,2.5,3.0,,3.9274,,,,
2023-03-11,,,,,,,,,,2.5,3.0,,,,,,
2023-03-12,,,,,,,,,,2.5,3.0,,,,,,
2023-03-13,4.03,3.55,1.31,2.24,2.14,,1.0733,1.216,133.13,2.5,3.0,,3.9275,,,,
2023-03-14,4.2,3.64,1.33,2.31,2.11,,1.0722,1.2146,134.33,2.5,3.0,,3.927,,,,
2023-03-15,3.93,3.51,1.22,2.29,2.22,8639300.0,1.0535,1.2032,132.81,2.5,3.0,,3.9272,,,,
2023-03-16,4.14,3.56,1.34,2.22,2.16,,1.0622,1.2111,133.01,2.5,3.0,,3.9272,,,,
2023-03-17,3.81,3.39,1.29,2.1,2.21,,1.0647,1.2141,132.01,2.5,3.0,,3.9268,,,,
2023-03-18,,,,,,,,,,2.5,3.0,,,,,,
2023-03-19,,,,,,,,,,2.5,3.0,,,,,,
2023-03-20,3.92,3.47,1.33,2.14,2.19,,1.0722,1.2257,131.59,2.5,3.0,,3.9268,,,,
2023-03-21,4.17,3.59,1.36,2.23,2.11,,1.0769,1.2195,132.27,2.5,3.0,,3.9269,,,,
2023-03-22,3.96,3.48,1.2,2.28,2.16,8733787.0,1.0792,1.2232,132.67,3.0,3.5,,3.927,,,,
2023-03-23,3.76,3.38,1.19,2.19,2.26,,1.089,1.2322,130.99,3.0,3.5,,4.1759,,,,
2023-03-24,3.76,3.38,1.16,2.22,2.24,,1.0762,1.2225,130.64,3.0,3.5,,4.1765,,,,
2023-03-25,,,,,,,,,,3.0,3.5,,,,,,
2023-03-26,,,,,,,,,,3.0,3.5,,,,,,
2023-03-27,3.94,3.53,1.29,2.24,2.19,,1.0789,1.2278,131.49,3.0,3.5,,4.1765,,,,
2023-03-28,4.02,3.55,1.24,2.31,2.19,,1.0844,1.2341,130.97,3.0,3.5,,4.1766,,,,
2023-03-29,4.08,3.57,1.24,2.33,2.15,8705942.0,1.0826,1.2313,132.69,3.0,3.5,,4.1767,,,,
2023-03-30,4.1,3.55,1.21,2.34,2.11,,1.0899,1.2368,132.71,3.0,3.5,,4.1768,,,,
2023-03-31,4.06,3.48,1.16,2.32,2.11,,1.0872,1.2369,132.75,3.0,3.5,,4.1777,,,,
2023-04-01,,,,,,,,,,3.0,3.5,3.1931480944096906,,3.6503,-0.015,0.385,1.08
2023-04-02,,,,,,,,,,3.0,3.5,,,,,,
2023-04-03,3.97,3.43,1.14,2.29,2.11,,1.0891,1.2403,132.35,3.0,3.5,,4.1769,,,,
2023-04-04,3.84,3.35,1.1,2.25,2.1,,1.0951,1.2498,131.6,3.0,3.5,,4.1767,,,,
2023-04-05,3.79,3.3,1.07,2.23,2.14,8632384.0,1.0918,1.2469,131.11,3.0,3.5,,4.1769,,,,
2023-04-06,3.82,3.3,1.06,2.24,2.11,,1.0927,1.2456,131.67,3.0,3.5,,4.177,,,,
2023-04-07,3.97,3.39,1.14,2.25,,,1.0913,1.2422,132.11,3.0,3.5,,,,,,
2023-04-08,,,,,,,,,,3.0,3.5,,,,,,
2023-04-09,,,,,,,,,,3.0,3.5,,,,,,
2023-04-10,4.0,3.41,1.14,2.27,2.09,,1.084,1.2358,133.75,3.0,3.5,,,,,,
2023-04-11,4.03,3.43,1.14,2.29,2.05,,1.0906,1.2409,133.63,3.0,3.5,,4.1767,,,,
2023-04-12,3.95,3.41,1.14,2.27,2.08,8614797.0,1.0987,1.2471,133.25,3.0,3.5,,4.1767,,,,
2023-04-13,3.96,3.45,1.16,2.29,2.07,,1.1054,1.2531,132.37,3.0,3.5,,4.1769,,,,
2023-04-14,4.08,3.52,1.22,2.3,2.05,,1.098,1.2417,133.74,3.0,3.5,,4.1769,,,,
2023-04-15,,,,,,,,,,3.0,3.5,,,,,,
2023-04-16,,,,,,,,,,3.0,3.5,,,,,,
2023-04-17,4.18,3.6,1.28,2.32,2.02,,1.0915,1.2359,134.51,3.0,3.5,,4.1771,,,,
2023-04-18,4.19,3.58,1.3,2.28,2.01,,1.0958,1.2419,134.11,3.0,3.5,,4.1774,,,,
2023-04-19,4.24,3.6,1.32,2.28,2.01,8593263.0,1.0953,1.2442,134.79,3.0,3.5,,4.1774,,,,
2023-04-20,4.14,3.54,1.28,2.26,2.05,,1.097,1.2448,134.1,3.0,3.5,,4.1775,,,,
2023-04-21,4.17,3.57,1.29,2.28,2.04,,1.0973,1.2419,134.28,3.0,3.5,,4.1774,,,,
2023-04-22,,,,,,,,,,3.0,3.5,,,,,,
2023-04-23,,,,,,,,,,3.0,3.5,,,,,,
2023-04-24,4.12,3.52,1.24,2.28,2.04,,1.1027,1.2457,134.41,3.0,3.5,,4.1773,,,,
2023-04-25,3.86,3.4,1.15,2.25,2.09,,1.0968,1.2398,133.96,3.0,3.5,,4.1774,,,,
2023-04-26,3.9,3.43,1.18,2.25,2.11,8562768.0,1.1052,1.2486,133.72,3.0,3.5,,4.1784,,,,
2023-04-27,4.07,3.53,1.26,2.27,2.07,,1.1017,1.2471,134.04,3.0,3.5,,4.1787,,,,
2023-04-28,4.04,3.44,1.26,2.18,2.08,,1.104,1.2582,135.99,3.0,3.5,,4.1792,,,,
2023-04-29,,,,,,,,,,3.0,3.5,,,,,,
2023-04-30,,,,,,,,,,3.0,3.5,,,,,,
2023-05-01,4.14,3.59,1.36,2.23,2.06,,1.097,1.2495,137.35,3.0,3.5,3.20531259225322,,3.9621,-0.051,0.43,0.848
2023-05-02,3.97,3.44,1.24,2.2,2.16,,1.0997,1.2475,136.46,3.0,3.5,,4.1792,,,,
2023-05-03,3.89,3.38,1.18,2.2,2.2,8503994.0,1.1049,1.2547,135.31,3.0,3.5,,4.1778,,,,
2023-05-04,3.75,3.37,1.18,2.19,2.24,,1.1009,1.258,133.76,3.0,3.5,,4.1779,,,,
2023-05-05,3.92,3.44,1.23,2.21,2.2,,1.1026,1.265,134.85,3.0,3.5,,4.1777,,,,
2023-05-06,,,,,,,,,,3.0,3.5,,,,,,
2023-05-07,,,,,,,,,,3.0,3.5,,,,,,
2023-05-08,4.0,3.52,1.29,2.23,2.2,,1.102,1.2633,134.83,3.0,3.5,,,,,,
2023-05-09,4.01,3.53,1.3,2.23,2.21,,1.0953,1.2618,135.15,3.0,3.5,,4.1777,,,,
2023-05-10,3.9,3.43,1.26,2.17,2.26,8503017.0,1.0966,1.2614,134.52,3.25,3.75,,4.1775,,,,
2023-05-11,3.89,3.39,1.23,2.16,2.25,,1.0916,1.2501,134.46,3.25,3.75,,4.4274,,,,
2023-05-12,3.98,3.46,1.28,2.18,2.21,,1.0856,1.2464,135.63,3.25,3.75,,4.4277,,,,
2023-05-13,,,,,,,,,,3.25,3.75,,,,,,
2023-05-14,,,,,,,,,,3.25,3.75,,,,,,
2023-05-15,3.99,3.5,1.31,2.19,2.27,,1.0874,1.2526,136.07,3.25,3.75,,4.4274,,,,
2023-05-16,4.06,3.54,1.35,2.19,2.28,,1.0866,1.2494,136.62,3.25,3.75,,4.4275,,,,
2023-05-17,4.12,3.57,1.35,2.22,2.26,8456760.0,1.083,1.2475,137.51,3.25,3.75,,4.4274,,,,
2023-05-18,4.24,3.65,1.42,2.23,2.2,,1.0776,1.2424,138.5,3.25,3.75,,4.4276,,,,
2023-05-19,4.28,3.7,1.46,2.24,2.18,,1.0819,1.2464,137.67,3.25,3.75,,4.4274,,,,
2023-05-20,,,,,,,,,,3.25,3.75,,,,,,
2023-05-21,,,,,,,,,,3.25,3.75,,,,,,
2023-05-22,4.29,3.72,1.48,2.24,2.19,,1.0806,1.2425,138.65,3.25,3.75,,4.4277,,,,
2023-05-23,4.26,3.7,1.44,2.26,2.19,,1.0771,1.2423,138.74,3.25,3.75,,4.4285,,,,
2023-05-24,4.31,3.73,1.48,2.25,2.18,8436255.0,1.0758,1.2368,139.14,3.25,3.75,,4.4277,,,,
2023-05-25,4.5,3.83,1.58,2.25,2.1,,1.0725,1.2325,139.81,3.25,3.75,,4.4278,,,,
2023-05-26,4.54,3.8,1.57,2.23,2.1,,1.0713,1.2342,140.53,3.25,3.75,,4.4281,,,,
2023-05-27,,,,,,,,,,3.25,3.75,,,,,,
2023-05-28,,,,,,,,,,3.25,3.75,,,,,,
2023-05-29,,,,,,,,,,3.25,3.75,,,,,,
2023-05-30,4.46,3.69,1.47,2.22,2.14,,1.0722,1.2403,139.83,3.25,3.75,,4.4278,,,,
2023-05-31,4.4,3.64,1.46,2.18,2.16,8385854.0,1.0654,1.2396,139.78,3.25,3.75,,4.4278,,,,
2023-06-01,4.33,3.61,1.45,2.16,2.15,,1.0752,1.2536,138.74,3.25,3.75,3.16421521524494,4.4278,4.3659,-0.066,0.395,0.966
2023-06-02,4.5,3.69,1.51,2.18,2.11,,1.0724,1.2468,139.76,3.25,3.75,,4.4281,,,,
2023-06-03,,,,,,,,,,3.25,3.75,,,,,,
2023-06-04,,,,,,,,,,3.25,3.75,,,,,,
2023-06-05,4.46,3.69,1.5,2.19,2.1,,1.0721,1.244,139.64,3.25,3.75,,4.428,,,,
2023-06-06,4.51,3.7,1.5,2.2,2.08,,1.0695,1.2418,139.67,3.25,3.75,,4.4279,,,,
2023-06-07,4.56,3.79,1.58,2.21,2.06,8389325.0,1.0702,1.2451,139.98,3.25,3.75,,4.4278,,,,
2023-06-08,4.52,3.73,1.53,2.2,2.07,,1.078,1.2547,138.83,3.25,3.75,,4.4279,,,,
2023-06-09,4.59,3.75,1.55,2.2,2.05,,1.0749,1.2579,139.35,3.25,3.75,,4.4281,,,,
2023-06-10,,,,,,,,,,3.25,3.75,,,,,,
2023-06-11,,,,,,,,,,3.25,3.75,,,,,,
2023-06-12,4.55,3.73,1.56,2.17,2.1,,1.0747,1.2489,139.72,3.25,3.75,,4.4283,,,,
2023-06-13,4.67,3.84,1.64,2.2,2.0,,1.0792,1.2611,140.0,3.25,3.75,,4.4281,,,,
2023-06-14,4.74,3.83,1.62,2.21,1.94,8388323.0,1.0859,1.2696,139.33,3.25,3.75,,4.4283,,,,
2023-06-15,4.62,3.72,1.51,2.21,2.02,,1.0933,1.2762,140.49,3.25,3.75,,4.4284,,,,
2023-06-16,4.7,3.77,1.55,2.22,1.96,,1.0925,1.2815,141.82,3.25,3.75,,4.4279,,,,
2023-06-17,,,,,,,,,,3.25,3.75,,,,,,
2023-06-18,,,,,,,,,,3.25,3.75,,,,,,
2023-06-19,,,,,,,,,,3.25,3.75,,4.428,,,,
2023-06-20,4.68,3.74,1.52,2.22,1.95,,1.09,1.2732,141.46,3.25,3.75,,4.4281,,,,
2023-06-21,4.68,3.72,1.51,2.21,1.96,8362060.0,1.0951,1.2737,142.09,3.5,4.0,,4.4288,,,,
2023-06-22,4.77,3.8,1.56,2.24,1.94,,1.0953,1.275,142.89,3.5,4.0,,4.9274,,,,
2023-06-23,4.71,3.74,1.53,2.21,1.96,,1.0887,1.2701,143.78,3.5,4.0,,4.928,,,,
2023-06-24,,,,,,,,,,3.5,4.0,,,,,,
2023-06-25,,,,,,,,,,3.5,4.0,,,,,,
2023-06-26,4.65,3.72,1.54,2.18,1.98,,1.091,1.2724,143.55,3.5,4.0,,4.9282,,,,
2023-06-27,4.74,3.77,1.57,2.2,1.94,,1.0961,1.2752,144.0,3.5,4.0,,4.9281,,,,
2023-06-28,4.71,3.71,1.53,2.18,1.96,8340914.0,1.0904,1.2637,144.23,3.5,4.0,,4.9279,,,,
2023-06-29,4.87,3.85,1.65,2.2,1.92,,1.0881,1.2617,144.72,3.5,4.0,,4.9284,,,,
2023-06-30,4.87,3.81,1.59,2.22,1.88,,1.092,1.2709,144.47,3.5,4.0,,4.9286,,,,
2023-07-01,,,,,,,,,,3.5,4.0,3.26889752032579,,4.4372,-0.046,0.595,0.979
2023-07-02,,,,,,,,,,3.5,4.0,,,,,,
2023-07-03,4.94,3.86,1.61,2.25,1.85,,1.0919,1.2695,144.5,3.5,4.0,,4.929,,,,
2023-07-04,,,,,,,,,,3.5,4.0,,4.9291,,,,
2023-07-05,4.94,3.95,1.69,2.26,1.83,8298312.0,1.0868,1.271,144.56,3.5,4.0,,4.93,,,,
2023-07-06,4.99,4.05,1.78,2.27,1.8,,1.0873,1.2721,144.09,3.5,4.0,,4.9296,,,,
2023-07-07,4.94,4.06,1.79,2.27,1.81,,1.0964,1.2838,142.21,3.5,4.0,,4.9297,,,,
2023-07-08,,,,,,,,,,3.5,4.0,,,,,,
2023-07-09,,,,,,,,,,3.5,4.0,,,,,,
2023-07-10,4.85,4.01,1.76,2.25,1.86,,1.0991,1.2837,141.56,3.5,4.0,,4.9302,,,,
2023-07-11,4.88,3.99,1.75,2.24,1.84,,1.0992,1.2901,140.51,3.5,4.0,,4.9299,,,,
2023-07-12,4.72,3.86,1.6,2.26,1.88,8296923.0,1.1123,1.2993,138.21,3.5,4.0,,4.9298,,,,
2023-07-13,4.59,3.76,1.52,2.24,1.91,,1.1194,1.3097,138.14,3.5,4.0,,4.93,,,,
2023-07-14,4.74,3.83,1.59,2.24,1.87,,1.1237,1.3113,138.74,3.5,4.0,,4.93,,,,
2023-07-15,,,,,,,,,,3.5,4.0,,,,,,
2023-07-16,,,,,,,,,,3.5,4.0,,,,,,
2023-07-17,4.74,3.81,1.56,2.25,1.9,,1.1236,1.3078,138.92,3.5,4.0,,4.9299,,,,
2023-07-18,4.74,3.8,1.57,2.23,1.89,,1.1223,1.3054,138.94,3.5,4.0,,4.9301,,,,
2023-07-19,4.74,3.75,1.53,2.22,1.87,8274552.0,1.1195,1.2898,139.76,3.5,4.0,,4.9303,,,,
2023-07-20,4.8,3.85,1.5,2.35,1.85,,1.1135,1.2849,140.39,3.5,4.0,,4.9305,,,,
2023-07-21,4.82,3.84,1.49,2.35,1.85,,1.112,1.2854,141.75,3.5,4.0,,4.9306,,,,
2023-07-22,,,,,,,,,,3.5,4.0,,,,,,
2023-07-23,,,,,,,,,,3.5,4.0,,,,,,
2023-07-24,4.81,3.86,1.48,2.38,1.84,,1.1083,1.2828,141.19,3.5,4.0,,4.9309,,,,
2023-07-25,4.85,3.91,1.52,2.39,1.81,,1.105,1.2876,140.91,3.5,4.0,,4.9308,,,,
2023-07-26,4.82,3.86,1.5,2.36,1.83,8243344.0,1.1078,1.293,140.41,3.5,4.0,,4.931,,,,
2023-07-27,4.91,4.01,1.64,2.37,1.78,,1.0998,1.287,141.03,3.5,4.0,,4.931,,,,
2023-07-28,4.87,3.96,1.58,2.38,1.8,,1.1039,1.287,140.72,3.5,4.0,,4.9315,,,,
2023-07-29,,,,,,,,,,3.5,4.0,,,,,,
2023-07-30,,,,,,,,,,3.5,4.0,,,,,,
2023-07-31,4.88,3.97,1.6,2.37,1.77,,1.102,1.2857,142.18,3.5,4.0,,4.9304,,,,
2023-08-01,4.92,4.05,1.68,2.37,1.77,,1.0971,1.275,143.34,3.5,4.0,3.34243979581141,4.9307,4.5298,-0.064,0.64,0.952
2023-08-02,4.88,4.08,1.72,2.36,1.82,8206764.0,1.0939,1.2712,143.21,3.75,4.25,,4.9304,,,,
2023-08-03,4.9,4.2,1.83,2.37,1.84,,1.0947,1.2709,142.42,3.75,4.25,,5.1823,,,,
2023-08-04,4.78,4.05,1.67,2.38,1.9,,1.1036,1.2775,141.79,3.75,4.25,,5.1826,,,,
2023-08-05,,,,,,,,,,3.75,4.25,,,,,,
2023-08-06,,,,,,,,,,3.75,4.25,,,,,,
2023-08-07,4.76,4.09,1.68,2.41,1.9,,1.1,1.2769,142.45,3.75,4.25,,5.1829,,,,
2023-08-08,4.74,4.02,1.66,2.36,1.93,,1.0951,1.2729,143.17,3.75,4.25,,5.1829,,,,
2023-08-09,4.79,4.0,1.66,2.34,1.92,8208241.0,1.0975,1.2715,143.58,3.75,4.25,,5.1827,,,,
2023-08-10,4.82,4.09,1.76,2.33,1.89,,1.1016,1.2726,144.4,3.75,4.25,,5.1829,,,,
2023-08-11,4.89,4.16,1.8,2.36,1.87,,1.0957,1.2694,144.94,3.75,4.25,,5.1829,,,,
2023-08-12,,,,,,,,,,3.75,4.25,,,,,,
2023-08-13,,,,,,,,,,3.75,4.25,,,,,,
2023-08-14,4.96,4.19,1.83,2.36,1.84,,1.0922,1.2691,145.3,3.75,4.25,,5.1829,,,,
2023-08-15,4.92,4.21,1.89,2.32,1.86,,1.0928,1.2745,145.4,3.75,4.25,,5.1834,,,,
2023-08-16,4.97,4.28,1.96,2.32,1.84,8145727.0,1.0904,1.2749,145.81,3.75,4.25,,5.1838,,,,
2023-08-17,4.94,4.3,1.97,2.33,1.87,,1.0874,1.2753,146.16,3.75,4.25,,5.1843,,,,
2023-08-18,4.92,4.26,1.94,2.32,1.89,,1.0875,1.2738,145.15,3.75,4.25,,5.1843,,,,
2023-08-19,,,,,,,,,,3.75,4.25,,,,,,
2023-08-20,,,,,,,,,,3.75,4.25,,,,,,
2023-08-21,4.97,4.34,2.0,2.34,1.88,,1.0888,1.2737,146.26,3.75,4.25,,5.1841,,,,
2023-08-22,5.02,4.34,1.99,2.35,1.82,,1.0846,1.2733,145.79,3.75,4.25,,5.1843,,,,
2023-08-23,4.95,4.19,1.84,2.35,1.83,8139066.0,1.0862,1.2715,144.62,3.75,4.25,,5.1859,,,,
2023-08-24,4.98,4.23,1.91,2.32,1.8,,1.0826,1.2634,145.75,3.75,4.25,,5.1855,,,,
2023-08-25,5.03,4.25,1.92,2.33,1.76,,1.0787,1.257,146.38,3.75,4.25,,5.1852,,,,
2023-08-26,,,,,,,,,,3.75,4.25,,,,,,
2023-08-27,,,,,,,,,,3.75,4.25,,,,,,
2023-08-28,4.98,4.2,1.9,2.3,1.82,,1.081,1.2592,146.4,3.75,4.25,,,,,,
2023-08-29,4.87,4.12,1.83,2.29,1.84,,1.0851,1.2614,146.01,3.75,4.25,,5.1853,,,,
2023-08-30,4.9,4.12,1.86,2.26,1.82,8121316.0,1.0926,1.2726,145.94,3.75,4.25,,5.1855,,,,
2023-08-31,4.85,4.09,1.85,2.24,1.83,,1.0839,1.2667,145.68,3.75,4.25,,5.1852,,,,
2023-09-01,4.87,4.18,1.92,2.26,1.82,,1.0787,1.2594,146.2,3.75,4.25,3.50431109850626,5.1852,4.4199,-0.054,0.765,1.087
2023-09-02,,,,,,,,,,3.75,4.25,,,,,,
2023-09-03,,,,,,,,,,3.75,4.25,,,,,,
2023-09-04,,,,,,,,,,3.75,4.25,,5.1853,,,,
2023-09-05,4.94,4.27,1.98,2.29,1.84,,1.0727,1.2583,147.63,3.75,4.25,,5.1853,,,,
2023-09-06,5.01,4.3,2.0,2.3,1.79,8101318.0,1.0714,1.2498,147.65,3.75,4.25,,5.185,,,,
2023-09-07,4.94,4.27,1.95,2.32,1.81,,1.0704,1.2485,147.13,3.75,4.25,,5.1855,,,,
2023-09-08,4.98,4.26,1.93,2.33,1.79,,1.0709,1.2476,147.7,3.75,4.25,,5.1855,,,,
2023-09-09,,,,,,,,,,3.75,4.25,,,,,,
2023-09-10,,,,,,,,,,3.75,4.25,,,,,,
2023-09-11,4.97,4.29,1.94,2.35,1.8,,1.0744,1.2529,146.46,3.75,4.25,,5.186,,,,
2023-09-12,4.98,4.27,1.93,2.34,1.79,,1.0726,1.2477,147.12,3.75,4.25,,5.1853,,,,
2023-09-13,4.96,4.25,1.9,2.35,1.81,8098779.0,1.0737,1.2488,147.45,3.75,4.25,,5.1851,,,,
2023-09-14,5.0,4.29,1.95,2.34,1.8,,1.066,1.241,147.17,3.75,4.25,,5.1847,,,,
2023-09-15,5.02,4.33,1.98,2.35,1.78,,1.0673,1.2392,147.83,3.75,4.25,,5.1854,,,,
2023-09-16,,,,,,,,,,3.75,4.25,,,,,,
2023-09-17,,,,,,,,,,3.75,4.25,,,,,,
2023-09-18,5.05,4.32,1.96,2.36,1.77,,1.0695,1.2403,147.63,3.75,4.25,,5.185,,,,
2023-09-19,5.08,4.37,2.0,2.37,1.75,,1.0684,1.2393,147.8,3.75,4.25,,5.1854,,,,
2023-09-20,5.12,4.35,2.0,2.35,1.73,8024090.0,1.0715,1.2389,147.74,4.0,4.5,,5.1849,,,,
2023-09-21,5.12,4.49,2.11,2.38,1.66,,1.0664,1.2299,147.42,4.0,4.5,,5.1848,,,,
2023-09-22,5.1,4.44,2.07,2.37,1.73,,1.066,1.2257,148.24,4.0,4.5,,5.1855,,,,
2023-09-23,,,,,,,,,,4.0,4.5,,,,,,
2023-09-24,,,,,,,,,,4.0,4.5,,,,,,
2023-09-25,5.09,4.55,2.18,2.37,1.75,,1.0591,1.2218,148.74,4.0,4.5,,5.1849,,,,
2023-09-26,5.04,4.56,2.23,2.33,1.77,,1.0573,1.2168,148.9,4.0,4.5,,5.1857,,,,
2023-09-27,5.1,4.61,2.27,2.34,1.77,8002064.0,1.051,1.2133,149.48,4.0,4.5,,5.186,,,,
2023-09-28,5.04,4.59,2.2,2.39,1.8,,1.0578,1.2223,149.18,4.0,4.5,,5.1859,,,,
2023-09-29,5.03,4.59,2.24,2.35,1.78,,1.0584,1.2214,149.43,4.0,4.5,,5.1867,,,,
2023-09-30,,,,,,,,,,4.0,4.5,,,,,,
2023-10-01,,,,,,,,,,4.0,4.5,3.72206836479434,,4.5695,-0.02,0.95,1.046
2023-10-02,5.12,4.69,2.34,2.35,1.78,,1.05,1.213,149.8,4.0,4.5,,5.1868,,,,
2023-10-03,5.15,4.81,2.45,2.36,1.82,,1.0453,1.2069,149.16,4.0,4.5,,5.1867,,,,
2023-10-04,5.05,4.73,2.4,2.33,1.83,7955782.0,1.0518,1.2157,148.83,4.0,4.5,,5.1872,,,,
2023-10-05,5.03,4.72,2.41,2.31,1.85,,1.0527,1.2171,148.49,4.0,4.5,,5.1872,,,,
2023-10-06,5.08,4.78,2.47,2.31,1.84,,1.0596,1.2255,149.08,4.0,4.5,,5.1871,,,,
2023-10-07,,,,,,,,,,4.0,4.5,,,,,,
2023-10-08,,,,,,,,,,4.0,4.5,,,,,,
2023-10-09,,,,,,,,,,4.0,4.5,,5.1873,,,,
2023-10-10,4.96,4.66,2.34,2.32,1.83,,1.0618,1.2288,148.62,4.0,4.5,,5.1869,,,,
2023-10-11,4.99,4.58,2.26,2.32,1.82,7952054.0,1.062,1.2304,149.17,4.0,4.5,,5.1866,,,,
2023-10-12,5.06,4.7,2.36,2.34,1.83,,1.0553,1.2214,149.71,4.0,4.5,,5.187,,,,
2023-10-13,5.04,4.63,2.29,2.34,1.82,,1.0502,1.2139,149.62,4.0,4.5,,5.1873,,,,
2023-10-14,,,,,,,,,,4.0,4.5,,,,,,
2023-10-15,,,,,,,,,,4.0,4.5,,,,,,
2023-10-16,5.09,4.71,2.33,2.38,1.83,,1.0546,1.2198,149.57,4.0,4.5,,5.1877,,,,
2023-10-17,5.19,4.83,2.42,2.41,1.8,,1.0593,1.2206,149.71,4.0,4.5,,5.187,,,,
2023-10-18,5.19,4.91,2.47,2.44,1.78,7933162.0,1.0532,1.215,149.86,4.0,4.5,,5.1872,,,,
2023-10-19,5.14,4.98,2.49,2.49,1.82,,1.057,1.2145,149.92,4.0,4.5,,5.1873,,,,
2023-10-20,5.07,4.93,2.46,2.47,1.88,,1.0592,1.2153,149.85,4.0,4.5,,5.188,,,,
2023-10-21,,,,,,,,,,4.0,4.5,,,,,,
2023-10-22,,,,,,,,,,4.0,4.5,,,,,,
2023-10-23,5.05,4.86,2.45,2.41,1.85,,1.0646,1.2235,149.78,4.0,4.5,,5.1873,,,,
2023-10-24,5.02,4.83,2.43,2.4,1.84,,1.0595,1.217,149.84,4.0,4.5,,5.1873,,,,
2023-10-25,5.08,4.95,2.52,2.43,1.83,7907830.0,1.0583,1.214,149.94,4.0,4.5,,5.1876,,,,
2023-10-26,5.02,4.86,2.44,2.42,1.82,,1.0532,1.2113,150.44,4.0,4.5,,5.1872,,,,
2023-10-27,4.99,4.84,2.42,2.42,1.88,,1.0592,1.2151,149.6,4.0,4.5,,5.1866,,,,
2023-10-28,,,,,,,,,,4.0,4.5,,,,,,
2023-10-29,,,,,,,,,,4.0,4.5,,,,,,
2023-10-30,5.03,4.88,2.44,2.44,1.86,,1.062,1.2157,149.01,4.0,4.5,,5.1867,,,,
2023-10-31,5.07,4.88,2.46,2.42,1.85,,1.0568,1.2135,151.46,4.0,4.5,,5.1861,,,,
2023-11-01,4.95,4.77,2.36,2.41,1.91,7866664.0,1.0538,1.2127,150.96,4.0,4.5,3.41868826496933,5.1865,4.2721,-0.015,0.66,0.822
2023-11-02,4.98,4.67,2.27,2.4,1.84,,1.0618,1.2175,150.48,4.0,4.5,,5.187,,,,
2023-11-03,4.83,4.57,2.18,2.39,1.86,,1.0733,1.2374,149.36,4.0,4.5,,5.187,,,,
2023-11-04,,,,,,,,,,4.0,4.5,,,,,,
2023-11-05,,,,,,,,,,4.0,4.5,,,,,,
2023-11-06,4.93,4.67,2.25,2.42,1.84,,1.0747,1.2391,149.77,4.0,4.5,,5.1867,,,,
2023-11-07,4.91,4.58,2.19,2.39,1.83,,1.0687,1.2296,150.47,4.0,4.5,,5.1864,,,,
2023-11-08,4.93,4.49,2.15,2.34,1.84,7860691.0,1.0715,1.2301,150.77,4.0,4.5,,5.1866,,,,
2023-11-09,5.03,4.62,2.29,2.33,1.83,,1.071,1.2279,151.04,4.0,4.5,,5.1866,,,,
2023-11-10,5.04,4.61,2.29,2.32,1.8,,,,,4.0,4.5,,5.1869,,,,
2023-11-11,,,,,,,,,,4.0,4.5,,,,,,
2023-11-12,,,,,,,,,,4.0,4.5,,,,,,
2023-11-13,5.02,4.63,2.32,2.31,1.79,,1.07,1.2268,151.56,4.0,4.5,,5.1867,,,,
2023-11-14,4.8,4.44,2.16,2.28,1.83,,1.0861,1.2483,150.75,4.0,4.5,,5.1872,,,,
2023-11-15,4.9,4.53,2.22,2.31,1.8,7814991.0,1.0853,1.2431,151.07,4.0,4.5,,5.1868,,,,
2023-11-16,4.83,4.45,2.18,2.27,1.81,,1.0851,1.2423,150.59,4.0,4.5,,5.1874,,,,
2023-11-17,4.88,4.44,2.16,2.28,1.78,,1.0879,1.243,149.82,4.0,4.5,,5.1881,,,,
2023-11-18,,,,,,,,,,4.0,4.5,,,,,,
2023-11-19,,,,,,,,,,4.0,4.5,,,,,,
2023-11-20,4.89,4.42,2.12,2.3,1.76,,1.0945,1.2505,148.26,4.0,4.5,,5.1882,,,,
2023-11-21,4.86,4.41,2.16,2.25,1.77,,1.0923,1.254,147.88,4.0,4.5,,5.1885,,,,
2023-11-22,4.89,4.42,2.16,2.26,1.71,7810814.0,1.0871,1.2468,149.67,4.0,4.5,,5.1888,,,,
2023-11-23,,,,,,,,,,4.0,4.5,,5.1883,,,,
2023-11-24,4.92,4.47,2.21,2.26,1.72,,1.0934,1.2601,149.57,4.0,4.5,,5.1889,,,,
2023-11-25,,,,,,,,,,4.0,4.5,,,,,,
2023-11-26,,,,,,,,,,4.0,4.5,,,,,,
2023-11-27,4.84,4.39,2.18,2.21,1.71,,1.0937,1.2613,148.89,4.0,4.5,,5.188,,,,
2023-11-28,4.73,4.34,2.12,2.22,1.75,,1.1007,1.2713,147.41,4.0,4.5,,5.1879,,,,
2023-11-29,4.64,4.27,2.06,2.21,1.72,7796145.0,1.0969,1.269,147.39,4.0,4.5,,5.1879,,,,
2023-11-30,4.73,4.37,2.14,2.23,1.67,,1.0908,1.264,147.87,4.0,4.5,,5.1881,,,,
2023-12-01,4.56,4.22,2.0,2.22,1.71,,1.0878,1.2682,147.0,4.0,4.5,2.8642750008362095,5.1886,3.8622,-0.012,0.62,0.656
2023-12-02,,,,,,,,,,4.0,4.5,,,,,,
2023-12-03,,,,,,,,,,4.0,4.5,,,,,,
2023-12-04,4.64,4.28,2.07,2.21,1.67,,1.0824,1.2633,147.15,4.0,4.5,,5.1878,,,,
2023-12-05,4.57,4.18,2.01,2.17,1.65,,1.0787,1.259,147.26,4.0,4.5,,5.1875,,,,
2023-12-06,4.6,4.12,1.98,2.14,1.63,7737385.0,1.079,1.2589,147.16,4.0,4.5,,5.1874,,,,
2023-12-07,4.58,4.14,1.97,2.17,1.63,,1.0794,1.2582,144.1,4.0,4.5,,5.1875,,,,
2023-12-08,4.71,4.23,2.02,2.21,1.61,,1.0746,1.2539,144.88,4.0,4.5,,5.1872,,,,
2023-12-09,,,,,,,,,,4.0,4.5,,,,,,
2023-12-10,,,,,,,,,,4.0,4.5,,,,,,
2023-12-11,4.71,4.23,2.04,2.19,1.61,,1.0747,1.255,146.41,4.0,4.5,,5.1876,,,,
2023-12-12,4.73,4.2,2.04,2.16,1.6,,1.079,1.2549,145.45,4.0,4.5,,5.1878,,,,
2023-12-13,4.46,4.04,1.88,2.16,1.61,7739566.0,1.0793,1.2527,145.17,4.0,4.5,,5.1874,,,,
2023-12-14,4.37,3.92,1.7,2.22,1.57,,1.0997,1.2767,141.53,4.0,4.5,,5.1859,,,,
2023-12-15,4.44,3.91,1.69,2.22,1.57,,1.0906,1.2709,141.8,4.0,4.5,,5.1858,,,,
2023-12-16,,,,,,,,,,4.0,4.5,,,,,,
2023-12-17,,,,,,,,,,4.0,4.5,,,,,,
2023-12-18,4.43,3.95,1.74,2.21,1.58,,1.092,1.2632,143.04,4.0,4.5,,5.1865,,,,
2023-12-19,4.41,3.93,1.74,2.19,1.57,,1.0977,1.2751,143.62,4.0,4.5,,5.1863,,,,
2023-12-20,4.34,3.86,1.67,2.19,1.63,7724063.0,1.0957,1.266,143.77,4.0,4.5,,5.1864,,,,
2023-12-21,4.33,3.89,1.7,2.19,1.64,,1.099,1.2668,142.16,4.0,4.5,,5.1861,,,,
2023-12-22,4.31,3.9,1.71,2.19,1.65,,1.1008,1.272,142.6,4.0,4.5,,5.1867,,,,
2023-12-23,,,,,,,,,,4.0,4.5,,,,,,
2023-12-24,,,,,,,,,,4.0,4.5,,,,,,
2023-12-25,,,,,,,,,,4.0,4.5,,,,,,
2023-12-26,4.26,3.89,1.71,2.18,1.64,,1.1035,1.2709,142.48,4.0,4.5,,,,,,
2023-12-27,4.2,3.79,1.64,2.15,1.64,7712781.0,1.1114,1.2797,142.05,4.0,4.5,,5.1863,,,,
2023-12-28,4.26,3.84,1.68,2.16,1.62,,1.1073,1.2743,141.08,4.0,4.5,,5.1867,,,,
2023-12-29,4.23,3.88,1.72,2.16,1.61,,1.1062,1.2743,140.92,4.0,4.5,,5.1869,,,,
2023-12-30,,,,,,,,,,4.0,4.5,,,,,,
2023-12-31,,,,,,,,,,4.0,4.5,,,,,,
2024-01-01,,,,,,,,,,4.0,4.5,2.9044164805744894,,3.9319,-0.014,0.73,0.83
2024-01-02,4.33,3.95,1.74,2.21,1.62,,1.0957,1.2632,141.89,4.0,4.5,,5.1863,,,,
2024-01-03,4.33,3.91,1.71,2.2,1.66,7681024.0,1.0909,1.2641,143.55,4.0,4.5,,5.1863,,,,
2024-01-04,4.38,3.99,1.77,2.22,1.65,,1.0957,1.2692,144.59,4.0,4.5,,5.187,,,,
2024-01-05,4.4,4.05,1.83,2.22,1.65,,1.0957,1.274,144.52,4.0,4.5,,5.1869,,,,
2024-01-06,,,,,,,,,,4.0,4.5,,,,,,
2024-01-07,,,,,,,,,,4.0,4.5,,,,,,
2024-01-08,4.36,4.01,1.79,2.22,1.65,,1.0976,1.2766,143.89,4.0,4.5,,5.1869,,,,
2024-01-09,4.36,4.02,1.8,2.22,1.63,,1.0935,1.272,144.35,4.0,4.5,,5.1867,,,,
2024-01-10,4.37,4.04,1.82,2.22,1.59,7686710.0,1.096,1.273,145.68,4.0,4.5,,5.1872,,,,
2024-01-11,4.26,3.98,1.76,2.22,1.63,,1.0943,1.2712,146.03,4.0,4.5,,5.1876,,,,
2024-01-12,4.14,3.96,1.69,2.27,1.64,,1.0959,1.2746,144.86,4.0,4.5,,5.1884,,,,
2024-01-13,,,,,,,,,,4.0,4.5,,,,,,
2024-01-14,,,,,,,,,,4.0,4.5,,,,,,
2024-01-15,,,,,,,,,,4.0,4.5,,5.1874,,,,
2024-01-16,4.22,4.07,1.77,2.3,1.65,,1.0882,1.2657,147.01,4.0,4.5,,5.1876,,,,
2024-01-17,4.34,4.1,1.8,2.3,1.63,7673741.0,1.0858,1.2666,148.39,4.0,4.5,,5.188,,,,
2024-01-18,4.34,4.14,1.8,2.34,1.62,,1.0863,1.2687,148.15,4.0,4.5,,5.1883,,,,
2024-01-19,4.39,4.15,1.81,2.34,1.59,,1.0887,1.2677,148.21,4.0,4.5,,5.1876,,,,
2024-01-20,,,,,,,,,,4.0,4.5,,,,,,
2024-01-21,,,,,,,,,,4.0,4.5,,,,,,
2024-01-22,4.37,4.11,1.8,2.31,1.59,,1.0895,1.2728,147.95,4.0,4.5,,5.1879,,,,
2024-01-23,4.31,4.14,1.85,2.29,1.62,,1.0829,1.2661,148.55,4.0,4.5,,5.1873,,,,
2024-01-24,4.34,4.18,1.88,2.3,1.61,7677230.0,1.0901,1.2754,147.31,4.0,4.5,,5.1875,,,,
2024-01-25,4.28,4.14,1.85,2.29,1.6,,1.0837,1.27,147.69,4.0,4.5,,5.1882,,,,
2024-01-26,4.34,4.15,1.85,2.3,1.58,,1.0866,1.272,147.94,4.0,4.5,,5.1882,,,,
2024-01-27,,,,,,,,,,4.0,4.5,,,,,,
2024-01-28,,,,,,,,,,4.0,4.5,,,,,,
2024-01-29,4.29,4.08,1.78,2.3,1.6,,1.0807,1.2681,147.65,4.0,4.5,,5.1879,,,,
2024-01-30,4.36,4.06,1.8,2.26,1.58,,1.0844,1.2683,147.71,4.0,4.5,,5.1884,,,,
2024-01-31,4.27,3.99,1.73,2.26,1.61,7630124.0,1.0855,1.2733,146.26,4.0,4.5,,5.1881,,,,
2024-02-01,4.2,3.87,1.68,2.19,1.63,,1.0865,1.2727,146.18,4.0,4.5,3.02538498713333,5.1878,4.123,-0.006,0.71,0.828
2024-02-02,4.36,4.03,1.82,2.21,1.59,,1.0787,1.2627,148.54,4.0,4.5,,5.1885,,,,
2024-02-03,,,,,,,,,,4.0,4.5,,,,,,
2024-02-04,,,,,,,,,,4.0,4.5,,,,,,
2024-02-05,4.46,4.17,1.9,2.27,1.56,,1.0736,1.2532,148.79,4.0,4.5,,5.1884,,,,
2024-02-06,4.39,4.09,1.85,2.24,1.58,,1.0751,1.2589,148.03,4.0,4.5,,5.1894,,,,
2024-02-07,4.41,4.09,1.86,2.23,1.6,7631300.0,1.0769,1.2629,148.04,4.0,4.5,,5.189,,,,
2024-02-08,4.46,4.15,1.91,2.24,1.6,,1.0774,1.262,149.25,4.0,4.5,,5.188,,,,
2024-02-09,4.48,4.17,1.92,2.25,1.59,,1.0782,1.2628,149.38,4.0,4.5,,5.1885,,,,
2024-02-10,,,,,,,,,,4.0,4.5,,,,,,
2024-02-11,,,,,,,,,,4.0,4.5,,,,,,
2024-02-12,4.46,4.17,1.93,2.24,1.58,,1.0774,1.2631,149.37,4.0,4.5,,5.1882,,,,
2024-02-13,4.64,4.31,2.02,2.29,1.54,,1.072,1.2606,150.72,4.0,4.5,,5.1888,,,,
2024-02-14,4.56,4.27,1.97,2.3,1.56,7633874.0,1.0735,1.2562,150.5,4.0,4.5,,5.1888,,,,
2024-02-15,4.56,4.24,1.94,2.3,1.57,,1.0761,1.258,150.19,4.0,4.5,,5.1885,,,,
2024-02-16,4.64,4.3,1.97,2.33,1.53,,1.0769,1.259,150.34,4.0,4.5,,5.1881,,,,
2024-02-17,,,,,,,,,,4.0,4.5,,,,,,
2024-02-18,,,,,,,,,,4.0,4.5,,,,,,
2024-02-19,,,,,,,,,,4.0,4.5,,5.1874,,,,
2024-02-20,4.59,4.27,1.95,2.32,1.56,,1.0814,1.2645,149.87,4.0,4.5,,5.1879,,,,
2024-02-21,4.64,4.32,1.98,2.34,1.54,7581683.0,1.0818,1.2624,150.29,4.0,4.5,,5.188,,,,
2024-02-22,4.69,4.33,2.02,2.31,1.49,,1.0815,1.2649,150.62,4.0,4.5,,5.1888,,,,
2024-02-23,4.67,4.26,1.96,2.3,1.49,,1.0828,1.2678,150.36,4.0,4.5,,5.1881,,,,
2024-02-24,,,,,,,,,,4.0,4.5,,,,,,
2024-02-25,,,,,,,,,,4.0,4.5,,,,,,
2024-02-26,4.69,4.28,1.97,2.31,1.53,,1.0855,1.2681,150.79,4.0,4.5,,5.1881,,,,
2024-02-27,4.7,4.31,1.99,2.32,1.53,,1.0857,1.2693,150.46,4.0,4.5,,5.1877,,,,
2024-02-28,4.64,4.27,1.94,2.33,1.55,7567807.0,1.0843,1.267,150.68,4.0,4.5,,5.1882,,,,
2024-02-29,4.64,4.25,1.92,2.33,1.55,,1.0807,1.2632,149.9,4.0,4.5,,5.1885,,,,
2024-03-01,4.54,4.19,1.87,2.32,1.57,,1.0832,1.2652,150.2,4.0,4.5,2.95329790278577,5.1887,4.033,0.022,0.725,0.639
2024-03-02,,,,,,,,,,4.0,4.5,,,,,,
2024-03-03,,,,,,,,,,4.0,4.5,,,,,,
2024-03-04,4.61,4.22,1.88,2.34,1.57,,1.0862,1.2701,150.44,4.0,4.5,,5.1884,,,,
2024-03-05,4.54,4.13,1.81,2.32,1.59,,1.0861,1.2712,150.14,4.0,4.5,,5.1887,,,,
2024-03-06,4.55,4.11,1.81,2.3,1.57,7538857.0,1.0913,1.2757,149.17,4.0,4.5,,5.1883,,,,
2024-03-07,4.5,4.09,1.81,2.28,1.59,,1.0941,1.2796,148.08,4.0,4.5,,5.1884,,,,
2024-03-08,4.48,4.09,1.81,2.28,1.59,,1.0941,1.2852,147.17,4.0,4.5,,5.1881,,,,
2024-03-09,,,,,,,,,,4.0,4.5,,,,,,
2024-03-10,,,,,,,,,,4.0,4.5,,,,,,
2024-03-11,4.51,4.1,1.83,2.27,1.59,,1.0928,1.2807,146.86,4.0,4.5,,5.188,,,,
2024-03-12,4.58,4.16,1.86,2.3,1.55,,1.0918,1.2786,147.69,4.0,4.5,,5.1887,,,,
2024-03-13,4.61,4.19,1.89,2.3,1.55,7541969.0,1.0944,1.2799,147.73,4.0,4.5,,5.1889,,,,
2024-03-14,4.68,4.29,1.99,2.3,1.53,,1.0888,1.2749,148.19,4.0,4.5,,5.1888,,,,
2024-03-15,4.72,4.31,1.99,2.32,1.49,,1.0888,1.2742,149.14,4.0,4.5,,5.1894,,,,
2024-03-16,,,,,,,,,,4.0,4.5,,,,,,
2024-03-17,,,,,,,,,,4.0,4.5,,,,,,
2024-03-18,4.73,4.34,2.03,2.31,1.49,,1.0886,1.2736,149.13,4.0,4.5,,5.1886,,,,
2024-03-19,4.68,4.3,2.0,2.3,1.5,,1.0859,1.2713,150.73,4.0,4.5,,5.1894,,,,
2024-03-20,4.59,4.27,1.96,2.31,1.56,7514348.0,1.0856,1.2713,151.66,4.0,4.5,,5.1892,,,,
2024-03-21,4.62,4.27,1.93,2.34,1.53,,1.0861,1.267,151.59,4.0,4.5,,5.1894,,,,
2024-03-22,4.59,4.22,1.87,2.35,1.53,,1.0817,1.2603,151.35,4.0,4.5,,5.1906,,,,
2024-03-23,,,,,,,,,,4.0,4.5,,,,,,
2024-03-24,,,,,,,,,,4.0,4.5,,,,,,
2024-03-25,4.54,4.25,1.92,2.33,1.53,,1.0837,1.2648,151.42,4.0,4.5,,5.1898,,,,
2024-03-26,4.56,4.24,1.92,2.32,1.53,,1.0829,1.263,151.58,4.0,4.5,,5.1896,,,,
2024-03-27,4.54,4.2,1.88,2.32,1.54,7484739.0,1.0821,1.2631,151.35,4.0,4.5,,5.1899,,,,
2024-03-28,4.59,4.2,1.88,2.32,1.5,,1.0801,1.2634,151.35,4.0,4.5,,5.1911,,,,
2024-03-29,,,,,,,1.0791,1.2637,151.22,4.0,4.5,,,,,,
2024-03-30,,,,,,,,,,4.0,4.5,,,,,,
2024-03-31,,,,,,,,,,4.0,4.5,,,,,,
2024-04-01,4.72,4.33,1.98,2.35,1.49,,1.0733,1.2545,151.72,4.0,4.5,3.0735609682517895,,4.2172,0.077,0.87,0.693
2024-04-02,4.7,4.36,2.0,2.36,1.51,,1.0769,1.2576,151.55,4.0,4.5,,5.1956,,,,
2024-04-03,4.68,4.36,2.0,2.36,1.49,7439558.0,1.0827,1.2635,151.67,4.0,4.5,,5.1952,,,,
2024-04-04,4.65,4.31,1.97,2.34,1.51,,1.0865,1.2669,151.66,4.0,4.5,,5.1949,,,,
2024-04-05,4.73,4.39,2.02,2.37,1.49,,1.0841,1.2633,151.59,4.0,4.5,,5.1949,,,,
2024-04-06,,,,,,,,,,4.0,4.5,,,,,,
2024-04-07,,,,,,,,,,4.0,4.5,,,,,,
2024-04-08,4.78,4.42,2.04,2.38,1.46,,1.0853,1.2655,151.78,4.0,4.5,,5.1949,,,,
2024-04-09,4.74,4.36,2.0,2.36,1.44,,1.0856,1.2676,151.73,4.0,4.5,,5.1976,,,,
2024-04-10,4.97,4.55,2.15,2.4,1.4,7438176.0,1.0737,1.2544,152.9,4.0,4.5,,5.1978,,,,
2024-04-11,4.93,4.56,2.16,2.4,1.41,,1.0722,1.2535,153.19,4.0,4.5,,5.198,,,,
2024-04-12,4.88,4.5,2.11,2.39,1.45,,1.0647,1.2457,153.12,4.0,4.5,,5.198,,,,
2024-04-13,,,,,,,,,,4.0,4.5,,,,,,
2024-04-14,,,,,,,,,,4.0,4.5,,,,,,
2024-04-15,4.93,4.63,2.2,2.43,1.46,,1.0644,1.2466,154.25,4.0,4.5,,5.1984,,,,
2024-04-16,4.97,4.67,2.24,2.43,1.46,,1.0628,1.2437,154.57,4.0,4.5,,5.1984,,,,
2024-04-17,4.93,4.59,2.2,2.39,1.48,7405506.0,1.0644,1.2443,154.61,4.0,4.5,,5.1984,,,,
2024-04-18,4.98,4.64,2.24,2.4,1.47,,1.066,1.2465,154.61,4.0,4.5,,5.1984,,,,
2024-04-19,4.97,4.62,2.21,2.41,1.46,,1.0655,1.2397,154.55,4.0,4.5,,5.1984,,,,
2024-04-20,,,,,,,,,,4.0,4.5,,,,,,
2024-04-21,,,,,,,,,,4.0,4.5,,,,,,
2024-04-22,4.97,4.62,2.21,2.41,1.46,,1.0655,1.2341,154.77,4.0,4.5,,5.1993,,,,
2024-04-23,4.86,4.61,2.2,2.41,1.46,,1.0695,1.2434,154.81,4.0,4.5,,5.1997,,,,
2024-04-24,4.89,4.65,2.24,2.41,1.48,7402434.0,1.0687,1.2434,155.11,4.0,4.5,,5.1993,,,,
2024-04-25,4.96,4.7,2.28,2.42,1.47,,1.0721,1.2494,155.52,4.0,4.5,,5.1998,,,,
2024-04-26,4.96,4.67,2.24,2.43,1.45,,1.0686,1.2474,157.62,4.0,4.5,,5.1999,,,,
2024-04-27,,,,,,,,,,4.0,4.5,,,,,,
2024-04-28,,,,,,,,,,4.0,4.5,,,,,,
2024-04-29,4.97,4.63,2.22,2.41,1.45,,1.0717,1.2553,156.71,4.0,4.5,,5.2,,,,
2024-04-30,5.04,4.69,2.28,2.41,1.44,,1.0684,1.2514,157.54,4.0,4.5,,5.1998,,,,
2024-05-01,4.96,4.63,2.25,2.38,1.43,7362474.0,1.068,1.2488,157.65,4.0,4.5,3.12149195085422,5.2,4.2229,0.077,1.07,0.915
2024-05-02,4.87,4.58,2.21,2.37,1.47,,1.0706,1.2507,153.77,4.0,4.5,,5.2,,,,
2024-05-03,4.81,4.5,2.15,2.35,1.49,,1.077,1.255,152.85,4.0,4.5,,5.2001,,,,
2024-05-04,,,,,,,,,,4.0,4.5,,,,,,
2024-05-05,,,,,,,,,,4.0,4.5,,,,,,
2024-05-06,4.82,4.49,2.14,2.35,1.47,,1.0779,1.2575,153.85,4.0,4.5,,,,,,
2024-05-07,4.82,4.47,2.15,2.32,1.45,,1.0767,1.2535,154.59,4.0,4.5,,5.2,,,,
2024-05-08,4.84,4.48,2.17,2.31,1.47,7353408.0,1.0755,1.2503,155.42,4.0,4.5,,5.2,,,,
2024-05-09,4.8,4.45,2.13,2.32,1.48,,1.0771,1.2505,155.68,4.0,4.5,,5.2,,,,
2024-05-10,4.87,4.5,2.16,2.34,1.48,,1.0773,1.2528,155.85,4.0,4.5,,5.2,,,,
2024-05-11,,,,,,,,,,4.0,4.5,,,,,,
2024-05-12,,,,,,,,,,4.0,4.5,,,,,,
2024-05-13,4.85,4.48,2.15,2.33,1.48,,1.0796,1.2563,156.17,4.0,4.5,,5.2,,,,
2024-05-14,4.81,4.45,2.12,2.33,1.48,,1.0818,1.2588,156.5,4.0,4.5,,5.2,,,,
2024-05-15,4.73,4.36,2.05,2.31,1.49,7304272.0,1.086,1.2658,155.02,4.0,4.5,,5.2,,,,
2024-05-16,4.78,4.38,2.07,2.31,1.47,,1.0875,1.2682,155.25,4.0,4.5,,5.2,,,,
2024-05-17,4.83,4.42,2.1,2.32,1.48,,1.0869,1.2703,155.57,4.0,4.5,,5.2,,,,
2024-05-18,,,,,,,,,,4.0,4.5,,,,,,
2024-05-19,,,,,,,,,,4.0,4.5,,,,,,
2024-05-20,4.82,4.44,2.11,2.33,1.47,,1.0861,1.2708,156.09,4.0,4.5,,5.2,,,,
2024-05-21,4.82,4.41,2.09,2.32,1.48,,1.0855,1.271,156.08,4.0,4.5,,5.2,,,,
2024-05-22,4.86,4.43,2.1,2.33,1.46,7299566.0,1.0836,1.2739,156.49,4.0,4.5,,5.2,,,,
2024-05-23,4.91,4.47,2.17,2.3,1.45,,1.0827,1.2717,157.05,4.0,4.5,,5.2,,,,
2024-05-24,4.93,4.46,2.14,2.32,1.46,,1.0852,1.2746,156.9,4.0,4.5,,5.2,,,,
2024-05-25,,,,,,,,,,4.0,4.5,,,,,,
2024-05-26,,,,,,,,,,4.0,4.5,,,,,,
2024-05-27,,,,,,,,,,4.0,4.5,,,,,,
2024-05-28,4.94,4.54,2.2,2.34,1.45,,1.0879,1.2786,156.9,4.0,4.5,,5.2,,,,
2024-05-29,4.96,4.61,2.25,2.36,1.47,7284319.0,1.0811,1.2714,157.62,4.0,4.5,,5.2,,,,
2024-05-30,4.92,4.55,2.19,2.36,1.46,,1.0837,1.2739,156.63,4.0,4.5,,5.2,,,,
2024-05-31,4.89,4.51,2.16,2.35,1.46,,1.0846,1.2738,157.19,4.0,4.5,,5.2,,,,
2024-06-01,,,,,,,,,,4.0,4.5,3.1650202317552294,,4.1644,0.077,1.05,0.559
2024-06-02,,,,,,,,,,4.0,4.5,,,,,,
2024-06-03,4.82,4.41,2.08,2.33,1.47,,1.089,1.2795,156.04,4.0,4.5,,5.2,,,,
2024-06-04,4.77,4.33,2.02,2.31,1.49,,1.0878,1.2785,154.87,4.0,4.5,,5.2,,,,
2024-06-05,4.72,4.29,1.99,2.3,1.53,7255687.0,1.0865,1.2771,156.21,4.0,4.5,,5.2,,,,
2024-06-06,4.72,4.28,2.0,2.28,1.5,,1.0883,1.2786,155.98,4.0,4.5,,5.2,,,,
2024-06-07,4.87,4.43,2.13,2.3,1.46,,1.0807,1.2727,156.58,4.0,4.5,,5.2,,,,
2024-06-08,,,,,,,,,,4.0,4.5,,,,,,
2024-06-09,,,,,,,,,,4.0,4.5,,,,,,
2024-06-10,4.87,4.47,2.16,2.31,1.46,,1.0751,1.2733,156.93,4.0,4.5,,5.2,,,,
2024-06-11,4.81,4.39,2.12,2.27,1.48,,1.0733,1.2725,157.32,4.0,4.5,,5.2,,,,
2024-06-12,4.75,4.31,2.09,2.22,1.48,7258974.0,1.0843,1.2843,155.88,3.75,4.25,,5.2,,,,
2024-06-13,4.68,4.24,2.03,2.21,1.51,,1.0756,1.2764,156.77,3.75,4.25,,5.2,,,,
2024-06-14,4.67,4.2,2.03,2.17,1.53,,1.0699,1.2685,157.28,3.75,4.25,,5.2,,,,
2024-06-15,,,,,,,,,,3.75,4.25,,,,,,
2024-06-16,,,,,,,,,,3.75,4.25,,,,,,
2024-06-17,4.75,4.28,2.06,2.22,1.52,,1.0723,1.2689,157.8,3.75,4.25,,5.2,,,,
2024-06-18,4.69,4.22,2.01,2.21,1.52,,1.0739,1.2699,157.81,3.75,4.25,,5.2,,,,
2024-06-19,,,,,,7252542.0,,,,3.75,4.25,,5.2,,,,
2024-06-20,4.7,4.25,2.0,2.25,1.54,,1.0708,1.2671,158.77,3.75,4.25,,5.2,,,,
2024-06-21,4.7,4.25,2.02,2.23,1.55,,1.0694,1.2645,159.45,3.75,4.25,,5.2,,,,
2024-06-22,,,,,,,,,,3.75,4.25,,,,,,
2024-06-23,,,,,,,,,,3.75,4.25,,,,,,
2024-06-24,4.71,4.25,2.03,2.22,1.53,,1.0727,1.2684,159.71,3.75,4.25,,5.2,,,,
2024-06-25,4.65,4.23,2.01,2.22,1.55,,1.0705,1.2677,159.68,3.75,4.25,,5.2,,,,
2024-06-26,4.71,4.32,2.06,2.26,1.55,7231163.0,1.0682,1.2625,160.68,3.75,4.25,,5.2,,,,
2024-06-27,4.7,4.29,2.03,2.26,1.55,,1.0708,1.2653,160.7,3.75,4.25,,5.2,,,,
2024-06-28,4.71,4.36,2.08,2.28,1.55,,1.0711,1.264,160.88,3.75,4.25,,5.2,,,,
2024-06-29,,,,,,,,,,3.75,4.25,,,,,,
2024-06-30,,,,,,,,,,3.75,4.25,,,,,,
2024-07-01,4.77,4.48,2.16,2.32,1.55,,1.0728,1.265,161.55,3.75,4.25,3.11299627992368,5.2,4.1386,0.078,1.045,0.45
2024-07-02,4.74,4.43,2.13,2.3,1.56,,1.0737,1.2679,161.53,3.75,4.25,,5.2,,,,
2024-07-03,4.71,4.36,2.09,2.27,1.53,7221520.0,1.0799,1.2766,161.48,3.75,4.25,,5.2,,,,
2024-07-04,,,,,,,,,,3.75,4.25,,5.2,,,,
2024-07-05,4.6,4.28,2.0,2.28,1.56,,1.0828,1.2807,160.73,3.75,4.25,,5.2,,,,
2024-07-06,,,,,,,,,,3.75,4.25,,,,,,
2024-07-07,,,,,,,,,,3.75,4.25,,,,,,
2024-07-08,4.62,4.28,2.01,2.27,1.54,,1.0835,1.2829,160.77,3.75,4.25,,5.2,,,,
2024-07-09,4.62,4.3,2.04,2.26,1.56,,1.0813,1.2787,161.4,3.75,4.25,,5.2,,,,
2024-07-10,4.62,4.28,2.01,2.27,1.56,7224079.0,1.0823,1.2842,161.73,3.75,4.25,,5.2,,,,
2024-07-11,4.5,4.2,1.95,2.25,1.58,,1.087,1.292,158.58,3.75,4.25,,5.2,,,,
2024-07-12,4.45,4.18,1.94,2.24,1.58,,1.0902,1.2986,157.88,3.75,4.25,,5.2,,,,
2024-07-13,,,,,,,,,,3.75,4.25,,,,,,
2024-07-14,,,,,,,,,,3.75,4.25,,,,,,
2024-07-15,4.44,4.23,1.96,2.27,1.58,,1.0912,1.2986,157.89,3.75,4.25,,5.2,,,,
2024-07-16,4.43,4.17,1.91,2.26,1.56,,1.0885,1.2958,158.57,3.75,4.25,,5.2,,,,
2024-07-17,4.42,4.16,1.9,2.26,1.56,7208247.0,1.0933,1.3008,156.56,3.75,4.25,,5.2,,,,
2024-07-18,4.46,4.2,1.89,2.31,1.57,,1.0913,1.2973,156.97,3.75,4.25,,5.2,,,,
2024-07-19,4.49,4.25,1.93,2.32,1.57,,1.0888,1.2922,157.38,3.75,4.25,,5.2,,,,
2024-07-20,,,,,,,,,,3.75,4.25,,,,,,
2024-07-21,,,,,,,,,,3.75,4.25,,,,,,
2024-07-22,4.5,4.26,1.96,2.3,1.58,,1.088,1.2911,157.08,3.75,4.25,,5.2,,,,
2024-07-23,4.4,4.25,1.96,2.29,1.59,,1.0855,1.2916,156.02,3.75,4.25,,5.2,,,,
2024-07-24,4.37,4.28,2.0,2.28,1.65,7205455.0,1.0853,1.2925,153.39,3.75,4.25,,5.2,,,,
2024-07-25,4.41,4.27,1.99,2.28,1.62,,1.0861,1.2884,153.97,3.75,4.25,,5.2,,,,
2024-07-26,4.36,4.2,1.93,2.27,1.65,,1.0859,1.2864,153.86,3.75,4.25,,5.2,,,,
2024-07-27,,,,,,,,,,3.75,4.25,,,,,,
2024-07-28,,,,,,,,,,3.75,4.25,,,,,,
2024-07-29,4.36,4.17,1.92,2.25,1.66,,1.0819,1.2853,153.96,3.75,4.25,,5.2,,,,
2024-07-30,4.35,4.15,1.9,2.25,1.65,,1.0809,1.2828,153.72,3.75,4.25,,5.2,,,,
2024-07-31,4.29,4.09,1.85,2.24,1.68,7178391.0,1.0823,1.284,150.38,3.75,4.25,,5.2,,,,
2024-08-01,4.16,3.99,1.79,2.2,1.71,,1.0789,1.2772,150.06,3.75,4.25,2.90591245915688,4.95,3.9444,0.227,0.89,0.451
2024-08-02,3.88,3.8,1.76,2.04,1.8,,1.0914,1.2798,146.98,3.75,4.25,,4.95,,,,
2024-08-03,,,,,,,,,,3.75,4.25,,,,,,
2024-08-04,,,,,,,,,,3.75,4.25,,,,,,
2024-08-05,3.89,3.78,1.71,2.07,1.85,,1.0957,1.2765,143.95,3.75,4.25,,4.95,,,,
2024-08-06,3.99,3.9,1.78,2.12,1.78,,1.0926,1.2695,145.11,3.75,4.25,,4.95,,,,
2024-08-07,4.0,3.96,1.85,2.11,1.8,7175256.0,1.0925,1.2718,147.42,3.75,4.25,,4.95,,,,
2024-08-08,4.04,3.99,1.87,2.12,1.78,,1.0914,1.2741,147.08,3.75,4.25,,4.95,,,,
2024-08-09,4.05,3.94,1.84,2.1,1.77,,1.0925,1.2766,146.49,3.75,4.25,,4.95,,,,
2024-08-10,,,,,,,,,,3.75,4.25,,,,,,
2024-08-11,,,,,,,,,,3.75,4.25,,,,,,
2024-08-12,4.01,3.9,1.79,2.11,1.78,,1.0928,1.2776,147.54,3.75,4.25,,4.95,,,,
2024-08-13,3.93,3.85,1.76,2.09,1.8,,1.0954,1.2828,146.97,3.75,4.25,,4.95,,,,
2024-08-14,3.94,3.83,1.77,2.06,1.74,7177688.0,1.1024,1.2849,146.86,3.75,4.25,,4.95,,,,
2024-08-15,4.08,3.92,1.8,2.12,1.68,,1.0986,1.2863,148.91,3.75,4.25,,4.95,,,,
2024-08-16,4.06,3.89,1.81,2.08,1.69,,1.0996,1.2906,148.13,3.75,4.25,,4.95,,,,
2024-08-17,,,,,,,,,,3.75,4.25,,,,,,
2024-08-18,,,,,,,,,,3.75,4.25,,,,,,
2024-08-19,4.06,3.86,1.79,2.07,1.68,,1.107,1.2984,146.42,3.75,4.25,,4.95,,,,
2024-08-20,3.99,3.82,1.75,2.07,1.69,,1.1106,1.3027,145.7,3.75,4.25,,4.95,,,,
2024-08-21,3.92,3.79,1.72,2.07,1.69,7139952.0,1.1143,1.3077,145.19,3.75,4.25,,4.95,,,,
2024-08-22,3.99,3.86,1.76,2.1,1.7,,1.1114,1.3094,145.97,3.75,4.25,,4.95,,,,
2024-08-23,3.9,3.81,1.68,2.13,1.7,,1.1176,1.3197,144.86,3.75,4.25,,4.95,,,,
2024-08-24,,,,,,,,,,3.75,4.25,,,,,,
2024-08-25,,,,,,,,,,3.75,4.25,,,,,,
2024-08-26,3.91,3.82,1.67,2.15,1.7,,1.1164,1.3185,144.51,3.75,4.25,,,,,,
2024-08-27,3.83,3.83,1.68,2.15,1.71,,1.116,1.3235,144.26,3.75,4.25,,4.95,,,,
2024-08-28,3.83,3.84,1.69,2.15,1.71,7123238.0,1.1127,1.3201,144.47,3.75,4.25,,4.95,,,,
2024-08-29,3.87,3.87,1.71,2.16,1.69,,1.1086,1.3186,144.98,3.75,4.25,,4.95,,,,
2024-08-30,3.91,3.91,1.76,2.15,1.69,,1.106,1.3132,145.95,3.75,4.25,,4.95,,,,
2024-08-31,,,,,,,,,,3.75,4.25,,,,,,
2024-09-01,,,,,,,,,,3.75,4.25,2.83416486770752,,3.9053,0.227,0.855,0.41
2024-09-02,,,,,,,,,,3.75,4.25,,4.95,,,,
2024-09-03,3.88,3.84,1.73,2.11,1.73,,1.1043,1.3103,145.82,3.75,4.25,,4.95,,,,
2024-09-04,3.76,3.77,1.7,2.07,1.73,7112567.0,1.1081,1.3142,144.31,3.75,4.25,,4.95,,,,
2024-09-05,3.75,3.73,1.7,2.03,1.73,,1.1096,1.3165,143.43,3.75,4.25,,4.95,,,,
2024-09-06,3.66,3.72,1.69,2.03,1.73,,1.1086,1.3136,142.13,3.75,4.25,,4.95,,,,
2024-09-07,,,,,,,,,,3.75,4.25,,,,,,
2024-09-08,,,,,,,,,,3.75,4.25,,,,,,
2024-09-09,3.68,3.7,1.66,2.04,1.73,,1.1042,1.3083,142.92,3.75,4.25,,4.95,,,,
2024-09-10,3.59,3.65,1.63,2.02,1.74,,1.1025,1.3065,142.28,3.75,4.25,,4.95,,,,
2024-09-11,3.62,3.65,1.61,2.04,1.75,7115001.0,1.1012,1.3027,141.72,3.75,4.25,,4.95,,,,
2024-09-12,3.64,3.68,1.63,2.05,1.74,,1.1041,1.3081,142.24,3.75,4.25,,4.95,,,,
2024-09-13,3.57,3.66,1.58,2.08,1.72,,1.1085,1.314,140.66,3.75,4.25,,4.95,,,,
2024-09-14,,,,,,,,,,3.75,4.25,,,,,,
2024-09-15,,,,,,,,,,3.75,4.25,,,,,,
2024-09-16,3.56,3.63,1.54,2.09,1.7,,1.1123,1.3202,140.79,3.75,4.25,,4.95,,,,
2024-09-17,3.59,3.65,1.53,2.12,1.68,,1.1118,1.3164,141.77,3.75,4.25,,4.95,,,,
2024-09-18,3.61,3.7,1.58,2.12,1.67,7109137.0,1.1116,1.3199,141.93,3.5,3.65,,4.95,,,,
2024-09-19,3.59,3.73,1.56,2.17,1.67,,1.1147,1.3279,142.88,3.5,3.65,,4.95,,,,
2024-09-20,3.55,3.73,1.58,2.15,1.67,,1.1159,1.3305,143.9,3.5,3.65,,4.95,,,,
2024-09-21,,,,,,,,,,3.5,3.65,,,,,,
2024-09-22,,,,,,,,,,3.5,3.65,,,,,,
2024-09-23,3.57,3.75,1.58,2.17,1.65,,1.113,1.3351,143.59,3.5,3.65,,4.95,,,,
2024-09-24,3.49,3.74,1.55,2.19,1.66,,1.115,1.3376,143.77,3.5,3.65,,4.95,,,,
2024-09-25,3.53,3.79,1.61,2.18,1.65,7080059.0,1.1143,1.3338,144.41,3.5,3.65,,4.95,,,,
2024-09-26,3.6,3.79,1.63,2.16,1.65,,1.1184,1.3428,144.68,3.5,3.65,,4.95,,,,
2024-09-27,3.55,3.75,1.6,2.15,1.66,,1.1159,1.3394,142.6,3.5,3.65,,4.95,,,,
2024-09-28,,,,,,,,,,3.5,3.65,,,,,,
2024-09-29,,,,,,,,,,3.5,3.65,,,,,,
2024-09-30,3.66,3.81,1.63,2.18,1.63,,1.1145,1.3399,143.25,3.5,3.65,,4.95,,,,
2024-10-01,3.61,3.74,1.55,2.19,1.65,,1.1067,1.3282,143.66,3.5,3.65,2.86593395053269,4.95,4.1993,0.227,0.935,0.451
2024-10-02,3.63,3.79,1.58,2.21,1.64,7046925.0,1.105,1.3271,146.05,3.5,3.65,,4.95,,,,
2024-10-03,3.7,3.85,1.64,2.21,1.62,,1.1015,1.3114,146.82,3.5,3.65,,4.95,,,,
2024-10-04,3.93,3.98,1.75,2.23,1.57,,1.0961,1.3107,148.69,3.5,3.65,,4.95,,,,
2024-10-05,,,,,,,,,,3.5,3.65,,,,,,
2024-10-06,,,,,,,,,,3.5,3.65,,,,,,
2024-10-07,3.99,4.03,1.76,2.27,1.54,,1.0976,1.308,148.13,3.5,3.65,,4.95,,,,
2024-10-08,3.98,4.04,1.77,2.27,1.55,,1.097,1.3093,148.22,3.5,3.65,,4.95,,,,
2024-10-09,3.99,4.06,1.77,2.29,1.54,7046840.0,1.0951,1.308,149.2,3.5,3.65,,4.95,,,,
2024-10-10,3.98,4.09,1.76,2.33,1.54,,1.0925,1.3053,148.56,3.5,3.65,,4.95,,,,
2024-10-11,3.95,4.08,1.75,2.33,1.54,,1.0942,1.307,149.12,3.5,3.65,,4.95,,,,
2024-10-12,,,,,,,,,,3.5,3.65,,,,,,
2024-10-13,,,,,,,,,,3.5,3.65,,,,,,
2024-10-14,,,,,,,,,,3.5,3.65,,4.95,,,,
2024-10-15,3.95,4.03,1.75,2.28,1.53,,1.0899,1.3083,149.22,3.5,3.65,,4.95,,,,
2024-10-16,3.93,4.02,1.75,2.27,1.51,7039284.0,1.0873,1.3,149.71,3.5,3.65,,4.95,,,,
2024-10-17,3.96,4.09,1.79,2.3,1.53,,1.0837,1.3008,150.12,3.5,3.65,,4.95,,,,
2024-10-18,3.95,4.08,1.77,2.31,1.53,,1.0854,1.3022,149.58,3.5,3.65,,4.95,,,,
2024-10-19,,,,,,,,,,3.5,3.65,,,,,,
2024-10-20,,,,,,,,,,3.5,3.65,,,,,,
2024-10-21,4.02,4.19,1.88,2.31,1.54,,1.082,1.298,150.47,3.5,3.65,,4.95,,,,
2024-10-22,4.03,4.2,1.87,2.33,1.55,,1.0805,1.2969,151.11,3.5,3.65,,4.95,,,,
2024-10-23,4.07,4.24,1.93,2.31,1.54,7029408.0,1.0779,1.2944,152.81,3.25,3.4,,4.95,,,,
2024-10-24,4.07,4.21,1.91,2.3,1.52,,1.0806,1.2964,151.87,3.25,3.4,,4.95,,,,
2024-10-25,4.11,4.25,1.96,2.29,1.51,,1.0813,1.2978,152.08,3.25,3.4,,4.95,,,,
2024-10-26,,,,,,,,,,3.25,3.4,,,,,,
2024-10-27,,,,,,,,,,3.25,3.4,,,,,,
2024-10-28,4.12,4.28,1.99,2.29,1.51,,1.0819,1.2981,153.21,3.25,3.4,,4.95,,,,
2024-10-29,4.11,4.28,1.98,2.3,1.49,,1.0798,1.3005,153.47,3.25,3.4,,4.95,,,,
2024-10-30,4.15,4.29,1.95,2.34,1.44,7013490.0,1.0864,1.3012,153.15,3.25,3.4,,4.95,,,,
2024-10-31,4.16,4.28,1.95,2.33,1.46,,1.0855,1.2856,152.35,3.25,3.4,,4.95,,,,
2024-11-01,4.21,4.37,2.04,2.33,1.46,,1.0848,1.2959,152.94,3.25,3.4,2.9291315226785,4.95,4.4164,0.227,1.05,0.289
2024-11-02,,,,,,,,,,3.25,3.4,,,,,,
2024-11-03,,,,,,,,,,3.25,3.4,,,,,,
2024-11-04,4.17,4.31,2.03,2.28,1.46,,1.0884,1.2942,152.02,3.25,3.4,,4.95,,,,
2024-11-05,4.19,4.26,1.99,2.27,1.45,,1.092,1.3015,151.96,3.25,3.4,,4.95,,,,
2024-11-06,4.27,4.42,2.04,2.38,1.4,6994299.0,1.0732,1.2897,154.58,3.25,3.4,,4.95,,,,
2024-11-07,4.21,4.31,1.98,2.33,1.44,,1.0792,1.2985,153.13,3.25,3.4,,4.7,,,,
2024-11-08,4.26,4.3,1.95,2.35,1.38,,1.071,1.2905,152.58,3.25,3.4,,4.7,,,,
2024-11-09,,,,,,,,,,3.25,3.4,,,,,,
2024-11-10,,,,,,,,,,3.25,3.4,,,,,,
2024-11-11,,,,,,,,,,3.25,3.4,,4.7,,,,
2024-11-12,4.34,4.43,2.08,2.35,1.36,,1.0598,1.2733,154.73,3.25,3.4,,4.7,,,,
2024-11-13,4.27,4.44,2.09,2.35,1.41,6967108.0,1.0567,1.2709,155.28,3.25,3.4,,4.7,,,,
2024-11-14,4.34,4.43,2.1,2.33,1.39,,1.0562,1.2706,155.96,3.25,3.4,,4.7,,,,
2024-11-15,4.31,4.43,2.1,2.33,1.41,,1.0552,1.2629,154.59,3.25,3.4,,4.7,,,,
2024-11-16,,,,,,,,,,3.25,3.4,,,,,,
2024-11-17,,,,,,,,,,3.25,3.4,,,,,,
2024-11-18,4.29,4.42,2.08,2.34,1.42,,1.0586,1.2664,154.78,3.25,3.4,,4.7,,,,
2024-11-19,4.27,4.39,2.05,2.34,1.42,,1.0578,1.2667,154.34,3.25,3.4,,4.7,,,,
2024-11-20,4.31,4.41,2.06,2.35,1.43,6923731.0,1.0521,1.2639,155.38,3.25,3.4,,4.7,,,,
2024-11-21,4.34,4.43,2.09,2.34,1.43,,1.0475,1.2586,154.66,3.25,3.4,,4.7,,,,
2024-11-22,4.37,4.41,2.07,2.34,1.43,,1.0399,1.2516,154.73,3.25,3.4,,4.7,,,,
2024-11-23,,,,,,,,,,3.25,3.4,,,,,,
2024-11-24,,,,,,,,,,3.25,3.4,,,,,,
2024-11-25,4.21,4.27,1.98,2.29,1.42,,1.0478,1.2554,154.29,3.25,3.4,,4.7,,,,
2024-11-26,4.21,4.3,2.02,2.28,1.43,,1.0481,1.2547,153.49,3.25,3.4,,4.7,,,,
2024-11-27,4.19,4.25,1.99,2.26,1.43,6905140.0,1.0575,1.2678,150.69,3.25,3.4,,4.7,,,,
2024-11-28,,,,,,,,,,3.25,3.4,,4.7,,,,
2024-11-29,4.13,4.18,1.92,2.26,1.44,,1.0547,1.2699,150.41,3.25,3.4,,4.7,,,,
2024-11-30,,,,,,,,,,3.25,3.4,,,,,,
2024-12-01,,,,,,,,,,3.25,3.4,2.81234302970702,,4.4345,0.227,1.09,0.317
2024-12-02,4.17,4.19,1.93,2.26,1.41,,1.0484,1.2639,149.26,3.25,3.4,,4.7,,,,
2024-12-03,4.17,4.23,1.95,2.28,1.4,,1.0518,1.2677,149.12,3.25,3.4,,4.7,,,,
2024-12-04,4.13,4.19,1.9,2.29,1.39,6895827.0,1.0527,1.2712,150.18,3.25,3.4,,4.7,,,,
2024-12-05,4.15,4.17,1.92,2.25,1.4,,1.0571,1.2754,150.19,3.25,3.4,,4.7,,,,
2024-12-06,4.1,4.15,1.91,2.24,1.42,,1.0563,1.2744,149.78,3.25,3.4,,4.7,,,,
2024-12-07,,,,,,,,,,3.25,3.4,,,,,,
2024-12-08,,,,,,,,,,3.25,3.4,,,,,,
2024-12-09,4.13,4.2,1.93,2.27,1.42,,1.057,1.2783,151.24,3.25,3.4,,4.7,,,,
2024-12-10,4.15,4.22,1.93,2.29,1.41,,1.0512,1.2758,152.05,3.25,3.4,,4.7,,,,
2024-12-11,4.15,4.26,1.96,2.3,1.42,6897485.0,1.0508,1.2763,152.34,3.25,3.4,,4.7,,,,
2024-12-12,4.18,4.32,2.0,2.32,1.44,,1.0514,1.2715,152.07,3.25,3.4,,4.7,,,,
2024-12-13,4.25,4.4,2.07,2.33,1.42,,1.0498,1.2629,153.74,3.25,3.4,,4.7,,,,
2024-12-14,,,,,,,,,,3.25,3.4,,,,,,
2024-12-15,,,,,,,,,,3.25,3.4,,,,,,
2024-12-16,4.25,4.39,2.07,2.32,1.42,,1.0512,1.269,154.18,3.25,3.4,,4.7,,,,
2024-12-17,4.25,4.4,2.09,2.31,1.39,,1.0506,1.2718,153.41,3.25,3.4,,4.7,,,,
2024-12-18,4.35,4.5,2.18,2.32,1.37,6889332.0,1.0469,1.2696,154.0,3.0,3.15,,4.7,,,,
2024-12-19,4.32,4.57,2.28,2.29,1.4,,1.0357,1.253,157.73,3.0,3.15,,4.7,,,,
2024-12-20,4.3,4.52,2.23,2.29,1.43,,1.043,1.2587,156.11,3.0,3.15,,4.7,,,,
2024-12-21,,,,,,,,,,3.0,3.15,,,,,,
2024-12-22,,,,,,,,,,3.0,3.15,,,,,,
2024-12-23,4.3,4.59,2.27,2.32,1.42,,1.0409,1.2529,157.04,3.0,3.15,,4.7,,,,
2024-12-24,4.29,4.59,2.24,2.35,1.39,,1.0388,1.2528,157.29,3.0,3.15,,4.7,,,,
2024-12-25,,,,,,6885963.0,,,,3.0,3.15,,,,,,
2024-12-26,4.3,4.58,2.23,2.35,1.4,,1.0423,1.2522,158.01,3.0,3.15,,,,,,
2024-12-27,4.31,4.62,2.28,2.34,1.4,,1.0423,1.2573,157.73,3.0,3.15,,4.7,,,,
2024-12-28,,,,,,,,,,3.0,3.15,,,,,,
2024-12-29,,,,,,,,,,3.0,3.15,,,,,,
2024-12-30,4.24,4.55,2.24,2.31,1.43,,1.0386,1.2523,157.26,3.0,3.15,,4.7,,,,
2024-12-31,4.25,4.58,2.24,2.34,1.42,,1.0351,1.2521,157.37,3.0,3.15,,4.7003,,,,
2025-01-01,,,,,,6852491.0,,,,3.0,3.15,3.0879565217,,4.6627,0.293,1.245,0.383
2025-01-02,4.25,4.57,2.23,2.34,1.45,,1.0261,1.2376,157.65,3.0,3.15,,4.7,,,,
2025-01-03,4.28,4.6,2.26,2.34,1.44,,1.0292,1.2419,157.2,3.0,3.15,,4.7,,,,
2025-01-04,,,,,,,,,,3.0,3.15,,,,,,
2025-01-05,,,,,,,,,,3.0,3.15,,,,,,
2025-01-06,4.28,4.62,2.28,2.34,1.44,,1.0397,1.253,157.54,3.0,3.15,,4.7,,,,
2025-01-07,4.3,4.67,2.29,2.38,1.47,,1.0369,1.2499,157.82,3.0,3.15,,4.7,,,,
2025-01-08,4.28,4.67,2.27,2.4,1.48,6853554.0,1.0313,1.2366,158.31,3.0,3.15,,4.7,,,,
2025-01-09,4.27,4.68,2.29,2.39,1.46,,1.0298,1.2303,158.01,3.0,3.15,,4.7,,,,
2025-01-10,4.4,4.77,2.34,2.43,1.42,,1.0238,1.2215,157.68,3.0,3.15,,4.7,,,,
2025-01-11,,,,,,,,,,3.0,3.15,,,,,,
2025-01-12,,,,,,,,,,3.0,3.15,,,,,,
2025-01-13,4.4,4.79,2.34,2.45,1.44,,1.0209,1.2158,157.51,3.0,3.15,,4.7,,,,
2025-01-14,4.37,4.78,2.34,2.44,1.44,,1.0292,1.2188,157.95,3.0,3.15,,4.7,,,,
2025-01-15,4.27,4.66,2.24,2.42,1.44,6834070.0,1.0282,1.2214,156.6,3.0,3.15,,4.7001,,,,
2025-01-16,4.23,4.61,2.19,2.42,1.46,,1.0303,1.2246,155.44,3.0,3.15,,4.7,,,,
2025-01-17,4.27,4.61,2.2,2.41,1.46,,1.0287,1.2181,156.3,3.0,3.15,,4.7,,,,
2025-01-18,,,,,,,,,,3.0,3.15,,,,,,
2025-01-19,,,,,,,,,,3.0,3.15,,,,,,
2025-01-20,,,,,,,,,,3.0,3.15,,4.7,,,,
2025-01-21,4.29,4.57,2.19,2.38,1.46,,1.0423,1.2331,155.49,3.0,3.15,,4.7,,,,
2025-01-22,4.29,4.6,2.2,2.4,1.43,6831760.0,1.042,1.2324,156.62,3.0,3.15,,4.7,,,,
2025-01-23,4.29,4.65,2.23,2.42,1.43,,1.042,1.2347,156.0,3.0,3.15,,4.7001,,,,
2025-01-24,4.27,4.63,2.2,2.43,1.43,,1.0515,1.2496,155.58,3.0,3.15,,4.7,,,,
2025-01-25,,,,,,,,,,3.0,3.15,,,,,,
2025-01-26,,,,,,,,,,3.0,3.15,,,,,,
2025-01-27,4.17,4.53,2.13,2.4,1.45,,1.0492,1.2479,154.22,3.0,3.15,,4.7,,,,
2025-01-28,4.19,4.55,2.13,2.42,1.45,,1.0427,1.2433,155.65,3.0,3.15,,4.7,,,,
2025-01-29,4.21,4.55,2.15,2.4,1.45,6818186.0,1.0416,1.2435,155.22,3.0,3.15,,4.7006,,,,
2025-01-30,4.18,4.52,2.14,2.38,1.45,,1.042,1.2453,154.42,3.0,3.15,,4.7008,,,,
2025-01-31,4.22,4.58,2.16,2.42,1.45,,1.04,1.2447,154.91,3.0,3.15,,4.7037,,,,
2025-02-01,,,,,,,,,,3.0,3.15,2.988655,,4.5063,0.478,1.37,0.396
2025-02-02,,,,,,,,,,3.0,3.15,,,,,,
2025-02-03,4.26,4.54,2.09,2.45,1.46,,1.0277,1.2389,154.68,3.0,3.15,,4.7042,,,,
2025-02-04,4.21,4.52,2.08,2.44,1.46,,1.0379,1.2487,154.56,3.0,3.15,,4.7049,,,,
2025-02-05,4.17,4.43,2.01,2.42,1.45,6810935.0,1.0419,1.2516,152.33,2.75,2.9,,4.7045,,,,
2025-02-06,4.21,4.45,2.03,2.42,1.44,,1.0368,1.2435,152.04,2.75,2.9,,4.4544,,,,
2025-02-07,4.29,4.49,2.07,2.42,1.45,,1.0329,1.2396,151.3,2.75,2.9,,4.454,,,,
2025-02-08,,,,,,,,,,2.75,2.9,,,,,,
2025-02-09,,,,,,,,,,2.75,2.9,,,,,,
2025-02-10,4.28,4.51,2.07,2.44,1.45,,1.0312,1.2385,151.72,2.75,2.9,,4.454,,,,
2025-02-11,4.29,4.54,2.08,2.46,1.46,,1.0346,1.2423,152.37,2.75,2.9,,4.4541,,,,
2025-02-12,4.36,4.62,2.16,2.46,1.45,6813513.0,1.0392,1.2444,154.62,2.75,2.9,,4.4539,,,,
2025-02-13,4.31,4.52,2.08,2.44,1.44,,1.0428,1.2528,153.18,2.75,2.9,,4.4544,,,,
2025-02-14,4.26,4.47,2.04,2.43,1.46,,1.0498,1.2609,152.25,2.75,2.9,,4.4543,,,,
2025-02-15,,,,,,,,,,2.75,2.9,,,,,,
2025-02-16,,,,,,,,,,2.75,2.9,,,,,,
2025-02-17,,,,,,,,,,2.75,2.9,,4.4541,,,,
2025-02-18,4.29,4.55,2.1,2.45,1.44,,1.0457,1.2614,151.79,2.75,2.9,,4.4542,,,,
2025-02-19,4.28,4.53,2.08,2.45,1.46,6782332.0,1.0406,1.2571,151.67,2.75,2.9,,4.4543,,,,
2025-02-20,4.28,4.5,2.05,2.45,1.47,,1.0475,1.2643,149.63,2.75,2.9,,4.4543,,,,
2025-02-21,4.19,4.42,2.0,2.42,1.49,,1.0455,1.2647,149.49,2.75,2.9,,4.4549,,,,
2025-02-22,,,,,,,,,,2.75,2.9,,,,,,
2025-02-23,,,,,,,,,,2.75,2.9,,,,,,
2025-02-24,4.13,4.4,1.98,2.42,1.48,,1.0478,1.264,149.57,2.75,2.9,,4.4545,,,,
2025-02-25,4.07,4.3,1.92,2.38,1.5,,1.0498,1.2652,149.09,2.75,2.9,,4.4547,,,,
2025-02-26,4.05,4.25,1.89,2.36,1.51,6766101.0,1.0514,1.2696,149.13,2.75,2.9,,4.4547,,,,
2025-02-27,4.07,4.29,1.92,2.37,1.52,,1.0414,1.2628,149.8,2.75,2.9,,4.4547,,,,
2025-02-28,3.99,4.24,1.86,2.38,1.57,,1.0402,1.2591,150.64,2.75,2.9,,4.4552,,,,
2025-03-01,,,,,,,,,,2.75,2.9,3.313772381,,4.6448,0.477,1.485,0.514
2025-03-02,,,,,,,,,,2.75,2.9,,,,,,
2025-03-03,3.96,4.16,1.8,2.36,1.61,,1.0496,1.2711,150.16,2.75,2.9,,4.455,,,,
2025-03-04,3.96,4.22,1.87,2.35,1.61,,1.0534,1.2726,148.81,2.75,2.9,,4.4551,,,,
2025-03-05,3.99,4.28,1.94,2.34,1.57,6756764.0,1.0768,1.2864,148.82,2.75,2.9,,4.455,,,,
2025-03-06,3.96,4.29,1.95,2.34,1.59,,1.0818,1.2894,147.9,2.75,2.9,,4.4557,,,,
2025-03-07,3.99,4.32,1.99,2.33,1.61,,1.0859,1.2918,147.13,2.75,2.9,,4.4548,,,,
2025-03-08,,,,,,,,,,2.75,2.9,,,,,,
2025-03-09,,,,,,,,,,2.75,2.9,,,,,,
2025-03-10,3.89,4.22,1.91,2.31,1.64,,1.0837,1.2909,147.15,2.75,2.9,,4.4547,,,,
2025-03-11,3.94,4.28,1.97,2.31,1.68,,1.0927,1.2948,147.48,2.75,2.9,,4.4546,,,,
2025-03-12,4.01,4.32,1.99,2.33,1.65,6759571.0,1.0925,1.297,148.32,2.5,2.65,,4.4545,,,,
2025-03-13,3.94,4.27,1.98,2.29,1.7,,1.0859,1.2945,147.71,2.5,2.65,,4.455,,,,
2025-03-14,4.02,4.31,2.01,2.3,1.65,,1.0872,1.2917,148.51,2.5,2.65,,4.4549,,,,
2025-03-15,,,,,,,,,,2.5,2.65,,,,,,
2025-03-16,,,,,,,,,,2.5,2.65,,,,,,
2025-03-17,4.06,4.31,2.02,2.29,1.63,,1.0922,1.2988,148.56,2.5,2.65,,4.4544,,,,
2025-03-18,4.04,4.29,1.99,2.3,1.63,,1.0927,1.2987,149.49,2.5,2.65,,4.4548,,,,
2025-03-19,3.99,4.25,1.94,2.31,1.64,6755982.0,1.0877,1.2969,150.02,2.5,2.65,,4.4558,,,,
2025-03-20,3.95,4.24,1.93,2.31,1.64,,1.0848,1.2973,148.84,2.5,2.65,,4.4562,,,,
2025-03-21,3.94,4.25,1.92,2.33,1.68,,1.0806,1.2896,148.98,2.5,2.65,,4.4563,,,,
2025-03-22,,,,,,,,,,2.5,2.65,,,,,,
2025-03-23,,,,,,,,,,2.5,2.65,,,,,,
2025-03-24,4.04,4.34,1.98,2.36,1.64,,1.0794,1.2913,150.74,2.5,2.65,,4.457,,,,
2025-03-25,3.96,4.31,1.96,2.35,1.66,,1.0804,1.2948,149.77,2.5,2.65,,4.4568,,,,
2025-03-26,3.98,4.35,1.98,2.37,1.66,6740253.0,1.0781,1.2889,150.69,2.5,2.65,,4.4572,,,,
2025-03-27,3.97,4.38,1.99,2.39,1.68,,1.08,1.2963,150.97,2.5,2.65,,4.4556,,,,
2025-03-28,3.89,4.27,1.9,2.37,1.73,,1.0826,1.2942,150.26,2.5,2.65,,4.4558,,,,
2025-03-29,,,,,,,,,,2.5,2.65,,,,,,
2025-03-30,,,,,,,,,,2.5,2.65,,,,,,
2025-03-31,3.89,4.23,1.85,2.38,1.76,,1.0796,1.2896,149.9,2.5,2.65,,4.4554,,,,
2025-04-01,3.87,4.17,1.84,2.33,1.73,,1.08,1.2923,149.4,2.5,2.65,3.0972209091,4.4555,4.5762,0.477,1.31,0.326
2025-04-02,3.91,4.2,1.88,2.32,1.73,6723452.0,1.0868,1.2974,149.98,2.5,2.65,,4.4549,,,,
2025-04-03,3.71,4.06,1.78,2.28,1.89,,1.1052,1.3113,146.04,2.5,2.65,,4.4553,,,,
2025-04-04,3.68,4.01,1.83,2.18,1.94,,1.1014,1.2927,145.93,2.5,2.65,,4.4554,,,,
2025-04-05,,,,,,,,,,2.5,2.65,,,,,,
2025-04-06,,,,,,,,,,2.5,2.65,,,,,,
2025-04-07,3.73,4.15,1.96,2.19,2.02,,1.0912,1.2729,147.96,2.5,2.65,,4.4561,,,,
2025-04-08,3.71,4.26,2.04,2.22,2.0,,1.0912,1.2769,147.02,2.5,2.65,,4.4565,,,,
2025-04-09,3.91,4.34,2.07,2.27,2.02,6727416.0,1.104,1.2771,145.09,2.5,2.65,,4.4565,,,,
2025-04-10,3.84,4.4,2.21,2.19,1.97,,1.1192,1.294,144.34,2.5,2.65,,4.4579,,,,
2025-04-11,3.96,4.48,2.28,2.2,1.9,,1.1325,1.3051,143.57,2.5,2.65,,4.4584,,,,
2025-04-12,,,,,,,,,,2.5,2.65,,,,,,
2025-04-13,,,,,,,,,,2.5,2.65,,,,,,
2025-04-14,3.84,4.38,2.15,2.23,1.9,,1.1358,1.3176,142.96,2.5,2.65,,4.4582,,,,
2025-04-15,3.84,4.35,2.16,2.19,1.9,,1.129,1.3223,143.1,2.5,2.65,,4.4585,,,,
2025-04-16,3.77,4.29,2.12,2.17,1.92,6727113.0,1.1382,1.3247,142.56,2.5,2.65,,4.4585,,,,
2025-04-17,3.81,4.34,2.11,2.23,1.92,,1.1364,1.3259,142.33,2.5,2.65,,4.459,,,,
2025-04-18,,,,,,,1.139,1.3279,142.22,2.5,2.65,,,,,,
2025-04-19,,,,,,,,,,2.5,2.65,,,,,,
2025-04-20,,,,,,,,,,2.5,2.65,,,,,,
2025-04-21,3.75,4.42,2.2,2.22,1.96,,1.1508,1.3385,140.81,2.5,2.65,,,,,,
2025-04-22,3.76,4.41,2.14,2.27,1.93,,1.1466,1.3376,140.87,2.5,2.65,,4.4593,,,,
2025-04-23,3.81,4.4,2.11,2.29,1.86,6726930.0,1.135,1.3256,142.64,2.25,2.4,,4.459,,,,
2025-04-24,3.77,4.32,2.02,2.3,1.86,,1.1363,1.3309,142.64,2.25,2.4,,4.4592,,,,
2025-04-25,3.74,4.29,2.02,2.27,1.84,,1.1381,1.3331,143.75,2.25,2.4,,4.4591,,,,
2025-04-26,,,,,,,,,,2.25,2.4,,,,,,
2025-04-27,,,,,,,,,,2.25,2.4,,,,,,
2025-04-28,3.67,4.23,1.98,2.25,1.87,,1.1387,1.3395,142.7,2.25,2.4,,4.459,,,,
2025-04-29,3.65,4.19,1.96,2.23,1.88,,1.1396,1.3397,142.29,2.25,2.4,,4.4592,,,,
2025-04-30,3.6,4.17,1.94,2.23,1.96,6709277.0,1.1349,1.3344,142.63,2.25,2.4,,4.4592,,,,
2025-05-01,3.7,4.25,2.0,2.25,1.95,,1.1279,1.3273,145.48,2.25,2.4,3.0709945455,4.4586,4.6004,0.477,1.5,0.259
2025-05-02,3.83,4.33,2.06,2.27,1.9,,1.133,1.3283,144.52,2.25,2.4,,4.4594,,,,
2025-05-03,,,,,,,,,,2.25,2.4,,,,,,
2025-05-04,,,,,,,,,,2.25,2.4,,,,,,
2025-05-05,3.83,4.36,2.08,2.28,1.91,,1.1315,1.3284,143.98,2.25,2.4,,,,,,
2025-05-06,3.78,4.3,2.04,2.26,1.95,,1.1345,1.3369,142.76,2.25,2.4,,4.459,,,,
2025-05-07,3.78,4.26,2.01,2.25,1.95,6710889.0,1.1348,1.3344,143.47,2.25,2.4,,4.4601,,,,
2025-05-08,3.9,4.37,2.08,2.29,1.89,,1.1249,1.3287,145.46,2.25,2.4,,4.21,,,,
2025-05-09,3.88,4.37,2.08,2.29,1.89,,1.127,1.3318,145.15,2.25,2.4,,4.2103,,,,
2025-05-10,,,,,,,,,,2.25,2.4,,,,,,
2025-05-11,,,,,,,,,,2.25,2.4,,,,,,
2025-05-12,3.98,4.45,2.16,2.29,1.82,,1.1106,1.3194,148.09,2.25,2.4,,4.21,,,,
2025-05-13,4.02,4.49,2.17,2.32,1.82,,1.1176,1.328,147.75,2.25,2.4,,4.2106,,,,
2025-05-14,4.05,4.53,2.16,2.37,1.8,6713270.0,1.1206,1.3303,146.54,2.25,2.4,,4.2108,,,,
2025-05-15,3.96,4.45,2.11,2.34,1.83,,1.1189,1.3292,145.61,2.25,2.4,,4.2111,,,,
2025-05-16,3.98,4.43,2.09,2.34,1.82,,1.1141,1.3257,146.02,2.25,2.4,,4.2106,,,,
2025-05-17,,,,,,,,,,2.25,2.4,,,,,,
2025-05-18,,,,,,,,,,2.25,2.4,,,,,,
2025-05-19,3.97,4.46,2.1,2.36,1.84,,1.1236,1.3357,144.99,2.25,2.4,,4.2109,,,,
2025-05-20,3.97,4.48,2.13,2.35,1.82,,1.1254,1.3371,144.72,2.25,2.4,,4.2108,,,,
2025-05-21,4.0,4.58,2.23,2.35,1.85,6688726.0,1.1343,1.3447,143.68,2.25,2.4,,4.2115,,,,
2025-05-22,4.0,4.54,2.2,2.34,1.87,,1.1281,1.3426,143.89,2.25,2.4,,4.2114,,,,
2025-05-23,4.0,4.51,2.18,2.33,1.88,,1.135,1.3511,142.61,2.25,2.4,,4.2108,,,,
2025-05-24,,,,,,,,,,2.25,2.4,,,,,,
2025-05-25,,,,,,,,,,2.25,2.4,,,,,,
2025-05-26,,,,,,,,,,2.25,2.4,,,,,,
2025-05-27,3.92,4.43,2.11,2.32,1.84,,1.1326,1.3505,144.37,2.25,2.4,,4.2107,,,,
2025-05-28,3.96,4.47,2.15,2.32,1.83,6673244.0,1.1286,1.3462,145.04,2.25,2.4,,4.2104,,,,
2025-05-29,3.92,4.43,2.11,2.32,1.81,,1.137,1.3489,144.09,2.25,2.4,,4.2107,,,,
2025-05-30,3.89,4.41,2.07,2.34,1.84,,1.1347,1.3468,144.18,2.25,2.4,,4.2111,,,,
2025-05-31,,,,,,,,,,2.25,2.4,,,,,,
2025-06-01,,,,,,,,,,2.25,2.4,3.0847609524,,4.5248,0.477,1.42,0.41
2025-06-02,3.94,4.46,2.13,2.33,1.84,,1.1432,1.3549,142.76,2.25,2.4,,4.2112,,,,
2025-06-03,3.96,4.46,2.14,2.32,1.81,,1.1373,1.352,143.93,2.25,2.4,,4.2112,,,,
2025-06-04,3.87,4.37,2.06,2.31,1.8,6672885.0,1.1424,1.357,142.91,2.25,2.4,,4.2111,,,,
2025-06-05,3.92,4.4,2.11,2.29,1.77,,1.144,1.3584,143.87,2.25,2.4,,4.2119,,,,
2025-06-06,4.04,4.51,2.2,2.31,1.73,,1.1397,1.3532,144.87,2.25,2.4,,4.2118,,,,
2025-06-07,,,,,,,,,,2.25,2.4,,,,,,
2025-06-08,,,,,,,,,,2.25,2.4,,,,,,
2025-06-09,4.01,4.49,2.18,2.31,1.72,,1.1425,1.3563,144.37,2.25,2.4,,4.2128,,,,
2025-06-10,4.01,4.47,2.18,2.29,1.71,,1.1423,1.3508,144.91,2.25,2.4,,4.2126,,,,
2025-06-11,3.94,4.41,2.14,2.27,1.74,6677155.0,1.149,1.3556,144.48,2.0,2.15,,4.2129,,,,
2025-06-12,3.9,4.36,2.11,2.25,1.73,,1.1578,1.3589,143.64,2.0,2.15,,4.2126,,,,
2025-06-13,3.96,4.41,2.13,2.28,1.75,,1.1557,1.3594,144.04,2.0,2.15,,4.2127,,,,
2025-06-14,,,,,,,,,,2.0,2.15,,,,,,
2025-06-15,,,,,,,,,,2.0,2.15,,,,,,
2025-06-16,3.97,4.46,2.16,2.3,1.74,,1.1581,1.36,144.14,2.0,2.15,,4.2148,,,,
2025-06-17,3.94,4.39,2.08,2.31,1.74,,1.1535,1.3516,145.04,2.0,2.15,,4.216,,,,
2025-06-18,3.94,4.38,2.07,2.31,1.77,6681056.0,1.1521,1.3471,144.58,2.0,2.15,,4.2163,,,,
2025-06-19,,,,,,,,,,2.0,2.15,,4.2169,,,,
2025-06-20,3.9,4.38,2.05,2.33,1.76,,1.152,1.3465,145.92,2.0,2.15,,4.2164,,,,
2025-06-21,,,,,,,,,,2.0,2.15,,,,,,
2025-06-22,,,,,,,,,,2.0,2.15,,,,,,
2025-06-23,3.84,4.34,2.04,2.3,1.77,,1.1538,1.3491,146.47,2.0,2.15,,4.2166,,,,
2025-06-24,3.75,4.3,2.01,2.29,1.78,,1.1608,1.3616,144.9,2.0,2.15,,4.217,,,,
2025-06-25,3.74,4.29,2.01,2.28,1.79,6662200.0,1.162,1.3626,145.59,2.0,2.15,,4.2172,,,,
2025-06-26,3.7,4.26,1.98,2.28,1.8,,1.1717,1.3754,144.34,2.0,2.15,,4.217,,,,
2025-06-27,3.73,4.29,2.0,2.29,1.79,,1.1724,1.372,144.74,2.0,2.15,,4.2172,,,,
2025-06-28,,,,,,,,,,2.0,2.15,,,,,,
2025-06-29,,,,,,,,,,2.0,2.15,,,,,,
2025-06-30,3.72,4.24,1.95,2.29,1.75,,1.177,1.3722,144.17,2.0,2.15,,4.2171,,,,
2025-07-01,3.78,4.26,1.97,2.29,1.72,,1.1776,1.3728,143.58,2.0,2.15,3.1735630435,4.2176,4.5924,0.478,1.545,0.378
2025-07-02,3.78,4.3,2.0,2.3,1.7,6659598.0,1.179,1.3623,143.76,2.0,2.15,,4.2171,,,,
2025-07-03,3.88,4.35,2.02,2.33,1.67,,1.1758,1.3656,144.96,2.0,2.15,,4.2173,,,,
2025-07-04,,,,,,,,,,2.0,2.15,,4.2173,,,,
2025-07-05,,,,,,,,,,2.0,2.15,,,,,,
2025-07-06,,,,,,,,,,2.0,2.15,,,,,,
2025-07-07,3.9,4.4,2.05,2.35,1.71,,1.1733,1.3638,145.86,2.0,2.15,,4.217,,,,
2025-07-08,3.9,4.42,2.07,2.35,1.71,,1.1707,1.3575,146.81,2.0,2.15,,4.217,,,,
2025-07-09,3.86,4.34,2.01,2.33,1.73,6661912.0,1.1707,1.3585,146.53,2.0,2.15,,4.2169,,,,
2025-07-10,3.86,4.35,2.01,2.34,1.7,,1.1688,1.3569,146.46,2.0,2.15,,4.2175,,,,
2025-07-11,3.9,4.43,2.06,2.37,1.72,,1.1696,1.3503,147.29,2.0,2.15,,4.2172,,,,
2025-07-12,,,,,,,,,,2.0,2.15,,,,,,
2025-07-13,,,,,,,,,,2.0,2.15,,,,,,
2025-07-14,3.9,4.43,2.04,2.39,1.73,,1.1672,1.3437,147.69,2.0,2.15,,4.2171,,,,
2025-07-15,3.95,4.5,2.09,2.41,1.7,,1.1619,1.3396,148.75,2.0,2.15,,4.2172,,,,
2025-07-16,3.88,4.46,2.05,2.41,1.73,6659273.0,1.1629,1.3426,148.08,2.0,2.15,,4.217,,,,
2025-07-17,3.91,4.47,2.04,2.43,1.71,,1.1597,1.3413,148.55,2.0,2.15,,4.2175,,,,
2025-07-18,3.88,4.44,2.03,2.41,1.73,,1.1645,1.3439,148.55,2.0,2.15,,4.2174,,,,
2025-07-19,,,,,,,,,,2.0,2.15,,,,,,
2025-07-20,,,,,,,,,,2.0,2.15,,,,,,
2025-07-21,3.85,4.38,1.98,2.4,1.73,,1.1705,1.3498,147.27,2.0,2.15,,4.2168,,,,
2025-07-22,3.83,4.35,1.96,2.39,1.73,,1.1749,1.3522,146.36,2.0,2.15,,4.2172,,,,
2025-07-23,3.88,4.4,2.03,2.37,1.71,6657715.0,1.1748,1.3566,146.55,2.0,2.15,,4.2172,,,,
2025-07-24,3.91,4.43,1.98,2.45,1.68,,1.1765,1.3524,146.92,2.0,2.15,,4.2174,,,,
2025-07-25,3.91,4.4,1.96,2.44,1.69,,1.173,1.3429,147.77,2.0,2.15,,4.2174,,,,
2025-07-26,,,,,,,,,,2.0,2.15,,,,,,
2025-07-27,,,,,,,,,,2.0,2.15,,,,,,
2025-07-28,3.91,4.42,1.98,2.44,1.69,,1.1609,1.3393,148.45,2.0,2.15,,4.2171,,,,
2025-07-29,3.86,4.34,1.91,2.43,1.7,,1.1534,1.3339,148.57,2.0,2.15,,4.2171,,,,
2025-07-30,3.94,4.38,1.96,2.42,1.69,6642578.0,1.147,1.3274,149.07,2.0,2.15,,4.2171,,,,
2025-07-31,3.94,4.37,1.98,2.39,1.67,,1.1431,1.322,150.6,2.0,2.15,,4.217,,,,
2025-08-01,3.69,4.23,1.9,2.33,1.75,,1.1555,1.3259,148.06,2.0,2.15,3.2050457143,4.2176,4.6369,0.477,1.6,0.32
2025-08-02,,,,,,,,,,2.0,2.15,,,,,,
2025-08-03,,,,,,,,,,2.0,2.15,,,,,,
2025-08-04,3.69,4.22,1.85,2.37,1.74,,1.1568,1.329,147.09,2.0,2.15,,4.2169,,,,
2025-08-05,3.72,4.22,1.86,2.36,1.72,,1.158,1.3309,147.49,2.0,2.15,,4.2168,,,,
2025-08-06,3.69,4.22,1.88,2.34,1.75,6640843.0,1.1647,1.336,147.25,2.0,2.15,,4.217,,,,
2025-08-07,3.72,4.23,1.88,2.35,1.74,,1.1641,1.3434,147.35,2.0,2.15,,3.9676,,,,
2025-08-08,3.76,4.27,1.88,2.39,1.74,,1.166,1.3444,147.7,2.0,2.15,,3.9672,,,,
2025-08-09,,,,,,,,,,2.0,2.15,,,,,,
2025-08-10,,,,,,,,,,2.0,2.15,,,,,,
2025-08-11,3.76,4.27,1.87,2.4,1.72,,1.1607,1.3414,147.99,2.0,2.15,,3.9669,,,,
2025-08-12,3.72,4.29,1.91,2.38,1.73,,1.1673,1.3509,147.8,2.0,2.15,,3.967,,,,
2025-08-13,3.67,4.24,1.87,2.37,1.71,6643615.0,1.1715,1.3572,147.25,2.0,2.15,,3.9672,,,,
2025-08-14,3.74,4.29,1.9,2.39,1.71,,1.1644,1.3532,147.69,2.0,2.15,,3.9674,,,,
2025-08-15,3.75,4.33,1.95,2.38,1.69,,1.1708,1.3565,147.0,2.0,2.15,,3.9671,,,,
2025-08-16,,,,,,,,,,2.0,2.15,,,,,,
2025-08-17,,,,,,,,,,2.0,2.15,,,,,,
2025-08-18,3.77,4.34,1.96,2.38,1.7,,1.1667,1.3521,147.76,2.0,2.15,,3.9669,,,,
2025-08-19,3.75,4.3,1.95,2.35,1.71,,1.166,1.3496,147.72,2.0,2.15,,3.9671,,,,
2025-08-20,3.74,4.29,1.94,2.35,1.73,6618415.0,1.1649,1.345,147.19,2.0,2.15,,3.9673,,,,
2025-08-21,3.79,4.33,1.94,2.39,1.72,,1.1605,1.3417,148.35,2.0,2.15,,3.9675,,,,
2025-08-22,3.68,4.26,1.85,2.41,1.73,,1.1713,1.3528,146.82,2.0,2.15,,3.9671,,,,
2025-08-23,,,,,,,,,,2.0,2.15,,,,,,
2025-08-24,,,,,,,,,,2.0,2.15,,,,,,
2025-08-25,3.73,4.28,1.87,2.41,1.7,,1.167,1.3491,147.61,2.0,2.15,,,,,,
2025-08-26,3.61,4.26,1.84,2.42,1.75,,1.1657,1.3485,147.3,2.0,2.15,,3.9674,,,,
2025-08-27,3.59,4.24,1.81,2.43,1.77,6603384.0,1.1611,1.3468,147.75,2.0,2.15,,3.9675,,,,
2025-08-28,3.62,4.22,1.81,2.41,1.75,,1.1672,1.3516,146.98,2.0,2.15,,3.9675,,,,
2025-08-29,3.59,4.23,1.82,2.41,1.8,,1.1695,1.3511,146.9,2.0,2.15,,3.9665,,,,
2025-08-30,,,,,,,,,,2.0,2.15,,,,,,
2025-08-31,,,,,,,,,,2.0,2.15,,,,,,
2025-09-01,,,,,,,,,,2.0,2.15,3.2330461969,3.9669,4.6885,0.477,1.645,0.2
2025-09-02,3.66,4.28,1.87,2.41,1.81,,1.1653,1.3392,148.23,2.0,2.15,,3.9669,,,,
2025-09-03,3.61,4.22,1.82,2.4,1.78,6602071.0,1.1676,1.3448,147.97,2.0,2.15,,3.967,,,,
2025-09-04,3.59,4.17,1.79,2.38,1.8,,1.1648,1.3441,148.63,2.0,2.15,,3.9671,,,,
2025-09-05,3.51,4.1,1.73,2.37,1.78,,1.1759,1.3543,146.84,2.0,2.15,,3.9669,,,,
2025-09-06,,,,,,,,,,2.0,2.15,,,,,,
2025-09-07,,,,,,,,,,2.0,2.15,,,,,,
2025-09-08,3.49,4.05,1.7,2.35,1.76,,1.1751,1.355,147.58,2.0,2.15,,3.967,,,,
2025-09-09,3.54,4.08,1.72,2.36,1.75,,1.1723,1.3533,147.23,2.0,2.15,,3.967,,,,
2025-09-10,3.54,4.04,1.69,2.35,1.75,6605962.0,1.1714,1.3548,147.37,2.0,2.15,,3.967,,,,
2025-09-11,3.52,4.01,1.67,2.34,1.74,,1.1732,1.3568,147.17,2.0,2.15,,3.967,,,,
2025-09-12,3.56,4.06,1.7,2.36,1.7,,1.1714,1.3547,147.85,2.0,2.15,,3.9672,,,,
2025-09-13,,,,,,,,,,2.0,2.15,,,,,,
2025-09-14,,,,,,,,,,2.0,2.15,,,,,,
2025-09-15,3.54,4.05,1.68,2.37,1.68,,1.1772,1.3609,147.27,2.0,2.15,,3.9676,,,,
2025-09-16,3.51,4.04,1.67,2.37,1.69,,1.1848,1.3654,146.56,2.0,2.15,,3.9673,,,,
2025-09-17,3.52,4.06,1.68,2.38,1.7,6608597.0,1.1845,1.3661,146.36,2.0,2.15,,3.9674,,,,
2025-09-18,3.57,4.11,1.73,2.38,1.68,,1.178,1.3552,148.02,2.0,2.15,,3.9674,,,,
2025-09-19,3.57,4.14,1.75,2.39,1.68,,1.1753,1.3484,147.83,2.0,2.15,,3.9673,,,,
2025-09-20,,,,,,,,,,2.0,2.15,,,,,,
2025-09-21,,,,,,,,,,2.0,2.15,,,,,,
2025-09-22,3.61,4.15,1.78,2.37,1.67,,1.1773,1.3505,147.83,2.0,2.15,,3.9671,,,,
2025-09-23,3.53,4.12,1.75,2.37,1.69,,1.18,1.3518,147.83,2.0,2.15,,3.9678,,,,
2025-09-24,3.57,4.16,1.78,2.38,1.68,6608395.0,1.1742,1.345,148.71,2.0,2.15,,3.9677,,,,
2025-09-25,3.64,4.18,1.8,2.38,1.67,,1.1673,1.3351,149.78,2.0,2.15,,3.9675,,,,
2025-09-26,3.63,4.2,1.82,2.38,1.65,,1.1692,1.3404,149.52,2.0,2.15,,3.9669,,,,
2025-09-27,,,,,,,,,,2.0,2.15,,,,,,
2025-09-28,,,,,,,,,,2.0,2.15,,,,,,
2025-09-29,3.63,4.15,1.8,2.35,1.64,,1.173,1.3433,148.57,2.0,2.15,,3.9667,,,,
2025-09-30,3.6,4.16,1.8,2.36,1.67,,1.1735,1.3443,147.97,2.0,2.15,,3.9671,,,,
2025-10-01,3.55,4.12,1.77,2.35,1.69,6587119.0,1.1723,1.3474,147.16,2.0,2.15,3.1239221739,3.9674,4.5721,0.477,1.655,0.18
2025-10-02,3.55,4.1,1.76,2.34,1.68,,1.1696,1.3423,147.35,2.0,2.15,,3.9674,,,,
2025-10-03,3.58,4.13,1.8,2.33,1.66,,1.1747,1.3481,147.33,2.0,2.15,,3.9672,,,,
2025-10-04,,,,,,,,,,2.0,2.15,,,,,,
2025-10-05,,,,,,,,,,2.0,2.15,,,,,,
2025-10-06,3.6,4.18,1.84,2.34,1.65,,1.1707,1.3476,150.02,2.0,2.15,,3.9674,,,,
2025-10-07,3.57,4.14,1.79,2.35,1.67,,1.1674,1.3441,151.17,2.0,2.15,,3.9676,,,,
2025-10-08,3.58,4.13,1.78,2.35,1.68,6590815.0,1.1606,1.339,152.72,2.0,2.15,,3.9677,,,,
2025-10-09,3.6,4.14,1.8,2.34,1.69,,1.1559,1.3312,153.05,2.0,2.15,,3.9678,,,,
2025-10-10,3.52,4.05,1.75,2.3,1.72,,1.1613,1.3343,151.94,2.0,2.15,,3.9678,,,,
2025-10-11,,,,,,,,,,2.0,2.15,,,,,,
2025-10-12,,,,,,,,,,2.0,2.15,,,,,,
2025-10-13,,,,,,,,,,2.0,2.15,,3.9672,,,,
2025-10-14,3.48,4.03,1.73,2.3,1.71,,1.1608,1.3321,151.77,2.0,2.15,,3.9674,,,,
2025-10-15,3.5,4.05,1.76,2.29,1.68,6596454.0,1.1638,1.3396,151.21,2.0,2.15,,3.9671,,,,
2025-10-16,3.41,3.99,1.71,2.28,1.71,,1.1665,1.3425,150.75,2.0,2.15,,3.9676,,,,
2025-10-17,3.46,4.02,1.75,2.27,1.7,,1.1674,1.3425,150.33,2.0,2.15,,3.9682,,,,
2025-10-18,,,,,,,,,,2.0,2.15,,,,,,
2025-10-19,,,,,,,,,,2.0,2.15,,,,,,
2025-10-20,3.46,4.0,1.74,2.26,1.68,,1.1656,1.342,150.59,2.0,2.15,,3.9682,,,,
2025-10-21,3.45,3.98,1.7,2.28,1.67,,1.1616,1.3391,151.72,2.0,2.15,,3.9688,,,,
2025-10-22,3.45,3.97,1.68,2.29,1.69,6589533.0,1.1612,1.3372,151.79,2.0,2.15,,3.9687,,,,
2025-10-23,3.48,4.01,1.71,2.3,1.66,,1.1612,1.3323,152.72,2.0,2.15,,3.9691,,,,
2025-10-24,3.48,4.02,1.73,2.29,1.65,,1.1626,1.3298,152.82,2.0,2.15,,3.9691,,,,
2025-10-25,,,,,,,,,,2.0,2.15,,,,,,
2025-10-26,,,,,,,,,,2.0,2.15,,,,,,
2025-10-27,3.48,4.01,1.73,2.28,1.63,,1.1636,1.3331,153.09,2.0,2.15,,3.9693,,,,
2025-10-28,3.47,3.99,1.71,2.28,1.65,,1.1659,1.328,152.14,2.0,2.15,,3.9694,,,,
2025-10-29,3.59,4.08,1.78,2.3,1.61,6587034.0,1.1664,1.3243,151.91,2.0,2.15,,3.9693,,,,
2025-10-30,3.61,4.11,1.82,2.29,1.64,,1.1564,1.3147,154.17,2.0,2.15,,3.9693,,,,
2025-10-31,3.6,4.11,1.81,2.3,1.69,,1.1541,1.3141,154.05,2.0,2.15,,3.9689,,,,
2025-11-01,,,,,,,,,,2.0,2.15,3.1361575,,4.4985,0.478,1.805,0.19
2025-11-02,,,,,,,,,,2.0,2.15,,,,,,
2025-11-03,3.6,4.13,1.82,2.31,1.71,,1.1531,1.315,154.13,2.0,2.15,,3.9694,,,,
2025-11-04,3.58,4.1,1.81,2.29,1.72,,1.1491,1.3044,153.55,2.0,2.15,,3.9694,,,,
2025-11-05,3.63,4.17,1.87,2.3,1.7,6572732.0,1.1485,1.3051,154.11,2.0,2.15,,3.9694,,,,
2025-11-06,3.57,4.11,1.83,2.28,1.72,,1.1539,1.3107,152.97,2.0,2.15,,3.9693,,,,
2025-11-07,3.55,4.11,1.83,2.28,1.75,,1.1578,1.3165,153.06,2.0,2.15,,3.9697,,,,
2025-11-08,,,,,,,,,,2.0,2.15,,,,,,
2025-11-09,,,,,,,,,,2.0,2.15,,,,,,
2025-11-10,3.58,4.13,1.84,2.29,1.73,,1.1545,1.3157,153.99,2.0,2.15,,3.9694,,,,
2025-11-11,,,,,,,,,,2.0,2.15,,3.9694,,,,
2025-11-12,3.56,4.08,1.81,2.27,1.75,6580462.0,1.1592,1.3131,154.64,2.0,2.15,,3.9692,,,,
2025-11-13,3.58,4.11,1.83,2.28,1.77,,1.1649,1.3214,154.4,2.0,2.15,,3.9698,,,,
2025-11-14,3.62,4.14,1.86,2.28,1.77,,1.1617,1.3156,154.64,2.0,2.15,,3.9694,,,,
2025-11-15,,,,,,,,,,2.0,2.15,,,,,,
2025-11-16,,,,,,,,,,2.0,2.15,,,,,,
2025-11-17,3.6,4.13,1.85,2.28,1.77,,1.1598,1.3179,155.2,2.0,2.15,,3.9692,,,,
2025-11-18,3.58,4.12,1.85,2.27,1.79,,1.1579,1.3152,155.44,2.0,2.15,,3.9694,,,,
2025-11-19,3.58,4.13,1.86,2.27,1.79,6555283.0,1.154,1.3077,156.63,2.0,2.15,,3.9693,,,,
2025-11-20,3.55,4.1,1.86,2.24,1.8,,1.1534,1.3079,157.41,2.0,2.15,,3.969,,,,
2025-11-21,3.51,4.06,1.82,2.24,1.82,,1.1506,1.31,156.58,2.0,2.15,,3.969,,,,
2025-11-22,,,,,,,,,,2.0,2.15,,,,,,
2025-11-23,,,,,,,,,,2.0,2.15,,,,,,
2025-11-24,3.46,4.04,1.81,2.23,1.8,,1.1518,1.3096,156.94,2.0,2.15,,3.9688,,,,
2025-11-25,3.43,4.01,1.79,2.22,1.79,,1.1553,1.3174,156.3,2.0,2.15,,3.9688,,,,
2025-11-26,3.45,4.0,1.77,2.23,1.78,6552419.0,1.1591,1.3228,156.38,2.0,2.15,,3.969,,,,
2025-11-27,,,,,,,,,,2.0,2.15,,3.9688,,,,
2025-11-28,3.47,4.02,1.79,2.23,1.78,,1.16,1.3239,156.17,2.0,2.15,,3.9693,,,,
2025-11-29,,,,,,,,,,2.0,2.15,,,,,,
2025-11-30,,,,,,,,,,2.0,2.15,,,,,,
2025-12-01,3.54,4.09,1.85,2.24,1.78,,1.1623,1.3229,155.28,2.0,2.15,3.2447326087,3.9702,4.4826,0.557,2.06,0.33
2025-12-02,3.51,4.09,1.85,2.24,1.76,,1.1596,1.3186,155.92,2.0,2.15,,3.9713,,,,
2025-12-03,3.49,4.06,1.82,2.24,1.77,6535781.0,1.166,1.3334,155.17,2.0,2.15,,3.9716,,,,
2025-12-04,3.52,4.11,1.85,2.26,1.76,,1.1659,1.3355,154.9,2.0,2.15,,3.9732,,,,
2025-12-05,3.56,4.14,1.88,2.26,1.74,,1.1635,1.3324,155.3,2.0,2.15,,3.9741,,,,
2025-12-06,,,,,,,,,,2.0,2.15,,,,,,
2025-12-07,,,,,,,,,,2.0,2.15,,,,,,
2025-12-08,3.57,4.17,1.91,2.26,1.73,,1.1626,1.3321,155.89,2.0,2.15,,3.974,,,,
2025-12-09,3.61,4.18,1.92,2.26,1.73,,1.1639,1.332,156.85,2.0,2.15,,3.9749,,,,
2025-12-10,3.54,4.13,1.88,2.25,1.76,6539303.0,1.165,1.334,156.33,2.0,2.15,,3.9743,,,,
2025-12-11,3.52,4.14,1.89,2.25,1.73,,1.1756,1.3428,155.15,2.0,2.15,,3.975,,,,
2025-12-12,3.52,4.19,1.93,2.26,1.76,,1.1731,1.3351,155.81,2.0,2.15,,3.9743,,,,
2025-12-13,,,,,,,,,,2.0,2.15,,,,,,
2025-12-14,,,,,,,,,,2.0,2.15,,,,,,
2025-12-15,3.51,4.18,1.93,2.25,1.77,,1.1756,1.338,155.29,2.0,2.15,,3.9746,,,,
2025-12-16,3.48,4.15,1.92,2.23,1.78,,1.177,1.3429,154.8,2.0,2.15,,3.9748,,,,
2025-12-17,3.49,4.16,1.92,2.24,1.78,6556861.0,1.1748,1.339,155.6,2.0,2.15,,3.9749,,,,
2025-12-18,3.46,4.12,1.88,2.24,1.78,,1.1729,1.3389,155.53,2.0,2.15,,3.7264,,,,
2025-12-19,3.48,4.16,1.92,2.24,1.76,,1.1721,1.3379,157.43,2.0,2.15,,3.7236,,,,
2025-12-20,,,,,,,,,,2.0,2.15,,,,,,
2025-12-21,,,,,,,,,,2.0,2.15,,,,,,
2025-12-22,3.44,4.17,1.94,2.23,1.76,,1.175,1.3457,156.93,2.0,2.15,,3.7231,,,,
2025-12-23,3.48,4.18,1.94,2.24,1.74,,1.1776,1.3485,156.33,2.0,2.15,,3.7248,,,,
2025-12-24,3.47,4.15,1.91,2.24,1.73,6581231.0,1.178,1.3505,155.83,2.0,2.15,,3.725,,,,
2025-12-25,,,,,,,,,,2.0,2.15,,,,,,
2025-12-26,3.46,4.14,1.91,2.23,1.75,,1.1766,1.3492,156.63,2.0,2.15,,,,,,
2025-12-27,,,,,,,,,,2.0,2.15,,,,,,
2025-12-28,,,,,,,,,,2.0,2.15,,,,,,
2025-12-29,3.45,4.12,1.9,2.22,1.76,,1.1756,1.3497,156.1,2.0,2.15,,3.7251,,,,
2025-12-30,3.45,4.14,1.9,2.24,1.75,,1.1765,1.348,156.26,2.0,2.15,,3.7254,,,,
2025-12-31,3.47,4.18,1.93,2.25,1.72,6640618.0,1.1736,1.3447,156.8,2.0,2.15,,3.7257,,,,
