Date,USD,USD_tradable,EURUSD,EURUSD_tradable,GBPUSD,GBPUSD_tradable,JPYUSD,JPYUSD_tradable,CHFUSD,CHFUSD_tradable
2000-01-04,1.0000000000,True,,False,,False,0.0096955595,True,,False
2000-01-05,1.0000000000,True,,False,,False,0.0096070711,True,,False
2000-01-06,1.0000000000,True,,False,,False,0.0095029931,True,,False
2000-01-07,1.0000000000,True,,False,,False,0.0094939712,True,,False
2000-01-08,1.0000000000,True,,False,,False,0.0094939712,False,,False
2000-01-09,1.0000000000,True,,False,,False,0.0094939712,False,,False
2000-01-10,1.0000000000,True,,False,,False,0.0095093188,True,,False
2000-01-11,1.0000000000,True,,False,,False,0.0094321829,True,,False
2000-01-12,1.0000000000,True,,False,,False,0.0094598430,True,,False
2000-01-13,1.0000000000,True,,False,,False,0.0094321829,True,,False
2000-01-14,1.0000000000,True,,False,,False,0.0094446546,True,,False
2000-01-15,1.0000000000,True,,False,,False,0.0094446546,False,,False
2000-01-16,1.0000000000,True,,False,,False,0.0094446546,False,,False
2000-01-17,1.0000000000,True,,False,,False,0.0095337974,True,,False
2000-01-18,1.0000000000,True,,False,,False,0.0094643192,True,,False
2000-01-19,1.0000000000,True,,False,,False,0.0095002848,True,,False
2000-01-20,1.0000000000,True,,False,,False,0.0094957746,True,,False
2000-01-21,1.0000000000,True,,False,,False,0.0095492741,True,,False
2000-01-22,1.0000000000,True,,False,,False,0.0095492741,False,,False
2000-01-23,1.0000000000,True,,False,,False,0.0095492741,False,,False
2000-01-24,1.0000000000,True,,False,,False,0.0094652152,True,,False
2000-01-25,1.0000000000,True,,False,,False,0.0094455462,True,,False
2000-01-26,1.0000000000,True,,False,,False,0.0094714906,True,,False
2000-01-27,1.0000000000,True,,False,,False,0.0095247168,True,,False
2000-01-28,1.0000000000,True,,False,,False,0.0093405569,True,,False
2000-01-29,1.0000000000,True,,False,,False,0.0093405569,False,,False
2000-01-30,1.0000000000,True,,False,,False,0.0093405569,False,,False
2000-01-31,1.0000000000,True,,False,,False,0.0093283585,True,,False
2000-02-01,1.0000000000,True,,False,,False,0.0092816040,True,,False
2000-02-02,1.0000000000,True,,False,,False,0.0092506939,True,,False
2000-02-03,1.0000000000,True,,False,,False,0.0093066545,True,,False
2000-02-04,1.0000000000,True,,False,,False,0.0093300989,True,,False
2000-02-05,1.0000000000,True,,False,,False,0.0093300989,False,,False
2000-02-06,1.0000000000,True,,False,,False,0.0093300989,False,,False
2000-02-07,1.0000000000,True,,False,,False,0.0091818930,True,,False
2000-02-08,1.0000000000,True,,False,,False,0.0091407677,True,,False
2000-02-09,1.0000000000,True,,False,,False,0.0091945566,True,,False
2000-02-10,1.0000000000,True,,False,,False,0.0091650627,True,,False
2000-02-11,1.0000000000,True,,False,,False,0.0091911762,True,,False
2000-02-12,1.0000000000,True,,False,,False,0.0091911762,False,,False
2000-02-13,1.0000000000,True,,False,,False,0.0091911762,False,,False
2000-02-14,1.0000000000,True,,False,,False,0.0091886427,True,,False
2000-02-15,1.0000000000,True,,False,,False,0.0091684240,True,,False
2000-02-16,1.0000000000,True,,False,,False,0.0091449475,True,,False
2000-02-17,1.0000000000,True,,False,,False,0.0090571503,True,,False
2000-02-18,1.0000000000,True,,False,,False,0.0090211999,True,,False
2000-02-19,1.0000000000,True,,False,,False,0.0090211999,False,,False
2000-02-20,1.0000000000,True,,False,,False,0.0090211999,False,,False
2000-02-21,1.0000000000,True,,False,,False,0.0089887640,True,,False
2000-02-22,1.0000000000,True,,False,,False,0.0090350560,True,,False
2000-02-23,1.0000000000,True,,False,,False,0.0089887640,True,,False
2000-02-24,1.0000000000,True,,False,,False,0.0089847257,True,,False
2000-02-25,1.0000000000,True,,False,,False,0.0090785292,True,,False
2000-02-26,1.0000000000,True,,False,,False,0.0090785292,False,,False
2000-02-27,1.0000000000,True,,False,,False,0.0090785292,False,,False
2000-02-28,1.0000000000,True,,False,,False,0.0091157705,True,,False
2000-02-29,1.0000000000,True,,False,,False,0.0090752335,True,,False
2000-03-01,1.0000000000,True,,False,,False,0.0093510378,True,,False
2000-03-02,1.0000000000,True,,False,,False,0.0092764376,True,,False
2000-03-03,1.0000000000,True,,False,,False,0.0092867756,True,,False
2000-03-04,1.0000000000,True,,False,,False,0.0092867756,False,,False
2000-03-05,1.0000000000,True,,False,,False,0.0092867756,False,,False
2000-03-06,1.0000000000,True,,False,,False,0.0093092536,True,,False
2000-03-07,1.0000000000,True,,False,,False,0.0094179695,True,,False
2000-03-08,1.0000000000,True,,False,,False,0.0093309696,True,,False
2000-03-09,1.0000000000,True,,False,,False,0.0093887896,True,,False
2000-03-10,1.0000000000,True,,False,,False,0.0094144228,True,,False
2000-03-11,1.0000000000,True,,False,,False,0.0094144228,False,,False
2000-03-12,1.0000000000,True,,False,,False,0.0094144228,False,,False
2000-03-13,1.0000000000,True,,False,,False,0.0094616329,True,,False
2000-03-14,1.0000000000,True,,False,,False,0.0095138426,True,,False
2000-03-15,1.0000000000,True,,False,,False,0.0094679036,True,,False
2000-03-16,1.0000000000,True,,False,,False,0.0094661114,True,,False
2000-03-17,1.0000000000,True,,False,,False,0.0093755857,True,,False
2000-03-18,1.0000000000,True,,False,,False,0.0093755857,False,,False
2000-03-19,1.0000000000,True,,False,,False,0.0093755857,False,,False
2000-03-20,1.0000000000,True,,False,,False,0.0094020308,True,,False
2000-03-21,1.0000000000,True,,False,,False,0.0093720715,True,,False
2000-03-22,1.0000000000,True,,False,,False,0.0093396843,True,,False
2000-03-23,1.0000000000,True,,False,,False,0.0093214020,True,,False
2000-03-24,1.0000000000,True,,False,,False,0.0093466681,True,,False
2000-03-25,1.0000000000,True,,False,,False,0.0093466681,False,,False
2000-03-26,1.0000000000,True,,False,,False,0.0093466681,False,,False
2000-03-27,1.0000000000,True,,False,,False,0.0093720715,True,,False
2000-03-28,1.0000000000,True,,False,,False,0.0094500095,True,,False
2000-03-29,1.0000000000,True,,False,,False,0.0094598430,True,,False
2000-03-30,1.0000000000,True,,False,,False,0.0094661114,True,,False
2000-03-31,1.0000000000,True,,False,,False,0.0097125098,True,,False
2000-04-01,1.0000000000,True,,False,,False,0.0097125098,False,,False
2000-04-02,1.0000000000,True,,False,,False,0.0097125098,False,,False
2000-04-03,1.0000000000,True,,False,,False,0.0095247168,True,,False
2000-04-04,1.0000000000,True,,False,,False,0.0095048000,True,,False
2000-04-05,1.0000000000,True,,False,,False,0.0095401641,True,,False
2000-04-06,1.0000000000,True,,False,,False,0.0095520105,True,,False
2000-04-07,1.0000000000,True,,False,,False,0.0094831677,True,,False
2000-04-08,1.0000000000,True,,False,,False,0.0094831677,False,,False
2000-04-09,1.0000000000,True,,False,,False,0.0094831677,False,,False
2000-04-10,1.0000000000,True,,False,,False,0.0093931994,True,,False
2000-04-11,1.0000000000,True,,False,,False,0.0093632956,True,,False
2000-04-12,1.0000000000,True,,False,,False,0.0094562648,True,,False
2000-04-13,1.0000000000,True,,False,,False,0.0094526892,True,,False
2000-04-14,1.0000000000,True,,False,,False,0.0095456279,True,,False
2000-04-15,1.0000000000,True,,False,,False,0.0095456279,False,,False
2000-04-16,1.0000000000,True,,False,,False,0.0095456279,False,,False
2000-04-17,1.0000000000,True,,False,,False,0.0095611438,True,,False
2000-04-18,1.0000000000,True,,False,,False,0.0095547484,True,,False
2000-04-19,1.0000000000,True,,False,,False,0.0095374346,True,,False
2000-04-20,1.0000000000,True,,False,,False,0.0094598430,True,,False
2000-04-21,1.0000000000,True,,False,,False,0.0094517956,True,,False
2000-04-22,1.0000000000,True,,False,,False,0.0094517956,False,,False
2000-04-23,1.0000000000,True,,False,,False,0.0094517956,False,,False
2000-04-24,1.0000000000,True,,False,,False,0.0094616329,True,,False
2000-04-25,1.0000000000,True,,False,,False,0.0094224067,True,,False
2000-04-26,1.0000000000,True,,False,,False,0.0094215188,True,,False
2000-04-27,1.0000000000,True,,False,,False,0.0094002635,True,,False
2000-04-28,1.0000000000,True,,False,,False,0.0092464169,True,,False
2000-04-29,1.0000000000,True,,False,,False,0.0092464169,False,,False
2000-04-30,1.0000000000,True,,False,,False,0.0092464169,False,,False
2000-05-01,1.0000000000,True,,False,,False,0.0092055604,True,,False
2000-05-02,1.0000000000,True,,False,,False,0.0092208394,True,,False
2000-05-03,1.0000000000,True,,False,,False,0.0091768376,True,,False
2000-05-04,1.0000000000,True,,False,,False,0.0092592593,True,,False
2000-05-05,1.0000000000,True,,False,,False,0.0092097991,True,,False
2000-05-06,1.0000000000,True,,False,,False,0.0092097991,False,,False
2000-05-07,1.0000000000,True,,False,,False,0.0092097991,False,,False
2000-05-08,1.0000000000,True,,False,,False,0.0091617039,True,,False
2000-05-09,1.0000000000,True,,False,,False,0.0091650627,True,,False
2000-05-10,1.0000000000,True,,False,,False,0.0091449475,True,,False
2000-05-11,1.0000000000,True,,False,,False,0.0092267948,True,,False
2000-05-12,1.0000000000,True,,False,,False,0.0092319055,True,,False
2000-05-13,1.0000000000,True,,False,,False,0.0092319055,False,,False
2000-05-14,1.0000000000,True,,False,,False,0.0092319055,False,,False
2000-05-15,1.0000000000,True,,False,,False,0.0091608645,True,,False
2000-05-16,1.0000000000,True,,False,,False,0.0091132778,True,,False
2000-05-17,1.0000000000,True,,False,,False,0.0091818930,True,,False
2000-05-18,1.0000000000,True,,False,,False,0.0092208394,True,,False
2000-05-19,1.0000000000,True,,False,,False,0.0093536616,True,,False
2000-05-20,1.0000000000,True,,False,,False,0.0093536616,False,,False
2000-05-21,1.0000000000,True,,False,,False,0.0093536616,False,,False
2000-05-22,1.0000000000,True,,False,,False,0.0093300989,True,,False
2000-05-23,1.0000000000,True,,False,,False,0.0093931994,True,,False
2000-05-24,1.0000000000,True,,False,,False,0.0092885005,True,,False
2000-05-25,1.0000000000,True,,False,,False,0.0093127214,True,,False
2000-05-26,1.0000000000,True,,False,,False,0.0093361964,True,,False
2000-05-27,1.0000000000,True,,False,,False,0.0093361964,False,,False
2000-05-28,1.0000000000,True,,False,,False,0.0093361964,False,,False
2000-05-29,1.0000000000,True,,False,,False,0.0093536616,True,,False
2000-05-30,1.0000000000,True,,False,,False,0.0093914347,True,,False
2000-05-31,1.0000000000,True,,False,,False,0.0092910901,True,,False
2000-06-01,1.0000000000,True,,False,,False,0.0092165899,True,,False
2000-06-02,1.0000000000,True,,False,,False,0.0092635482,True,,False
2000-06-03,1.0000000000,True,,False,,False,0.0092635482,False,,False
2000-06-04,1.0000000000,True,,False,,False,0.0092635482,False,,False
2000-06-05,1.0000000000,True,,False,,False,0.0093101198,True,,False
2000-06-06,1.0000000000,True,,False,,False,0.0094473313,True,,False
2000-06-07,1.0000000000,True,,False,,False,0.0094714906,True,,False
2000-06-08,1.0000000000,True,,False,,False,0.0094428705,True,,False
2000-06-09,1.0000000000,True,,False,,False,0.0093589145,True,,False
2000-06-10,1.0000000000,True,,False,,False,0.0093589145,False,,False
2000-06-11,1.0000000000,True,,False,,False,0.0093589145,False,,False
2000-06-12,1.0000000000,True,,False,,False,0.0093545368,True,,False
2000-06-13,1.0000000000,True,,False,,False,0.0093632956,True,,False
2000-06-14,1.0000000000,True,,False,,False,0.0093835038,True,,False
2000-06-15,1.0000000000,True,,False,,False,0.0093976127,True,,False
2000-06-16,1.0000000000,True,,False,,False,0.0094029150,True,,False
2000-06-17,1.0000000000,True,,False,,False,0.0094029150,False,,False
2000-06-18,1.0000000000,True,,False,,False,0.0094029150,False,,False
2000-06-19,1.0000000000,True,,False,,False,0.0094473313,True,,False
2000-06-20,1.0000000000,True,,False,,False,0.0094876659,True,,False
2000-06-21,1.0000000000,True,,False,,False,0.0094723880,True,,False
2000-06-22,1.0000000000,True,,False,,False,0.0095666317,True,,False
2000-06-23,1.0000000000,True,,False,,False,0.0095593155,True,,False
2000-06-24,1.0000000000,True,,False,,False,0.0095593155,False,,False
2000-06-25,1.0000000000,True,,False,,False,0.0095593155,False,,False
2000-06-26,1.0000000000,True,,False,,False,0.0094741826,True,,False
2000-06-27,1.0000000000,True,,False,,False,0.0094903670,True,,False
2000-06-28,1.0000000000,True,,False,,False,0.0094894669,True,,False
2000-06-29,1.0000000000,True,,False,,False,0.0095048000,True,,False
2000-06-30,1.0000000000,True,,False,,False,0.0094330722,True,,False
2000-07-01,1.0000000000,True,,False,,False,0.0094330722,False,,False
2000-07-02,1.0000000000,True,,False,,False,0.0094330722,False,,False
2000-07-03,1.0000000000,True,,False,,False,0.0094535830,True,,False
2000-07-04,1.0000000000,True,,False,,False,0.0094250708,True,,False
2000-07-05,1.0000000000,True,,False,,False,0.0093519124,True,,False
2000-07-06,1.0000000000,True,,False,,False,0.0093170594,True,,False
2000-07-07,1.0000000000,True,,False,,False,0.0092695590,True,,False
2000-07-08,1.0000000000,True,,False,,False,0.0092695590,False,,False
2000-07-09,1.0000000000,True,,False,,False,0.0092695590,False,,False
2000-07-10,1.0000000000,True,,False,,False,0.0093527873,True,,False
2000-07-11,1.0000000000,True,,False,,False,0.0093396843,True,,False
2000-07-12,1.0000000000,True,,False,,False,0.0092481275,True,,False
2000-07-13,1.0000000000,True,,False,,False,0.0092549743,True,,False
2000-07-14,1.0000000000,True,,False,,False,0.0092755776,True,,False
2000-07-15,1.0000000000,True,,False,,False,0.0092755776,False,,False
2000-07-16,1.0000000000,True,,False,,False,0.0092755776,False,,False
2000-07-17,1.0000000000,True,,False,,False,0.0092626900,True,,False
2000-07-18,1.0000000000,True,,False,,False,0.0092404360,True,,False
2000-07-19,1.0000000000,True,,False,,False,0.0092464169,True,,False
2000-07-20,1.0000000000,True,,False,,False,0.0093023256,True,,False
2000-07-21,1.0000000000,True,,False,,False,0.0091768376,True,,False
2000-07-22,1.0000000000,True,,False,,False,0.0091768376,False,,False
2000-07-23,1.0000000000,True,,False,,False,0.0091768376,False,,False
2000-07-24,1.0000000000,True,,False,,False,0.0092106475,True,,False
2000-07-25,1.0000000000,True,,False,,False,0.0091642226,True,,False
2000-07-26,1.0000000000,True,,False,,False,0.0091650627,True,,False
2000-07-27,1.0000000000,True,,False,,False,0.0091575094,True,,False
2000-07-28,1.0000000000,True,,False,,False,0.0091215910,True,,False
2000-07-29,1.0000000000,True,,False,,False,0.0091215910,False,,False
2000-07-30,1.0000000000,True,,False,,False,0.0091215910,False,,False
2000-07-31,1.0000000000,True,,False,,False,0.0091466202,True,,False
2000-08-01,1.0000000000,True,,False,,False,0.0091549938,True,,False
2000-08-02,1.0000000000,True,,False,,False,0.0092013250,True,,False
2000-08-03,1.0000000000,True,,False,,False,0.0092310531,True,,False
2000-08-04,1.0000000000,True,,False,,False,0.0092097991,True,,False
2000-08-05,1.0000000000,True,,False,,False,0.0092097991,False,,False
2000-08-06,1.0000000000,True,,False,,False,0.0092097991,False,,False
2000-08-07,1.0000000000,True,,False,,False,0.0091734701,True,,False
2000-08-08,1.0000000000,True,,False,,False,0.0092106475,True,,False
2000-08-09,1.0000000000,True,,False,,False,0.0092661232,True,,False
2000-08-10,1.0000000000,True,,False,,False,0.0092850513,True,,False
2000-08-11,1.0000000000,True,,False,,False,0.0092199890,True,,False
2000-08-12,1.0000000000,True,,False,,False,0.0092199890,False,,False
2000-08-13,1.0000000000,True,,False,,False,0.0092199890,False,,False
2000-08-14,1.0000000000,True,,False,,False,0.0091382619,True,,False
2000-08-15,1.0000000000,True,,False,,False,0.0091717877,True,,False
2000-08-16,1.0000000000,True,,False,,False,0.0092250921,True,,False
2000-08-17,1.0000000000,True,,False,,False,0.0092131932,True,,False
2000-08-18,1.0000000000,True,,False,,False,0.0092361691,True,,False
2000-08-19,1.0000000000,True,,False,,False,0.0092361691,False,,False
2000-08-20,1.0000000000,True,,False,,False,0.0092361691,False,,False
2000-08-21,1.0000000000,True,,False,,False,0.0092047129,True,,False
2000-08-22,1.0000000000,True,,False,,False,0.0092336101,True,,False
2000-08-23,1.0000000000,True,,False,,False,0.0093475413,True,,False
2000-08-24,1.0000000000,True,,False,,False,0.0093466681,True,,False
2000-08-25,1.0000000000,True,,False,,False,0.0093632956,True,,False
2000-08-26,1.0000000000,True,,False,,False,0.0093632956,False,,False
2000-08-27,1.0000000000,True,,False,,False,0.0093632956,False,,False
2000-08-28,1.0000000000,True,,False,,False,0.0093817435,True,,False
2000-08-29,1.0000000000,True,,False,,False,0.0094224067,True,,False
2000-08-30,1.0000000000,True,,False,,False,0.0093799831,True,,False
2000-08-31,1.0000000000,True,,False,,False,0.0093747072,True,,False
2000-09-01,1.0000000000,True,,False,,False,0.0094384146,True,,False
2000-09-02,1.0000000000,True,,False,,False,0.0094384146,False,,False
2000-09-03,1.0000000000,True,,False,,False,0.0094384146,False,,False
2000-09-04,1.0000000000,True,,False,,False,0.0094153094,True,,False
2000-09-05,1.0000000000,True,,False,,False,0.0094464386,True,,False
2000-09-06,1.0000000000,True,,False,,False,0.0094401963,True,,False
2000-09-07,1.0000000000,True,,False,,False,0.0095111281,True,,False
2000-09-08,1.0000000000,True,,False,,False,0.0094241824,True,,False
2000-09-09,1.0000000000,True,,False,,False,0.0094241824,False,,False
2000-09-10,1.0000000000,True,,False,,False,0.0094241824,False,,False
2000-09-11,1.0000000000,True,,False,,False,0.0094259594,True,,False
2000-09-12,1.0000000000,True,,False,,False,0.0093527873,True,,False
2000-09-13,1.0000000000,True,,False,,False,0.0093405569,True,,False
2000-09-14,1.0000000000,True,,False,,False,0.0093101198,True,,False
2000-09-15,1.0000000000,True,,False,,False,0.0093231398,True,,False
2000-09-16,1.0000000000,True,,False,,False,0.0093231398,False,,False
2000-09-17,1.0000000000,True,,False,,False,0.0093231398,False,,False
2000-09-18,1.0000000000,True,,False,,False,0.0093554122,True,,False
2000-09-19,1.0000000000,True,,False,,False,0.0093501639,True,,False
2000-09-20,1.0000000000,True,,False,,False,0.0093808632,True,,False
2000-09-21,1.0000000000,True,,False,,False,0.0093773444,True,,False
2000-09-22,1.0000000000,True,,False,,False,0.0092592593,True,,False
2000-09-23,1.0000000000,True,,False,,False,0.0092592593,False,,False
2000-09-24,1.0000000000,True,,False,,False,0.0092592593,False,,False
2000-09-25,1.0000000000,True,,False,,False,0.0092893635,True,,False
2000-09-26,1.0000000000,True,,False,,False,0.0093049222,True,,False
2000-09-27,1.0000000000,True,,False,,False,0.0093257481,True,,False
2000-09-28,1.0000000000,True,,False,,False,0.0092893635,True,,False
2000-09-29,1.0000000000,True,,False,,False,0.0092481275,True,,False
2000-09-30,1.0000000000,True,,False,,False,0.0092481275,False,,False
2000-10-01,1.0000000000,True,,False,,False,0.0092481275,False,,False
2000-10-02,1.0000000000,True,,False,,False,0.0091970934,True,,False
2000-10-03,1.0000000000,True,,False,,False,0.0091835798,True,,False
2000-10-04,1.0000000000,True,,False,,False,0.0091583476,True,,False
2000-10-05,1.0000000000,True,,False,,False,0.0091675833,True,,False
2000-10-06,1.0000000000,True,,False,,False,0.0091970934,True,,False
2000-10-07,1.0000000000,True,,False,,False,0.0091970934,False,,False
2000-10-08,1.0000000000,True,,False,,False,0.0091970934,False,,False
2000-10-09,1.0000000000,True,,False,,False,0.0091945566,True,,False
2000-10-10,1.0000000000,True,,False,,False,0.0092833270,True,,False
2000-10-11,1.0000000000,True,,False,,False,0.0092816040,True,,False
2000-10-12,1.0000000000,True,,False,,False,0.0092807425,True,,False
2000-10-13,1.0000000000,True,,False,,False,0.0092850513,True,,False
2000-10-14,1.0000000000,True,,False,,False,0.0092850513,False,,False
2000-10-15,1.0000000000,True,,False,,False,0.0092850513,False,,False
2000-10-16,1.0000000000,True,,False,,False,0.0092541183,True,,False
2000-10-17,1.0000000000,True,,False,,False,0.0092669814,True,,False
2000-10-18,1.0000000000,True,,False,,False,0.0092885005,True,,False
2000-10-19,1.0000000000,True,,False,,False,0.0092310531,True,,False
2000-10-20,1.0000000000,True,,False,,False,0.0091886427,True,,False
2000-10-21,1.0000000000,True,,False,,False,0.0091886427,False,,False
2000-10-22,1.0000000000,True,,False,,False,0.0091886427,False,,False
2000-10-23,1.0000000000,True,,False,,False,0.0092327580,True,,False
2000-10-24,1.0000000000,True,,False,,False,0.0092644059,True,,False
2000-10-25,1.0000000000,True,,False,,False,0.0092412902,True,,False
2000-10-26,1.0000000000,True,,False,,False,0.0092387289,True,,False
2000-10-27,1.0000000000,True,,False,,False,0.0092140423,True,,False
2000-10-28,1.0000000000,True,,False,,False,0.0092140423,False,,False
2000-10-29,1.0000000000,True,,False,,False,0.0092140423,False,,False
2000-10-30,1.0000000000,True,,False,,False,0.0091776800,True,,False
2000-10-31,1.0000000000,True,,False,,False,0.0091920212,True,,False
2000-11-01,1.0000000000,True,,False,,False,0.0092378753,True,,False
2000-11-02,1.0000000000,True,,False,,False,0.0092464169,True,,False
2000-11-03,1.0000000000,True,,False,,False,0.0093501639,True,,False
2000-11-04,1.0000000000,True,,False,,False,0.0093501639,False,,False
2000-11-05,1.0000000000,True,,False,,False,0.0093501639,False,,False
2000-11-06,1.0000000000,True,,False,,False,0.0093144560,True,,False
2000-11-07,1.0000000000,True,,False,,False,0.0093405569,True,,False
2000-11-08,1.0000000000,True,,False,,False,0.0093257481,True,,False
2000-11-09,1.0000000000,True,,False,,False,0.0092954079,True,,False
2000-11-10,1.0000000000,True,,False,,False,0.0092738568,True,,False
2000-11-11,1.0000000000,True,,False,,False,0.0092738568,False,,False
2000-11-12,1.0000000000,True,,False,,False,0.0092738568,False,,False
2000-11-13,1.0000000000,True,,False,,False,0.0092988655,True,,False
2000-11-14,1.0000000000,True,,False,,False,0.0092455618,True,,False
2000-11-15,1.0000000000,True,,False,,False,0.0091945566,True,,False
2000-11-16,1.0000000000,True,,False,,False,0.0091877989,True,,False
2000-11-17,1.0000000000,True,,False,,False,0.0091928664,True,,False
2000-11-18,1.0000000000,True,,False,,False,0.0091928664,False,,False
2000-11-19,1.0000000000,True,,False,,False,0.0091928664,False,,False
2000-11-20,1.0000000000,True,,False,,False,0.0091166011,True,,False
2000-11-21,1.0000000000,True,,False,,False,0.0090975256,True,,False
2000-11-22,1.0000000000,True,,False,,False,0.0090777049,True,,False
2000-11-23,1.0000000000,True,,False,,False,0.0090620753,True,,False
2000-11-24,1.0000000000,True,,False,,False,0.0089903800,True,,False
2000-11-25,1.0000000000,True,,False,,False,0.0089903800,False,,False
2000-11-26,1.0000000000,True,,False,,False,0.0089903800,False,,False
2000-11-27,1.0000000000,True,,False,,False,0.0090440445,True,,False
2000-11-28,1.0000000000,True,,False,,False,0.0090768813,True,,False
2000-11-29,1.0000000000,True,,False,,False,0.0089831118,True,,False
2000-11-30,1.0000000000,True,,False,,False,0.0090604329,True,,False
2000-12-01,1.0000000000,True,,False,,False,0.0089936143,True,,False
2000-12-02,1.0000000000,True,,False,,False,0.0089936143,False,,False
2000-12-03,1.0000000000,True,,False,,False,0.0089936143,False,,False
2000-12-04,1.0000000000,True,,False,,False,0.0090041421,True,,False
2000-12-05,1.0000000000,True,,False,,False,0.0090301609,True,,False
2000-12-06,1.0000000000,True,,False,,False,0.0090777049,True,,False
2000-12-07,1.0000000000,True,,False,,False,0.0090464989,True,,False
2000-12-08,1.0000000000,True,,False,,False,0.0090171324,True,,False
2000-12-09,1.0000000000,True,,False,,False,0.0090171324,False,,False
2000-12-10,1.0000000000,True,,False,,False,0.0090171324,False,,False
2000-12-11,1.0000000000,True,,False,,False,0.0090317918,True,,False
2000-12-12,1.0000000000,True,,False,,False,0.0089629829,True,,False
2000-12-13,1.0000000000,True,,False,,False,0.0088999644,True,,False
2000-12-14,1.0000000000,True,,False,,False,0.0089182201,True,,False
2000-12-15,1.0000000000,True,,False,,False,0.0088952145,True,,False
2000-12-16,1.0000000000,True,,False,,False,0.0088952145,False,,False
2000-12-17,1.0000000000,True,,False,,False,0.0088952145,False,,False
2000-12-18,1.0000000000,True,,False,,False,0.0089190151,True,,False
2000-12-19,1.0000000000,True,,False,,False,0.0088770527,True,,False
2000-12-20,1.0000000000,True,,False,,False,0.0088581806,True,,False
2000-12-21,1.0000000000,True,,False,,False,0.0089198109,True,,False
2000-12-22,1.0000000000,True,,False,,False,0.0088652480,True,,False
2000-12-23,1.0000000000,True,,False,,False,0.0088652480,False,,False
2000-12-24,1.0000000000,True,,False,,False,0.0088652480,False,,False
2000-12-25,1.0000000000,True,,False,,False,0.0088479918,True,,False
2000-12-26,1.0000000000,True,,False,,False,0.0087927545,True,,False
2000-12-27,1.0000000000,True,,False,,False,0.0087519690,True,,False
2000-12-28,1.0000000000,True,,False,,False,0.0087267653,True,,False
2000-12-29,1.0000000000,True,,False,,False,0.0087427874,True,,False
2000-12-30,1.0000000000,True,,False,,False,0.0087427874,False,,False
2000-12-31,1.0000000000,True,,False,,False,0.0087427874,False,,False
2001-01-01,1.0000000000,True,,False,,False,0.0087282884,True,,False
2001-01-02,1.0000000000,True,,False,,False,0.0087412586,True,,False
2001-01-03,1.0000000000,True,,False,,False,0.0087842589,True,,False
2001-01-04,1.0000000000,True,,False,,False,0.0086140066,True,,False
2001-01-05,1.0000000000,True,,False,,False,0.0085873768,True,,False
2001-01-06,1.0000000000,True,,False,,False,0.0085873768,False,,False
2001-01-07,1.0000000000,True,,False,,False,0.0085873768,False,,False
2001-01-08,1.0000000000,True,,False,,False,0.0086132645,True,,False
2001-01-09,1.0000000000,True,,False,,False,0.0085418980,True,,False
2001-01-10,1.0000000000,True,,False,,False,0.0085873768,True,,False
2001-01-11,1.0000000000,True,,False,,False,0.0084810446,True,,False
2001-01-12,1.0000000000,True,,False,,False,0.0084409554,True,,False
2001-01-13,1.0000000000,True,,False,,False,0.0084409554,False,,False
2001-01-14,1.0000000000,True,,False,,False,0.0084409554,False,,False
2001-01-15,1.0000000000,True,,False,,False,0.0083956007,True,,False
2001-01-16,1.0000000000,True,,False,,False,0.0084954550,True,,False
2001-01-17,1.0000000000,True,,False,,False,0.0083913738,True,,False
2001-01-18,1.0000000000,True,,False,,False,0.0084817641,True,,False
2001-01-19,1.0000000000,True,,False,,False,0.0085375226,True,,False
2001-01-20,1.0000000000,True,,False,,False,0.0085375226,False,,False
2001-01-21,1.0000000000,True,,False,,False,0.0085375226,False,,False
2001-01-22,1.0000000000,True,,False,,False,0.0085866393,True,,False
2001-01-23,1.0000000000,True,,False,,False,0.0085755938,True,,False
2001-01-24,1.0000000000,True,,False,,False,0.0084817641,True,,False
2001-01-25,1.0000000000,True,,False,,False,0.0085748583,True,,False
2001-01-26,1.0000000000,True,,False,,False,0.0085236959,True,,False
2001-01-27,1.0000000000,True,,False,,False,0.0085236959,False,,False
2001-01-28,1.0000000000,True,,False,,False,0.0085236959,False,,False
2001-01-29,1.0000000000,True,,False,,False,0.0085660444,True,,False
2001-01-30,1.0000000000,True,,False,,False,0.0086467790,True,,False
2001-01-31,1.0000000000,True,,False,,False,0.0085704491,True,,False
2001-02-01,1.0000000000,True,,False,,False,0.0086640098,True,,False
2001-02-02,1.0000000000,True,,False,,False,0.0086482749,True,,False
2001-02-03,1.0000000000,True,,False,,False,0.0086482749,False,,False
2001-02-04,1.0000000000,True,,False,,False,0.0086482749,False,,False
2001-02-05,1.0000000000,True,,False,,False,0.0087176358,True,,False
2001-02-06,1.0000000000,True,,False,,False,0.0087153566,True,,False
2001-02-07,1.0000000000,True,,False,,False,0.0086088152,True,,False
2001-02-08,1.0000000000,True,,False,,False,0.0085682461,True,,False
2001-02-09,1.0000000000,True,,False,,False,0.0085106383,True,,False
2001-02-10,1.0000000000,True,,False,,False,0.0085106383,False,,False
2001-02-11,1.0000000000,True,,False,,False,0.0085106383,False,,False
2001-02-12,1.0000000000,True,,False,,False,0.0085244226,True,,False
2001-02-13,1.0000000000,True,,False,,False,0.0085763294,True,,False
2001-02-14,1.0000000000,True,,False,,False,0.0086065925,True,,False
2001-02-15,1.0000000000,True,,False,,False,0.0086490225,True,,False
2001-02-16,1.0000000000,True,,False,,False,0.0086415485,True,,False
2001-02-17,1.0000000000,True,,False,,False,0.0086415485,False,,False
2001-02-18,1.0000000000,True,,False,,False,0.0086415485,False,,False
2001-02-19,1.0000000000,True,,False,,False,0.0086147483,True,,False
2001-02-20,1.0000000000,True,,False,,False,0.0086475269,True,,False
2001-02-21,1.0000000000,True,,False,,False,0.0085932799,True,,False
2001-02-22,1.0000000000,True,,False,,False,0.0085462779,True,,False
2001-02-23,1.0000000000,True,,False,,False,0.0086393089,True,,False
2001-02-24,1.0000000000,True,,False,,False,0.0086393089,False,,False
2001-02-25,1.0000000000,True,,False,,False,0.0086393089,False,,False
2001-02-26,1.0000000000,True,,False,,False,0.0085851646,True,,False
2001-02-27,1.0000000000,True,,False,,False,0.0085940185,True,,False
2001-02-28,1.0000000000,True,,False,,False,0.0085186132,True,,False
2001-03-01,1.0000000000,True,,False,,False,0.0085106383,True,,False
2001-03-02,1.0000000000,True,,False,,False,0.0083998318,True,,False
2001-03-03,1.0000000000,True,,False,,False,0.0083998318,False,,False
2001-03-04,1.0000000000,True,,False,,False,0.0083998318,False,,False
2001-03-05,1.0000000000,True,,False,,False,0.0084090146,True,,False
2001-03-06,1.0000000000,True,,False,,False,0.0084246000,True,,False
2001-03-07,1.0000000000,True,,False,,False,0.0083668008,True,,False
2001-03-08,1.0000000000,True,,False,,False,0.0083458521,True,,False
2001-03-09,1.0000000000,True,,False,,False,0.0083654006,True,,False
2001-03-10,1.0000000000,True,,False,,False,0.0083654006,False,,False
2001-03-11,1.0000000000,True,,False,,False,0.0083654006,False,,False
2001-03-12,1.0000000000,True,,False,,False,0.0083008217,True,,False
2001-03-13,1.0000000000,True,,False,,False,0.0083605049,True,,False
2001-03-14,1.0000000000,True,,False,,False,0.0082767754,True,,False
2001-03-15,1.0000000000,True,,False,,False,0.0081973934,True,,False
2001-03-16,1.0000000000,True,,False,,False,0.0081353727,True,,False
2001-03-17,1.0000000000,True,,False,,False,0.0081353727,False,,False
2001-03-18,1.0000000000,True,,False,,False,0.0081353727,False,,False
2001-03-19,1.0000000000,True,,False,,False,0.0081433223,True,,False
2001-03-20,1.0000000000,True,,False,,False,0.0081833063,True,,False
2001-03-21,1.0000000000,True,,False,,False,0.0081287598,True,,False
2001-03-22,1.0000000000,True,,False,,False,0.0080801550,True,,False
2001-03-23,1.0000000000,True,,False,,False,0.0081413334,True,,False
2001-03-24,1.0000000000,True,,False,,False,0.0081413334,False,,False
2001-03-25,1.0000000000,True,,False,,False,0.0081413334,False,,False
2001-03-26,1.0000000000,True,,False,,False,0.0081526167,True,,False
2001-03-27,1.0000000000,True,,False,,False,0.0081859853,True,,False
2001-03-28,1.0000000000,True,,False,,False,0.0081786213,True,,False
2001-03-29,1.0000000000,True,,False,,False,0.0080853816,True,,False
2001-03-30,1.0000000000,True,,False,,False,0.0079220468,True,,False
2001-03-31,1.0000000000,True,,False,,False,0.0079220468,False,,False
2001-04-01,1.0000000000,True,,False,,False,0.0079220468,False,,False
2001-04-02,1.0000000000,True,,False,,False,0.0078963993,True,,False
2001-04-03,1.0000000000,True,,False,,False,0.0079662233,True,,False
2001-04-04,1.0000000000,True,,False,,False,0.0079700326,True,,False
2001-04-05,1.0000000000,True,,False,,False,0.0080476419,True,,False
2001-04-06,1.0000000000,True,,False,,False,0.0080821141,True,,False
2001-04-07,1.0000000000,True,,False,,False,0.0080821141,False,,False
2001-04-08,1.0000000000,True,,False,,False,0.0080821141,False,,False
2001-04-09,1.0000000000,True,,False,,False,0.0079821201,True,,False
2001-04-10,1.0000000000,True,,False,,False,0.0080372932,True,,False
2001-04-11,1.0000000000,True,,False,,False,0.0080166748,True,,False
2001-04-12,1.0000000000,True,,False,,False,0.0080971660,True,,False
2001-04-13,1.0000000000,True,,False,,False,0.0080971660,True,,False
2001-04-14,1.0000000000,True,,False,,False,0.0080971660,False,,False
2001-04-15,1.0000000000,True,,False,,False,0.0080971660,False,,False
2001-04-16,1.0000000000,True,,False,,False,0.0080256823,True,,False
2001-04-17,1.0000000000,True,,False,,False,0.0081050415,True,,False
2001-04-18,1.0000000000,True,,False,,False,0.0081967213,True,,False
2001-04-19,1.0000000000,True,,False,,False,0.0082481031,True,,False
2001-04-20,1.0000000000,True,,False,,False,0.0081746095,True,,False
2001-04-21,1.0000000000,True,,False,,False,0.0081746095,False,,False
2001-04-22,1.0000000000,True,,False,,False,0.0081746095,False,,False
2001-04-23,1.0000000000,True,,False,,False,0.0082521868,True,,False
2001-04-24,1.0000000000,True,,False,,False,0.0081766147,True,,False
2001-04-25,1.0000000000,True,,False,,False,0.0081906793,True,,False
2001-04-26,1.0000000000,True,,False,,False,0.0081188602,True,,False
2001-04-27,1.0000000000,True,,False,,False,0.0080632158,True,,False
2001-04-28,1.0000000000,True,,False,,False,0.0080632158,False,,False
2001-04-29,1.0000000000,True,,False,,False,0.0080632158,False,,False
2001-04-30,1.0000000000,True,,False,,False,0.0081050415,True,,False
2001-05-01,1.0000000000,True,,False,,False,0.0081893374,True,,False
2001-05-02,1.0000000000,True,,False,,False,0.0082284210,True,,False
2001-05-03,1.0000000000,True,,False,,False,0.0082419845,True,,False
2001-05-04,1.0000000000,True,,False,,False,0.0082453827,True,,False
2001-05-05,1.0000000000,True,,False,,False,0.0082453827,False,,False
2001-05-06,1.0000000000,True,,False,,False,0.0082453827,False,,False
2001-05-07,1.0000000000,True,,False,,False,0.0082733513,True,,False
2001-05-08,1.0000000000,True,,False,,False,0.0082453827,True,,False
2001-05-09,1.0000000000,True,,False,,False,0.0081759465,True,,False
2001-05-10,1.0000000000,True,,False,,False,0.0081619330,True,,False
2001-05-11,1.0000000000,True,,False,,False,0.0081719374,True,,False
2001-05-12,1.0000000000,True,,False,,False,0.0081719374,False,,False
2001-05-13,1.0000000000,True,,False,,False,0.0081719374,False,,False
2001-05-14,1.0000000000,True,,False,,False,0.0081168833,True,,False
2001-05-15,1.0000000000,True,,False,,False,0.0081168833,True,,False
2001-05-16,1.0000000000,True,,False,,False,0.0081149069,True,,False
2001-05-17,1.0000000000,True,,False,,False,0.0081566070,True,,False
2001-05-18,1.0000000000,True,,False,,False,0.0080965103,True,,False
2001-05-19,1.0000000000,True,,False,,False,0.0080965103,False,,False
2001-05-20,1.0000000000,True,,False,,False,0.0080965103,False,,False
2001-05-21,1.0000000000,True,,False,,False,0.0081519525,True,,False
2001-05-22,1.0000000000,True,,False,,False,0.0081486309,True,,False
2001-05-23,1.0000000000,True,,False,,False,0.0083194678,True,,False
2001-05-24,1.0000000000,True,,False,,False,0.0083354171,True,,False
2001-05-25,1.0000000000,True,,False,,False,0.0082925618,True,,False
2001-05-26,1.0000000000,True,,False,,False,0.0082925618,False,,False
2001-05-27,1.0000000000,True,,False,,False,0.0082925618,False,,False
2001-05-28,1.0000000000,True,,False,,False,0.0082467424,True,,False
2001-05-29,1.0000000000,True,,False,,False,0.0083291689,True,,False
2001-05-30,1.0000000000,True,,False,,False,0.0083028892,True,,False
2001-05-31,1.0000000000,True,,False,,False,0.0083871506,True,,False
2001-06-01,1.0000000000,True,,False,,False,0.0083885581,True,,False
2001-06-02,1.0000000000,True,,False,,False,0.0083885581,False,,False
2001-06-03,1.0000000000,True,,False,,False,0.0083885581,False,,False
2001-06-04,1.0000000000,True,,False,,False,0.0083892620,True,,False
2001-06-05,1.0000000000,True,,False,,False,0.0083208520,True,,False
2001-06-06,1.0000000000,True,,False,,False,0.0083333333,True,,False
2001-06-07,1.0000000000,True,,False,,False,0.0083104794,True,,False
2001-06-08,1.0000000000,True,,False,,False,0.0082747208,True,,False
2001-06-09,1.0000000000,True,,False,,False,0.0082747208,False,,False
2001-06-10,1.0000000000,True,,False,,False,0.0082747208,False,,False
2001-06-11,1.0000000000,True,,False,,False,0.0082081588,True,,False
2001-06-12,1.0000000000,True,,False,,False,0.0082250369,True,,False
2001-06-13,1.0000000000,True,,False,,False,0.0081953780,True,,False
2001-06-14,1.0000000000,True,,False,,False,0.0082440229,True,,False
2001-06-15,1.0000000000,True,,False,,False,0.0081386830,True,,False
2001-06-16,1.0000000000,True,,False,,False,0.0081386830,False,,False
2001-06-17,1.0000000000,True,,False,,False,0.0081386830,False,,False
2001-06-18,1.0000000000,True,,False,,False,0.0081024146,True,,False
2001-06-19,1.0000000000,True,,False,,False,0.0081433223,True,,False
2001-06-20,1.0000000000,True,,False,,False,0.0080729796,True,,False
2001-06-21,1.0000000000,True,,False,,False,0.0080276150,True,,False
2001-06-22,1.0000000000,True,,False,,False,0.0080347100,True,,False
2001-06-23,1.0000000000,True,,False,,False,0.0080347100,False,,False
2001-06-24,1.0000000000,True,,False,,False,0.0080347100,False,,False
2001-06-25,1.0000000000,True,,False,,False,0.0080710249,True,,False
2001-06-26,1.0000000000,True,,False,,False,0.0080788497,True,,False
2001-06-27,1.0000000000,True,,False,,False,0.0080502334,True,,False
2001-06-28,1.0000000000,True,,False,,False,0.0080096116,True,,False
2001-06-29,1.0000000000,True,,False,,False,0.0080321285,True,,False
2001-06-30,1.0000000000,True,,False,,False,0.0080321285,False,,False
2001-07-01,1.0000000000,True,,False,,False,0.0080321285,False,,False
2001-07-02,1.0000000000,True,,False,,False,0.0080664676,True,,False
2001-07-03,1.0000000000,True,,False,,False,0.0080418175,True,,False
2001-07-04,1.0000000000,True,,False,,False,0.0080366471,True,,False
2001-07-05,1.0000000000,True,,False,,False,0.0079643200,True,,False
2001-07-06,1.0000000000,True,,False,,False,0.0079478620,True,,False
2001-07-07,1.0000000000,True,,False,,False,0.0079478620,False,,False
2001-07-08,1.0000000000,True,,False,,False,0.0079478620,False,,False
2001-07-09,1.0000000000,True,,False,,False,0.0079833944,True,,False
2001-07-10,1.0000000000,True,,False,,False,0.0079827575,True,,False
2001-07-11,1.0000000000,True,,False,,False,0.0080469947,True,,False
2001-07-12,1.0000000000,True,,False,,False,0.0080690712,True,,False
2001-07-13,1.0000000000,True,,False,,False,0.0080089700,True,,False
2001-07-14,1.0000000000,True,,False,,False,0.0080089700,False,,False
2001-07-15,1.0000000000,True,,False,,False,0.0080089700,False,,False
2001-07-16,1.0000000000,True,,False,,False,0.0079681275,True,,False
2001-07-17,1.0000000000,True,,False,,False,0.0080128203,True,,False
2001-07-18,1.0000000000,True,,False,,False,0.0080593165,True,,False
2001-07-19,1.0000000000,True,,False,,False,0.0081050415,True,,False
2001-07-20,1.0000000000,True,,False,,False,0.0081393456,True,,False
2001-07-21,1.0000000000,True,,False,,False,0.0081393456,False,,False
2001-07-22,1.0000000000,True,,False,,False,0.0081393456,False,,False
2001-07-23,1.0000000000,True,,False,,False,0.0080398780,True,,False
2001-07-24,1.0000000000,True,,False,,False,0.0080515300,True,,False
2001-07-25,1.0000000000,True,,False,,False,0.0080925791,True,,False
2001-07-26,1.0000000000,True,,False,,False,0.0080827675,True,,False
2001-07-27,1.0000000000,True,,False,,False,0.0080997895,True,,False
2001-07-28,1.0000000000,True,,False,,False,0.0080997895,False,,False
2001-07-29,1.0000000000,True,,False,,False,0.0080997895,False,,False
2001-07-30,1.0000000000,True,,False,,False,0.0079891349,True,,False
2001-07-31,1.0000000000,True,,False,,False,0.0079993599,True,,False
2001-08-01,1.0000000000,True,,False,,False,0.0080392315,True,,False
2001-08-02,1.0000000000,True,,False,,False,0.0080827675,True,,False
2001-08-03,1.0000000000,True,,False,,False,0.0080906150,True,,False
2001-08-04,1.0000000000,True,,False,,False,0.0080906150,False,,False
2001-08-05,1.0000000000,True,,False,,False,0.0080906150,False,,False
2001-08-06,1.0000000000,True,,False,,False,0.0080775442,True,,False
2001-08-07,1.0000000000,True,,False,,False,0.0080932342,True,,False
2001-08-08,1.0000000000,True,,False,,False,0.0080932342,True,,False
2001-08-09,1.0000000000,True,,False,,False,0.0081994097,True,,False
2001-08-10,1.0000000000,True,,False,,False,0.0082000822,True,,False
2001-08-11,1.0000000000,True,,False,,False,0.0082000822,False,,False
2001-08-12,1.0000000000,True,,False,,False,0.0082000822,False,,False
2001-08-13,1.0000000000,True,,False,,False,0.0081712700,True,,False
2001-08-14,1.0000000000,True,,False,,False,0.0082081588,True,,False
2001-08-15,1.0000000000,True,,False,,False,0.0083409793,True,,False
2001-08-16,1.0000000000,True,,False,,False,0.0083160083,True,,False
2001-08-17,1.0000000000,True,,False,,False,0.0083201596,True,,False
2001-08-18,1.0000000000,True,,False,,False,0.0083201596,False,,False
2001-08-19,1.0000000000,True,,False,,False,0.0083201596,False,,False
2001-08-20,1.0000000000,True,,False,,False,0.0082822595,True,,False
2001-08-21,1.0000000000,True,,False,,False,0.0083493365,True,,False
2001-08-22,1.0000000000,True,,False,,False,0.0083042685,True,,False
2001-08-23,1.0000000000,True,,False,,False,0.0083409793,True,,False
2001-08-24,1.0000000000,True,,False,,False,0.0083347222,True,,False
2001-08-25,1.0000000000,True,,False,,False,0.0083347222,False,,False
2001-08-26,1.0000000000,True,,False,,False,0.0083347222,False,,False
2001-08-27,1.0000000000,True,,False,,False,0.0083409793,True,,False
2001-08-28,1.0000000000,True,,False,,False,0.0083319449,True,,False
2001-08-29,1.0000000000,True,,False,,False,0.0083222368,True,,False
2001-08-30,1.0000000000,True,,False,,False,0.0083731056,True,,False
2001-08-31,1.0000000000,True,,False,,False,0.0084210526,True,,False
2001-09-01,1.0000000000,True,,False,,False,0.0084210526,False,,False
2001-09-02,1.0000000000,True,,False,,False,0.0084210526,False,,False
2001-09-03,1.0000000000,True,,False,,False,0.0084238902,True,,False
2001-09-04,1.0000000000,True,,False,,False,0.0083752093,True,,False
2001-09-05,1.0000000000,True,,False,,False,0.0082822595,True,,False
2001-09-06,1.0000000000,True,,False,,False,0.0082685628,True,,False
2001-09-07,1.0000000000,True,,False,,False,0.0083333333,True,,False
2001-09-08,1.0000000000,True,,False,,False,0.0083333333,False,,False
2001-09-09,1.0000000000,True,,False,,False,0.0083333333,False,,False
2001-09-10,1.0000000000,True,,False,,False,0.0082576384,True,,False
2001-09-11,1.0000000000,True,,False,,False,0.0083626023,True,,False
2001-09-12,1.0000000000,True,,False,,False,0.0083605049,True,,False
2001-09-13,1.0000000000,True,,False,,False,0.0084168001,True,,False
2001-09-14,1.0000000000,True,,False,,False,0.0085236959,True,,False
2001-09-15,1.0000000000,True,,False,,False,0.0085236959,False,,False
2001-09-16,1.0000000000,True,,False,,False,0.0085236959,False,,False
2001-09-17,1.0000000000,True,,False,,False,0.0084846428,True,,False
2001-09-18,1.0000000000,True,,False,,False,0.0085280572,True,,False
2001-09-19,1.0000000000,True,,False,,False,0.0085106383,True,,False
2001-09-20,1.0000000000,True,,False,,False,0.0085888516,True,,False
2001-09-21,1.0000000000,True,,False,,False,0.0085770652,True,,False
2001-09-22,1.0000000000,True,,False,,False,0.0085770652,False,,False
2001-09-23,1.0000000000,True,,False,,False,0.0085770652,False,,False
2001-09-24,1.0000000000,True,,False,,False,0.0085070181,True,,False
2001-09-25,1.0000000000,True,,False,,False,0.0085099139,True,,False
2001-09-26,1.0000000000,True,,False,,False,0.0084832035,True,,False
2001-09-27,1.0000000000,True,,False,,False,0.0083570113,True,,False
2001-09-28,1.0000000000,True,,False,,False,0.0083696014,True,,False
2001-09-29,1.0000000000,True,,False,,False,0.0083696014,False,,False
2001-09-30,1.0000000000,True,,False,,False,0.0083696014,False,,False
2001-10-01,1.0000000000,True,,False,,False,0.0083125517,True,,False
2001-10-02,1.0000000000,True,,False,,False,0.0082911864,True,,False
2001-10-03,1.0000000000,True,,False,,False,0.0082932492,True,,False
2001-10-04,1.0000000000,True,,False,,False,0.0083008217,True,,False
2001-10-05,1.0000000000,True,,False,,False,0.0083008217,True,,False
2001-10-06,1.0000000000,True,,False,,False,0.0083008217,False,,False
2001-10-07,1.0000000000,True,,False,,False,0.0083008217,False,,False
2001-10-08,1.0000000000,True,,False,,False,0.0083528232,True,,False
2001-10-09,1.0000000000,True,,False,,False,0.0083194678,True,,False
2001-10-10,1.0000000000,True,,False,,False,0.0083153167,True,,False
2001-10-11,1.0000000000,True,,False,,False,0.0082372322,True,,False
2001-10-12,1.0000000000,True,,False,,False,0.0082494637,True,,False
2001-10-13,1.0000000000,True,,False,,False,0.0082494637,False,,False
2001-10-14,1.0000000000,True,,False,,False,0.0082494637,False,,False
2001-10-15,1.0000000000,True,,False,,False,0.0082781455,True,,False
2001-10-16,1.0000000000,True,,False,,False,0.0082460627,True,,False
2001-10-17,1.0000000000,True,,False,,False,0.0082494637,True,,False
2001-10-18,1.0000000000,True,,False,,False,0.0082549117,True,,False
2001-10-19,1.0000000000,True,,False,,False,0.0082528680,True,,False
2001-10-20,1.0000000000,True,,False,,False,0.0082528680,False,,False
2001-10-21,1.0000000000,True,,False,,False,0.0082528680,False,,False
2001-10-22,1.0000000000,True,,False,,False,0.0081712700,True,,False
2001-10-23,1.0000000000,True,,False,,False,0.0081625988,True,,False
2001-10-24,1.0000000000,True,,False,,False,0.0081426596,True,,False
2001-10-25,1.0000000000,True,,False,,False,0.0081380210,True,,False
2001-10-26,1.0000000000,True,,False,,False,0.0081532816,True,,False
2001-10-27,1.0000000000,True,,False,,False,0.0081532816,False,,False
2001-10-28,1.0000000000,True,,False,,False,0.0081532816,False,,False
2001-10-29,1.0000000000,True,,False,,False,0.0082041185,True,,False
2001-10-30,1.0000000000,True,,False,,False,0.0081886667,True,,False
2001-10-31,1.0000000000,True,,False,,False,0.0081699345,True,,False
2001-11-01,1.0000000000,True,,False,,False,0.0081987373,True,,False
2001-11-02,1.0000000000,True,,False,,False,0.0082223317,True,,False
2001-11-03,1.0000000000,True,,False,,False,0.0082223317,False,,False
2001-11-04,1.0000000000,True,,False,,False,0.0082223317,False,,False
2001-11-05,1.0000000000,True,,False,,False,0.0082263904,True,,False
2001-11-06,1.0000000000,True,,False,,False,0.0082528680,True,,False
2001-11-07,1.0000000000,True,,False,,False,0.0082535488,True,,False
2001-11-08,1.0000000000,True,,False,,False,0.0083250081,True,,False
2001-11-09,1.0000000000,True,,False,,False,0.0083180834,True,,False
2001-11-10,1.0000000000,True,,False,,False,0.0083180834,False,,False
2001-11-11,1.0000000000,True,,False,,False,0.0083180834,False,,False
2001-11-12,1.0000000000,True,,False,,False,0.0082939372,True,,False
2001-11-13,1.0000000000,True,,False,,False,0.0082358756,True,,False
2001-11-14,1.0000000000,True,,False,,False,0.0082284210,True,,False
2001-11-15,1.0000000000,True,,False,,False,0.0081665988,True,,False
2001-11-16,1.0000000000,True,,False,,False,0.0081386830,True,,False
2001-11-17,1.0000000000,True,,False,,False,0.0081386830,False,,False
2001-11-18,1.0000000000,True,,False,,False,0.0081386830,False,,False
2001-11-19,1.0000000000,True,,False,,False,0.0081247968,True,,False
2001-11-20,1.0000000000,True,,False,,False,0.0081586033,True,,False
2001-11-21,1.0000000000,True,,False,,False,0.0081201785,True,,False
2001-11-22,1.0000000000,True,,False,,False,0.0080677695,True,,False
2001-11-23,1.0000000000,True,,False,,False,0.0080463470,True,,False
2001-11-24,1.0000000000,True,,False,,False,0.0080463470,False,,False
2001-11-25,1.0000000000,True,,False,,False,0.0080463470,False,,False
2001-11-26,1.0000000000,True,,False,,False,0.0080612654,True,,False
2001-11-27,1.0000000000,True,,False,,False,0.0080664676,True,,False
2001-11-28,1.0000000000,True,,False,,False,0.0081201785,True,,False
2001-11-29,1.0000000000,True,,False,,False,0.0080684200,True,,False
2001-11-30,1.0000000000,True,,False,,False,0.0081004457,True,,False
2001-12-01,1.0000000000,True,,False,,False,0.0081004457,False,,False
2001-12-02,1.0000000000,True,,False,,False,0.0081004457,False,,False
2001-12-03,1.0000000000,True,,False,,False,0.0080463470,True,,False
2001-12-04,1.0000000000,True,,False,,False,0.0080554213,True,,False
2001-12-05,1.0000000000,True,,False,,False,0.0080541235,True,,False
2001-12-06,1.0000000000,True,,False,,False,0.0080289039,True,,False
2001-12-07,1.0000000000,True,,False,,False,0.0079687626,True,,False
2001-12-08,1.0000000000,True,,False,,False,0.0079687626,False,,False
2001-12-09,1.0000000000,True,,False,,False,0.0079687626,False,,False
2001-12-10,1.0000000000,True,,False,,False,0.0079396588,True,,False
2001-12-11,1.0000000000,True,,False,,False,0.0079472303,True,,False
2001-12-12,1.0000000000,True,,False,,False,0.0079421807,True,,False
2001-12-13,1.0000000000,True,,False,,False,0.0079289564,True,,False
2001-12-14,1.0000000000,True,,False,,False,0.0078511422,True,,False
2001-12-15,1.0000000000,True,,False,,False,0.0078511422,False,,False
2001-12-16,1.0000000000,True,,False,,False,0.0078511422,False,,False
2001-12-17,1.0000000000,True,,False,,False,0.0078345347,True,,False
2001-12-18,1.0000000000,True,,False,,False,0.0077966634,True,,False
2001-12-19,1.0000000000,True,,False,,False,0.0077899824,True,,False
2001-12-20,1.0000000000,True,,False,,False,0.0077399383,True,,False
2001-12-21,1.0000000000,True,,False,,False,0.0077220077,True,,False
2001-12-22,1.0000000000,True,,False,,False,0.0077220077,False,,False
2001-12-23,1.0000000000,True,,False,,False,0.0077220077,False,,False
2001-12-24,1.0000000000,True,,False,,False,0.0077011933,True,,False
2001-12-25,1.0000000000,True,,False,,False,0.0076423382,True,,False
2001-12-26,1.0000000000,True,,False,,False,0.0076173066,True,,False
2001-12-27,1.0000000000,True,,False,,False,0.0075866779,True,,False
2001-12-28,1.0000000000,True,,False,,False,0.0076306751,True,,False
2001-12-29,1.0000000000,True,,False,,False,0.0076306751,False,,False
2001-12-30,1.0000000000,True,,False,,False,0.0076306751,False,,False
2001-12-31,1.0000000000,True,,False,,False,0.0075947445,True,,False
2002-01-01,1.0000000000,True,,False,,False,0.0075797776,True,,False
2002-01-02,1.0000000000,True,,False,,False,0.0075677312,True,,False
2002-01-03,1.0000000000,True,,False,,False,0.0075930146,True,,False
2002-01-04,1.0000000000,True,,False,,False,0.0076324223,True,,False
2002-01-05,1.0000000000,True,,False,,False,0.0076324223,False,,False
2002-01-06,1.0000000000,True,,False,,False,0.0076324223,False,,False
2002-01-07,1.0000000000,True,,False,,False,0.0076190476,True,,False
2002-01-08,1.0000000000,True,,False,,False,0.0075233224,True,,False
2002-01-09,1.0000000000,True,,False,,False,0.0075221903,True,,False
2002-01-10,1.0000000000,True,,False,,False,0.0075683037,True,,False
2002-01-11,1.0000000000,True,,False,,False,0.0075671589,True,,False
2002-01-12,1.0000000000,True,,False,,False,0.0075671589,False,,False
2002-01-13,1.0000000000,True,,False,,False,0.0075671589,False,,False
2002-01-14,1.0000000000,True,,False,,False,0.0075970521,True,,False
2002-01-15,1.0000000000,True,,False,,False,0.0076207894,True,,False
2002-01-16,1.0000000000,True,,False,,False,0.0075648686,True,,False
2002-01-17,1.0000000000,True,,False,,False,0.0075500190,True,,False
2002-01-18,1.0000000000,True,,False,,False,0.0075403411,True,,False
2002-01-19,1.0000000000,True,,False,,False,0.0075403411,False,,False
2002-01-20,1.0000000000,True,,False,,False,0.0075403411,False,,False
2002-01-21,1.0000000000,True,,False,,False,0.0075216248,True,,False
2002-01-22,1.0000000000,True,,False,,False,0.0074816697,True,,False
2002-01-23,1.0000000000,True,,False,,False,0.0074332863,True,,False
2002-01-24,1.0000000000,True,,False,,False,0.0074156467,True,,False
2002-01-25,1.0000000000,True,,False,,False,0.0074321812,True,,False
2002-01-26,1.0000000000,True,,False,,False,0.0074321812,False,,False
2002-01-27,1.0000000000,True,,False,,False,0.0074321812,False,,False
2002-01-28,1.0000000000,True,,False,,False,0.0074872718,True,,False
2002-01-29,1.0000000000,True,,False,,False,0.0074940047,True,,False
2002-01-30,1.0000000000,True,,False,,False,0.0075261537,True,,False
2002-01-31,1.0000000000,True,,False,,False,0.0074145476,True,,False
2002-02-01,1.0000000000,True,,False,,False,0.0075131477,True,,False
2002-02-02,1.0000000000,True,,False,,False,0.0075131477,False,,False
2002-02-03,1.0000000000,True,,False,,False,0.0075131477,False,,False
2002-02-04,1.0000000000,True,,False,,False,0.0075740363,True,,False
2002-02-05,1.0000000000,True,,False,,False,0.0074738414,True,,False
2002-02-06,1.0000000000,True,,False,,False,0.0074827896,True,,False
2002-02-07,1.0000000000,True,,False,,False,0.0074654724,True,,False
2002-02-08,1.0000000000,True,,False,,False,0.0074255589,True,,False
2002-02-09,1.0000000000,True,,False,,False,0.0074255589,False,,False
2002-02-10,1.0000000000,True,,False,,False,0.0074255589,False,,False
2002-02-11,1.0000000000,True,,False,,False,0.0074979383,True,,False
2002-02-12,1.0000000000,True,,False,,False,0.0075346594,True,,False
2002-02-13,1.0000000000,True,,False,,False,0.0075187970,True,,False
2002-02-14,1.0000000000,True,,False,,False,0.0075728889,True,,False
2002-02-15,1.0000000000,True,,False,,False,0.0075420471,True,,False
2002-02-16,1.0000000000,True,,False,,False,0.0075420471,False,,False
2002-02-17,1.0000000000,True,,False,,False,0.0075420471,False,,False
2002-02-18,1.0000000000,True,,False,,False,0.0075380670,True,,False
2002-02-19,1.0000000000,True,,False,,False,0.0074951283,True,,False
2002-02-20,1.0000000000,True,,False,,False,0.0074755174,True,,False
2002-02-21,1.0000000000,True,,False,,False,0.0074515650,True,,False
2002-02-22,1.0000000000,True,,False,,False,0.0074565655,True,,False
2002-02-23,1.0000000000,True,,False,,False,0.0074565655,False,,False
2002-02-24,1.0000000000,True,,False,,False,0.0074565655,False,,False
2002-02-25,1.0000000000,True,,False,,False,0.0074716081,True,,False
2002-02-26,1.0000000000,True,,False,,False,0.0074338386,True,,False
2002-02-27,1.0000000000,True,,False,,False,0.0074504544,True,,False
2002-02-28,1.0000000000,True,,False,,False,0.0074928814,True,,False
2002-03-01,1.0000000000,True,,False,,False,0.0075007497,True,,False
2002-03-02,1.0000000000,True,,False,,False,0.0075007497,False,,False
2002-03-03,1.0000000000,True,,False,,False,0.0075007497,False,,False
2002-03-04,1.0000000000,True,,False,,False,0.0075786284,True,,False
2002-03-05,1.0000000000,True,,False,,False,0.0075631523,True,,False
2002-03-06,1.0000000000,True,,False,,False,0.0076487682,True,,False
2002-03-07,1.0000000000,True,,False,,False,0.0078357623,True,,False
2002-03-08,1.0000000000,True,,False,,False,0.0077748409,True,,False
2002-03-09,1.0000000000,True,,False,,False,0.0077748409,False,,False
2002-03-10,1.0000000000,True,,False,,False,0.0077748409,False,,False
2002-03-11,1.0000000000,True,,False,,False,0.0078112792,True,,False
2002-03-12,1.0000000000,True,,False,,False,0.0077501357,True,,False
2002-03-13,1.0000000000,True,,False,,False,0.0077303648,True,,False
2002-03-14,1.0000000000,True,,False,,False,0.0077369439,True,,False
2002-03-15,1.0000000000,True,,False,,False,0.0077513374,True,,False
2002-03-16,1.0000000000,True,,False,,False,0.0077513374,False,,False
2002-03-17,1.0000000000,True,,False,,False,0.0077513374,False,,False
2002-03-18,1.0000000000,True,,False,,False,0.0076242755,True,,False
2002-03-19,1.0000000000,True,,False,,False,0.0075642967,True,,False
2002-03-20,1.0000000000,True,,False,,False,0.0076132467,True,,False
2002-03-21,1.0000000000,True,,False,,False,0.0075694497,True,,False
2002-03-22,1.0000000000,True,,False,,False,0.0075244548,True,,False
2002-03-23,1.0000000000,True,,False,,False,0.0075244548,False,,False
2002-03-24,1.0000000000,True,,False,,False,0.0075244548,False,,False
2002-03-25,1.0000000000,True,,False,,False,0.0075018753,True,,False
2002-03-26,1.0000000000,True,,False,,False,0.0075142770,True,,False
2002-03-27,1.0000000000,True,,False,,False,0.0075340920,True,,False
2002-03-28,1.0000000000,True,,False,,False,0.0075329567,True,,False
2002-03-29,1.0000000000,True,,False,,False,0.0075357952,True,,False
2002-03-30,1.0000000000,True,,False,,False,0.0075357952,False,,False
2002-03-31,1.0000000000,True,,False,,False,0.0075357952,False,,False
2002-04-01,1.0000000000,True,,False,,False,0.0075013129,True,,False
2002-04-02,1.0000000000,True,,False,,False,0.0075114547,True,,False
2002-04-03,1.0000000000,True,,False,,False,0.0075352268,True,,False
2002-04-04,1.0000000000,True,,False,,False,0.0075568653,True,,False
2002-04-05,1.0000000000,True,,False,,False,0.0076016722,True,,False
2002-04-06,1.0000000000,True,,False,,False,0.0076016722,False,,False
2002-04-07,1.0000000000,True,,False,,False,0.0076016722,False,,False
2002-04-08,1.0000000000,True,,False,,False,0.0076034061,True,,False
2002-04-09,1.0000000000,True,,False,,False,0.0076540379,True,,False
2002-04-10,1.0000000000,True,,False,,False,0.0076487682,True,,False
2002-04-11,1.0000000000,True,,False,,False,0.0076028283,True,,False
2002-04-12,1.0000000000,True,,False,,False,0.0075803518,True,,False
2002-04-13,1.0000000000,True,,False,,False,0.0075803518,False,,False
2002-04-14,1.0000000000,True,,False,,False,0.0075803518,False,,False
2002-04-15,1.0000000000,True,,False,,False,0.0075723158,True,,False
2002-04-16,1.0000000000,True,,False,,False,0.0076236945,True,,False
2002-04-17,1.0000000000,True,,False,,False,0.0076511096,True,,False
2002-04-18,1.0000000000,True,,False,,False,0.0076940832,True,,False
2002-04-19,1.0000000000,True,,False,,False,0.0076740083,True,,False
2002-04-20,1.0000000000,True,,False,,False,0.0076740083,False,,False
2002-04-21,1.0000000000,True,,False,,False,0.0076740083,False,,False
2002-04-22,1.0000000000,True,,False,,False,0.0076858043,True,,False
2002-04-23,1.0000000000,True,,False,,False,0.0076787225,True,,False
2002-04-24,1.0000000000,True,,False,,False,0.0077148591,True,,False
2002-04-25,1.0000000000,True,,False,,False,0.0077712159,True,,False
2002-04-26,1.0000000000,True,,False,,False,0.0078235018,True,,False
2002-04-27,1.0000000000,True,,False,,False,0.0078235018,False,,False
2002-04-28,1.0000000000,True,,False,,False,0.0078235018,False,,False
2002-04-29,1.0000000000,True,,False,,False,0.0078051829,True,,False
2002-04-30,1.0000000000,True,,False,,False,0.0077802848,True,,False
2002-05-01,1.0000000000,True,,False,,False,0.0078591639,True,,False
2002-05-02,1.0000000000,True,,False,,False,0.0078241141,True,,False
2002-05-03,1.0000000000,True,,False,,False,0.0078802206,True,,False
2002-05-04,1.0000000000,True,,False,,False,0.0078802206,False,,False
2002-05-05,1.0000000000,True,,False,,False,0.0078802206,False,,False
2002-05-06,1.0000000000,True,,False,,False,0.0078647266,True,,False
2002-05-07,1.0000000000,True,,False,,False,0.0078033558,True,,False
2002-05-08,1.0000000000,True,,False,,False,0.0077627693,True,,False
2002-05-09,1.0000000000,True,,False,,False,0.0077869492,True,,False
2002-05-10,1.0000000000,True,,False,,False,0.0078388336,True,,False
2002-05-11,1.0000000000,True,,False,,False,0.0078388336,False,,False
2002-05-12,1.0000000000,True,,False,,False,0.0078388336,False,,False
2002-05-13,1.0000000000,True,,False,,False,0.0078265636,True,,False
2002-05-14,1.0000000000,True,,False,,False,0.0077814959,True,,False
2002-05-15,1.0000000000,True,,False,,False,0.0078339208,True,,False
2002-05-16,1.0000000000,True,,False,,False,0.0078106694,True,,False
2002-05-17,1.0000000000,True,,False,,False,0.0079409195,True,,False
2002-05-18,1.0000000000,True,,False,,False,0.0079409195,False,,False
2002-05-19,1.0000000000,True,,False,,False,0.0079409195,False,,False
2002-05-20,1.0000000000,True,,False,,False,0.0079751177,True,,False
2002-05-21,1.0000000000,True,,False,,False,0.0080450521,True,,False
2002-05-22,1.0000000000,True,,False,,False,0.0080418175,True,,False
2002-05-23,1.0000000000,True,,False,,False,0.0079980805,True,,False
2002-05-24,1.0000000000,True,,False,,False,0.0080192464,True,,False
2002-05-25,1.0000000000,True,,False,,False,0.0080192464,False,,False
2002-05-26,1.0000000000,True,,False,,False,0.0080192464,False,,False
2002-05-27,1.0000000000,True,,False,,False,0.0080160321,True,,False
2002-05-28,1.0000000000,True,,False,,False,0.0080327739,True,,False
2002-05-29,1.0000000000,True,,False,,False,0.0080418175,True,,False
2002-05-30,1.0000000000,True,,False,,False,0.0081024146,True,,False
2002-05-31,1.0000000000,True,,False,,False,0.0080606160,True,,False
2002-06-01,1.0000000000,True,,False,,False,0.0080606160,False,,False
2002-06-02,1.0000000000,True,,False,,False,0.0080606160,False,,False
2002-06-03,1.0000000000,True,,False,,False,0.0080893058,True,,False
2002-06-04,1.0000000000,True,,False,,False,0.0080534752,True,,False
2002-06-05,1.0000000000,True,,False,,False,0.0080560704,True,,False
2002-06-06,1.0000000000,True,,False,,False,0.0080567191,True,,False
2002-06-07,1.0000000000,True,,False,,False,0.0080444053,True,,False
2002-06-08,1.0000000000,True,,False,,False,0.0080444053,False,,False
2002-06-09,1.0000000000,True,,False,,False,0.0080444053,False,,False
2002-06-10,1.0000000000,True,,False,,False,0.0080166748,True,,False
2002-06-11,1.0000000000,True,,False,,False,0.0079821201,True,,False
2002-06-12,1.0000000000,True,,False,,False,0.0079630513,True,,False
2002-06-13,1.0000000000,True,,False,,False,0.0080006402,True,,False
2002-06-14,1.0000000000,True,,False,,False,0.0080560704,True,,False
2002-06-15,1.0000000000,True,,False,,False,0.0080560704,False,,False
2002-06-16,1.0000000000,True,,False,,False,0.0080560704,False,,False
2002-06-17,1.0000000000,True,,False,,False,0.0080476419,True,,False
2002-06-18,1.0000000000,True,,False,,False,0.0080476419,True,,False
2002-06-19,1.0000000000,True,,False,,False,0.0080736315,True,,False
2002-06-20,1.0000000000,True,,False,,False,0.0081004457,True,,False
2002-06-21,1.0000000000,True,,False,,False,0.0082583205,True,,False
2002-06-22,1.0000000000,True,,False,,False,0.0082583205,False,,False
2002-06-23,1.0000000000,True,,False,,False,0.0082583205,False,,False
2002-06-24,1.0000000000,True,,False,,False,0.0082236843,True,,False
2002-06-25,1.0000000000,True,,False,,False,0.0082542302,True,,False
2002-06-26,1.0000000000,True,,False,,False,0.0083388927,True,,False
2002-06-27,1.0000000000,True,,False,,False,0.0083654006,True,,False
2002-06-28,1.0000000000,True,,False,,False,0.0083668008,True,,False
2002-06-29,1.0000000000,True,,False,,False,0.0083668008,False,,False
2002-06-30,1.0000000000,True,,False,,False,0.0083668008,False,,False
2002-07-01,1.0000000000,True,,False,,False,0.0083493365,True,,False
2002-07-02,1.0000000000,True,,False,,False,0.0083333333,True,,False
2002-07-03,1.0000000000,True,,False,,False,0.0083402835,True,,False
2002-07-04,1.0000000000,True,,False,,False,0.0083215446,True,,False
2002-07-05,1.0000000000,True,,False,,False,0.0083056477,True,,False
2002-07-06,1.0000000000,True,,False,,False,0.0083056477,False,,False
2002-07-07,1.0000000000,True,,False,,False,0.0083056477,False,,False
2002-07-08,1.0000000000,True,,False,,False,0.0084338366,True,,False
2002-07-09,1.0000000000,True,,False,,False,0.0084702695,True,,False
2002-07-10,1.0000000000,True,,False,,False,0.0084918477,True,,False
2002-07-11,1.0000000000,True,,False,,False,0.0085448177,True,,False
2002-07-12,1.0000000000,True,,False,,False,0.0085579804,True,,False
2002-07-13,1.0000000000,True,,False,,False,0.0085579804,False,,False
2002-07-14,1.0000000000,True,,False,,False,0.0085579804,False,,False
2002-07-15,1.0000000000,True,,False,,False,0.0086043709,True,,False
2002-07-16,1.0000000000,True,,False,,False,0.0086229196,True,,False
2002-07-17,1.0000000000,True,,False,,False,0.0085962347,True,,False
2002-07-18,1.0000000000,True,,False,,False,0.0085814813,True,,False
2002-07-19,1.0000000000,True,,False,,False,0.0086281276,True,,False
2002-07-20,1.0000000000,True,,False,,False,0.0086281276,False,,False
2002-07-21,1.0000000000,True,,False,,False,0.0086281276,False,,False
2002-07-22,1.0000000000,True,,False,,False,0.0085932799,True,,False
2002-07-23,1.0000000000,True,,False,,False,0.0085200646,True,,False
2002-07-24,1.0000000000,True,,False,,False,0.0085704491,True,,False
2002-07-25,1.0000000000,True,,False,,False,0.0085741235,True,,False
2002-07-26,1.0000000000,True,,False,,False,0.0084196348,True,,False
2002-07-27,1.0000000000,True,,False,,False,0.0084196348,False,,False
2002-07-28,1.0000000000,True,,False,,False,0.0084196348,False,,False
2002-07-29,1.0000000000,True,,False,,False,0.0083577099,True,,False
2002-07-30,1.0000000000,True,,False,,False,0.0083180834,True,,False
2002-07-31,1.0000000000,True,,False,,False,0.0083486393,True,,False
2002-08-01,1.0000000000,True,,False,,False,0.0083885581,True,,False
2002-08-02,1.0000000000,True,,False,,False,0.0084196348,True,,False
2002-08-03,1.0000000000,True,,False,,False,0.0084196348,False,,False
2002-08-04,1.0000000000,True,,False,,False,0.0084196348,False,,False
2002-08-05,1.0000000000,True,,False,,False,0.0083605049,True,,False
2002-08-06,1.0000000000,True,,False,,False,0.0082671958,True,,False
2002-08-07,1.0000000000,True,,False,,False,0.0083153167,True,,False
2002-08-08,1.0000000000,True,,False,,False,0.0082576384,True,,False
2002-08-09,1.0000000000,True,,False,,False,0.0083022003,True,,False
2002-08-10,1.0000000000,True,,False,,False,0.0083022003,False,,False
2002-08-11,1.0000000000,True,,False,,False,0.0083022003,False,,False
2002-08-12,1.0000000000,True,,False,,False,0.0084026551,True,,False
2002-08-13,1.0000000000,True,,False,,False,0.0084580899,True,,False
2002-08-14,1.0000000000,True,,False,,False,0.0085331511,True,,False
2002-08-15,1.0000000000,True,,False,,False,0.0085222433,True,,False
2002-08-16,1.0000000000,True,,False,,False,0.0085062948,True,,False
2002-08-17,1.0000000000,True,,False,,False,0.0085062948,False,,False
2002-08-18,1.0000000000,True,,False,,False,0.0085062948,False,,False
2002-08-19,1.0000000000,True,,False,,False,0.0084430934,True,,False
2002-08-20,1.0000000000,True,,False,,False,0.0084295711,True,,False
2002-08-21,1.0000000000,True,,False,,False,0.0084416681,True,,False
2002-08-22,1.0000000000,True,,False,,False,0.0083479422,True,,False
2002-08-23,1.0000000000,True,,False,,False,0.0083619034,True,,False
2002-08-24,1.0000000000,True,,False,,False,0.0083619034,False,,False
2002-08-25,1.0000000000,True,,False,,False,0.0083619034,False,,False
2002-08-26,1.0000000000,True,,False,,False,0.0083535211,True,,False
2002-08-27,1.0000000000,True,,False,,False,0.0084638171,True,,False
2002-08-28,1.0000000000,True,,False,,False,0.0084068939,True,,False
2002-08-29,1.0000000000,True,,False,,False,0.0084609525,True,,False
2002-08-30,1.0000000000,True,,False,,False,0.0084438064,True,,False
2002-08-31,1.0000000000,True,,False,,False,0.0084438064,False,,False
2002-09-01,1.0000000000,True,,False,,False,0.0084438064,False,,False
2002-09-02,1.0000000000,True,,False,,False,0.0084752947,True,,False
2002-09-03,1.0000000000,True,,False,,False,0.0085360648,True,,False
2002-09-04,1.0000000000,True,,False,,False,0.0084839228,True,,False
2002-09-05,1.0000000000,True,,False,,False,0.0084488002,True,,False
2002-09-06,1.0000000000,True,,False,,False,0.0084452324,True,,False
2002-09-07,1.0000000000,True,,False,,False,0.0084452324,False,,False
2002-09-08,1.0000000000,True,,False,,False,0.0084452324,False,,False
2002-09-09,1.0000000000,True,,False,,False,0.0084125513,True,,False
2002-09-10,1.0000000000,True,,False,,False,0.0084026551,True,,False
2002-09-11,1.0000000000,True,,False,,False,0.0083146257,True,,False
2002-09-12,1.0000000000,True,,False,,False,0.0083277814,True,,False
2002-09-13,1.0000000000,True,,False,,False,0.0082216560,True,,False
2002-09-14,1.0000000000,True,,False,,False,0.0082216560,False,,False
2002-09-15,1.0000000000,True,,False,,False,0.0082216560,False,,False
2002-09-16,1.0000000000,True,,False,,False,0.0081766147,True,,False
2002-09-17,1.0000000000,True,,False,,False,0.0081913498,True,,False
2002-09-18,1.0000000000,True,,False,,False,0.0082338413,True,,False
2002-09-19,1.0000000000,True,,False,,False,0.0082331632,True,,False
2002-09-20,1.0000000000,True,,False,,False,0.0081102999,True,,False
2002-09-21,1.0000000000,True,,False,,False,0.0081102999,False,,False
2002-09-22,1.0000000000,True,,False,,False,0.0081102999,False,,False
2002-09-23,1.0000000000,True,,False,,False,0.0080716765,True,,False
2002-09-24,1.0000000000,True,,False,,False,0.0081056981,True,,False
2002-09-25,1.0000000000,True,,False,,False,0.0081499595,True,,False
2002-09-26,1.0000000000,True,,False,,False,0.0081886667,True,,False
2002-09-27,1.0000000000,True,,False,,False,0.0081612667,True,,False
2002-09-28,1.0000000000,True,,False,,False,0.0081612667,False,,False
2002-09-29,1.0000000000,True,,False,,False,0.0081612667,False,,False
2002-09-30,1.0000000000,True,,False,,False,0.0082081588,True,,False
2002-10-01,1.0000000000,True,,False,,False,0.0081566070,True,,False
2002-10-02,1.0000000000,True,,False,,False,0.0081459757,True,,False
2002-10-03,1.0000000000,True,,False,,False,0.0081699345,True,,False
2002-10-04,1.0000000000,True,,False,,False,0.0081168833,True,,False
2002-10-05,1.0000000000,True,,False,,False,0.0081168833,False,,False
2002-10-06,1.0000000000,True,,False,,False,0.0081168833,False,,False
2002-10-07,1.0000000000,True,,False,,False,0.0080450521,True,,False
2002-10-08,1.0000000000,True,,False,,False,0.0080593165,True,,False
2002-10-09,1.0000000000,True,,False,,False,0.0081294202,True,,False
2002-10-10,1.0000000000,True,,False,,False,0.0080912698,True,,False
2002-10-11,1.0000000000,True,,False,,False,0.0080632158,True,,False
2002-10-12,1.0000000000,True,,False,,False,0.0080632158,False,,False
2002-10-13,1.0000000000,True,,False,,False,0.0080632158,False,,False
2002-10-14,1.0000000000,True,,False,,False,0.0080424644,True,,False
2002-10-15,1.0000000000,True,,False,,False,0.0080237505,True,,False
2002-10-16,1.0000000000,True,,False,,False,0.0080314833,True,,False
2002-10-17,1.0000000000,True,,False,,False,0.0079936052,True,,False
2002-10-18,1.0000000000,True,,False,,False,0.0079713035,True,,False
2002-10-19,1.0000000000,True,,False,,False,0.0079713035,False,,False
2002-10-20,1.0000000000,True,,False,,False,0.0079713035,False,,False
2002-10-21,1.0000000000,True,,False,,False,0.0080089700,True,,False
2002-10-22,1.0000000000,True,,False,,False,0.0079910501,True,,False
2002-10-23,1.0000000000,True,,False,,False,0.0080308386,True,,False
2002-10-24,1.0000000000,True,,False,,False,0.0080231066,True,,False
2002-10-25,1.0000000000,True,,False,,False,0.0080534752,True,,False
2002-10-26,1.0000000000,True,,False,,False,0.0080534752,False,,False
2002-10-27,1.0000000000,True,,False,,False,0.0080534752,False,,False
2002-10-28,1.0000000000,True,,False,,False,0.0081004457,True,,False
2002-10-29,1.0000000000,True,,False,,False,0.0081347108,True,,False
2002-10-30,1.0000000000,True,,False,,False,0.0081373587,True,,False
2002-10-31,1.0000000000,True,,False,,False,0.0081665988,True,,False
2002-11-01,1.0000000000,True,,False,,False,0.0081866556,True,,False
2002-11-02,1.0000000000,True,,False,,False,0.0081866556,False,,False
2002-11-03,1.0000000000,True,,False,,False,0.0081866556,False,,False
2002-11-04,1.0000000000,True,,False,,False,0.0081826365,True,,False
2002-11-05,1.0000000000,True,,False,,False,0.0081893374,True,,False
2002-11-06,1.0000000000,True,,False,,False,0.0082203040,True,,False
2002-11-07,1.0000000000,True,,False,,False,0.0082542302,True,,False
2002-11-08,1.0000000000,True,,False,,False,0.0083486393,True,,False
2002-11-09,1.0000000000,True,,False,,False,0.0083486393,False,,False
2002-11-10,1.0000000000,True,,False,,False,0.0083486393,False,,False
2002-11-11,1.0000000000,True,,False,,False,0.0083542191,True,,False
2002-11-12,1.0000000000,True,,False,,False,0.0083584086,True,,False
2002-11-13,1.0000000000,True,,False,,False,0.0083277814,True,,False
2002-11-14,1.0000000000,True,,False,,False,0.0082925618,True,,False
2002-11-15,1.0000000000,True,,False,,False,0.0083015109,True,,False
2002-11-16,1.0000000000,True,,False,,False,0.0083015109,False,,False
2002-11-17,1.0000000000,True,,False,,False,0.0083015109,False,,False
2002-11-18,1.0000000000,True,,False,,False,0.0082685628,True,,False
2002-11-19,1.0000000000,True,,False,,False,0.0081853157,True,,False
2002-11-20,1.0000000000,True,,False,,False,0.0081479669,True,,False
2002-11-21,1.0000000000,True,,False,,False,0.0081532816,True,,False
2002-11-22,1.0000000000,True,,False,,False,0.0081333878,True,,False
2002-11-23,1.0000000000,True,,False,,False,0.0081333878,False,,False
2002-11-24,1.0000000000,True,,False,,False,0.0081333878,False,,False
2002-11-25,1.0000000000,True,,False,,False,0.0081926923,True,,False
2002-11-26,1.0000000000,True,,False,,False,0.0082290983,True,,False
2002-11-27,1.0000000000,True,,False,,False,0.0081726054,True,,False
2002-11-28,1.0000000000,True,,False,,False,0.0081846456,True,,False
2002-11-29,1.0000000000,True,,False,,False,0.0081652649,True,,False
2002-11-30,1.0000000000,True,,False,,False,0.0081652649,False,,False
2002-12-01,1.0000000000,True,,False,,False,0.0081652649,False,,False
2002-12-02,1.0000000000,True,,False,,False,0.0080405241,True,,False
2002-12-03,1.0000000000,True,,False,,False,0.0080521780,True,,False
2002-12-04,1.0000000000,True,,False,,False,0.0080353558,True,,False
2002-12-05,1.0000000000,True,,False,,False,0.0080186032,True,,False
2002-12-06,1.0000000000,True,,False,,False,0.0080958551,True,,False
2002-12-07,1.0000000000,True,,False,,False,0.0080958551,False,,False
2002-12-08,1.0000000000,True,,False,,False,0.0080958551,False,,False
2002-12-09,1.0000000000,True,,False,,False,0.0081063553,True,,False
2002-12-10,1.0000000000,True,,False,,False,0.0080697225,True,,False
2002-12-11,1.0000000000,True,,False,,False,0.0080827675,True,,False
2002-12-12,1.0000000000,True,,False,,False,0.0081645981,True,,False
2002-12-13,1.0000000000,True,,False,,False,0.0083035788,True,,False
2002-12-14,1.0000000000,True,,False,,False,0.0083035788,False,,False
2002-12-15,1.0000000000,True,,False,,False,0.0083035788,False,,False
2002-12-16,1.0000000000,True,,False,,False,0.0082419845,True,,False
2002-12-17,1.0000000000,True,,False,,False,0.0082223317,True,,False
2002-12-18,1.0000000000,True,,False,,False,0.0082856904,True,,False
2002-12-19,1.0000000000,True,,False,,False,0.0082966897,True,,False
2002-12-20,1.0000000000,True,,False,,False,0.0083084081,True,,False
2002-12-21,1.0000000000,True,,False,,False,0.0083084081,False,,False
2002-12-22,1.0000000000,True,,False,,False,0.0083084081,False,,False
2002-12-23,1.0000000000,True,,False,,False,0.0083063378,True,,False
2002-12-24,1.0000000000,True,,False,,False,0.0083153167,True,,False
2002-12-25,1.0000000000,True,,False,,False,0.0083104794,True,,False
2002-12-26,1.0000000000,True,,False,,False,0.0083312506,True,,False
2002-12-27,1.0000000000,True,,False,,False,0.0083430669,True,,False
2002-12-28,1.0000000000,True,,False,,False,0.0083430669,False,,False
2002-12-29,1.0000000000,True,,False,,False,0.0083430669,False,,False
2002-12-30,1.0000000000,True,,False,,False,0.0084388186,True,,False
2002-12-31,1.0000000000,True,,False,,False,0.0084246000,True,,False
2003-01-01,1.0000000000,True,,False,,False,0.0084238902,True,,False
2003-01-02,1.0000000000,True,,False,,False,0.0083187755,True,,False
2003-01-03,1.0000000000,True,,False,,False,0.0083563133,True,,False
2003-01-04,1.0000000000,True,,False,,False,0.0083563133,False,,False
2003-01-05,1.0000000000,True,,False,,False,0.0083563133,False,,False
2003-01-06,1.0000000000,True,,False,,False,0.0083780160,True,,False
2003-01-07,1.0000000000,True,,False,,False,0.0083180834,True,,False
2003-01-08,1.0000000000,True,,False,,False,0.0083956007,True,,False
2003-01-09,1.0000000000,True,,False,,False,0.0083766127,True,,False
2003-01-10,1.0000000000,True,,False,,False,0.0083822295,True,,False
2003-01-11,1.0000000000,True,,False,,False,0.0083822295,False,,False
2003-01-12,1.0000000000,True,,False,,False,0.0083822295,False,,False
2003-01-13,1.0000000000,True,,False,,False,0.0083864477,True,,False
2003-01-14,1.0000000000,True,,False,,False,0.0084745763,True,,False
2003-01-15,1.0000000000,True,,False,,False,0.0084666836,True,,False
2003-01-16,1.0000000000,True,,False,,False,0.0084875234,True,,False
2003-01-17,1.0000000000,True,,False,,False,0.0084904059,True,,False
2003-01-18,1.0000000000,True,,False,,False,0.0084904059,False,,False
2003-01-19,1.0000000000,True,,False,,False,0.0084904059,False,,False
2003-01-20,1.0000000000,True,,False,,False,0.0084738580,True,,False
2003-01-21,1.0000000000,True,,False,,False,0.0084631006,True,,False
2003-01-22,1.0000000000,True,,False,,False,0.0084502284,True,,False
2003-01-23,1.0000000000,True,,False,,False,0.0084659666,True,,False
2003-01-24,1.0000000000,True,,False,,False,0.0084882440,True,,False
2003-01-25,1.0000000000,True,,False,,False,0.0084882440,False,,False
2003-01-26,1.0000000000,True,,False,,False,0.0084882440,False,,False
2003-01-27,1.0000000000,True,,False,,False,0.0084352592,True,,False
2003-01-28,1.0000000000,True,,False,,False,0.0084260195,True,,False
2003-01-29,1.0000000000,True,,False,,False,0.0084295711,True,,False
2003-01-30,1.0000000000,True,,False,,False,0.0084005376,True,,False
2003-01-31,1.0000000000,True,,False,,False,0.0083395878,True,,False
2003-02-01,1.0000000000,True,,False,,False,0.0083395878,False,,False
2003-02-02,1.0000000000,True,,False,,False,0.0083395878,False,,False
2003-02-03,1.0000000000,True,,False,,False,0.0083125517,True,,False
2003-02-04,1.0000000000,True,,False,,False,0.0083444595,True,,False
2003-02-05,1.0000000000,True,,False,,False,0.0083236225,True,,False
2003-02-06,1.0000000000,True,,False,,False,0.0083409793,True,,False
2003-02-07,1.0000000000,True,,False,,False,0.0083180834,True,,False
2003-02-08,1.0000000000,True,,False,,False,0.0083180834,False,,False
2003-02-09,1.0000000000,True,,False,,False,0.0083180834,False,,False
2003-02-10,1.0000000000,True,,False,,False,0.0082501444,True,,False
2003-02-11,1.0000000000,True,,False,,False,0.0082678795,True,,False
2003-02-12,1.0000000000,True,,False,,False,0.0082426640,True,,False
2003-02-13,1.0000000000,True,,False,,False,0.0083104794,True,,False
2003-02-14,1.0000000000,True,,False,,False,0.0083125517,True,,False
2003-02-15,1.0000000000,True,,False,,False,0.0083125517,False,,False
2003-02-16,1.0000000000,True,,False,,False,0.0083125517,False,,False
2003-02-17,1.0000000000,True,,False,,False,0.0083187755,True,,False
2003-02-18,1.0000000000,True,,False,,False,0.0084005376,True,,False
2003-02-19,1.0000000000,True,,False,,False,0.0084260195,True,,False
2003-02-20,1.0000000000,True,,False,,False,0.0084530852,True,,False
2003-02-21,1.0000000000,True,,False,,False,0.0084309923,True,,False
2003-02-22,1.0000000000,True,,False,,False,0.0084309923,False,,False
2003-02-23,1.0000000000,True,,False,,False,0.0084309923,False,,False
2003-02-24,1.0000000000,True,,False,,False,0.0084638171,True,,False
2003-02-25,1.0000000000,True,,False,,False,0.0085135366,True,,False
2003-02-26,1.0000000000,True,,False,,False,0.0085404392,True,,False
2003-02-27,1.0000000000,True,,False,,False,0.0084954550,True,,False
2003-02-28,1.0000000000,True,,False,,False,0.0084681178,True,,False
2003-03-01,1.0000000000,True,,False,,False,0.0084681178,False,,False
2003-03-02,1.0000000000,True,,False,,False,0.0084681178,False,,False
2003-03-03,1.0000000000,True,,False,,False,0.0084997874,True,,False
2003-03-04,1.0000000000,True,,False,,False,0.0085367936,True,,False
2003-03-05,1.0000000000,True,,False,,False,0.0085258760,True,,False
2003-03-06,1.0000000000,True,,False,,False,0.0085251490,True,,False
2003-03-07,1.0000000000,True,,False,,False,0.0085433573,True,,False
2003-03-08,1.0000000000,True,,False,,False,0.0085433573,False,,False
2003-03-09,1.0000000000,True,,False,,False,0.0085433573,False,,False
2003-03-10,1.0000000000,True,,False,,False,0.0085579804,True,,False
2003-03-11,1.0000000000,True,,False,,False,0.0085382512,True,,False
2003-03-12,1.0000000000,True,,False,,False,0.0085113628,True,,False
2003-03-13,1.0000000000,True,,False,,False,0.0084274395,True,,False
2003-03-14,1.0000000000,True,,False,,False,0.0084530852,True,,False
2003-03-15,1.0000000000,True,,False,,False,0.0084530852,False,,False
2003-03-16,1.0000000000,True,,False,,False,0.0084530852,False,,False
2003-03-17,1.0000000000,True,,False,,False,0.0084168001,True,,False
2003-03-18,1.0000000000,True,,False,,False,0.0084317033,True,,False
2003-03-19,1.0000000000,True,,False,,False,0.0083291689,True,,False
2003-03-20,1.0000000000,True,,False,,False,0.0083125517,True,,False
2003-03-21,1.0000000000,True,,False,,False,0.0082331632,True,,False
2003-03-22,1.0000000000,True,,False,,False,0.0082331632,False,,False
2003-03-23,1.0000000000,True,,False,,False,0.0082331632,False,,False
2003-03-24,1.0000000000,True,,False,,False,0.0082863772,True,,False
2003-03-25,1.0000000000,True,,False,,False,0.0083395878,True,,False
2003-03-26,1.0000000000,True,,False,,False,0.0083347222,True,,False
2003-03-27,1.0000000000,True,,False,,False,0.0083354171,True,,False
2003-03-28,1.0000000000,True,,False,,False,0.0083528232,True,,False
2003-03-29,1.0000000000,True,,False,,False,0.0083528232,False,,False
2003-03-30,1.0000000000,True,,False,,False,0.0083528232,False,,False
2003-03-31,1.0000000000,True,,False,,False,0.0084738580,True,,False
2003-04-01,1.0000000000,True,,False,,False,0.0084896850,True,,False
2003-04-02,1.0000000000,True,,False,,False,0.0083934867,True,,False
2003-04-03,1.0000000000,True,,False,,False,0.0084224709,True,,False
2003-04-04,1.0000000000,True,,False,,False,0.0083368072,True,,False
2003-04-05,1.0000000000,True,,False,,False,0.0083368072,False,,False
2003-04-06,1.0000000000,True,,False,,False,0.0083368072,False,,False
2003-04-07,1.0000000000,True,,False,,False,0.0083409793,True,,False
2003-04-08,1.0000000000,True,,False,,False,0.0083535211,True,,False
2003-04-09,1.0000000000,True,,False,,False,0.0083277814,True,,False
2003-04-10,1.0000000000,True,,False,,False,0.0083654006,True,,False
2003-04-11,1.0000000000,True,,False,,False,0.0082973783,True,,False
2003-04-12,1.0000000000,True,,False,,False,0.0082973783,False,,False
2003-04-13,1.0000000000,True,,False,,False,0.0082973783,False,,False
2003-04-14,1.0000000000,True,,False,,False,0.0083132429,True,,False
2003-04-15,1.0000000000,True,,False,,False,0.0083118612,True,,False
2003-04-16,1.0000000000,True,,False,,False,0.0083640015,True,,False
2003-04-17,1.0000000000,True,,False,,False,0.0083577099,True,,False
2003-04-18,1.0000000000,True,,False,,False,0.0083465489,True,,False
2003-04-19,1.0000000000,True,,False,,False,0.0083465489,False,,False
2003-04-20,1.0000000000,True,,False,,False,0.0083465489,False,,False
2003-04-21,1.0000000000,True,,False,,False,0.0082966897,True,,False
2003-04-22,1.0000000000,True,,False,,False,0.0083423707,True,,False
2003-04-23,1.0000000000,True,,False,,False,0.0083008217,True,,False
2003-04-24,1.0000000000,True,,False,,False,0.0083500333,True,,False
2003-04-25,1.0000000000,True,,False,,False,0.0083222368,True,,False
2003-04-26,1.0000000000,True,,False,,False,0.0083222368,False,,False
2003-04-27,1.0000000000,True,,False,,False,0.0083222368,False,,False
2003-04-28,1.0000000000,True,,False,,False,0.0083001326,True,,False
2003-04-29,1.0000000000,True,,False,,False,0.0083430669,True,,False
2003-04-30,1.0000000000,True,,False,,False,0.0084160916,True,,False
2003-05-01,1.0000000000,True,,False,,False,0.0084423810,True,,False
2003-05-02,1.0000000000,True,,False,,False,0.0084012435,True,,False
2003-05-03,1.0000000000,True,,False,,False,0.0084012435,False,,False
2003-05-04,1.0000000000,True,,False,,False,0.0084012435,False,,False
2003-05-05,1.0000000000,True,,False,,False,0.0084423810,True,,False
2003-05-06,1.0000000000,True,,False,,False,0.0085041248,True,,False
2003-05-07,1.0000000000,True,,False,,False,0.0085895896,True,,False
2003-05-08,1.0000000000,True,,False,,False,0.0085411683,True,,False
2003-05-09,1.0000000000,True,,False,,False,0.0085215169,True,,False
2003-05-10,1.0000000000,True,,False,,False,0.0085215169,False,,False
2003-05-11,1.0000000000,True,,False,,False,0.0085215169,False,,False
2003-05-12,1.0000000000,True,,False,,False,0.0085470085,True,,False
2003-05-13,1.0000000000,True,,False,,False,0.0085638437,True,,False
2003-05-14,1.0000000000,True,,False,,False,0.0086051115,True,,False
2003-05-15,1.0000000000,True,,False,,False,0.0085888516,True,,False
2003-05-16,1.0000000000,True,,False,,False,0.0086199464,True,,False
2003-05-17,1.0000000000,True,,False,,False,0.0086199464,False,,False
2003-05-18,1.0000000000,True,,False,,False,0.0086199464,False,,False
2003-05-19,1.0000000000,True,,False,,False,0.0085411683,True,,False
2003-05-20,1.0000000000,True,,False,,False,0.0085733882,True,,False
2003-05-21,1.0000000000,True,,False,,False,0.0085034015,True,,False
2003-05-22,1.0000000000,True,,False,,False,0.0085287846,True,,False
2003-05-23,1.0000000000,True,,False,,False,0.0085506629,True,,False
2003-05-24,1.0000000000,True,,False,,False,0.0085506629,False,,False
2003-05-25,1.0000000000,True,,False,,False,0.0085506629,False,,False
2003-05-26,1.0000000000,True,,False,,False,0.0085572479,True,,False
2003-05-27,1.0000000000,True,,False,,False,0.0085273303,True,,False
2003-05-28,1.0000000000,True,,False,,False,0.0084352592,True,,False
2003-05-29,1.0000000000,True,,False,,False,0.0084623848,True,,False
2003-05-30,1.0000000000,True,,False,,False,0.0083822295,True,,False
2003-05-31,1.0000000000,True,,False,,False,0.0083822295,False,,False
2003-06-01,1.0000000000,True,,False,,False,0.0083822295,False,,False
2003-06-02,1.0000000000,True,,False,,False,0.0084281499,True,,False
2003-06-03,1.0000000000,True,,False,,False,0.0083934867,True,,False
2003-06-04,1.0000000000,True,,False,,False,0.0084153832,True,,False
2003-06-05,1.0000000000,True,,False,,False,0.0084947332,True,,False
2003-06-06,1.0000000000,True,,False,,False,0.0084295711,True,,False
2003-06-07,1.0000000000,True,,False,,False,0.0084295711,False,,False
2003-06-08,1.0000000000,True,,False,,False,0.0084295711,False,,False
2003-06-09,1.0000000000,True,,False,,False,0.0084616686,True,,False
2003-06-10,1.0000000000,True,,False,,False,0.0084983430,True,,False
2003-06-11,1.0000000000,True,,False,,False,0.0084968985,True,,False
2003-06-12,1.0000000000,True,,False,,False,0.0085019553,True,,False
2003-06-13,1.0000000000,True,,False,,False,0.0085186132,True,,False
2003-06-14,1.0000000000,True,,False,,False,0.0085186132,False,,False
2003-06-15,1.0000000000,True,,False,,False,0.0085186132,False,,False
2003-06-16,1.0000000000,True,,False,,False,0.0085005101,True,,False
2003-06-17,1.0000000000,True,,False,,False,0.0084681178,True,,False
2003-06-18,1.0000000000,True,,False,,False,0.0084788874,True,,False
2003-06-19,1.0000000000,True,,False,,False,0.0084423810,True,,False
2003-06-20,1.0000000000,True,,False,,False,0.0084509421,True,,False
2003-06-21,1.0000000000,True,,False,,False,0.0084509421,False,,False
2003-06-22,1.0000000000,True,,False,,False,0.0084509421,False,,False
2003-06-23,1.0000000000,True,,False,,False,0.0084954550,True,,False
2003-06-24,1.0000000000,True,,False,,False,0.0084803258,True,,False
2003-06-25,1.0000000000,True,,False,,False,0.0084796065,True,,False
2003-06-26,1.0000000000,True,,False,,False,0.0083850409,True,,False
2003-06-27,1.0000000000,True,,False,,False,0.0083661006,True,,False
2003-06-28,1.0000000000,True,,False,,False,0.0083661006,False,,False
2003-06-29,1.0000000000,True,,False,,False,0.0083661006,False,,False
2003-06-30,1.0000000000,True,,False,,False,0.0083563133,True,,False
2003-07-01,1.0000000000,True,,False,,False,0.0083864477,True,,False
2003-07-02,1.0000000000,True,,False,,False,0.0084638171,True,,False
2003-07-03,1.0000000000,True,,False,,False,0.0084623848,True,,False
2003-07-04,1.0000000000,True,,False,,False,0.0084509421,True,,False
2003-07-05,1.0000000000,True,,False,,False,0.0084509421,False,,False
2003-07-06,1.0000000000,True,,False,,False,0.0084509421,False,,False
2003-07-07,1.0000000000,True,,False,,False,0.0084681178,True,,False
2003-07-08,1.0000000000,True,,False,,False,0.0084566596,True,,False
2003-07-09,1.0000000000,True,,False,,False,0.0084882440,True,,False
2003-07-10,1.0000000000,True,,False,,False,0.0084983430,True,,False
2003-07-11,1.0000000000,True,,False,,False,0.0084810446,True,,False
2003-07-12,1.0000000000,True,,False,,False,0.0084810446,False,,False
2003-07-13,1.0000000000,True,,False,,False,0.0084810446,False,,False
2003-07-14,1.0000000000,True,,False,,False,0.0084947332,True,,False
2003-07-15,1.0000000000,True,,False,,False,0.0084846428,True,,False
2003-07-16,1.0000000000,True,,False,,False,0.0084731404,True,,False
2003-07-17,1.0000000000,True,,False,,False,0.0084160916,True,,False
2003-07-18,1.0000000000,True,,False,,False,0.0084445196,True,,False
2003-07-19,1.0000000000,True,,False,,False,0.0084445196,False,,False
2003-07-20,1.0000000000,True,,False,,False,0.0084445196,False,,False
2003-07-21,1.0000000000,True,,False,,False,0.0084352592,True,,False
2003-07-22,1.0000000000,True,,False,,False,0.0084019495,True,,False
2003-07-23,1.0000000000,True,,False,,False,0.0084231805,True,,False
2003-07-24,1.0000000000,True,,False,,False,0.0084068939,True,,False
2003-07-25,1.0000000000,True,,False,,False,0.0084203434,True,,False
2003-07-26,1.0000000000,True,,False,,False,0.0084203434,False,,False
2003-07-27,1.0000000000,True,,False,,False,0.0084203434,False,,False
2003-07-28,1.0000000000,True,,False,,False,0.0083745077,True,,False
2003-07-29,1.0000000000,True,,False,,False,0.0083458521,True,,False
2003-07-30,1.0000000000,True,,False,,False,0.0083139342,True,,False
2003-07-31,1.0000000000,True,,False,,False,0.0082946253,True,,False
2003-08-01,1.0000000000,True,,False,,False,0.0083243155,True,,False
2003-08-02,1.0000000000,True,,False,,False,0.0083243155,False,,False
2003-08-03,1.0000000000,True,,False,,False,0.0083243155,False,,False
2003-08-04,1.0000000000,True,,False,,False,0.0083118612,True,,False
2003-08-05,1.0000000000,True,,False,,False,0.0083402835,True,,False
2003-08-06,1.0000000000,True,,False,,False,0.0083194678,True,,False
2003-08-07,1.0000000000,True,,False,,False,0.0083956007,True,,False
2003-08-08,1.0000000000,True,,False,,False,0.0084012435,True,,False
2003-08-09,1.0000000000,True,,False,,False,0.0084012435,False,,False
2003-08-10,1.0000000000,True,,False,,False,0.0084012435,False,,False
2003-08-11,1.0000000000,True,,False,,False,0.0084388186,True,,False
2003-08-12,1.0000000000,True,,False,,False,0.0084317033,True,,False
2003-08-13,1.0000000000,True,,False,,False,0.0083892620,True,,False
2003-08-14,1.0000000000,True,,False,,False,0.0084054803,True,,False
2003-08-15,1.0000000000,True,,False,,False,0.0083941914,True,,False
2003-08-16,1.0000000000,True,,False,,False,0.0083941914,False,,False
2003-08-17,1.0000000000,True,,False,,False,0.0083941914,False,,False
2003-08-18,1.0000000000,True,,False,,False,0.0083752093,True,,False
2003-08-19,1.0000000000,True,,False,,False,0.0084338366,True,,False
2003-08-20,1.0000000000,True,,False,,False,0.0084702695,True,,False
2003-08-21,1.0000000000,True,,False,,False,0.0084868029,True,,False
2003-08-22,1.0000000000,True,,False,,False,0.0085113628,True,,False
2003-08-23,1.0000000000,True,,False,,False,0.0085113628,False,,False
2003-08-24,1.0000000000,True,,False,,False,0.0085113628,False,,False
2003-08-25,1.0000000000,True,,False,,False,0.0085302395,True,,False
2003-08-26,1.0000000000,True,,False,,False,0.0085251490,True,,False
2003-08-27,1.0000000000,True,,False,,False,0.0085120869,True,,False
2003-08-28,1.0000000000,True,,False,,False,0.0085236959,True,,False
2003-08-29,1.0000000000,True,,False,,False,0.0085550518,True,,False
2003-08-30,1.0000000000,True,,False,,False,0.0085550518,False,,False
2003-08-31,1.0000000000,True,,False,,False,0.0085550518,False,,False
2003-09-01,1.0000000000,True,,False,,False,0.0085836910,True,,False
2003-09-02,1.0000000000,True,,False,,False,0.0085881139,True,,False
2003-09-03,1.0000000000,True,,False,,False,0.0086273830,True,,False
2003-09-04,1.0000000000,True,,False,,False,0.0085579804,True,,False
2003-09-05,1.0000000000,True,,False,,False,0.0085623768,True,,False
2003-09-06,1.0000000000,True,,False,,False,0.0085623768,False,,False
2003-09-07,1.0000000000,True,,False,,False,0.0085623768,False,,False
2003-09-08,1.0000000000,True,,False,,False,0.0085755938,True,,False
2003-09-09,1.0000000000,True,,False,,False,0.0085609111,True,,False
2003-09-10,1.0000000000,True,,False,,False,0.0085418980,True,,False
2003-09-11,1.0000000000,True,,False,,False,0.0085411683,True,,False
2003-09-12,1.0000000000,True,,False,,False,0.0085273303,True,,False
2003-09-13,1.0000000000,True,,False,,False,0.0085273303,False,,False
2003-09-14,1.0000000000,True,,False,,False,0.0085273303,False,,False
2003-09-15,1.0000000000,True,,False,,False,0.0085171618,True,,False
2003-09-16,1.0000000000,True,,False,,False,0.0086065925,True,,False
2003-09-17,1.0000000000,True,,False,,False,0.0086125226,True,0.7242703018,True
2003-09-18,1.0000000000,True,,False,,False,0.0086782953,True,0.7216048471,True
2003-09-19,1.0000000000,True,,False,,False,0.0087788602,True,0.7315824303,True
2003-09-20,1.0000000000,True,,False,,False,0.0087788602,False,0.7315824303,False
2003-09-21,1.0000000000,True,,False,,False,0.0087788602,False,0.7315824303,False
2003-09-22,1.0000000000,True,,False,,False,0.0089229946,True,0.7392075631,True
2003-09-23,1.0000000000,True,,False,,False,0.0089070992,True,0.7359976248,True
2003-09-24,1.0000000000,True,,False,,False,0.0089373492,True,0.7396449715,True
2003-09-25,1.0000000000,True,,False,,False,0.0089206067,True,0.7436603077,True
2003-09-26,1.0000000000,True,,False,,False,0.0089533528,True,0.7448789730,True
2003-09-27,1.0000000000,True,,False,,False,0.0089533528,False,0.7448789730,False
2003-09-28,1.0000000000,True,,False,,False,0.0089533528,False,0.7448789730,False
2003-09-29,1.0000000000,True,,False,,False,0.0090236420,True,0.7555152307,True
2003-09-30,1.0000000000,True,,False,,False,0.0089855332,True,0.7590132855,True
2003-10-01,1.0000000000,True,,False,,False,0.0089903800,True,0.7603406493,True
2003-10-02,1.0000000000,True,,False,,False,0.0090195722,True,0.7586677934,True
2003-10-03,1.0000000000,True,,False,,False,0.0090244565,True,0.7481110406,True
2003-10-04,1.0000000000,True,,False,,False,0.0090244565,False,0.7481110406,False
2003-10-05,1.0000000000,True,,False,,False,0.0090244565,False,0.7481110406,False
2003-10-06,1.0000000000,True,,False,,False,0.0090146939,True,0.7579202939,True
2003-10-07,1.0000000000,True,,False,,False,0.0090983529,True,0.7609191651,True
2003-10-08,1.0000000000,True,,False,,False,0.0091307527,True,0.7628347095,True
2003-10-09,1.0000000000,True,,False,,False,0.0091659030,True,0.7587829454,True
2003-10-10,1.0000000000,True,,False,,False,0.0092114962,True,0.7614986311,True
2003-10-11,1.0000000000,True,,False,,False,0.0092114962,False,0.7614986311,False
2003-10-12,1.0000000000,True,,False,,False,0.0092114962,False,0.7614986311,False
2003-10-13,1.0000000000,True,,False,,False,0.0091759953,True,0.7559721572,True
2003-10-14,1.0000000000,True,,False,,False,0.0091920212,True,0.7596474941,True
2003-10-15,1.0000000000,True,,False,,False,0.0091315860,True,0.7513148176,True
2003-10-16,1.0000000000,True,,False,,False,0.0091099575,True,0.7492881921,True
2003-10-17,1.0000000000,True,,False,,False,0.0091491306,True,0.7538067492,True
2003-10-18,1.0000000000,True,,False,,False,0.0091491306,False,0.7538067492,False
2003-10-19,1.0000000000,True,,False,,False,0.0091491306,False,0.7538067492,False
2003-10-20,1.0000000000,True,,False,,False,0.0090760573,True,0.7507507411,True
2003-10-21,1.0000000000,True,,False,,False,0.0091274190,True,0.7517666760,True
2003-10-22,1.0000000000,True,,False,,False,0.0091776800,True,0.7624857306,True
2003-10-23,1.0000000000,True,,False,,False,0.0091390972,True,0.7639419315,True
2003-10-24,1.0000000000,True,,False,,False,0.0091549938,True,0.7619628258,True
2003-10-25,1.0000000000,True,,False,,False,0.0091549938,False,0.7619628258,False
2003-10-26,1.0000000000,True,,False,,False,0.0091549938,False,0.7619628258,False
2003-10-27,1.0000000000,True,,False,,False,0.0092225399,True,0.7587829454,True
2003-10-28,1.0000000000,True,,False,,False,0.0092464169,True,0.7512019210,True
2003-10-29,1.0000000000,True,,False,,False,0.0092404360,True,0.7515971402,True
2003-10-30,1.0000000000,True,,False,,False,0.0092081033,True,0.7498500051,True
2003-10-31,1.0000000000,True,,False,,False,0.0090909091,True,0.7472724706,True
2003-11-01,1.0000000000,True,,False,,False,0.0090909091,False,0.7472724706,False
2003-11-02,1.0000000000,True,,False,,False,0.0090909091,False,0.7472724706,False
2003-11-03,1.0000000000,True,,False,,False,0.0090252705,True,0.7354022753,True
2003-11-04,1.0000000000,True,,False,,False,0.0091282517,True,0.7329766113,True
2003-11-05,1.0000000000,True,,False,,False,0.0091024940,True,0.7295010116,True
2003-11-06,1.0000000000,True,,False,,False,0.0090768813,True,0.7257420690,True
2003-11-07,1.0000000000,True,,False,,False,0.0091466202,True,0.7315824303,True
2003-11-08,1.0000000000,True,,False,,False,0.0091466202,False,0.7315824303,False
2003-11-09,1.0000000000,True,,False,,False,0.0091466202,False,0.7315824303,False
2003-11-10,1.0000000000,True,,False,,False,0.0091970934,True,0.7277490881,True
2003-11-11,1.0000000000,True,,False,,False,0.0091937118,True,0.7340526843,True
2003-11-12,1.0000000000,True,,False,,False,0.0092013250,True,0.7410700813,True
2003-11-13,1.0000000000,True,,False,,False,0.0092566881,True,0.7489514948,True
2003-11-14,1.0000000000,True,,False,,False,0.0092336101,True,0.7537499216,True
2003-11-15,1.0000000000,True,,False,,False,0.0092336101,False,0.7537499216,False
2003-11-16,1.0000000000,True,,False,,False,0.0092336101,False,0.7537499216,False
2003-11-17,1.0000000000,True,,False,,False,0.0091734701,True,0.7546031006,True
2003-11-18,1.0000000000,True,,False,,False,0.0092541183,True,0.7729767455,True
2003-11-19,1.0000000000,True,,False,,False,0.0091650627,True,0.7659313449,True
2003-11-20,1.0000000000,True,,False,,False,0.0091743119,True,0.7688168209,True
2003-11-21,1.0000000000,True,,False,,False,0.0091954023,True,0.7702379870,True
2003-11-22,1.0000000000,True,,False,,False,0.0091954023,False,0.7702379870,False
2003-11-23,1.0000000000,True,,False,,False,0.0091954023,False,0.7702379870,False
2003-11-24,1.0000000000,True,,False,,False,0.0091424394,True,0.7584375944,True
2003-11-25,1.0000000000,True,,False,,False,0.0091407677,True,0.7579202939,True
2003-11-26,1.0000000000,True,,False,,False,0.0091701052,True,0.7727377825,True
2003-11-27,1.0000000000,True,,False,,False,0.0091508054,True,0.7698822032,True
2003-11-28,1.0000000000,True,,False,,False,0.0091224227,True,0.7745333286,True
2003-11-29,1.0000000000,True,,False,,False,0.0091224227,False,0.7745333286,False
2003-11-30,1.0000000000,True,,False,,False,0.0091224227,False,0.7745333286,False
2003-12-01,1.0000000000,True,1.1965013742,True,1.7185969353,True,0.0091600258,True,0.7703566783,True
2003-12-02,1.0000000000,True,1.2088974714,True,1.7303134203,True,0.0091970934,True,0.7768800654,True
2003-12-03,1.0000000000,True,1.2122975588,True,1.7281005383,True,0.0092336101,True,0.7780890135,True
2003-12-04,1.0000000000,True,1.2080942392,True,1.7206965685,True,0.0092361691,True,0.7760962652,True
2003-12-05,1.0000000000,True,1.2186946869,True,1.7331022024,True,0.0092919529,True,0.7859163652,True
2003-12-06,1.0000000000,True,1.2186946869,False,1.7331022024,False,0.0092919529,False,0.7859163652,False
2003-12-07,1.0000000000,True,1.2186946869,False,1.7331022024,False,0.0092919529,False,0.7859163652,False
2003-12-08,1.0000000000,True,1.2220009565,True,1.7342143059,True,0.0093101198,True,0.7890168686,True
2003-12-09,1.0000000000,True,1.2249947786,True,1.7454140186,True,0.0093379404,True,0.7916402507,True
2003-12-10,1.0000000000,True,1.2190959454,True,1.7397961617,True,0.0092267948,True,0.7880220315,True
2003-12-11,1.0000000000,True,1.2224042416,True,1.7462064028,True,0.0092609740,True,0.7880841445,True
2003-12-12,1.0000000000,True,1.2278977633,True,1.7473049164,True,0.0092867756,True,0.7924558532,True
2003-12-13,1.0000000000,True,1.2278977633,False,1.7473049164,False,0.0092867756,False,0.7924558532,False
2003-12-14,1.0000000000,True,1.2278977633,False,1.7473049164,False,0.0092867756,False,0.7924558532,False
2003-12-15,1.0000000000,True,1.2319974899,True,1.7473049164,True,0.0092816040,True,0.7933360066,True
2003-12-16,1.0000000000,True,1.2321947813,True,1.7542012930,True,0.0093014601,True,0.7940288963,True
2003-12-17,1.0000000000,True,1.2402024269,True,1.7655055523,True,0.0093127214,True,0.7975753489,True
2003-12-18,1.0000000000,True,1.2422977686,True,1.7710086107,True,0.0092893635,True,0.8000000000,True
2003-12-19,1.0000000000,True,1.2384973764,True,1.7651938200,True,0.0092841891,True,0.7969397755,True
2003-12-20,1.0000000000,True,1.2384973764,False,1.7651938200,False,0.0092841891,False,0.7969397755,False
2003-12-21,1.0000000000,True,1.2384973764,False,1.7651938200,False,0.0092841891,False,0.7969397755,False
2003-12-22,1.0000000000,True,1.2398948669,True,1.7642908096,True,0.0093031912,True,0.7952285951,True
2003-12-23,1.0000000000,True,1.2400025129,True,1.7641974688,True,0.0093083868,True,0.7957348365,True
2003-12-24,1.0000000000,True,1.2452989817,True,1.7755997181,True,0.0093231398,True,0.8014104872,True
2003-12-25,1.0000000000,True,1.2448029518,True,1.7754105330,True,0.0093248790,True,0.8014747289,True
2003-12-26,1.0000000000,True,1.2431935072,True,1.7720128298,True,0.0093066545,True,0.7968762587,True
2003-12-27,1.0000000000,True,1.2431935072,False,1.7720128298,False,0.0093066545,False,0.7968762587,False
2003-12-28,1.0000000000,True,1.2431935072,False,1.7720128298,False,0.0093066545,False,0.7968762587,False
2003-12-29,1.0000000000,True,1.2483927011,True,1.7744970322,True,0.0093414290,True,0.8002560481,True
2003-12-30,1.0000000000,True,1.2548940182,True,1.7779989243,True,0.0093492895,True,0.8047642273,True
2003-12-31,1.0000000000,True,1.2590018511,True,1.7888127565,True,0.0093109868,True,0.8086689039,True
2004-01-01,1.0000000000,True,1.2581939697,True,1.7852042913,True,0.0093196642,True,0.8062565123,True
2004-01-02,1.0000000000,True,1.2581939697,True,1.7936897278,True,0.0093536616,True,0.8064516067,True
2004-01-03,1.0000000000,True,1.2581939697,False,1.7936897278,False,0.0093536616,False,0.8064516067,False
2004-01-04,1.0000000000,True,1.2581939697,False,1.7936897278,False,0.0093536616,False,0.8064516067,False
2004-01-05,1.0000000000,True,1.2686975002,True,1.8072071075,True,0.0094126508,True,0.8116883161,True
2004-01-06,1.0000000000,True,1.2721028328,True,1.8212946653,True,0.0094135364,True,0.8117542162,True
2004-01-07,1.0000000000,True,1.2640947104,True,1.8177852631,True,0.0094179695,True,0.8067768964,True
2004-01-08,1.0000000000,True,1.2774981260,True,1.8338866234,True,0.0094188567,True,0.8152616652,True
2004-01-09,1.0000000000,True,1.2858924866,True,1.8480871916,True,0.0093826232,True,0.8188666957,True
2004-01-10,1.0000000000,True,1.2858924866,False,1.8480871916,False,0.0093826232,False,0.8188666957,False
2004-01-11,1.0000000000,True,1.2858924866,False,1.8480871916,False,0.0093826232,False,0.8188666957,False
2004-01-12,1.0000000000,True,1.2740962505,True,1.8455972672,True,0.0093808632,True,0.8145312406,True
2004-01-13,1.0000000000,True,1.2785925865,True,1.8488048315,True,0.0094126508,True,0.8200082366,True
2004-01-14,1.0000000000,True,1.2651021481,True,1.8317031860,True,0.0094126508,True,0.8116883161,True
2004-01-15,1.0000000000,True,1.2600965500,True,1.8251838684,True,0.0094099937,True,0.8044404811,True
2004-01-16,1.0000000000,True,1.2398025990,True,1.7990142107,True,0.0093676815,True,0.7913270502,True
2004-01-17,1.0000000000,True,1.2398025990,False,1.7990142107,False,0.0093676815,False,0.7913270502,False
2004-01-18,1.0000000000,True,1.2398025990,False,1.7990142107,False,0.0093676815,False,0.7913270502,False
2004-01-19,1.0000000000,True,1.2354067564,True,1.7832940817,True,0.0093257481,True,0.7870297737,True
2004-01-20,1.0000000000,True,1.2589067221,True,1.8188101053,True,0.0093457944,True,0.8027614985,True
2004-01-21,1.0000000000,True,1.2659028769,True,1.8328109980,True,0.0093624195,True,0.8080808392,True
2004-01-22,1.0000000000,True,1.2725075483,True,1.8436918259,True,0.0094224067,True,0.8117542162,True
2004-01-23,1.0000000000,True,1.2583048344,True,1.8277859688,True,0.0093676815,True,0.8055421276,True
2004-01-24,1.0000000000,True,1.2583048344,False,1.8277859688,False,0.0093676815,False,0.8055421276,False
2004-01-25,1.0000000000,True,1.2583048344,False,1.8277859688,False,0.0093676815,False,0.8055421276,False
2004-01-26,1.0000000000,True,1.2487980127,True,1.8150137663,True,0.0094029150,True,0.7968127520,True
2004-01-27,1.0000000000,True,1.2636953592,True,1.8266842365,True,0.0094670077,True,0.8064516067,True
2004-01-28,1.0000000000,True,1.2441989183,True,1.8151125908,True,0.0094224067,True,0.7949757535,True
2004-01-29,1.0000000000,True,1.2410026789,True,1.8170915842,True,0.0094419787,True,0.7942181173,True
2004-01-30,1.0000000000,True,1.2468050718,True,1.8252837658,True,0.0094589481,True,0.7984031571,True
2004-01-31,1.0000000000,True,1.2468050718,False,1.8252837658,False,0.0094589481,False,0.7984031571,False
2004-02-01,1.0000000000,True,1.2468050718,False,1.8252837658,False,0.0094589481,False,0.7984031571,False
2004-02-02,1.0000000000,True,1.2433016300,True,1.8215931654,True,0.0094768767,True,0.7930213882,True
2004-02-03,1.0000000000,True,1.2534940243,True,1.8378975391,True,0.0094813690,True,0.8010895097,True
2004-02-04,1.0000000000,True,1.2539970875,True,1.8322064877,True,0.0094831677,True,0.7996801511,True
2004-02-05,1.0000000000,True,1.2571974993,True,1.8362100124,True,0.0094661114,True,0.8011536234,True
2004-02-06,1.0000000000,True,1.2700024843,True,1.8475067616,True,0.0094831677,True,0.8097821701,True
2004-02-07,1.0000000000,True,1.2700024843,False,1.8475067616,False,0.0094831677,False,0.8097821701,False
2004-02-08,1.0000000000,True,1.2700024843,False,1.8475067616,False,0.0094831677,False,0.8097821701,False
2004-02-09,1.0000000000,True,1.2694060802,True,1.8597038984,True,0.0094500095,True,0.8094544530,True
2004-02-10,1.0000000000,True,1.2685042620,True,1.8673090935,True,0.0094714906,True,0.8080808392,True
2004-02-11,1.0000000000,True,1.2830052376,True,1.8925056458,True,0.0094930704,True,0.8135372563,True
2004-02-12,1.0000000000,True,1.2818048000,True,1.8930072784,True,0.0094966759,True,0.8130081175,True
2004-02-13,1.0000000000,True,1.2727990150,True,1.8852983713,True,0.0095057037,True,0.8071676838,True
2004-02-14,1.0000000000,True,1.2727990150,False,1.8852983713,False,0.0095057037,False,0.8071676838,False
2004-02-15,1.0000000000,True,1.2727990150,False,1.8852983713,False,0.0095057037,False,0.8071676838,False
2004-02-16,1.0000000000,True,1.2765034437,True,1.8887882233,True,0.0094831677,True,0.8102414515,True
2004-02-17,1.0000000000,True,1.2857933044,True,1.9055966139,True,0.0094688002,True,0.8159934803,True
2004-02-18,1.0000000000,True,1.2725075483,True,1.8926130533,True,0.0094037995,True,0.8077544196,True
2004-02-19,1.0000000000,True,1.2757054567,True,1.8991910219,True,0.0093536616,True,0.8097821701,True
2004-02-20,1.0000000000,True,1.2542015314,True,1.8619892597,True,0.0091785225,True,0.7938398405,True
2004-02-21,1.0000000000,True,1.2542015314,False,1.8619892597,False,0.0091785225,False,0.7938398405,False
2004-02-22,1.0000000000,True,1.2542015314,False,1.8619892597,False,0.0091785225,False,0.7938398405,False
2004-02-23,1.0000000000,True,1.2571974993,True,1.8683904409,True,0.0092336101,True,0.7967492555,True
2004-02-24,1.0000000000,True,1.2677966356,True,1.8900018930,True,0.0092421444,True,0.8048937215,True
2004-02-25,1.0000000000,True,1.2497032881,True,1.8723086119,True,0.0091768376,True,0.7942812110,True
2004-02-26,1.0000000000,True,1.2448029518,True,1.8633078337,True,0.0091340881,True,0.7897646836,True
2004-02-27,1.0000000000,True,1.2494065762,True,1.8695082664,True,0.0091533181,True,0.7927699480,True
2004-02-28,1.0000000000,True,1.2494065762,False,1.8695082664,False,0.0091533181,False,0.7927699480,False
2004-02-29,1.0000000000,True,1.2494065762,False,1.8695082664,False,0.0091533181,False,0.7927699480,False
2004-03-01,1.0000000000,True,1.2448029518,True,1.8679020405,True,0.0091818930,True,0.7883948568,True
2004-03-02,1.0000000000,True,1.2204051018,True,1.8382015228,True,0.0090785292,True,0.7707723152,True
2004-03-03,1.0000000000,True,1.2190959454,True,1.8275855780,True,0.0090818272,True,0.7730365093,True
2004-03-04,1.0000000000,True,1.2207031250,True,1.8229877949,True,0.0089887640,True,0.7740536961,True
2004-03-05,1.0000000000,True,1.2367972136,True,1.8453929424,True,0.0089285714,True,0.7823501614,True
2004-03-06,1.0000000000,True,1.2367972136,False,1.8453929424,False,0.0089285714,False,0.7823501614,False
2004-03-07,1.0000000000,True,1.2367972136,False,1.8453929424,False,0.0089285714,False,0.7823501614,False
2004-03-08,1.0000000000,True,1.2426065207,True,1.8527096510,True,0.0089855332,True,0.7862871266,True
2004-03-09,1.0000000000,True,1.2319064140,True,1.8260837793,True,0.0089718285,True,0.7803964625,True
2004-03-10,1.0000000000,True,1.2231967449,True,1.8033939600,True,0.0090179458,True,0.7765181204,True
2004-03-11,1.0000000000,True,1.2351015806,True,1.8101841211,True,0.0090228276,True,0.7893905618,True
2004-03-12,1.0000000000,True,1.2224042416,True,1.8041098118,True,0.0090375055,True,0.7792409937,True
2004-03-13,1.0000000000,True,1.2224042416,False,1.8041098118,False,0.0090375055,False,0.7792409937,False
2004-03-14,1.0000000000,True,1.2224042416,False,1.8041098118,False,0.0090375055,False,0.7792409937,False
2004-03-15,1.0000000000,True,1.2272046804,True,1.8048911095,True,0.0090653615,True,0.7847445784,True
2004-03-16,1.0000000000,True,1.2261061668,True,1.8132038116,True,0.0091987858,True,0.7820442673,True
2004-03-17,1.0000000000,True,1.2227030993,True,1.8167945147,True,0.0092370218,True,0.7823501614,True
2004-03-18,1.0000000000,True,1.2388964891,True,1.8354012966,True,0.0093641726,True,0.7955449676,True
2004-03-19,1.0000000000,True,1.2269035578,True,1.8341892958,True,0.0093755857,True,0.7875875879,True
2004-03-20,1.0000000000,True,1.2269035578,False,1.8341892958,False,0.0093755857,False,0.7875875879,False
2004-03-21,1.0000000000,True,1.2269035578,False,1.8341892958,False,0.0093755857,False,0.7875875879,False
2004-03-22,1.0000000000,True,1.2345983982,True,1.8475067616,True,0.0093668039,True,0.7957348365,True
2004-03-23,1.0000000000,True,1.2345069647,True,1.8520920277,True,0.0093668039,True,0.7958615165,True
2004-03-24,1.0000000000,True,1.2139016390,True,1.8252837658,True,0.0093984961,True,0.7833307202,True
2004-03-25,1.0000000000,True,1.2136952877,True,1.8079913855,True,0.0094224067,True,0.7813110675,True
2004-03-26,1.0000000000,True,1.2126945257,True,1.8176862001,True,0.0094179695,True,0.7789982148,True
2004-03-27,1.0000000000,True,1.2126945257,False,1.8176862001,False,0.0094179695,False,0.7789982148,False
2004-03-28,1.0000000000,True,1.2126945257,False,1.8176862001,False,0.0094179695,False,0.7789982148,False
2004-03-29,1.0000000000,True,1.2166042328,True,1.8196043968,True,0.0094822682,True,0.7790589134,True
2004-03-30,1.0000000000,True,1.2185016870,True,1.8275855780,True,0.0094482241,True,0.7806401139,True
2004-03-31,1.0000000000,True,1.2312996387,True,1.8433859348,True,0.0095960081,True,0.7898893953,True
2004-04-01,1.0000000000,True,1.2365065813,True,1.8564931154,True,0.0096394835,True,0.7918283348,True
2004-04-02,1.0000000000,True,1.2129004002,True,1.8280866146,True,0.0095593155,True,0.7741735664,True
2004-04-03,1.0000000000,True,1.2129004002,False,1.8280866146,False,0.0095593155,False,0.7741735664,False
2004-04-04,1.0000000000,True,1.2129004002,False,1.8280866146,False,0.0095593155,False,0.7741735664,False
2004-04-05,1.0000000000,True,1.2013021708,True,1.8237859011,True,0.0095156536,True,0.7665772422,True
2004-04-06,1.0000000000,True,1.2131063938,True,1.8434878588,True,0.0094553705,True,0.7774236520,True
2004-04-07,1.0000000000,True,1.2166042328,True,1.8401972055,True,0.0095038965,True,0.7827175649,True
2004-04-08,1.0000000000,True,1.2077003717,True,1.8310993910,True,0.0093967301,True,0.7794232314,True
2004-04-09,1.0000000000,True,1.2086051702,True,1.8337857723,True,0.0093984961,True,0.7799095434,True
2004-04-10,1.0000000000,True,1.2086051702,False,1.8337857723,False,0.0093984961,False,0.7799095434,False
2004-04-11,1.0000000000,True,1.2086051702,False,1.8337857723,False,0.0093984961,False,0.7799095434,False
2004-04-12,1.0000000000,True,1.2073066235,True,1.8378975391,True,0.0094921691,True,0.7793017301,True
2004-04-13,1.0000000000,True,1.1938017607,True,1.8181158304,True,0.0093615428,True,0.7692307974,True
2004-04-14,1.0000000000,True,1.1947003603,True,1.7898052931,True,0.0092021719,True,0.7697043991,True
2004-04-15,1.0000000000,True,1.1986957788,True,1.7914083004,True,0.0092412902,True,0.7725587284,True
2004-04-16,1.0000000000,True,1.2002928257,True,1.7962996960,True,0.0092764376,True,0.7719027164,True
2004-04-17,1.0000000000,True,1.2002928257,False,1.7962996960,False,0.0092764376,False,0.7719027164,False
2004-04-18,1.0000000000,True,1.2002928257,False,1.7962996960,False,0.0092764376,False,0.7719027164,False
2004-04-19,1.0000000000,True,1.2006964684,True,1.8071091175,True,0.0092259434,True,0.7741735664,True
2004-04-20,1.0000000000,True,1.1848059893,True,1.7852998972,True,0.0091776800,True,0.7612088223,True
2004-04-21,1.0000000000,True,1.1810001135,True,1.7695044279,True,0.0091449475,True,0.7597052144,True
2004-04-22,1.0000000000,True,1.1925063133,True,1.7752845287,True,0.0091424394,True,0.7653451855,True
2004-04-23,1.0000000000,True,1.1850025654,True,1.7732068300,True,0.0091608645,True,0.7608613291,True
2004-04-24,1.0000000000,True,1.1850025654,False,1.7732068300,False,0.0091608645,False,0.7608613291,False
2004-04-25,1.0000000000,True,1.1850025654,False,1.7732068300,False,0.0091608645,False,0.7608613291,False
2004-04-26,1.0000000000,True,1.1861974001,True,1.7860013247,True,0.0092055604,True,0.7646428799,True
2004-04-27,1.0000000000,True,1.1929045916,True,1.7918899059,True,0.0091307527,True,0.7704160377,True
2004-04-28,1.0000000000,True,1.1843008995,True,1.7710086107,True,0.0090892568,True,0.7656381530,True
2004-04-29,1.0000000000,True,1.1960005760,True,1.7733955383,True,0.0090966979,True,0.7738141383,True
2004-04-30,1.0000000000,True,1.1982936859,True,1.7785998583,True,0.0090604329,True,0.7727975094,True
2004-05-01,1.0000000000,True,1.1982936859,False,1.7785998583,False,0.0090604329,False,0.7727975094,False
2004-05-02,1.0000000000,True,1.1982936859,False,1.7785998583,False,0.0090604329,False,0.7727975094,False
2004-05-03,1.0000000000,True,1.1936022043,True,1.7713849545,True,0.0090777049,True,0.7684622781,True
2004-05-04,1.0000000000,True,1.2105072737,True,1.7956867218,True,0.0091282517,True,0.7806401139,True
2004-05-05,1.0000000000,True,1.2158941031,True,1.7909911871,True,0.0091894873,True,0.7841292085,True
2004-05-06,1.0000000000,True,1.2077003717,True,1.7945910692,True,0.0091124478,True,0.7783918206,True
2004-05-07,1.0000000000,True,1.1880011559,True,1.7891968489,True,0.0089039268,True,0.7699414894,True
2004-05-08,1.0000000000,True,1.1880011559,False,1.7891968489,False,0.0089039268,False,0.7699414894,False
2004-05-09,1.0000000000,True,1.1880011559,False,1.7891968489,False,0.0089039268,False,0.7699414894,False
2004-05-10,1.0000000000,True,1.1845955849,True,1.7772090435,True,0.0087927545,True,0.7697043991,True
2004-05-11,1.0000000000,True,1.1881988049,True,1.7603154182,True,0.0088542587,True,0.7722007978,True
2004-05-12,1.0000000000,True,1.1905045509,True,1.7722011805,True,0.0088519075,True,0.7730962824,True
2004-05-13,1.0000000000,True,1.1804006100,True,1.7603154182,True,0.0087267653,True,0.7668123395,True
2004-05-14,1.0000000000,True,1.1881988049,True,1.7586128712,True,0.0087634738,True,0.7710694532,True
2004-05-15,1.0000000000,True,1.1881988049,False,1.7586128712,False,0.0087634738,False,0.7710694532,False
2004-05-16,1.0000000000,True,1.1881988049,False,1.7586128712,False,0.0087634738,False,0.7710694532,False
2004-05-17,1.0000000000,True,1.2025011778,True,1.7711968422,True,0.0087389670,True,0.7841292085,True
2004-05-18,1.0000000000,True,1.1945005655,True,1.7667845488,True,0.0087650104,True,0.7791802667,True
2004-05-19,1.0000000000,True,1.2003936768,True,1.7820864916,True,0.0088613205,True,0.7819831026,True
2004-05-20,1.0000000000,True,1.1957002878,True,1.7755050659,True,0.0088707529,True,0.7780890135,True
2004-05-21,1.0000000000,True,1.2028049231,True,1.7896130085,True,0.0089015492,True,0.7818608020,True
2004-05-22,1.0000000000,True,1.2028049231,False,1.7896130085,False,0.0089015492,False,0.7818608020,False
2004-05-23,1.0000000000,True,1.2028049231,False,1.7896130085,False,0.0089015492,False,0.7818608020,False
2004-05-24,1.0000000000,True,1.1999039650,True,1.7916971445,True,0.0088401695,True,0.7814331235,True
2004-05-25,1.0000000000,True,1.2100970745,True,1.8125134706,True,0.0089437440,True,0.7856694096,True
2004-05-26,1.0000000000,True,1.2110936642,True,1.8149150610,True,0.0089397461,True,0.7865345444,True
2004-05-27,1.0000000000,True,1.2275964022,True,1.8366146088,True,0.0090033313,True,0.8037293096,True
2004-05-28,1.0000000000,True,1.2218068838,True,1.8329116106,True,0.0090933890,True,0.7989134498,True
2004-05-29,1.0000000000,True,1.2218068838,False,1.8329116106,False,0.0090933890,False,0.7989134498,False
2004-05-30,1.0000000000,True,1.2218068838,False,1.8329116106,False,0.0090933890,False,0.7989134498,False
2004-05-31,1.0000000000,True,1.2198989391,True,1.8326095343,True,0.0091307527,True,0.7980208842,True
2004-06-01,1.0000000000,True,1.2244998217,True,1.8406038284,True,0.0090563305,True,0.8023750416,True
2004-06-02,1.0000000000,True,1.2218962908,True,1.8342901468,True,0.0091033228,True,0.8000000000,True
2004-06-03,1.0000000000,True,1.2221053839,True,1.8395878077,True,0.0089960414,True,0.8000000000,True
2004-06-04,1.0000000000,True,1.2275059223,True,1.8389114141,True,0.0089879560,True,0.8069071168,True
2004-06-05,1.0000000000,True,1.2275059223,False,1.8389114141,False,0.0089879560,False,0.8069071168,False
2004-06-06,1.0000000000,True,1.2275059223,False,1.8389114141,False,0.0089879560,False,0.8069071168,False
2004-06-07,1.0000000000,True,1.2318001986,True,1.8412135839,True,0.0091224227,True,0.8089306101,True
2004-06-08,1.0000000000,True,1.2261061668,True,1.8394863605,True,0.0091299188,True,0.8076891674,True
2004-06-09,1.0000000000,True,1.2042969465,True,1.8280866146,True,0.0090587916,True,0.7964954462,True
2004-06-10,1.0000000000,True,1.2109030485,True,1.8419936895,True,0.0091516430,True,0.8032128483,True
2004-06-11,1.0000000000,True,1.2015043497,True,1.8177852631,True,0.0090801782,True,0.7938398405,True
2004-06-12,1.0000000000,True,1.2015043497,False,1.8177852631,False,0.0090801782,False,0.7938398405,False
2004-06-13,1.0000000000,True,1.2015043497,False,1.8177852631,False,0.0090801782,False,0.7938398405,False
2004-06-14,1.0000000000,True,1.2061998844,True,1.8141906261,True,0.0090098209,True,0.7966857691,True
2004-06-15,1.0000000000,True,1.2166042328,True,1.8335839510,True,0.0091399321,True,0.8008970007,True
2004-06-16,1.0000000000,True,1.2006964684,True,1.8251838684,True,0.0090834775,True,0.7888923580,True
2004-06-17,1.0000000000,True,1.2033983469,True,1.8343911171,True,0.0091257527,True,0.7970667637,True
2004-06-18,1.0000000000,True,1.2145060301,True,1.8392833471,True,0.0091979396,True,0.8041817488,True
2004-06-19,1.0000000000,True,1.2145060301,False,1.8392833471,False,0.0091979396,False,0.8041817488,False
2004-06-20,1.0000000000,True,1.2145060301,False,1.8392833471,False,0.0091979396,False,0.8041817488,False
2004-06-21,1.0000000000,True,1.2126061916,True,1.8331133127,True,0.0092013250,True,0.8030838175,True
2004-06-22,1.0000000000,True,1.2121946812,True,1.8219914436,True,0.0091583476,True,0.8011536234,True
2004-06-23,1.0000000000,True,1.2086051702,True,1.8169924021,True,0.0092412902,True,0.7978299229,True
2004-06-24,1.0000000000,True,1.2174040079,True,1.8236860037,True,0.0093292283,True,0.8036647060,True
2004-06-25,1.0000000000,True,1.2203009129,True,1.8260837793,True,0.0092936804,True,0.8019246326,True
2004-06-26,1.0000000000,True,1.2203009129,False,1.8260837793,False,0.0092936804,False,0.8019246326,False
2004-06-27,1.0000000000,True,1.2203009129,False,1.8260837793,False,0.0092936804,False,0.8019246326,False
2004-06-28,1.0000000000,True,1.2186946869,True,1.8299934864,True,0.0092601169,True,0.8007045842,True
2004-06-29,1.0000000000,True,1.2098042965,True,1.8090052605,True,0.0092429982,True,0.7908889558,True
2004-06-30,1.0000000000,True,1.2183978558,True,1.8202005625,True,0.0091852666,True,0.7997441157,True
2004-07-01,1.0000000000,True,1.2162047625,True,1.8203001022,True,0.0092191388,True,0.8006405424,True
2004-07-02,1.0000000000,True,1.2311025858,True,1.8295917511,True,0.0092370218,True,0.8108985057,True
2004-07-03,1.0000000000,True,1.2311025858,False,1.8295917511,False,0.0092370218,False,0.8108985057,False
2004-07-04,1.0000000000,True,1.2311025858,False,1.8295917511,False,0.0092370218,False,0.8108985057,False
2004-07-05,1.0000000000,True,1.2299971581,True,1.8309986591,True,0.0091734701,True,0.8097821701,True
2004-07-06,1.0000000000,True,1.2285012007,True,1.8406038284,True,0.0091399321,True,0.8086689039,True
2004-07-07,1.0000000000,True,1.2371032238,True,1.8542898893,True,0.0092148915,True,0.8152616652,True
2004-07-08,1.0000000000,True,1.2394952774,True,1.8507893085,True,0.0091869547,True,0.8167265309,True
2004-07-09,1.0000000000,True,1.2418966293,True,1.8618161678,True,0.0092438528,True,0.8179959324,True
2004-07-10,1.0000000000,True,1.2418966293,False,1.8618161678,False,0.0092438528,False,0.8179959324,False
2004-07-11,1.0000000000,True,1.2418966293,False,1.8618161678,False,0.0092438528,False,0.8179959324,False
2004-07-12,1.0000000000,True,1.2408025265,True,1.8619892597,True,0.0092327580,True,0.8164598364,True
2004-07-13,1.0000000000,True,1.2333041430,True,1.8575966358,True,0.0092233907,True,0.8093889257,True
2004-07-14,1.0000000000,True,1.2384973764,True,1.8560106754,True,0.0091617039,True,0.8134710665,True
2004-07-15,1.0000000000,True,1.2356052399,True,1.8529843092,True,0.0091107870,True,0.8087997358,True
2004-07-16,1.0000000000,True,1.2455937862,True,1.8727995157,True,0.0091970934,True,0.8165932016,True
2004-07-17,1.0000000000,True,1.2455937862,False,1.8727995157,False,0.0091970934,False,0.8165932016,False
2004-07-18,1.0000000000,True,1.2455937862,False,1.8727995157,False,0.0091970934,False,0.8165932016,False
2004-07-19,1.0000000000,True,1.2439976931,True,1.8681112528,True,0.0092361691,True,0.8135372563,True
2004-07-20,1.0000000000,True,1.2333954573,True,1.8527096510,True,0.0092174396,True,0.8042464355,True
2004-07-21,1.0000000000,True,1.2263016701,True,1.8397909403,True,0.0091016654,True,0.8003201048,True
2004-07-22,1.0000000000,True,1.2255953550,True,1.8449164629,True,0.0091107870,True,0.8012178240,True
2004-07-23,1.0000000000,True,1.2095993757,True,1.8330125809,True,0.0090785292,True,0.7899518031,True
2004-07-24,1.0000000000,True,1.2095993757,False,1.8330125809,False,0.0090785292,False,0.7899518031,False
2004-07-25,1.0000000000,True,1.2095993757,False,1.8330125809,False,0.0090785292,False,0.7899518031,False
2004-07-26,1.0000000000,True,1.2139016390,True,1.8413155079,True,0.0091016654,True,0.7905138429,True
2004-07-27,1.0000000000,True,1.2064036131,True,1.8229877949,True,0.0090187592,True,0.7843752700,True
2004-07-28,1.0000000000,True,1.2043983936,True,1.8228882551,True,0.0089485459,True,0.7835148762,True
2004-07-29,1.0000000000,True,1.2038040161,True,1.8181158304,True,0.0089198109,True,0.7806401139,True
2004-07-30,1.0000000000,True,1.2016053200,True,1.8220909834,True,0.0089798850,True,0.7804573793,True
2004-07-31,1.0000000000,True,1.2016053200,False,1.8220909834,False,0.0089798850,False,0.7804573793,False
2004-08-01,1.0000000000,True,1.2016053200,False,1.8220909834,False,0.0089798850,False,0.7804573793,False
2004-08-02,1.0000000000,True,1.2021976709,True,1.8242847919,True,0.0090211999,True,0.7813110675,True
2004-08-03,1.0000000000,True,1.2052984238,True,1.8248840570,True,0.0090375055,True,0.7817997388,True
2004-08-04,1.0000000000,True,1.2059961557,True,1.8254836798,True,0.0090090090,True,0.7843752700,True
2004-08-05,1.0000000000,True,1.2051968575,True,1.8239853382,True,0.0089485459,True,0.7840677173,True
2004-08-06,1.0000000000,True,1.2307995558,True,1.8400956392,True,0.0090489547,True,0.7996801511,True
2004-08-07,1.0000000000,True,1.2307995558,False,1.8400956392,False,0.0090489547,False,0.7996801511,False
2004-08-08,1.0000000000,True,1.2307995558,False,1.8400956392,False,0.0090489547,False,0.7996801511,False
2004-08-09,1.0000000000,True,1.2272950411,True,1.8409085274,True,0.0090375055,True,0.7975117308,True
2004-08-10,1.0000000000,True,1.2236007452,True,1.8278863430,True,0.0089911885,True,0.7925814163,True
2004-08-11,1.0000000000,True,1.2221950293,True,1.8305965662,True,0.0090285300,True,0.7928328118,True
2004-08-12,1.0000000000,True,1.2239003181,True,1.8230874538,True,0.0090187592,True,0.7954816730,True
2004-08-13,1.0000000000,True,1.2375931740,True,1.8427064419,True,0.0090334239,True,0.8075587722,True
2004-08-14,1.0000000000,True,1.2375931740,False,1.8427064419,False,0.0090334239,False,0.8075587722,False
2004-08-15,1.0000000000,True,1.2375931740,False,1.8427064419,False,0.0090334239,False,0.8075587722,False
2004-08-16,1.0000000000,True,1.2358952761,True,1.8413832188,True,0.0090587916,True,0.8060615897,True
2004-08-17,1.0000000000,True,1.2345069647,True,1.8275855780,True,0.0090950435,True,0.8034064724,True
2004-08-18,1.0000000000,True,1.2340041399,True,1.8236860037,True,0.0091382619,True,0.8038585480,True
2004-08-19,1.0000000000,True,1.2371950150,True,1.8326095343,True,0.0091441111,True,0.8049585229,True
2004-08-20,1.0000000000,True,1.2321947813,True,1.8192071915,True,0.0091650627,True,0.8006405424,True
2004-08-21,1.0000000000,True,1.2321947813,False,1.8192071915,False,0.0091650627,False,0.8006405424,False
2004-08-22,1.0000000000,True,1.2321947813,False,1.8192071915,False,0.0091650627,False,0.8006405424,False
2004-08-23,1.0000000000,True,1.2151997089,True,1.8093980551,True,0.0091124478,True,0.7885191362,True
2004-08-24,1.0000000000,True,1.2081964016,True,1.7923073769,True,0.0091166011,True,0.7865345444,True
2004-08-25,1.0000000000,True,1.2086051702,True,1.7963963747,True,0.0090826523,True,0.7855459533,True
2004-08-26,1.0000000000,True,1.2099066973,True,1.7956867218,True,0.0091224227,True,0.7858545933,True
2004-08-27,1.0000000000,True,1.2019952536,True,1.7902858257,True,0.0091190951,True,0.7822278188,True
2004-08-28,1.0000000000,True,1.2019952536,False,1.7902858257,False,0.0091190951,False,0.7822278188,False
2004-08-29,1.0000000000,True,1.2019952536,False,1.7902858257,False,0.0091190951,False,0.7822278188,False
2004-08-30,1.0000000000,True,1.2049063444,True,1.7952033281,True,0.0090975256,True,0.7814331235,True
2004-08-31,1.0000000000,True,1.2178043127,True,1.8024837971,True,0.0091600258,True,0.7894528908,True
2004-09-01,1.0000000000,True,1.2190067768,True,1.7934001684,True,0.0091441111,True,0.7935248224,True
2004-09-02,1.0000000000,True,1.2173002958,True,1.7916009426,True,0.0091324201,True,0.7928328118,True
2004-09-03,1.0000000000,True,1.2055019140,True,1.7760096788,True,0.0090571503,True,0.7865345444,True
2004-09-04,1.0000000000,True,1.2055019140,False,1.7760096788,False,0.0090571503,False,0.7865345444,False
2004-09-05,1.0000000000,True,1.2055019140,False,1.7760096788,False,0.0090571503,False,0.7865345444,False
2004-09-06,1.0000000000,True,1.2065927982,True,1.7804048061,True,0.0090785292,True,0.7870297737,True
2004-09-07,1.0000000000,True,1.2099066973,True,1.7750009298,True,0.0091432749,True,0.7887679610,True
2004-09-08,1.0000000000,True,1.2189027071,True,1.7874059677,True,0.0091566707,True,0.7940288963,True
2004-09-09,1.0000000000,True,1.2242000103,True,1.7898052931,True,0.0091416035,True,0.7951021919,True
2004-09-10,1.0000000000,True,1.2272950411,True,1.8001152277,True,0.0091257527,True,0.7953551139,True
2004-09-11,1.0000000000,True,1.2272950411,False,1.8001152277,False,0.0091257527,False,0.7953551139,False
2004-09-12,1.0000000000,True,1.2272950411,False,1.8001152277,False,0.0091257527,False,0.7953551139,False
2004-09-13,1.0000000000,True,1.2264070511,True,1.7973004580,True,0.0090867785,True,0.7945967548,True
2004-09-14,1.0000000000,True,1.2260010242,True,1.7977850437,True,0.0091290852,True,0.7952285951,True
2004-09-15,1.0000000000,True,1.2157019377,True,1.7766090631,True,0.0090892568,True,0.7877737510,True
2004-09-16,1.0000000000,True,1.2190067768,True,1.7936897278,True,0.0091232551,True,0.7887057401,True
2004-09-17,1.0000000000,True,1.2182048559,True,1.7917935848,True,0.0091157705,True,0.7888923580,True
2004-09-18,1.0000000000,True,1.2182048559,False,1.7917935848,False,0.0091157705,False,0.7888923580,False
2004-09-19,1.0000000000,True,1.2182048559,False,1.7917935848,False,0.0091157705,False,0.7888923580,False
2004-09-20,1.0000000000,True,1.2174040079,True,1.7867990732,True,0.0090983529,True,0.7861017390,True
2004-09-21,1.0000000000,True,1.2328935862,True,1.7966868877,True,0.0091091274,True,0.7976389772,True
2004-09-22,1.0000000000,True,1.2266929150,True,1.7939151525,True,0.0090415914,True,0.7939027990,True
2004-09-23,1.0000000000,True,1.2272046804,True,1.7979143858,True,0.0090301609,True,0.7934618488,True
2004-09-24,1.0000000000,True,1.2275964022,True,1.8048911095,True,0.0090464989,True,0.7934618488,True
2004-09-25,1.0000000000,True,1.2275964022,False,1.8048911095,False,0.0090464989,False,0.7934618488,False
2004-09-26,1.0000000000,True,1.2275964022,False,1.8048911095,False,0.0090464989,False,0.7934618488,False
2004-09-27,1.0000000000,True,1.2307995558,True,1.8115942478,True,0.0089952327,True,0.7938398405,True
2004-09-28,1.0000000000,True,1.2321037054,True,1.8136969805,True,0.0089839190,True,0.7939027990,True
2004-09-29,1.0000000000,True,1.2336997986,True,1.8003097773,True,0.0090073863,True,0.7945967548,True
2004-09-30,1.0000000000,True,1.2433944941,True,1.8128092289,True,0.0090843022,True,0.8028904257,True
2004-10-01,1.0000000000,True,1.2414957285,True,1.7991112471,True,0.0090514117,True,0.8003841718,True
2004-10-02,1.0000000000,True,1.2414957285,False,1.7991112471,False,0.0090514117,False,0.8003841718,False
2004-10-03,1.0000000000,True,1.2414957285,False,1.7991112471,False,0.0090514117,False,0.8003841718,False
2004-10-04,1.0000000000,True,1.2289994955,True,1.7843123674,True,0.0090211999,True,0.7908889558,True
2004-10-05,1.0000000000,True,1.2316029072,True,1.7829124928,True,0.0090041421,True,0.7925814163,True
2004-10-06,1.0000000000,True,1.2280938625,True,1.7794861794,True,0.0089814984,True,0.7902015329,True
2004-10-07,1.0000000000,True,1.2299064398,True,1.7824994326,True,0.0090000900,True,0.7920165084,True
2004-10-08,1.0000000000,True,1.2410026789,True,1.7952033281,True,0.0091324201,True,0.7997441157,True
2004-10-09,1.0000000000,True,1.2410026789,False,1.7952033281,False,0.0091324201,False,0.7997441157,False
2004-10-10,1.0000000000,True,1.2410026789,False,1.7952033281,False,0.0091324201,False,0.7997441157,False
2004-10-11,1.0000000000,True,1.2384054661,True,1.7986905575,True,0.0091432749,True,0.7995522527,True
2004-10-12,1.0000000000,True,1.2321037054,True,1.7910876274,True,0.0091182640,True,0.7961783173,True
2004-10-13,1.0000000000,True,1.2349033356,True,1.7933038473,True,0.0091182640,True,0.7987858725,True
2004-10-14,1.0000000000,True,1.2388964891,True,1.7971066236,True,0.0091199269,True,0.8039231828,True
2004-10-15,1.0000000000,True,1.2478941679,True,1.8045982122,True,0.0091432749,True,0.8108327445,True
2004-10-16,1.0000000000,True,1.2478941679,False,1.8045982122,False,0.0091432749,False,0.8108327445,False
2004-10-17,1.0000000000,True,1.2478941679,False,1.8045982122,False,0.0091432749,False,0.8108327445,False
2004-10-18,1.0000000000,True,1.2489072084,True,1.7977850437,True,0.0091449475,True,0.8114906800,True
2004-10-19,1.0000000000,True,1.2518935204,True,1.8039144278,True,0.0092293495,True,0.8136696684,True
2004-10-20,1.0000000000,True,1.2578933239,True,1.8162994385,True,0.0092336101,True,0.8183975867,True
2004-10-21,1.0000000000,True,1.2620048523,True,1.8274853230,True,0.0093101198,True,0.8214901444,True
2004-10-22,1.0000000000,True,1.2690999508,True,1.8292906284,True,0.0093005955,True,0.8267879595,True
2004-10-23,1.0000000000,True,1.2690999508,False,1.8292906284,False,0.0093005955,False,0.8267879595,False
2004-10-24,1.0000000000,True,1.2690999508,False,1.8292906284,False,0.0093005955,False,0.8267879595,False
2004-10-25,1.0000000000,True,1.2810987234,True,1.8417903185,True,0.0093808632,True,0.8364001109,True
2004-10-26,1.0000000000,True,1.2765034437,True,1.8359066248,True,0.0093738282,True,0.8327088304,True
2004-10-27,1.0000000000,True,1.2705996037,True,1.8280866146,True,0.0093764649,True,0.8285004025,True
2004-10-28,1.0000000000,True,1.2705996037,False,1.8280866146,False,0.0093764649,False,0.8285004025,False
2004-10-29,1.0000000000,True,1.2791976929,True,1.8381000757,True,0.0094589481,True,0.8367500979,True
2004-10-30,1.0000000000,True,1.2791976929,False,1.8381000757,False,0.0094589481,False,0.8367500979,False
2004-10-31,1.0000000000,True,1.2791976929,False,1.8381000757,False,0.0094589481,False,0.8367500979,False
2004-11-01,1.0000000000,True,1.2745997906,True,1.8327102661,True,0.0093940820,True,0.8317391995,True
2004-11-02,1.0000000000,True,1.2720056772,True,1.8397909403,True,0.0094277364,True,0.8296001396,True
2004-11-03,1.0000000000,True,1.2824951410,True,1.8476092815,True,0.0094232941,True,0.8374507841,True
2004-11-04,1.0000000000,True,1.2872995138,True,1.8438956738,True,0.0094268475,True,0.8418217396,True
2004-11-05,1.0000000000,True,1.2966973782,True,1.8572860956,True,0.0094795717,True,0.8497620575,True
2004-11-06,1.0000000000,True,1.2966973782,False,1.8572860956,False,0.0094795717,False,0.8497620575,False
2004-11-07,1.0000000000,True,1.2966973782,False,1.8572860956,False,0.0094795717,False,0.8497620575,False
2004-11-08,1.0000000000,True,1.2908055782,True,1.8545993567,True,0.0094679036,True,0.8460236593,True
2004-11-09,1.0000000000,True,1.2899065018,True,1.8557007313,True,0.0094562648,True,0.8449513785,True
2004-11-10,1.0000000000,True,1.2885932922,True,1.8468924761,True,0.0093484153,True,0.8458090367,True
2004-11-11,1.0000000000,True,1.2910054922,True,1.8431141376,True,0.0093738282,True,0.8491847638,True
2004-11-12,1.0000000000,True,1.2970000505,True,1.8572860956,True,0.0094652152,True,0.8546278288,True
2004-11-13,1.0000000000,True,1.2970000505,False,1.8572860956,False,0.0094652152,False,0.8546278288,False
2004-11-14,1.0000000000,True,1.2970000505,False,1.8572860956,False,0.0094652152,False,0.8546278288,False
2004-11-15,1.0000000000,True,1.2939958572,True,1.8464152813,True,0.0094867656,True,0.8477449980,True
2004-11-16,1.0000000000,True,1.2961931229,True,1.8531901836,True,0.0094858662,True,0.8507741910,True
2004-11-17,1.0000000000,True,1.3037979603,True,1.8593926430,True,0.0096107638,True,0.8604371213,True
2004-11-18,1.0000000000,True,1.2949006557,True,1.8482921124,True,0.0095877274,True,0.8535336408,True
2004-11-19,1.0000000000,True,1.3039000034,True,1.8600844145,True,0.0097012028,True,0.8619946681,True
2004-11-20,1.0000000000,True,1.3039000034,False,1.8600844145,False,0.0097012028,False,0.8619946681,False
2004-11-21,1.0000000000,True,1.3039000034,False,1.8600844145,False,0.0097012028,False,0.8619946681,False
2004-11-22,1.0000000000,True,1.3040019274,True,1.8598077297,True,0.0096936794,True,0.8597712977,True
2004-11-23,1.0000000000,True,1.3097062111,True,1.8689843416,True,0.0096777314,True,0.8641548724,True
2004-11-24,1.0000000000,True,1.3178007603,True,1.8811136484,True,0.0097238432,True,0.8731336534,True
2004-11-25,1.0000000000,True,1.3258028030,True,1.8917896748,True,0.0097541946,True,0.8771929935,True
2004-11-26,1.0000000000,True,1.3295043707,True,1.8935091496,True,0.0097532431,True,0.8781944258,True
2004-11-27,1.0000000000,True,1.3295043707,False,1.8935091496,False,0.0097532431,False,0.8781944258,False
2004-11-28,1.0000000000,True,1.3295043707,False,1.8935091496,False,0.0097532431,False,0.8781944258,False
2004-11-29,1.0000000000,True,1.3265062571,True,1.8925056458,True,0.0097059110,True,0.8747375482,True
2004-11-30,1.0000000000,True,1.3298048973,True,1.9095995426,True,0.0097181728,True,0.8775778681,True
2004-12-01,1.0000000000,True,1.3345967531,True,1.9331141710,True,0.0097551456,True,0.8768084562,True
2004-12-02,1.0000000000,True,1.3261016607,True,1.9240019321,True,0.0096993212,True,0.8676036410,True
2004-12-03,1.0000000000,True,1.3466018438,True,1.9440881014,True,0.0097952790,True,0.8851908014,True
2004-12-04,1.0000000000,True,1.3466018438,False,1.9440881014,False,0.0097952790,False,0.8851908014,False
2004-12-05,1.0000000000,True,1.3466018438,False,1.9440881014,False,0.0097952790,False,0.8851908014,False
2004-12-06,1.0000000000,True,1.3396027088,True,1.9367083311,True,0.0096964998,True,0.8761170649,True
2004-12-07,1.0000000000,True,1.3430931568,True,1.9451088905,True,0.0097219521,True,0.8768852634,True
2004-12-08,1.0000000000,True,1.3345077038,True,1.9370834827,True,0.0096126119,True,0.8707009403,True
2004-12-09,1.0000000000,True,1.3304064274,True,1.9232987165,True,0.0095529232,True,0.8688852155,True
2004-12-10,1.0000000000,True,1.3215975761,True,1.9132896662,True,0.0095219961,True,0.8615490923,True
2004-12-11,1.0000000000,True,1.3215975761,False,1.9132896662,False,0.0095219961,False,0.8615490923,False
2004-12-12,1.0000000000,True,1.3215975761,False,1.9132896662,False,0.0095219961,False,0.8615490923,False
2004-12-13,1.0000000000,True,1.3320013285,True,1.9238168001,True,0.0095520105,True,0.8672274634,True
2004-12-14,1.0000000000,True,1.3309022188,True,1.9274879694,True,0.0095057037,True,0.8668516119,True
2004-12-15,1.0000000000,True,1.3403927088,True,1.9425019026,True,0.0095923261,True,0.8757334702,True
2004-12-16,1.0000000000,True,1.3251000643,True,1.9313968420,True,0.0095620576,True,0.8632596247,True
2004-12-17,1.0000000000,True,1.3312920332,True,1.9420114756,True,0.0096015361,True,0.8647527067,True
2004-12-18,1.0000000000,True,1.3312920332,False,1.9420114756,False,0.0096015361,False,0.8647527067,False
2004-12-19,1.0000000000,True,1.3312920332,False,1.9420114756,False,0.0096015361,False,0.8647527067,False
2004-12-20,1.0000000000,True,1.3392080069,True,1.9470025301,True,0.0096015361,True,0.8698677582,True
2004-12-21,1.0000000000,True,1.3368983269,True,1.9290122986,True,0.0095877274,True,0.8667764628,True
2004-12-22,1.0000000000,True,1.3391003609,True,1.9149017334,True,0.0096006141,True,0.8676789337,True
2004-12-23,1.0000000000,True,1.3512052298,True,1.9238909483,True,0.0096571702,True,0.8748140842,True
2004-12-24,1.0000000000,True,1.3538029194,True,1.9218941927,True,0.0096478532,True,0.8740495088,True
2004-12-25,1.0000000000,True,1.3538029194,False,1.9218941927,False,0.0096478532,False,0.8740495088,False
2004-12-26,1.0000000000,True,1.3538029194,False,1.9218941927,False,0.0096478532,False,0.8740495088,False
2004-12-27,1.0000000000,True,1.3623977900,True,1.9349095821,True,0.0097191176,True,0.8813678493,True
2004-12-28,1.0000000000,True,1.3593975306,True,1.9271906614,True,0.0096908613,True,0.8811349220,True
2004-12-29,1.0000000000,True,1.3606922626,True,1.9179134369,True,0.0096209349,True,0.8820675561,True
2004-12-30,1.0000000000,True,1.3628062010,True,1.9238168001,True,0.0097172283,True,0.8823010696,True
2004-12-31,1.0000000000,True,1.3565024137,True,1.9197911024,True,0.0097551456,True,0.8768084562,True
2005-01-01,1.0000000000,True,1.3565024137,False,1.9197911024,False,0.0097551456,False,0.8768084562,False
2005-01-02,1.0000000000,True,1.3565024137,False,1.9197911024,False,0.0097551456,False,0.8768084562,False
2005-01-03,1.0000000000,True,1.3470009565,True,1.9046169519,True,0.0097333076,True,0.8718396156,True
2005-01-04,1.0000000000,True,1.3281975985,True,1.8835939169,True,0.0095840525,True,0.8564576648,True
2005-01-05,1.0000000000,True,1.3280036449,True,1.8855117559,True,0.0096218608,True,0.8569714344,True
2005-01-06,1.0000000000,True,1.3183046579,True,1.8764895201,True,0.0095337974,True,0.8517887384,True
2005-01-07,1.0000000000,True,1.3060967922,True,1.8712925911,True,0.0095337974,True,0.8445232439,True
2005-01-08,1.0000000000,True,1.3060967922,False,1.8712925911,False,0.0095337974,False,0.8445232439,False
2005-01-09,1.0000000000,True,1.3060967922,False,1.8712925911,False,0.0095337974,False,0.8445232439,False
2005-01-10,1.0000000000,True,1.3109940290,True,1.8769121170,True,0.0095996930,True,0.8478887806,True
2005-01-11,1.0000000000,True,1.3116990328,True,1.8786045313,True,0.0096693098,True,0.8457374915,True
2005-01-12,1.0000000000,True,1.3255919218,True,1.8907164335,True,0.0097618116,True,0.8564576648,True
2005-01-13,1.0000000000,True,1.3211086988,True,1.8810075521,True,0.0097599064,True,0.8531695627,True
2005-01-14,1.0000000000,True,1.3098949194,True,1.8705923557,True,0.0098058440,True,0.8481044601,True
2005-01-15,1.0000000000,True,1.3098949194,False,1.8705923557,False,0.0098058440,False,0.8481044601,False
2005-01-16,1.0000000000,True,1.3098949194,False,1.8705923557,False,0.0098058440,False,0.8481044601,False
2005-01-17,1.0000000000,True,1.3051081896,True,1.8572860956,True,0.0097789945,True,0.8442380901,True
2005-01-18,1.0000000000,True,1.3017951250,True,1.8633078337,True,0.0097789945,True,0.8436682749,True
2005-01-19,1.0000000000,True,1.3003056049,True,1.8709074259,True,0.0097172283,True,0.8438106778,True
2005-01-20,1.0000000000,True,1.2962938547,True,1.8705923557,True,0.0096739864,True,0.8401949456,True
2005-01-21,1.0000000000,True,1.2998999357,True,1.8771939278,True,0.0097456388,True,0.8435970915,True
2005-01-22,1.0000000000,True,1.2998999357,False,1.8771939278,False,0.0097456388,False,0.8435970915,False
2005-01-23,1.0000000000,True,1.2998999357,False,1.8771939278,False,0.0097456388,False,0.8435970915,False
2005-01-24,1.0000000000,True,1.3039000034,True,1.8788868189,True,0.0097484888,True,0.8438818973,True
2005-01-25,1.0000000000,True,1.2971009016,True,1.8643151522,True,0.0096135362,True,0.8379419966,True
2005-01-26,1.0000000000,True,1.3078050613,True,1.8821049929,True,0.0097021442,True,0.8456659585,True
2005-01-27,1.0000000000,True,1.3041039705,True,1.8910026550,True,0.0097228976,True,0.8443806854,True
2005-01-28,1.0000000000,True,1.3044953346,True,1.8887882233,True,0.0097342545,True,0.8435259201,True
2005-01-29,1.0000000000,True,1.3044953346,False,1.8887882233,False,0.0097342545,False,0.8435259201,False
2005-01-30,1.0000000000,True,1.3044953346,False,1.8887882233,False,0.0097342545,False,0.8435259201,False
2005-01-31,1.0000000000,True,1.3051933050,True,1.8841972351,True,0.0096525098,True,0.8418925392,True
2005-02-01,1.0000000000,True,1.3039000034,True,1.8833100796,True,0.0096487843,True,0.8398420715,True
2005-02-02,1.0000000000,True,1.3032032251,True,1.8846944571,True,0.0096469223,True,0.8382229961,True
2005-02-03,1.0000000000,True,1.2972019911,True,1.8823884726,True,0.0095730424,True,0.8316008415,True
2005-02-04,1.0000000000,True,1.2857933044,True,1.8732906580,True,0.0096116877,True,0.8242664212,True
2005-02-05,1.0000000000,True,1.2857933044,False,1.8732906580,False,0.0096116877,False,0.8242664212,False
2005-02-06,1.0000000000,True,1.2857933044,False,1.8732906580,False,0.0096116877,False,0.8242664212,False
2005-02-07,1.0000000000,True,1.2764055729,True,1.8580108881,True,0.0095401641,True,0.8171270190,True
2005-02-08,1.0000000000,True,1.2769924402,True,1.8539118767,True,0.0094598430,True,0.8190008484,True
2005-02-09,1.0000000000,True,1.2812956572,True,1.8591853380,True,0.0094705941,True,0.8220979756,True
2005-02-10,1.0000000000,True,1.2875978947,True,1.8681112528,True,0.0094500095,True,0.8282259645,True
2005-02-11,1.0000000000,True,1.2856941223,True,1.8698929548,True,0.0094562648,True,0.8267879595,True
2005-02-12,1.0000000000,True,1.2856941223,False,1.8698929548,False,0.0094562648,False,0.8267879595,False
2005-02-13,1.0000000000,True,1.2856941223,False,1.8698929548,False,0.0094562648,False,0.8267879595,False
2005-02-14,1.0000000000,True,1.2973029613,True,1.8871841431,True,0.0095147480,True,0.8347941836,True
2005-02-15,1.0000000000,True,1.3016934395,True,1.8953033686,True,0.0095648013,True,0.8409721447,True
2005-02-16,1.0000000000,True,1.3023037910,True,1.8841972351,True,0.0094804699,True,0.8417508674,True
2005-02-17,1.0000000000,True,1.3074972630,True,1.8950160742,True,0.0094804699,True,0.8447372995,True
2005-02-18,1.0000000000,True,1.3068991899,True,1.8945133686,True,0.0094670077,True,0.8451656512,True
2005-02-19,1.0000000000,True,1.3068991899,False,1.8945133686,False,0.0094670077,False,0.8451656512,False
2005-02-20,1.0000000000,True,1.3068991899,False,1.8945133686,False,0.0094670077,False,0.8451656512,False
2005-02-21,1.0000000000,True,1.3064039946,True,1.8968133926,True,0.0094840665,True,0.8455229288,True
2005-02-22,1.0000000000,True,1.3261016607,True,1.9112052917,True,0.0095941664,True,0.8630361692,True
2005-02-23,1.0000000000,True,1.3203063011,True,1.9063959122,True,0.0095192763,True,0.8591065039,True
2005-02-24,1.0000000000,True,1.3183046579,True,1.9074870348,True,0.0094786730,True,0.8547739558,True
2005-02-25,1.0000000000,True,1.3246086836,True,1.9196068048,True,0.0095020907,True,0.8605852417,True
2005-02-26,1.0000000000,True,1.3246086836,False,1.9196068048,False,0.0095020907,False,0.8605852417,False
2005-02-27,1.0000000000,True,1.3246086836,False,1.9196068048,False,0.0095020907,False,0.8605852417,False
2005-02-28,1.0000000000,True,1.3217023611,True,1.9192017317,True,0.0095666317,True,0.8592541665,True
2005-03-01,1.0000000000,True,1.3171932697,True,1.9186861515,True,0.0095739591,True,0.8568979885,True
2005-03-02,1.0000000000,True,1.3135944605,True,1.9131065607,True,0.0095447173,True,0.8520791031,True
2005-03-03,1.0000000000,True,1.3105987310,True,1.9069048166,True,0.0094975780,True,0.8466683522,True
2005-03-04,1.0000000000,True,1.3246963024,True,1.9232987165,True,0.0095428952,True,0.8558712409,True
2005-03-05,1.0000000000,True,1.3246963024,False,1.9232987165,False,0.0095428952,False,0.8558712409,False
2005-03-06,1.0000000000,True,1.3246963024,False,1.9232987165,False,0.0095428952,False,0.8558712409,False
2005-03-07,1.0000000000,True,1.3221917152,True,1.9149017334,True,0.0095156536,True,0.8515711811,True
2005-03-08,1.0000000000,True,1.3352025747,True,1.9286031723,True,0.0095629722,True,0.8615490923,True
2005-03-09,1.0000000000,True,1.3377031088,True,1.9227072001,True,0.0096144600,True,0.8619203587,True
2005-03-10,1.0000000000,True,1.3437970877,True,1.9238168001,True,0.0096218608,True,0.8676789337,True
2005-03-11,1.0000000000,True,1.3472912312,True,1.9264110327,True,0.0096079937,True,0.8702463206,True
2005-03-12,1.0000000000,True,1.3472912312,False,1.9264110327,False,0.0096079937,False,0.8702463206,False
2005-03-13,1.0000000000,True,1.3472912312,False,1.9264110327,False,0.0096079937,False,0.8702463206,False
2005-03-14,1.0000000000,True,1.3365052938,True,1.9138022661,True,0.0095301629,True,0.8622919453,True
2005-03-15,1.0000000000,True,1.3310085535,True,1.9132165909,True,0.0095657164,True,0.8582217682,True
2005-03-16,1.0000000000,True,1.3410937786,True,1.9273022413,True,0.0095978499,True,0.8673779312,True
2005-03-17,1.0000000000,True,1.3379000425,True,1.9251873493,True,0.0095666317,True,0.8640055207,True
2005-03-18,1.0000000000,True,1.3321965933,True,1.9228180647,True,0.0095501863,True,0.8594018800,True
2005-03-19,1.0000000000,True,1.3321965933,False,1.9228180647,False,0.0095501863,False,0.8594018800,False
2005-03-20,1.0000000000,True,1.3321965933,False,1.9228180647,False,0.0095501863,False,0.8594018800,False
2005-03-21,1.0000000000,True,1.3161011934,True,1.8959861994,True,0.0095048000,True,0.8482483647,True
2005-03-22,1.0000000000,True,1.3077024221,True,1.8855828047,True,0.0094696971,True,0.8410428858,True
2005-03-23,1.0000000000,True,1.2992919683,True,1.8705923557,True,0.0094419787,True,0.8361903425,True
2005-03-24,1.0000000000,True,1.2931926250,True,1.8683904409,True,0.0093967301,True,0.8316008415,True
2005-03-25,1.0000000000,True,1.2956053019,True,1.8717128038,True,0.0094020308,True,0.8340283563,True
2005-03-26,1.0000000000,True,1.2956053019,False,1.8717128038,False,0.0094020308,False,0.8340283563,False
2005-03-27,1.0000000000,True,1.2956053019,False,1.8717128038,False,0.0094020308,False,0.8340283563,False
2005-03-28,1.0000000000,True,1.2895072699,True,1.8662983179,True,0.0093248790,True,0.8307718240,True
2005-03-29,1.0000000000,True,1.2937949896,True,1.8756096363,True,0.0093170594,True,0.8333333002,True
2005-03-30,1.0000000000,True,1.2915056944,True,1.8774054050,True,0.0092997304,True,0.8333333002,True
2005-03-31,1.0000000000,True,1.2966973782,True,1.8895019293,True,0.0093335823,True,0.8362602814,True
2005-04-01,1.0000000000,True,1.2909055948,True,1.8840907812,True,0.0092885005,True,0.8316700147,True
2005-04-02,1.0000000000,True,1.2909055948,False,1.8840907812,False,0.0092885005,False,0.8316700147,False
2005-04-03,1.0000000000,True,1.2909055948,False,1.8840907812,False,0.0092885005,False,0.8316700147,False
2005-04-04,1.0000000000,True,1.2850002050,True,1.8763134480,True,0.0092353160,True,0.8271982967,True
2005-04-05,1.0000000000,True,1.2857933044,True,1.8799113035,True,0.0092361691,True,0.8289124416,True
2005-04-06,1.0000000000,True,1.2867032290,True,1.8794871569,True,0.0092013250,True,0.8292561890,True
2005-04-07,1.0000000000,True,1.2850002050,True,1.8706972599,True,0.0092089514,True,0.8282259645,True
2005-04-08,1.0000000000,True,1.2934937477,True,1.8864009380,True,0.0092455618,True,0.8358408235,True
2005-04-09,1.0000000000,True,1.2934937477,False,1.8864009380,False,0.0092455618,False,0.8358408235,False
2005-04-10,1.0000000000,True,1.2934937477,False,1.8864009380,False,0.0092455618,False,0.8358408235,False
2005-04-11,1.0000000000,True,1.2971009016,True,1.8902876377,True,0.0092824651,True,0.8378015675,True
2005-04-12,1.0000000000,True,1.2915056944,True,1.8912171125,True,0.0092764376,True,0.8336807248,True
2005-04-13,1.0000000000,True,1.2912056446,True,1.8942981958,True,0.0093179277,True,0.8333333002,True
2005-04-14,1.0000000000,True,1.2794922590,True,1.8794871569,True,0.0092336101,True,0.8227744084,True
2005-04-15,1.0000000000,True,1.2870012522,True,1.8931864500,True,0.0092841891,True,0.8334027620,True
2005-04-16,1.0000000000,True,1.2870012522,False,1.8931864500,False,0.0092841891,False,0.8334027620,False
2005-04-17,1.0000000000,True,1.2870012522,False,1.8931864500,False,0.0092841891,False,0.8334027620,False
2005-04-18,1.0000000000,True,1.3017951250,True,1.9042904377,True,0.0093083868,True,0.8419634353,True
2005-04-19,1.0000000000,True,1.3065063953,True,1.9172146320,True,0.0093580385,True,0.8471704407,True
2005-04-20,1.0000000000,True,1.3086949587,True,1.9183917046,True,0.0093589145,True,0.8494733556,True
2005-04-21,1.0000000000,True,1.3046995401,True,1.9090162516,True,0.0093659271,True,0.8453085601,True
2005-04-22,1.0000000000,True,1.3061991930,True,1.9139854908,True,0.0094384146,True,0.8471704407,True
2005-04-23,1.0000000000,True,1.3061991930,False,1.9139854908,False,0.0094384146,False,0.8471704407,False
2005-04-24,1.0000000000,True,1.3061991930,False,1.9139854908,False,0.0094384146,False,0.8471704407,False
2005-04-25,1.0000000000,True,1.2993931770,True,1.9116073847,True,0.0094598430,True,0.8415383225,True
2005-04-26,1.0000000000,True,1.2984988689,True,1.9057058096,True,0.0094232941,True,0.8426729682,True
2005-04-27,1.0000000000,True,1.2921065092,True,1.9034930468,True,0.0094401963,True,0.8379419966,True
2005-04-28,1.0000000000,True,1.2905057669,True,1.9078142643,True,0.0094304035,True,0.8390669588,True
2005-04-29,1.0000000000,True,1.2875978947,True,1.9094902277,True,0.0095556616,True,0.8368200470,True
2005-04-30,1.0000000000,True,1.2875978947,False,1.9094902277,False,0.0095556616,False,0.8368200470,False
2005-05-01,1.0000000000,True,1.2875978947,False,1.9094902277,False,0.0095556616,False,0.8368200470,False
2005-05-02,1.0000000000,True,1.2846039534,True,1.8948005438,True,0.0095147480,True,0.8341675233,True
2005-05-03,1.0000000000,True,1.2886930704,True,1.8936884403,True,0.0095356153,True,0.8352125914,True
2005-05-04,1.0000000000,True,1.2950012684,True,1.9021170139,True,0.0095675472,True,0.8394190976,True
2005-05-05,1.0000000000,True,1.2956053019,True,1.9025151730,True,0.0095684622,True,0.8378015675,True
2005-05-06,1.0000000000,True,1.2811970711,True,1.8916107416,True,0.0095174646,True,0.8295313102,True
2005-05-07,1.0000000000,True,1.2811970711,False,1.8916107416,False,0.0095174646,False,0.8295313102,False
2005-05-08,1.0000000000,True,1.2811970711,False,1.8916107416,False,0.0095174646,False,0.8295313102,False
2005-05-09,1.0000000000,True,1.2854957581,True,1.8848009109,True,0.0094598430,True,0.8303578526,True
2005-05-10,1.0000000000,True,1.2886930704,True,1.8859028816,True,0.0094822682,True,0.8333333002,True
2005-05-11,1.0000000000,True,1.2813942432,True,1.8735011816,True,0.0094562648,True,0.8296001396,True
2005-05-12,1.0000000000,True,1.2681021690,True,1.8635159731,True,0.0093615428,True,0.8216251582,True
2005-05-13,1.0000000000,True,1.2616068125,True,1.8496938944,True,0.0093187962,True,0.8157271849,True
2005-05-14,1.0000000000,True,1.2616068125,False,1.8496938944,False,0.0093187962,False,0.8157271849,False
2005-05-15,1.0000000000,True,1.2616068125,False,1.8496938944,False,0.0093187962,False,0.8157271849,False
2005-05-16,1.0000000000,True,1.2639987469,True,1.8390127420,True,0.0093589145,True,0.8182636315,True
2005-05-17,1.0000000000,True,1.2603029013,True,1.8339873552,True,0.0093083868,True,0.8159934803,True
2005-05-18,1.0000000000,True,1.2681021690,True,1.8395878077,True,0.0093449208,True,0.8212203303,True
2005-05-19,1.0000000000,True,1.2635036707,True,1.8355022669,True,0.0092936804,True,0.8182636315,True
2005-05-20,1.0000000000,True,1.2556977272,True,1.8288891315,True,0.0092464169,True,0.8115565480,True
2005-05-21,1.0000000000,True,1.2556977272,False,1.8288891315,False,0.0092464169,False,0.8115565480,False
2005-05-22,1.0000000000,True,1.2556977272,False,1.8288891315,False,0.0092464169,False,0.8115565480,False
2005-05-23,1.0000000000,True,1.2571026087,True,1.8292906284,True,0.0092798810,True,0.8122157378,True
2005-05-24,1.0000000000,True,1.2568024397,True,1.8268845081,True,0.0092945444,True,0.8126117345,True
2005-05-25,1.0000000000,True,1.2599060535,True,1.8316023350,True,0.0092867756,True,0.8148630822,True
2005-05-26,1.0000000000,True,1.2513921261,True,1.8203994036,True,0.0092566881,True,0.8088651677,True
2005-05-27,1.0000000000,True,1.2581939697,True,1.8247842789,True,0.0092609740,True,0.8131403574,True
2005-05-28,1.0000000000,True,1.2581939697,False,1.8247842789,False,0.0092609740,False,0.8131403574,False
2005-05-29,1.0000000000,True,1.2581939697,False,1.8247842789,False,0.0092609740,False,0.8131403574,False
2005-05-30,1.0000000000,True,1.2482992411,True,1.8235862255,True,0.0092626900,True,0.8080155342,True
2005-05-31,1.0000000000,True,1.2307995558,True,1.8176862001,True,0.0092250921,True,0.8015389809,True
2005-06-01,1.0000000000,True,1.2196015120,True,1.8098893166,True,0.0092030183,True,0.7963051386,True
2005-06-02,1.0000000000,True,1.2266929150,True,1.8157057762,True,0.0092412902,True,0.7989134498,True
2005-06-03,1.0000000000,True,1.2230023146,True,1.8152115345,True,0.0092902267,True,0.7983394829,True
2005-06-04,1.0000000000,True,1.2230023146,False,1.8152115345,False,0.0092902267,False,0.7983394829,False
2005-06-05,1.0000000000,True,1.2230023146,False,1.8152115345,False,0.0092902267,False,0.7983394829,False
2005-06-06,1.0000000000,True,1.2260010242,True,1.8240852356,True,0.0093571627,True,0.8003201048,True
2005-06-07,1.0000000000,True,1.2278977633,True,1.8333150148,True,0.0093782240,True,0.8025681851,True
2005-06-08,1.0000000000,True,1.2237954140,True,1.8243848085,True,0.0093266181,True,0.7975117308,True
2005-06-09,1.0000000000,True,1.2227928638,True,1.8207970858,True,0.0093040563,True,0.7971938681,True
2005-06-10,1.0000000000,True,1.2136952877,True,1.8128092289,True,0.0092038655,True,0.7885813277,True
2005-06-11,1.0000000000,True,1.2136952877,False,1.8128092289,False,0.0092038655,False,0.7885813277,False
2005-06-12,1.0000000000,True,1.2136952877,False,1.8128092289,False,0.0092038655,False,0.7885813277,False
2005-06-13,1.0000000000,True,1.2117980719,True,1.8080893755,True,0.0091365923,True,0.7871536231,True
2005-06-14,1.0000000000,True,1.2026025057,True,1.8060973883,True,0.0091407677,True,0.7825338565,True
2005-06-15,1.0000000000,True,1.2121946812,True,1.8231873512,True,0.0091600258,True,0.7873395811,True
2005-06-16,1.0000000000,True,1.2099066973,True,1.8225891590,True,0.0091776800,True,0.7860399380,True
2005-06-17,1.0000000000,True,1.2278977633,True,1.8315018415,True,0.0092140423,True,0.7953551139,True
2005-06-18,1.0000000000,True,1.2278977633,False,1.8315018415,False,0.0092140423,False,0.7953551139,False
2005-06-19,1.0000000000,True,1.2278977633,False,1.8315018415,False,0.0092140423,False,0.7953551139,False
2005-06-20,1.0000000000,True,1.2151997089,True,1.8225891590,True,0.0091449475,True,0.7869058895,True
2005-06-21,1.0000000000,True,1.2174040079,True,1.8279864788,True,0.0092242410,True,0.7898893953,True
2005-06-22,1.0000000000,True,1.2121064663,True,1.8208967447,True,0.0091945566,True,0.7862871266,True
2005-06-23,1.0000000000,True,1.2029062510,True,1.8156069517,True,0.0091810505,True,0.7814331235,True
2005-06-24,1.0000000000,True,1.2098042965,True,1.8240852356,True,0.0091768376,True,0.7843137402,True
2005-06-25,1.0000000000,True,1.2098042965,False,1.8240852356,False,0.0091768376,False,0.7843137402,False
2005-06-26,1.0000000000,True,1.2098042965,False,1.8240852356,False,0.0091768376,False,0.7843137402,False
2005-06-27,1.0000000000,True,1.2163970470,True,1.8285881281,True,0.0091508054,True,0.7885191362,True
2005-06-28,1.0000000000,True,1.2073066235,True,1.8171906471,True,0.0091099575,True,0.7814942021,True
2005-06-29,1.0000000000,True,1.2078024149,True,1.8068152666,True,0.0090546901,True,0.7803964625,True
2005-06-30,1.0000000000,True,1.2091021538,True,1.7902858257,True,0.0090203860,True,0.7793624760,True
2005-07-01,1.0000000000,True,1.1936022043,True,1.7689095736,True,0.0089493469,True,0.7713668912,True
2005-07-02,1.0000000000,True,1.1936022043,False,1.7689095736,False,0.0089493469,False,0.7713668912,False
2005-07-03,1.0000000000,True,1.1936022043,False,1.7689095736,False,0.0089493469,False,0.7713668912,False
2005-07-04,1.0000000000,True,1.1909015179,True,1.7604082823,True,0.0089637865,True,0.7674008194,True
2005-07-05,1.0000000000,True,1.1931037903,True,1.7579944134,True,0.0089645896,True,0.7678722400,True
2005-07-06,1.0000000000,True,1.1929045916,True,1.7519885302,True,0.0089086860,True,0.7676953631,True
2005-07-07,1.0000000000,True,1.1945005655,True,1.7427067757,True,0.0089285714,True,0.7699414894,True
2005-07-08,1.0000000000,True,1.1981070042,True,1.7385861874,True,0.0089078922,True,0.7698822032,True
2005-07-09,1.0000000000,True,1.1981070042,False,1.7385861874,False,0.0089078922,False,0.7698822032,False
2005-07-10,1.0000000000,True,1.1981070042,False,1.7385861874,False,0.0089078922,False,0.7698822032,False
2005-07-11,1.0000000000,True,1.2068985701,True,1.7569134235,True,0.0089525517,True,0.7763975230,True
2005-07-12,1.0000000000,True,1.2230023146,True,1.7768932581,True,0.0090122567,True,0.7862252965,True
2005-07-13,1.0000000000,True,1.2080067396,True,1.7636061907,True,0.0089277741,True,0.7744733331,True
2005-07-14,1.0000000000,True,1.2093945742,True,1.7579944134,True,0.0089063058,True,0.7757349783,True
2005-07-15,1.0000000000,True,1.2046015263,True,1.7509149313,True,0.0089118618,True,0.7716049360,True
2005-07-16,1.0000000000,True,1.2046015263,False,1.7509149313,False,0.0089118618,False,0.7716049360,False
2005-07-17,1.0000000000,True,1.2046015263,False,1.7509149313,False,0.0089118618,False,0.7716049360,False
2005-07-18,1.0000000000,True,1.2056035995,True,1.7472131252,True,0.0089373492,True,0.7727975094,True
2005-07-19,1.0000000000,True,1.2029930353,True,1.7365934849,True,0.0088573958,True,0.7691124528,True
2005-07-20,1.0000000000,True,1.2158055305,True,1.7410078049,True,0.0088707529,True,0.7784524248,True
2005-07-21,1.0000000000,True,1.2161011696,True,1.7537090778,True,0.0090555103,True,0.7777259414,True
2005-07-22,1.0000000000,True,1.2060980797,True,1.7390094995,True,0.0089847257,True,0.7714263355,True
2005-07-23,1.0000000000,True,1.2060980797,False,1.7390094995,False,0.0089847257,False,0.7714263355,False
2005-07-24,1.0000000000,True,1.2060980797,False,1.7390094995,False,0.0089847257,False,0.7714263355,False
2005-07-25,1.0000000000,True,1.2065054178,True,1.7462978363,True,0.0089573630,True,0.7722007978,True
2005-07-26,1.0000000000,True,1.2017064095,True,1.7371063232,True,0.0088880987,True,0.7694675254,True
2005-07-27,1.0000000000,True,1.2066947222,True,1.7431017160,True,0.0088928415,True,0.7719027164,True
2005-07-28,1.0000000000,True,1.2131947279,True,1.7558028698,True,0.0089070992,True,0.7781495705,True
2005-07-29,1.0000000000,True,1.2124004364,True,1.7582108974,True,0.0088936320,True,0.7760360274,True
2005-07-30,1.0000000000,True,1.2124004364,False,1.7582108974,False,0.0088936320,False,0.7760360274,False
2005-07-31,1.0000000000,True,1.2124004364,False,1.7582108974,False,0.0088936320,False,0.7760360274,False
2005-08-01,1.0000000000,True,1.2183978558,True,1.7681901455,True,0.0089110674,True,0.7821666254,True
2005-08-02,1.0000000000,True,1.2193932533,True,1.7711968422,True,0.0089774666,True,0.7833920959,True
2005-08-03,1.0000000000,True,1.2335019112,True,1.7778093815,True,0.0090009002,True,0.7928956856,True
2005-08-04,1.0000000000,True,1.2384973764,True,1.7811025381,True,0.0089903800,True,0.7949757535,True
2005-08-05,1.0000000000,True,1.2365983725,True,1.7787897587,True,0.0089445436,True,0.7925185923,True
2005-08-06,1.0000000000,True,1.2365983725,False,1.7787897587,False,0.0089445436,False,0.7925185923,False
2005-08-07,1.0000000000,True,1.2365983725,False,1.7787897587,False,0.0089445436,False,0.7925185923,False
2005-08-08,1.0000000000,True,1.2351015806,True,1.7845989466,True,0.0089221983,True,0.7927070941,True
2005-08-09,1.0000000000,True,1.2378076315,True,1.7878854275,True,0.0089461443,True,0.7944704771,True
2005-08-10,1.0000000000,True,1.2386049032,True,1.7962028980,True,0.0090375055,True,0.7959248716,True
2005-08-11,1.0000000000,True,1.2473027706,True,1.8125134706,True,0.0091157705,True,0.8031483277,True
2005-08-12,1.0000000000,True,1.2444931269,True,1.8151125908,True,0.0091457841,True,0.8019246326,True
2005-08-13,1.0000000000,True,1.2444931269,False,1.8151125908,False,0.0091457841,False,0.8019246326,False
2005-08-14,1.0000000000,True,1.2444931269,False,1.8151125908,False,0.0091457841,False,0.8019246326,False
2005-08-15,1.0000000000,True,1.2371032238,True,1.8096927404,True,0.0091466202,True,0.7972574355,True
2005-08-16,1.0000000000,True,1.2349948883,True,1.8091033697,True,0.0091240877,True,0.7958615165,True
2005-08-17,1.0000000000,True,1.2278074026,True,1.8065868616,True,0.0091033228,True,0.7927070941,True
2005-08-18,1.0000000000,True,1.2183978558,True,1.7946876287,True,0.0090530510,True,0.7866583118,True
2005-08-19,1.0000000000,True,1.2154951096,True,1.7951065302,True,0.0090546901,True,0.7840677173,True
2005-08-20,1.0000000000,True,1.2154951096,False,1.7951065302,False,0.0090546901,False,0.7840677173,False
2005-08-21,1.0000000000,True,1.2154951096,False,1.7951065302,False,0.0090546901,False,0.7840677173,False
2005-08-22,1.0000000000,True,1.2234061956,True,1.8013150692,True,0.0091166011,True,0.7877737510,True
2005-08-23,1.0000000000,True,1.2234959602,True,1.8008931875,True,0.0091024940,True,0.7877116869,True
2005-08-24,1.0000000000,True,1.2274005413,True,1.8004069328,True,0.0090719402,True,0.7913270502,True
2005-08-25,1.0000000000,True,1.2301938534,True,1.8026137352,True,0.0090851277,True,0.7960516121,True
2005-08-26,1.0000000000,True,1.2294074297,True,1.8006014824,True,0.0090777049,True,0.7948493553,True
2005-08-27,1.0000000000,True,1.2294074297,False,1.8006014824,False,0.0090777049,False,0.7948493553,False
2005-08-28,1.0000000000,True,1.2294074297,False,1.8006014824,False,0.0090777049,False,0.7948493553,False
2005-08-29,1.0000000000,True,1.2234959602,True,1.7964931726,True,0.0090358726,True,0.7898269973,True
2005-08-30,1.0000000000,True,1.2218068838,True,1.7859057188,True,0.0089806916,True,0.7878979087,True
2005-08-31,1.0000000000,True,1.2340955734,True,1.8033939600,True,0.0090375055,True,0.7977662642,True
2005-09-01,1.0000000000,True,1.2490007877,True,1.8326095343,True,0.0091000092,True,0.8098477610,True
2005-09-02,1.0000000000,True,1.2533055544,True,1.8422991037,True,0.0091074679,True,0.8133387190,True
2005-09-03,1.0000000000,True,1.2533055544,False,1.8422991037,False,0.0091074679,False,0.8133387190,False
2005-09-04,1.0000000000,True,1.2533055544,False,1.8422991037,False,0.0091074679,False,0.8133387190,False
2005-09-05,1.0000000000,True,1.2526932955,True,1.8428084850,True,0.0091474570,True,0.8110299818,True
2005-09-06,1.0000000000,True,1.2457954884,True,1.8410103321,True,0.0091232551,True,0.8071025262,True
2005-09-07,1.0000000000,True,1.2416036129,True,1.8367160559,True,0.0090884305,True,0.8045699483,True
2005-09-08,1.0000000000,True,1.2394031286,True,1.8360078335,True,0.0090489547,True,0.8032773793,True
2005-09-09,1.0000000000,True,1.2410951853,True,1.8394863605,True,0.0091224227,True,0.8046346976,True
2005-09-10,1.0000000000,True,1.2410951853,False,1.8394863605,False,0.0091224227,False,0.8046346976,False
2005-09-11,1.0000000000,True,1.2410951853,False,1.8394863605,False,0.0091224227,False,0.8046346976,False
2005-09-12,1.0000000000,True,1.2291052341,True,1.8209961653,True,0.0090702948,True,0.7954183884,True
2005-09-13,1.0000000000,True,1.2280033827,True,1.8227885962,True,0.0090326078,True,0.7938398405,True
2005-09-14,1.0000000000,True,1.2278977633,True,1.8228882551,True,0.0090522313,True,0.7945336109,True
2005-09-15,1.0000000000,True,1.2236007452,True,1.8075991869,True,0.0090415914,True,0.7898269973,True
2005-09-16,1.0000000000,True,1.2239003181,True,1.8087108135,True,0.0089831118,True,0.7877116869,True
2005-09-17,1.0000000000,True,1.2239003181,False,1.8087108135,False,0.0089831118,False,0.7877116869,False
2005-09-18,1.0000000000,True,1.2239003181,False,1.8087108135,False,0.0089831118,False,0.7877116869,False
2005-09-19,1.0000000000,True,1.2139016390,True,1.8029061556,True,0.0089710235,True,0.7820442673,True
2005-09-20,1.0000000000,True,1.2119008303,True,1.7976881266,True,0.0089317614,True,0.7801528907,True
2005-09-21,1.0000000000,True,1.2119008303,False,1.7976881266,False,0.0089317614,False,0.7801528907,False
2005-09-22,1.0000000000,True,1.2154065371,True,1.7917935848,True,0.0089581656,True,0.7819831026,True
2005-09-23,1.0000000000,True,1.2040939331,True,1.7756942511,True,0.0088904692,True,0.7740536961,True
2005-09-24,1.0000000000,True,1.2040939331,False,1.7756942511,False,0.0088904692,False,0.7740536961,False
2005-09-25,1.0000000000,True,1.2040939331,False,1.7756942511,False,0.0088904692,False,0.7740536961,False
2005-09-26,1.0000000000,True,1.2073066235,True,1.7788846493,True,0.0089031339,True,0.7760962652,True
2005-09-27,1.0000000000,True,1.2018941641,True,1.7670965195,True,0.0088300221,True,0.7720219213,True
2005-09-28,1.0000000000,True,1.2061998844,True,1.7691912651,True,0.0088566112,True,0.7753740992,True
2005-09-29,1.0000000000,True,1.2020964622,True,1.7588912249,True,0.0088339225,True,0.7720815376,True
2005-09-30,1.0000000000,True,1.2028049231,True,1.7646021843,True,0.0088136789,True,0.7730962824,True
2005-10-01,1.0000000000,True,1.2028049231,False,1.7646021843,False,0.0088136789,False,0.7730962824,False
2005-10-02,1.0000000000,True,1.2028049231,False,1.7646021843,False,0.0088136789,False,0.7730962824,False
2005-10-03,1.0000000000,True,1.1912987232,True,1.7525105476,True,0.0087527352,True,0.7679312171,True
2005-10-04,1.0000000000,True,1.1918951273,True,1.7583962679,True,0.0087450810,True,0.7681081324,True
2005-10-05,1.0000000000,True,1.2012012005,True,1.7689095736,True,0.0087642420,True,0.7760360274,True
2005-10-06,1.0000000000,True,1.2171964645,True,1.7774933577,True,0.0088230107,True,0.7862252965,True
2005-10-07,1.0000000000,True,1.2130033970,True,1.7608113289,True,0.0087888909,True,0.7824726152,True
2005-10-08,1.0000000000,True,1.2130033970,False,1.7608113289,False,0.0087888909,False,0.7824726152,False
2005-10-09,1.0000000000,True,1.2130033970,False,1.7608113289,False,0.0087888909,False,0.7824726152,False
2005-10-10,1.0000000000,True,1.2049063444,True,1.7539860010,True,0.0087550341,True,0.7780890135,True
2005-10-11,1.0000000000,True,1.1984946728,True,1.7454140186,True,0.0087298121,True,0.7748934252,True
2005-10-12,1.0000000000,True,1.2028049231,True,1.7522954941,True,0.0087435514,True,0.7769404343,True
2005-10-13,1.0000000000,True,1.2018941641,True,1.7546938658,True,0.0087351500,True,0.7751938214,True
2005-10-14,1.0000000000,True,1.2077003717,True,1.7689095736,True,0.0087680839,True,0.7777864419,True
2005-10-15,1.0000000000,True,1.2077003717,False,1.7689095736,False,0.0087680839,False,0.7777864419,False
2005-10-16,1.0000000000,True,1.2077003717,False,1.7689095736,False,0.0087680839,False,0.7777864419,False
2005-10-17,1.0000000000,True,1.2011002302,True,1.7530940771,True,0.0086880974,True,0.7729767455,True
2005-10-18,1.0000000000,True,1.1955001354,True,1.7483128309,True,0.0086363243,True,0.7691716206,True
2005-10-19,1.0000000000,True,1.1974040270,True,1.7632951736,True,0.0086565099,True,0.7709506130,True
2005-10-20,1.0000000000,True,1.2017930746,True,1.7743079662,True,0.0086722749,True,0.7764578170,True
2005-10-21,1.0000000000,True,1.1954001188,True,1.7686907053,True,0.0086281276,True,0.7741136266,True
2005-10-22,1.0000000000,True,1.1954001188,False,1.7686907053,False,0.0086281276,False,0.7741136266,False
2005-10-23,1.0000000000,True,1.1954001188,False,1.7686907053,False,0.0086281276,False,0.7741136266,False
2005-10-24,1.0000000000,True,1.1976047754,True,1.7689095736,True,0.0086602580,True,0.7763372384,True
2005-10-25,1.0000000000,True,1.2111963034,True,1.7840895653,True,0.0086873425,True,0.7843137402,True
2005-10-26,1.0000000000,True,1.2063016891,True,1.7759149075,True,0.0086273830,True,0.7790589134,True
2005-10-27,1.0000000000,True,1.2142995596,True,1.7838984728,True,0.0086685159,True,0.7857311524,True
2005-10-28,1.0000000000,True,1.2071025372,True,1.7737100124,True,0.0086527646,True,0.7808839901,True
2005-10-29,1.0000000000,True,1.2071025372,False,1.7737100124,False,0.0086527646,False,0.7808839901,False
2005-10-30,1.0000000000,True,1.2071025372,False,1.7737100124,False,0.0086527646,False,0.7808839901,False
2005-10-31,1.0000000000,True,1.1988970041,True,1.7687844038,True,0.0085881139,True,0.7754342343,True
2005-11-01,1.0000000000,True,1.2023999691,True,1.7647888660,True,0.0085645768,True,0.7768800654,True
2005-11-02,1.0000000000,True,1.2067528963,True,1.7761043310,True,0.0085616436,True,0.7821054416,True
2005-11-03,1.0000000000,True,1.1952000856,True,1.7713849545,True,0.0085309673,True,0.7742335155,True
2005-11-04,1.0000000000,True,1.1813069582,True,1.7500874996,True,0.0084523711,True,0.7650523724,True
2005-11-05,1.0000000000,True,1.1813069582,False,1.7500874996,False,0.0084523711,False,0.7650523724,False
2005-11-06,1.0000000000,True,1.1813069582,False,1.7500874996,False,0.0084523711,False,0.7650523724,False
2005-11-07,1.0000000000,True,1.1793009043,True,1.7434055805,True,0.0085019553,True,0.7649353796,True
2005-11-08,1.0000000000,True,1.1768028736,True,1.7424943447,True,0.0085178875,True,0.7621660847,True
2005-11-09,1.0000000000,True,1.1778008938,True,1.7440136671,True,0.0084932905,True,0.7640003064,True
2005-11-10,1.0000000000,True,1.1675559282,True,1.7401896715,True,0.0084774500,True,0.7599939480,True
2005-11-11,1.0000000000,True,1.1735023260,True,1.7407954931,True,0.0084717044,True,0.7620208986,True
2005-11-12,1.0000000000,True,1.1735023260,False,1.7407954931,False,0.0084717044,False,0.7620208986,False
2005-11-13,1.0000000000,True,1.1735023260,False,1.7407954931,False,0.0084717044,False,0.7620208986,False
2005-11-14,1.0000000000,True,1.1691941023,True,1.7375892401,True,0.0084182170,True,0.7589556702,True
2005-11-15,1.0000000000,True,1.1731994152,True,1.7367141247,True,0.0084139673,True,0.7597629436,True
2005-11-16,1.0000000000,True,1.1677058935,True,1.7188923359,True,0.0083963057,True,0.7548309096,True
2005-11-17,1.0000000000,True,1.1747982502,True,1.7198973894,True,0.0084168001,True,0.7591285423,True
2005-11-18,1.0000000000,True,1.1776067019,True,1.7157073021,True,0.0083970109,True,0.7612667803,True
2005-11-19,1.0000000000,True,1.1776067019,False,1.7157073021,False,0.0083970109,False,0.7612667803,False
2005-11-20,1.0000000000,True,1.1776067019,False,1.7157073021,False,0.0083970109,False,0.7612667803,False
2005-11-21,1.0000000000,True,1.1736950874,True,1.7160900831,True,0.0083977157,True,0.7582076035,True
2005-11-22,1.0000000000,True,1.1814047098,True,1.7214963436,True,0.0084132593,True,0.7629510605,True
2005-11-23,1.0000000000,True,1.1808048487,True,1.7220891714,True,0.0084203434,True,0.7618467068,True
2005-11-24,1.0000000000,True,1.1781060696,True,1.7225044966,True,0.0083956007,True,0.7597052144,True
2005-11-25,1.0000000000,True,1.1724978685,True,1.7157073021,True,0.0083584086,True,0.7564868692,True
2005-11-26,1.0000000000,True,1.1724978685,False,1.7157073021,False,0.0083584086,False,0.7564868692,False
2005-11-27,1.0000000000,True,1.1724978685,False,1.7157073021,False,0.0083584086,False,0.7564868692,False
2005-11-28,1.0000000000,True,1.1850025654,True,1.7284889221,True,0.0084104288,True,0.7657554308,True
2005-11-29,1.0000000000,True,1.1768028736,True,1.7168856859,True,0.0083507307,True,0.7604562407,True
2005-11-30,1.0000000000,True,1.1804981232,True,1.7309123278,True,0.0083528232,True,0.7610929330,True
2005-12-01,1.0000000000,True,1.1742050648,True,1.7330120802,True,0.0083049578,True,0.7593014245,True
2005-12-02,1.0000000000,True,1.1718933582,True,1.7339135408,True,0.0083022003,True,0.7591285423,True
2005-12-03,1.0000000000,True,1.1718933582,False,1.7339135408,False,0.0083022003,False,0.7591285423,False
2005-12-04,1.0000000000,True,1.1718933582,False,1.7339135408,False,0.0083022003,False,0.7591285423,False
2005-12-05,1.0000000000,True,1.1787031889,True,1.7416141033,True,0.0082754057,True,0.7650523724,True
2005-12-06,1.0000000000,True,1.1798018217,True,1.7427067757,True,0.0082863772,True,0.7663422190,True
2005-12-07,1.0000000000,True,1.1717971563,True,1.7350869179,True,0.0082624144,True,0.7612088223,True
2005-12-08,1.0000000000,True,1.1813069582,True,1.7521113157,True,0.0083063378,True,0.7692307974,True
2005-12-09,1.0000000000,True,1.1814047098,True,1.7551865578,True,0.0082891247,True,0.7678722400,True
2005-12-10,1.0000000000,True,1.1814047098,False,1.7551865578,False,0.0082891247,False,0.7678722400,False
2005-12-11,1.0000000000,True,1.1814047098,False,1.7551865578,False,0.0082891247,False,0.7678722400,False
2005-12-12,1.0000000000,True,1.1956002712,True,1.7745914459,True,0.0083402835,True,0.7756748682,True
2005-12-13,1.0000000000,True,1.1949001551,True,1.7700995207,True,0.0083305564,True,0.7736345137,True
2005-12-14,1.0000000000,True,1.1974040270,True,1.7713849545,True,0.0085070181,True,0.7786342939,True
2005-12-15,1.0000000000,True,1.1967018843,True,1.7652873993,True,0.0085969739,True,0.7752539286,True
2005-12-16,1.0000000000,True,1.2014031410,True,1.7729868889,True,0.0086475269,True,0.7753740992,True
2005-12-17,1.0000000000,True,1.2014031410,False,1.7729868889,False,0.0086475269,False,0.7753740992,False
2005-12-18,1.0000000000,True,1.2014031410,False,1.7729868889,False,0.0086475269,False,0.7753740992,False
2005-12-19,1.0000000000,True,1.2006964684,True,1.7626113892,True,0.0086169752,True,0.7738740317,True
2005-12-20,1.0000000000,True,1.1874933243,True,1.7566047907,True,0.0085295123,True,0.7651109171,True
2005-12-21,1.0000000000,True,1.1834039688,True,1.7447135448,True,0.0085120869,True,0.7613246779,True
2005-12-22,1.0000000000,True,1.1872959137,True,1.7377101183,True,0.0085711838,True,0.7624857306,True
2005-12-23,1.0000000000,True,1.1871972084,True,1.7334026098,True,0.0085940185,True,0.7626601454,True
2005-12-24,1.0000000000,True,1.1871972084,False,1.7334026098,False,0.0085940185,False,0.7626601454,False
2005-12-25,1.0000000000,True,1.1871972084,False,1.7334026098,False,0.0085940185,False,0.7626601454,False
2005-12-26,1.0000000000,True,1.1837962866,True,1.7306127548,True,0.0085763294,True,0.7606297972,True
2005-12-27,1.0000000000,True,1.1856067181,True,1.7300140858,True,0.0085236959,True,0.7606876669,True
2005-12-28,1.0000000000,True,1.1848059893,True,1.7196904421,True,0.0084947332,True,0.7602828323,True
2005-12-29,1.0000000000,True,1.1850025654,True,1.7252088785,True,0.0084882440,True,0.7613246779,True
2005-12-30,1.0000000000,True,1.1841045618,True,1.7206965685,True,0.0084760126,True,0.7599361838,True
2005-12-31,1.0000000000,True,1.1841045618,False,1.7206965685,False,0.0084760126,False,0.7599361838,False
2006-01-01,1.0000000000,True,1.1841045618,False,1.7206965685,False,0.0084760126,False,0.7599361838,False
2006-01-02,1.0000000000,True,1.1816978455,True,1.7191878557,True,0.0084889641,True,0.7599939480,True
2006-01-03,1.0000000000,True,1.2032970190,True,1.7485880852,True,0.0086221760,True,0.7761564406,True
2006-01-04,1.0000000000,True,1.2111963034,True,1.7573148012,True,0.0086043709,True,0.7830240591,True
2006-01-05,1.0000000000,True,1.2106977701,True,1.7553098202,True,0.0086206897,True,0.7833920959,True
2006-01-06,1.0000000000,True,1.2154065371,True,1.7707891464,True,0.0087420230,True,0.7875256270,True
2006-01-07,1.0000000000,True,1.2154065371,False,1.7707891464,False,0.0087420230,False,0.7875256270,False
2006-01-08,1.0000000000,True,1.2154065371,False,1.7707891464,False,0.0087420230,False,0.7875256270,False
2006-01-09,1.0000000000,True,1.2074961662,True,1.7646021843,True,0.0087305744,True,0.7829014326,True
2006-01-10,1.0000000000,True,1.2064036131,True,1.7645086050,True,0.0087374402,True,0.7808839901,True
2006-01-11,1.0000000000,True,1.2139016390,True,1.7666907310,True,0.0087504376,True,0.7850525890,True
2006-01-12,1.0000000000,True,1.2045000792,True,1.7609044313,True,0.0087237200,True,0.7783918206,True
2006-01-13,1.0000000000,True,1.2142995596,True,1.7774933577,True,0.0087550341,True,0.7835148762,True
2006-01-14,1.0000000000,True,1.2142995596,False,1.7774933577,False,0.0087550341,False,0.7835148762,False
2006-01-15,1.0000000000,True,1.2142995596,False,1.7774933577,False,0.0087550341,False,0.7835148762,False
2006-01-16,1.0000000000,True,1.2116072178,True,1.7664098740,True,0.0086865877,True,0.7817997388,True
2006-01-17,1.0000000000,True,1.2108443975,True,1.7671903372,True,0.0086516417,True,0.7814331235,True
2006-01-18,1.0000000000,True,1.2108002901,True,1.7622076273,True,0.0086760366,True,0.7809449102,True
2006-01-19,1.0000000000,True,1.2091021538,True,1.7570061684,True,0.0086580087,True,0.7783312259,True
2006-01-20,1.0000000000,True,1.2136069536,True,1.7710086107,True,0.0086752844,True,0.7830853867,True
2006-01-21,1.0000000000,True,1.2136069536,False,1.7710086107,False,0.0086752844,False,0.7830853867,False
2006-01-22,1.0000000000,True,1.2136069536,False,1.7710086107,False,0.0086752844,False,0.7830853867,False
2006-01-23,1.0000000000,True,1.2304056883,True,1.7865117788,True,0.0087359132,True,0.7952285951,True
2006-01-24,1.0000000000,True,1.2264971733,True,1.7834849358,True,0.0086926286,True,0.7920165084,True
2006-01-25,1.0000000000,True,1.2244998217,True,1.7840895653,True,0.0086378166,True,0.7908263999,True
2006-01-26,1.0000000000,True,1.2214934826,True,1.7813880444,True,0.0085991916,True,0.7880220315,True
2006-01-27,1.0000000000,True,1.2093945742,True,1.7676901817,True,0.0085178875,True,0.7788161757,True
2006-01-28,1.0000000000,True,1.2093945742,False,1.7676901817,False,0.0085178875,False,0.7788161757,False
2006-01-29,1.0000000000,True,1.2093945742,False,1.7676901817,False,0.0085178875,False,0.7788161757,False
2006-01-30,1.0000000000,True,1.2086051702,True,1.7670965195,True,0.0085019553,True,0.7768197058,True
2006-01-31,1.0000000000,True,1.2148454189,True,1.7785998583,True,0.0085244226,True,0.7821666254,True
2006-02-01,1.0000000000,True,1.2066947222,True,1.7749063969,True,0.0084767313,True,0.7760962652,True
2006-02-02,1.0000000000,True,1.2084008455,True,1.7785998583,True,0.0084377505,True,0.7772423480,True
2006-02-03,1.0000000000,True,1.2027037144,True,1.7627047300,True,0.0084111364,True,0.7722007978,True
2006-02-04,1.0000000000,True,1.2027037144,False,1.7627047300,False,0.0084111364,False,0.7722007978,False
2006-02-05,1.0000000000,True,1.2027037144,False,1.7627047300,False,0.0084111364,False,0.7722007978,False
2006-02-06,1.0000000000,True,1.1963009834,True,1.7470910549,True,0.0083984211,True,0.7683442402,True
2006-02-07,1.0000000000,True,1.1992995739,True,1.7466028929,True,0.0084940115,True,0.7717836193,True
2006-02-08,1.0000000000,True,1.1965013742,True,1.7413108349,True,0.0084395309,True,0.7698822032,True
2006-02-09,1.0000000000,True,1.1994003057,True,1.7455966473,True,0.0084238902,True,0.7705940999,True
2006-02-10,1.0000000000,True,1.1907030344,True,1.7445918322,True,0.0084868029,True,0.7652866050,True
2006-02-11,1.0000000000,True,1.1907030344,False,1.7445918322,False,0.0084868029,False,0.7652866050,False
2006-02-12,1.0000000000,True,1.1907030344,False,1.7445918322,False,0.0084868029,False,0.7652866050,False
2006-02-13,1.0000000000,True,1.1911994219,True,1.7431017160,True,0.0085084660,True,0.7652866050,True
2006-02-14,1.0000000000,True,1.1915968657,True,1.7361111641,True,0.0085034015,True,0.7645844765,True
2006-02-15,1.0000000000,True,1.1885942221,True,1.7403107882,True,0.0084788874,True,0.7631257578,True
2006-02-16,1.0000000000,True,1.1907030344,True,1.7394934893,True,0.0085135366,True,0.7635919390,True
2006-02-17,1.0000000000,True,1.1942009926,True,1.7425853014,True,0.0084645336,True,0.7638252085,True
2006-02-18,1.0000000000,True,1.1942009926,False,1.7425853014,False,0.0084645336,False,0.7638252085,False
2006-02-19,1.0000000000,True,1.1942009926,False,1.7425853014,False,0.0084645336,False,0.7638252085,False
2006-02-20,1.0000000000,True,1.1934028864,True,1.7448962927,True,0.0084488002,True,0.7645844765,True
2006-02-21,1.0000000000,True,1.1919945478,True,1.7459014654,True,0.0084185711,True,0.7649939064,True
2006-02-22,1.0000000000,True,1.1915968657,True,1.7440136671,True,0.0084452324,True,0.7627473828,True
2006-02-23,1.0000000000,True,1.1921935081,True,1.7522033453,True,0.0085418980,True,0.7640586902,True
2006-02-24,1.0000000000,True,1.1878036261,True,1.7445003986,True,0.0085587130,True,0.7585526764,True
2006-02-25,1.0000000000,True,1.1878036261,False,1.7445003986,False,0.0085587130,False,0.7585526764,False
2006-02-26,1.0000000000,True,1.1878036261,False,1.7445003986,False,0.0085587130,False,0.7585526764,False
2006-02-27,1.0000000000,True,1.1850025654,True,1.7398868799,True,0.0086051115,True,0.7560293204,True
2006-02-28,1.0000000000,True,1.1930042505,True,1.7542012930,True,0.0086363243,True,0.7628347095,True
2006-03-01,1.0000000000,True,1.1919945478,True,1.7499955893,True,0.0086162332,True,0.7617306232,True
2006-03-02,1.0000000000,True,1.2039054632,True,1.7534937859,True,0.0086325970,True,0.7700007848,True
2006-03-03,1.0000000000,True,1.2046015263,True,1.7558954954,True,0.0085903270,True,0.7713668912,True
2006-03-04,1.0000000000,True,1.2046015263,False,1.7558954954,False,0.0085903270,False,0.7713668912,False
2006-03-05,1.0000000000,True,1.2046015263,False,1.7558954954,False,0.0085903270,False,0.7713668912,False
2006-03-06,1.0000000000,True,1.2016053200,True,1.7499036789,True,0.0085041248,True,0.7702973281,True
2006-03-07,1.0000000000,True,1.1890040636,True,1.7365031242,True,0.0084911270,True,0.7614986311,True
2006-03-08,1.0000000000,True,1.1927053928,True,1.7368046045,True,0.0084875234,True,0.7647013619,True
2006-03-09,1.0000000000,True,1.1904053688,True,1.7358098030,True,0.0084602371,True,0.7608613291,True
2006-03-10,1.0000000000,True,1.1911001205,True,1.7263107300,True,0.0084033613,True,0.7591285423,True
2006-03-11,1.0000000000,True,1.1911001205,False,1.7263107300,False,0.0084033613,False,0.7591285423,False
2006-03-12,1.0000000000,True,1.1911001205,False,1.7263107300,False,0.0084033613,False,0.7591285423,False
2006-03-13,1.0000000000,True,1.1967018843,True,1.7358098030,True,0.0084274395,True,0.7628347095,True
2006-03-14,1.0000000000,True,1.2018941641,True,1.7469996214,True,0.0084976206,True,0.7678722400,True
2006-03-15,1.0000000000,True,1.2071025372,True,1.7477018833,True,0.0085091902,True,0.7721411631,True
2006-03-16,1.0000000000,True,1.2174929380,True,1.7567899227,True,0.0085557839,True,0.7756146957,True
2006-03-17,1.0000000000,True,1.2192000151,True,1.7565122843,True,0.0086273830,True,0.7755545326,True
2006-03-18,1.0000000000,True,1.2192000151,False,1.7565122843,False,0.0086273830,False,0.7755545326,False
2006-03-19,1.0000000000,True,1.2192000151,False,1.7565122843,False,0.0086273830,False,0.7755545326,False
2006-03-20,1.0000000000,True,1.2162934542,True,1.7557104826,True,0.0085932799,True,0.7745033654,True
2006-03-21,1.0000000000,True,1.2108002901,True,1.7491079569,True,0.0085309673,True,0.7695859794,True
2006-03-22,1.0000000000,True,1.2079044580,True,1.7467858791,True,0.0085565156,True,0.7662835557,True
2006-03-23,1.0000000000,True,1.1972032785,True,1.7343045473,True,0.0084868029,True,0.7596474941,True
2006-03-24,1.0000000000,True,1.2034997940,True,1.7425853014,True,0.0085142616,True,0.7633588120,True
2006-03-25,1.0000000000,True,1.2034997940,False,1.7425853014,False,0.0085142616,False,0.7633588120,False
2006-03-26,1.0000000000,True,1.2034997940,False,1.7425853014,False,0.0085142616,False,0.7633588120,False
2006-03-27,1.0000000000,True,1.2011002302,True,1.7463892698,True,0.0085667778,True,0.7640003064,True
2006-03-28,1.0000000000,True,1.2011002302,True,1.7430106401,True,0.0084918477,True,0.7638835656,True
2006-03-29,1.0000000000,True,1.2030943632,True,1.7352073193,True,0.0084911270,True,0.7636502604,True
2006-03-30,1.0000000000,True,1.2167967558,True,1.7470910549,True,0.0085244226,True,0.7713073853,True
2006-03-31,1.0000000000,True,1.2115044594,True,1.7377101183,True,0.0084918477,True,0.7666948078,True
2006-04-01,1.0000000000,True,1.2115044594,False,1.7377101183,False,0.0084918477,False,0.7666948078,False
2006-04-02,1.0000000000,True,1.2115044594,False,1.7377101183,False,0.0084918477,False,0.7666948078,False
2006-04-03,1.0000000000,True,1.2139016390,True,1.7400079966,True,0.0084889641,True,0.7668123395,True
2006-04-04,1.0000000000,True,1.2260010242,True,1.7554022074,True,0.0085149862,True,0.7749534858,True
2006-04-05,1.0000000000,True,1.2288031578,True,1.7526947260,True,0.0085149862,True,0.7786342939,True
2006-04-06,1.0000000000,True,1.2214038372,True,1.7517123222,True,0.0084904059,True,0.7748334455,True
2006-04-07,1.0000000000,True,1.2094969749,True,1.7441048622,True,0.0084573750,True,0.7686395086,True
2006-04-08,1.0000000000,True,1.2094969749,False,1.7441048622,False,0.0084573750,False,0.7686395086,False
2006-04-09,1.0000000000,True,1.2094969749,False,1.7441048622,False,0.0084573750,False,0.7686395086,False
2006-04-10,1.0000000000,True,1.2111963034,True,1.7433142662,True,0.0084452324,True,0.7678132720,True
2006-04-11,1.0000000000,True,1.2148010731,True,1.7495975494,True,0.0084595213,True,0.7707723152,True
2006-04-12,1.0000000000,True,1.2114017010,True,1.7513135672,True,0.0084452324,True,0.7706534958,True
2006-04-13,1.0000000000,True,1.2116072178,True,1.7530940771,True,0.0084359709,True,0.7709506130,True
2006-04-14,1.0000000000,True,1.2111963034,True,1.7527869940,True,0.0084260195,True,0.7713668912,True
2006-04-15,1.0000000000,True,1.2111963034,False,1.7527869940,False,0.0084260195,False,0.7713668912,False
2006-04-16,1.0000000000,True,1.2111963034,False,1.7527869940,False,0.0084260195,False,0.7713668912,False
2006-04-17,1.0000000000,True,1.2254000902,True,1.7699115276,True,0.0084882440,True,0.7814331235,True
2006-04-18,1.0000000000,True,1.2367054224,True,1.7839939594,True,0.0085557839,True,0.7894528908,True
2006-04-19,1.0000000000,True,1.2378076315,True,1.7919861078,True,0.0085207907,True,0.7893905618,True
2006-04-20,1.0000000000,True,1.2309055328,True,1.7779989243,True,0.0085171618,True,0.7822278188,True
2006-04-21,1.0000000000,True,1.2340955734,True,1.7826901674,True,0.0085778005,True,0.7842522200,True
2006-04-22,1.0000000000,True,1.2340955734,False,1.7826901674,False,0.0085778005,False,0.7842522200,False
2006-04-23,1.0000000000,True,1.2340955734,False,1.7826901674,False,0.0085778005,False,0.7842522200,False
2006-04-24,1.0000000000,True,1.2388964891,True,1.7872141600,True,0.0087260036,True,0.7885813277,True
2006-04-25,1.0000000000,True,1.2428998947,True,1.7878854275,True,0.0087024625,True,0.7888301917,True
2006-04-26,1.0000000000,True,1.2448959351,True,1.7848856449,True,0.0087138374,True,0.7873395811,True
2006-04-27,1.0000000000,True,1.2531956434,True,1.8018990755,True,0.0087581012,True,0.7937768169,True
2006-04-28,1.0000000000,True,1.2635995150,True,1.8259837627,True,0.0087858022,True,0.8074935515,True
2006-04-29,1.0000000000,True,1.2635995150,False,1.8259837627,False,0.0087858022,False,0.8074935515,False
2006-04-30,1.0000000000,True,1.2635995150,False,1.8259837627,False,0.0087858022,False,0.8074935515,False
2006-05-01,1.0000000000,True,1.2580040693,True,1.8252837658,True,0.0088066929,True,0.8061265792,True
2006-05-02,1.0000000000,True,1.2617022991,True,1.8390127420,True,0.0088214537,True,0.8087343146,True
2006-05-03,1.0000000000,True,1.2623074055,True,1.8394863605,True,0.0087881184,True,0.8079175575,True
2006-05-04,1.0000000000,True,1.2700994015,True,1.8519889116,True,0.0088039795,True,0.8143322178,True
2006-05-05,1.0000000000,True,1.2727990150,True,1.8596001863,True,0.0088841509,True,0.8145312406,True
2006-05-06,1.0000000000,True,1.2727990150,False,1.8596001863,False,0.0088841509,False,0.8145312406,False
2006-05-07,1.0000000000,True,1.2727990150,False,1.8596001863,False,0.0088841509,False,0.8145312406,False
2006-05-08,1.0000000000,True,1.2702928782,True,1.8581143618,True,0.0089541547,True,0.8139345430,True
2006-05-09,1.0000000000,True,1.2766989470,True,1.8675880432,True,0.0090081973,True,0.8198065287,True
2006-05-10,1.0000000000,True,1.2774492502,True,1.8626135588,True,0.0090228276,True,0.8200082366,True
2006-05-11,1.0000000000,True,1.2851983309,True,1.8850141764,True,0.0090563305,True,0.8258320605,True
2006-05-12,1.0000000000,True,1.2929919958,True,1.8950879574,True,0.0090933890,True,0.8353520707,True
2006-05-13,1.0000000000,True,1.2929919958,False,1.8950879574,False,0.0090933890,False,0.8353520707,False
2006-05-14,1.0000000000,True,1.2929919958,False,1.8950879574,False,0.0090933890,False,0.8353520707,False
2006-05-15,1.0000000000,True,1.2790013552,True,1.8763134480,True,0.0090334239,True,0.8243343796,True
2006-05-16,1.0000000000,True,1.2850002050,True,1.8873978853,True,0.0091107870,True,0.8279516266,True
2006-05-17,1.0000000000,True,1.2741937637,True,1.8824946880,True,0.0090163192,True,0.8233841423,True
2006-05-18,1.0000000000,True,1.2850992680,True,1.8932939768,True,0.0090171324,True,0.8298754891,True
2006-05-19,1.0000000000,True,1.2766989470,True,1.8800172806,True,0.0089557583,True,0.8213552554,True
2006-05-20,1.0000000000,True,1.2766989470,False,1.8800172806,False,0.0089557583,False,0.8213552554,False
2006-05-21,1.0000000000,True,1.2766989470,False,1.8800172806,False,0.0089557583,False,0.8213552554,False
2006-05-22,1.0000000000,True,1.2852975130,True,1.8850851059,True,0.0089718285,True,0.8296689803,True
2006-05-23,1.0000000000,True,1.2782983780,True,1.8770883083,True,0.0089174247,True,0.8250824998,True
2006-05-24,1.0000000000,True,1.2774002552,True,1.8712925911,True,0.0088699665,True,0.8222331893,True
2006-05-25,1.0000000000,True,1.2810001373,True,1.8756096363,True,0.0089477450,True,0.8221655769,True
2006-05-26,1.0000000000,True,1.2739015818,True,1.8597038984,True,0.0088770527,True,0.8163265147,True
2006-05-27,1.0000000000,True,1.2739015818,False,1.8597038984,False,0.0088770527,False,0.8163265147,False
2006-05-28,1.0000000000,True,1.2739015818,False,1.8597038984,False,0.0088770527,False,0.8163265147,False
2006-05-29,1.0000000000,True,1.2751035690,True,1.8599114418,True,0.0088841509,True,0.8170602437,True
2006-05-30,1.0000000000,True,1.2865046263,True,1.8817152977,True,0.0089166294,True,0.8251505928,True
2006-05-31,1.0000000000,True,1.2816076279,True,1.8716076612,True,0.0088865192,True,0.8211528844,True
2006-06-01,1.0000000000,True,1.2810987234,True,1.8664027452,True,0.0088904692,True,0.8195378193,True
2006-06-02,1.0000000000,True,1.2918059826,True,1.8822112083,True,0.0089501474,True,0.8278830705,True
2006-06-03,1.0000000000,True,1.2918059826,False,1.8822112083,False,0.0089501474,False,0.8278830705,False
2006-06-04,1.0000000000,True,1.2918059826,False,1.8822112083,False,0.0089501474,False,0.8278830705,False
2006-06-05,1.0000000000,True,1.2901061773,True,1.8713976145,True,0.0089015492,True,0.8276775520,True
2006-06-06,1.0000000000,True,1.2821991444,True,1.8609150648,True,0.0088327521,True,0.8224698800,True
2006-06-07,1.0000000000,True,1.2801966667,True,1.8572171926,True,0.0088160099,True,0.8195378193,True
2006-06-08,1.0000000000,True,1.2648941278,True,1.8431141376,True,0.0087769344,True,0.8115565480,True
2006-06-09,1.0000000000,True,1.2640947104,True,1.8407053947,True,0.0087750088,True,0.8124136486,True
2006-06-10,1.0000000000,True,1.2640947104,False,1.8407053947,False,0.0087750088,False,0.8124136486,False
2006-06-11,1.0000000000,True,1.2640947104,False,1.8407053947,False,0.0087750088,False,0.8124136486,False
2006-06-12,1.0000000000,True,1.2586057186,True,1.8417903185,True,0.0087427874,True,0.8106355249,True
2006-06-13,1.0000000000,True,1.2545949221,True,1.8337857723,True,0.0086775427,True,0.8072979527,True
2006-06-14,1.0000000000,True,1.2609069347,True,1.8449164629,True,0.0087062510,True,0.8126777846,True
2006-06-15,1.0000000000,True,1.2639987469,True,1.8500019312,True,0.0087172561,True,0.8126777846,True
2006-06-16,1.0000000000,True,1.2644941807,True,1.8484972715,True,0.0086850791,True,0.8104384794,True
2006-06-17,1.0000000000,True,1.2644941807,False,1.8484972715,False,0.0086850791,False,0.8104384794,False
2006-06-18,1.0000000000,True,1.2644941807,False,1.8484972715,False,0.0086850791,False,0.8104384794,False
2006-06-19,1.0000000000,True,1.2580040693,True,1.8409085274,True,0.0086670136,True,0.8063865647,True
2006-06-20,1.0000000000,True,1.2589067221,True,1.8433859348,True,0.0087032201,True,0.8078196824,True
2006-06-21,1.0000000000,True,1.2660951614,True,1.8450864553,True,0.0087081465,True,0.8106355249,True
2006-06-22,1.0000000000,True,1.2584948540,True,1.8283874989,True,0.0086147483,True,0.8049585229,True
2006-06-23,1.0000000000,True,1.2523951530,True,1.8204988241,True,0.0085807447,True,0.8019246326,True
2006-06-24,1.0000000000,True,1.2523951530,False,1.8204988241,False,0.0085807447,False,0.8019246326,False
2006-06-25,1.0000000000,True,1.2523951530,False,1.8204988241,False,0.0085807447,False,0.8019246326,False
2006-06-26,1.0000000000,True,1.2589067221,True,1.8234865665,True,0.0086043709,True,0.8050881569,True
2006-06-27,1.0000000000,True,1.2568972111,True,1.8208967447,True,0.0085969739,True,0.8037293096,True
2006-06-28,1.0000000000,True,1.2545949221,True,1.8178843260,True,0.0085910652,True,0.8021175593,True
2006-06-29,1.0000000000,True,1.2663998604,True,1.8282872438,True,0.0086843247,True,0.8086035038,True
2006-06-30,1.0000000000,True,1.2782983780,True,1.8490097523,True,0.0087343874,True,0.8175946720,True
2006-07-01,1.0000000000,True,1.2782983780,False,1.8490097523,False,0.0087343874,False,0.8175946720,False
2006-07-02,1.0000000000,True,1.2782983780,False,1.8490097523,False,0.0087343874,False,0.8175946720,False
2006-07-03,1.0000000000,True,1.2800983191,True,1.8424009085,True,0.0087145969,True,0.8167932517,True
2006-07-04,1.0000000000,True,1.2790013552,True,1.8449844122,True,0.0086884746,True,0.8169934793,True
2006-07-05,1.0000000000,True,1.2733986378,True,1.8357045650,True,0.0086527646,True,0.8121497628,True
2006-07-06,1.0000000000,True,1.2775959969,True,1.8374923468,True,0.0086760366,True,0.8139345430,True
2006-07-07,1.0000000000,True,1.2823965549,True,1.8514060974,True,0.0087750088,True,0.8171270190,True
2006-07-08,1.0000000000,True,1.2823965549,False,1.8514060974,False,0.0087750088,False,0.8171270190,False
2006-07-09,1.0000000000,True,1.2823965549,False,1.8514060974,False,0.0087750088,False,0.8171270190,False
2006-07-10,1.0000000000,True,1.2745022774,True,1.8431141376,True,0.0087489062,True,0.8132064934,True
2006-07-11,1.0000000000,True,1.2767478228,True,1.8450864553,True,0.0087489062,True,0.8154611425,True
2006-07-12,1.0000000000,True,1.2711971998,True,1.8350981474,True,0.0086722749,True,0.8111287148,True
2006-07-13,1.0000000000,True,1.2696961164,True,1.8444058895,True,0.0086700193,True,0.8138682884,True
2006-07-14,1.0000000000,True,1.2643983364,True,1.8365135193,True,0.0086147483,True,0.8089960631,True
2006-07-15,1.0000000000,True,1.2643983364,False,1.8365135193,False,0.0086147483,False,0.8089960631,False
2006-07-16,1.0000000000,True,1.2643983364,False,1.8365135193,False,0.0086147483,False,0.8089960631,False
2006-07-17,1.0000000000,True,1.2517994642,True,1.8196043968,True,0.0085411683,True,0.8011536234,True
2006-07-18,1.0000000000,True,1.2502031326,True,1.8255836964,True,0.0085229693,True,0.7982120129,True
2006-07-19,1.0000000000,True,1.2599060535,True,1.8429102898,True,0.0085594452,True,0.8016032432,True
2006-07-20,1.0000000000,True,1.2632961273,True,1.8492833376,True,0.0085499317,True,0.8042464355,True
2006-07-21,1.0000000000,True,1.2705996037,True,1.8587014675,True,0.0086117807,True,0.8091924077,True
2006-07-22,1.0000000000,True,1.2705996037,False,1.8587014675,False,0.0086117807,False,0.8091924077,False
2006-07-23,1.0000000000,True,1.2705996037,False,1.8587014675,False,0.0086117807,False,0.8091924077,False
2006-07-24,1.0000000000,True,1.2624031305,True,1.8496938944,True,0.0085653105,True,0.8019246326,True
2006-07-25,1.0000000000,True,1.2583998442,True,1.8410103321,True,0.0085360648,True,0.7981482932,True
2006-07-26,1.0000000000,True,1.2712942362,True,1.8543930054,True,0.0085947573,True,0.8059316420,True
2006-07-27,1.0000000000,True,1.2695994377,True,1.8580108881,True,0.0086393089,True,0.8077544196,True
2006-07-28,1.0000000000,True,1.2751035690,True,1.8650106192,True,0.0087153566,True,0.8119519020,True
2006-07-29,1.0000000000,True,1.2751035690,False,1.8650106192,False,0.0087153566,False,0.8119519020,False
2006-07-30,1.0000000000,True,1.2751035690,False,1.8650106192,False,0.0087153566,False,0.8119519020,False
2006-07-31,1.0000000000,True,1.2774002552,True,1.8682161570,True,0.0087328616,True,0.8128099170,True
2006-08-01,1.0000000000,True,1.2820019722,True,1.8759965897,True,0.0087290505,True,0.8153281468,True
2006-08-02,1.0000000000,True,1.2791976929,True,1.8781105280,True,0.0087290505,True,0.8128759206,True
2006-08-03,1.0000000000,True,1.2799016237,True,1.8871841431,True,0.0086926286,True,0.8122157378,True
2006-08-04,1.0000000000,True,1.2878963947,True,1.9097818136,True,0.0087351500,True,0.8183306036,True
2006-08-05,1.0000000000,True,1.2878963947,False,1.9097818136,False,0.0087351500,False,0.8183306036,False
2006-08-06,1.0000000000,True,1.2878963947,False,1.9097818136,False,0.0087351500,False,0.8183306036,False
2006-08-07,1.0000000000,True,1.2819033861,True,1.9047981501,True,0.0086873425,True,0.8151288137,True
2006-08-08,1.0000000000,True,1.2766989470,True,1.8981095552,True,0.0086437893,True,0.8112932187,True
2006-08-09,1.0000000000,True,1.2874983549,True,1.9062869549,True,0.0086685159,True,0.8160600813,True
2006-08-10,1.0000000000,True,1.2792959213,True,1.8943339586,True,0.0086835704,True,0.8103727928,True
2006-08-11,1.0000000000,True,1.2725075483,True,1.8907880783,True,0.0085999313,True,0.8035355300,True
2006-08-12,1.0000000000,True,1.2725075483,False,1.8907880783,False,0.0085999313,False,0.8035355300,False
2006-08-13,1.0000000000,True,1.2725075483,False,1.8907880783,False,0.0085999313,False,0.8035355300,False
2006-08-14,1.0000000000,True,1.2722970247,True,1.8885028362,True,0.0085763294,True,0.8054772323,True
2006-08-15,1.0000000000,True,1.2790995836,True,1.8945852518,True,0.0086251508,True,0.8085381922,True
2006-08-16,1.0000000000,True,1.2843070030,True,1.8963098526,True,0.0086299892,True,0.8135372563,True
2006-08-17,1.0000000000,True,1.2832028866,True,1.8852983713,True,0.0086281276,True,0.8114249012,True
2006-08-18,1.0000000000,True,1.2828078270,True,1.8817152977,True,0.0086378166,True,0.8115565480,True
2006-08-19,1.0000000000,True,1.2828078270,False,1.8817152977,False,0.0086378166,False,0.8115565480,False
2006-08-20,1.0000000000,True,1.2828078270,False,1.8817152977,False,0.0086378166,False,0.8115565480,False
2006-08-21,1.0000000000,True,1.2872995138,True,1.8916107416,True,0.0086229196,True,0.8155941817,True
2006-08-22,1.0000000000,True,1.2811970711,True,1.8887882233,True,0.0085859019,True,0.8107012541,True
2006-08-23,1.0000000000,True,1.2781022787,True,1.8921118975,True,0.0085918035,True,0.8092579031,True
2006-08-24,1.0000000000,True,1.2761938572,True,1.8881105185,True,0.0085866393,True,0.8071025262,True
2006-08-25,1.0000000000,True,1.2757054567,True,1.8880037069,True,0.0085280572,True,0.8067768964,True
2006-08-26,1.0000000000,True,1.2757054567,False,1.8880037069,False,0.0085280572,False,0.8067768964,False
2006-08-27,1.0000000000,True,1.2757054567,False,1.8880037069,False,0.0085280572,False,0.8067768964,False
2006-08-28,1.0000000000,True,1.2792466879,True,1.8950879574,True,0.0085346080,True,0.8093889257,True
2006-08-29,1.0000000000,True,1.2829065323,True,1.8996959925,True,0.0085686130,True,0.8138020447,True
2006-08-30,1.0000000000,True,1.2840926647,True,1.9050885439,True,0.0085455480,True,0.8151288137,True
2006-08-31,1.0000000000,True,1.2809016705,True,1.9030944109,True,0.0085207907,True,0.8124136486,True
2006-09-01,1.0000000000,True,1.2835981846,True,1.9059963226,True,0.0085426279,True,0.8130742320,True
2006-09-02,1.0000000000,True,1.2835981846,False,1.9059963226,False,0.0085426279,False,0.8130742320,False
2006-09-03,1.0000000000,True,1.2835981846,False,1.9059963226,False,0.0085426279,False,0.8130742320,False
2006-09-04,1.0000000000,True,1.2856941223,True,1.9055966139,True,0.0086080745,True,0.8134710665,True
2006-09-05,1.0000000000,True,1.2823965549,True,1.8950160742,True,0.0086080745,True,0.8108985057,True
2006-09-06,1.0000000000,True,1.2819033861,True,1.8860096931,True,0.0085792727,True,0.8103727928,True
2006-09-07,1.0000000000,True,1.2732040882,True,1.8757853508,True,0.0085881139,True,0.8046346976,True
2006-09-08,1.0000000000,True,1.2672985792,True,1.8660893440,True,0.0085506629,True,0.8017317220,True
2006-09-09,1.0000000000,True,1.2672985792,False,1.8660893440,False,0.0085506629,False,0.8017317220,False
2006-09-10,1.0000000000,True,1.2672985792,False,1.8660893440,False,0.0085506629,False,0.8017317220,False
2006-09-11,1.0000000000,True,1.2710033655,True,1.8660893440,True,0.0085070181,True,0.8037939236,True
2006-09-12,1.0000000000,True,1.2695027590,True,1.8753985167,True,0.0084875234,True,0.7999359945,True
2006-09-13,1.0000000000,True,1.2696961164,True,1.8776874542,True,0.0085142616,True,0.8003201048,True
2006-09-14,1.0000000000,True,1.2722970247,True,1.8859028816,True,0.0085055712,True,0.7983394829,True
2006-09-15,1.0000000000,True,1.2651021481,True,1.8778990507,True,0.0085128117,True,0.7950389676,True
2006-09-16,1.0000000000,True,1.2651021481,False,1.8778990507,False,0.0085128117,False,0.7950389676,False
2006-09-17,1.0000000000,True,1.2651021481,False,1.8778990507,False,0.0085128117,False,0.7950389676,False
2006-09-18,1.0000000000,True,1.2706964016,True,1.8811844587,True,0.0084824837,True,0.7998719992,True
2006-09-19,1.0000000000,True,1.2677003145,True,1.8817862272,True,0.0085034015,True,0.7990411439,True
2006-09-20,1.0000000000,True,1.2687939405,True,1.8872909546,True,0.0085135366,True,0.7994243952,True
2006-09-21,1.0000000000,True,1.2781022787,True,1.9021894932,True,0.0085940185,True,0.8047642273,True
2006-09-22,1.0000000000,True,1.2799999714,True,1.9016829729,True,0.0085689805,True,0.8095854611,True
2006-09-23,1.0000000000,True,1.2799999714,False,1.9016829729,False,0.0085689805,False,0.8095854611,False
2006-09-24,1.0000000000,True,1.2799999714,False,1.9016829729,False,0.0085689805,False,0.8095854611,False
2006-09-25,1.0000000000,True,1.2745022774,True,1.9005987644,True,0.0085855335,True,0.8075587722,True
2006-09-26,1.0000000000,True,1.2686975002,True,1.8950160742,True,0.0085367936,True,0.8041817488,True
2006-09-27,1.0000000000,True,1.2705996037,True,1.8892878294,True,0.0085149862,True,0.8040524065,True
2006-09-28,1.0000000000,True,1.2703574896,True,1.8767006397,True,0.0084940115,True,0.8019246326,True
2006-09-29,1.0000000000,True,1.2662074566,True,1.8717128038,True,0.0084774500,True,0.7984031571,True
2006-09-30,1.0000000000,True,1.2662074566,False,1.8717128038,False,0.0084774500,False,0.7984031571,False
2006-10-01,1.0000000000,True,1.2662074566,False,1.8717128038,False,0.0084774500,False,0.7984031571,False
2006-10-02,1.0000000000,True,1.2741937637,True,1.8868993521,True,0.0084990648,True,0.8045699483,True
2006-10-03,1.0000000000,True,1.2734960318,True,1.8859028816,True,0.0084709867,True,0.8030193176,True
2006-10-04,1.0000000000,True,1.2712942362,True,1.8864009380,True,0.0084875234,True,0.8008970007,True
2006-10-05,1.0000000000,True,1.2695511580,True,1.8786045313,True,0.0084853629,True,0.7987539275,True
2006-10-06,1.0000000000,True,1.2603982687,True,1.8712925911,True,0.0084026551,True,0.7935878060,True
2006-10-07,1.0000000000,True,1.2603982687,False,1.8712925911,False,0.0084026551,False,0.7935878060,False
2006-10-08,1.0000000000,True,1.2603982687,False,1.8712925911,False,0.0084026551,False,0.7935878060,False
2006-10-09,1.0000000000,True,1.2600965500,True,1.8674832582,True,0.0084040677,True,0.7929584944,True
2006-10-10,1.0000000000,True,1.2531956434,True,1.8536025286,True,0.0083563133,True,0.7864726754,True
2006-10-11,1.0000000000,True,1.2523951530,True,1.8548402786,True,0.0083514282,True,0.7860399380,True
2006-10-12,1.0000000000,True,1.2559974194,True,1.8594964743,True,0.0083766127,True,0.7887057401,True
2006-10-13,1.0000000000,True,1.2505002022,True,1.8551843166,True,0.0083612041,True,0.7852992304,True
2006-10-14,1.0000000000,True,1.2505002022,False,1.8551843166,False,0.0083612041,False,0.7852992304,False
2006-10-15,1.0000000000,True,1.2505002022,False,1.8551843166,False,0.0083612041,False,0.7852992304,False
2006-10-16,1.0000000000,True,1.2541072369,True,1.8623013496,True,0.0084061870,True,0.7875256270,True
2006-10-17,1.0000000000,True,1.2545005083,True,1.8717827797,True,0.0084324145,True,0.7887057401,True
2006-10-18,1.0000000000,True,1.2539026737,True,1.8674832582,True,0.0084090146,True,0.7875256270,True
2006-10-19,1.0000000000,True,1.2627060413,True,1.8770883083,True,0.0084545148,True,0.7954816730,True
2006-10-20,1.0000000000,True,1.2616068125,True,1.8830972910,True,0.0084231805,True,0.7942181173,True
2006-10-21,1.0000000000,True,1.2616068125,False,1.8830972910,False,0.0084231805,False,0.7942181173,False
2006-10-22,1.0000000000,True,1.2616068125,False,1.8830972910,False,0.0084231805,False,0.7942181173,False
2006-10-23,1.0000000000,True,1.2550988197,True,1.8735011816,True,0.0083822295,True,0.7895152297,True
2006-10-24,1.0000000000,True,1.2559027672,True,1.8735011816,True,0.0083794204,True,0.7893283169,True
2006-10-25,1.0000000000,True,1.2616068125,True,1.8789929152,True,0.0084076003,True,0.7912644249,True
2006-10-26,1.0000000000,True,1.2694060802,True,1.8906092644,True,0.0084473731,True,0.7977026156,True
2006-10-27,1.0000000000,True,1.2743074894,True,1.8968852758,True,0.0085048476,True,0.8003841718,True
2006-10-28,1.0000000000,True,1.2743074894,False,1.8968852758,False,0.0085048476,False,0.8003841718,False
2006-10-29,1.0000000000,True,1.2743074894,False,1.8968852758,False,0.0085048476,False,0.8003841718,False
2006-10-30,1.0000000000,True,1.2717953920,True,1.8998043537,True,0.0085026783,True,0.8005123366,True
2006-10-31,1.0000000000,True,1.2766989470,True,1.9082876444,True,0.0085623768,True,0.8041817488,True
2006-11-01,1.0000000000,True,1.2754452229,True,1.9073050022,True,0.0085309673,True,0.8030193176,True
2006-11-02,1.0000000000,True,1.2780042887,True,1.9082149267,True,0.0085397098,True,0.8032128483,True
2006-11-03,1.0000000000,True,1.2706964016,True,1.9011045694,True,0.0084760126,True,0.7978299229,True
2006-11-04,1.0000000000,True,1.2706964016,False,1.9011045694,False,0.0084760126,False,0.7978299229,False
2006-11-05,1.0000000000,True,1.2706964016,False,1.9011045694,False,0.0084760126,False,0.7978299229,False
2006-11-06,1.0000000000,True,1.2725560665,True,1.8982895613,True,0.0084623848,True,0.7970033024,True
2006-11-07,1.0000000000,True,1.2779062986,True,1.9055966139,True,0.0085041248,True,0.8007687128,True
2006-11-08,1.0000000000,True,1.2759984732,True,1.9051973820,True,0.0084868029,True,0.7993924753,True
2006-11-09,1.0000000000,True,1.2832522392,True,1.9069048166,True,0.0084896850,True,0.8050881569,True
2006-11-10,1.0000000000,True,1.2853965759,True,1.9121921062,True,0.0085091902,True,0.8072327741,True
2006-11-11,1.0000000000,True,1.2853965759,False,1.9121921062,False,0.0085091902,False,0.8072327741,False
2006-11-12,1.0000000000,True,1.2853965759,False,1.9121921062,False,0.0085091902,False,0.8072327741,False
2006-11-13,1.0000000000,True,1.2825939655,True,1.9050523043,True,0.0085012329,True,0.8043758403,True
2006-11-14,1.0000000000,True,1.2813942432,True,1.8962019682,True,0.0085012329,True,0.8041170724,True
2006-11-15,1.0000000000,True,1.2824951410,True,1.8893948793,True,0.0084832035,True,0.8026970503,True
2006-11-16,1.0000000000,True,1.2793940306,True,1.8883957863,True,0.0084588055,True,0.8013462558,True
2006-11-17,1.0000000000,True,1.2850002050,True,1.8981095552,True,0.0085077420,True,0.8052178327,True
2006-11-18,1.0000000000,True,1.2850002050,False,1.8981095552,False,0.0085077420,False,0.8052178327,False
2006-11-19,1.0000000000,True,1.2850002050,False,1.8981095552,False,0.0085077420,False,0.8052178327,False
2006-11-20,1.0000000000,True,1.2818048000,True,1.8973891735,True,0.0084717044,True,0.8041170724,True
2006-11-21,1.0000000000,True,1.2846039534,True,1.8995157480,True,0.0084846428,True,0.8058992003,True
2006-11-22,1.0000000000,True,1.2938953638,True,1.9146084785,True,0.0085645768,True,0.8152616652,True
2006-11-23,1.0000000000,True,1.2952026129,True,1.9160023928,True,0.0085999313,True,0.8171937256,True
2006-11-24,1.0000000000,True,1.3085066080,True,1.9318819046,True,0.0086288723,True,0.8273351934,True
2006-11-25,1.0000000000,True,1.3085066080,False,1.9318819046,False,0.0086288723,False,0.8273351934,False
2006-11-26,1.0000000000,True,1.3085066080,False,1.9318819046,False,0.0086288723,False,0.8273351934,False
2006-11-27,1.0000000000,True,1.3133012056,True,1.9382097721,True,0.0086125226,True,0.8290499063,True
2006-11-28,1.0000000000,True,1.3203934431,True,1.9532012939,True,0.0086169752,True,0.8317391995,True
2006-11-29,1.0000000000,True,1.3148033619,True,1.9460175037,True,0.0085888516,True,0.8263438393,True
2006-11-30,1.0000000000,True,1.3251000643,True,1.9664137363,True,0.0086445366,True,0.8350730755,True
2006-12-01,1.0000000000,True,1.3340982199,True,1.9805117846,True,0.0086782953,True,0.8380824728,True
2006-12-02,1.0000000000,True,1.3340982199,False,1.9805117846,False,0.0086782953,False,0.8380824728,False
2006-12-03,1.0000000000,True,1.3340982199,False,1.9805117846,False,0.0086782953,False,0.8380824728,False
2006-12-04,1.0000000000,True,1.3336000443,True,1.9807864428,True,0.0086677644,True,0.8380122288,True
2006-12-05,1.0000000000,True,1.3318948746,True,1.9735153913,True,0.0086994348,True,0.8388557669,True
2006-12-06,1.0000000000,True,1.3286564350,True,1.9664137363,True,0.0086715227,True,0.8361903425,True
2006-12-07,1.0000000000,True,1.3286035061,True,1.9627856016,True,0.0086850791,True,0.8366800770,True
2006-12-08,1.0000000000,True,1.3394052982,True,1.9543846846,True,0.0085991916,True,0.8296689803,True
2006-12-09,1.0000000000,True,1.3394052982,False,1.9543846846,False,0.0085991916,False,0.8296689803,False
2006-12-10,1.0000000000,True,1.3394052982,False,1.9543846846,False,0.0085991916,False,0.8296689803,False
2006-12-11,1.0000000000,True,1.3251000643,True,1.9600155354,True,0.0085645768,True,0.8324315152,True
2006-12-12,1.0000000000,True,1.3284975290,True,1.9712979794,True,0.0085689805,True,0.8340283563,True
2006-12-13,1.0000000000,True,1.3218071461,True,1.9678065777,True,0.0085178875,True,0.8294624923,True
2006-12-14,1.0000000000,True,1.3156510592,True,1.9622077942,True,0.0084918477,True,0.8239267972,True
2006-12-15,1.0000000000,True,1.3098949194,True,1.9538882971,True,0.0084638171,True,0.8192020800,True
2006-12-16,1.0000000000,True,1.3098949194,False,1.9538882971,False,0.0084638171,False,0.8192020800,False
2006-12-17,1.0000000000,True,1.3098949194,False,1.9538882971,False,0.0084638171,False,0.8192020800,False
2006-12-18,1.0000000000,True,1.3105987310,True,1.9484820366,True,0.0084709867,True,0.8185315858,True
2006-12-19,1.0000000000,True,1.3207073212,True,1.9712979794,True,0.0084738580,True,0.8244702489,True
2006-12-20,1.0000000000,True,1.3187046051,True,1.9657951593,True,0.0084502284,True,0.8220303855,True
2006-12-21,1.0000000000,True,1.3183915615,True,1.9625160694,True,0.0084537999,True,0.8221655769,True
2006-12-22,1.0000000000,True,1.3136979342,True,1.9579050541,True,0.0084040677,True,0.8198065287,True
2006-12-23,1.0000000000,True,1.3136979342,False,1.9579050541,False,0.0084040677,False,0.8198065287,False
2006-12-24,1.0000000000,True,1.3136979342,False,1.9579050541,False,0.0084040677,False,0.8198065287,False
2006-12-25,1.0000000000,True,1.3135944605,True,1.9592092037,True,0.0084146755,True,0.8199409896,True
2006-12-26,1.0000000000,True,1.3109940290,True,1.9556077719,True,0.0083948957,True,0.8183975867,True
2006-12-27,1.0000000000,True,1.3125082254,True,1.9569853544,True,0.0084196348,True,0.8159934803,True
2006-12-28,1.0000000000,True,1.3148033619,True,1.9622077942,True,0.0084107829,True,0.8184645808,True
2006-12-29,1.0000000000,True,1.3198009729,True,1.9592092037,True,0.0084047737,True,0.8199409896,True
2006-12-30,1.0000000000,True,1.3198009729,False,1.9592092037,False,0.0084047737,False,0.8199409896,False
2006-12-31,1.0000000000,True,1.3198009729,False,1.9592092037,False,0.0084047737,False,0.8199409896,False
2007-01-01,1.0000000000,True,1.3218945265,True,1.9642121792,True,0.0084118441,True,0.8219628870,True
2007-01-02,1.0000000000,True,1.3275980949,True,1.9733986855,True,0.0084153832,True,0.8243343796,True
2007-01-03,1.0000000000,True,1.3171066046,True,1.9522099495,True,0.0083794204,True,0.8163265147,True
2007-01-04,1.0000000000,True,1.3092947006,True,1.9429925680,True,0.0084153832,True,0.8116883161,True
2007-01-05,1.0000000000,True,1.2984988689,True,1.9308000803,True,0.0084253095,True,0.8081460769,True
2007-01-06,1.0000000000,True,1.2984988689,False,1.9308000803,False,0.0084253095,False,0.8081460769,False
2007-01-07,1.0000000000,True,1.2984988689,False,1.9308000803,False,0.0084253095,False,0.8081460769,False
2007-01-08,1.0000000000,True,1.3040019274,True,1.9403158426,True,0.0084253095,True,0.8098477610,True
2007-01-09,1.0000000000,True,1.2996971607,True,1.9391870499,True,0.0083822295,True,0.8054772323,True
2007-01-10,1.0000000000,True,1.2939958572,True,1.9324043989,True,0.0083675005,True,0.8025038448,True
2007-01-11,1.0000000000,True,1.2895072699,True,1.9445037842,True,0.0083125517,True,0.8002560481,True
2007-01-12,1.0000000000,True,1.2928081751,True,1.9572153091,True,0.0083125517,True,0.8016032432,True
2007-01-13,1.0000000000,True,1.2928081751,False,1.9572153091,False,0.0083125517,False,0.8016032432,False
2007-01-14,1.0000000000,True,1.2928081751,False,1.9572153091,False,0.0083125517,False,0.8016032432,False
2007-01-15,1.0000000000,True,1.2935941219,True,1.9644049406,True,0.0083042685,True,0.8010895097,True
2007-01-16,1.0000000000,True,1.2920063734,True,1.9612072706,True,0.0082788310,True,0.8008970007,True
2007-01-17,1.0000000000,True,1.2939958572,True,1.9705986977,True,0.0082904989,True,0.8019246326,True
2007-01-18,1.0000000000,True,1.2960922718,True,1.9742168188,True,0.0082467424,True,0.8017960152,True
2007-01-19,1.0000000000,True,1.2968990803,True,1.9732040167,True,0.0082501444,True,0.8009611601,True
2007-01-20,1.0000000000,True,1.2968990803,False,1.9732040167,False,0.0082501444,False,0.8009611601,False
2007-01-21,1.0000000000,True,1.2968990803,False,1.9732040167,False,0.0082501444,False,0.8009611601,False
2007-01-22,1.0000000000,True,1.2950012684,True,1.9769096375,True,0.0082223317,True,0.8005123366,True
2007-01-23,1.0000000000,True,1.3023037910,True,1.9821997881,True,0.0082182774,True,0.8046994572,True
2007-01-24,1.0000000000,True,1.2962938547,True,1.9680002928,True,0.0082726673,True,0.8011536234,True
2007-01-25,1.0000000000,True,1.2939958572,True,1.9650998116,True,0.0082223317,True,0.8013462558,True
2007-01-26,1.0000000000,True,1.2928917408,True,1.9599003792,True,0.0082365536,True,0.7976389772,True
2007-01-27,1.0000000000,True,1.2928917408,False,1.9599003792,False,0.0082365536,False,0.7976389772,False
2007-01-28,1.0000000000,True,1.2928917408,False,1.9599003792,False,0.0082365536,False,0.7976389772,False
2007-01-29,1.0000000000,True,1.2962938547,True,1.9617844820,True,0.0082149016,True,0.7987858725,True
2007-01-30,1.0000000000,True,1.2965964079,True,1.9620923996,True,0.0082182774,True,0.7991050063,True
2007-01-31,1.0000000000,True,1.3023037910,True,1.9634021521,True,0.0082822595,True,0.8035355300,True
2007-02-01,1.0000000000,True,1.3018969297,True,1.9671097994,True,0.0082781455,True,0.8039231828,True
2007-02-02,1.0000000000,True,1.2963947058,True,1.9661816359,True,0.0082555934,True,0.8000640157,True
2007-02-03,1.0000000000,True,1.2963947058,False,1.9661816359,False,0.0082555934,False,0.8000640157,False
2007-02-04,1.0000000000,True,1.2963947058,False,1.9661816359,False,0.0082555934,False,0.8000640157,False
2007-02-05,1.0000000000,True,1.2931926250,True,1.9607843161,True,0.0083201596,True,0.8012178240,True
2007-02-06,1.0000000000,True,1.2983977795,True,1.9709872007,True,0.0083298623,True,0.8066467956,True
2007-02-07,1.0000000000,True,1.3023037910,True,1.9714533091,True,0.0082929055,True,0.8061915793,True
2007-02-08,1.0000000000,True,1.3040019274,True,1.9587103128,True,0.0082555934,True,0.8026326126,True
2007-02-09,1.0000000000,True,1.3006945848,True,1.9827893972,True,0.0082162518,True,0.8015389809,True
2007-02-10,1.0000000000,True,1.3006945848,False,1.9827893972,False,0.0082162518,False,0.8015389809,False
2007-02-11,1.0000000000,True,1.3006945848,False,1.9827893972,False,0.0082162518,False,0.8015389809,False
2007-02-12,1.0000000000,True,1.2962938547,True,1.9473057985,True,0.0082122036,True,0.7977026156,True
2007-02-13,1.0000000000,True,1.3032032251,True,1.9457901716,True,0.0082460627,True,0.8017960152,True
2007-02-14,1.0000000000,True,1.3139914274,True,1.9649066925,True,0.0083118612,True,0.8071025262,True
2007-02-15,1.0000000000,True,1.3135081530,True,1.9514099360,True,0.0083759109,True,0.8096838427,True
2007-02-16,1.0000000000,True,1.3138015270,True,1.9501159191,True,0.0083745077,True,0.8095199908,True
2007-02-17,1.0000000000,True,1.3138015270,False,1.9501159191,False,0.0083745077,False,0.8095199908,False
2007-02-18,1.0000000000,True,1.3138015270,False,1.9501159191,False,0.0083745077,False,0.8095199908,False
2007-02-19,1.0000000000,True,1.3152011633,True,1.9509150982,True,0.0083549167,True,0.8109641992,True
2007-02-20,1.0000000000,True,1.3148033619,True,1.9564112425,True,0.0083322918,True,0.8093561271,True
2007-02-21,1.0000000000,True,1.3139051199,True,1.9536973238,True,0.0082685628,True,0.8077544196,True
2007-02-22,1.0000000000,True,1.3125082254,True,1.9564112425,True,0.0082311303,True,0.8077544196,True
2007-02-23,1.0000000000,True,1.3168984652,True,1.9627084732,True,0.0082583205,True,0.8114249012,True
2007-02-24,1.0000000000,True,1.3168984652,False,1.9627084732,False,0.0082583205,False,0.8114249012,False
2007-02-25,1.0000000000,True,1.3168984652,False,1.9627084732,False,0.0082583205,False,0.8114249012,False
2007-02-26,1.0000000000,True,1.3194004297,True,1.9639033079,True,0.0082891247,True,0.8136696684,True
2007-02-27,1.0000000000,True,1.3232064247,True,1.9627084732,True,0.0084681178,True,0.8210854495,True
2007-02-28,1.0000000000,True,1.3228913546,True,1.9640191793,True,0.0084224709,True,0.8202772547,True
2007-03-01,1.0000000000,True,1.3170025349,True,1.9575984478,True,0.0084947332,True,0.8170602437,True
2007-03-02,1.0000000000,True,1.3164995909,True,1.9426152706,True,0.0085331511,True,0.8238589869,True
2007-03-03,1.0000000000,True,1.3164995909,False,1.9426152706,False,0.0085331511,False,0.8238589869,False
2007-03-04,1.0000000000,True,1.3164995909,False,1.9426152706,False,0.0085331511,False,0.8238589869,False
2007-03-05,1.0000000000,True,1.3086949587,True,1.9207867384,True,0.0086512677,True,0.8192692058,True
2007-03-06,1.0000000000,True,1.3138015270,True,1.9352091551,True,0.0085631102,True,0.8173941496,True
2007-03-07,1.0000000000,True,1.3178529739,True,1.9300920963,True,0.0086437893,True,0.8221655769,True
2007-03-08,1.0000000000,True,1.3141986132,True,1.9297939539,True,0.0085360648,True,0.8148630822,True
2007-03-09,1.0000000000,True,1.3115957975,True,1.9341986179,True,0.0084516565,True,0.8119519020,True
2007-03-10,1.0000000000,True,1.3115957975,False,1.9341986179,False,0.0084516565,False,0.8119519020,False
2007-03-11,1.0000000000,True,1.3115957975,False,1.9341986179,False,0.0084516565,False,0.8119519020,False
2007-03-12,1.0000000000,True,1.3187913895,True,1.9322178364,True,0.0085055712,True,0.8163931701,True
2007-03-13,1.0000000000,True,1.3190002441,True,1.9287891388,True,0.0086192038,True,0.8217602164,True
2007-03-14,1.0000000000,True,1.3235040903,True,1.9388862848,True,0.0085280572,True,0.8216926818,True
2007-03-15,1.0000000000,True,1.3283035755,True,1.9386982918,True,0.0085360648,True,0.8244022681,True
2007-03-16,1.0000000000,True,1.3318061829,True,1.9426152706,True,0.0085660444,True,0.8276775520,True
2007-03-17,1.0000000000,True,1.3318061829,False,1.9426152706,False,0.0085660444,False,0.8276775520,False
2007-03-18,1.0000000000,True,1.3318061829,False,1.9426152706,False,0.0085660444,False,0.8276775520,False
2007-03-19,1.0000000000,True,1.3312920332,True,1.9462069273,True,0.0085026783,True,0.8256956607,True
2007-03-20,1.0000000000,True,1.3315933943,True,1.9618998766,True,0.0085287846,True,0.8252186971,True
2007-03-21,1.0000000000,True,1.3399077654,True,1.9683101177,True,0.0085171618,True,0.8273351934,True
2007-03-22,1.0000000000,True,1.3334044218,True,1.9650998116,True,0.0084681178,True,0.8237911069,True
2007-03-23,1.0000000000,True,1.3296988010,True,1.9625160694,True,0.0084709867,True,0.8205464494,True
2007-03-24,1.0000000000,True,1.3296988010,False,1.9625160694,False,0.0084709867,False,0.8205464494,False
2007-03-25,1.0000000000,True,1.3296988010,False,1.9625160694,False,0.0084709867,False,0.8205464494,False
2007-03-26,1.0000000000,True,1.3331911564,True,1.9700939655,True,0.0084659666,True,0.8228421210,True
2007-03-27,1.0000000000,True,1.3365052938,True,1.9668003321,True,0.0084925690,True,0.8259684241,True
2007-03-28,1.0000000000,True,1.3315047026,True,1.9625929594,True,0.0085565156,True,0.8219966348,True
2007-03-29,1.0000000000,True,1.3334933519,True,1.9632093906,True,0.0084760126,True,0.8215576458,True
2007-03-30,1.0000000000,True,1.3358982801,True,1.9525147676,True,0.0084882440,True,0.8239267972,True
2007-03-31,1.0000000000,True,1.3358982801,False,1.9525147676,False,0.0084882440,False,0.8239267972,False
2007-04-01,1.0000000000,True,1.3358982801,False,1.9525147676,False,0.0084882440,False,0.8239267972,False
2007-04-02,1.0000000000,True,1.3370056152,True,1.9782003164,True,0.0084918477,True,0.8231807704,True
2007-04-03,1.0000000000,True,1.3324983120,True,1.9733986855,True,0.0084125513,True,0.8177618093,True
2007-04-04,1.0000000000,True,1.3373990059,True,1.9764018059,True,0.0084196348,True,0.8201426835,True
2007-04-05,1.0000000000,True,1.3432012796,True,1.9714922905,True,0.0084251676,True,0.8231807704,True
2007-04-06,1.0000000000,True,1.3401951790,True,1.9855058193,True,0.0083984211,True,0.8174609795,True
2007-04-07,1.0000000000,True,1.3401951790,False,1.9855058193,False,0.0083984211,False,0.8174609795,False
2007-04-08,1.0000000000,True,1.3401951790,False,1.9855058193,False,0.0083984211,False,0.8174609795,False
2007-04-09,1.0000000000,True,1.3355057240,True,1.9620155096,True,0.0083878543,True,0.8152616652,True
2007-04-10,1.0000000000,True,1.3432012796,True,1.9718031883,True,0.0083948957,True,0.8214227346,True
2007-04-11,1.0000000000,True,1.3439956903,True,1.9762064219,True,0.0083829323,True,0.8197393148,True
2007-04-12,1.0000000000,True,1.3491089344,True,1.9803941250,True,0.0084033613,True,0.8223008129,True
2007-04-13,1.0000000000,True,1.3521004915,True,1.9864917994,True,0.0083871506,True,0.8232485499,True
2007-04-14,1.0000000000,True,1.3521004915,False,1.9864917994,False,0.0083871506,False,0.8232485499,False
2007-04-15,1.0000000000,True,1.3521004915,False,1.9864917994,False,0.0083871506,False,0.8232485499,False
2007-04-16,1.0000000000,True,1.3529053926,True,1.9887042046,True,0.0083500333,True,0.8233163405,True
2007-04-17,1.0000000000,True,1.3572019339,True,2.0073871613,True,0.0084068939,True,0.8272667394,True
2007-04-18,1.0000000000,True,1.3613963127,True,2.0090003014,True,0.0084423810,True,0.8312552303,True
2007-04-19,1.0000000000,True,1.3624349833,True,2.0036065578,True,0.0084566596,True,0.8300959825,True
2007-04-20,1.0000000000,True,1.3588987589,True,2.0046105385,True,0.0084274395,True,0.8284317555,True
2007-04-21,1.0000000000,True,1.3588987589,False,2.0046105385,False,0.0084274395,False,0.8284317555,False
2007-04-22,1.0000000000,True,1.3588987589,False,2.0046105385,False,0.0084274395,False,0.8284317555,False
2007-04-23,1.0000000000,True,1.3584003448,True,2.0010006428,True,0.0084338366,True,0.8273351934,True
2007-04-24,1.0000000000,True,1.3636053801,True,2.0020821095,True,0.0084402428,True,0.8325701497,True
2007-04-25,1.0000000000,True,1.3639029264,True,2.0020020008,True,0.0084260195,True,0.8293936858,True
2007-04-26,1.0000000000,True,1.3588987589,True,1.9904854298,True,0.0083661006,True,0.8273351934,True
2007-04-27,1.0000000000,True,1.3655046225,True,1.9986009598,True,0.0083696014,True,0.8295313102,True
2007-04-28,1.0000000000,True,1.3655046225,False,1.9986009598,False,0.0083696014,False,0.8295313102,False
2007-04-29,1.0000000000,True,1.3655046225,False,1.9986009598,False,0.0083696014,False,0.8295313102,False
2007-04-30,1.0000000000,True,1.3652063608,True,2.0000000000,True,0.0083780160,True,0.8290499063,True
2007-05-01,1.0000000000,True,1.3601001501,True,1.9980818033,True,0.0083472452,True,0.8233841423,True
2007-05-02,1.0000000000,True,1.3588064909,True,1.9887832403,True,0.0083222368,True,0.8235196986,True
2007-05-03,1.0000000000,True,1.3556013107,True,1.9879925251,True,0.0083084081,True,0.8224360933,True
2007-05-04,1.0000000000,True,1.3588987589,True,1.9760893583,True,0.0083146257,True,0.8266512438,True
2007-05-05,1.0000000000,True,1.3588987589,False,1.9760893583,False,0.0083146257,False,0.8266512438,False
2007-05-06,1.0000000000,True,1.3588987589,False,1.9760893583,False,0.0083146257,False,0.8266512438,False
2007-05-07,1.0000000000,True,1.3600076437,True,1.9935011864,True,0.0083298623,True,0.8253549394,True
2007-05-08,1.0000000000,True,1.3540961742,True,1.9896141291,True,0.0083340280,True,0.8209506934,True
2007-05-09,1.0000000000,True,1.3527040482,True,1.9933819771,True,0.0083257014,True,0.8204791944,True
2007-05-10,1.0000000000,True,1.3483085632,True,1.9796099663,True,0.0083444595,True,0.8198065287,True
2007-05-11,1.0000000000,True,1.3521004915,True,1.9827107191,True,0.0083201596,True,0.8209506934,True
2007-05-12,1.0000000000,True,1.3521004915,False,1.9827107191,False,0.0083201596,False,0.8209506934,False
2007-05-13,1.0000000000,True,1.3521004915,False,1.9827107191,False,0.0083201596,False,0.8209506934,False
2007-05-14,1.0000000000,True,1.3542977571,True,1.9791005850,True,0.0083111702,True,0.8206137958,True
2007-05-15,1.0000000000,True,1.3596007824,True,1.9860184193,True,0.0083180834,True,0.8232281906,True
2007-05-16,1.0000000000,True,1.3523930311,True,1.9774178267,True,0.0082836315,True,0.8181966704,True
2007-05-17,1.0000000000,True,1.3496916294,True,1.9748014212,True,0.0082446348,True,0.8149161988,True
2007-05-18,1.0000000000,True,1.3512965441,True,1.9753085375,True,0.0082603669,True,0.8149959263,True
2007-05-19,1.0000000000,True,1.3512965441,False,1.9753085375,False,0.0082603669,False,0.8149959263,False
2007-05-20,1.0000000000,True,1.3512965441,False,1.9753085375,False,0.0082603669,False,0.8149959263,False
2007-05-21,1.0000000000,True,1.3466018438,True,1.9716088772,True,0.0082324853,True,0.8130742320,True
2007-05-22,1.0000000000,True,1.3452069759,True,1.9751136303,True,0.0082209800,True,0.8132064934,True
2007-05-23,1.0000000000,True,1.3458044529,True,1.9862946272,True,0.0082290983,True,0.8146639764,True
2007-05-24,1.0000000000,True,1.3430029154,True,1.9853875637,True,0.0082400829,True,0.8146639764,True
2007-05-25,1.0000000000,True,1.3450080156,True,1.9849147797,True,0.0082128776,True,0.8150623646,True
2007-05-26,1.0000000000,True,1.3450080156,False,1.9849147797,False,0.0082128776,False,0.8150623646,False
2007-05-27,1.0000000000,True,1.3450080156,False,1.9849147797,False,0.0082128776,False,0.8150623646,False
2007-05-28,1.0000000000,True,1.3452069759,True,1.9831826687,True,0.0082169271,True,0.8140405411,True
2007-05-29,1.0000000000,True,1.3445920944,True,1.9800019264,True,0.0082243608,True,0.8163265147,True
2007-05-30,1.0000000000,True,1.3432012796,True,1.9764018059,True,0.0082243608,True,0.8157937425,True
2007-05-31,1.0000000000,True,1.3456052542,True,1.9798059464,True,0.0082135524,True,0.8162598702,True
2007-06-01,1.0000000000,True,1.3441944122,True,1.9809824228,True,0.0081879966,True,0.8091924077,True
2007-06-02,1.0000000000,True,1.3441944122,False,1.9809824228,False,0.0081879966,False,0.8091924077,False
2007-06-03,1.0000000000,True,1.3441944122,False,1.9809824228,False,0.0081879966,False,0.8091924077,False
2007-06-04,1.0000000000,True,1.3491998911,True,1.9915955067,True,0.0082155767,True,0.8178621086,True
2007-06-05,1.0000000000,True,1.3520090580,True,1.9933819771,True,0.0082413057,True,0.8210180258,True
2007-06-06,1.0000000000,True,1.3492909670,True,1.9921907187,True,0.0082637797,True,0.8218953190,True
2007-06-07,1.0000000000,True,1.3428045511,True,1.9780046940,True,0.0082726673,True,0.8170602437,True
2007-06-08,1.0000000000,True,1.3360053301,True,1.9704822302,True,0.0082162518,True,0.8099133625,True
2007-06-09,1.0000000000,True,1.3360053301,False,1.9704822302,False,0.0082162518,False,0.8099133625,False
2007-06-10,1.0000000000,True,1.3360053301,False,1.9704822302,False,0.0082162518,False,0.8099133625,False
2007-06-11,1.0000000000,True,1.3355948925,True,1.9693956375,True,0.0082128776,True,0.8076891674,True
2007-06-12,1.0000000000,True,1.3306012154,True,1.9748014212,True,0.0082223317,True,0.8052826862,True
2007-06-13,1.0000000000,True,1.3310085535,True,1.9728145599,True,0.0081586033,True,0.8038585480,True
2007-06-14,1.0000000000,True,1.3315933943,True,1.9697058201,True,0.0081330567,True,0.8025038448,True
2007-06-15,1.0000000000,True,1.3379000425,True,1.9767925739,True,0.0081037276,True,0.8052178327,True
2007-06-16,1.0000000000,True,1.3379000425,False,1.9767925739,False,0.0081037276,False,0.8052178327,False
2007-06-17,1.0000000000,True,1.3379000425,False,1.9767925739,False,0.0081037276,False,0.8052178327,False
2007-06-18,1.0000000000,True,1.3415975571,True,1.9838120937,True,0.0080853816,True,0.8054123474,True
2007-06-19,1.0000000000,True,1.3424079418,True,1.9875973463,True,0.0081024146,True,0.8063215333,True
2007-06-20,1.0000000000,True,1.3396027088,True,1.9923096895,True,0.0080991333,True,0.8074935515,True
2007-06-21,1.0000000000,True,1.3394052982,True,1.9929053783,True,0.0080814613,True,0.8056719497,True
2007-06-22,1.0000000000,True,1.3470915556,True,1.9976029396,True,0.0080847278,True,0.8135372563,True
2007-06-23,1.0000000000,True,1.3470915556,False,1.9976029396,False,0.0080847278,False,0.8135372563,False
2007-06-24,1.0000000000,True,1.3470915556,False,1.9976029396,False,0.0080847278,False,0.8135372563,False
2007-06-25,1.0000000000,True,1.3468012810,True,1.9982016087,True,0.0080919241,True,0.8143985479,True
2007-06-26,1.0000000000,True,1.3448994160,True,1.9984012842,True,0.0081274382,True,0.8139345430,True
2007-06-27,1.0000000000,True,1.3454966545,True,1.9996000528,True,0.0081201785,True,0.8135372563,True
2007-06-28,1.0000000000,True,1.3447005749,True,2.0022025108,True,0.0081195191,True,0.8120837985,True
2007-06-29,1.0000000000,True,1.3536012173,True,2.0083143711,True,0.0081195191,True,0.8186655489,True
2007-06-30,1.0000000000,True,1.3536012173,False,2.0083143711,False,0.0081195191,False,0.8186655489,False
2007-07-01,1.0000000000,True,1.3536012173,False,2.0083143711,False,0.0081195191,False,0.8186655489,False
2007-07-02,1.0000000000,True,1.3634938002,True,2.0177969933,True,0.0081812973,True,0.8268562529,True
2007-07-03,1.0000000000,True,1.3611923456,True,2.0169830322,True,0.0081652649,True,0.8225172184,True
2007-07-04,1.0000000000,True,1.3615074158,True,2.0162103176,True,0.0081526167,True,0.8216251582,True
2007-07-05,1.0000000000,True,1.3598966599,True,2.0121939182,True,0.0081333878,True,0.8214901444,True
2007-07-06,1.0000000000,True,1.3629920483,True,2.0119915009,True,0.0081063553,True,0.8212877873,True
2007-07-07,1.0000000000,True,1.3629920483,False,2.0119915009,False,0.0081063553,False,0.8212877873,False
2007-07-08,1.0000000000,True,1.3629920483,False,2.0119915009,False,0.0081063553,False,0.8212877873,False
2007-07-09,1.0000000000,True,1.3623977900,True,2.0147886276,True,0.0081056981,True,0.8220979756,True
2007-07-10,1.0000000000,True,1.3760079145,True,2.0274105072,True,0.0082447027,True,0.8325008267,True
2007-07-11,1.0000000000,True,1.3754022121,True,2.0323138237,True,0.0081786213,True,0.8300821829,True
2007-07-12,1.0000000000,True,1.3787969351,True,2.0295915604,True,0.0081699345,True,0.8309788822,True
2007-07-13,1.0000000000,True,1.3784927130,True,2.0347950459,True,0.0082034453,True,0.8316700147,True
2007-07-14,1.0000000000,True,1.3784927130,False,2.0347950459,False,0.0082034453,False,0.8316700147,False
2007-07-15,1.0000000000,True,1.3784927130,False,2.0347950459,False,0.0082034453,False,0.8316700147,False
2007-07-16,1.0000000000,True,1.3776950836,True,2.0367844105,True,0.0082101804,True,0.8316700147,True
2007-07-17,1.0000000000,True,1.3790060282,True,2.0477116108,True,0.0081967213,True,0.8329862478,True
2007-07-18,1.0000000000,True,1.3807005882,True,2.0536832809,True,0.0082034453,True,0.8329862478,True
2007-07-19,1.0000000000,True,1.3798050880,True,2.0488862991,True,0.0081894045,True,0.8307028001,True
2007-07-20,1.0000000000,True,1.3833937645,True,2.0570206642,True,0.0082460627,True,0.8329862478,True
2007-07-21,1.0000000000,True,1.3833937645,False,2.0570206642,False,0.0082460627,False,0.8329862478,False
2007-07-22,1.0000000000,True,1.3833937645,False,2.0570206642,False,0.0082460627,False,0.8329862478,False
2007-07-23,1.0000000000,True,1.3804908991,True,2.0593080521,True,0.0082610489,True,0.8289949313,True
2007-07-24,1.0000000000,True,1.3824948072,True,2.0618982315,True,0.0083257014,True,0.8313242636,True
2007-07-25,1.0000000000,True,1.3726081848,True,2.0530929565,True,0.0083015109,True,0.8241305380,True
2007-07-26,1.0000000000,True,1.3750051260,True,2.0478794575,True,0.0084416681,True,0.8312552303,True
2007-07-27,1.0000000000,True,1.3636053801,True,2.0246193409,True,0.0084061870,True,0.8245382409,True
2007-07-28,1.0000000000,True,1.3636053801,False,2.0246193409,False,0.0084061870,False,0.8245382409,False
2007-07-29,1.0000000000,True,1.3636053801,False,2.0246193409,False,0.0084061870,False,0.8245382409,False
2007-07-30,1.0000000000,True,1.3711966276,True,2.0283153057,True,0.0083927821,True,0.8312966654,True
2007-07-31,1.0000000000,True,1.3672035933,True,2.0293855667,True,0.0084445196,True,0.8324315152,True
2007-08-01,1.0000000000,True,1.3677084446,True,2.0319833755,True,0.0084047737,True,0.8309098239,True
2007-08-02,1.0000000000,True,1.3707079887,True,2.0366184711,True,0.0083934867,True,0.8310479520,True
2007-08-03,1.0000000000,True,1.3787018061,True,2.0428173542,True,0.0084717044,True,0.8418217396,True
2007-08-04,1.0000000000,True,1.3787018061,False,2.0428173542,False,0.0084717044,False,0.8418217396,False
2007-08-05,1.0000000000,True,1.3787018061,False,2.0428173542,False,0.0084717044,False,0.8418217396,False
2007-08-06,1.0000000000,True,1.3796910048,True,2.0314054489,True,0.0084160916,True,0.8389261523,True
2007-08-07,1.0000000000,True,1.3740983009,True,2.0222856998,True,0.0084175082,True,0.8354218694,True
2007-08-08,1.0000000000,True,1.3803004026,True,2.0372822285,True,0.0083549167,True,0.8365400705,True
2007-08-09,1.0000000000,True,1.3674091101,True,2.0229809284,True,0.0084537999,True,0.8355615019,True
2007-08-10,1.0000000000,True,1.3689066172,True,2.0220811367,True,0.0084381063,True,0.8338892358,True
2007-08-11,1.0000000000,True,1.3689066172,False,2.0220811367,False,0.0084381063,False,0.8338892358,False
2007-08-12,1.0000000000,True,1.3689066172,False,2.0220811367,False,0.0084381063,False,0.8338892358,False
2007-08-13,1.0000000000,True,1.3613035679,True,2.0119915009,True,0.0084595213,True,0.8300821829,True
2007-08-14,1.0000000000,True,1.3534914255,True,1.9970045090,True,0.0085164369,True,0.8261049140,True
2007-08-15,1.0000000000,True,1.3428045511,True,1.9868077040,True,0.0085969739,True,0.8206137958,True
2007-08-16,1.0000000000,True,1.3424980640,True,1.9853086472,True,0.0087673156,True,0.8218277622,True
2007-08-17,1.0000000000,True,1.3494002819,True,1.9820033312,True,0.0087527352,True,0.8298066141,True
2007-08-18,1.0000000000,True,1.3494002819,False,1.9820033312,False,0.0087527352,False,0.8298066141,False
2007-08-19,1.0000000000,True,1.3494002819,False,1.9820033312,False,0.0087527352,False,0.8298066141,False
2007-08-20,1.0000000000,True,1.3474909067,True,1.9885854721,True,0.0087077676,True,0.8291874167,True
2007-08-21,1.0000000000,True,1.3454966545,True,1.9807078838,True,0.0087604029,True,0.8287064117,True
2007-08-22,1.0000000000,True,1.3549952507,True,1.9950124025,True,0.0086490225,True,0.8289124416,True
2007-08-23,1.0000000000,True,1.3556932211,True,2.0032052994,True,0.0086192038,True,0.8282259645,True
2007-08-24,1.0000000000,True,1.3666989803,True,2.0136120319,True,0.0085925419,True,0.8308407771,True
2007-08-25,1.0000000000,True,1.3666989803,False,2.0136120319,False,0.0085925419,False,0.8308407771,False
2007-08-26,1.0000000000,True,1.3666989803,False,2.0136120319,False,0.0085925419,False,0.8308407771,False
2007-08-27,1.0000000000,True,1.3637913465,True,2.0090003014,True,0.0086542620,True,0.8318083132,True
2007-08-28,1.0000000000,True,1.3598966599,True,2.0006000996,True,0.0087458460,True,0.8325008267,True
2007-08-29,1.0000000000,True,1.3674091101,True,2.0167796612,True,0.0086325970,True,0.8338892358,True
2007-08-30,1.0000000000,True,1.3642005920,True,2.0143826008,True,0.0086251508,True,0.8309098239,True
2007-08-31,1.0000000000,True,1.3642005920,True,2.0171864033,True,0.0086378166,True,0.8277460740,True
2007-09-01,1.0000000000,True,1.3642005920,False,2.0171864033,False,0.0086378166,False,0.8277460740,False
2007-09-02,1.0000000000,True,1.3642005920,False,2.0171864033,False,0.0086378166,False,0.8277460740,False
2007-09-03,1.0000000000,True,1.3613963127,True,2.0177154541,True,0.0086370704,True,0.8265829029,True
2007-09-04,1.0000000000,True,1.3620080948,True,2.0141799450,True,0.0086028907,True,0.8265145733,True
2007-09-05,1.0000000000,True,1.3653928041,True,2.0204060078,True,0.0086865877,True,0.8308407771,True
2007-09-06,1.0000000000,True,1.3696004152,True,2.0251114368,True,0.0086662623,True,0.8327781881,True
2007-09-07,1.0000000000,True,1.3775053024,True,2.0286033154,True,0.0088191199,True,0.8414674980,True
2007-09-08,1.0000000000,True,1.3775053024,False,2.0286033154,False,0.0088191199,False,0.8414674980,False
2007-09-09,1.0000000000,True,1.3775053024,False,2.0286033154,False,0.0088191199,False,0.8414674980,False
2007-09-10,1.0000000000,True,1.3775053024,False,2.0286033154,False,0.0088191199,False,0.8414674980,False
2007-09-11,1.0000000000,True,1.3840063810,True,2.0331814289,True,0.0087519690,True,0.8411844037,True
2007-09-12,1.0000000000,True,1.3908011913,True,2.0295915604,True,0.0087627057,True,0.8443093817,True
2007-09-13,1.0000000000,True,1.3866932392,True,2.0175933838,True,0.0087267653,True,0.8439530439,True
2007-09-14,1.0000000000,True,1.3878093958,True,2.0067024231,True,0.0086760366,True,0.8397716163,True
2007-09-15,1.0000000000,True,1.3878093958,False,2.0067024231,False,0.0086760366,False,0.8397716163,False
2007-09-16,1.0000000000,True,1.3878093958,False,2.0067024231,False,0.0086760366,False,0.8397716163,False
2007-09-17,1.0000000000,True,1.3865010738,True,1.9940179586,True,0.0086933844,True,0.8423180946,True
2007-09-18,1.0000000000,True,1.3979953527,True,2.0134093761,True,0.0086273830,True,0.8468834967,True
2007-09-19,1.0000000000,True,1.3969016075,True,2.0006000996,True,0.0086199464,True,0.8450227907,True
2007-09-20,1.0000000000,True,1.4078954458,True,2.0106160641,True,0.0087229589,True,0.8536793938,True
2007-09-21,1.0000000000,True,1.4092049599,True,2.0204060078,True,0.0086595079,True,0.8533151046,True
2007-09-22,1.0000000000,True,1.4092049599,False,2.0204060078,False,0.0086595079,False,0.8533151046,False
2007-09-23,1.0000000000,True,1.4092049599,False,2.0204060078,False,0.0086595079,False,0.8533151046,False
2007-09-24,1.0000000000,True,1.4074001312,True,2.0206918716,True,0.0087062510,True,0.8525149350,True
2007-09-25,1.0000000000,True,1.4152077436,True,2.0188968182,True,0.0087214370,True,0.8580008250,True
2007-09-26,1.0000000000,True,1.4133076668,True,2.0156006813,True,0.0086625085,True,0.8550662725,True
2007-09-27,1.0000000000,True,1.4152077436,True,2.0267941952,True,0.0086542620,True,0.8528057084,True
2007-09-28,1.0000000000,True,1.4264928102,True,2.0462033749,True,0.0087153566,True,0.8598452370,True
2007-09-29,1.0000000000,True,1.4264928102,False,2.0462033749,False,0.0087153566,False,0.8598452370,False
2007-09-30,1.0000000000,True,1.4264928102,False,2.0462033749,False,0.0087153566,False,0.8598452370,False
2007-10-01,1.0000000000,True,1.4236091375,True,2.0443208218,True,0.0086355784,True,0.8560177934,True
2007-10-02,1.0000000000,True,1.4152077436,True,2.0399835110,True,0.0086422955,True,0.8510638643,True
2007-10-03,1.0000000000,True,1.4099997282,True,2.0326030254,True,0.0085792727,True,0.8475294156,True
2007-10-04,1.0000000000,True,1.4135074615,True,2.0386111736,True,0.0085903270,True,0.8514261471,True
2007-10-05,1.0000000000,True,1.4133076668,True,2.0436942577,True,0.0085557839,True,0.8494011892,True
2007-10-06,1.0000000000,True,1.4133076668,False,2.0436942577,False,0.0085557839,False,0.8494011892,False
2007-10-07,1.0000000000,True,1.4133076668,False,2.0436942577,False,0.0085557839,False,0.8494011892,False
2007-10-08,1.0000000000,True,1.4049086571,True,2.0354163647,True,0.0085236959,True,0.8430281410,True
2007-10-09,1.0000000000,True,1.4106959105,True,2.0376973152,True,0.0085331511,True,0.8453085601,True
2007-10-10,1.0000000000,True,1.4141070843,True,2.0418162346,True,0.0085362104,True,0.8449513785,True
2007-10-11,1.0000000000,True,1.4201923609,True,2.0342154503,True,0.0085200646,True,0.8462384763,True
2007-10-12,1.0000000000,True,1.4190032482,True,2.0342981815,True,0.0085041248,True,0.8436682749,True
2007-10-13,1.0000000000,True,1.4190032482,False,2.0342981815,False,0.0085041248,False,0.8436682749,False
2007-10-14,1.0000000000,True,1.4190032482,False,2.0342981815,False,0.0085041248,False,0.8436682749,False
2007-10-15,1.0000000000,True,1.4203940630,True,2.0424001217,True,0.0085236959,True,0.8468117697,True
2007-10-16,1.0000000000,True,1.4176956415,True,2.0321898460,True,0.0085513937,True,0.8460236593,True
2007-10-17,1.0000000000,True,1.4217066765,True,2.0399835110,True,0.0085844280,True,0.8483203352,True
2007-10-18,1.0000000000,True,1.4294904470,True,2.0441954136,True,0.0086610082,True,0.8551394047,True
2007-10-19,1.0000000000,True,1.4296947718,True,2.0514924526,True,0.0087290505,True,0.8563843070,True
2007-10-20,1.0000000000,True,1.4296947718,False,2.0514924526,False,0.0087290505,False,0.8563843070,False
2007-10-21,1.0000000000,True,1.4296947718,False,2.0514924526,False,0.0087290505,False,0.8563843070,False
2007-10-22,1.0000000000,True,1.4179972410,True,2.0326855183,True,0.0087380506,True,0.8494011892,True
2007-10-23,1.0000000000,True,1.4258012772,True,2.0503146648,True,0.0087062510,True,0.8522242732,True
2007-10-24,1.0000000000,True,1.4263097048,True,2.0501046181,True,0.0087581012,True,0.8535336408,True
2007-10-25,1.0000000000,True,1.4326032400,True,2.0509035587,True,0.0087747780,True,0.8581481078,True
2007-10-26,1.0000000000,True,1.4393045902,True,2.0517029762,True,0.0087558008,True,0.8585901718,True
2007-10-27,1.0000000000,True,1.4393045902,False,2.0517029762,False,0.0087558008,False,0.8585901718,False
2007-10-28,1.0000000000,True,1.4393045902,False,2.0517029762,False,0.0087558008,False,0.8585901718,False
2007-10-29,1.0000000000,True,1.4417947531,True,2.0610907078,True,0.0087183960,True,0.8584428251,True
2007-10-30,1.0000000000,True,1.4440015554,True,2.0679957867,True,0.0087123193,True,0.8632596247,True
2007-10-31,1.0000000000,True,1.4471989870,True,2.0797803402,True,0.0086662623,True,0.8624407051,True
2007-11-01,1.0000000000,True,1.4427100420,True,2.0777926445,True,0.0087366766,True,0.8642295676,True
2007-11-02,1.0000000000,True,1.4487924576,True,2.0855927467,True,0.0087168758,True,0.8649022277,True
2007-11-03,1.0000000000,True,1.4487924576,False,2.0855927467,False,0.0087168758,False,0.8649022277,False
2007-11-04,1.0000000000,True,1.4487924576,False,2.0855927467,False,0.0087168758,False,0.8649022277,False
2007-11-05,1.0000000000,True,1.4478065968,True,2.0810787678,True,0.0087489062,True,0.8673779312,True
2007-11-06,1.0000000000,True,1.4564096928,True,2.0874211788,True,0.0087176358,True,0.8741258333,True
2007-11-07,1.0000000000,True,1.4623944759,True,2.0997815132,True,0.0088802060,True,0.8818342589,True
2007-11-08,1.0000000000,True,1.4681053162,True,2.1081924438,True,0.0088723273,True,0.8872327283,True
2007-11-09,1.0000000000,True,1.4675022364,True,2.0946795940,True,0.0090366887,True,0.8920606191,True
2007-11-10,1.0000000000,True,1.4675022364,False,2.0946795940,False,0.0090366887,False,0.8920606191,False
2007-11-11,1.0000000000,True,1.4675022364,False,2.0946795940,False,0.0090366887,False,0.8920606191,False
2007-11-12,1.0000000000,True,1.4523905516,True,2.0544006824,True,0.0091224227,True,0.8854258782,True
2007-11-13,1.0000000000,True,1.4620951414,True,2.0748178959,True,0.0089976607,True,0.8883361488,True
2007-11-14,1.0000000000,True,1.4650082588,True,2.0527980328,True,0.0089871486,True,0.8904719297,True
2007-11-15,1.0000000000,True,1.4620951414,True,2.0444045067,True,0.0090514117,True,0.8908686423,True
2007-11-16,1.0000000000,True,1.4634003639,True,2.0524187088,True,0.0090106323,True,0.8939746024,True
2007-11-17,1.0000000000,True,1.4634003639,False,2.0524187088,False,0.0090106323,False,0.8939746024,False
2007-11-18,1.0000000000,True,1.4634003639,False,2.0524187088,False,0.0090106323,False,0.8939746024,False
2007-11-19,1.0000000000,True,1.4668993950,True,2.0493903160,True,0.0091099575,True,0.8971023918,True
2007-11-20,1.0000000000,True,1.4833053350,True,2.0661156178,True,0.0091141085,True,0.9041591757,True
2007-11-21,1.0000000000,True,1.4857958555,True,2.0635149479,True,0.0092293495,True,0.9076881609,True
2007-11-22,1.0000000000,True,1.4855971336,True,2.0624084473,True,0.0092174396,True,0.9082652536,True
2007-11-23,1.0000000000,True,1.4801001549,True,2.0610907078,True,0.0092489824,True,0.9075233840,True
2007-11-24,1.0000000000,True,1.4801001549,False,2.0610907078,False,0.0092489824,False,0.9075233840,False
2007-11-25,1.0000000000,True,1.4801001549,False,2.0610907078,False,0.0092489824,False,0.9075233840,False
2007-11-26,1.0000000000,True,1.4801001549,False,2.0610907078,False,0.0092489824,False,0.9075233840,False
2007-11-27,1.0000000000,True,1.4837895632,True,2.0676109791,True,0.0091911762,True,0.9048954554,True
2007-11-28,1.0000000000,True,1.4840978384,True,2.0787858963,True,0.0090942162,True,0.9002520480,True
2007-11-29,1.0000000000,True,1.4759929180,True,2.0629189014,True,0.0091107870,True,0.8954956142,True
2007-11-30,1.0000000000,True,1.4695941210,True,2.0566821098,True,0.0089477450,True,0.8833142057,True
2007-12-01,1.0000000000,True,1.4695941210,False,2.0566821098,False,0.0089477450,False,0.8833142057,False
2007-12-02,1.0000000000,True,1.4695941210,False,2.0566821098,False,0.0089477450,False,0.8833142057,False
2007-12-03,1.0000000000,True,1.4670070410,True,2.0638983250,True,0.0090546901,True,0.8873114666,True
2007-12-04,1.0000000000,True,1.4766032696,True,2.0587992668,True,0.0091024940,True,0.8951750064,True
2007-12-05,1.0000000000,True,1.4598966837,True,2.0272872448,True,0.0090163192,True,0.8862105886,True
2007-12-06,1.0000000000,True,1.4659103155,True,2.0283975601,True,0.0089798850,True,0.8866034188,True
2007-12-07,1.0000000000,True,1.4656095505,True,2.0318181515,True,0.0089557583,True,0.8862891456,True
2007-12-08,1.0000000000,True,1.4656095505,False,2.0318181515,False,0.0089557583,False,0.8862891456,False
2007-12-09,1.0000000000,True,1.4656095505,False,2.0318181515,False,0.0089557583,False,0.8862891456,False
2007-12-10,1.0000000000,True,1.4708911180,True,2.0449898243,True,0.0089453439,True,0.8864462075,True
2007-12-11,1.0000000000,True,1.4664906263,True,2.0357890129,True,0.0090187592,True,0.8850497778,True
2007-12-12,1.0000000000,True,1.4716053009,True,2.0454916954,True,0.0089293689,True,0.8816787342,True
2007-12-13,1.0000000000,True,1.4629936218,True,2.0428173542,True,0.0089039268,True,0.8761170649,True
2007-12-14,1.0000000000,True,1.4437098503,True,2.0201203823,True,0.0088292423,True,0.8688852155,True
2007-12-15,1.0000000000,True,1.4437098503,False,2.0201203823,False,0.0088292423,False,0.8688852155,False
2007-12-16,1.0000000000,True,1.4437098503,False,2.0201203823,False,0.0088292423,False,0.8688852155,False
2007-12-17,1.0000000000,True,1.4412959814,True,2.0213863850,True,0.0088613205,True,0.8700191436,True
2007-12-18,1.0000000000,True,1.4412959814,False,2.0213863850,False,0.0088613205,False,0.8700191436,False
2007-12-19,1.0000000000,True,1.4383935928,True,2.0213863850,False,0.0088269043,True,0.8661007960,True
2007-12-20,1.0000000000,True,1.4333013296,True,1.9838908911,True,0.0088370446,True,0.8634087186,True
2007-12-21,1.0000000000,True,1.4388074875,True,1.9833006859,True,0.0087680839,True,0.8658008872,True
2007-12-22,1.0000000000,True,1.4388074875,False,1.9833006859,False,0.0087680839,False,0.8658008872,False
2007-12-23,1.0000000000,True,1.4388074875,False,1.9833006859,False,0.0087680839,False,0.8658008872,False
2007-12-24,1.0000000000,True,1.4396983385,True,1.9785133600,True,0.0087596353,True,0.8646779210,True
2007-12-25,1.0000000000,True,1.4395946264,True,1.9774178267,True,0.0087565677,True,0.8631106711,True
2007-12-26,1.0000000000,True,1.4487924576,True,1.9842058420,True,0.0087550341,True,0.8687342244,True
2007-12-27,1.0000000000,True,1.4613901377,True,1.9950124025,True,0.0087842589,True,0.8771160407,True
2007-12-28,1.0000000000,True,1.4718002081,True,1.9933024645,True,0.0088991722,True,0.8875476713,True
2007-12-29,1.0000000000,True,1.4718002081,False,1.9933024645,False,0.0088991722,False,0.8875476713,False
2007-12-30,1.0000000000,True,1.4718002081,False,1.9933024645,False,0.0088991722,False,0.8875476713,False
2007-12-31,1.0000000000,True,1.4601097107,True,1.9866102934,True,0.0089565606,True,0.8833922500,True
2008-01-01,1.0000000000,True,1.4620096684,True,1.9877158403,True,0.0089429440,True,0.8839388529,True
2008-01-02,1.0000000000,True,1.4716920853,True,1.9818071127,True,0.0091522290,True,0.8934953608,True
2008-01-03,1.0000000000,True,1.4744912386,True,1.9740997553,True,0.0091315860,True,0.8996850901,True
2008-01-04,1.0000000000,True,1.4754921198,True,1.9758158922,True,0.0092055604,True,0.9032607633,True
2008-01-05,1.0000000000,True,1.4754921198,False,1.9758158922,False,0.0092055604,False,0.9032607633,False
2008-01-06,1.0000000000,True,1.4754921198,False,1.9758158922,False,0.0092055604,False,0.9032607633,False
2008-01-07,1.0000000000,True,1.4682993889,True,1.9669938087,True,0.0091549938,True,0.8946144233,True
2008-01-08,1.0000000000,True,1.5570987463,True,1.9718031883,True,0.0092885005,True,0.8991188459,True
2008-01-09,1.0000000000,True,1.4664046764,True,1.9574834108,True,0.0091008375,True,0.8958968166,True
2008-01-10,1.0000000000,True,1.4801001549,True,1.9615919590,True,0.0091224227,True,0.9054690012,True
2008-01-11,1.0000000000,True,1.4790055752,True,1.9594012499,True,0.0091776800,True,0.9090908894,True
2008-01-12,1.0000000000,True,1.4790055752,False,1.9594012499,False,0.0091776800,False,0.9090908894,False
2008-01-13,1.0000000000,True,1.4790055752,False,1.9594012499,False,0.0091776800,False,0.9090908894,False
2008-01-14,1.0000000000,True,1.4869003296,True,1.9543846846,True,0.0092378753,True,0.9149967659,True
2008-01-15,1.0000000000,True,1.4802095890,True,1.9582885504,True,0.0093659271,True,0.9163383031,True
2008-01-16,1.0000000000,True,1.4664046764,True,1.9629011154,True,0.0093157575,True,0.9100009427,True
2008-01-17,1.0000000000,True,1.4640002251,True,1.9683877230,True,0.0093984961,True,0.9086778839,True
2008-01-18,1.0000000000,True,1.4617959261,True,1.9683877230,False,0.0093606663,True,0.9096697676,True
2008-01-19,1.0000000000,True,1.4617959261,False,1.9683877230,False,0.0093606663,False,0.9096697676,False
2008-01-20,1.0000000000,True,1.4617959261,False,1.9683877230,False,0.0093606663,False,0.9096697676,False
2008-01-21,1.0000000000,True,1.4420026541,True,1.9683877230,False,0.0094679036,True,0.9007385671,True
2008-01-22,1.0000000000,True,1.4647936821,True,1.9683877230,False,0.0093405569,True,0.9117432783,True
2008-01-23,1.0000000000,True,1.4632076025,True,1.9569853544,True,0.0093676815,True,0.9159186879,True
2008-01-24,1.0000000000,True,1.4774104357,True,1.9782003164,True,0.0093327110,True,0.9203019047,True
2008-01-25,1.0000000000,True,1.4675022364,True,1.9805903435,True,0.0093632956,True,0.9109127209,True
2008-01-26,1.0000000000,True,1.4675022364,False,1.9805903435,False,0.0093632956,False,0.9109127209,False
2008-01-27,1.0000000000,True,1.4675022364,False,1.9805903435,False,0.0093632956,False,0.9109127209,False
2008-01-28,1.0000000000,True,1.4788086414,True,1.9849147797,True,0.0093484153,True,0.9177680160,True
2008-01-29,1.0000000000,True,1.4771921635,True,1.9892975092,True,0.0093423019,True,0.9141603727,True
2008-01-30,1.0000000000,True,1.4831073284,True,1.9836152792,True,0.0094135364,True,0.9223390309,True
2008-01-31,1.0000000000,True,1.4865025282,True,1.9906044006,True,0.0094116762,True,0.9253261433,True
2008-02-01,1.0000000000,True,1.4799906015,True,1.9664909840,True,0.0093887896,True,0.9185266359,True
2008-02-02,1.0000000000,True,1.4799906015,False,1.9664909840,False,0.0093887896,False,0.9185266359,False
2008-02-03,1.0000000000,True,1.4799906015,False,1.9664909840,False,0.0093887896,False,0.9185266359,False
2008-02-04,1.0000000000,True,1.4827995300,True,1.9748014212,True,0.0093729495,True,0.9191175971,True
2008-02-05,1.0000000000,True,1.4638073444,True,1.9647909403,True,0.0093869392,True,0.9098353250,True
2008-02-06,1.0000000000,True,1.4617104530,True,1.9607843161,True,0.0094002635,True,0.9114939224,True
2008-02-07,1.0000000000,True,1.4478904009,True,1.9428037405,True,0.0093187962,True,0.9064539860,True
2008-02-08,1.0000000000,True,1.5570987463,True,1.9471162558,True,0.0092816040,True,0.9030975897,True
2008-02-09,1.0000000000,True,1.5570987463,False,1.9471162558,False,0.0092816040,False,0.9030975897,False
2008-02-10,1.0000000000,True,1.5570987463,False,1.9471162558,False,0.0092816040,False,0.9030975897,False
2008-02-11,1.0000000000,True,1.4502000809,True,1.9498879910,True,0.0093606663,True,0.9072763306,True
2008-02-12,1.0000000000,True,1.4581936598,True,1.9602077007,True,0.0093161919,True,0.9074410179,True
2008-02-13,1.0000000000,True,1.4556040764,True,1.9622077942,True,0.0092351455,True,0.9024455815,True
2008-02-14,1.0000000000,True,1.4644076824,True,1.9697835445,True,0.0092772984,True,0.9114108341,True
2008-02-15,1.0000000000,True,1.4676098824,True,1.9613995552,True,0.0092764376,True,0.9146620450,True
2008-02-16,1.0000000000,True,1.4676098824,False,1.9613995552,False,0.0092764376,False,0.9146620450,False
2008-02-17,1.0000000000,True,1.4676098824,False,1.9613995552,False,0.0092764376,False,0.9146620450,False
2008-02-18,1.0000000000,True,1.4650082588,True,1.9508007765,True,0.0092455618,True,0.9077704736,True
2008-02-19,1.0000000000,True,1.4729926586,True,1.9482164383,True,0.0092661232,True,0.9138261638,True
2008-02-20,1.0000000000,True,1.4722987413,True,1.9425019026,True,0.0092549743,True,0.9105809809,True
2008-02-21,1.0000000000,True,1.4815034866,True,1.9637877941,True,0.0093101198,True,0.9172629318,True
2008-02-22,1.0000000000,True,1.4826017618,True,1.9669165611,True,0.0093292283,True,0.9217439212,True
2008-02-23,1.0000000000,True,1.4826017618,False,1.9669165611,False,0.0093292283,False,0.9217439212,False
2008-02-24,1.0000000000,True,1.4826017618,False,1.9669165611,False,0.0093292283,False,0.9217439212,False
2008-02-25,1.0000000000,True,1.4835914373,True,1.9666068554,True,0.0092566881,True,0.9186954331,True
2008-02-26,1.0000000000,True,1.4996100664,True,1.9872814417,True,0.0093153238,True,0.9293680512,True
2008-02-27,1.0000000000,True,1.5118072033,True,1.9831826687,True,0.0094011467,True,0.9409993119,True
2008-02-28,1.0000000000,True,1.5195951462,True,1.9898914099,True,0.0095283471,True,0.9514747868,True
2008-02-29,1.0000000000,True,1.5192027092,True,1.9866102934,True,0.0096366969,True,0.9595087598,True
2008-03-01,1.0000000000,True,1.5192027092,False,1.9866102934,False,0.0096366969,False,0.9595087598,False
2008-03-02,1.0000000000,True,1.5192027092,False,1.9866102934,False,0.0096366969,False,0.9595087598,False
2008-03-03,1.0000000000,True,1.5200109482,True,1.9838908911,True,0.0096599694,True,0.9606147855,True
2008-03-04,1.0000000000,True,1.5210051537,True,1.9855847359,True,0.0096739864,True,0.9620935326,True
2008-03-05,1.0000000000,True,1.5276972055,True,1.9917938709,True,0.0096237125,True,0.9653441482,True
2008-03-06,1.0000000000,True,1.5385088921,True,2.0121128559,True,0.0097484888,True,0.9784736241,True
2008-03-07,1.0000000000,True,1.5336012840,True,2.0140175819,True,0.0097370986,True,0.9758002104,True
2008-03-08,1.0000000000,True,1.5336012840,False,2.0140175819,False,0.0097370986,False,0.9758002104,False
2008-03-09,1.0000000000,True,1.5336012840,False,2.0140175819,False,0.0097370986,False,0.9758002104,False
2008-03-10,1.0000000000,True,1.5340952873,True,2.0083951950,True,0.0098599883,True,0.9814505485,True
2008-03-11,1.0000000000,True,1.5341894627,True,2.0060181618,True,0.0096833546,True,0.9686168039,True
2008-03-12,1.0000000000,True,1.5540015697,True,2.0269997120,True,0.0098541581,True,0.9855129060,True
2008-03-13,1.0000000000,True,1.5622069836,True,2.0325202942,True,0.0099324592,True,0.9898049690,True
2008-03-14,1.0000000000,True,1.5617922544,True,2.0199978352,True,0.0100979502,True,1.0021546316,True
2008-03-15,1.0000000000,True,1.5617922544,False,2.0199978352,False,0.0100979502,False,1.0021546316,False
2008-03-16,1.0000000000,True,1.5617922544,False,2.0199978352,False,0.0100979502,False,1.0021546316,False
2008-03-17,1.0000000000,True,1.5748031139,True,1.9972835779,True,0.0102986613,True,1.0159504037,True
2008-03-18,1.0000000000,True,1.5658028126,True,2.0094847679,True,0.0100180325,True,1.0010009881,True
2008-03-19,1.0000000000,True,1.5638928413,True,1.9836940765,True,0.0101399308,True,1.0035122777,True
2008-03-20,1.0000000000,True,1.5442106724,True,1.9847964048,True,0.0100623871,True,0.9933445528,True
2008-03-21,1.0000000000,True,1.5697108507,True,1.9833006859,True,0.0100431857,True,0.9913750242,True
2008-03-22,1.0000000000,True,1.5697108507,False,1.9833006859,False,0.0100431857,False,0.9913750242,False
2008-03-23,1.0000000000,True,1.5697108507,False,1.9833006859,False,0.0100431857,False,0.9913750242,False
2008-03-24,1.0000000000,True,1.5434956551,True,1.9877949953,True,0.0099265438,True,0.9815468985,True
2008-03-25,1.0000000000,True,1.5612071753,True,2.0026032925,True,0.0099920062,True,0.9913750242,True
2008-03-26,1.0000000000,True,1.5824036598,True,2.0073871613,True,0.0100847112,True,1.0084711811,True
2008-03-27,1.0000000000,True,1.5814026594,True,2.0067830086,True,0.0100472221,True,1.0080645326,True
2008-03-28,1.0000000000,True,1.5760937929,True,1.9948930740,True,0.0100887810,True,1.0075566678,True
2008-03-29,1.0000000000,True,1.5760937929,False,1.9948930740,False,0.0100887810,False,1.0075566678,False
2008-03-30,1.0000000000,True,1.5760937929,False,1.9948930740,False,0.0100887810,False,1.0075566678,False
2008-03-31,1.0000000000,True,1.5757957697,True,1.9842058420,True,0.0100150227,True,1.0055304361,True
2008-04-01,1.0000000000,True,1.5757957697,False,1.9842058420,False,0.0100150227,False,1.0055304361,False
2008-04-02,1.0000000000,True,1.5677913427,True,1.9877949953,True,0.0097761266,True,0.9915716607,True
2008-04-03,1.0000000000,True,1.5667105913,True,1.9948930740,True,0.0097761266,True,0.9895112100,True
2008-04-04,1.0000000000,True,1.5736879110,True,1.9946146011,True,0.0098502761,True,0.9945301251,True
2008-04-05,1.0000000000,True,1.5736879110,False,1.9946146011,False,0.0098502761,False,0.9945301251,False
2008-04-06,1.0000000000,True,1.5736879110,False,1.9946146011,False,0.0098502761,False,0.9945301251,False
2008-04-07,1.0000000000,True,1.5704996586,True,1.9881901741,True,0.0097618116,True,0.9875568381,True
2008-04-08,1.0000000000,True,1.5578023195,True,1.9664137363,True,0.0092438528,True,0.9840583082,True
2008-04-09,1.0000000000,True,1.5824036598,True,1.9739829302,True,0.0098210604,True,0.9976057058,True
2008-04-10,1.0000000000,True,1.5742081404,True,1.9716088772,True,0.0097981582,True,0.9917683753,True
2008-04-11,1.0000000000,True,1.5822033882,True,1.9823178053,True,0.0099058943,True,0.9996002127,True
2008-04-12,1.0000000000,True,1.5822033882,False,1.9823178053,False,0.0099058943,False,0.9996002127,False
2008-04-13,1.0000000000,True,1.5822033882,False,1.9823178053,False,0.0099058943,False,0.9996002127,False
2008-04-14,1.0000000000,True,1.5825037956,True,1.9762064219,True,0.0098853298,True,0.9996002127,True
2008-04-15,1.0000000000,True,1.5786067247,True,1.9615919590,True,0.0098212532,True,0.9919650505,True
2008-04-16,1.0000000000,True,1.5958125591,True,1.9714144468,True,0.0098231824,True,1.0009007812,True
2008-04-17,1.0000000000,True,1.5902043581,True,1.9902081490,True,0.0097580012,True,0.9939369265,True
2008-04-18,1.0000000000,True,1.5733908415,True,1.9980818033,True,0.0096385542,True,0.9824147851,True
2008-04-19,1.0000000000,True,1.5733908415,False,1.9980818033,False,0.0096385542,False,0.9824147851,False
2008-04-20,1.0000000000,True,1.5733908415,False,1.9980818033,False,0.0096385542,False,0.9824147851,False
2008-04-21,1.0000000000,True,1.5911911726,True,1.9809041023,True,0.0096802608,True,0.9916700082,True
2008-04-22,1.0000000000,True,1.5987977982,True,1.9963666201,True,0.0097210068,True,0.9970089522,True
2008-04-23,1.0000000000,True,1.5874023438,True,1.9783958197,True,0.0096663184,True,0.9845426967,True
2008-04-24,1.0000000000,True,1.5684061050,True,1.9726979733,True,0.0095926020,True,0.9662769816,True
2008-04-25,1.0000000000,True,1.5636972189,True,1.9833006859,True,0.0095785439,True,0.9665571054,True
2008-04-26,1.0000000000,True,1.5636972189,False,1.9833006859,False,0.0095785439,False,0.9665571054,False
2008-04-27,1.0000000000,True,1.5636972189,False,1.9833006859,False,0.0095785439,False,0.9665571054,False
2008-04-28,1.0000000000,True,1.5652881861,True,1.9911196232,True,0.0095960081,True,0.9669310050,True
2008-04-29,1.0000000000,True,1.5567109585,True,1.9676132202,True,0.0096153846,True,0.9641342316,True
2008-04-30,1.0000000000,True,1.5622069836,True,1.9877949953,True,0.0096206574,True,0.9661836060,True
2008-05-01,1.0000000000,True,1.5622069836,False,1.9877949953,False,0.0096206574,False,0.9661836060,False
2008-05-02,1.0000000000,True,1.5434004068,True,1.9714922905,True,0.0094966759,True,0.9470594006,True
2008-05-03,1.0000000000,True,1.5434004068,False,1.9714922905,False,0.0094966759,False,0.9470594006,False
2008-05-04,1.0000000000,True,1.5434004068,False,1.9714922905,False,0.0094966759,False,0.9470594006,False
2008-05-05,1.0000000000,True,1.5498108864,True,1.9729312658,True,0.0095319795,True,0.9493069701,True
2008-05-06,1.0000000000,True,1.5535910130,True,1.9733597040,True,0.0095525583,True,0.9509319319,True
2008-05-07,1.0000000000,True,1.5385088921,True,1.9527055025,True,0.0095438972,True,0.9471491162,True
2008-05-08,1.0000000000,True,1.5464078188,True,1.9557224512,True,0.0092361691,True,0.9516559122,True
2008-05-09,1.0000000000,True,1.5489946604,True,1.9543846846,True,0.0097276262,True,0.9612611639,True
2008-05-10,1.0000000000,True,1.5489946604,False,1.9543846846,False,0.0097276262,False,0.9612611639,False
2008-05-11,1.0000000000,True,1.5489946604,False,1.9543846846,False,0.0097276262,False,0.9612611639,False
2008-05-12,1.0000000000,True,1.5540015697,True,1.9556077719,True,0.0096366969,True,0.9573042222,True
2008-05-13,1.0000000000,True,1.5477000475,True,1.9463963509,True,0.0095584016,True,0.9509319319,True
2008-05-14,1.0000000000,True,1.5469100475,True,1.9465857744,True,0.0095192763,True,0.9479571073,True
2008-05-15,1.0000000000,True,1.5450935364,True,1.9476091862,True,0.0095419845,True,0.9467007084,True
2008-05-16,1.0000000000,True,1.5596001148,True,1.9567173719,True,0.0096135362,True,0.9542895665,True
2008-05-17,1.0000000000,True,1.5596001148,False,1.9567173719,False,0.0096135362,False,0.9542895665,False
2008-05-18,1.0000000000,True,1.5596001148,False,1.9567173719,False,0.0096135362,False,0.9542895665,False
2008-05-19,1.0000000000,True,1.5527950525,True,1.9495838881,True,0.0095793700,True,0.9504800437,True
2008-05-20,1.0000000000,True,1.5654107332,True,1.9680002928,True,0.0096553056,True,0.9645991994,True
2008-05-21,1.0000000000,True,1.5788060427,True,1.9714144468,True,0.0097049689,True,0.9752291384,True
2008-05-22,1.0000000000,True,1.5731928349,True,1.9805903435,True,0.0096116877,True,0.9706852995,True
2008-05-23,1.0000000000,True,1.5785070658,True,1.9823178053,True,0.0096805418,True,0.9772304793,True
2008-05-24,1.0000000000,True,1.5785070658,False,1.9823178053,False,0.0096805418,False,0.9772304793,False
2008-05-25,1.0000000000,True,1.5785070658,False,1.9823178053,False,0.0096805418,False,0.9772304793,False
2008-05-26,1.0000000000,True,1.5779341459,True,1.9820820093,True,0.0096767954,True,0.9761811832,True
2008-05-27,1.0000000000,True,1.5690950155,True,1.9760111570,True,0.0095977578,True,0.9676794495,True
2008-05-28,1.0000000000,True,1.5656068325,True,1.9809824228,True,0.0095556616,True,0.9645061478,True
2008-05-29,1.0000000000,True,1.5518070459,True,1.9762064219,True,0.0094795717,True,0.9532888240,True
2008-05-30,1.0000000000,True,1.5540982485,True,1.9827893972,True,0.0094786730,True,0.9602458637,True
2008-05-31,1.0000000000,True,1.5540982485,False,1.9827893972,False,0.0094786730,False,0.9602458637,False
2008-06-01,1.0000000000,True,1.5540982485,False,1.9827893972,False,0.0094786730,False,0.9602458637,False
2008-06-02,1.0000000000,True,1.5546056032,True,1.9659111500,True,0.0095712095,True,0.9645061478,True
2008-06-03,1.0000000000,True,1.5450220108,True,1.9625160694,True,0.0095120330,True,0.9597849725,True
2008-06-04,1.0000000000,True,1.5432575941,True,1.9538882971,True,0.0095020907,True,0.9596928473,True
2008-06-05,1.0000000000,True,1.5588949919,True,1.9577901363,True,0.0094410878,True,0.9630199808,True
2008-06-06,1.0000000000,True,1.5785070658,True,1.9700162411,True,0.0095328883,True,0.9818360619,True
2008-06-07,1.0000000000,True,1.5785070658,False,1.9700162411,False,0.0095328883,False,0.9818360619,False
2008-06-08,1.0000000000,True,1.5785070658,False,1.9700162411,False,0.0095328883,False,0.9818360619,False
2008-06-09,1.0000000000,True,1.5643576384,True,1.9742168188,True,0.0094055681,True,0.9736150639,True
2008-06-10,1.0000000000,True,1.5464078188,True,1.9535830021,True,0.0093161919,True,0.9596008496,True
2008-06-11,1.0000000000,True,1.5557906628,True,1.9640191793,True,0.0093492895,True,0.9697439393,True
2008-06-12,1.0000000000,True,1.5460968018,True,1.9474954605,True,0.0092764376,True,0.9617233641,True
2008-06-13,1.0000000000,True,1.5369009972,True,1.9468889236,True,0.0092464169,True,0.9552010388,True
2008-06-14,1.0000000000,True,1.5369009972,False,1.9468889236,False,0.0092464169,False,0.9552010388,False
2008-06-15,1.0000000000,True,1.5369009972,False,1.9468889236,False,0.0092464169,False,0.9552010388,False
2008-06-16,1.0000000000,True,1.5473887920,True,1.9642891884,True,0.0092472721,True,0.9573958893,True
2008-06-17,1.0000000000,True,1.5521925688,True,1.9577133656,True,0.0092618319,True,0.9606147855,True
2008-06-18,1.0000000000,True,1.5538083315,True,1.9587872028,True,0.0092747171,True,0.9652509528,True
2008-06-19,1.0000000000,True,1.5509887934,True,1.9723864794,True,0.0092661232,True,0.9578543790,True
2008-06-20,1.0000000000,True,1.5627930164,True,1.9737102985,True,0.0093187962,True,0.9647853566,True
2008-06-21,1.0000000000,True,1.5627930164,False,1.9737102985,False,0.0093187962,False,0.9647853566,False
2008-06-22,1.0000000000,True,1.5627930164,False,1.9737102985,False,0.0093187962,False,0.9647853566,False
2008-06-23,1.0000000000,True,1.5522888899,True,1.9654086828,True,0.0092738568,True,0.9573042222,True
2008-06-24,1.0000000000,True,1.5570018291,True,1.9704045057,True,0.0092781593,True,0.9606147855,True
2008-06-25,1.0000000000,True,1.5673980713,True,1.9746844769,True,0.0092764376,True,0.9665571054,True
2008-06-26,1.0000000000,True,1.5752992630,True,1.9875973463,True,0.0093504260,True,0.9768486872,True
2008-06-27,1.0000000000,True,1.5752992630,True,1.9940975904,True,0.0094232941,True,0.9822217632,True
2008-06-28,1.0000000000,True,1.5752992630,False,1.9940975904,False,0.0094232941,False,0.9822217632,False
2008-06-29,1.0000000000,True,1.5752992630,False,1.9940975904,False,0.0094232941,False,0.9822217632,False
2008-06-30,1.0000000000,True,1.5750015974,True,1.9929846525,True,0.0094232941,True,0.9794319030,True
2008-07-01,1.0000000000,True,1.5750015974,False,1.9929846525,False,0.0094232941,False,0.9794319030,False
2008-07-02,1.0000000000,True,1.5878056288,True,1.9925081730,True,0.0094393050,True,0.9860960890,True
2008-07-03,1.0000000000,True,1.5700066090,True,1.9829072952,True,0.0093685593,True,0.9742790619,True
2008-07-04,1.0000000000,True,1.5713881254,True,1.9834185839,True,0.0093624195,True,0.9757049853,True
2008-07-05,1.0000000000,True,1.5713881254,False,1.9834185839,False,0.0093624195,False,0.9757049853,False
2008-07-06,1.0000000000,True,1.5713881254,False,1.9834185839,False,0.0093624195,False,0.9757049853,False
2008-07-07,1.0000000000,True,1.5720057487,True,1.9764018059,True,0.0093318399,True,0.9744688612,True
2008-07-08,1.0000000000,True,1.5333895683,True,1.9686976671,True,0.0091399321,True,0.9674922856,True
2008-07-09,1.0000000000,True,1.5735888481,True,1.9821997881,True,0.0093570752,True,0.9720062107,True
2008-07-10,1.0000000000,True,1.5785070658,True,1.9776134491,True,0.0093400331,True,0.9728573002,True
2008-07-11,1.0000000000,True,1.5948964357,True,1.9894163609,True,0.0094153094,True,0.9845426967,True
2008-07-12,1.0000000000,True,1.5948964357,False,1.9894163609,False,0.0094153094,False,0.9845426967,False
2008-07-13,1.0000000000,True,1.5948964357,False,1.9894163609,False,0.0094153094,False,0.9845426967,False
2008-07-14,1.0000000000,True,1.5890924931,True,1.9940179586,True,0.0094144228,True,0.9831875165,True
2008-07-15,1.0000000000,True,1.5899008512,True,2.0036065578,True,0.0095410745,True,0.9901970748,True
2008-07-16,1.0000000000,True,1.5822033882,True,1.9986009598,True,0.0095075109,True,0.9828009413,True
2008-07-17,1.0000000000,True,1.5855901241,True,1.9976029396,True,0.0094137142,True,0.9806805439,True
2008-07-18,1.0000000000,True,1.5853890181,True,1.9990005493,True,0.0093501639,True,0.9779950735,True
2008-07-19,1.0000000000,True,1.5853890181,False,1.9990005493,False,0.0093501639,False,0.9779950735,False
2008-07-20,1.0000000000,True,1.5853890181,False,1.9990005493,False,0.0093501639,False,0.9779950735,False
2008-07-21,1.0000000000,True,1.5913937092,True,2.0017213821,True,0.0093900238,True,0.9825113245,True
2008-07-22,1.0000000000,True,1.5792051554,True,1.9927860498,True,0.0093257481,True,0.9707795473,True
2008-07-23,1.0000000000,True,1.5692428350,True,1.9974433184,True,0.0092686997,True,0.9639483256,True
2008-07-24,1.0000000000,True,1.5688736439,True,1.9872418642,True,0.0093127214,True,0.9653441482,True
2008-07-25,1.0000000000,True,1.5672998428,True,1.9900101423,True,0.0092721374,True,0.9627419032,True
2008-07-26,1.0000000000,True,1.5672998428,False,1.9900101423,False,0.0092721374,False,0.9627419032,False
2008-07-27,1.0000000000,True,1.5672998428,False,1.9900101423,False,0.0092721374,False,0.9627419032,False
2008-07-28,1.0000000000,True,1.5741338730,True,1.9940975904,True,0.0093057883,True,0.9673050825,True
2008-07-29,1.0000000000,True,1.5590895414,True,1.9807864428,True,0.0092524055,True,0.9560229411,True
2008-07-30,1.0000000000,True,1.5573655367,True,1.9811003208,True,0.0092464169,True,0.9537434959,True
2008-07-31,1.0000000000,True,1.5593082905,True,1.9831039906,True,0.0092755776,True,0.9546539249,True
2008-08-01,1.0000000000,True,1.5593082905,False,1.9742946625,True,0.0092755776,False,0.9520182618,True
2008-08-02,1.0000000000,True,1.5593082905,False,1.9742946625,False,0.0092755776,False,0.9520182618,False
2008-08-03,1.0000000000,True,1.5593082905,False,1.9742946625,False,0.0092755776,False,0.9520182618,False
2008-08-04,1.0000000000,True,1.5593082905,False,1.9612072706,True,0.0092755776,False,0.9534706407,True
2008-08-05,1.0000000000,True,1.5593082905,False,1.9556077719,True,0.0092755776,False,0.9491268451,True
2008-08-06,1.0000000000,True,1.5593082905,False,1.9482164383,True,0.0092755776,False,0.9445546733,True
2008-08-07,1.0000000000,True,1.5593082905,False,1.9435969591,True,0.0092755776,False,0.9412650749,True
2008-08-08,1.0000000000,True,1.5048909187,True,1.9197173119,True,0.0090768813,True,0.9242144031,True
2008-08-09,1.0000000000,True,1.5048909187,False,1.9197173119,False,0.0090768813,False,0.9242144031,False
2008-08-10,1.0000000000,True,1.5048909187,False,1.9197173119,False,0.0090768813,False,0.9242144031,False
2008-08-11,1.0000000000,True,1.5048909187,False,1.9118996859,True,0.0090768813,False,0.9209798788,True
2008-08-12,1.0000000000,True,1.5048909187,False,1.8958064318,True,0.0090768813,False,0.9196248273,True
2008-08-13,1.0000000000,True,1.5048909187,False,1.8667861223,True,0.0090768813,False,0.9209798788,True
2008-08-14,1.0000000000,True,1.5048909187,False,1.8666118383,True,0.0090768813,False,0.9120758660,True
2008-08-15,1.0000000000,True,1.5048909187,False,1.8649061918,True,0.0090768813,False,0.9129919084,True
2008-08-16,1.0000000000,True,1.5048909187,False,1.8649061918,False,0.0090768813,False,0.9129919084,False
2008-08-17,1.0000000000,True,1.5048909187,False,1.8649061918,False,0.0090768813,False,0.9129919084,False
2008-08-18,1.0000000000,True,1.5048909187,False,1.8650106192,True,0.0090768813,False,0.9116601445,True
2008-08-19,1.0000000000,True,1.5048909187,False,1.8680067062,True,0.0090768813,False,0.9167583031,True
2008-08-20,1.0000000000,True,1.5048909187,False,1.8634119034,True,0.0090768813,False,0.9107467713,True
2008-08-21,1.0000000000,True,1.5048909187,False,1.8766655922,True,0.0090768813,False,0.9199631910,True
2008-08-22,1.0000000000,True,1.5048909187,False,1.8540148735,True,0.0090768813,False,0.9113277609,True
2008-08-23,1.0000000000,True,1.5048909187,False,1.8540148735,False,0.0090768813,False,0.9113277609,False
2008-08-24,1.0000000000,True,1.5048909187,False,1.8540148735,False,0.0090768813,False,0.9113277609,False
2008-08-25,1.0000000000,True,1.5048909187,False,1.8490097523,True,0.0090768813,False,0.9115770259,True
2008-08-26,1.0000000000,True,1.4647936821,True,1.8392157555,True,0.0091232551,True,0.9090908894,True
2008-08-27,1.0000000000,True,1.4725805521,True,1.8356033564,True,0.0091290852,True,0.9114108341,True
2008-08-28,1.0000000000,True,1.4714103937,True,1.8297927380,True,0.0091390972,True,0.9109127209,True
2008-08-29,1.0000000000,True,1.4670931101,True,1.8217922449,True,0.0091920212,True,0.9124919668,True
2008-08-30,1.0000000000,True,1.4670931101,False,1.8217922449,False,0.0091920212,False,0.9124919668,False
2008-08-31,1.0000000000,True,1.4670931101,False,1.8217922449,False,0.0091920212,False,0.9124919668,False
2008-09-01,1.0000000000,True,1.4574922323,True,1.7913120985,True,0.0092544607,True,0.9072763306,True
2008-09-02,1.0000000000,True,1.4515894651,True,1.7817054987,True,0.0092038655,True,0.9038322381,True
2008-09-03,1.0000000000,True,1.4486035109,True,1.7733011246,True,0.0092293495,True,0.9035872874,True
2008-09-04,1.0000000000,True,1.4264928102,True,1.7614005804,True,0.0093694366,True,0.8996850901,True
2008-09-05,1.0000000000,True,1.4274905920,True,1.7685968876,True,0.0092867756,True,0.8961376149,True
2008-09-06,1.0000000000,True,1.4274905920,False,1.7685968876,False,0.0092867756,False,0.8961376149,False
2008-09-07,1.0000000000,True,1.4274905920,False,1.7685968876,False,0.0092867756,False,0.8961376149,False
2008-09-08,1.0000000000,True,1.5050041676,True,1.7617421150,True,0.0092498381,True,0.8864462075,True
2008-09-09,1.0000000000,True,1.4148474932,True,1.7623009682,True,0.0093214020,True,0.8880994303,True
2008-09-10,1.0000000000,True,1.3984057903,True,1.7529098988,True,0.0092833270,True,0.8800493077,True
2008-09-11,1.0000000000,True,1.3995996714,True,1.7555871010,True,0.0093475413,True,0.8787346133,True
2008-09-12,1.0000000000,True,1.4239943027,True,1.7923073769,True,0.0092644059,True,0.8855827278,True
2008-09-13,1.0000000000,True,1.4239943027,False,1.7923073769,False,0.0092644059,False,0.8855827278,False
2008-09-14,1.0000000000,True,1.4239943027,False,1.7923073769,False,0.0092644059,False,0.8855827278,False
2008-09-15,1.0000000000,True,1.4268999100,True,1.7958157063,True,0.0095922342,True,0.8994423819,True
2008-09-16,1.0000000000,True,1.4135074615,True,1.7836121321,True,0.0094768767,True,0.8914245394,True
2008-09-17,1.0000000000,True,1.4329315424,True,1.8150137663,True,0.0095859814,True,0.9065361730,True
2008-09-18,1.0000000000,True,1.4304922819,True,1.8154091835,True,0.0094786730,True,0.9018758583,True
2008-09-19,1.0000000000,True,1.4417947531,True,1.8308981657,True,0.0093092536,True,0.9071118012,True
2008-09-20,1.0000000000,True,1.4417947531,False,1.8308981657,False,0.0093092536,False,0.9071118012,False
2008-09-21,1.0000000000,True,1.4417947531,False,1.8308981657,False,0.0093092536,False,0.9071118012,False
2008-09-22,1.0000000000,True,1.4795963764,True,1.8580108881,True,0.0094732856,True,0.9309253102,True
2008-09-23,1.0000000000,True,1.4692918062,True,1.8554940224,True,0.0094590375,True,0.9218289043,True
2008-09-24,1.0000000000,True,1.4633146524,True,1.8494886160,True,0.0094268475,True,0.9170105480,True
2008-09-25,1.0000000000,True,1.4641932249,True,1.8404004574,True,0.0094055681,True,0.9194556884,True
2008-09-26,1.0000000000,True,1.4598966837,True,1.8402988911,True,0.0094295141,True,0.9157509094,True
2008-09-27,1.0000000000,True,1.4598966837,False,1.8402988911,False,0.0094295141,False,0.9157509094,False
2008-09-28,1.0000000000,True,1.4598966837,False,1.8402988911,False,0.0094295141,False,0.9157509094,False
2008-09-29,1.0000000000,True,1.4393253326,True,1.8010878563,True,0.0096299219,True,0.9157509094,True
2008-09-30,1.0000000000,True,1.4096419811,True,1.7820864916,True,0.0094277364,True,0.8921402167,True
2008-10-01,1.0000000000,True,1.4016202688,True,1.7699428797,True,0.0094393050,True,0.8885729936,True
2008-10-02,1.0000000000,True,1.3807959557,True,1.7645086050,True,0.0095048000,True,0.8807468293,True
2008-10-03,1.0000000000,True,1.3784927130,True,1.7720128298,True,0.0094966759,True,0.8881783224,True
2008-10-04,1.0000000000,True,1.3784927130,False,1.7720128298,False,0.0094966759,False,0.8881783224,False
2008-10-05,1.0000000000,True,1.3784927130,False,1.7720128298,False,0.0094966759,False,0.8881783224,False
2008-10-06,1.0000000000,True,1.3504936695,True,1.7431017160,True,0.0098154694,True,0.8708525255,True
2008-10-07,1.0000000000,True,1.3588064909,True,1.7455053329,True,0.0098561010,True,0.8768084562,True
2008-10-08,1.0000000000,True,1.4957072735,True,1.7275035381,True,0.0090834775,True,0.8869965974,True
2008-10-09,1.0000000000,True,1.3598041534,True,1.7086423635,True,0.0100492411,True,0.8861320457,True
2008-10-10,1.0000000000,True,1.3398001194,True,1.7040129900,True,0.0098911970,True,0.8688097134,True
2008-10-11,1.0000000000,True,1.3398001194,False,1.7040129900,False,0.0098911970,False,0.8688097134,False
2008-10-12,1.0000000000,True,1.3398001194,False,1.7040129900,False,0.0098911970,False,0.8688097134,False
2008-10-13,1.0000000000,True,1.3621937037,True,1.7442874908,True,0.0097770826,True,0.8806693442,True
2008-10-14,1.0000000000,True,1.3618041277,True,1.7417961359,True,0.0098077678,True,0.8804366935,True
2008-10-15,1.0000000000,True,1.3443931341,True,1.7183902264,True,0.0100280785,True,0.8821453802,True
2008-10-16,1.0000000000,True,1.3489997387,True,1.7343045473,True,0.0098775190,True,0.8822232181,True
2008-10-17,1.0000000000,True,1.3422999382,True,1.7301934958,True,0.0098376782,True,0.8804366935,True
2008-10-18,1.0000000000,True,1.3422999382,False,1.7301934958,False,0.0098376782,False,0.8804366935,False
2008-10-19,1.0000000000,True,1.3422999382,False,1.7301934958,False,0.0098376782,False,0.8804366935,False
2008-10-20,1.0000000000,True,1.3313274384,True,1.7130914927,True,0.0098068058,True,0.8690362591,True
2008-10-21,1.0000000000,True,1.3061139584,True,1.6673891544,True,0.0099674062,True,0.8679048900,True
2008-10-22,1.0000000000,True,1.2816734314,True,1.6200890541,True,0.0102186797,True,0.8582954412,True
2008-10-23,1.0000000000,True,1.2944984436,True,1.6226917505,True,0.0102587254,True,0.8627382900,True
2008-10-24,1.0000000000,True,1.2629930973,True,1.5914950371,True,0.0106078290,True,0.8574122867,True
2008-10-25,1.0000000000,True,1.2629930973,False,1.5914950371,False,0.0106078290,False,0.8574122867,False
2008-10-26,1.0000000000,True,1.2629930973,False,1.5914950371,False,0.0106078290,False,0.8574122867,False
2008-10-27,1.0000000000,True,1.2464631796,True,1.5539048910,True,0.0107303045,True,0.8646031483,True
2008-10-28,1.0000000000,True,1.2809016705,True,1.6090104580,True,0.0101832997,True,0.8687342244,True
2008-10-29,1.0000000000,True,1.2959243059,True,1.6371970177,True,0.0102543072,True,0.8829242842,True
2008-10-30,1.0000000000,True,1.2868025303,True,1.6371166706,True,0.0101224819,True,0.8780401822,True
2008-10-31,1.0000000000,True,1.2701960802,True,1.6073035002,True,0.0101584719,True,0.8624407051,True
2008-11-01,1.0000000000,True,1.2701960802,False,1.6073035002,False,0.0101584719,False,0.8624407051,False
2008-11-02,1.0000000000,True,1.2701960802,False,1.6073035002,False,0.0101584719,False,0.8624407051,False
2008-11-03,1.0000000000,True,1.2617977858,True,1.5770632029,True,0.0101010101,True,0.8497620575,True
2008-11-04,1.0000000000,True,1.2983977795,True,1.5937016010,True,0.0100267713,True,0.8599191890,True
2008-11-05,1.0000000000,True,1.2918059826,True,1.5845098495,True,0.0101812257,True,0.8619203587,True
2008-11-06,1.0000000000,True,1.2695027590,True,1.5583120584,True,0.0102800279,True,0.8493290352,True
2008-11-07,1.0000000000,True,1.2714072466,True,1.5650922060,True,0.0101947195,True,0.8484643130,True
2008-11-08,1.0000000000,True,1.2714072466,False,1.5650922060,False,0.0101947195,False,0.8484643130,False
2008-11-09,1.0000000000,True,1.2714072466,False,1.5650922060,False,0.0101947195,False,0.8484643130,False
2008-11-10,1.0000000000,True,1.2747948170,True,1.5636237860,True,0.0102072062,True,0.8485362344,True
2008-11-11,1.0000000000,True,1.2515957355,True,1.5383905172,True,0.0102784430,True,0.8424599574,True
2008-11-12,1.0000000000,True,1.2459040880,True,1.4914910793,True,0.0105485229,True,0.8423889778,True
2008-11-13,1.0000000000,True,1.2788705826,True,1.4906684160,True,0.0102490520,True,0.8434547607,True
2008-11-14,1.0000000000,True,1.2596997023,True,1.4752962589,True,0.0103071535,True,0.8359107039,True
2008-11-15,1.0000000000,True,1.2596997023,False,1.4752962589,False,0.0103071535,False,0.8359107039,False
2008-11-16,1.0000000000,True,1.2596997023,False,1.4752962589,False,0.0103071535,False,0.8359107039,False
2008-11-17,1.0000000000,True,1.2643983364,True,1.4994976521,True,0.0103723676,True,0.8340283563,True
2008-11-18,1.0000000000,True,1.2636953592,True,1.4959534407,True,0.0103363444,True,0.8322237325,True
2008-11-19,1.0000000000,True,1.2505314350,True,1.4970060587,True,0.0104163413,True,0.8254911454,True
2008-11-20,1.0000000000,True,1.2439049482,True,1.4737958908,True,0.0106326419,True,0.8159268902,True
2008-11-21,1.0000000000,True,1.2590969801,True,1.4926933050,True,0.0104264411,True,0.8180628607,True
2008-11-22,1.0000000000,True,1.2590969801,False,1.4926933050,False,0.0104264411,False,0.8180628607,False
2008-11-23,1.0000000000,True,1.2590969801,False,1.4926933050,False,0.0104264411,False,0.8180628607,False
2008-11-24,1.0000000000,True,1.2917727232,True,1.5148990154,True,0.0103231132,True,0.8356313356,True
2008-11-25,1.0000000000,True,1.3034070730,True,1.5428051949,True,0.0104770188,True,0.8425309491,True
2008-11-26,1.0000000000,True,1.2899230719,True,1.5333660841,True,0.0104594849,True,0.8317391995,True
2008-11-27,1.0000000000,True,1.2895072699,True,1.5403099060,True,0.0104789948,True,0.8329862478,True
2008-11-28,1.0000000000,True,1.2697929144,True,1.5385088921,True,0.0104712042,True,0.8348638891,True
2008-11-29,1.0000000000,True,1.2697929144,False,1.5385088921,False,0.0104712042,False,0.8348638891,False
2008-11-30,1.0000000000,True,1.2697929144,False,1.5385088921,False,0.0104712042,False,0.8348638891,False
2008-12-01,1.0000000000,True,1.2599060535,True,1.4865025282,True,0.0107365257,True,0.8302889796,True
2008-12-02,1.0000000000,True,1.2713264227,True,1.4907128811,True,0.0107352577,True,0.8289811682,True
2008-12-03,1.0000000000,True,1.2707933187,True,1.4781965017,True,0.0107365257,True,0.8263097336,True
2008-12-04,1.0000000000,True,1.2774002552,True,1.4684071541,True,0.0108166580,True,0.8365400705,True
2008-12-05,1.0000000000,True,1.2716983557,True,1.4705017805,True,0.0107735402,True,0.8203445569,True
2008-12-06,1.0000000000,True,1.2716983557,False,1.4705017805,False,0.0107735402,False,0.8203445569,False
2008-12-07,1.0000000000,True,1.2716983557,False,1.4705017805,False,0.0107735402,False,0.8203445569,False
2008-12-08,1.0000000000,True,1.4918025732,True,1.4874975681,True,0.0091541562,True,0.8289811682,True
2008-12-09,1.0000000000,True,1.2926075459,True,1.4759057760,True,0.0108338839,True,0.8296001396,True
2008-12-10,1.0000000000,True,1.3014055490,True,1.4797934294,True,0.0107712197,True,0.8339587902,True
2008-12-11,1.0000000000,True,1.3329956532,True,1.5029006004,True,0.0109253798,True,0.8433836133,True
2008-12-12,1.0000000000,True,1.3353987932,True,1.4949917793,True,0.0109805644,True,0.8496898421,True
2008-12-13,1.0000000000,True,1.3353987932,False,1.4949917793,False,0.0109805644,False,0.8496898421,False
2008-12-14,1.0000000000,True,1.3353987932,False,1.4949917793,False,0.0109805644,False,0.8496898421,False
2008-12-15,1.0000000000,True,1.3696004152,True,1.5298942327,True,0.0110497238,True,0.8635578641,True
2008-12-16,1.0000000000,True,1.4061928988,True,1.5586034060,True,0.0112764997,True,0.8929368788,True
2008-12-17,1.0000000000,True,1.4408391714,True,1.5507001877,True,0.0114521301,True,0.9317059501,True
2008-12-18,1.0000000000,True,1.4293065071,True,1.5055025816,True,0.0111725605,True,0.9271277161,True
2008-12-19,1.0000000000,True,1.3926025629,True,1.4994976521,True,0.0112019720,True,0.9083476710,True
2008-12-20,1.0000000000,True,1.3926025629,False,1.4994976521,False,0.0112019720,False,0.9083476710,False
2008-12-21,1.0000000000,True,1.3926025629,False,1.4994976521,False,0.0112019720,False,0.9083476710,False
2008-12-22,1.0000000000,True,1.3959071636,True,1.4827995300,True,0.0110913926,True,0.9143274692,True
2008-12-23,1.0000000000,True,1.3937865496,True,1.4744912386,True,0.0110083668,True,0.9192020966,True
2008-12-24,1.0000000000,True,1.4008938074,True,1.4732097387,True,0.0110497238,True,0.9321401589,True
2008-12-25,1.0000000000,True,1.4015023708,True,1.4749915600,True,0.0110480147,True,0.9285913224,True
2008-12-26,1.0000000000,True,1.4027016163,True,1.4584913254,True,0.0110168562,True,0.9324879004,True
2008-12-27,1.0000000000,True,1.4027016163,False,1.4584913254,False,0.0110168562,False,0.9324879004,False
2008-12-28,1.0000000000,True,1.4027016163,False,1.4584913254,False,0.0110168562,False,0.9324879004,False
2008-12-29,1.0000000000,True,1.4039028883,True,1.4469058514,True,0.0110311962,True,0.9457159175,True
2008-12-30,1.0000000000,True,1.4140071869,True,1.4468011856,True,0.0110754235,True,0.9471491162,True
2008-12-31,1.0000000000,True,1.3979953527,True,1.4656095505,True,0.0110314394,True,0.9588647352,True
2009-01-01,1.0000000000,True,1.3998936415,True,1.4740999937,True,0.0110293712,True,0.9392317019,True
2009-01-02,1.0000000000,True,1.3922922611,True,1.4523905516,True,0.0108944328,True,0.9266981634,True
2009-01-03,1.0000000000,True,1.3922922611,False,1.4523905516,False,0.0108944328,False,0.9266981634,False
2009-01-04,1.0000000000,True,1.3922922611,False,1.4523905516,False,0.0108944328,False,0.9266981634,False
2009-01-05,1.0000000000,True,1.3645915985,True,1.4716053009,True,0.0107276566,True,0.9020385906,True
2009-01-06,1.0000000000,True,1.3510043621,True,1.4912018776,True,0.0107089316,True,0.8957362925,True
2009-01-07,1.0000000000,True,1.3610997200,True,1.5079090595,True,0.0107898144,True,0.9059611770,True
2009-01-08,1.0000000000,True,1.3699005842,True,1.5226957798,True,0.0109457092,True,0.9140767976,True
2009-01-09,1.0000000000,True,1.3454966545,True,1.5179113150,True,0.0110656188,True,0.8976660982,True
2009-01-10,1.0000000000,True,1.3454966545,False,1.5179113150,False,0.0110656188,False,0.8976660982,False
2009-01-11,1.0000000000,True,1.3454966545,False,1.5179113150,False,0.0110656188,False,0.8976660982,False
2009-01-12,1.0000000000,True,1.3360053301,True,1.4818986654,True,0.0111819300,True,0.8969414354,True
2009-01-13,1.0000000000,True,1.3202017546,True,1.4516948462,True,0.0111930688,True,0.8944543584,True
2009-01-14,1.0000000000,True,1.3217023611,True,1.4620951414,True,0.0112157914,True,0.8966196959,True
2009-01-15,1.0000000000,True,1.3158068657,True,1.4672007561,True,0.0111185232,True,0.8913450695,True
2009-01-16,1.0000000000,True,1.3292039633,True,1.4734051228,True,0.0110010999,True,0.8926977023,True
2009-01-17,1.0000000000,True,1.3292039633,False,1.4734051228,False,0.0110010999,False,0.8926977023,False
2009-01-18,1.0000000000,True,1.3292039633,False,1.4734051228,False,0.0110010999,False,0.8926977023,False
2009-01-19,1.0000000000,True,1.3093974590,True,1.4425435066,True,0.0110350913,True,0.8833142057,True
2009-01-20,1.0000000000,True,1.2884937525,True,1.3877516985,True,0.0111346178,True,0.8718396156,True
2009-01-21,1.0000000000,True,1.3005084991,True,1.3875976801,True,0.0112296459,True,0.8655010969,True
2009-01-22,1.0000000000,True,1.3006776571,True,1.3880406618,True,0.0112200705,True,0.8668516119,True
2009-01-23,1.0000000000,True,1.2964956760,True,1.3783026934,True,0.0112663359,True,0.8725241789,True
2009-01-24,1.0000000000,True,1.2964956760,False,1.3783026934,False,0.0112663359,False,0.8725241789,False
2009-01-25,1.0000000000,True,1.2964956760,False,1.3783026934,False,0.0112663359,False,0.8725241789,False
2009-01-26,1.0000000000,True,1.3191915751,True,1.3970968723,True,0.0112057376,True,0.8785801799,True
2009-01-27,1.0000000000,True,1.3215975761,True,1.4186408520,True,0.0111944473,True,0.8772699597,True
2009-01-28,1.0000000000,True,1.3153221607,True,1.4229811430,True,0.0110543656,True,0.8677542394,True
2009-01-29,1.0000000000,True,1.2937949896,True,1.4278982878,True,0.0111222329,True,0.8664760860,True
2009-01-30,1.0000000000,True,1.2836971283,True,1.4563035965,True,0.0111234703,True,0.8616975073,True
2009-01-31,1.0000000000,True,1.2836971283,False,1.4563035965,False,0.0111234703,False,0.8616975073,False
2009-02-01,1.0000000000,True,1.2836971283,False,1.4563035965,False,0.0111234703,False,0.8616975073,False
2009-02-02,1.0000000000,True,1.2814927101,True,1.4212015867,True,0.0111906893,True,0.8605852417,True
2009-02-03,1.0000000000,True,1.3012869358,True,1.4437098503,True,0.0111894368,True,0.8739731065,True
2009-02-04,1.0000000000,True,1.2855618000,True,1.4459016323,True,0.0111831807,True,0.8637070610,True
2009-02-05,1.0000000000,True,1.2791157961,True,1.4632076025,True,0.0109709269,True,0.8538251096,True
2009-02-06,1.0000000000,True,1.2927078009,True,1.4774976969,True,0.0108790255,True,0.9238729055,True
2009-02-07,1.0000000000,True,1.2927078009,False,1.4774976969,False,0.0108790255,False,0.9238729055,False
2009-02-08,1.0000000000,True,1.2927078009,False,1.4774976969,False,0.0108790255,False,0.9238729055,False
2009-02-09,1.0000000000,True,1.2959076166,True,1.4855530262,True,0.0109517033,True,0.8567512220,True
2009-02-10,1.0000000000,True,1.2914056778,True,1.4558795691,True,0.0110565654,True,0.8649022277,True
2009-02-11,1.0000000000,True,1.2868025303,True,1.4350084066,True,0.0110754235,True,0.8616233377,True
2009-02-12,1.0000000000,True,1.2890917063,True,1.4291023016,True,0.0110290065,True,0.8611780571,True
2009-02-13,1.0000000000,True,1.2866039276,True,1.4359976053,True,0.0108861310,True,0.8616233377,True
2009-02-14,1.0000000000,True,1.2866039276,False,1.4359976053,False,0.0108861310,False,0.8616233377,False
2009-02-15,1.0000000000,True,1.2866039276,False,1.4359976053,False,0.0108861310,False,0.8616233377,False
2009-02-16,1.0000000000,True,1.2799016237,True,1.4298174381,True,0.0109039364,True,0.8623663188,True
2009-02-17,1.0000000000,True,1.2581939697,True,1.4239943027,True,0.0108370539,True,0.8559445109,True
2009-02-18,1.0000000000,True,1.2568972111,True,1.4250901937,True,0.0106803378,True,0.8514986579,True
2009-02-19,1.0000000000,True,1.2659028769,True,1.4266964197,True,0.0106370529,True,0.8514986579,True
2009-02-20,1.0000000000,True,1.2932929993,True,1.4438974857,True,0.0107135209,True,0.8643042757,True
2009-02-21,1.0000000000,True,1.2932929993,False,1.4438974857,False,0.0107135209,False,0.8643042757,False
2009-02-22,1.0000000000,True,1.2932929993,False,1.4438974857,False,0.0107135209,False,0.8643042757,False
2009-02-23,1.0000000000,True,1.2678127289,True,1.4470943213,True,0.0105932202,True,0.8541898345,True
2009-02-24,1.0000000000,True,1.2873989344,True,1.4528548717,True,0.0103573275,True,0.8633341652,True
2009-02-25,1.0000000000,True,1.2724264860,True,1.4220906496,True,0.0102679947,True,0.8548469509,True
2009-02-26,1.0000000000,True,1.2720541954,True,1.4297969341,True,0.0101694226,True,0.8577064987,True
2009-02-27,1.0000000000,True,1.2678931952,True,1.4272053242,True,0.0102438022,True,0.8547739558,True
2009-02-28,1.0000000000,True,1.2678931952,False,1.4272053242,False,0.0102438022,False,0.8547739558,False
2009-03-01,1.0000000000,True,1.2678931952,False,1.4272053242,False,0.0102438022,False,0.8547739558,False
2009-03-02,1.0000000000,True,1.2564076185,True,1.4035087824,True,0.0103035423,True,0.8505571516,True
2009-03-03,1.0000000000,True,1.2531799078,True,1.4027999640,True,0.0101486778,True,0.8483923180,True
2009-03-04,1.0000000000,True,1.2638070583,True,1.4177759886,True,0.0101018267,True,0.8548469509,True
2009-03-05,1.0000000000,True,1.2546736002,True,1.4131079912,True,0.0101905638,True,0.8547008861,True
2009-03-06,1.0000000000,True,1.2638070583,True,1.4070039988,True,0.0101688025,True,0.8628872039,True
2009-03-07,1.0000000000,True,1.2638070583,False,1.4070039988,False,0.0101688025,False,0.8628872039,False
2009-03-08,1.0000000000,True,1.2638070583,False,1.4070039988,False,0.0101688025,False,0.8628872039,False
2009-03-09,1.0000000000,True,1.2622755766,True,1.3794054985,True,0.0101091793,True,0.8633341652,True
2009-03-10,1.0000000000,True,1.2716660500,True,1.3791962862,True,0.0101235069,True,0.8626639411,True
2009-03-11,1.0000000000,True,1.2806720734,True,1.3841979504,True,0.0102827763,True,0.8655010969,True
2009-03-12,1.0000000000,True,1.2898899317,True,1.3931069374,True,0.0102753802,True,0.8426019527,True
2009-03-13,1.0000000000,True,1.2929919958,True,1.4006974697,True,0.0102103326,True,0.8441668105,True
2009-03-14,1.0000000000,True,1.2929919958,False,1.4006974697,False,0.0102103326,False,0.8441668105,False
2009-03-15,1.0000000000,True,1.2929919958,False,1.4006974697,False,0.0102103326,False,0.8441668105,False
2009-03-16,1.0000000000,True,1.2976058722,True,1.4075981379,True,0.0101832997,True,0.8442380901,True
2009-03-17,1.0000000000,True,1.3033220768,True,1.4054024220,True,0.0101234045,True,0.8471704407,True
2009-03-18,1.0000000000,True,1.3483994007,True,1.4284082651,True,0.0103733363,True,0.8763473465,True
2009-03-19,1.0000000000,True,1.3661948442,True,1.4495905638,True,0.0105876128,True,0.8904719297,True
2009-03-20,1.0000000000,True,1.3581973314,True,1.4427100420,True,0.0104242677,True,0.8866820454,True
2009-03-21,1.0000000000,True,1.3581973314,False,1.4427100420,False,0.0104242677,False,0.8866820454,False
2009-03-22,1.0000000000,True,1.3581973314,False,1.4427100420,False,0.0104242677,False,0.8866820454,False
2009-03-23,1.0000000000,True,1.3620452881,True,1.4571949244,True,0.0102995094,True,0.8884940313,True
2009-03-24,1.0000000000,True,1.3481267691,True,1.4700045586,True,0.0101688025,True,0.8844861327,True
2009-03-25,1.0000000000,True,1.3576995134,True,1.4550957680,True,0.0102322722,True,0.8915834269,True
2009-03-26,1.0000000000,True,1.3530701399,True,1.4465081692,True,0.0101317126,True,0.8873902188,True
2009-03-27,1.0000000000,True,1.3292039633,True,1.4325006008,True,0.0102197242,True,0.8746610256,True
2009-03-28,1.0000000000,True,1.3292039633,False,1.4325006008,False,0.0102197242,False,0.8746610256,False
2009-03-29,1.0000000000,True,1.3292039633,False,1.4325006008,False,0.0102197242,False,0.8746610256,False
2009-03-30,1.0000000000,True,1.3186175823,True,1.4247043133,True,0.0102635685,True,0.8688852155,True
2009-03-31,1.0000000000,True,1.3246963024,True,1.4344938993,True,0.0101040718,True,0.8780401822,True
2009-04-01,1.0000000000,True,1.3240998983,True,1.4460898638,True,0.0101358196,True,0.8727526661,True
2009-04-02,1.0000000000,True,1.3466924429,True,1.4734919071,True,0.0100441947,True,0.8816787342,True
2009-04-03,1.0000000000,True,1.3489087820,True,1.4833053350,True,0.0099700894,True,0.8850340905,True
2009-04-04,1.0000000000,True,1.3489087820,False,1.4833053350,False,0.0099700894,False,0.8850340905,False
2009-04-05,1.0000000000,True,1.3489087820,False,1.4833053350,False,0.0099700894,False,0.8850340905,False
2009-04-06,1.0000000000,True,1.3405724764,True,1.4740999937,True,0.0099245730,True,0.8798169845,True
2009-04-07,1.0000000000,True,1.3277391195,True,1.4740999937,True,0.0099314726,True,0.8761170649,True
2009-04-08,1.0000000000,True,1.3251352310,True,1.4695078135,True,0.0100260680,True,0.8710042539,True
2009-04-09,1.0000000000,True,1.3159972429,True,1.4675022364,True,0.0099561925,True,0.8648275053,True
2009-04-10,1.0000000000,True,1.3175925016,True,1.4659962654,True,0.0099740672,True,0.8672274634,True
2009-04-11,1.0000000000,True,1.3175925016,False,1.4659962654,False,0.0099740672,False,0.8672274634,False
2009-04-12,1.0000000000,True,1.3175925016,False,1.4659962654,False,0.0099740672,False,0.8672274634,False
2009-04-13,1.0000000000,True,1.3363981247,True,1.4849352837,True,0.0099980007,True,0.8830801557,True
2009-04-14,1.0000000000,True,1.3274042606,True,1.4904906750,True,0.0101040718,True,0.8797395707,True
2009-04-15,1.0000000000,True,1.3225939274,True,1.5000150204,True,0.0100775972,True,0.8754267631,True
2009-04-16,1.0000000000,True,1.3180439472,True,1.4918916225,True,0.0100674517,True,0.8719915976,True
2009-04-17,1.0000000000,True,1.3044953346,True,1.4799906015,True,0.0100928541,True,0.8581481078,True
2009-04-18,1.0000000000,True,1.3044953346,False,1.4799906015,False,0.0100928541,False,0.8581481078,False
2009-04-19,1.0000000000,True,1.3044953346,False,1.4799906015,False,0.0100928541,False,0.8581481078,False
2009-04-20,1.0000000000,True,1.2928917408,True,1.4543128014,True,0.0101972139,True,0.8555783736,True
2009-04-21,1.0000000000,True,1.2934937477,True,1.4664906263,True,0.0101378752,True,0.8556515935,True
2009-04-22,1.0000000000,True,1.3005760908,True,1.4488973618,True,0.0101905638,True,0.8593280169,True
2009-04-23,1.0000000000,True,1.3140950203,True,1.4716920853,True,0.0102124185,True,0.8691118006,True
2009-04-24,1.0000000000,True,1.3258028030,True,1.4714971781,True,0.0102870076,True,0.8804366935,True
2009-04-25,1.0000000000,True,1.3258028030,False,1.4714971781,False,0.0102870076,False,0.8804366935,False
2009-04-26,1.0000000000,True,1.3258028030,False,1.4714971781,False,0.0102870076,False,0.8804366935,False
2009-04-27,1.0000000000,True,1.3018969297,True,1.4614968300,True,0.0103594739,True,0.8645283885,True
2009-04-28,1.0000000000,True,1.3130941391,True,1.4628652334,True,0.0103594739,True,0.8742022623,True
2009-04-29,1.0000000000,True,1.3265942335,True,1.4767340422,True,0.0102595669,True,0.8800493077,True
2009-04-30,1.0000000000,True,1.3235216141,True,1.4788086414,True,0.0101327386,True,0.8770391014,True
2009-05-01,1.0000000000,True,1.3268054724,True,1.4910907745,True,0.0100816612,True,0.8809796439,True
2009-05-02,1.0000000000,True,1.3268054724,False,1.4910907745,False,0.0100816612,False,0.8809796439,False
2009-05-03,1.0000000000,True,1.3268054724,False,1.4910907745,False,0.0100816612,False,0.8809796439,False
2009-05-04,1.0000000000,True,1.3418675661,True,1.5035107136,True,0.0101183849,True,0.8880994303,True
2009-05-05,1.0000000000,True,1.3315933943,True,1.5070909262,True,0.0101091793,True,0.8822232181,True
2009-05-06,1.0000000000,True,1.3312920332,True,1.5150138140,True,0.0101615686,True,0.8824567211,True
2009-05-07,1.0000000000,True,1.3392080069,True,1.5033977032,True,0.0100879672,True,0.8851908014,True
2009-05-08,1.0000000000,True,1.3639029264,True,1.5242972374,True,0.0101574406,True,0.9062075145,True
2009-05-09,1.0000000000,True,1.3639029264,False,1.5242972374,False,0.0101574406,False,0.9062075145,False
2009-05-10,1.0000000000,True,1.3639029264,False,1.5242972374,False,0.0101574406,False,0.9062075145,False
2009-05-11,1.0000000000,True,1.3589910269,True,1.5137066841,True,0.0102564103,True,0.9018758583,True
2009-05-12,1.0000000000,True,1.3644984961,True,1.5270439386,True,0.0103669916,True,0.9044862523,True
2009-05-13,1.0000000000,True,1.3588618040,True,1.5152893066,True,0.0104854773,True,0.9031791691,True
2009-05-14,1.0000000000,True,1.3636053801,True,1.5229507685,True,0.0104166667,True,0.9053051266,True
2009-05-15,1.0000000000,True,1.3502019644,True,1.5160933733,True,0.0105141415,True,0.8926977023,True
2009-05-16,1.0000000000,True,1.3502019644,False,1.5160933733,False,0.0105141415,False,0.8926977023,False
2009-05-17,1.0000000000,True,1.3502019644,False,1.5160933733,False,0.0105141415,False,0.8926977023,False
2009-05-18,1.0000000000,True,1.3558034897,True,1.5343776941,True,0.0103763501,True,0.8975049395,True
2009-05-19,1.0000000000,True,1.3632335663,True,1.5483951569,True,0.0104039872,True,0.9018758583,True
2009-05-20,1.0000000000,True,1.3772966862,True,1.5753985643,True,0.0105361862,True,0.9087604747,True
2009-05-21,1.0000000000,True,1.3906078339,True,1.5850875378,True,0.0106236060,True,0.9150805094,True
2009-05-22,1.0000000000,True,1.4003052711,True,1.5920017958,True,0.0105552040,True,0.9211495790,True
2009-05-23,1.0000000000,True,1.4003052711,False,1.5920017958,False,0.0105552040,False,0.9211495790,False
2009-05-24,1.0000000000,True,1.4003052711,False,1.5920017958,False,0.0105552040,False,0.9211495790,False
2009-05-25,1.0000000000,True,1.4006974697,True,1.5910899639,True,0.0105462983,True,0.9230201124,True
2009-05-26,1.0000000000,True,1.3994038105,True,1.5937016010,True,0.0105207782,True,0.9230201124,True
2009-05-27,1.0000000000,True,1.3833937645,True,1.5960928202,True,0.0104843786,True,0.9154993568,True
2009-05-28,1.0000000000,True,1.3931069374,True,1.5933715105,True,0.0103307923,True,0.9213193417,True
2009-05-29,1.0000000000,True,1.4157087803,True,1.6186991930,True,0.0104788850,True,0.9376465525,True
2009-05-30,1.0000000000,True,1.4157087803,False,1.6186991930,False,0.0104788850,False,0.9376465525,False
2009-05-31,1.0000000000,True,1.4157087803,False,1.6186991930,False,0.0104788850,False,0.9376465525,False
2009-06-01,1.0000000000,True,1.4163904190,True,1.6447098255,True,0.0103603320,True,0.9347541428,True
2009-06-02,1.0000000000,True,1.4308607578,True,1.6579074860,True,0.0104601419,True,0.9422406134,True
2009-06-03,1.0000000000,True,1.4149675369,True,1.6312948465,True,0.0104090767,True,0.9343174959,True
2009-06-04,1.0000000000,True,1.4177961349,True,1.6112658978,True,0.0103473611,True,0.9351911981,True
2009-06-05,1.0000000000,True,1.3971943855,True,1.5995905399,True,0.0101204334,True,0.9220839477,True
2009-06-06,1.0000000000,True,1.3971943855,False,1.5995905399,False,0.0101204334,False,0.9220839477,False
2009-06-07,1.0000000000,True,1.3971943855,False,1.5995905399,False,0.0101204334,False,0.9220839477,False
2009-06-08,1.0000000000,True,1.3902984858,True,1.6038235426,True,0.0101567181,True,0.9165903170,True
2009-06-09,1.0000000000,True,1.4063313007,True,1.6311084032,True,0.0102588306,True,0.9266122802,True
2009-06-10,1.0000000000,True,1.3983862400,True,1.6354032755,True,0.0101885906,True,0.9254974492,True
2009-06-11,1.0000000000,True,1.4110939503,True,1.6584023237,True,0.0102427535,True,0.9344048135,True
2009-06-12,1.0000000000,True,1.4001091719,True,1.6430884600,True,0.0101657006,True,0.9256688184,True
2009-06-13,1.0000000000,True,1.4001091719,False,1.6430884600,False,0.0101657006,False,0.9256688184,False
2009-06-14,1.0000000000,True,1.4001091719,False,1.6430884600,False,0.0101657006,False,0.9256688184,False
2009-06-15,1.0000000000,True,1.3784927130,True,1.6294871569,True,0.0102229628,True,0.9151642682,True
2009-06-16,1.0000000000,True,1.3829919100,True,1.6396936178,True,0.0103626943,True,0.9183580012,True
2009-06-17,1.0000000000,True,1.3938059807,True,1.6388069391,True,0.0104449553,True,0.9258401490,True
2009-06-18,1.0000000000,True,1.3914979696,True,1.6366075277,True,0.0103551828,True,0.9211495790,True
2009-06-19,1.0000000000,True,1.3947001696,True,1.6522098780,True,0.0103348489,True,0.9239582817,True
2009-06-20,1.0000000000,True,1.3947001696,False,1.6522098780,False,0.0103348489,False,0.9239582817,False
2009-06-21,1.0000000000,True,1.3947001696,False,1.6522098780,False,0.0103348489,False,0.9239582817,False
2009-06-22,1.0000000000,True,1.3865202665,True,1.6347882748,True,0.0104329683,True,0.9206407669,True
2009-06-23,1.0000000000,True,1.4072020054,True,1.6433583498,True,0.0105131463,True,0.9372070951,True
2009-06-24,1.0000000000,True,1.3940973282,True,1.6427913904,True,0.0104331859,True,0.9113277609,True
2009-06-25,1.0000000000,True,1.3985623121,True,1.6373311281,True,0.0104228552,True,0.9139096931,True
2009-06-26,1.0000000000,True,1.4053035975,True,1.6528924704,True,0.0105030985,True,0.9234462613,True
2009-06-27,1.0000000000,True,1.4053035975,False,1.6528924704,False,0.0105030985,False,0.9234462613,False
2009-06-28,1.0000000000,True,1.4053035975,False,1.6528924704,False,0.0105030985,False,0.9234462613,False
2009-06-29,1.0000000000,True,1.4086093903,True,1.6570007801,True,0.0104066933,True,0.9236168717,True
2009-06-30,1.0000000000,True,1.4038830996,True,1.6466867924,True,0.0103808741,True,0.9209798788,True
2009-07-01,1.0000000000,True,1.4140871763,True,1.6477993727,True,0.0103498238,True,0.9302325169,True
2009-07-02,1.0000000000,True,1.3957513571,True,1.6347347498,True,0.0104218772,True,0.9197094201,True
2009-07-03,1.0000000000,True,1.3960046768,True,1.6294075251,True,0.0104014979,True,0.9172629318,True
2009-07-04,1.0000000000,True,1.3960046768,False,1.6294075251,False,0.0104014979,False,0.9172629318,False
2009-07-05,1.0000000000,True,1.3960046768,False,1.6294075251,False,0.0104014979,False,0.9172629318,False
2009-07-06,1.0000000000,True,1.3977022171,True,1.6273921728,True,0.0105075131,True,0.9218289043,True
2009-07-07,1.0000000000,True,1.3915947676,True,1.6116294861,True,0.0105519741,True,0.9182736568,True
2009-07-08,1.0000000000,True,1.3879058361,True,1.6059098244,True,0.0107791140,True,0.9172629318,True
2009-07-09,1.0000000000,True,1.4027999640,True,1.6343073845,True,0.0107480652,True,0.9274717270,True
2009-07-10,1.0000000000,True,1.3933980465,True,1.6217969656,True,0.0108073059,True,0.9208103422,True
2009-07-11,1.0000000000,True,1.3933980465,False,1.6217969656,False,0.0108073059,False,0.9208103422,False
2009-07-12,1.0000000000,True,1.3933980465,False,1.6217969656,False,0.0108073059,False,0.9208103422,False
2009-07-13,1.0000000000,True,1.3990123272,True,1.6254082918,True,0.0107501448,True,0.9242144031,True
2009-07-14,1.0000000000,True,1.3971552849,True,1.6319869757,True,0.0107042317,True,0.9185266359,True
2009-07-15,1.0000000000,True,1.4101985693,True,1.6431963444,True,0.0106183036,True,0.9304922322,True
2009-07-16,1.0000000000,True,1.4141070843,True,1.6416047812,True,0.0106637092,True,0.9314455569,True
2009-07-17,1.0000000000,True,1.4104969501,True,1.6332129240,True,0.0106145845,True,0.9279881198,True
2009-07-18,1.0000000000,True,1.4104969501,False,1.6332129240,False,0.0106145845,False,0.9279881198,False
2009-07-19,1.0000000000,True,1.4104969501,False,1.6332129240,False,0.0106145845,False,0.9279881198,False
2009-07-20,1.0000000000,True,1.4211813211,True,1.6524555683,True,0.0106224772,True,0.9354536900,True
2009-07-21,1.0000000000,True,1.4198495150,True,1.6420092583,True,0.0106914141,True,0.9363296240,True
2009-07-22,1.0000000000,True,1.4205957651,True,1.6450073719,True,0.0106873003,True,0.9373828287,True
2009-07-23,1.0000000000,True,1.4163303375,True,1.6512002945,True,0.0105340777,True,0.9314455569,True
2009-07-24,1.0000000000,True,1.4212015867,True,1.6447098255,True,0.0105407397,True,0.9330969689,True
2009-07-25,1.0000000000,True,1.4212015867,False,1.6447098255,False,0.0105407397,False,0.9330969689,False
2009-07-26,1.0000000000,True,1.4212015867,False,1.6447098255,False,0.0105407397,False,0.9330969689,False
2009-07-27,1.0000000000,True,1.4247043133,True,1.6485328674,True,0.0105086167,True,0.9346667600,True
2009-07-28,1.0000000000,True,1.4146071672,True,1.6410928965,True,0.0105954654,True,0.9288501219,True
2009-07-29,1.0000000000,True,1.4014631510,True,1.6351090670,True,0.0105152473,True,0.9177680160,True
2009-07-30,1.0000000000,True,1.4084903002,True,1.6507915258,True,0.0104646298,True,0.9201325167,True
2009-07-31,1.0000000000,True,1.4260046482,True,1.6705088615,True,0.0105663568,True,0.9362419463,True
2009-08-01,1.0000000000,True,1.4260046482,False,1.6705088615,False,0.0105663568,False,0.9362419463,False
2009-08-02,1.0000000000,True,1.4260046482,False,1.6705088615,False,0.0105663568,False,0.9362419463,False
2009-08-03,1.0000000000,True,1.4411921501,True,1.6941112280,True,0.0105078441,True,0.9438414533,True
2009-08-04,1.0000000000,True,1.4419610500,True,1.6954038143,True,0.0104942805,True,0.9441978755,True
2009-08-05,1.0000000000,True,1.4411712885,True,1.6996107101,True,0.0105489686,True,0.9423294182,True
2009-08-06,1.0000000000,True,1.4372979403,True,1.6810113192,True,0.0104729587,True,0.9402031333,True
2009-08-07,1.0000000000,True,1.4191039801,True,1.6685019732,True,0.0102637791,True,0.9248127081,True
2009-08-08,1.0000000000,True,1.4191039801,False,1.6685019732,False,0.0102637791,False,0.9248127081,False
2009-08-09,1.0000000000,True,1.4191039801,False,1.6685019732,False,0.0102637791,False,0.9248127081,False
2009-08-10,1.0000000000,True,1.4131079912,True,1.6478807926,True,0.0103082154,True,0.9212344525,True
2009-08-11,1.0000000000,True,1.4150075912,True,1.6489949226,True,0.0104253547,True,0.9244707684,True
2009-08-12,1.0000000000,True,1.4217066765,True,1.6510095596,True,0.0103996591,True,0.9297136240,True
2009-08-13,1.0000000000,True,1.4275925159,True,1.6570007801,True,0.0104964840,True,0.9340556411,True
2009-08-14,1.0000000000,True,1.4206967354,True,1.6543965340,True,0.0105418511,True,0.9332711643,True
2009-08-15,1.0000000000,True,1.4206967354,False,1.6543965340,False,0.0105418511,False,0.9332711643,False
2009-08-16,1.0000000000,True,1.4206967354,False,1.6543965340,False,0.0105418511,False,0.9332711643,False
2009-08-17,1.0000000000,True,1.4105963707,True,1.6351892948,True,0.0105898549,True,0.9291953096,True
2009-08-18,1.0000000000,True,1.4165109396,True,1.6588973999,True,0.0105440746,True,0.9317059501,True
2009-08-19,1.0000000000,True,1.4253947735,True,1.6559032202,True,0.0106258633,True,0.9396729552,True
2009-08-20,1.0000000000,True,1.4260046482,True,1.6510913372,True,0.0106092912,True,0.9410878829,True
2009-08-21,1.0000000000,True,1.4320902824,True,1.6501106024,True,0.0105965876,True,0.9452689720,True
2009-08-22,1.0000000000,True,1.4320902824,False,1.6501106024,False,0.0105965876,False,0.9452689720,False
2009-08-23,1.0000000000,True,1.4320902824,False,1.6501106024,False,0.0105965876,False,0.9452689720,False
2009-08-24,1.0000000000,True,1.4293065071,True,1.6407967806,True,0.0105943427,True,0.9417969459,True
2009-08-25,1.0000000000,True,1.4284082651,True,1.6315875053,True,0.0106496271,True,0.9415308825,True
2009-08-26,1.0000000000,True,1.4236294031,True,1.6229023933,True,0.0106292515,True,0.9357163294,True
2009-08-27,1.0000000000,True,1.4372979403,True,1.6292748451,True,0.0106803378,True,0.9460737571,True
2009-08-28,1.0000000000,True,1.4359976053,True,1.6262013912,True,0.0106883286,True,0.9436632901,True
2009-08-29,1.0000000000,True,1.4359976053,False,1.6262013912,False,0.0106883286,False,0.9436632901,False
2009-08-30,1.0000000000,True,1.4359976053,False,1.6262013912,False,0.0106883286,False,0.9436632901,False
2009-08-31,1.0000000000,True,1.4342675209,True,1.6291952133,True,0.0107677395,True,0.9450902694,True
2009-09-01,1.0000000000,True,1.4212015867,True,1.6129032373,True,0.0107866719,True,0.9379983104,True
2009-09-02,1.0000000000,True,1.4274091721,True,1.6276041269,True,0.0108449284,True,0.9432182821,True
2009-09-03,1.0000000000,True,1.4256386757,True,1.6327596903,True,0.0107889999,True,0.9416195536,True
2009-09-04,1.0000000000,True,1.4294085503,True,1.6392098665,True,0.0107561578,True,0.9432182821,True
2009-09-05,1.0000000000,True,1.4294085503,False,1.6392098665,False,0.0107561578,False,0.9432182821,False
2009-09-06,1.0000000000,True,1.4294085503,False,1.6392098665,False,0.0107561578,False,0.9432182821,False
2009-09-07,1.0000000000,True,1.4331985712,True,1.6339869499,True,0.0107619460,True,0.9434851940,True
2009-09-08,1.0000000000,True,1.4504104853,True,1.6519368887,True,0.0108330628,True,0.9563886245,True
2009-09-09,1.0000000000,True,1.4547992945,True,1.6534118652,True,0.0108542280,True,0.9601536501,True
2009-09-10,1.0000000000,True,1.4581297636,True,1.6656117439,True,0.0109066720,True,0.9630199808,True
2009-09-11,1.0000000000,True,1.4580022097,True,1.6681123972,True,0.0110302224,True,0.9644131141,True
2009-09-12,1.0000000000,True,1.4580022097,False,1.6681123972,False,0.0110302224,False,0.9644131141,False
2009-09-13,1.0000000000,True,1.4580022097,False,1.6681123972,False,0.0110302224,False,0.9644131141,False
2009-09-14,1.0000000000,True,1.4643217325,True,1.6609915495,True,0.0110047317,True,0.9687106504,True
2009-09-15,1.0000000000,True,1.4670931101,True,1.6496477127,True,0.0110013418,True,0.9673986750,True
2009-09-16,1.0000000000,True,1.4711940289,True,1.6479893923,True,0.0109865968,True,0.9689922991,True
2009-09-17,1.0000000000,True,1.4732965231,True,1.6438175440,True,0.0109641908,True,0.9720062107,True
2009-09-18,1.0000000000,True,1.4716053009,True,1.6271010637,True,0.0109565031,True,0.9729519703,True
2009-09-19,1.0000000000,True,1.4716053009,False,1.6271010637,False,0.0109565031,False,0.9729519703,False
2009-09-20,1.0000000000,True,1.4716053009,False,1.6271010637,False,0.0109565031,False,0.9729519703,False
2009-09-21,1.0000000000,True,1.4684071541,True,1.6220073700,True,0.0108664941,True,0.9691800439,True
2009-09-22,1.0000000000,True,1.4811961651,True,1.6384041309,True,0.0110241430,True,0.9784736241,True
2009-09-23,1.0000000000,True,1.4726022482,True,1.6351090670,True,0.0109496640,True,0.9738994590,True
2009-09-24,1.0000000000,True,1.4650940895,True,1.5937016010,True,0.0110104271,True,0.9712509484,True
2009-09-25,1.0000000000,True,1.4684934616,True,1.5976994038,True,0.0111346178,True,0.9755145908,True
2009-09-26,1.0000000000,True,1.4684934616,False,1.5976994038,False,0.0111346178,False,0.9755145908,False
2009-09-27,1.0000000000,True,1.4684934616,False,1.5976994038,False,0.0111346178,False,0.9755145908,False
2009-09-28,1.0000000000,True,1.4621592760,True,1.5887390375,True,0.0111281744,True,0.9686168039,True
2009-09-29,1.0000000000,True,1.4591723680,True,1.5971124172,True,0.0110838939,True,0.9658102841,True
2009-09-30,1.0000000000,True,1.4655021429,True,1.6002048254,True,0.0111271834,True,0.9665571054,True
2009-10-01,1.0000000000,True,1.4515894651,True,1.5902043581,True,0.0111673203,True,0.9594166877,True
2009-10-02,1.0000000000,True,1.4590020180,True,1.5879064798,True,0.0111594687,True,0.9667440190,True
2009-10-03,1.0000000000,True,1.4590020180,False,1.5879064798,False,0.0111594687,False,0.9667440190,False
2009-10-04,1.0000000000,True,1.4590020180,False,1.5879064798,False,0.0111594687,False,0.9667440190,False
2009-10-05,1.0000000000,True,1.4659962654,True,1.5949472189,True,0.0111582233,True,0.9697439393,True
2009-10-06,1.0000000000,True,1.4721685648,True,1.5921791792,True,0.0112612609,True,0.9738994590,True
2009-10-07,1.0000000000,True,1.4711507559,True,1.5963984728,True,0.0112945851,True,0.9695559760,True
2009-10-08,1.0000000000,True,1.4781310558,True,1.6058323383,True,0.0112651943,True,0.9733307219,True
2009-10-09,1.0000000000,True,1.4734051228,True,1.5840078592,True,0.0111433031,True,0.9693679735,True
2009-10-10,1.0000000000,True,1.4734051228,False,1.5840078592,False,0.0111433031,False,0.9693679735,False
2009-10-11,1.0000000000,True,1.4734051228,False,1.5840078592,False,0.0111433031,False,0.9693679735,False
2009-10-12,1.0000000000,True,1.4792898893,True,1.5814026594,True,0.0111470294,True,0.9750390429,True
2009-10-13,1.0000000000,True,1.4846047163,True,1.5931684971,True,0.0111333779,True,0.9784736241,True
2009-10-14,1.0000000000,True,1.4932059050,True,1.6005890369,True,0.0111844308,True,0.9859988439,True
2009-10-15,1.0000000000,True,1.4955954552,True,1.6339067221,True,0.0110099416,True,0.9863878234,True
2009-10-16,1.0000000000,True,1.4908016920,True,1.6359114647,True,0.0109998896,True,0.9823182647,True
2009-10-17,1.0000000000,True,1.4908016920,False,1.6359114647,False,0.0109998896,False,0.9823182647,False
2009-10-18,1.0000000000,True,1.4908016920,False,1.6359114647,False,0.0109998896,False,0.9823182647,False
2009-10-19,1.0000000000,True,1.4964907169,True,1.6406084299,True,0.0110164914,True,0.9887285104,True
2009-10-20,1.0000000000,True,1.4934512377,True,1.6380016804,True,0.0110134589,True,0.9879470481,True
2009-10-21,1.0000000000,True,1.5006902218,True,1.6608812809,True,0.0110035215,True,0.9938382467,True
2009-10-22,1.0000000000,True,1.5041891336,True,1.6633952856,True,0.0109413974,True,0.9960159873,True
2009-10-23,1.0000000000,True,1.5010056496,True,1.6311084032,True,0.0108636607,True,0.9917683753,True
2009-10-24,1.0000000000,True,1.5010056496,False,1.6311084032,False,0.0108636607,False,0.9917683753,False
2009-10-25,1.0000000000,True,1.5010056496,False,1.6311084032,False,0.0108636607,False,0.9917683753,False
2009-10-26,1.0000000000,True,1.4861712456,True,1.6299918890,True,0.0108459873,True,0.9815468985,True
2009-10-27,1.0000000000,True,1.4817010164,True,1.6399894953,True,0.0109141709,True,0.9796238298,True
2009-10-28,1.0000000000,True,1.4718002081,True,1.6375992298,True,0.0110411837,True,0.9744688612,True
2009-10-29,1.0000000000,True,1.4840097427,True,1.6562873125,True,0.0109301566,True,0.9822217632,True
2009-10-30,1.0000000000,True,1.4732965231,True,1.6447908878,True,0.0111000116,True,0.9741841335,True
2009-10-31,1.0000000000,True,1.4732965231,False,1.6447908878,False,0.0111000116,False,0.9741841335,False
2009-11-01,1.0000000000,True,1.4732965231,False,1.6447908878,False,0.0111000116,False,0.9741841335,False
2009-11-02,1.0000000000,True,1.4774104357,True,1.6395324469,True,0.0110631708,True,0.9785692763,True
2009-11-03,1.0000000000,True,1.4731012583,True,1.6426025629,True,0.0110631708,True,0.9751340247,True
2009-11-04,1.0000000000,True,1.4869003296,True,1.6557935476,True,0.0110256017,True,0.9847366320,True
2009-11-05,1.0000000000,True,1.4878073931,True,1.6574951410,True,0.0110168562,True,0.9843488379,True
2009-11-06,1.0000000000,True,1.4848912954,True,1.6620130539,True,0.0111259460,True,0.9832842079,True
2009-11-07,1.0000000000,True,1.4848912954,False,1.6620130539,False,0.0111259460,False,0.9832842079,False
2009-11-08,1.0000000000,True,1.4848912954,False,1.6620130539,False,0.0111259460,False,0.9832842079,False
2009-11-09,1.0000000000,True,1.5008028746,True,1.6779930592,True,0.0111322621,True,0.9928514668,True
2009-11-10,1.0000000000,True,1.4989807606,True,1.6736122370,True,0.0111470294,True,0.9927528848,True
2009-11-11,1.0000000000,True,1.4983967543,True,1.6574951410,True,0.0111222329,True,0.9921619212,True
2009-11-12,1.0000000000,True,1.4856854677,True,1.6587048769,True,0.0110766506,True,0.9837678345,True
2009-11-13,1.0000000000,True,1.4908906221,True,1.6675004959,True,0.0111532451,True,0.9877518464,True
2009-11-14,1.0000000000,True,1.4908906221,False,1.6675004959,False,0.0111532451,False,0.9877518464,False
2009-11-15,1.0000000000,True,1.4908906221,False,1.6675004959,False,0.0111532451,False,0.9877518464,False
2009-11-16,1.0000000000,True,1.4983743429,True,1.6838986874,True,0.0112346925,True,0.9930486895,True
2009-11-17,1.0000000000,True,1.4876967669,True,1.6823971272,True,0.0112069927,True,0.9844457578,True
2009-11-18,1.0000000000,True,1.4953942299,True,1.6740604639,True,0.0111859322,True,0.9900009831,True
2009-11-19,1.0000000000,True,1.4916245937,True,1.6656117439,True,0.0112485937,True,0.9868746247,True
2009-11-20,1.0000000000,True,1.4863920212,True,1.6521006823,True,0.0112574578,True,0.9836710480,True
2009-11-21,1.0000000000,True,1.4863920212,False,1.6521006823,False,0.0112574578,False,0.9836710480,False
2009-11-22,1.0000000000,True,1.4863920212,False,1.6521006823,False,0.0112574578,False,0.9836710480,False
2009-11-23,1.0000000000,True,1.4961996078,True,1.6609089375,True,0.0112485937,True,0.9902951498,True
2009-11-24,1.0000000000,True,1.4966698885,True,1.6584297419,True,0.0112875732,True,0.9916700082,True
2009-11-25,1.0000000000,True,1.5127906799,True,1.6705088615,True,0.0114468864,True,1.0030090482,True
2009-11-26,1.0000000000,True,1.4972974062,True,1.6436014175,True,0.0117453607,True,0.9951239141,True
2009-11-27,1.0000000000,True,1.4990930557,True,1.6507915258,True,0.0115633668,True,0.9947278974,True
2009-11-28,1.0000000000,True,1.4990930557,False,1.6507915258,False,0.0115633668,False,0.9947278974,False
2009-11-29,1.0000000000,True,1.4990930557,False,1.6507915258,False,0.0115633668,False,0.9947278974,False
2009-11-30,1.0000000000,True,1.5038950443,True,1.6457926035,True,0.0115942029,True,0.9969095430,True
2009-12-01,1.0000000000,True,1.5090012550,True,1.6625933647,True,0.0115406807,True,1.0012014621,True
2009-12-02,1.0000000000,True,1.5069773197,True,1.6660556793,True,0.0114207404,True,0.9995002861,True
2009-12-03,1.0000000000,True,1.5065459013,True,1.6559307575,True,0.0113302889,True,1.0001000266,True
2009-12-04,1.0000000000,True,1.4857074022,True,1.6482882500,True,0.0110472828,True,0.9838646400,True
2009-12-05,1.0000000000,True,1.4857074022,False,1.6482882500,False,0.0110472828,False,0.9838646400,False
2009-12-06,1.0000000000,True,1.4857074022,False,1.6482882500,False,0.0110472828,False,0.9838646400,False
2009-12-07,1.0000000000,True,1.4841198921,True,1.6465784311,True,0.0111994623,True,0.9819324876,True
2009-12-08,1.0000000000,True,1.4697020054,True,1.6249066591,True,0.0113147775,True,0.9729519703,True
2009-12-09,1.0000000000,True,1.4737958908,True,1.6282402277,True,0.0113520268,True,0.9748489082,True
2009-12-10,1.0000000000,True,1.4729492664,True,1.6280281544,True,0.0113340129,True,0.9748489082,True
2009-12-11,1.0000000000,True,1.4619027376,True,1.6253026724,True,0.0112246048,True,0.9660902485,True
2009-12-12,1.0000000000,True,1.4619027376,False,1.6253026724,False,0.0112246048,False,0.9660902485,False
2009-12-13,1.0000000000,True,1.4619027376,False,1.6253026724,False,0.0112246048,False,0.9660902485,False
2009-12-14,1.0000000000,True,1.4656953812,True,1.6310020685,True,0.0112752280,True,0.9695559760,True
2009-12-15,1.0000000000,True,1.4542070627,True,1.6269950867,True,0.0111718111,True,0.9616309767,True
2009-12-16,1.0000000000,True,1.4526016712,True,1.6328130960,True,0.0111296607,True,0.9624638758,True
2009-12-17,1.0000000000,True,1.4346996546,True,1.6162921190,True,0.0111557341,True,0.9556575371,True
2009-12-18,1.0000000000,True,1.4349054098,True,1.6145958900,True,0.0110570541,True,0.9588647352,True
2009-12-19,1.0000000000,True,1.4349054098,False,1.6145958900,False,0.0110570541,False,0.9588647352,False
2009-12-20,1.0000000000,True,1.4349054098,False,1.6145958900,False,0.0110570541,False,0.9588647352,False
2009-12-21,1.0000000000,True,1.4286735058,True,1.6056002378,True,0.0109821322,True,0.9565716257,True
2009-12-22,1.0000000000,True,1.4254355431,True,1.5968317986,True,0.0108926529,True,0.9541074374,True
2009-12-23,1.0000000000,True,1.4336096048,True,1.5969084501,True,0.0109122655,True,0.9624638758,True
2009-12-24,1.0000000000,True,1.4384970665,True,1.5974950790,True,0.0109356546,True,0.9644131141,True
2009-12-25,1.0000000000,True,1.4399055243,True,1.6018966436,True,0.0109757435,True,0.9669310050,True
2009-12-26,1.0000000000,True,1.4399055243,False,1.6018966436,False,0.0109757435,False,0.9669310050,False
2009-12-27,1.0000000000,True,1.4399055243,False,1.6018966436,False,0.0109757435,False,0.9669310050,False
2009-12-28,1.0000000000,True,1.4375045300,True,1.6003072262,True,0.0109063145,True,0.9658102841,True
2009-12-29,1.0000000000,True,1.4343086481,True,1.5904066563,True,0.0108731107,True,0.9638553995,True
2009-12-30,1.0000000000,True,1.4342057705,True,1.6075878143,True,0.0108201690,True,0.9651577754,True
2009-12-31,1.0000000000,True,1.4327058792,True,1.6182016134,True,0.0107631037,True,0.9669310050,True
2010-01-01,1.0000000000,True,1.4389938116,True,1.6132936478,True,0.0107619460,True,0.9672115081,True
2010-01-02,1.0000000000,True,1.4389938116,False,1.6132936478,False,0.0107619460,False,0.9672115081,False
2010-01-03,1.0000000000,True,1.4389938116,False,1.6132936478,False,0.0107619460,False,0.9672115081,False
2010-01-04,1.0000000000,True,1.4423978329,True,1.6113698483,True,0.0108113949,True,0.9717229201,True
2010-01-05,1.0000000000,True,1.4365959167,True,1.5990788937,True,0.0109188187,True,0.9673986750,True
2010-01-06,1.0000000000,True,1.4404033422,True,1.6023843288,True,0.0108276665,True,0.9731412528,True
2010-01-07,1.0000000000,True,1.4318032265,True,1.5933969021,True,0.0107077846,True,0.9674922856,True
2010-01-08,1.0000000000,True,1.4411090612,True,1.6024100780,True,0.0107921429,True,0.9769441357,True
2010-01-09,1.0000000000,True,1.4411090612,False,1.6024100780,False,0.0107921429,False,0.9769441357,False
2010-01-10,1.0000000000,True,1.4411090612,False,1.6024100780,False,0.0107921429,False,0.9769441357,False
2010-01-11,1.0000000000,True,1.4511260986,True,1.6112918854,True,0.0108587062,True,0.9835742806,True
2010-01-12,1.0000000000,True,1.4476599693,True,1.6151696444,True,0.0109793586,True,0.9815468985,True
2010-01-13,1.0000000000,True,1.4523905516,True,1.6286114454,True,0.0109369704,True,0.9827043450,True
2010-01-14,1.0000000000,True,1.4499897957,True,1.6333998442,True,0.0109568630,True,0.9817396551,True
2010-01-15,1.0000000000,True,1.4390974045,True,1.6269950867,True,0.0110192837,True,0.9757049853,True
2010-01-16,1.0000000000,True,1.4390974045,False,1.6269950867,False,0.0110192837,False,0.9757049853,False
2010-01-17,1.0000000000,True,1.4390974045,False,1.6269950867,False,0.0110192837,False,0.9757049853,False
2010-01-18,1.0000000000,True,1.4406731129,True,1.6352963448,True,0.0110247503,True,0.9769441357,True
2010-01-19,1.0000000000,True,1.4281021357,True,1.6356706619,True,0.0109650328,True,0.9684291654,True
2010-01-20,1.0000000000,True,1.4110342264,True,1.6298059225,True,0.0109658740,True,0.9582215746,True
2010-01-21,1.0000000000,True,1.4097015858,True,1.6205091476,True,0.0110628038,True,0.9600614541,True
2010-01-22,1.0000000000,True,1.4141070843,True,1.6110064983,True,0.0111346178,True,0.9598771153,True
2010-01-23,1.0000000000,True,1.4141070843,False,1.6110064983,False,0.0111346178,False,0.9598771153,False
2010-01-24,1.0000000000,True,1.4141070843,False,1.6110064983,False,0.0111346178,False,0.9598771153,False
2010-01-25,1.0000000000,True,1.4150075912,True,1.6250121593,True,0.0110601116,True,0.9615384968,True
2010-01-26,1.0000000000,True,1.4082324505,True,1.6147001982,True,0.0111569790,True,0.9561143630,True
2010-01-27,1.0000000000,True,1.4030951262,True,1.6178088188,True,0.0111172878,True,0.9526531193,True
2010-01-28,1.0000000000,True,1.3968042135,True,1.6143093109,True,0.0111385863,True,0.9507510820,True
2010-01-29,1.0000000000,True,1.3866932392,True,1.5984909534,True,0.0110778779,True,0.9426848050,True
2010-01-30,1.0000000000,True,1.3866932392,False,1.5984909534,False,0.0110778779,False,0.9426848050,False
2010-01-31,1.0000000000,True,1.3866932392,False,1.5984909534,False,0.0110778779,False,0.9426848050,False
2010-02-01,1.0000000000,True,1.3926994801,True,1.5952525139,True,0.0110180694,True,0.9466111846,True
2010-02-02,1.0000000000,True,1.3976240158,True,1.5992068052,True,0.0110585215,True,0.9481368957,True
2010-02-03,1.0000000000,True,1.3901052475,True,1.5920017958,True,0.0110083668,True,0.9450902694,True
2010-02-04,1.0000000000,True,1.3744947910,True,1.5769885778,True,0.0111844308,True,0.9384384053,True
2010-02-05,1.0000000000,True,1.3680077791,True,1.5658028126,True,0.0112082491,True,0.9326618684,True
2010-02-06,1.0000000000,True,1.3680077791,False,1.5658028126,False,0.0112082491,False,0.9326618684,False
2010-02-07,1.0000000000,True,1.3680077791,False,1.5658028126,False,0.0112082491,False,0.9326618684,False
2010-02-08,1.0000000000,True,1.3654673100,True,1.5576082468,True,0.0112082491,True,0.9321401589,True
2010-02-09,1.0000000000,True,1.3782078028,True,1.5693906546,True,0.0111398274,True,0.9387908628,True
2010-02-10,1.0000000000,True,1.3753266335,True,1.5612071753,True,0.0111197598,True,0.9377343887,True
2010-02-11,1.0000000000,True,1.3681762218,True,1.5702037811,True,0.0111346178,True,0.9339683888,True
2010-02-12,1.0000000000,True,1.3634938002,True,1.5698094368,True,0.0111172878,True,0.9301460805,True
2010-02-13,1.0000000000,True,1.3634938002,False,1.5698094368,False,0.0111172878,False,0.9301460805,False
2010-02-14,1.0000000000,True,1.3634938002,False,1.5698094368,False,0.0111172878,False,0.9301460805,False
2010-02-15,1.0000000000,True,1.3603036404,True,1.5667105913,True,0.0111049413,True,0.9285050879,True
2010-02-16,1.0000000000,True,1.3767088652,True,1.5790054798,True,0.0110810687,True,0.9382623808,True
2010-02-17,1.0000000000,True,1.3606922626,True,1.5682092905,True,0.0109829760,True,0.9280053667,True
2010-02-18,1.0000000000,True,1.3461486101,True,1.5423054695,True,0.0108722836,True,0.9193711422,True
2010-02-19,1.0000000000,True,1.3615074158,True,1.5464078188,True,0.0109241860,True,0.9295408569,True
2010-02-20,1.0000000000,True,1.3615074158,False,1.5464078188,False,0.0109241860,False,0.9295408569,False
2010-02-21,1.0000000000,True,1.3615074158,False,1.5464078188,False,0.0109241860,False,0.9295408569,False
2010-02-22,1.0000000000,True,1.3605626822,True,1.5486588478,True,0.0109607058,True,0.9298000831,True
2010-02-23,1.0000000000,True,1.3527040482,True,1.5445923805,True,0.0110913926,True,0.9240435719,True
2010-02-24,1.0000000000,True,1.3543162346,True,1.5417109728,True,0.0110767732,True,0.9252405142,True
2010-02-25,1.0000000000,True,1.3536012173,True,1.5243902206,True,0.0112019720,True,0.9249838239,True
2010-02-26,1.0000000000,True,1.3631035089,True,1.5239024162,True,0.0112459377,True,0.9317059501,True
2010-02-27,1.0000000000,True,1.3631035089,False,1.5239024162,False,0.0112459377,False,0.9317059501,False
2010-02-28,1.0000000000,True,1.3631035089,False,1.5239024162,False,0.0112459377,False,0.9317059501,False
2010-03-01,1.0000000000,True,1.3562080860,True,1.4978805780,True,0.0112170497,True,0.9267840626,True
2010-03-02,1.0000000000,True,1.3620638847,True,1.5028102398,True,0.0112688756,True,0.9310119948,True
2010-03-03,1.0000000000,True,1.3701633215,True,1.5103002787,True,0.0112905047,True,0.9367681541,True
2010-03-04,1.0000000000,True,1.3584003448,True,1.5036010742,True,0.0112157914,True,0.9285050879,True
2010-03-05,1.0000000000,True,1.3628991842,True,1.5132943392,True,0.0110840167,True,0.9301460805,True
2010-03-06,1.0000000000,True,1.3628991842,False,1.5132943392,False,0.0110840167,False,0.9301460805,False
2010-03-07,1.0000000000,True,1.3628991842,False,1.5132943392,False,0.0110840167,False,0.9301460805,False
2010-03-08,1.0000000000,True,1.3616927862,True,1.5041891336,True,0.0110759139,True,0.9310986956,True
2010-03-09,1.0000000000,True,1.3606922626,True,1.5016368628,True,0.0111124695,True,0.9308386417,True
2010-03-10,1.0000000000,True,1.3643310070,True,1.4970060587,True,0.0110533877,True,0.9341429097,True
2010-03-11,1.0000000000,True,1.3685319424,True,1.5072045326,True,0.0110316827,True,0.9361542851,True
2010-03-12,1.0000000000,True,1.3769931793,True,1.5216069221,True,0.0110448419,True,0.9463423945,True
2010-03-13,1.0000000000,True,1.3769931793,False,1.5216069221,False,0.0110448419,False,0.9463423945,False
2010-03-14,1.0000000000,True,1.3769931793,False,1.5216069221,False,0.0110448419,False,0.9463423945,False
2010-03-15,1.0000000000,True,1.3677457571,True,1.5054345131,True,0.0110717449,True,0.9420631597,True
2010-03-16,1.0000000000,True,1.3768794537,True,1.5236934423,True,0.0110754235,True,0.9477774941,True
2010-03-17,1.0000000000,True,1.3738338947,True,1.5317922831,True,0.0110615798,True,0.9485865581,True
2010-03-18,1.0000000000,True,1.3613963127,True,1.5253669024,True,0.0110521658,True,0.9460737571,True
2010-03-19,1.0000000000,True,1.3536928892,True,1.5017945766,True,0.0110472828,True,0.9430403540,True
2010-03-20,1.0000000000,True,1.3536928892,False,1.5017945766,False,0.0110472828,False,0.9430403540,False
2010-03-21,1.0000000000,True,1.3536928892,False,1.5017945766,False,0.0110472828,False,0.9430403540,False
2010-03-22,1.0000000000,True,1.3567048311,True,1.5108022690,True,0.0110692942,True,0.9455639044,True
2010-03-23,1.0000000000,True,1.3468012810,True,1.5021330118,True,0.0110661093,True,0.9459842451,True
2010-03-24,1.0000000000,True,1.3331022263,True,1.4898910522,True,0.0108679114,True,0.9330969689,True
2010-03-25,1.0000000000,True,1.3307074308,True,1.4844944477,True,0.0108092916,True,0.9331840584,True
2010-03-26,1.0000000000,True,1.3410038948,True,1.4898022413,True,0.0108099923,True,0.9392317019,True
2010-03-27,1.0000000000,True,1.3410038948,False,1.4898022413,False,0.0108099923,False,0.9392317019,False
2010-03-28,1.0000000000,True,1.3410038948,False,1.4898022413,False,0.0108099923,False,0.9392317019,False
2010-03-29,1.0000000000,True,1.3481086493,True,1.4981946945,True,0.0108119799,True,0.9412650749,True
2010-03-30,1.0000000000,True,1.3424079418,True,1.5074089766,True,0.0107735402,True,0.9382623808,True
2010-03-31,1.0000000000,True,1.3508037329,True,1.5183724165,True,0.0106929003,True,0.9490727243,True
2010-04-01,1.0000000000,True,1.3584003448,True,1.5291922092,True,0.0106553012,True,0.9483616736,True
2010-04-02,1.0000000000,True,1.3504936695,True,1.5210051537,True,0.0105786524,True,0.9425070781,True
2010-04-03,1.0000000000,True,1.3504936695,False,1.5210051537,False,0.0105786524,False,0.9425070781,False
2010-04-04,1.0000000000,True,1.3504936695,False,1.5210051537,False,0.0105786524,False,0.9425070781,False
2010-04-05,1.0000000000,True,1.3489087820,True,1.5298004150,True,0.0106010811,True,0.9414423337,True
2010-04-06,1.0000000000,True,1.3401951790,True,1.5270905495,True,0.0106616629,True,0.9357688332,True
2010-04-07,1.0000000000,True,1.3348461390,True,1.5242043734,True,0.0107170800,True,0.9317059501,True
2010-04-08,1.0000000000,True,1.3361123800,True,1.5283042192,True,0.0107043462,True,0.9318361496,True
2010-04-09,1.0000000000,True,1.3500925303,True,1.5369955301,True,0.0107342203,True,0.9379103200,True
2010-04-10,1.0000000000,True,1.3500925303,False,1.5369955301,False,0.0107342203,False,0.9379103200,False
2010-04-11,1.0000000000,True,1.3500925303,False,1.5369955301,False,0.0107342203,False,0.9379103200,False
2010-04-12,1.0000000000,True,1.3596007824,True,1.5373972654,True,0.0107315714,True,0.9439305602,True
2010-04-13,1.0000000000,True,1.3608589172,True,1.5377753973,True,0.0107319167,True,0.9484067063,True
2010-04-14,1.0000000000,True,1.3655978441,True,1.5472211838,True,0.0107160461,True,0.9511489779,True
2010-04-15,1.0000000000,True,1.3574045897,True,1.5465512276,True,0.0107480652,True,0.9466111846,True
2010-04-16,1.0000000000,True,1.3504024744,True,1.5364050865,True,0.0108518718,True,0.9422406134,True
2010-04-17,1.0000000000,True,1.3504024744,False,1.5364050865,False,0.0108518718,False,0.9422406134,False
2010-04-18,1.0000000000,True,1.3504024744,False,1.5364050865,False,0.0108518718,False,0.9422406134,False
2010-04-19,1.0000000000,True,1.3487267494,True,1.5335305929,True,0.0108154879,True,0.9408223254,True
2010-04-20,1.0000000000,True,1.3435082436,True,1.5363816023,True,0.0107329537,True,0.9360666403,True
2010-04-21,1.0000000000,True,1.3389928341,True,1.5413308144,True,0.0107464482,True,0.9345793934,True
2010-04-22,1.0000000000,True,1.3269991875,True,1.5373972654,True,0.0107068671,True,0.9260974171,True
2010-04-23,1.0000000000,True,1.3384014368,True,1.5382012129,True,0.0106439599,True,0.9329228385,True
2010-04-24,1.0000000000,True,1.3384014368,False,1.5382012129,False,0.0106439599,False,0.9329228385,False
2010-04-25,1.0000000000,True,1.3384014368,False,1.5382012129,False,0.0106439599,False,0.9329228385,False
2010-04-26,1.0000000000,True,1.3401232958,True,1.5467904806,True,0.0106496271,True,0.9336109181,True
2010-04-27,1.0000000000,True,1.3170719147,True,1.5247621536,True,0.0107360649,True,0.9193373886,True
2010-04-28,1.0000000000,True,1.3212832212,True,1.5204268694,True,0.0106428268,True,0.9218289043,True
2010-04-29,1.0000000000,True,1.3262951374,True,1.5356029272,True,0.0106368268,True,0.9244707684,True
2010-04-30,1.0000000000,True,1.3298048973,True,1.5300110579,True,0.0106575720,True,0.9297136240,True
2010-05-01,1.0000000000,True,1.3298048973,False,1.5300110579,False,0.0106575720,False,0.9297136240,False
2010-05-02,1.0000000000,True,1.3298048973,False,1.5300110579,False,0.0106575720,False,0.9297136240,False
2010-05-03,1.0000000000,True,1.3199926615,True,1.5249248743,True,0.0105605541,True,0.9213193417,True
2010-05-04,1.0000000000,True,1.2963947058,True,1.5127906799,True,0.0105585472,True,0.9051166025,True
2010-05-05,1.0000000000,True,1.2814927101,True,1.5097986460,True,0.0106631409,True,0.8946144233,True
2010-05-06,1.0000000000,True,1.2632961273,True,1.4863920212,True,0.0110095781,True,0.8979078487,True
2010-05-07,1.0000000000,True,1.2756078243,True,1.4783058167,True,0.0109194145,True,0.9009008893,True
2010-05-08,1.0000000000,True,1.2756078243,False,1.4783058167,False,0.0109194145,False,0.9009008893,False
2010-05-09,1.0000000000,True,1.2756078243,False,1.4783058167,False,0.0109194145,False,0.9009008893,False
2010-05-10,1.0000000000,True,1.2779226303,True,1.4861931801,True,0.0107319167,True,0.9013068539,True
2010-05-11,1.0000000000,True,1.2629930973,True,1.4920918941,True,0.0108119799,True,0.8995637196,True
2010-05-12,1.0000000000,True,1.2639029026,True,1.4837014675,True,0.0107331839,True,0.9008197209,True
2010-05-13,1.0000000000,True,1.2541072369,True,1.4613901377,True,0.0107785334,True,0.8950948665,True
2010-05-14,1.0000000000,True,1.2360023260,True,1.4538053274,True,0.0108154879,True,0.8824567211,True
2010-05-15,1.0000000000,True,1.2360023260,False,1.4538053274,False,0.0108154879,False,0.8824567211,False
2010-05-16,1.0000000000,True,1.2360023260,False,1.4538053274,False,0.0108154879,False,0.8824567211,False
2010-05-17,1.0000000000,True,1.2392956018,True,1.4480162859,True,0.0108049699,True,0.8836341910,True
2010-05-18,1.0000000000,True,1.2178933620,True,1.4296742678,True,0.0108812743,True,0.8697165156,True
2010-05-19,1.0000000000,True,1.2393416166,True,1.4416700602,True,0.0109241860,True,0.8678144754,True
2010-05-20,1.0000000000,True,1.2478941679,True,1.4348437786,True,0.0111894368,True,0.8695652354,True
2010-05-21,1.0000000000,True,1.2567076683,True,1.4481000900,True,0.0111128398,True,0.8711560352,True
2010-05-22,1.0000000000,True,1.2567076683,False,1.4481000900,False,0.0111128398,False,0.8711560352,False
2010-05-23,1.0000000000,True,1.2567076683,False,1.4481000900,False,0.0111128398,False,0.8711560352,False
2010-05-24,1.0000000000,True,1.2349948883,True,1.4409013987,True,0.0110877034,True,0.8626787566,True
2010-05-25,1.0000000000,True,1.2345983982,True,1.4415037632,True,0.0110702740,True,0.8641548724,True
2010-05-26,1.0000000000,True,1.2173002958,True,1.4383935928,True,0.0111148159,True,0.8621433254,True
2010-05-27,1.0000000000,True,1.2347966433,True,1.4560492039,True,0.0110036425,True,0.8673026908,True
2010-05-28,1.0000000000,True,1.2274005413,True,1.4452955723,True,0.0109827349,True,0.8627382900,True
2010-05-29,1.0000000000,True,1.2274005413,False,1.4452955723,False,0.0109827349,False,0.8627382900,False
2010-05-30,1.0000000000,True,1.2274005413,False,1.4452955723,False,0.0109827349,False,0.8627382900,False
2010-05-31,1.0000000000,True,1.2287880182,True,1.4522007704,True,0.0109661144,True,0.8648275053,True
2010-06-01,1.0000000000,True,1.2233014107,True,1.4667057991,True,0.0109769486,True,0.8654261817,True
2010-06-02,1.0000000000,True,1.2239003181,True,1.4650082588,True,0.0108471632,True,0.8656509661,True
2010-06-03,1.0000000000,True,1.2169446945,True,1.4634003639,True,0.0107964543,True,0.8649770521,True
2010-06-04,1.0000000000,True,1.1971030235,True,1.4457970858,True,0.0108837618,True,0.8605111751,True
2010-06-05,1.0000000000,True,1.1971030235,False,1.4457970858,False,0.0108837618,False,0.8605111751,False
2010-06-06,1.0000000000,True,1.1971030235,False,1.4457970858,False,0.0108837618,False,0.8605111751,False
2010-06-07,1.0000000000,True,1.1922929287,True,1.4474084377,True,0.0109270511,True,0.8600670430,True
2010-06-08,1.0000000000,True,1.1972032785,True,1.4448988438,True,0.0109397217,True,0.8677542394,True
2010-06-09,1.0000000000,True,1.1991989613,True,1.4547992945,True,0.0109451105,True,0.8711712343,True
2010-06-10,1.0000000000,True,1.2109030485,True,1.4708477259,True,0.0109518232,True,0.8746763473,True
2010-06-11,1.0000000000,True,1.2114017010,True,1.4552016258,True,0.0109146471,True,0.8703977475,True
2010-06-12,1.0000000000,True,1.2114017010,False,1.4552016258,False,0.0109146471,False,0.8703977475,False
2010-06-13,1.0000000000,True,1.2114017010,False,1.4552016258,False,0.0109146471,False,0.8703977475,False
2010-06-14,1.0000000000,True,1.2218068838,True,1.4736003876,True,0.0109146471,True,0.8750743519,True
2010-06-15,1.0000000000,True,1.2319064140,True,1.4799906015,True,0.0109320682,True,0.8819897458,True
2010-06-16,1.0000000000,True,1.2311935425,True,1.4736003876,True,0.0109413974,True,0.8844861327,True
2010-06-17,1.0000000000,True,1.2382061481,True,1.4815912247,True,0.0110083668,True,0.8996850901,True
2010-06-18,1.0000000000,True,1.2392956018,True,1.4829974174,True,0.0110253587,True,0.9025270432,True
2010-06-19,1.0000000000,True,1.2392956018,False,1.4829974174,False,0.0110253587,False,0.9025270432,False
2010-06-20,1.0000000000,True,1.2392956018,False,1.4829974174,False,0.0110253587,False,0.9025270432,False
2010-06-21,1.0000000000,True,1.2316029072,True,1.4759929180,True,0.0109896145,True,0.9004952902,True
2010-06-22,1.0000000000,True,1.2275059223,True,1.4820084572,True,0.0110448419,True,0.9030161222,True
2010-06-23,1.0000000000,True,1.2319064140,True,1.4968043566,True,0.0111222329,True,0.9053870076,True
2010-06-24,1.0000000000,True,1.2337453365,True,1.4932059050,True,0.0111569790,True,0.9077704736,True
2010-06-25,1.0000000000,True,1.2373021841,True,1.5067956448,True,0.0112170497,True,0.9154156366,True
2010-06-26,1.0000000000,True,1.2373021841,False,1.5067956448,False,0.0112170497,False,0.9154156366,False
2010-06-27,1.0000000000,True,1.2373021841,False,1.5067956448,False,0.0112170497,False,0.9154156366,False
2010-06-28,1.0000000000,True,1.2277017832,True,1.5098898411,True,0.0111965779,True,0.9198785515,True
2010-06-29,1.0000000000,True,1.2186353207,True,1.5053439140,True,0.0112804428,True,0.9242229565,True
2010-06-30,1.0000000000,True,1.2230023146,True,1.4944332838,True,0.0113083795,True,0.9278158908,True
2010-07-01,1.0000000000,True,1.2507504225,True,1.5165761709,True,0.0114155253,True,0.9426848050,True
2010-07-02,1.0000000000,True,1.2571026087,True,1.5204963684,True,0.0113908189,True,0.9417969459,True
2010-07-03,1.0000000000,True,1.2571026087,False,1.5204963684,False,0.0113908189,False,0.9417969459,False
2010-07-04,1.0000000000,True,1.2571026087,False,1.5204963684,False,0.0113908189,False,0.9417969459,False
2010-07-05,1.0000000000,True,1.2536983490,True,1.5132026672,True,0.0114122682,True,0.9400263408,True
2010-07-06,1.0000000000,True,1.2624031305,True,1.5143942833,True,0.0114311838,True,0.9436632901,True
2010-07-07,1.0000000000,True,1.2633121014,True,1.5178422928,True,0.0114051094,True,0.9505703008,True
2010-07-08,1.0000000000,True,1.2694060802,True,1.5154958963,True,0.0113109372,True,0.9527438978,True
2010-07-09,1.0000000000,True,1.2643983364,True,1.5067956448,True,0.0112905047,True,0.9452689720,True
2010-07-10,1.0000000000,True,1.2643983364,False,1.5067956448,False,0.0112905047,False,0.9452689720,False
2010-07-11,1.0000000000,True,1.2643983364,False,1.5067956448,False,0.0112905047,False,0.9452689720,False
2010-07-12,1.0000000000,True,1.2590018511,True,1.5024038553,True,0.0112817157,True,0.9424538155,True
2010-07-13,1.0000000000,True,1.2720866203,True,1.5185105801,True,0.0112621491,True,0.9483167524,True
2010-07-14,1.0000000000,True,1.2740476131,True,1.5268108845,True,0.0113288777,True,0.9505703008,True
2010-07-15,1.0000000000,True,1.2928582430,True,1.5443061590,True,0.0114495082,True,0.9596928473,True
2010-07-16,1.0000000000,True,1.2931926250,True,1.5306903124,True,0.0115526805,True,0.9521089194,True
2010-07-17,1.0000000000,True,1.2931926250,False,1.5306903124,False,0.0115526805,False,0.9521089194,False
2010-07-18,1.0000000000,True,1.2931926250,False,1.5306903124,False,0.0115526805,False,0.9521089194,False
2010-07-19,1.0000000000,True,1.2939456701,True,1.5225566626,True,0.0115260486,True,0.9478673457,True
2010-07-20,1.0000000000,True,1.2893077135,True,1.5287247896,True,0.0114623695,True,0.9509319319,True
2010-07-21,1.0000000000,True,1.2767968178,True,1.5183953047,True,0.0115126466,True,0.9522902863,True
2010-07-22,1.0000000000,True,1.2903059721,True,1.5272072554,True,0.0114778935,True,0.9594166877,True
2010-07-23,1.0000000000,True,1.2913056612,True,1.5439007282,True,0.0114259602,True,0.9495774472,True
2010-07-24,1.0000000000,True,1.2913056612,False,1.5439007282,False,0.0114259602,False,0.9495774472,False
2010-07-25,1.0000000000,True,1.2913056612,False,1.5439007282,False,0.0114259602,False,0.9495774472,False
2010-07-26,1.0000000000,True,1.2998999357,True,1.5489946604,True,0.0114945170,True,0.9537343874,True
2010-07-27,1.0000000000,True,1.2990893126,True,1.5587978363,True,0.0113874462,True,0.9427735877,True
2010-07-28,1.0000000000,True,1.2992243767,True,1.5594055653,True,0.0114348438,True,0.9462528318,True
2010-07-29,1.0000000000,True,1.3078050613,True,1.5612316132,True,0.0115362876,True,0.9614460347,True
2010-07-30,1.0000000000,True,1.3039000034,True,1.5687997341,True,0.0115687179,True,0.9607994078,True
2010-07-31,1.0000000000,True,1.3039000034,False,1.5687997341,False,0.0115687179,False,0.9607994078,False
2010-08-01,1.0000000000,True,1.3039000034,False,1.5687997341,False,0.0115687179,False,0.9607994078,False
2010-08-02,1.0000000000,True,1.3175925016,True,1.5889915228,True,0.0115476109,True,0.9622787238,True
2010-08-03,1.0000000000,True,1.3225064278,True,1.5945911407,True,0.0116577292,True,0.9620657270,True
2010-08-04,1.0000000000,True,1.3225064278,True,1.5945911407,True,0.0116577292,True,0.9620935326,True
2010-08-05,1.0000000000,True,1.3158068657,True,1.5891934633,True,0.0115874851,True,0.9493069701,True
2010-08-06,1.0000000000,True,1.3181308508,True,1.5891429186,True,0.0116505307,True,0.9560229411,True
2010-08-07,1.0000000000,True,1.3181308508,False,1.5891429186,False,0.0116505307,False,0.9560229411,False
2010-08-08,1.0000000000,True,1.3181308508,False,1.5891429186,False,0.0116505307,False,0.9560229411,False
2010-08-09,1.0000000000,True,1.3285682201,True,1.5978014469,True,0.0117172851,True,0.9634839849,True
2010-08-10,1.0000000000,True,1.3229963779,True,1.5906090736,True,0.0116418497,True,0.9540163988,True
2010-08-11,1.0000000000,True,1.3184958696,True,1.5857913494,True,0.0117150890,True,0.9544716566,True
2010-08-12,1.0000000000,True,1.2844060659,True,1.5632815361,True,0.0117409481,True,0.9435920648,True
2010-08-13,1.0000000000,True,1.2829889059,True,1.5587736368,True,0.0116179105,True,0.9525623581,True
2010-08-14,1.0000000000,True,1.2829889059,False,1.5587736368,False,0.0116179105,False,0.9525623581,False
2010-08-15,1.0000000000,True,1.2829889059,False,1.5587736368,False,0.0116179105,False,0.9525623581,False
2010-08-16,1.0000000000,True,1.2770903111,True,1.5603058338,True,0.0116090087,True,0.9520726110,True
2010-08-17,1.0000000000,True,1.2811970711,True,1.5646023750,True,0.0117223676,True,0.9620935326,True
2010-08-18,1.0000000000,True,1.2879958153,True,1.5578023195,True,0.0116829252,True,0.9582123804,True
2010-08-19,1.0000000000,True,1.2856445312,True,1.5598920584,True,0.0117041195,True,0.9594166877,True
2010-08-20,1.0000000000,True,1.2808033228,True,1.5577052832,True,0.0117172851,True,0.9685229756,True
2010-08-21,1.0000000000,True,1.2808033228,False,1.5577052832,False,0.0117172851,False,0.9685229756,False
2010-08-22,1.0000000000,True,1.2808033228,False,1.5577052832,False,0.0117172851,False,0.9685229756,False
2010-08-23,1.0000000000,True,1.2710033655,True,1.5545089245,True,0.0116877049,True,0.9659875649,True
2010-08-24,1.0000000000,True,1.2635036707,True,1.5496188402,True,0.0117452228,True,0.9603379852,True
2010-08-25,1.0000000000,True,1.2632961273,True,1.5410932302,True,0.0118795883,True,0.9692739996,True
2010-08-26,1.0000000000,True,1.2663998604,True,1.5472211838,True,0.0118086064,True,0.9715340764,True
2010-08-27,1.0000000000,True,1.2706480026,True,1.5519996881,True,0.0118559267,True,0.9761811832,True
2010-08-28,1.0000000000,True,1.2706480026,False,1.5519996881,False,0.0118559267,False,0.9761811832,False
2010-08-29,1.0000000000,True,1.2706480026,False,1.5519996881,False,0.0118559267,False,0.9761811832,False
2010-08-30,1.0000000000,True,1.2753963470,True,1.5533980131,True,0.0116957697,True,0.9721952381,True
2010-08-31,1.0000000000,True,1.2665922642,True,1.5465990305,True,0.0118298399,True,0.9754764755,True
2010-09-01,1.0000000000,True,1.2687295675,True,1.5349900723,True,0.0118849537,True,0.9859016180,True
2010-09-02,1.0000000000,True,1.2802950144,True,1.5448071957,True,0.0118473590,True,0.9852604538,True
2010-09-03,1.0000000000,True,1.2825939655,True,1.5395984650,True,0.0118694362,True,0.9873617905,True
2010-09-04,1.0000000000,True,1.2825939655,False,1.5395984650,False,0.0118694362,False,0.9873617905,False
2010-09-05,1.0000000000,True,1.2825939655,False,1.5395984650,False,0.0118694362,False,0.9873617905,False
2010-09-06,1.0000000000,True,1.2894074917,True,1.5449980497,True,0.0118441312,True,0.9839614645,True
2010-09-07,1.0000000000,True,1.2868356705,True,1.5395036936,True,0.0118877790,True,0.9898049690,True
2010-09-08,1.0000000000,True,1.2677966356,True,1.5348722935,True,0.0119428650,True,0.9891196471,True
2010-09-09,1.0000000000,True,1.2732040882,True,1.5473887920,True,0.0119118527,True,0.9891196471,True
2010-09-10,1.0000000000,True,1.2693094015,True,1.5425909758,True,0.0119146908,True,0.9850275625,True
2010-09-11,1.0000000000,True,1.2693094015,False,1.5425909758,False,0.0119146908,False,0.9850275625,False
2010-09-12,1.0000000000,True,1.2693094015,False,1.5425909758,False,0.0119146908,False,0.9850275625,False
2010-09-13,1.0000000000,True,1.2716983557,True,1.5370900631,True,0.0118614114,True,0.9807383297,True
2010-09-14,1.0000000000,True,1.2872000933,True,1.5428051949,True,0.0119501440,True,0.9921619212,True
2010-09-15,1.0000000000,True,1.2991737127,True,1.5533980131,True,0.0120412297,True,1.0046212461,True
2010-09-16,1.0000000000,True,1.3015071154,True,1.5634038448,True,0.0116686119,True,0.9979143816,True
2010-09-17,1.0000000000,True,1.3075997829,True,1.5628174543,True,0.0116484951,True,0.9847947812,True
2010-09-18,1.0000000000,True,1.3075997829,False,1.5628174543,False,0.0116484951,False,0.9847947812,False
2010-09-19,1.0000000000,True,1.3075997829,False,1.5628174543,False,0.0116484951,False,0.9847947812,False
2010-09-20,1.0000000000,True,1.3043931723,True,1.5646023750,True,0.0116699728,True,0.9906385069,True
2010-09-21,1.0000000000,True,1.3066941500,True,1.5548230410,True,0.0116683387,True,0.9953220407,True
2010-09-22,1.0000000000,True,1.3256973028,True,1.5616947412,True,0.0117490867,True,1.0028078497,True
2010-09-23,1.0000000000,True,1.3391003609,True,1.5646023750,True,0.0118371207,True,1.0135820175,True
2010-09-24,1.0000000000,True,1.3319126368,True,1.5678896904,True,0.0118329189,True,1.0149193093,True
2010-09-25,1.0000000000,True,1.3319126368,False,1.5678896904,False,0.0118329189,False,1.0149193093,False
2010-09-26,1.0000000000,True,1.3319126368,False,1.5678896904,False,0.0118329189,False,1.0149193093,False
2010-09-27,1.0000000000,True,1.3479087353,True,1.5831050873,True,0.0118601449,True,1.0156717889,True
2010-09-28,1.0000000000,True,1.3439054489,True,1.5810027122,True,0.0118659149,True,1.0146103951,True
2010-09-29,1.0000000000,True,1.3570915461,True,1.5803030729,True,0.0119200880,True,1.0242753240,True
2010-09-30,1.0000000000,True,1.3628062010,True,1.5795792341,True,0.0119380180,True,1.0238558328,True
2010-10-01,1.0000000000,True,1.3622123003,True,1.5716598034,True,0.0119660166,True,1.0163634406,True
2010-10-02,1.0000000000,True,1.3622123003,False,1.5716598034,False,0.0119660166,False,1.0163634406,False
2010-10-03,1.0000000000,True,1.3622123003,False,1.5716598034,False,0.0119660166,False,1.0163634406,False
2010-10-04,1.0000000000,True,1.3776950836,True,1.5820031166,True,0.0120000480,True,1.0245901524,True
2010-10-05,1.0000000000,True,1.3674091101,True,1.5824286938,True,0.0119756179,True,1.0292301400,True
2010-10-06,1.0000000000,True,1.3833937645,True,1.5891429186,True,0.0120206752,True,1.0351966654,True
2010-10-07,1.0000000000,True,1.3920016289,True,1.5864957571,True,0.0120529845,True,1.0393929632,True
2010-10-08,1.0000000000,True,1.3927963972,True,1.5880074501,True,0.0121388691,True,1.0356255031,True
2010-10-09,1.0000000000,True,1.3927963972,False,1.5880074501,False,0.0121388691,False,1.0356255031,False
2010-10-10,1.0000000000,True,1.3927963972,False,1.5880074501,False,0.0121388691,False,1.0356255031,False
2010-10-11,1.0000000000,True,1.3977607489,True,1.5948709249,True,0.0122219507,True,1.0399550972,True
2010-10-12,1.0000000000,True,1.3880213499,True,1.5892945528,True,0.0121819006,True,1.0371292050,True
2010-10-13,1.0000000000,True,1.3916915655,True,1.5811026096,True,0.0122279288,True,1.0447355521,True
2010-10-14,1.0000000000,True,1.3967260122,True,1.5905078650,True,0.0122252383,True,1.0440593341,True
2010-10-15,1.0000000000,True,1.4072020054,True,1.6006401777,True,0.0122744567,True,1.0493069078,True
2010-10-16,1.0000000000,True,1.4072020054,False,1.6006401777,False,0.0122744567,False,1.0493069078,False
2010-10-17,1.0000000000,True,1.4072020054,False,1.6006401777,False,0.0122744567,False,1.0493069078,False
2010-10-18,1.0000000000,True,1.3964334726,True,1.5979036093,True,0.0122883337,True,1.0433947625,True
2010-10-19,1.0000000000,True,1.3935922384,True,1.5893955231,True,0.0123155746,True,1.0428507494,True
2010-10-20,1.0000000000,True,1.3739094734,True,1.5703023672,True,0.0122636188,True,1.0301843759,True
2010-10-21,1.0000000000,True,1.3963165283,True,1.5845098495,True,0.0123373018,True,1.0397172194,True
2010-10-22,1.0000000000,True,1.3916915655,True,1.5711905956,True,0.0123001225,True,1.0333781082,True
2010-10-23,1.0000000000,True,1.3916915655,False,1.5711905956,False,0.0123001225,False,1.0333781082,False
2010-10-24,1.0000000000,True,1.3916915655,False,1.5711905956,False,0.0123001225,False,1.0333781082,False
2010-10-25,1.0000000000,True,1.3944084644,True,1.5678896904,True,0.0122987618,True,1.0230283603,True
2010-10-26,1.0000000000,True,1.3948947191,True,1.5709685087,True,0.0123724100,True,1.0288489152,True
2010-10-27,1.0000000000,True,1.3854252100,True,1.5850121975,True,0.0122945280,True,1.0162188303,True
2010-10-28,1.0000000000,True,1.3778089285,True,1.5774115324,True,0.0122430489,True,1.0103255179,True
2010-10-29,1.0000000000,True,1.3778089285,True,1.5774115324,True,0.0122430489,True,1.0103255179,True
2010-10-30,1.0000000000,True,1.3778089285,False,1.5774115324,False,0.0122430489,False,1.0103255179,False
2010-10-31,1.0000000000,True,1.3778089285,False,1.5774115324,False,0.0122430489,False,1.0103255179,False
2010-11-01,1.0000000000,True,1.3975068331,True,1.6048015356,True,0.0124368831,True,1.0182262396,True
2010-11-02,1.0000000000,True,1.3910914660,True,1.6059871912,True,0.0124132626,True,1.0081661185,True
2010-11-03,1.0000000000,True,1.4036072493,True,1.6032320261,True,0.0123964894,True,1.0210333075,True
2010-11-04,1.0000000000,True,1.4127286673,True,1.6106950045,True,0.0123380625,True,1.0288065813,True
2010-11-05,1.0000000000,True,1.4227989912,True,1.6276041269,True,0.0123799147,True,1.0439612346,True
2010-11-06,1.0000000000,True,1.4227989912,False,1.6276041269,False,0.0123799147,False,1.0439612346,False
2010-11-07,1.0000000000,True,1.4227989912,False,1.6276041269,False,0.0123799147,False,1.0439612346,False
2010-11-08,1.0000000000,True,1.4075784683,True,1.6209557056,True,0.0123243777,True,1.0412328356,True
2010-11-09,1.0000000000,True,1.3869625330,True,1.6116294861,True,0.0123319774,True,1.0338054402,True
2010-11-10,1.0000000000,True,1.3772017956,True,1.6000000238,True,0.0122574556,True,1.0327378039,True
2010-11-11,1.0000000000,True,1.3775622845,True,1.6122270823,True,0.0121648578,True,1.0303542495,True
2010-11-12,1.0000000000,True,1.3621008396,True,1.6105654240,True,0.0121344492,True,1.0242753240,True
2010-11-13,1.0000000000,True,1.3621008396,False,1.6105654240,False,0.0121344492,False,1.0242753240,False
2010-11-14,1.0000000000,True,1.3621008396,False,1.6105654240,False,0.0121344492,False,1.0242753240,False
2010-11-15,1.0000000000,True,1.3693190813,True,1.6129032373,True,0.0121256213,True,1.0213461457,True
2010-11-16,1.0000000000,True,1.3574783802,True,1.6043124199,True,0.0120247225,True,1.0151253976,True
2010-11-17,1.0000000000,True,1.3490543365,True,1.5887137651,True,0.0119932842,True,1.0037137589,True
2010-11-18,1.0000000000,True,1.3553992510,True,1.5921032429,True,0.0120336946,True,1.0093872953,True
2010-11-19,1.0000000000,True,1.3657284975,True,1.6051880121,True,0.0119703135,True,1.0046212461,True
2010-11-20,1.0000000000,True,1.3657284975,False,1.6051880121,False,0.0119703135,False,1.0046212461,False
2010-11-21,1.0000000000,True,1.3657284975,False,1.6051880121,False,0.0119703135,False,1.0046212461,False
2010-11-22,1.0000000000,True,1.3744381666,True,1.6004352570,True,0.0119781996,True,1.0078410187,True
2010-11-23,1.0000000000,True,1.3601926565,True,1.5946674347,True,0.0120062431,True,1.0123301516,True
2010-11-24,1.0000000000,True,1.3386342525,True,1.5805029869,True,0.0120092716,True,1.0034116274,True
2010-11-25,1.0000000000,True,1.3357912302,True,1.5790054798,True,0.0119731806,True,1.0056315119,True
2010-11-26,1.0000000000,True,1.3339736462,True,1.5759695768,True,0.0119574319,True,1.0000000000,True
2010-11-27,1.0000000000,True,1.3339736462,False,1.5759695768,False,0.0119574319,False,1.0000000000,False
2010-11-28,1.0000000000,True,1.3339736462,False,1.5759695768,False,0.0119574319,False,1.0000000000,False
2010-11-29,1.0000000000,True,1.3238019943,True,1.5590164661,True,0.0118825532,True,0.9972078302,True
2010-11-30,1.0000000000,True,1.3103927374,True,1.5556211472,True,0.0118688730,True,0.9989012644,True
2010-12-01,1.0000000000,True,1.2992074490,True,1.5568078756,True,0.0119505722,True,0.9974067876,True
2010-12-02,1.0000000000,True,1.3124909401,True,1.5610364676,True,0.0118873553,True,0.9971083813,True
2010-12-03,1.0000000000,True,1.3215975761,True,1.5590895414,True,0.0119404410,True,1.0073537014,True
2010-12-04,1.0000000000,True,1.3215975761,False,1.5590895414,False,0.0119404410,False,1.0073537014,False
2010-12-05,1.0000000000,True,1.3215975761,False,1.5590895414,False,0.0119404410,False,1.0073537014,False
2010-12-06,1.0000000000,True,1.3415975571,True,1.5767897367,True,0.0120802128,True,1.0258514665,True
2010-12-07,1.0000000000,True,1.3286918402,True,1.5708698034,True,0.0120962867,True,1.0182262396,True
2010-12-08,1.0000000000,True,1.3244681358,True,1.5753240585,True,0.0119790611,True,1.0122481841,True
2010-12-09,1.0000000000,True,1.3250824213,True,1.5796539783,True,0.0118906066,True,1.0139931305,True
2010-12-10,1.0000000000,True,1.3242051601,True,1.5775109529,True,0.0119308960,True,1.0172940182,True
2010-12-11,1.0000000000,True,1.3242051601,False,1.5775109529,False,0.0119308960,False,1.0172940182,False
2010-12-12,1.0000000000,True,1.3242051601,False,1.5775109529,False,0.0119308960,False,1.0172940182,False
2010-12-13,1.0000000000,True,1.3197138309,True,1.5799036026,True,0.0119085897,True,1.0185373598,True
2010-12-14,1.0000000000,True,1.3395488262,True,1.5861938000,True,0.0119846593,True,1.0331646064,True
2010-12-15,1.0000000000,True,1.3360946178,True,1.5763919353,True,0.0119345983,True,1.0405826990,True
2010-12-16,1.0000000000,True,1.3224014044,True,1.5560811758,True,0.0118667604,True,1.0339123443,True
2010-12-17,1.0000000000,True,1.3239947557,True,1.5632815361,True,0.0118976795,True,1.0368066248,True
2010-12-18,1.0000000000,True,1.3239947557,False,1.5632815361,False,0.0118976795,False,1.0368066248,False
2010-12-19,1.0000000000,True,1.3239947557,False,1.5632815361,False,0.0118976795,False,1.0368066248,False
2010-12-20,1.0000000000,True,1.3164995909,True,1.5513014793,True,0.0119033445,True,1.0311404462,True
2010-12-21,1.0000000000,True,1.3118022680,True,1.5508204699,True,0.0119373047,True,1.0364842452,True
2010-12-22,1.0000000000,True,1.3090033531,True,1.5465990305,True,0.0119345983,True,1.0440265889,True
2010-12-23,1.0000000000,True,1.3115441799,True,1.5404047966,True,0.0119674489,True,1.0510826350,True
2010-12-24,1.0000000000,True,1.3127149343,True,1.5446400642,True,0.0120452908,True,1.0443864438,True
2010-12-25,1.0000000000,True,1.3127149343,False,1.5446400642,False,0.0120452908,False,1.0443864438,False
2010-12-26,1.0000000000,True,1.3127149343,False,1.5446400642,False,0.0120452908,False,1.0443864438,False
2010-12-27,1.0000000000,True,1.3079760075,True,1.5413783789,True,0.0120599623,True,1.0379904437,True
2010-12-28,1.0000000000,True,1.3189654350,True,1.5442106724,True,0.0120889747,True,1.0431879992,True
2010-12-29,1.0000000000,True,1.3086265326,True,1.5355793238,True,0.0121424057,True,1.0504974254,True
2010-12-30,1.0000000000,True,1.3224539757,True,1.5501953363,True,0.0122521998,True,1.0586155125,True
2010-12-31,1.0000000000,True,1.3301233053,True,1.5437101126,True,0.0122729499,True,1.0700909818,True
2011-01-01,1.0000000000,True,1.3301233053,False,1.5437101126,False,0.0122729499,False,1.0700909818,False
2011-01-02,1.0000000000,True,1.3301233053,False,1.5437101126,False,0.0122729499,False,1.0700909818,False
2011-01-03,1.0000000000,True,1.3357912302,True,1.5572443008,True,0.0123269601,True,1.0729613948,True
2011-01-04,1.0000000000,True,1.3356841803,True,1.5489706993,True,0.0122443985,True,1.0703887840,True
2011-01-05,1.0000000000,True,1.3321077824,True,1.5597946644,True,0.0121894729,True,1.0557432429,True
2011-01-06,1.0000000000,True,1.3156856298,True,1.5512052774,True,0.0120208196,True,1.0354003366,True
2011-01-07,1.0000000000,True,1.2979933023,True,1.5450935364,True,0.0120048015,True,1.0353038575,True
2011-01-08,1.0000000000,True,1.2979933023,False,1.5450935364,False,0.0120048015,False,1.0353038575,False
2011-01-09,1.0000000000,True,1.2979933023,False,1.5450935364,False,0.0120048015,False,1.0353038575,False
2011-01-10,1.0000000000,True,1.2895072699,True,1.5540015697,True,0.0120438398,True,1.0345541063,True
2011-01-11,1.0000000000,True,1.2964956760,True,1.5589923859,True,0.0120904366,True,1.0353038575,True
2011-01-12,1.0000000000,True,1.2983977795,True,1.5607929230,True,0.0119990406,True,1.0272530516,True
2011-01-13,1.0000000000,True,1.3128355742,True,1.5749272108,True,0.0120380403,True,1.0340192069,True
2011-01-14,1.0000000000,True,1.3353273869,True,1.5842838287,True,0.0120828398,True,1.0374735417,True
2011-01-15,1.0000000000,True,1.3353273869,False,1.5842838287,False,0.0120828398,False,1.0374735417,False
2011-01-16,1.0000000000,True,1.3353273869,False,1.5842838287,False,0.0120828398,False,1.0374735417,False
2011-01-17,1.0000000000,True,1.3380253315,True,1.5881334543,True,0.0120646179,True,1.0376673277,True
2011-01-18,1.0000000000,True,1.3283917904,True,1.5900021791,True,0.0120962867,True,1.0366991213,True
2011-01-19,1.0000000000,True,1.3378105164,True,1.5962965488,True,0.0121047790,True,1.0375596456,True
2011-01-20,1.0000000000,True,1.3452069759,True,1.5974185467,True,0.0121721139,True,1.0462439875,True
2011-01-21,1.0000000000,True,1.3468012810,True,1.5909886360,True,0.0120598170,True,1.0343401184,True
2011-01-22,1.0000000000,True,1.3468012810,False,1.5909886360,False,0.0120598170,False,1.0343401184,False
2011-01-23,1.0000000000,True,1.3468012810,False,1.5909886360,False,0.0120598170,False,1.0343401184,False
2011-01-24,1.0000000000,True,1.3619525433,True,1.5993857384,True,0.0121085900,True,1.0436234848,True
2011-01-25,1.0000000000,True,1.3644053936,True,1.5986443758,True,0.0121150445,True,1.0535187809,True
2011-01-26,1.0000000000,True,1.3686069250,True,1.5820031166,True,0.0121565764,True,1.0614584569,True
2011-01-27,1.0000000000,True,1.3710086346,True,1.5929908752,True,0.0121709282,True,1.0608953824,True
2011-01-28,1.0000000000,True,1.3723068237,True,1.5926862955,True,0.0120649089,True,1.0570377857,True
2011-01-29,1.0000000000,True,1.3723068237,False,1.5926862955,False,0.0120649089,False,1.0570377857,False
2011-01-30,1.0000000000,True,1.3723068237,False,1.5926862955,False,0.0120649089,False,1.0570377857,False
2011-01-31,1.0000000000,True,1.3572757244,True,1.5829297304,True,0.0121819006,True,1.0617965617,True
2011-02-01,1.0000000000,True,1.3713847399,True,1.6030007601,True,0.0121847204,True,1.0602205347,True
2011-02-02,1.0000000000,True,1.3829919100,True,1.6136059761,True,0.0122863709,True,1.0692900189,True
2011-02-03,1.0000000000,True,1.3817880154,True,1.6204829216,True,0.0122709932,True,1.0642826838,True
2011-02-04,1.0000000000,True,1.3624535799,True,1.6134496927,True,0.0122473972,True,1.0567808465,True
2011-02-05,1.0000000000,True,1.3624535799,False,1.6134496927,False,0.0122473972,False,1.0567808465,False
2011-02-06,1.0000000000,True,1.3624535799,False,1.6134496927,False,0.0122473972,False,1.0567808465,False
2011-02-07,1.0000000000,True,1.3574967384,True,1.6099689007,True,0.0121624907,True,1.0478006930,True
2011-02-08,1.0000000000,True,1.3591942787,True,1.6129032373,True,0.0121522923,True,1.0473397463,True
2011-02-09,1.0000000000,True,1.3626948595,True,1.6066321135,True,0.0121502252,True,1.0380982152,True
2011-02-10,1.0000000000,True,1.3720997572,True,1.6101503372,True,0.0121331248,True,1.0436234848,True
2011-02-11,1.0000000000,True,1.3601926565,True,1.6097097397,True,0.0119990406,True,1.0324179493,True
2011-02-12,1.0000000000,True,1.3601926565,False,1.6097097397,False,0.0119990406,False,1.0324179493,False
2011-02-13,1.0000000000,True,1.3601926565,False,1.6097097397,False,0.0119990406,False,1.0324179493,False
2011-02-14,1.0000000000,True,1.3510043621,True,1.6003072262,True,0.0119840851,True,1.0270420102,True
2011-02-15,1.0000000000,True,1.3481086493,True,1.6028209925,True,0.0119885387,True,1.0303967108,True
2011-02-16,1.0000000000,True,1.3498555422,True,1.6136579514,True,0.0119451474,True,1.0353038575,True
2011-02-17,1.0000000000,True,1.3575335741,True,1.6092953682,True,0.0119602917,True,1.0426659090,True
2011-02-18,1.0000000000,True,1.3626019955,True,1.6178088188,True,0.0120062431,True,1.0532968105,True
2011-02-19,1.0000000000,True,1.3626019955,False,1.6178088188,False,0.0120062431,False,1.0532968105,False
2011-02-20,1.0000000000,True,1.3626019955,False,1.6178088188,False,0.0120062431,False,1.0532968105,False
2011-02-21,1.0000000000,True,1.3713470697,True,1.6250914335,True,0.0120365910,True,1.0594342743,True
2011-02-22,1.0000000000,True,1.3682323694,True,1.6227970123,True,0.0120386196,True,1.0571941809,True
2011-02-23,1.0000000000,True,1.3673717976,True,1.6160049438,True,0.0120831316,True,1.0666666667,True
2011-02-24,1.0000000000,True,1.3764055967,True,1.6235084534,True,0.0121303277,True,1.0730764822,True
2011-02-25,1.0000000000,True,1.3819980621,True,1.6144396067,True,0.0121881365,True,1.0812914877,True
2011-02-26,1.0000000000,True,1.3819980621,False,1.6144396067,False,0.0121881365,False,1.0812914877,False
2011-02-27,1.0000000000,True,1.3819980621,False,1.6144396067,False,0.0121881365,False,1.0812914877,False
2011-02-28,1.0000000000,True,1.3734377623,True,1.6100466251,True,0.0122515986,True,1.0775862379,True
2011-03-01,1.0000000000,True,1.3821508884,True,1.6270480156,True,0.0122140387,True,1.0766348538,True
2011-03-02,1.0000000000,True,1.3771828413,True,1.6262806654,True,0.0122103100,True,1.0772379351,True
2011-03-03,1.0000000000,True,1.3866548538,True,1.6332930326,True,0.0122207553,True,1.0829543171,True
2011-03-04,1.0000000000,True,1.3958877325,True,1.6274452209,True,0.0121407850,True,1.0730764822,True
2011-03-05,1.0000000000,True,1.3958877325,False,1.6274452209,False,0.0121407850,False,1.0730764822,False
2011-03-06,1.0000000000,True,1.3958877325,False,1.6274452209,False,0.0121407850,False,1.0730764822,False
2011-03-07,1.0000000000,True,1.3990709782,True,1.6268362999,True,0.0121443228,True,1.0797969799,True
2011-03-08,1.0000000000,True,1.3963944912,True,1.6198529005,True,0.0121518495,True,1.0794356484,True
2011-03-09,1.0000000000,True,1.3897961378,True,1.6163444519,True,0.0120772942,True,1.0695187139,True
2011-03-10,1.0000000000,True,1.3902212381,True,1.6200103760,True,0.0120724832,True,1.0754885551,True
2011-03-11,1.0000000000,True,1.3801289797,True,1.6066062450,True,0.0120601077,True,1.0734220988,True
2011-03-12,1.0000000000,True,1.3801289797,False,1.6066062450,False,0.0120601077,False,1.0734220988,False
2011-03-13,1.0000000000,True,1.3801289797,False,1.6066062450,False,0.0120601077,False,1.0734220988,False
2011-03-14,1.0000000000,True,1.3934563398,True,1.6071486473,True,0.0123025447,True,1.0772147644,True
2011-03-15,1.0000000000,True,1.3992079496,True,1.6172070503,True,0.0122219507,True,1.0813967287,True
2011-03-16,1.0000000000,True,1.3986209631,True,1.6072002649,True,0.0123371497,True,1.0894432638,True
2011-03-17,1.0000000000,True,1.3884838820,True,1.5991301537,True,0.0126377518,True,1.1063660632,True
2011-03-18,1.0000000000,True,1.4032920599,True,1.6143354177,True,0.0125786164,True,1.1119636255,True
2011-03-19,1.0000000000,True,1.4032920599,False,1.6143354177,False,0.0125786164,False,1.1119636255,False
2011-03-20,1.0000000000,True,1.4032920599,False,1.6143354177,False,0.0125786164,False,1.1119636255,False
2011-03-21,1.0000000000,True,1.4170527458,True,1.6222968102,True,0.0123433933,True,1.1066965925,True
2011-03-22,1.0000000000,True,1.4217066765,True,1.6308690310,True,0.0123139061,True,1.1049724106,True
2011-03-23,1.0000000000,True,1.4168118238,True,1.6360185146,True,0.0123397374,True,1.1061947095,True
2011-03-24,1.0000000000,True,1.4105963707,True,1.6249066591,True,0.0123659841,True,1.1014429196,True
2011-03-25,1.0000000000,True,1.4171934128,True,1.6122010946,True,0.0123435456,True,1.1009820578,True
2011-03-26,1.0000000000,True,1.4171934128,False,1.6122010946,False,0.0123435456,False,1.1009820578,False
2011-03-27,1.0000000000,True,1.4171934128,False,1.6122010946,False,0.0123435456,False,1.1009820578,False
2011-03-28,1.0000000000,True,1.4026032686,True,1.6004096270,True,0.0122776220,True,1.0847163769,True
2011-03-29,1.0000000000,True,1.4079747200,True,1.5990788937,True,0.0122309194,True,1.0908932491,True
2011-03-30,1.0000000000,True,1.4111139774,True,1.6009989977,True,0.0121343020,True,1.0862481026,True
2011-03-31,1.0000000000,True,1.4121301174,True,1.6074068546,True,0.0120264580,True,1.0886130799,True
2011-04-01,1.0000000000,True,1.4158691168,True,1.6034121513,True,0.0119961611,True,1.0876658966,True
2011-04-02,1.0000000000,True,1.4158691168,False,1.6034121513,False,0.0119961611,False,1.0876658966,False
2011-04-03,1.0000000000,True,1.4158691168,False,1.6034121513,False,0.0119961611,False,1.0876658966,False
2011-04-04,1.0000000000,True,1.4223334789,True,1.6120711565,True,0.0118736640,True,1.0806254601,True
2011-04-05,1.0000000000,True,1.4220098257,True,1.6130594015,True,0.0118863667,True,1.0835409873,True
2011-04-06,1.0000000000,True,1.4219088554,True,1.6300981045,True,0.0117426017,True,1.0803919911,True
2011-04-07,1.0000000000,True,1.4335273504,True,1.6324932575,True,0.0117205814,True,1.0895619851,True
2011-04-08,1.0000000000,True,1.4302060604,True,1.6321201324,True,0.0117702449,True,1.0915838582,True
2011-04-09,1.0000000000,True,1.4302060604,False,1.6321201324,False,0.0117702449,False,1.0915838582,False
2011-04-10,1.0000000000,True,1.4302060604,False,1.6321201324,False,0.0117702449,False,1.0915838582,False
2011-04-11,1.0000000000,True,1.4462152719,True,1.6374115944,True,0.0117591720,True,1.1003521055,True
2011-04-12,1.0000000000,True,1.4437931776,True,1.6344943047,True,0.0118161412,True,1.1031439823,True
2011-04-13,1.0000000000,True,1.4476389885,True,1.6256990433,True,0.0119617227,True,1.1150882249,True
2011-04-14,1.0000000000,True,1.4442101717,True,1.6268892288,True,0.0119355959,True,1.1161959902,True
2011-04-15,1.0000000000,True,1.4432096481,True,1.6268892288,False,0.0119355959,False,1.1161959902,False
2011-04-16,1.0000000000,True,1.4432096481,False,1.6268892288,False,0.0119355959,False,1.1161959902,False
2011-04-17,1.0000000000,True,1.4432096481,False,1.6268892288,False,0.0119355959,False,1.1161959902,False
2011-04-18,1.0000000000,True,1.4412959814,True,1.6314011812,True,0.0120268917,True,1.1203226530,True
2011-04-19,1.0000000000,True,1.4223941565,True,1.6261219978,True,0.0121456507,True,1.1161461633,True
2011-04-20,1.0000000000,True,1.4337946177,True,1.6324398518,True,0.0121094693,True,1.1122233275,True
2011-04-21,1.0000000000,True,1.4513999224,True,1.6394786835,True,0.0121300336,True,1.1253657543,True
2011-04-22,1.0000000000,True,1.4554982185,True,1.6514730453,True,0.0122104590,True,1.1285789896,True
2011-04-23,1.0000000000,True,1.4554982185,False,1.6514730453,False,0.0122104590,False,1.1285789896,False
2011-04-24,1.0000000000,True,1.4554982185,False,1.6514730453,False,0.0122104590,False,1.1285789896,False
2011-04-25,1.0000000000,True,1.4557099342,True,1.6528105736,True,0.0122144860,True,1.1290504846,True
2011-04-26,1.0000000000,True,1.4578959942,True,1.6501922607,True,0.0122189644,True,1.1352026010,True
2011-04-27,1.0000000000,True,1.4687954187,True,1.6509006023,True,0.0122682826,True,1.1491875102,True
2011-04-28,1.0000000000,True,1.4779999256,True,1.6627867222,True,0.0121648578,True,1.1428309855,True
2011-04-29,1.0000000000,True,1.4844063520,True,1.6650016308,True,0.0122654240,True,1.1456065867,True
2011-04-30,1.0000000000,True,1.4844063520,False,1.6650016308,False,0.0122654240,False,1.1456065867,False
2011-05-01,1.0000000000,True,1.4844063520,False,1.6650016308,False,0.0122654240,False,1.1456065867,False
2011-05-02,1.0000000000,True,1.4793994427,True,1.6688083410,True,0.0123111777,True,1.1556819286,True
2011-05-03,1.0000000000,True,1.4823819399,True,1.6660002470,True,0.0123183050,True,1.1564704263,True
2011-05-04,1.0000000000,True,1.4833273888,True,1.6496477127,True,0.0123504054,True,1.1614401839,True
2011-05-05,1.0000000000,True,1.4829754829,True,1.6497021914,True,0.0124007937,True,1.1614131690,True
2011-05-06,1.0000000000,True,1.4544396400,True,1.6385921240,True,0.0124351816,True,1.1495574360,True
2011-05-07,1.0000000000,True,1.4544396400,False,1.6385921240,False,0.0124351816,False,1.1495574360,False
2011-05-08,1.0000000000,True,1.4544396400,False,1.6385921240,False,0.0124351816,False,1.1495574360,False
2011-05-09,1.0000000000,True,1.4352967739,True,1.6358044147,True,0.0123863550,True,1.1385501381,True
2011-05-10,1.0000000000,True,1.4376078844,True,1.6411738396,True,0.0124623020,True,1.1478420239,True
2011-05-11,1.0000000000,True,1.4411090612,True,1.6370095015,True,0.0123440024,True,1.1361828716,True
2011-05-12,1.0000000000,True,1.4211004972,True,1.6367415190,True,0.0123441547,True,1.1286682001,True
2011-05-13,1.0000000000,True,1.4237915277,True,1.6283993721,True,0.0123395853,True,1.1309658744,True
2011-05-14,1.0000000000,True,1.4237915277,False,1.6283993721,False,0.0123395853,False,1.1309658744,False
2011-05-15,1.0000000000,True,1.4237915277,False,1.6283993721,False,0.0123395853,False,1.1309658744,False
2011-05-16,1.0000000000,True,1.4077963829,True,1.6175994873,True,0.0123736341,True,1.1196954137,True
2011-05-17,1.0000000000,True,1.4158089161,True,1.6209294796,True,0.0123789957,True,1.1307100730,True
2011-05-18,1.0000000000,True,1.4268999100,True,1.6253026724,True,0.0122818441,True,1.1378117294,True
2011-05-19,1.0000000000,True,1.4255167246,True,1.6165013313,True,0.0122457472,True,1.1351639661,True
2011-05-20,1.0000000000,True,1.4316186905,True,1.6231921911,True,0.0122378055,True,1.1348290355,True
2011-05-21,1.0000000000,True,1.4316186905,False,1.6231921911,False,0.0122378055,False,1.1348290355,False
2011-05-22,1.0000000000,True,1.4316186905,False,1.6231921911,False,0.0122378055,False,1.1348290355,False
2011-05-23,1.0000000000,True,1.4105764627,True,1.6214288473,True,0.0122339127,True,1.1388224861,True
2011-05-24,1.0000000000,True,1.4036663771,True,1.6108766794,True,0.0122015202,True,1.1310937422,True
2011-05-25,1.0000000000,True,1.4099003077,True,1.6184896231,True,0.0121879880,True,1.1364928109,True
2011-05-26,1.0000000000,True,1.4084903002,True,1.6279751062,True,0.0121918505,True,1.1463945512,True
2011-05-27,1.0000000000,True,1.4135074615,True,1.6385383606,True,0.0123046640,True,1.1554949597,True
2011-05-28,1.0000000000,True,1.4135074615,False,1.6385383606,False,0.0123046640,False,1.1554949597,False
2011-05-29,1.0000000000,True,1.4135074615,False,1.6385383606,False,0.0123046640,False,1.1554949597,False
2011-05-30,1.0000000000,True,1.4297356606,True,1.6511186361,True,0.0123714909,True,1.1760554904,True
2011-05-31,1.0000000000,True,1.4322338104,True,1.6487774849,True,0.0123639965,True,1.1755024986,True
2011-06-01,1.0000000000,True,1.4427932501,True,1.6464971304,True,0.0122770182,True,1.1724429078,True
2011-06-02,1.0000000000,True,1.4344938993,True,1.6334265471,True,0.0123618567,True,1.1880717349,True
2011-06-03,1.0000000000,True,1.4486035109,True,1.6361523867,True,0.0123502530,True,1.1863803843,True
2011-06-04,1.0000000000,True,1.4486035109,False,1.6361523867,False,0.0123502530,False,1.1863803843,False
2011-06-05,1.0000000000,True,1.4486035109,False,1.6361523867,False,0.0123502530,False,1.1863803843,False
2011-06-06,1.0000000000,True,1.4655021429,True,1.6454133987,True,0.0124657191,True,1.1988970032,True
2011-06-07,1.0000000000,True,1.4582999945,True,1.6357241869,True,0.0124812777,True,1.1976048212,True
2011-06-08,1.0000000000,True,1.4686013460,True,1.6443040371,True,0.0124734941,True,1.1952715248,True
2011-06-09,1.0000000000,True,1.4601950645,True,1.6407967806,True,0.0125172113,True,1.1967448275,True
2011-06-10,1.0000000000,True,1.4515683651,True,1.6365541220,True,0.0124548510,True,1.1889193042,True
2011-06-11,1.0000000000,True,1.4515683651,False,1.6365541220,False,0.0124548510,False,1.1889193042,False
2011-06-12,1.0000000000,True,1.4515683651,False,1.6365541220,False,0.0124548510,False,1.1889193042,False
2011-06-13,1.0000000000,True,1.4332603216,True,1.6226128340,True,0.0124471004,True,1.1872254572,True
2011-06-14,1.0000000000,True,1.4416908026,True,1.6374115944,True,0.0124725600,True,1.1950287104,True
2011-06-15,1.0000000000,True,1.4450031519,True,1.6377333403,True,0.0124161906,True,1.1841326155,True
2011-06-16,1.0000000000,True,1.4181982279,True,1.6195906401,True,0.0123639965,True,1.1731581350,True
2011-06-17,1.0000000000,True,1.4199099541,True,1.6161093712,True,0.0124104888,True,1.1786893020,True
2011-06-18,1.0000000000,True,1.4199099541,False,1.6161093712,False,0.0124104888,False,1.1786893020,False
2011-06-19,1.0000000000,True,1.4199099541,False,1.6161093712,False,0.0124104888,False,1.1786893020,False
2011-06-20,1.0000000000,True,1.4285101891,True,1.6178088188,True,0.0124881368,True,1.1778563333,True
2011-06-21,1.0000000000,True,1.4325416088,True,1.6206929684,True,0.0124635440,True,1.1835720035,True
2011-06-22,1.0000000000,True,1.4381660223,True,1.6225336790,True,0.0124655638,True,1.1875073878,True
2011-06-23,1.0000000000,True,1.4314342737,True,1.6059871912,True,0.0124404409,True,1.1892444408,True
2011-06-24,1.0000000000,True,1.4270017147,True,1.6026154757,True,0.0124316257,True,1.1937447640,True
2011-06-25,1.0000000000,True,1.4270017147,False,1.6026154757,False,0.0124316257,False,1.1937447640,False
2011-06-26,1.0000000000,True,1.4270017147,False,1.6026154757,False,0.0124316257,False,1.1937447640,False
2011-06-27,1.0000000000,True,1.4171332121,True,1.5962965488,True,0.0124285361,True,1.1982074756,True
2011-06-28,1.0000000000,True,1.4316802025,True,1.5990022421,True,0.0123685840,True,1.1990407797,True
2011-06-29,1.0000000000,True,1.4357914925,True,1.5987977982,True,0.0123334975,True,1.2010569337,True
2011-06-30,1.0000000000,True,1.4478904009,True,1.6075878143,True,0.0123900385,True,1.2003360640,True
2011-07-01,1.0000000000,True,1.4496954679,True,1.6048015356,True,0.0124069481,True,1.1888486202,True
2011-07-02,1.0000000000,True,1.4496954679,False,1.6048015356,False,0.0124069481,False,1.1888486202,False
2011-07-03,1.0000000000,True,1.4496954679,False,1.6048015356,False,0.0124069481,False,1.1888486202,False
2011-07-04,1.0000000000,True,1.4539955854,True,1.6068129539,True,0.0123639965,True,1.1798018167,True
2011-07-05,1.0000000000,True,1.4553074837,True,1.6097097397,True,0.0123865084,True,1.1804006345,True
2011-07-06,1.0000000000,True,1.4428139925,True,1.6067870855,True,0.0123350192,True,1.1896264379,True
2011-07-07,1.0000000000,True,1.4331575632,True,1.6008964777,True,0.0123551355,True,1.1914691143,True
2011-07-08,1.0000000000,True,1.4364513159,True,1.5981078148,True,0.0123107221,True,1.1838522849,True
2011-07-09,1.0000000000,True,1.4364513159,False,1.5981078148,False,0.0123107221,False,1.1838522849,False
2011-07-10,1.0000000000,True,1.4364513159,False,1.5981078148,False,0.0123107221,False,1.1838522849,False
2011-07-11,1.0000000000,True,1.4201923609,True,1.6025898457,True,0.0123992558,True,1.1950287104,True
2011-07-12,1.0000000000,True,1.4040604830,True,1.5908114910,True,0.0124548510,True,1.1966016864,True
2011-07-13,1.0000000000,True,1.3969016075,True,1.5918244123,True,0.0126074786,True,1.2027905069,True
2011-07-14,1.0000000000,True,1.4234267473,True,1.6168148518,True,0.0126710596,True,1.2331216760,True
2011-07-15,1.0000000000,True,1.4157286882,True,1.6149089336,True,0.0126294518,True,1.2266928795,True
2011-07-16,1.0000000000,True,1.4157286882,False,1.6149089336,False,0.0126294518,False,1.2266928795,False
2011-07-17,1.0000000000,True,1.4157286882,False,1.6149089336,False,0.0126294518,False,1.2266928795,False
2011-07-18,1.0000000000,True,1.4123096466,True,1.6111880541,True,0.0126401478,True,1.2333802189,True
2011-07-19,1.0000000000,True,1.4111936092,True,1.6058323383,True,0.0126502209,True,1.2233912725,True
2011-07-20,1.0000000000,True,1.4172939062,True,1.6137100458,True,0.0126380710,True,1.2134596891,True
2011-07-21,1.0000000000,True,1.4270017147,True,1.6159266233,True,0.0126977681,True,1.2152144894,True
2011-07-22,1.0000000000,True,1.4420026541,True,1.6323332787,True,0.0127252367,True,1.2234661238,True
2011-07-23,1.0000000000,True,1.4420026541,False,1.6323332787,False,0.0127252367,False,1.2234661238,False
2011-07-24,1.0000000000,True,1.4420026541,False,1.6323332787,False,0.0127252367,False,1.2234661238,False
2011-07-25,1.0000000000,True,1.4388489723,True,1.6315076351,True,0.0127583572,True,1.2292563194,True
2011-07-26,1.0000000000,True,1.4371533394,True,1.6280810833,True,0.0127713916,True,1.2396642834,True
2011-07-27,1.0000000000,True,1.4508101940,True,1.6426025629,True,0.0128346636,True,1.2476295196,True
2011-07-28,1.0000000000,True,1.4372979403,True,1.6327331066,True,0.0128320287,True,1.2478785891,True
2011-07-29,1.0000000000,True,1.4331985712,True,1.6368486881,True,0.0128650451,True,1.2480499517,True
2011-07-30,1.0000000000,True,1.4331985712,False,1.6368486881,False,0.0128650451,False,1.2480499517,False
2011-07-31,1.0000000000,True,1.4331985712,False,1.6368486881,False,0.0128650451,False,1.2480499517,False
2011-08-01,1.0000000000,True,1.4363688231,True,1.6412007809,True,0.0129511874,True,1.2645581923,True
2011-08-02,1.0000000000,True,1.4262080193,True,1.6309223175,True,0.0129098891,True,1.2742100011,True
2011-08-03,1.0000000000,True,1.4173339605,True,1.6278691292,True,0.0129307560,True,1.3070186865,True
2011-08-04,1.0000000000,True,1.4352967739,True,1.6434123516,True,0.0129681503,True,1.2977911611,True
2011-08-05,1.0000000000,True,1.4067071676,True,1.6235874891,True,0.0126119307,True,1.3056534526,True
2011-08-06,1.0000000000,True,1.4067071676,False,1.6235874891,False,0.0126119307,False,1.3056534526,False
2011-08-07,1.0000000000,True,1.4067071676,False,1.6235874891,False,0.0126119307,False,1.3056534526,False
2011-08-08,1.0000000000,True,1.4294085503,True,1.6416587830,True,0.0127788998,True,1.3134218524,True
2011-08-09,1.0000000000,True,1.4170728922,True,1.6320136786,True,0.0128890895,True,1.3264358818,True
2011-08-10,1.0000000000,True,1.4383108616,True,1.6314810514,True,0.0129785848,True,1.3835085464,True
2011-08-11,1.0000000000,True,1.4124692678,True,1.6118113995,True,0.0130277878,True,1.3770311502,True
2011-08-12,1.0000000000,True,1.4226369858,True,1.6227970123,True,0.0130106686,True,1.3126805089,True
2011-08-13,1.0000000000,True,1.4226369858,False,1.6227970123,False,0.0130106686,False,1.3126805089,False
2011-08-14,1.0000000000,True,1.4226369858,False,1.6227970123,False,0.0130106686,False,1.3126805089,False
2011-08-15,1.0000000000,True,1.4274091721,True,1.6293280125,True,0.0130174434,True,1.2776287175,True
2011-08-16,1.0000000000,True,1.4438347816,True,1.6385921240,True,0.0130140558,True,1.2751848812,True
2011-08-17,1.0000000000,True,1.4398018122,True,1.6440877914,True,0.0130286373,True,1.2569130263,True
2011-08-18,1.0000000000,True,1.4429181814,True,1.6540955305,True,0.0130638698,True,1.2667046842,True
2011-08-19,1.0000000000,True,1.4324390888,True,1.6507915258,True,0.0130485273,True,1.2592872647,True
2011-08-20,1.0000000000,True,1.4324390888,False,1.6507915258,False,0.0130485273,False,1.2592872647,False
2011-08-21,1.0000000000,True,1.4324390888,False,1.6507915258,False,0.0130485273,False,1.2592872647,False
2011-08-22,1.0000000000,True,1.4369261265,True,1.6477993727,True,0.0130232068,True,1.2696800715,True
2011-08-23,1.0000000000,True,1.4361007214,True,1.6466054916,True,0.0130154101,True,1.2666244489,True
2011-08-24,1.0000000000,True,1.4437098503,True,1.6498110294,True,0.0130446120,True,1.2611930476,True
2011-08-25,1.0000000000,True,1.4412337542,True,1.6370095015,True,0.0129780798,True,1.2574662079,True
2011-08-26,1.0000000000,True,1.4372979403,True,1.6283197403,True,0.0129140574,True,1.2594457969,True
2011-08-27,1.0000000000,True,1.4372979403,False,1.6283197403,False,0.0129140574,False,1.2594457969,False
2011-08-28,1.0000000000,True,1.4372979403,False,1.6283197403,False,0.0129140574,False,1.2594457969,False
2011-08-29,1.0000000000,True,1.4495064020,True,1.6350021362,True,0.0130408702,True,1.2377003224,True
2011-08-30,1.0000000000,True,1.4524328709,True,1.6414970160,True,0.0129983234,True,1.2244998114,True
2011-08-31,1.0000000000,True,1.4433138371,True,1.6307626963,True,0.0130376403,True,1.2208521215,True
2011-09-01,1.0000000000,True,1.4374631643,True,1.6251442432,True,0.0130327115,True,1.2396182111,True
2011-09-02,1.0000000000,True,1.4262080193,True,1.6188040972,True,0.0130106686,True,1.2578616088,True
2011-09-03,1.0000000000,True,1.4262080193,False,1.6188040972,False,0.0130106686,False,1.2578616088,False
2011-09-04,1.0000000000,True,1.4262080193,False,1.6188040972,False,0.0130106686,False,1.2578616088,False
2011-09-05,1.0000000000,True,1.4157688618,True,1.6172070503,True,0.0130035629,True,1.2655024124,True
2011-09-06,1.0000000000,True,1.4063115120,True,1.6099948883,True,0.0130035629,True,1.2730744911,True
2011-09-07,1.0000000000,True,1.4003249407,True,1.5948200226,True,0.0128836101,True,1.1607660722,True
2011-09-08,1.0000000000,True,1.4085696936,True,1.5985933542,True,0.0129364428,True,1.1646866716,True
2011-09-09,1.0000000000,True,1.3904144764,True,1.5977503061,True,0.0129018935,True,1.1437590568,True
2011-09-10,1.0000000000,True,1.3904144764,False,1.5977503061,False,0.0129018935,False,1.1437590568,False
2011-09-11,1.0000000000,True,1.3904144764,False,1.5977503061,False,0.0129018935,False,1.1437590568,False
2011-09-12,1.0000000000,True,1.3600815535,True,1.5856908560,True,0.0129093894,True,1.1276499887,True
2011-09-13,1.0000000000,True,1.3660268784,True,1.5858668089,True,0.0129567245,True,1.1343527028,True
2011-09-14,1.0000000000,True,1.3686069250,True,1.5786067247,True,0.0129984923,True,1.1364928109,True
2011-09-15,1.0000000000,True,1.3746082783,True,1.5769885778,True,0.0130417201,True,1.1414612693,True
2011-09-16,1.0000000000,True,1.3869048357,True,1.5793048143,True,0.0130320325,True,1.1484220370,True
2011-09-17,1.0000000000,True,1.3869048357,False,1.5793048143,False,0.0130320325,False,1.1484220370,False
2011-09-18,1.0000000000,True,1.3869048357,False,1.5793048143,False,0.0130320325,False,1.1484220370,False
2011-09-19,1.0000000000,True,1.3701446056,True,1.5724011660,True,0.0130022098,True,1.1363636425,True
2011-09-20,1.0000000000,True,1.3605626822,True,1.5659990311,True,0.0130555119,True,1.1286682001,True
2011-09-21,1.0000000000,True,1.3693940639,True,1.5734156370,True,0.0130782213,True,1.1268875728,True
2011-09-22,1.0000000000,True,1.3586033583,True,1.5508204699,True,0.0130654051,True,1.1118770359,True
2011-09-23,1.0000000000,True,1.3480904102,True,1.5361691713,True,0.0131051294,True,1.1019283399,True
2011-09-24,1.0000000000,True,1.3480904102,False,1.5361691713,False,0.0131051294,False,1.1019283399,False
2011-09-25,1.0000000000,True,1.3480904102,False,1.5361691713,False,0.0131051294,False,1.1019283399,False
2011-09-26,1.0000000000,True,1.3547013998,True,1.5493307114,True,0.0130650639,True,1.1068068371,True
2011-09-27,1.0000000000,True,1.3518079519,True,1.5552583933,True,0.0130999793,True,1.1086474378,True
2011-09-28,1.0000000000,True,1.3582342863,True,1.5639907122,True,0.0130194774,True,1.1154862835,True
2011-09-29,1.0000000000,True,1.3537662029,True,1.5576082468,True,0.0130650639,True,1.1096316067,True
2011-09-30,1.0000000000,True,1.3585848808,True,1.5599408150,True,0.0130267701,True,1.1140447918,True
2011-10-01,1.0000000000,True,1.3585848808,False,1.5599408150,False,0.0130267701,False,1.1140447918,False
2011-10-02,1.0000000000,True,1.3585848808,False,1.5599408150,False,0.0130267701,False,1.1140447918,False
2011-10-03,1.0000000000,True,1.3360946178,True,1.5583120584,True,0.0129550456,True,1.0996261437,True
2011-10-04,1.0000000000,True,1.3195048571,True,1.5435909033,True,0.0130561934,True,1.0868384182,True
2011-10-05,1.0000000000,True,1.3330134153,True,1.5470297337,True,0.0130276182,True,1.0881392468,True
2011-10-06,1.0000000000,True,1.3339915276,True,1.5465990305,True,0.0130238862,True,1.0826026059,True
2011-10-07,1.0000000000,True,1.3428946733,True,1.5434480906,True,0.0130449534,True,1.0871928875,True
2011-10-08,1.0000000000,True,1.3428946733,False,1.5434480906,False,0.0130449534,False,1.0871928875,False
2011-10-09,1.0000000000,True,1.3428946733,False,1.5434480906,False,0.0130449534,False,1.0871928875,False
2011-10-10,1.0000000000,True,1.3385984898,True,1.5533015728,True,0.0130259222,True,1.0795638688,True
2011-10-11,1.0000000000,True,1.3635495901,True,1.5658273697,True,0.0130446120,True,1.1059499897,True
2011-10-12,1.0000000000,True,1.3645730019,True,1.5588949919,True,0.0130434216,True,1.1007881718,True
2011-10-13,1.0000000000,True,1.3791962862,True,1.5747783184,True,0.0129567245,True,1.1176556407,True
2011-10-14,1.0000000000,True,1.3735508919,True,1.5745056868,True,0.0130072845,True,1.1116051220,True
2011-10-15,1.0000000000,True,1.3735508919,False,1.5745056868,False,0.0130072845,False,1.1116051220,False
2011-10-16,1.0000000000,True,1.3735508919,False,1.5745056868,False,0.0130072845,False,1.1116051220,False
2011-10-17,1.0000000000,True,1.3879058361,True,1.5826289654,True,0.0129500127,True,1.1215791674,True
2011-10-18,1.0000000000,True,1.3744003773,True,1.5745056868,True,0.0130155794,True,1.1134617297,True
2011-10-19,1.0000000000,True,1.3740037680,True,1.5708698034,True,0.0130247339,True,1.1118523512,True
2011-10-20,1.0000000000,True,1.3765003681,True,1.5777100325,True,0.0130208328,True,1.1075545975,True
2011-10-21,1.0000000000,True,1.3779039383,True,1.5796041489,True,0.0130106686,True,1.1188185023,True
2011-10-22,1.0000000000,True,1.3779039383,False,1.5796041489,False,0.0130106686,False,1.1188185023,False
2011-10-23,1.0000000000,True,1.3779039383,False,1.5796041489,False,0.0130106686,False,1.1188185023,False
2011-10-24,1.0000000000,True,1.3847730160,True,1.5943114758,True,0.0131216377,True,1.1316057317,True
2011-10-25,1.0000000000,True,1.3922340870,True,1.5996673107,True,0.0131350805,True,1.1357183179,True
2011-10-26,1.0000000000,True,1.3904531002,True,1.5998463631,True,0.0131390504,True,1.1384334795,True
2011-10-27,1.0000000000,True,1.3876940012,True,1.5959653854,True,0.0131261160,True,1.1343012417,True
2011-10-28,1.0000000000,True,1.4173942804,True,1.6087774038,True,0.0131700250,True,1.1622500878,True
2011-10-29,1.0000000000,True,1.4173942804,False,1.6087774038,False,0.0131700250,False,1.1622500878,False
2011-10-30,1.0000000000,True,1.4173942804,False,1.6087774038,False,0.0131700250,False,1.1622500878,False
2011-10-31,1.0000000000,True,1.4140071869,True,1.6111880541,True,0.0132030635,True,1.1596892319,True
2011-11-01,1.0000000000,True,1.3860014677,True,1.6080013514,True,0.0127700876,True,1.1399908704,True
2011-11-02,1.0000000000,True,1.3655978441,True,1.5940066576,True,0.0127704135,True,1.1244799423,True
2011-11-03,1.0000000000,True,1.3690004349,True,1.5911911726,True,0.0127977067,True,1.1282860985,True
2011-11-04,1.0000000000,True,1.3829919100,True,1.6037206650,True,0.0128118071,True,1.1391597785,True
2011-11-05,1.0000000000,True,1.3829919100,False,1.6037206650,False,0.0128118071,False,1.1391597785,False
2011-11-06,1.0000000000,True,1.3829919100,False,1.6037206650,False,0.0128118071,False,1.1391597785,False
2011-11-07,1.0000000000,True,1.3789299726,True,1.6032835245,True,0.0127991813,True,1.1222085197,True
2011-11-08,1.0000000000,True,1.3760079145,True,1.6061934233,True,0.0128078686,True,1.1096316067,True
2011-11-09,1.0000000000,True,1.3826478720,True,1.6098912954,True,0.0128686879,True,1.1176556407,True
2011-11-10,1.0000000000,True,1.3526674509,True,1.5914950371,True,0.0128604125,True,1.0980564122,True
2011-11-11,1.0000000000,True,1.3610072136,True,1.5942099094,True,0.0128779683,True,1.1040330280,True
2011-11-12,1.0000000000,True,1.3610072136,False,1.5942099094,False,0.0128779683,False,1.1040330280,False
2011-11-13,1.0000000000,True,1.3610072136,False,1.5942099094,False,0.0128779683,False,1.1040330280,False
2011-11-14,1.0000000000,True,1.3787018061,True,1.6076911688,True,0.0129607551,True,1.1120996166,True
2011-11-15,1.0000000000,True,1.3624163866,True,1.5900021791,True,0.0129737019,True,1.1008366369,True
2011-11-16,1.0000000000,True,1.3507125378,True,1.5805778503,True,0.0129769015,True,1.0896807323,True
2011-11-17,1.0000000000,True,1.3441040516,True,1.5707957745,True,0.0129767332,True,1.0851871628,True
2011-11-18,1.0000000000,True,1.3458044529,True,1.5752000809,True,0.0129941006,True,1.0847163769,True
2011-11-19,1.0000000000,True,1.3458044529,False,1.5752000809,False,0.0129941006,False,1.0847163769,False
2011-11-20,1.0000000000,True,1.3458044529,False,1.5752000809,False,0.0129941006,False,1.0847163769,False
2011-11-21,1.0000000000,True,1.3529969454,True,1.5777100325,True,0.0130142251,True,1.0915243448,True
2011-11-22,1.0000000000,True,1.3484358788,True,1.5638928413,True,0.0130039009,True,1.0897995053,True
2011-11-23,1.0000000000,True,1.3521919250,True,1.5648962259,True,0.0129920746,True,1.0949424322,True
2011-11-24,1.0000000000,True,1.3352025747,True,1.5528672934,True,0.0129412977,True,1.0874174644,True
2011-11-25,1.0000000000,True,1.3331022263,True,1.5477000475,True,0.0129590752,True,1.0863661285,True
2011-11-26,1.0000000000,True,1.3331022263,False,1.5477000475,False,0.0129590752,False,1.0863661285,False
2011-11-27,1.0000000000,True,1.3331022263,False,1.5477000475,False,0.0129590752,False,1.0863661285,False
2011-11-28,1.0000000000,True,1.3313452005,True,1.5489946604,True,0.0128754813,True,1.0779346968,True
2011-11-29,1.0000000000,True,1.3316997290,True,1.5500991344,True,0.0128072128,True,1.0837758894,True
2011-11-30,1.0000000000,True,1.3324095011,True,1.5597946644,True,0.0128270910,True,1.0855523557,True
2011-12-01,1.0000000000,True,1.3443931341,True,1.5707216263,True,0.0128894216,True,1.0944391569,True
2011-12-02,1.0000000000,True,1.3466924429,True,1.5683076382,True,0.0128617363,True,1.0922634667,True
2011-12-03,1.0000000000,True,1.3466924429,False,1.5683076382,False,0.0128617363,False,1.0922634667,False
2011-12-04,1.0000000000,True,1.3466924429,False,1.5683076382,False,0.0128617363,False,1.0922634667,False
2011-12-05,1.0000000000,True,1.3419036865,True,1.5609878302,True,0.0128073767,True,1.0868029347,True
2011-12-06,1.0000000000,True,1.3386701345,True,1.5643087626,True,0.0128514888,True,1.0850694631,True
2011-12-07,1.0000000000,True,1.3412017822,True,1.5606955290,True,0.0128617363,True,1.0809641868,True
2011-12-08,1.0000000000,True,1.3403747082,True,1.5700312853,True,0.0128744872,True,1.0820519832,True
2011-12-09,1.0000000000,True,1.3345433474,True,1.5637950897,True,0.0128733264,True,1.0803803029,True
2011-12-10,1.0000000000,True,1.3345433474,False,1.5637950897,False,0.0128733264,False,1.0803803029,False
2011-12-11,1.0000000000,True,1.3345433474,False,1.5637950897,False,0.0128733264,False,1.0803803029,False
2011-12-12,1.0000000000,True,1.3371665478,True,1.5654107332,True,0.0128846056,True,1.0804736763,True
2011-12-13,1.0000000000,True,1.3171066046,True,1.5580692291,True,0.0128305465,True,1.0654165737,True
2011-12-14,1.0000000000,True,1.3019137383,True,1.5480115414,True,0.0128269265,True,1.0568701851,True
2011-12-15,1.0000000000,True,1.2988024950,True,1.5475084782,True,0.0128027856,True,1.0484378028,True
2011-12-16,1.0000000000,True,1.3029655218,True,1.5522888899,True,0.0128468660,True,1.0641694073,True
2011-12-17,1.0000000000,True,1.3029655218,False,1.5522888899,False,0.0128468660,False,1.0641694073,False
2011-12-18,1.0000000000,True,1.3029655218,False,1.5522888899,False,0.0128468660,False,1.0641694073,False
2011-12-19,1.0000000000,True,1.3036959171,True,1.5525058508,True,0.0128518189,True,1.0680337730,True
2011-12-20,1.0000000000,True,1.3007792234,True,1.5509887934,True,0.0128188690,True,1.0675776817,True
2011-12-21,1.0000000000,True,1.3087977171,True,1.5671033859,True,0.0128468660,True,1.0737678693,True
2011-12-22,1.0000000000,True,1.3040019274,True,1.5671033859,True,0.0128090176,True,1.0680337730,True
2011-12-23,1.0000000000,True,1.3056023121,True,1.5679880381,True,0.0127942676,True,1.0690613537,True
2011-12-24,1.0000000000,True,1.3056023121,False,1.5679880381,False,0.0127942676,False,1.0690613537,False
2011-12-25,1.0000000000,True,1.3056023121,False,1.5679880381,False,0.0127942676,False,1.0690613537,False
2011-12-26,1.0000000000,True,1.3044953346,True,1.5596973896,True,0.0128073767,True,1.0678056447,True
2011-12-27,1.0000000000,True,1.3050570488,True,1.5618897676,True,0.0128155840,True,1.0676916171,True
2011-12-28,1.0000000000,True,1.3072066307,True,1.5664896965,True,0.0128419156,True,1.0704346092,True
2011-12-29,1.0000000000,True,1.2927246094,True,1.5444016457,True,0.0128293948,True,1.0599957315,True
2011-12-30,1.0000000000,True,1.2956053019,True,1.5415922403,True,0.0128768081,True,1.0636147818,True
2011-12-31,1.0000000000,True,1.2956053019,False,1.5415922403,False,0.0128768081,False,1.0636147818,False
2012-01-01,1.0000000000,True,1.2956053019,False,1.5415922403,False,0.0128768081,False,1.0636147818,False
2012-01-02,1.0000000000,True,1.2960082293,True,1.5512052774,True,0.0129836412,True,1.0659844590,True
2012-01-03,1.0000000000,True,1.2940963507,True,1.5519996881,True,0.0129988301,True,1.0645092417,True
2012-01-04,1.0000000000,True,1.3056023121,True,1.5644066334,True,0.0130340710,True,1.0730764822,True
2012-01-05,1.0000000000,True,1.2931424379,True,1.5609389544,True,0.0130361102,True,1.0614584569,True
2012-01-06,1.0000000000,True,1.2796068192,True,1.5501713753,True,0.0129615946,True,1.0503098647,True
2012-01-07,1.0000000000,True,1.2796068192,False,1.5501713753,False,0.0129615946,False,1.0503098647,False
2012-01-08,1.0000000000,True,1.2796068192,False,1.5501713753,False,0.0129615946,False,1.0503098647,False
2012-01-09,1.0000000000,True,1.2680377960,True,1.5419486761,True,0.0130022098,True,1.0432967878,True
2012-01-10,1.0000000000,True,1.2775959969,True,1.5459055901,True,0.0130106686,True,1.0549636068,True
2012-01-11,1.0000000000,True,1.2751848698,True,1.5474605560,True,0.0130123620,True,1.0518786359,True
2012-01-12,1.0000000000,True,1.2723940611,True,1.5336012840,True,0.0130110070,True,1.0490977950,True
2012-01-13,1.0000000000,True,1.2820513248,True,1.5342129469,True,0.0130243948,True,1.0595465449,True
2012-01-14,1.0000000000,True,1.2820513248,False,1.5342129469,False,0.0130243948,False,1.0595465449,False
2012-01-15,1.0000000000,True,1.2820513248,False,1.5342129469,False,0.0130243948,False,1.0595465449,False
2012-01-16,1.0000000000,True,1.2647020817,True,1.5300110579,True,0.0130022098,True,1.0477787059,True
2012-01-17,1.0000000000,True,1.2667046785,True,1.5324965715,True,0.0130174434,True,1.0466820289,True
2012-01-18,1.0000000000,True,1.2745997906,True,1.5338599682,True,0.0130174434,True,1.0537407787,True
2012-01-19,1.0000000000,True,1.2866039276,True,1.5429955721,True,0.0130264309,True,1.0651896295,True
2012-01-20,1.0000000000,True,1.2964956760,True,1.5488266945,True,0.0129735337,True,1.0727311568,True
2012-01-21,1.0000000000,True,1.2964956760,False,1.5488266945,False,0.0129735337,False,1.0727311568,False
2012-01-22,1.0000000000,True,1.2964956760,False,1.5488266945,False,0.0129735337,False,1.0727311568,False
2012-01-23,1.0000000000,True,1.2884771824,True,1.5545572042,True,0.0129937631,True,1.0672927800,True
2012-01-24,1.0000000000,True,1.3026939631,True,1.5578993559,True,0.0129870130,True,1.0782135985,True
2012-01-25,1.0000000000,True,1.3041039705,True,1.5626953840,True,0.0128721671,True,1.0781671048,True
2012-01-26,1.0000000000,True,1.3107362986,True,1.5660971403,True,0.0128584293,True,1.0849517188,True
2012-01-27,1.0000000000,True,1.3092775345,True,1.5682092905,True,0.0129098891,True,1.0849517188,False
2012-01-28,1.0000000000,True,1.3092775345,False,1.5682092905,False,0.0129098891,False,1.0849517188,False
2012-01-29,1.0000000000,True,1.3092775345,False,1.5682092905,False,0.0129098891,False,1.0849517188,False
2012-01-30,1.0000000000,True,1.3207945824,True,1.5724011660,True,0.0130323720,True,1.0951702939,True
2012-01-31,1.0000000000,True,1.3139568567,True,1.5708451271,True,0.0130958616,True,1.0951702939,False
2012-02-01,1.0000000000,True,1.3077024221,True,1.5760440826,True,0.0131113156,True,1.0864841096,True
2012-02-02,1.0000000000,True,1.3170025349,True,1.5842838287,True,0.0131252538,True,1.0936133205,True
2012-02-03,1.0000000000,True,1.3137152195,True,1.5802781582,True,0.0131268049,True,1.0901559091,True
2012-02-04,1.0000000000,True,1.3137152195,False,1.5802781582,False,0.0131268049,False,1.0901559091,False
2012-02-05,1.0000000000,True,1.3137152195,False,1.5802781582,False,0.0131268049,False,1.0901559091,False
2012-02-06,1.0000000000,True,1.3127149343,True,1.5803030729,True,0.0130631862,True,1.0880209059,True
2012-02-07,1.0000000000,True,1.3121638298,True,1.5812777281,True,0.0130633568,True,1.0876658966,True
2012-02-08,1.0000000000,True,1.3248542547,True,1.5893198252,True,0.0130225288,True,1.0962147526,True
2012-02-09,1.0000000000,True,1.3248542547,True,1.5812777281,True,0.0129769015,True,1.0949304986,True
2012-02-10,1.0000000000,True,1.3278449774,True,1.5812777281,True,0.0128812854,True,1.0963709914,True
2012-02-11,1.0000000000,True,1.3278449774,False,1.5812777281,False,0.0128812854,False,1.0963709914,False
2012-02-12,1.0000000000,True,1.3278449774,False,1.5812777281,False,0.0128812854,False,1.0963709914,False
2012-02-13,1.0000000000,True,1.3236793280,True,1.5782082081,True,0.0128700134,True,1.0943313622,True
2012-02-14,1.0000000000,True,1.3157894611,True,1.5725742579,True,0.0129015607,True,1.0886486817,True
2012-02-15,1.0000000000,True,1.3133701086,True,1.5691196918,True,0.0127616130,True,1.0875475881,True
2012-02-16,1.0000000000,True,1.3058068752,True,1.5688736439,True,0.0127420994,True,1.0818997986,True
2012-02-17,1.0000000000,True,1.3126804829,True,1.5807777643,True,0.0126864918,True,1.0880209059,True
2012-02-18,1.0000000000,True,1.3126804829,False,1.5807777643,False,0.0126864918,False,1.0880209059,False
2012-02-19,1.0000000000,True,1.3126804829,False,1.5807777643,False,0.0126864918,False,1.0880209059,False
2012-02-20,1.0000000000,True,1.3227163553,True,1.5869237185,True,0.0125332127,True,1.0934937147,True
2012-02-21,1.0000000000,True,1.3204805851,True,1.5828293562,True,0.0125650242,True,1.0945708952,True
2012-02-22,1.0000000000,True,1.3243278265,True,1.5790305138,True,0.0125266188,True,1.0969723639,True
2012-02-23,1.0000000000,True,1.3255742788,True,1.5672016144,True,0.0124564028,True,1.0981770182,True
2012-02-24,1.0000000000,True,1.3373633623,True,1.5745551586,True,0.0125109470,True,1.1101243466,True
2012-02-25,1.0000000000,True,1.3373633623,False,1.5745551586,False,0.0125109470,False,1.1101243466,False
2012-02-26,1.0000000000,True,1.3373633623,False,1.5745551586,False,0.0125109470,False,1.1101243466,False
2012-02-27,1.0000000000,True,1.3467106819,True,1.5886884928,True,0.0122743061,True,1.1183180159,True
2012-02-28,1.0000000000,True,1.3406623602,True,1.5832804441,True,0.0124279186,True,1.1129660232,True
2012-02-29,1.0000000000,True,1.3477997780,True,1.5922045708,True,0.0124254468,True,1.1184431142,True
2012-03-01,1.0000000000,True,1.3320900202,True,1.5923566818,True,0.0123037550,True,1.1056198334,True
2012-03-02,1.0000000000,True,1.3322675228,True,1.5959143639,True,0.0123274158,True,1.1043744501,True
2012-03-03,1.0000000000,True,1.3322675228,False,1.5959143639,False,0.0123274158,False,1.1043744501,False
2012-03-04,1.0000000000,True,1.3322675228,False,1.5959143639,False,0.0123274158,False,1.1043744501,False
2012-03-05,1.0000000000,True,1.3186175823,True,1.5833055973,True,0.0122508485,True,1.0932546529,True
2012-03-06,1.0000000000,True,1.3225764036,True,1.5875536203,True,0.0122672297,True,1.0968039074,True
2012-03-07,1.0000000000,True,1.3123359680,True,1.5723271370,True,0.0123977183,True,1.0887553597,True
2012-03-08,1.0000000000,True,1.3139914274,True,1.5735640526,True,0.0122943769,True,1.0905362923,True
2012-03-09,1.0000000000,True,1.3274923563,True,1.5825288296,True,0.0122579061,True,1.1012002975,True
2012-03-10,1.0000000000,True,1.3274923563,False,1.5825288296,False,0.0122579061,False,1.1012002975,False
2012-03-11,1.0000000000,True,1.3274923563,False,1.5825288296,False,0.0122579061,False,1.1012002975,False
2012-03-12,1.0000000000,True,1.3125082254,True,1.5672998428,True,0.0121399000,True,1.0883761471,True
2012-03-13,1.0000000000,True,1.3168290854,True,1.5654351711,True,0.0121413743,True,1.0926573486,True
2012-03-14,1.0000000000,True,1.3080444336,True,1.5705984831,True,0.0120540021,True,1.0829543171,True
2012-03-15,1.0000000000,True,1.3022528887,True,1.5654351711,True,0.0119274814,True,1.0736525648,True
2012-03-16,1.0000000000,True,1.3078734875,True,1.5703518391,True,0.0119771959,True,1.0831888949,True
2012-03-17,1.0000000000,True,1.3078734875,False,1.5703518391,False,0.0119771959,False,1.0831888949,False
2012-03-18,1.0000000000,True,1.3078734875,False,1.5703518391,False,0.0119771959,False,1.0831888949,False
2012-03-19,1.0000000000,True,1.3177140951,True,1.5837068558,True,0.0119832239,True,1.0922993076,True
2012-03-20,1.0000000000,True,1.3229262829,True,1.5888147354,True,0.0119947219,True,1.0968520223,True
2012-03-21,1.0000000000,True,1.3237668276,True,1.5862944126,True,0.0119545724,True,1.0978153514,True
2012-03-22,1.0000000000,True,1.3218770027,True,1.5875536203,True,0.0120187970,True,1.0962508534,True
2012-03-23,1.0000000000,True,1.3204805851,True,1.5827794075,True,0.0121197427,True,1.0955302198,True
2012-03-24,1.0000000000,True,1.3204805851,False,1.5827794075,False,0.0121197427,False,1.0955302198,False
2012-03-25,1.0000000000,True,1.3204805851,False,1.5827794075,False,0.0121197427,False,1.0955302198,False
2012-03-26,1.0000000000,True,1.3283035755,True,1.5878056288,True,0.0121081505,True,1.1022927947,True
2012-03-27,1.0000000000,True,1.3360053301,True,1.5961691141,True,0.0120500802,True,1.1075423874,True
2012-03-28,1.0000000000,True,1.3328713179,True,1.5954052210,True,0.0120412297,True,1.1055831858,True
2012-03-29,1.0000000000,True,1.3326226473,True,1.5893198252,True,0.0120726288,True,1.1057054510,True
2012-03-30,1.0000000000,True,1.3313806057,True,1.5959143639,True,0.0121546555,True,1.1044842325,True
2012-03-31,1.0000000000,True,1.3313806057,False,1.5959143639,False,0.0121546555,False,1.1044842325,False
2012-04-01,1.0000000000,True,1.3313806057,False,1.5959143639,False,0.0121546555,False,1.1044842325,False
2012-04-02,1.0000000000,True,1.3358268738,True,1.6014091969,True,0.0120670926,True,1.1096316067,True
2012-04-03,1.0000000000,True,1.3333333731,True,1.6038492918,True,0.0122639194,True,1.1076650132,True
2012-04-04,1.0000000000,True,1.3225239515,True,1.5906597376,True,0.0120729202,True,1.0978635551,True
2012-04-05,1.0000000000,True,1.3144059181,True,1.5903308392,True,0.0121300336,True,1.0922993076,True
2012-04-06,1.0000000000,True,1.3065063953,True,1.5830299854,True,0.0121550996,True,1.0870746819,True
2012-04-07,1.0000000000,True,1.3065063953,False,1.5830299854,False,0.0121550996,False,1.0870746819,False
2012-04-08,1.0000000000,True,1.3065063953,False,1.5830299854,False,0.0121550996,False,1.0870746819,False
2012-04-09,1.0000000000,True,1.3079075813,True,1.5880577564,True,0.0122955856,True,1.0887316203,True
2012-04-10,1.0000000000,True,1.3111314774,True,1.5908114910,True,0.0122484478,True,1.0905125460,True
2012-04-11,1.0000000000,True,1.3073604107,True,1.5855399370,True,0.0123924951,True,1.0883761471,True
2012-04-12,1.0000000000,True,1.3119915724,True,1.5923566818,True,0.0123444593,True,1.0903936175,True
2012-04-13,1.0000000000,True,1.3189132214,True,1.5959143639,True,0.0123563573,True,1.0975743964,True
2012-04-14,1.0000000000,True,1.3189132214,False,1.5959143639,False,0.0123563573,False,1.0975743964,False
2012-04-15,1.0000000000,True,1.3189132214,False,1.5959143639,False,0.0123563573,False,1.0975743964,False
2012-04-16,1.0000000000,True,1.3056534529,True,1.5850372314,True,0.0123606338,True,1.0850694631,True
2012-04-17,1.0000000000,True,1.3126804829,True,1.5895723104,True,0.0124407514,True,1.0921799891,True
2012-04-18,1.0000000000,True,1.3135426044,True,1.5942099094,True,0.0123365412,True,1.0932546529,True
2012-04-19,1.0000000000,True,1.3119915724,True,1.6023072004,True,0.0123001225,True,1.0915838582,True
2012-04-20,1.0000000000,True,1.3145786524,True,1.6061676741,True,0.0122535503,True,1.0934937147,True
2012-04-21,1.0000000000,True,1.3145786524,False,1.6061676741,False,0.0122535503,False,1.0934937147,False
2012-04-22,1.0000000000,True,1.3145786524,False,1.6061676741,False,0.0122535503,False,1.0934937147,False
2012-04-23,1.0000000000,True,1.3204805851,True,1.6131634712,True,0.0122549022,True,1.0992876509,True
2012-04-24,1.0000000000,True,1.3152011633,True,1.6121231318,True,0.0123334975,True,1.0945708952,True
2012-04-25,1.0000000000,True,1.3197835684,True,1.6144655943,True,0.0122865218,True,1.0982976507,True
2012-04-26,1.0000000000,True,1.3232764006,True,1.6178088188,True,0.0123001225,True,1.1012730873,True
2012-04-27,1.0000000000,True,1.3190872669,True,1.6178612709,True,0.0123368454,True,1.0978153514,True
2012-04-28,1.0000000000,True,1.3190872669,False,1.6178612709,False,0.0123368454,False,1.0978153514,False
2012-04-29,1.0000000000,True,1.3190872669,False,1.6178612709,False,0.0123368454,False,1.0978153514,False
2012-04-30,1.0000000000,True,1.3241524696,True,1.6281341314,True,0.0124455510,True,1.1024142607,True
2012-05-01,1.0000000000,True,1.3239772320,True,1.6233766079,True,0.0125123563,True,1.1020497981,True
2012-05-02,1.0000000000,True,1.3239772320,True,1.6223231554,True,0.0124672735,True,1.1019648180,True
2012-05-03,1.0000000000,True,1.3147515059,True,1.6193020344,True,0.0124811220,True,1.0943313622,True
2012-05-04,1.0000000000,True,1.3156163692,True,1.6191971302,True,0.0124672735,True,1.0949304986,True
2012-05-05,1.0000000000,True,1.3156163692,False,1.6191971302,False,0.0124672735,False,1.0949304986,False
2012-05-06,1.0000000000,True,1.3156163692,False,1.6191971302,False,0.0124672735,False,1.0949304986,False
2012-05-07,1.0000000000,True,1.2970336676,True,1.6123050451,True,0.0125285022,True,1.0796687737,True
2012-05-08,1.0000000000,True,1.3061650991,True,1.6194331646,True,0.0125125128,True,1.0872283260,True
2012-05-09,1.0000000000,True,1.2995451689,True,1.6147263050,True,0.0125219133,True,1.0818997986,True
2012-05-10,1.0000000000,True,1.2936609983,True,1.6138142347,True,0.0125454775,True,1.0771219533,True
2012-05-11,1.0000000000,True,1.2934937477,True,1.6136840582,True,0.0125205018,True,1.0768899265,True
2012-05-12,1.0000000000,True,1.2934937477,False,1.6136840582,False,0.0125205018,False,1.0768899265,False
2012-05-13,1.0000000000,True,1.2934937477,False,1.6136840582,False,0.0125205018,False,1.0768899265,False
2012-05-14,1.0000000000,True,1.2899897099,True,1.6077170372,True,0.0124953144,True,1.0739984839,True
2012-05-15,1.0000000000,True,1.2832028866,True,1.6097874641,True,0.0125234818,True,1.0682619309,True
2012-05-16,1.0000000000,True,1.2735608816,True,1.5987209082,True,0.0124494247,True,1.0604453661,True
2012-05-17,1.0000000000,True,1.2730745077,True,1.5921032429,True,0.0124455510,True,1.0601081212,True
2012-05-18,1.0000000000,True,1.2698411942,True,1.5785319805,True,0.0125931901,True,1.0574177972,True
2012-05-19,1.0000000000,True,1.2698411942,False,1.5785319805,False,0.0125931901,False,1.0574177972,False
2012-05-20,1.0000000000,True,1.2698411942,False,1.5785319805,False,0.0125931901,False,1.0574177972,False
2012-05-21,1.0000000000,True,1.2773023844,True,1.5812777281,True,0.0126310474,True,1.0633772813,True
2012-05-22,1.0000000000,True,1.2810658216,True,1.5827794075,True,0.0125928719,True,1.0668942407,True
2012-05-23,1.0000000000,True,1.2664639950,True,1.5760937929,True,0.0124993754,True,1.0542962822,True
2012-05-24,1.0000000000,True,1.2561235428,True,1.5683814287,True,0.0125912871,True,1.0457188347,True
2012-05-25,1.0000000000,True,1.2536041737,True,1.5659254789,True,0.0125533512,True,1.0431879992,True
2012-05-26,1.0000000000,True,1.2536041737,False,1.5659254789,False,0.0125533512,False,1.0431879992,False
2012-05-27,1.0000000000,True,1.2536041737,False,1.5659254789,False,0.0125533512,False,1.0431879992,False
2012-05-28,1.0000000000,True,1.2569130659,True,1.5681353807,True,0.0125643931,True,1.0458063127,True
2012-05-29,1.0000000000,True,1.2525050640,True,1.5669069290,True,0.0125689727,True,1.0419923019,True
2012-05-30,1.0000000000,True,1.2478163242,True,1.5634772778,True,0.0125786164,True,1.0388531140,True
2012-05-31,1.0000000000,True,1.2374706268,True,1.5482993126,True,0.0126611123,True,1.0302162585,True
2012-06-01,1.0000000000,True,1.2362467051,True,1.5396459103,True,0.0127343113,True,1.0292301400,True
2012-06-02,1.0000000000,True,1.2362467051,False,1.5396459103,False,0.0127343113,False,1.0292301400,False
2012-06-03,1.0000000000,True,1.2362467051,False,1.5396459103,False,0.0127343113,False,1.0292301400,False
2012-06-04,1.0000000000,True,1.2402331829,True,1.5351549387,True,0.0128040976,True,1.0324605809,True
2012-06-05,1.0000000000,True,1.2509382963,True,1.5384615660,True,0.0127614502,True,1.0423289966,True
2012-06-06,1.0000000000,True,1.2462612391,True,1.5384615660,True,0.0127016380,True,1.0376673277,True
2012-06-07,1.0000000000,True,1.2573871613,True,1.5482273102,True,0.0126151134,True,1.0470107843,True
2012-06-08,1.0000000000,True,1.2570710182,True,1.5523128510,True,0.0125486255,True,1.0464629297,True
2012-06-09,1.0000000000,True,1.2570710182,False,1.5523128510,False,0.0125486255,False,1.0464629297,False
2012-06-10,1.0000000000,True,1.2570710182,False,1.5523128510,False,0.0125486255,False,1.0464629297,False
2012-06-11,1.0000000000,True,1.2645422220,True,1.5537601709,True,0.0125691306,True,1.0529640963,True
2012-06-12,1.0000000000,True,1.2478163242,True,1.5486109257,True,0.0126092276,True,1.0389610647,True
2012-06-13,1.0000000000,True,1.2504688501,True,1.5569047928,True,0.0125743458,True,1.0410160116,True
2012-06-14,1.0000000000,True,1.2573871613,True,1.5520720482,True,0.0125989011,True,1.0470107843,True
2012-06-15,1.0000000000,True,1.2627857924,True,1.5554518700,True,0.0125909702,True,1.0515578896,True
2012-06-16,1.0000000000,True,1.2627857924,False,1.5554518700,False,0.0125909702,False,1.0515578896,False
2012-06-17,1.0000000000,True,1.2627857924,False,1.5554518700,False,0.0125909702,False,1.0515578896,False
2012-06-18,1.0000000000,True,1.2704865932,True,1.5715856552,True,0.0126499010,True,1.0577421289,True
2012-06-19,1.0000000000,True,1.2597631216,True,1.5686274767,True,0.0126582278,True,1.0490977950,True
2012-06-20,1.0000000000,True,1.2680699825,True,1.5719810724,True,0.0126527829,True,1.0559661793,True
2012-06-21,1.0000000000,True,1.2680699825,True,1.5705984831,True,0.0125911287,True,1.0558101472,True
2012-06-22,1.0000000000,True,1.2551776171,True,1.5600625277,True,0.0124968763,True,1.0448229307,True
2012-06-23,1.0000000000,True,1.2551776171,False,1.5600625277,False,0.0124968763,False,1.0448229307,False
2012-06-24,1.0000000000,True,1.2551776171,False,1.5600625277,False,0.0124968763,False,1.0448229307,False
2012-06-25,1.0000000000,True,1.2537612915,True,1.5583605766,True,0.0124131086,True,1.0440593341,True
2012-06-26,1.0000000000,True,1.2504688501,True,1.5566624403,True,0.0125549276,True,1.0412111233,True
2012-06-27,1.0000000000,True,1.2487511635,True,1.5637216568,True,0.0125849485,True,1.0398252853,True
2012-06-28,1.0000000000,True,1.2473493814,True,1.5571472645,True,0.0125494137,True,1.0384647286,True
2012-06-29,1.0000000000,True,1.2440905571,True,1.5518311262,True,0.0126082730,True,1.0360868792,True
2012-06-30,1.0000000000,True,1.2440905571,False,1.5518311262,False,0.0126082730,False,1.0360868792,False
2012-07-01,1.0000000000,True,1.2440905571,False,1.5518311262,False,0.0126082730,False,1.0360868792,False
2012-07-02,1.0000000000,True,1.2655184269,True,1.5682092905,True,0.0125252075,True,1.0530749997,True
2012-07-03,1.0000000000,True,1.2581782341,True,1.5691196918,True,0.0125881164,True,1.0474055897,True
2012-07-04,1.0000000000,True,1.2605571747,True,1.5691196918,True,0.0125250507,True,1.0494280700,True
2012-07-05,1.0000000000,True,1.2516272068,True,1.5584092140,True,0.0125093817,True,1.0422094681,True
2012-07-06,1.0000000000,True,1.2391574383,True,1.5530362129,True,0.0125219133,True,1.0315659291,True
2012-07-07,1.0000000000,True,1.2391574383,False,1.5530362129,False,0.0125219133,False,1.0315659291,False
2012-07-08,1.0000000000,True,1.2391574383,False,1.5530362129,False,0.0125219133,False,1.0315659291,False
2012-07-09,1.0000000000,True,1.2271444798,True,1.5479875803,True,0.0125820987,True,1.0216591758,True
2012-07-10,1.0000000000,True,1.2318304777,True,1.5530362129,True,0.0125694464,True,1.0257672949,True
2012-07-11,1.0000000000,True,1.2256402969,True,1.5518311262,True,0.0126023947,True,1.0206164670,True
2012-07-12,1.0000000000,True,1.2247247696,True,1.5511090755,True,0.0125612359,True,1.0197838064,True
2012-07-13,1.0000000000,True,1.2192742825,True,1.5427337885,True,0.0126087509,True,1.0154346255,True
2012-07-14,1.0000000000,True,1.2192742825,False,1.5427337885,False,0.0126087509,False,1.0154346255,False
2012-07-15,1.0000000000,True,1.2192742825,False,1.5427337885,False,0.0126087509,False,1.0154346255,False
2012-07-16,1.0000000000,True,1.2248897552,True,1.5583605766,True,0.0126310474,True,1.0199918132,True
2012-07-17,1.0000000000,True,1.2268433571,True,1.5625000000,True,0.0126871353,True,1.0215547904,True
2012-07-18,1.0000000000,True,1.2295585871,True,1.5664160252,True,0.0126428643,True,1.0236462473,True
2012-07-19,1.0000000000,True,1.2277470827,True,1.5647003651,True,0.0126905158,True,1.0223485427,True
2012-07-20,1.0000000000,True,1.2276867628,True,1.5718327761,True,0.0127000257,True,1.0223903467,True
2012-07-21,1.0000000000,True,1.2276867628,False,1.5718327761,False,0.0127000257,False,1.0223903467,False
2012-07-22,1.0000000000,True,1.2276867628,False,1.5718327761,False,0.0127000257,False,1.0223903467,False
2012-07-23,1.0000000000,True,1.2127091885,True,1.5607929230,True,0.0127469731,True,1.0097950119,True
2012-07-24,1.0000000000,True,1.2124150991,True,1.5518311262,True,0.0127695986,True,1.0096930367,True
2012-07-25,1.0000000000,True,1.2061853409,True,1.5501472950,True,0.0128029494,True,1.0044194606,True
2012-07-26,1.0000000000,True,1.2140341997,True,1.5487068892,True,0.0128036060,True,1.0110201404,True
2012-07-27,1.0000000000,True,1.2280486822,True,1.5686274767,True,0.0127674791,True,1.0224949030,True
2012-07-28,1.0000000000,True,1.2280486822,False,1.5686274767,False,0.0127674791,False,1.0224949030,False
2012-07-29,1.0000000000,True,1.2280486822,False,1.5686274767,False,0.0127674791,False,1.0224949030,False
2012-07-30,1.0000000000,True,1.2304663658,True,1.5728216171,True,0.0127388535,True,1.0244851673,True
2012-07-31,1.0000000000,True,1.2259409428,True,1.5713387728,True,0.0128039337,True,1.0208248136,True
2012-08-01,1.0000000000,True,1.2294074297,True,1.5667841434,True,0.0128008188,True,1.0235414554,True
2012-08-02,1.0000000000,True,1.2241400480,True,1.5544847250,True,0.0127583572,True,1.0191602330,True
2012-08-03,1.0000000000,True,1.2180268764,True,1.5515903234,True,0.0127844539,True,1.0139931305,True
2012-08-04,1.0000000000,True,1.2180268764,False,1.5515903234,False,0.0127844539,False,1.0139931305,False
2012-08-05,1.0000000000,True,1.2180268764,False,1.5515903234,False,0.0127844539,False,1.0139931305,False
2012-08-06,1.0000000000,True,1.2428536415,True,1.5654107332,True,0.0127210278,True,1.0343401184,True
2012-08-07,1.0000000000,True,1.2390038967,True,1.5587978363,True,0.0127877243,True,1.0315659291,True
2012-08-08,1.0000000000,True,1.2386969328,True,1.5616215467,True,0.0127210278,True,1.0311404462,True
2012-08-09,1.0000000000,True,1.2373328209,True,1.5670297146,True,0.0127551018,True,1.0300783045,True
2012-08-10,1.0000000000,True,1.2294074297,True,1.5631105900,True,0.0127210278,True,1.0236566776,True
2012-08-11,1.0000000000,True,1.2294074297,False,1.5631105900,False,0.0127210278,False,1.0236566776,False
2012-08-12,1.0000000000,True,1.2294074297,False,1.5631105900,False,0.0127210278,False,1.0236566776,False
2012-08-13,1.0000000000,True,1.2277169228,True,1.5669069290,True,0.0127795527,True,1.0223276108,True
2012-08-14,1.0000000000,True,1.2327415943,True,1.5678896904,True,0.0127665004,True,1.0264832575,True
2012-08-15,1.0000000000,True,1.2325897217,True,1.5676438808,True,0.0126879397,True,1.0260935841,True
2012-08-16,1.0000000000,True,1.2289540768,True,1.5681353807,True,0.0126598307,True,1.0233319986,True
2012-08-17,1.0000000000,True,1.2357884645,True,1.5735640526,True,0.0126182965,True,1.0289124541,True
2012-08-18,1.0000000000,True,1.2357884645,False,1.5735640526,False,0.0126182965,False,1.0289124541,False
2012-08-19,1.0000000000,True,1.2357884645,False,1.5735640526,False,0.0126182965,False,1.0289124541,False
2012-08-20,1.0000000000,True,1.2332586050,True,1.5688736439,True,0.0125770340,True,1.0267994448,True
2012-08-21,1.0000000000,True,1.2353304625,True,1.5710918903,True,0.0126055714,True,1.0285949642,True
2012-08-22,1.0000000000,True,1.2476606369,True,1.5779092312,True,0.0126195709,True,1.0389610647,True
2012-08-23,1.0000000000,True,1.2534469366,True,1.5883604288,True,0.0127325276,True,1.0437323643,True
2012-08-24,1.0000000000,True,1.2561235428,True,1.5857913494,True,0.0127226466,True,1.0459485120,True
2012-08-25,1.0000000000,True,1.2561235428,False,1.5857913494,False,0.0127226466,False,1.0459485120,False
2012-08-26,1.0000000000,True,1.2561235428,False,1.5857913494,False,0.0127226466,False,1.0459485120,False
2012-08-27,1.0000000000,True,1.2504376173,True,1.5803030729,True,0.0127016380,True,1.0412653411,True
2012-08-28,1.0000000000,True,1.2501562834,True,1.5792798996,True,0.0126984127,True,1.0410160116,True
2012-08-29,1.0000000000,True,1.2572289705,True,1.5826040506,True,0.0127275042,True,1.0467916128,True
2012-08-30,1.0000000000,True,1.2531328201,True,1.5827794075,True,0.0127032518,True,1.0435145631,True
2012-08-31,1.0000000000,True,1.2510946989,True,1.5790305138,True,0.0127339872,True,1.0418837204,True
2012-09-01,1.0000000000,True,1.2510946989,False,1.5790305138,False,0.0127339872,False,1.0418837204,False
2012-09-02,1.0000000000,True,1.2510946989,False,1.5790305138,False,0.0127339872,False,1.0418837204,False
2012-09-03,1.0000000000,True,1.2577034235,True,1.5873016119,True,0.0127730232,True,1.0473397463,True
2012-09-04,1.0000000000,True,1.2586532831,True,1.5880577564,True,0.0127650345,True,1.0483279394,True
2012-09-05,1.0000000000,True,1.2534469366,True,1.5865461826,True,0.0127437235,True,1.0437323643,True
2012-09-06,1.0000000000,True,1.2602394819,True,1.5905836821,True,0.0127518493,True,1.0466820289,True
2012-09-07,1.0000000000,True,1.2632642984,True,1.5933715105,True,0.0126758779,True,1.0485477547,True
2012-09-08,1.0000000000,True,1.2632642984,False,1.5933715105,False,0.0126758779,False,1.0485477547,False
2012-09-09,1.0000000000,True,1.2632642984,False,1.5933715105,False,0.0126758779,False,1.0485477547,False
2012-09-10,1.0000000000,True,1.2795906067,True,1.6008197069,True,0.0127846173,True,1.0577533323,True
2012-09-11,1.0000000000,True,1.2761613131,True,1.5992068052,True,0.0127834739,True,1.0567472985,True
2012-09-12,1.0000000000,True,1.2851818800,True,1.6072002649,True,0.0128617363,True,1.0649627144,True
2012-09-13,1.0000000000,True,1.2903226614,True,1.6108247042,True,0.0128485157,True,1.0671219798,True
2012-09-14,1.0000000000,True,1.2993763685,True,1.6155087948,True,0.0128786313,True,1.0697818851,True
2012-09-15,1.0000000000,True,1.2993763685,False,1.6155087948,False,0.0128786313,False,1.0697818851,False
2012-09-16,1.0000000000,True,1.2993763685,False,1.6155087948,False,0.0128786313,False,1.0697818851,False
2012-09-17,1.0000000000,True,1.3116475344,True,1.6225864887,True,0.0127660117,True,1.0795172586,True
2012-09-18,1.0000000000,True,1.3110111952,True,1.6246954203,True,0.0127108416,True,1.0785159395,True
2012-09-19,1.0000000000,True,1.3046314716,True,1.6244314909,True,0.0126951891,True,1.0774701119,True
2012-09-20,1.0000000000,True,1.3058239222,True,1.6231131554,True,0.0127555896,True,1.0795638688,True
2012-09-21,1.0000000000,True,1.2973533869,True,1.6221915483,True,0.0127877243,True,1.0725700627,True
2012-09-22,1.0000000000,True,1.2973533869,False,1.6221915483,False,0.0127877243,False,1.0725700627,False
2012-09-23,1.0000000000,True,1.2973533869,False,1.6221915483,False,0.0127877243,False,1.0725700627,False
2012-09-24,1.0000000000,True,1.2968486547,True,1.6231131554,True,0.0128073767,True,1.0716965126,True
2012-09-25,1.0000000000,True,1.2941633463,True,1.6225864887,True,0.0128429058,True,1.0699306796,True
2012-09-26,1.0000000000,True,1.2900062799,True,1.6194331646,True,0.0128653772,True,1.0664846773,True
2012-09-27,1.0000000000,True,1.2881617546,True,1.6178612709,True,0.0128703445,True,1.0649627144,True
2012-09-28,1.0000000000,True,1.2913223505,True,1.6232975721,True,0.0128849374,True,1.0669853654,True
2012-09-29,1.0000000000,True,1.2913223505,False,1.6232975721,False,0.0128849374,False,1.0669853654,False
2012-09-30,1.0000000000,True,1.2913223505,False,1.6232975721,False,0.0128849374,False,1.0669853654,False
2012-10-01,1.0000000000,True,1.2809016705,True,1.6124871969,True,0.0128272554,True,1.0598834326,True
2012-10-02,1.0000000000,True,1.2888258696,True,1.6129032373,True,0.0128137773,True,1.0657004068,True
2012-10-03,1.0000000000,True,1.2916558981,True,1.6131634712,True,0.0127852720,True,1.0673497481,True
2012-10-04,1.0000000000,True,1.2923235893,True,1.6100466251,True,0.0127526620,True,1.0673155937,True
2012-10-05,1.0000000000,True,1.3017443419,True,1.6186468601,True,0.0127414503,True,1.0742754209,True
2012-10-06,1.0000000000,True,1.3017443419,False,1.6186468601,False,0.0127414503,False,1.0742754209,False
2012-10-07,1.0000000000,True,1.3017443419,False,1.6186468601,False,0.0127414503,False,1.0742754209,False
2012-10-08,1.0000000000,True,1.3015749454,True,1.6138923168,True,0.0127061568,True,1.0741254157,True
2012-10-09,1.0000000000,True,1.2976900339,True,1.6034121513,True,0.0127736755,True,1.0721561308,True
2012-10-10,1.0000000000,True,1.2858428955,True,1.5996929407,True,0.0127846173,True,1.0621010604,True
2012-10-11,1.0000000000,True,1.2858428955,True,1.6007683277,True,0.0128081977,True,1.0636713580,True
2012-10-12,1.0000000000,True,1.2933264971,True,1.6045955420,True,0.0127547766,True,1.0695530095,True
2012-10-13,1.0000000000,True,1.2933264971,False,1.6045955420,False,0.0127547766,False,1.0695530095,False
2012-10-14,1.0000000000,True,1.2933264971,False,1.6045955420,False,0.0127547766,False,1.0695530095,False
2012-10-15,1.0000000000,True,1.2943308353,True,1.6059098244,True,0.0127440482,True,1.0698619738,True
2012-10-16,1.0000000000,True,1.2968486547,True,1.6081048250,True,0.0126921268,True,1.0731916630,True
2012-10-17,1.0000000000,True,1.3107877970,True,1.6130073071,True,0.0126863310,True,1.0837641278,True
2012-10-18,1.0000000000,True,1.3116475344,True,1.6137100458,True,0.0126486217,True,1.0842459292,True
2012-10-19,1.0000000000,True,1.3069161177,True,1.6057033539,True,0.0126090687,True,1.0815604853,True
2012-10-20,1.0000000000,True,1.3069161177,False,1.6057033539,False,0.0126090687,False,1.0815604853,False
2012-10-21,1.0000000000,True,1.3069161177,False,1.6057033539,False,0.0126090687,False,1.0815604853,False
2012-10-22,1.0000000000,True,1.3022528887,True,1.5997952223,True,0.0126171815,True,1.0776558701,True
2012-10-23,1.0000000000,True,1.3070186377,True,1.6022816896,True,0.0125015630,True,1.0797153969,True
2012-10-24,1.0000000000,True,1.2973533869,True,1.5948964357,True,0.0125281885,True,1.0719262382,True
2012-10-25,1.0000000000,True,1.2965123653,True,1.6031550169,True,0.0125253643,True,1.0720411722,True
2012-10-26,1.0000000000,True,1.2938284874,True,1.6118113995,True,0.0124633887,True,1.0695187139,True
2012-10-27,1.0000000000,True,1.2938284874,False,1.6118113995,False,0.0124633887,False,1.0695187139,False
2012-10-28,1.0000000000,True,1.2938284874,False,1.6118113995,False,0.0124633887,False,1.0695187139,False
2012-10-29,1.0000000000,True,1.2924071550,True,1.6095284224,True,0.0125549276,True,1.0686043845,True
2012-10-30,1.0000000000,True,1.2908222675,True,1.6030780077,True,0.0125369841,True,1.0681592308,True
2012-10-31,1.0000000000,True,1.2962603569,True,1.6074585915,True,0.0125495711,True,1.0726621595,True
2012-11-01,1.0000000000,True,1.2965123653,True,1.6134237051,True,0.0125219133,True,1.0737332341,True
2012-11-02,1.0000000000,True,1.2948336601,True,1.6134237051,True,0.0124657191,True,1.0734451066,True
2012-11-03,1.0000000000,True,1.2948336601,False,1.6134237051,False,0.0124657191,False,1.0734451066,False
2012-11-04,1.0000000000,True,1.2948336601,False,1.6134237051,False,0.0124657191,False,1.0734451066,False
2012-11-05,1.0000000000,True,1.2827913761,True,1.6021019220,True,0.0124223602,True,1.0628121697,True
2012-11-06,1.0000000000,True,1.2802459002,True,1.5984655619,True,0.0124750493,True,1.0604453661,True
2012-11-07,1.0000000000,True,1.2808033228,True,1.5992324352,True,0.0124548510,True,1.0603329720,True
2012-11-08,1.0000000000,True,1.2759984732,True,1.5982099771,True,0.0125046891,True,1.0576414414,True
2012-11-09,1.0000000000,True,1.2745348215,True,1.5977503061,True,0.0125819405,True,1.0569483521,True
2012-11-10,1.0000000000,True,1.2745348215,False,1.5977503061,False,0.0125819405,False,1.0569483521,False
2012-11-11,1.0000000000,True,1.2745348215,False,1.5977503061,False,0.0125819405,False,1.0569483521,False
2012-11-12,1.0000000000,True,1.2723940611,True,1.5894207954,True,0.0125849485,True,1.0551862140,True
2012-11-13,1.0000000000,True,1.2709709406,True,1.5878056288,True,0.0125631298,True,1.0545186078,True
2012-11-14,1.0000000000,True,1.2709709406,True,1.5878056288,True,0.0125849485,True,1.0559661793,True
2012-11-15,1.0000000000,True,1.2732366323,True,1.5841082335,True,0.0124688284,True,1.0576414414,True
2012-11-16,1.0000000000,True,1.2784454823,True,1.5865461826,True,0.0123274158,True,1.0613683409,True
2012-11-17,1.0000000000,True,1.2784454823,False,1.5865461826,False,0.0123274158,False,1.0613683409,False
2012-11-18,1.0000000000,True,1.2784454823,False,1.5865461826,False,0.0123274158,False,1.0613683409,False
2012-11-19,1.0000000000,True,1.2759497166,True,1.5905585289,True,0.0122660254,True,1.0588733447,True
2012-11-20,1.0000000000,True,1.2769435644,True,1.5894207954,True,0.0122925632,True,1.0608391011,True
2012-11-21,1.0000000000,True,1.2814434767,True,1.5926102400,True,0.0122316682,True,1.0637166098,True
2012-11-22,1.0000000000,True,1.2865046263,True,1.5969338417,True,0.0121103499,True,1.0680337730,True
2012-11-23,1.0000000000,True,1.2875149250,True,1.5941334963,True,0.0121419637,True,1.0691756741,True
2012-11-24,1.0000000000,True,1.2875149250,False,1.5941334963,False,0.0121419637,False,1.0691756741,False
2012-11-25,1.0000000000,True,1.2875149250,False,1.5941334963,False,0.0121419637,False,1.0691756741,False
2012-11-26,1.0000000000,True,1.2965964079,True,1.6027952433,True,0.0121144577,True,1.0771451200,True
2012-11-27,1.0000000000,True,1.2987012863,True,1.6033349037,True,0.0122140387,True,1.0788650000,True
2012-11-28,1.0000000000,True,1.2938284874,True,1.6023072004,True,0.0121832356,True,1.0745639944,True
2012-11-29,1.0000000000,True,1.2953367233,True,1.6015374660,True,0.0121728543,True,1.0763104345,True
2012-11-30,1.0000000000,True,1.2973533869,True,1.6041065454,True,0.0121727062,True,1.0778184957,True
2012-12-01,1.0000000000,True,1.2973533869,False,1.6041065454,False,0.0121727062,False,1.0778184957,False
2012-12-02,1.0000000000,True,1.2973533869,False,1.6041065454,False,0.0121727062,False,1.0778184957,False
2012-12-03,1.0000000000,True,1.2996802330,True,1.6023072004,True,0.0121276800,True,1.0785159395,True
2012-12-04,1.0000000000,True,1.2996802330,False,1.6097874641,True,0.0121753736,True,1.0785159395,False
2012-12-05,1.0000000000,True,1.3099292517,True,1.6100986004,True,0.0122225479,True,1.0794473162,True
2012-12-06,1.0000000000,True,1.3070186377,True,1.6093212366,True,0.0121306230,True,1.0794473162,True
2012-12-07,1.0000000000,True,1.2963443995,True,1.6050076485,True,0.0121315055,True,1.0722135508,True
2012-12-08,1.0000000000,True,1.2963443995,False,1.6050076485,False,0.0121315055,False,1.0722135508,False
2012-12-09,1.0000000000,True,1.2963443995,False,1.6050076485,False,0.0121315055,False,1.0722135508,False
2012-12-10,1.0000000000,True,1.2906056643,True,1.6035662889,True,0.0121124035,True,1.0685244839,True
2012-12-11,1.0000000000,True,1.2938284874,True,1.6074068546,True,0.0121432911,True,1.0712372884,True
2012-12-12,1.0000000000,True,1.3013207912,True,1.6118632555,True,0.0121182749,True,1.0736180058,True
2012-12-13,1.0000000000,True,1.3066771030,True,1.6136840582,True,0.0120177865,True,1.0792143560,True
2012-12-14,1.0000000000,True,1.3078734875,True,1.6116034985,True,0.0119521436,True,1.0826728879,True
2012-12-15,1.0000000000,True,1.3078734875,False,1.6116034985,False,0.0119521436,False,1.0826728879,False
2012-12-16,1.0000000000,True,1.3078734875,False,1.6116034985,False,0.0119521436,False,1.0826728879,False
2012-12-17,1.0000000000,True,1.3165863752,True,1.6175994873,True,0.0118824121,True,1.0892059695,True
2012-12-18,1.0000000000,True,1.3164824247,True,1.6204829216,True,0.0119185250,True,1.0895738728,True
2012-12-19,1.0000000000,True,1.3231012821,True,1.6249593496,True,0.0118538187,True,1.0954102659,True
2012-12-20,1.0000000000,True,1.3215277195,True,1.6252235174,True,0.0118728187,True,1.0945948900,True
2012-12-21,1.0000000000,True,1.3237668276,True,1.6273393631,True,0.0118455345,True,1.0966114899,True
2012-12-22,1.0000000000,True,1.3237668276,False,1.6273393631,False,0.0118455345,False,1.0966114899,False
2012-12-23,1.0000000000,True,1.3237668276,False,1.6273393631,False,0.0118455345,False,1.0966114899,False
2012-12-24,1.0000000000,True,1.3182003498,True,1.6156916618,True,0.0118469371,True,1.0917030465,True
2012-12-25,1.0000000000,True,1.3180439472,True,1.6131634712,True,0.0117868935,True,1.0917030465,True
2012-12-26,1.0000000000,True,1.3180439472,True,1.6136840582,True,0.0117647059,True,1.0917507149,True
2012-12-27,1.0000000000,True,1.3225764036,True,1.6126431227,True,0.0116729702,True,1.0951702939,True
2012-12-28,1.0000000000,True,1.3250298500,True,1.6116034985,True,0.0115597577,True,1.0960105130,True
2012-12-29,1.0000000000,True,1.3250298500,False,1.6116034985,False,0.0115597577,False,1.0960105130,False
2012-12-30,1.0000000000,True,1.3250298500,False,1.6116034985,False,0.0115597577,False,1.0960105130,False
2012-12-31,1.0000000000,True,1.3227688074,True,1.6162921190,True,0.0116333179,True,1.0957703496,True
2013-01-01,1.0000000000,True,1.3201320171,True,1.6236402988,True,0.0115313652,True,1.0933741351,True
2013-01-02,1.0000000000,True,1.3197835684,True,1.6246954203,True,0.0115473443,True,1.0922993076,True
2013-01-03,1.0000000000,True,1.3182177544,True,1.6252498627,True,0.0114580347,True,1.0895857608,True
2013-01-04,1.0000000000,True,1.3032711744,True,1.6082341671,True,0.0113973105,True,1.0775862379,True
2013-01-05,1.0000000000,True,1.3032711744,False,1.6082341671,False,0.0113973105,False,1.0775862379,False
2013-01-06,1.0000000000,True,1.3032711744,False,1.6082341671,False,0.0113973105,False,1.0775862379,False
2013-01-07,1.0000000000,True,1.3067454100,True,1.6067870855,True,0.0113381258,True,1.0816306321,True
2013-01-08,1.0000000000,True,1.3125082254,True,1.6122010946,True,0.0114609242,True,1.0858942490,True
2013-01-09,1.0000000000,True,1.3082326651,True,1.6061676741,True,0.0115117194,True,1.0824853963,True
2013-01-10,1.0000000000,True,1.3054831028,True,1.6015374660,True,0.0113464873,True,1.0800885974,True
2013-01-11,1.0000000000,True,1.3273161650,True,1.6162921190,True,0.0112049837,True,1.0940320755,True
2013-01-12,1.0000000000,True,1.3273161650,False,1.6162921190,False,0.0112049837,False,1.0940320755,False
2013-01-13,1.0000000000,True,1.3273161650,False,1.6162921190,False,0.0112049837,False,1.0940320755,False
2013-01-14,1.0000000000,True,1.3362016678,True,1.6126950979,True,0.0111703134,True,1.0942115993,True
2013-01-15,1.0000000000,True,1.3377926350,True,1.6077170372,True,0.0111781803,True,1.0842459292,True
2013-01-16,1.0000000000,True,1.3308490515,True,1.6074585915,True,0.0112676056,True,1.0733068685,True
2013-01-17,1.0000000000,True,1.3290803432,True,1.6002560854,True,0.0112828617,True,1.0743446259,True
2013-01-18,1.0000000000,True,1.3372559547,True,1.5976994038,True,0.0111332540,True,1.0716390795,True
2013-01-19,1.0000000000,True,1.3372559547,False,1.5976994038,False,0.0111332540,False,1.0716390795,False
2013-01-20,1.0000000000,True,1.3372559547,False,1.5976994038,False,0.0111332540,False,1.0716390795,False
2013-01-21,1.0000000000,True,1.3320013285,True,1.5855399370,True,0.0110888103,True,1.0706179493,True
2013-01-22,1.0000000000,True,1.3311502934,True,1.5837820768,True,0.0111607145,True,1.0702856746,True
2013-01-23,1.0000000000,True,1.3313983679,True,1.5839076042,True,0.0112957337,True,1.0761713885,True
2013-01-24,1.0000000000,True,1.3308490515,True,1.5832804441,True,0.0112892298,True,1.0757314970,True
2013-01-25,1.0000000000,True,1.3369340897,True,1.5782828331,True,0.0110426469,True,1.0759051335,True
2013-01-26,1.0000000000,True,1.3369340897,False,1.5782828331,False,0.0110426469,False,1.0759051335,False
2013-01-27,1.0000000000,True,1.3369340897,False,1.5782828331,False,0.0110426469,False,1.0759051335,False
2013-01-28,1.0000000000,True,1.3466018438,True,1.5775109529,True,0.0109674376,True,1.0788999671,True
2013-01-29,1.0000000000,True,1.3446282148,True,1.5698586702,True,0.0110546099,True,1.0797969799,True
2013-01-30,1.0000000000,True,1.3491635323,True,1.5748031139,True,0.0110144288,True,1.0843634503,True
2013-01-31,1.0000000000,True,1.3568336964,True,1.5797787905,True,0.0109864752,True,1.0976948247,True
2013-02-01,1.0000000000,True,1.3610997200,True,1.5870244503,True,0.0109042929,True,1.0996261437,True
2013-02-02,1.0000000000,True,1.3610997200,False,1.5870244503,False,0.0109042929,False,1.0996261437,False
2013-02-03,1.0000000000,True,1.3610997200,False,1.5870244503,False,0.0109042929,False,1.0996261437,False
2013-02-04,1.0000000000,True,1.3648709059,True,1.5704996586,True,0.0107793472,True,1.1010790265,True
2013-02-05,1.0000000000,True,1.3511687517,True,1.5755474567,True,0.0108515187,True,1.1003642298,True
2013-02-06,1.0000000000,True,1.3581420183,True,1.5666614771,True,0.0106871861,True,1.1015399694,True
2013-02-07,1.0000000000,True,1.3523930311,True,1.5664160252,True,0.0107026278,True,1.0990218589,True
2013-02-08,1.0000000000,True,1.3389389515,True,1.5710178614,True,0.0106799949,True,1.0888620587,True
2013-02-09,1.0000000000,True,1.3389389515,False,1.5710178614,False,0.0106799949,False,1.0888620587,False
2013-02-10,1.0000000000,True,1.3389389515,False,1.5710178614,False,0.0106799949,False,1.0888620587,False
2013-02-11,1.0000000000,True,1.3368269205,True,1.5802282095,True,0.0108067214,True,1.0902747149,True
2013-02-12,1.0000000000,True,1.3403567076,True,1.5656802654,True,0.0106167254,True,1.0862834795,True
2013-02-13,1.0000000000,True,1.3452069759,True,1.5676438808,True,0.0107175392,True,1.0909884487,True
2013-02-14,1.0000000000,True,1.3444474936,True,1.5533015728,True,0.0107231710,True,1.0900370583,True
2013-02-15,1.0000000000,True,1.3352917433,True,1.5486588478,True,0.0107576621,True,1.0844458073,True
2013-02-16,1.0000000000,True,1.3352917433,False,1.5486588478,False,0.0107576621,False,1.0844458073,False
2013-02-17,1.0000000000,True,1.3352917433,False,1.5486588478,False,0.0107576621,False,1.0844458073,False
2013-02-18,1.0000000000,True,1.3344007730,True,1.5480115414,True,0.0106698534,True,1.0833062569,True
2013-02-19,1.0000000000,True,1.3347214460,True,1.5477480888,True,0.0106780564,True,1.0831537193,True
2013-02-20,1.0000000000,True,1.3395847082,True,1.5427337885,True,0.0106714475,True,1.0845987091,True
2013-02-21,1.0000000000,True,1.3273161650,True,1.5229972601,True,0.0106769161,True,1.0777023197,True
2013-02-22,1.0000000000,True,1.3194352388,True,1.5262515545,True,0.0107353729,True,1.0744946923,True
2013-02-23,1.0000000000,True,1.3194352388,False,1.5262515545,False,0.0107353729,False,1.0744946923,False
2013-02-24,1.0000000000,True,1.3194352388,False,1.5262515545,False,0.0107353729,False,1.0744946923,False
2013-02-25,1.0000000000,True,1.3195919991,True,1.5097301006,True,0.0106134577,True,1.0748065187,True
2013-02-26,1.0000000000,True,1.3065063953,True,1.5164152384,True,0.0108228618,True,1.0736410220,True
2013-02-27,1.0000000000,True,1.3065917492,True,1.5129966736,True,0.0108565844,True,1.0734220988,True
2013-02-28,1.0000000000,True,1.3150973320,True,1.5167601109,True,0.0108338839,True,1.0769943124,True
2013-03-01,1.0000000000,True,1.3059945107,True,1.5165301561,True,0.0108012356,True,1.0671219798,True
2013-03-02,1.0000000000,True,1.3059945107,False,1.5165301561,False,0.0108012356,False,1.0671219798,False
2013-03-03,1.0000000000,True,1.3059945107,False,1.5165301561,False,0.0108012356,False,1.0671219798,False
2013-03-04,1.0000000000,True,1.3016934395,True,1.5036010742,True,0.0106878711,True,1.0615485882,True
2013-03-05,1.0000000000,True,1.3036110401,True,1.5128592253,True,0.0107065234,True,1.0634903892,True
2013-03-06,1.0000000000,True,1.3048527241,True,1.5137753487,True,0.0107193773,True,1.0624847219,True
2013-03-07,1.0000000000,True,1.2978584766,True,1.4996776581,True,0.0106465657,True,1.0542962822,True
2013-03-08,1.0000000000,True,1.3111314774,True,1.5026296377,True,0.0105342995,True,1.0613457808,True
2013-03-09,1.0000000000,True,1.3111314774,False,1.5026296377,False,0.0105342995,False,1.0613457808,False
2013-03-10,1.0000000000,True,1.3111314774,False,1.5026296377,False,0.0105342995,False,1.0613457808,False
2013-03-11,1.0000000000,True,1.2988024950,True,1.4910018444,True,0.0103982533,True,1.0500892442,True
2013-03-12,1.0000000000,True,1.3032711744,True,1.4905351400,True,0.0103499308,True,1.0545964274,True
2013-03-13,1.0000000000,True,1.3029316664,True,1.4905351400,True,0.0104362346,True,1.0557432429,True
2013-03-14,1.0000000000,True,1.2958402634,True,1.4925372601,True,0.0104144973,True,1.0497806233,True
2013-03-15,1.0000000000,True,1.3012362719,True,1.5090012550,True,0.0104207918,True,1.0560665480,True
2013-03-16,1.0000000000,True,1.3012362719,False,1.5090012550,False,0.0104207918,False,1.0560665480,False
2013-03-17,1.0000000000,True,1.3012362719,False,1.5090012550,False,0.0104207918,False,1.0560665480,False
2013-03-18,1.0000000000,True,1.2892745733,True,1.5107566118,True,0.0105386294,True,1.0577533323,True
2013-03-19,1.0000000000,True,1.2944984436,True,1.5098898411,True,0.0104884467,True,1.0557432429,True
2013-03-20,1.0000000000,True,1.2863887548,True,1.5096617937,True,0.0105207782,True,1.0552641985,True
2013-03-21,1.0000000000,True,1.2941633463,True,1.5096617937,True,0.0104215516,True,1.0586491793,True
2013-03-22,1.0000000000,True,1.2904890776,True,1.5182108879,True,0.0105362971,True,1.0568590003,True
2013-03-23,1.0000000000,True,1.2904890776,False,1.5182108879,False,0.0105362971,False,1.0568590003,False
2013-03-24,1.0000000000,True,1.2904890776,False,1.5182108879,False,0.0105362971,False,1.0568590003,False
2013-03-25,1.0000000000,True,1.3024055958,True,1.5245994329,True,0.0105454082,True,1.0655301158,True
2013-03-26,1.0000000000,True,1.2858428955,True,1.5179113150,True,0.0106424872,True,1.0545074727,True
2013-03-27,1.0000000000,True,1.2860082388,True,1.5163002014,True,0.0105669148,True,1.0547410935,True
2013-03-28,1.0000000000,True,1.2777919769,True,1.5129051208,True,0.0106026547,True,1.0483279394,True
2013-03-29,1.0000000000,True,1.2815911770,True,1.5197569132,True,0.0106168380,True,1.0534743264,True
2013-03-30,1.0000000000,True,1.2815911770,False,1.5197569132,False,0.0106168380,False,1.0534743264,False
2013-03-31,1.0000000000,True,1.2815911770,False,1.5197569132,False,0.0106168380,False,1.0534743264,False
2013-04-01,1.0000000000,True,1.2805737257,True,1.5195951462,True,0.0106064787,True,1.0524986625,True
2013-04-02,1.0000000000,True,1.2850167751,True,1.5223017931,True,0.0107319167,True,1.0567472985,True
2013-04-03,1.0000000000,True,1.2820513248,True,1.5108022690,True,0.0107109960,True,1.0541518042,True
2013-04-04,1.0000000000,True,1.2850167751,True,1.5140045881,True,0.0107655374,True,1.0584250419,True
2013-04-05,1.0000000000,True,1.2928247452,True,1.5226262808,True,0.0103694644,True,1.0632076645,True
2013-04-06,1.0000000000,True,1.2928247452,False,1.5226262808,False,0.0103694644,False,1.0632076645,False
2013-04-07,1.0000000000,True,1.2928247452,False,1.5226262808,False,0.0103694644,False,1.0632076645,False
2013-04-08,1.0000000000,True,1.2992074490,True,1.5349195004,True,0.0101264798,True,1.0707784575,True
2013-04-09,1.0000000000,True,1.3029316664,True,1.5262515545,True,0.0100725223,True,1.0703200195,True
2013-04-10,1.0000000000,True,1.3080273867,True,1.5323321819,True,0.0101061145,True,1.0726161434,True
2013-04-11,1.0000000000,True,1.3055341244,True,1.5325671434,True,0.0100335119,True,1.0714438940,True
2013-04-12,1.0000000000,True,1.3114753962,True,1.5391719341,True,0.0100380440,True,1.0751531819,True
2013-04-13,1.0000000000,True,1.3114753962,False,1.5391719341,False,0.0100380440,False,1.0751531819,False
2013-04-14,1.0000000000,True,1.3114753962,False,1.5391719341,False,0.0100380440,False,1.0751531819,False
2013-04-15,1.0000000000,True,1.3099292517,True,1.5353907347,True,0.0101619822,True,1.0771799757,True
2013-04-16,1.0000000000,True,1.3054660559,True,1.5297303200,True,0.0103305782,True,1.0752688089,True
2013-04-17,1.0000000000,True,1.3178702593,True,1.5360982418,True,0.0102448519,True,1.0843634503,True
2013-04-18,1.0000000000,True,1.3034920692,True,1.5243902206,True,0.0102010630,True,1.0723860535,True
2013-04-19,1.0000000000,True,1.3053126335,True,1.5283509493,True,0.0101829880,True,1.0726161434,True
2013-04-20,1.0000000000,True,1.3053126335,False,1.5283509493,False,0.0101829880,False,1.0726161434,False
2013-04-21,1.0000000000,True,1.3053126335,False,1.5283509493,False,0.0101829880,False,1.0726161434,False
2013-04-22,1.0000000000,True,1.3055682182,True,1.5225335360,True,0.0100203416,True,1.0714209035,True
2013-04-23,1.0000000000,True,1.3061650991,True,1.5299878120,True,0.0100847112,True,1.0702512637,True
2013-04-24,1.0000000000,True,1.2994438410,True,1.5229972601,True,0.0100324045,True,1.0575296408,True
2013-04-25,1.0000000000,True,1.3017443419,True,1.5279772282,True,0.0100583385,True,1.0555092444,True
2013-04-26,1.0000000000,True,1.3007283211,True,1.5436862707,True,0.0100662355,True,1.0580555161,True
2013-04-27,1.0000000000,True,1.3007283211,False,1.5436862707,False,0.0100662355,False,1.0580555161,False
2013-04-28,1.0000000000,True,1.3007283211,False,1.5436862707,False,0.0100662355,False,1.0580555161,False
2013-04-29,1.0000000000,True,1.3042571545,True,1.5491867065,True,0.0102205594,True,1.0615373041,True
2013-04-30,1.0000000000,True,1.3095861673,True,1.5494267941,True,0.0102182622,True,1.0671219798,True
2013-05-01,1.0000000000,True,1.3168290854,True,1.5537601709,True,0.0102807681,True,1.0760324474,True
2013-05-02,1.0000000000,True,1.3182177544,True,1.5571957827,True,0.0102952679,True,1.0789814269,True
2013-05-03,1.0000000000,True,1.3065063953,True,1.5537117720,True,0.0102097075,True,1.0698619738,True
2013-05-04,1.0000000000,True,1.3065063953,False,1.5537117720,False,0.0102097075,False,1.0698619738,False
2013-05-05,1.0000000000,True,1.3065063953,False,1.5537117720,False,0.0102097075,False,1.0698619738,False
2013-05-06,1.0000000000,True,1.3123359680,True,1.5578750372,True,0.0100908175,True,1.0693242999,True
2013-05-07,1.0000000000,True,1.3070186377,True,1.5537601709,True,0.0100660330,True,1.0655301158,True
2013-05-08,1.0000000000,True,1.3077024221,True,1.5479875803,True,0.0101239166,True,1.0629251575,True
2013-05-09,1.0000000000,True,1.3161357641,True,1.5542914867,True,0.0101134733,True,1.0695187139,True
2013-05-10,1.0000000000,True,1.3034410477,True,1.5445923805,True,0.0099240808,True,1.0533079200,True
2013-05-11,1.0000000000,True,1.3034410477,False,1.5445923805,False,0.0099240808,False,1.0533079200,False
2013-05-12,1.0000000000,True,1.3034410477,False,1.5445923805,False,0.0099240808,False,1.0533079200,False
2013-05-13,1.0000000000,True,1.2965291739,True,1.5341894627,True,0.0098113285,True,1.0430791684,True
2013-05-14,1.0000000000,True,1.2988024950,True,1.5309013128,True,0.0098360333,True,1.0458063127,True
2013-05-15,1.0000000000,True,1.2937111855,True,1.5227190256,True,0.0097837786,True,1.0360117673,True
2013-05-16,1.0000000000,True,1.2882447243,True,1.5239952803,True,0.0097791857,True,1.0359473486,True
2013-05-17,1.0000000000,True,1.2883278131,True,1.5276972055,True,0.0097909627,True,1.0366991213,True
2013-05-18,1.0000000000,True,1.2883278131,False,1.5276972055,False,0.0097909627,False,1.0366991213,False
2013-05-19,1.0000000000,True,1.2883278131,False,1.5276972055,False,0.0097909627,False,1.0366991213,False
2013-05-20,1.0000000000,True,1.2835652828,True,1.5181187391,True,0.0097370039,True,1.0306090700,True
2013-05-21,1.0000000000,True,1.2891082764,True,1.5262281895,True,0.0097879921,True,1.0344470694,True
2013-05-22,1.0000000000,True,1.2919062376,True,1.5160013437,True,0.0097616211,True,1.0318852560,True
2013-05-23,1.0000000000,True,1.2842081785,True,1.5035107136,True,0.0096921762,True,1.0200958794,True
2013-05-24,1.0000000000,True,1.2925074100,True,1.5095024109,True,0.0097646711,True,1.0309278046,True
2013-05-25,1.0000000000,True,1.2925074100,False,1.5095024109,False,0.0097646711,False,1.0309278046,False
2013-05-26,1.0000000000,True,1.2925074100,False,1.5095024109,False,0.0097646711,False,1.0309278046,False
2013-05-27,1.0000000000,True,1.2937781811,True,1.5131111145,True,0.0098950142,True,1.0399658626,True
2013-05-28,1.0000000000,True,1.2933933735,True,1.5108935833,True,0.0098907074,True,1.0386372799,True
2013-05-29,1.0000000000,True,1.2846370935,True,1.5026069880,True,0.0097612401,True,1.0236462473,True
2013-05-30,1.0000000000,True,1.2947833538,True,1.5131338835,True,0.0099092314,True,1.0403662101,True
2013-05-31,1.0000000000,True,1.3043931723,True,1.5229045153,True,0.0098911970,True,1.0485477547,True
2013-06-01,1.0000000000,True,1.3043931723,False,1.5229045153,False,0.0098911970,False,1.0485477547,False
2013-06-02,1.0000000000,True,1.3043931723,False,1.5229045153,False,0.0098911970,False,1.0485477547,False
2013-06-03,1.0000000000,True,1.2996464968,True,1.5209125280,True,0.0099526257,True,1.0449320607,True
2013-06-04,1.0000000000,True,1.3072919846,True,1.5321444273,True,0.0100262689,True,1.0554089816,True
2013-06-05,1.0000000000,True,1.3073433638,True,1.5303858519,True,0.0099750623,True,1.0545186078,True
2013-06-06,1.0000000000,True,1.3093289137,True,1.5403337479,True,0.0101059096,True,1.0617965617,True
2013-06-07,1.0000000000,True,1.3245558739,True,1.5602571964,True,0.0102746408,True,1.0758703603,True
2013-06-08,1.0000000000,True,1.3245558739,False,1.5602571964,False,0.0102746408,False,1.0758703603,False
2013-06-09,1.0000000000,True,1.3245558739,False,1.5602571964,False,0.0102746408,False,1.0758703603,False
2013-06-10,1.0000000000,True,1.3224014044,True,1.5531085730,True,0.0101793604,True,1.0671105769,True
2013-06-11,1.0000000000,True,1.3224014044,True,1.5531085730,True,0.0101164403,True,1.0710077896,True
2013-06-12,1.0000000000,True,1.3224014044,True,1.5531085730,True,0.0104056110,True,1.0818997986,True
2013-06-13,1.0000000000,True,1.3339558840,True,1.5681353807,True,0.0104243763,True,1.0862481026,True
2013-06-14,1.0000000000,True,1.3367911577,True,1.5713881254,True,0.0104718617,True,1.0841753727,True
2013-06-15,1.0000000000,True,1.3367911577,False,1.5713881254,False,0.0104718617,False,1.0841753727,False
2013-06-16,1.0000000000,True,1.3367911577,False,1.5713881254,False,0.0104718617,False,1.0841753727,False
2013-06-17,1.0000000000,True,1.3348639011,True,1.5723023415,True,0.0106109806,True,1.0849517188,True
2013-06-18,1.0000000000,True,1.3363088369,True,1.5717834234,True,0.0105618927,True,1.0842459292,True
2013-06-19,1.0000000000,True,1.3389928341,True,1.5636972189,True,0.0104693407,True,1.0866021868,True
2013-06-20,1.0000000000,True,1.3291862011,True,1.5482512712,True,0.0103530390,True,1.0767855608,True
2013-06-21,1.0000000000,True,1.3235566616,True,1.5517107248,True,0.0102943146,True,1.0797969799,True
2013-06-22,1.0000000000,True,1.3235566616,False,1.5517107248,False,0.0102943146,False,1.0797969799,False
2013-06-23,1.0000000000,True,1.3235566616,False,1.5517107248,False,0.0102943146,False,1.0797969799,False
2013-06-24,1.0000000000,True,1.3105300665,True,1.5389113426,True,0.0101602271,True,1.0679196967,True
2013-06-25,1.0000000000,True,1.3132321835,True,1.5447354317,True,0.0102531505,True,1.0724435667,True
2013-06-26,1.0000000000,True,1.3079760075,True,1.5416872501,True,0.0101887981,True,1.0654165737,True
2013-06-27,1.0000000000,True,1.3013377190,True,1.5325905085,True,0.0102280867,True,1.0614021158,True
2013-06-28,1.0000000000,True,1.3035939932,True,1.5258322954,True,0.0101547587,True,1.0583242244,True
2013-06-29,1.0000000000,True,1.3035939932,False,1.5258322954,False,0.0101547587,False,1.0583242244,False
2013-06-30,1.0000000000,True,1.3035939932,False,1.5258322954,False,0.0101547587,False,1.0583242244,False
2013-07-01,1.0000000000,True,1.3014055490,True,1.5204732418,True,0.0100623871,True,1.0580890805,True
2013-07-02,1.0000000000,True,1.3067624569,True,1.5216530561,True,0.0100344183,True,1.0582346398,True
2013-07-03,1.0000000000,True,1.2978922129,True,1.5152893066,True,0.0099272332,True,1.0519671476,True
2013-07-04,1.0000000000,True,1.3010838032,True,1.5274404287,True,0.0100044018,True,1.0564124012,True
2013-07-05,1.0000000000,True,1.2907721996,True,1.5038950443,True,0.0099780482,True,1.0454783131,True
2013-07-06,1.0000000000,True,1.2907721996,False,1.5038950443,False,0.0099780482,False,1.0454783131,False
2013-07-07,1.0000000000,True,1.2907721996,False,1.5038950443,False,0.0099780482,False,1.0454783131,False
2013-07-08,1.0000000000,True,1.2829065323,True,1.4879401922,True,0.0098632946,True,1.0359473486,True
2013-07-09,1.0000000000,True,1.2871006727,True,1.4953718185,True,0.0099157166,True,1.0376457638,True
2013-07-10,1.0000000000,True,1.2781839371,True,1.4861490726,True,0.0098860143,True,1.0276858445,True
2013-07-11,1.0000000000,True,1.3187741041,True,1.5180034637,True,0.0101470302,True,1.0612444061,True
2013-07-12,1.0000000000,True,1.3097747564,True,1.5178653002,True,0.0100969304,True,1.0556317768,True
2013-07-13,1.0000000000,True,1.3097747564,False,1.5178653002,False,0.0100969304,False,1.0556317768,False
2013-07-14,1.0000000000,True,1.3097747564,False,1.5178653002,False,0.0100969304,False,1.0556317768,False
2013-07-15,1.0000000000,True,1.3059945107,True,1.5103687048,True,0.0100809502,True,1.0564124012,True
2013-07-16,1.0000000000,True,1.3058750629,True,1.5100038052,True,0.0100054030,True,1.0545186078,True
2013-07-17,1.0000000000,True,1.3151146173,True,1.5138440132,True,0.0100847112,True,1.0636035212,True
2013-07-18,1.0000000000,True,1.3116990328,True,1.5209820271,True,0.0100341156,True,1.0622477257,True
2013-07-19,1.0000000000,True,1.3110626936,True,1.5222090483,True,0.0099480708,True,1.0589181892,True
2013-07-20,1.0000000000,True,1.3110626936,False,1.5222090483,False,0.0099480708,False,1.0589181892,False
2013-07-21,1.0000000000,True,1.3110626936,False,1.5222090483,False,0.0099480708,False,1.0589181892,False
2013-07-22,1.0000000000,True,1.3159972429,True,1.5284910202,True,0.0099612507,True,1.0645092417,True
2013-07-23,1.0000000000,True,1.3190349340,True,1.5365231037,True,0.0100680603,True,1.0684217334,True
2013-07-24,1.0000000000,True,1.3223315477,True,1.5374917984,True,0.0100505541,True,1.0697475066,True
2013-07-25,1.0000000000,True,1.3190872669,True,1.5308543444,True,0.0099550030,True,1.0660867412,True
2013-07-26,1.0000000000,True,1.3274219036,True,1.5381774902,True,0.0100730293,True,1.0754307148,True
2013-07-27,1.0000000000,True,1.3274219036,False,1.5381774902,False,0.0100730293,False,1.0754307148,False
2013-07-28,1.0000000000,True,1.3274219036,False,1.5381774902,False,0.0100730293,False,1.0754307148,False
2013-07-29,1.0000000000,True,1.3287447691,True,1.5392429829,True,0.0102082484,True,1.0775629830,True
2013-07-30,1.0000000000,True,1.3263654709,True,1.5341658592,True,0.0101996064,True,1.0742407530,True
2013-07-31,1.0000000000,True,1.3264886141,True,1.5242043734,True,0.0102024161,True,1.0757083221,True
2013-08-01,1.0000000000,True,1.3301409483,True,1.5174967051,True,0.0102214999,True,1.0799136080,True
2013-08-02,1.0000000000,True,1.3211959600,True,1.5120357275,True,0.0100583385,True,1.0678855057,True
2013-08-03,1.0000000000,True,1.3211959600,False,1.5120357275,False,0.0100583385,False,1.0678855057,False
2013-08-04,1.0000000000,True,1.3211959600,False,1.5120357275,False,0.0100583385,False,1.0678855057,False
2013-08-05,1.0000000000,True,1.3278977871,True,1.5287247896,True,0.0101076467,True,1.0761945834,True
2013-08-06,1.0000000000,True,1.3257501125,True,1.5353907347,True,0.0101799818,True,1.0781787452,True
2013-08-07,1.0000000000,True,1.3308136463,True,1.5344954729,True,0.0102766475,True,1.0810810671,True
2013-08-08,1.0000000000,True,1.3340982199,True,1.5496908426,True,0.0103551828,True,1.0853049582,True
2013-08-09,1.0000000000,True,1.3380074501,True,1.5535910130,True,0.0103369860,True,1.0869329114,True
2013-08-10,1.0000000000,True,1.3380074501,False,1.5535910130,False,0.0103369860,False,1.0869329114,False
2013-08-11,1.0000000000,True,1.3380074501,False,1.5535910130,False,0.0103369860,False,1.0869329114,False
2013-08-12,1.0000000000,True,1.3339380026,True,1.5513978004,True,0.0104118947,True,1.0845987091,True
2013-08-13,1.0000000000,True,1.3292922974,True,1.5458101034,True,0.0102880662,True,1.0794822515,True
2013-08-14,1.0000000000,True,1.3265590668,True,1.5450696945,True,0.0101881756,True,1.0722250630,True
2013-08-15,1.0000000000,True,1.3264182806,True,1.5516144037,True,0.0102194111,True,1.0708586954,True
2013-08-16,1.0000000000,True,1.3353987932,True,1.5642108917,True,0.0103034362,True,1.0807071806,True
2013-08-17,1.0000000000,True,1.3353987932,False,1.5642108917,False,0.0103034362,False,1.0807071806,False
2013-08-18,1.0000000000,True,1.3353987932,False,1.5642108917,False,0.0103034362,False,1.0807071806,False
2013-08-19,1.0000000000,True,1.3329067230,True,1.5625000000,True,0.0102388729,True,1.0786322910,True
2013-08-20,1.0000000000,True,1.3333866596,True,1.5648962259,True,0.0102481064,True,1.0820168814,True
2013-08-21,1.0000000000,True,1.3421016932,True,1.5663915873,True,0.0102764364,True,1.0907028289,True
2013-08-22,1.0000000000,True,1.3342940807,True,1.5616704226,True,0.0102239037,True,1.0830715584,True
2013-08-23,1.0000000000,True,1.3355057240,True,1.5597218275,True,0.0101133711,True,1.0827315099,True
2013-08-24,1.0000000000,True,1.3355057240,False,1.5597218275,False,0.0101133711,False,1.0827315099,False
2013-08-25,1.0000000000,True,1.3355057240,False,1.5597218275,False,0.0101133711,False,1.0827315099,False
2013-08-26,1.0000000000,True,1.3386522532,True,1.5580935478,True,0.0101311988,True,1.0857645206,True
2013-08-27,1.0000000000,True,1.3379179239,True,1.5584819317,True,0.0101772880,True,1.0847163769,True
2013-08-28,1.0000000000,True,1.3392080069,True,1.5547988415,True,0.0103207697,True,1.0903936175,True
2013-08-29,1.0000000000,True,1.3334933519,True,1.5527467728,True,0.0102324823,True,1.0838816145,True
2013-08-30,1.0000000000,True,1.3236267567,True,1.5506520271,True,0.0101737680,True,1.0737678693,True
2013-08-31,1.0000000000,True,1.3236267567,False,1.5506520271,False,0.0101737680,False,1.0737678693,False
2013-09-01,1.0000000000,True,1.3236267567,False,1.5506520271,False,0.0101737680,False,1.0737678693,False
2013-09-02,1.0000000000,True,1.3208295107,True,1.5519033670,True,0.0101641508,True,1.0727311568,True
2013-09-03,1.0000000000,True,1.3190002441,True,1.5547021627,True,0.0100431857,True,1.0698619738,True
2013-09-04,1.0000000000,True,1.3174016476,True,1.5563718081,True,0.0100447997,True,1.0681478058,True
2013-09-05,1.0000000000,True,1.3200622797,True,1.5622069836,True,0.0100272745,True,1.0687186072,True
2013-09-06,1.0000000000,True,1.3118367195,True,1.5589923859,True,0.0099884137,True,1.0582458538,True
2013-09-07,1.0000000000,True,1.3118367195,False,1.5589923859,False,0.0099884137,False,1.0582458538,False
2013-09-08,1.0000000000,True,1.3118367195,False,1.5589923859,False,0.0099884137,False,1.0582458538,False
2013-09-09,1.0000000000,True,1.3174188137,True,1.5635994673,True,0.0100023008,True,1.0652917593,True
2013-09-10,1.0000000000,True,1.3258028030,True,1.5697600842,True,0.0100281790,True,1.0723170321,True
2013-09-11,1.0000000000,True,1.3266294003,True,1.5732917786,True,0.0099715806,True,1.0696331321,True
2013-09-12,1.0000000000,True,1.3315579891,True,1.5826040506,True,0.0100170288,True,1.0752803868,True
2013-09-13,1.0000000000,True,1.3298933506,True,1.5804529190,True,0.0100423785,True,1.0743561838,True
2013-09-14,1.0000000000,True,1.3298933506,False,1.5804529190,False,0.0100423785,False,1.0743561838,False
2013-09-15,1.0000000000,True,1.3298933506,False,1.5804529190,False,0.0100423785,False,1.0743561838,False
2013-09-16,1.0000000000,True,1.3359339237,True,1.5936255455,True,0.0100994799,True,1.0809641868,True
2013-09-17,1.0000000000,True,1.3337956667,True,1.5903055668,True,0.0100938731,True,1.0789697692,True
2013-09-18,1.0000000000,True,1.3357912302,True,1.5905078650,True,0.0100879672,True,1.0799136080,True
2013-09-19,1.0000000000,True,1.3523015976,True,1.6133195162,True,0.0101822626,True,1.0960105130,True
2013-09-20,1.0000000000,True,1.3534179926,True,1.6037977934,True,0.0100613744,True,1.0984665664,True
2013-09-21,1.0000000000,True,1.3534179926,False,1.6037977934,False,0.0100613744,False,1.0984665664,False
2013-09-22,1.0000000000,True,1.3534179926,False,1.6037977934,False,0.0100613744,False,1.0984665664,False
2013-09-23,1.0000000000,True,1.3534547091,True,1.6016913652,True,0.0100728265,True,1.0982734934,True
2013-09-24,1.0000000000,True,1.3498920202,True,1.6041579247,True,0.0101276081,True,1.0984544839,True
2013-09-25,1.0000000000,True,1.3471822739,True,1.5995905399,True,0.0101270948,True,1.0948106045,True
2013-09-26,1.0000000000,True,1.3516983986,True,1.6073811054,True,0.0101589884,True,1.0990218589,True
2013-09-27,1.0000000000,True,1.3486176729,True,1.6037464142,True,0.0101107124,True,1.0987803741,True
2013-09-28,1.0000000000,True,1.3486176729,False,1.6037464142,False,0.0101107124,False,1.0987803741,False
2013-09-29,1.0000000000,True,1.3486176729,False,1.6037464142,False,0.0101107124,False,1.0987803741,False
2013-09-30,1.0000000000,True,1.3495459557,True,1.6168932915,True,0.0102221265,True,1.1047282313,True
2013-10-01,1.0000000000,True,1.3525211811,True,1.6186991930,True,0.0101626015,True,1.1046061821,True
2013-10-02,1.0000000000,True,1.3523381948,True,1.6192234755,True,0.0102117923,True,1.1031926551,True
2013-10-03,1.0000000000,True,1.3591018915,True,1.6235610247,True,0.0102774920,True,1.1085368262,True
2013-10-04,1.0000000000,True,1.3624163866,True,1.6156916618,True,0.0102818245,True,1.1125945514,True
2013-10-05,1.0000000000,True,1.3624163866,False,1.6156916618,False,0.0102818245,False,1.1125945514,False
2013-10-06,1.0000000000,True,1.3624163866,False,1.6156916618,False,0.0102818245,False,1.1125945514,False
2013-10-07,1.0000000000,True,1.3569993973,True,1.6035920382,True,0.0102785486,True,1.1046061821,True
2013-10-08,1.0000000000,True,1.3569993973,False,1.6035920382,False,0.0102785486,False,1.1046061821,False
2013-10-09,1.0000000000,True,1.3598041534,True,1.6120971441,True,0.0103198108,True,1.1086965975,True
2013-10-10,1.0000000000,True,1.3520274162,True,1.5955070257,True,0.0102586202,True,1.0982373312,True
2013-10-11,1.0000000000,True,1.3526674509,True,1.5980057716,True,0.0101848554,True,1.0979238336,True
2013-10-12,1.0000000000,True,1.3526674509,False,1.5980057716,False,0.0101848554,False,1.0979238336,False
2013-10-13,1.0000000000,True,1.3526674509,False,1.5980057716,False,0.0101848554,False,1.0979238336,False
2013-10-14,1.0000000000,True,1.3556748629,True,1.5971124172,True,0.0101714910,True,1.0990701686,True
2013-10-15,1.0000000000,True,1.3558586836,True,1.5971889496,True,0.0101368473,True,1.0974900333,True
2013-10-16,1.0000000000,True,1.3521736860,True,1.5984655619,True,0.0101477514,True,1.0948825521,True
2013-10-17,1.0000000000,True,1.3522467613,True,1.5943877697,True,0.0101071354,True,1.0938525392,True
2013-10-18,1.0000000000,True,1.3666989803,True,1.6149349213,True,0.0102051232,True,1.1072970710,True
2013-10-19,1.0000000000,True,1.3666989803,False,1.6149349213,False,0.0102051232,False,1.1072970710,False
2013-10-20,1.0000000000,True,1.3666989803,False,1.6149349213,False,0.0102051232,False,1.1072970710,False
2013-10-21,1.0000000000,True,1.3681949377,True,1.6172070503,True,0.0102116881,True,1.1084631462,True
2013-10-22,1.0000000000,True,1.3675961494,True,1.6135278940,True,0.0101839216,True,1.1082788427,True
2013-10-23,1.0000000000,True,1.3778469563,True,1.6232712269,True,0.0101902517,True,1.1173184596,True
2013-10-24,1.0000000000,True,1.3780938387,True,1.6163706779,True,0.0102648329,True,1.1206490744,True
2013-10-25,1.0000000000,True,1.3803955317,True,1.6200890541,True,0.0102685216,True,1.1208249358,True
2013-10-26,1.0000000000,True,1.3803955317,False,1.6200890541,False,0.0102685216,False,1.1208249358,False
2013-10-27,1.0000000000,True,1.3803955317,False,1.6200890541,False,0.0102685216,False,1.1208249358,False
2013-10-28,1.0000000000,True,1.3805290461,True,1.6173901558,True,0.0102490520,True,1.1204482002,True
2013-10-29,1.0000000000,True,1.3789299726,True,1.6141790152,True,0.0102438022,True,1.1165449777,True
2013-10-30,1.0000000000,True,1.3743060827,True,1.6048272848,True,0.0101839216,True,1.1117658527,True
2013-10-31,1.0000000000,True,1.3724011183,True,1.6026154757,True,0.0101515624,True,1.1108025331,True
2013-11-01,1.0000000000,True,1.3579760790,True,1.6044667959,True,0.0101707673,True,1.1019769779,True
2013-11-02,1.0000000000,True,1.3579760790,False,1.6044667959,False,0.0101707673,False,1.1019769779,False
2013-11-03,1.0000000000,True,1.3579760790,False,1.6044667959,False,0.0101707673,False,1.1019769779,False
2013-11-04,1.0000000000,True,1.3494002819,True,1.5923820734,True,0.0101325334,True,1.0960105130,True
2013-11-05,1.0000000000,True,1.3516983986,True,1.5972399712,True,0.0101392115,True,1.0992635219,True
2013-11-06,1.0000000000,True,1.3473094702,True,1.6048015356,True,0.0101568212,True,1.0946907367,True
2013-11-07,1.0000000000,True,1.3518079519,True,1.6085445881,True,0.0101368473,True,1.0966716311,True
2013-11-08,1.0000000000,True,1.3409138918,True,1.6088809967,True,0.0101863078,True,1.0909526937,True
2013-11-09,1.0000000000,True,1.3409138918,False,1.6088809967,False,0.0101863078,False,1.0909526937,False
2013-11-10,1.0000000000,True,1.3409138918,False,1.6088809967,False,0.0101863078,False,1.0909526937,False
2013-11-11,1.0000000000,True,1.3347926140,True,1.6004866362,True,0.0100807470,True,1.0835762581,True
2013-11-12,1.0000000000,True,1.3409318924,True,1.5986955166,True,0.0100869495,True,1.0876658966,True
2013-11-13,1.0000000000,True,1.3439956903,True,1.5890924931,True,0.0100384476,True,1.0902390775,True
2013-11-14,1.0000000000,True,1.3489633799,True,1.6049045324,True,0.0100788161,True,1.0946907367,True
2013-11-15,1.0000000000,True,1.3448994160,True,1.6058067083,True,0.0099760577,True,1.0895145076,True
2013-11-16,1.0000000000,True,1.3448994160,False,1.6058067083,False,0.0099760577,False,1.0895145076,False
2013-11-17,1.0000000000,True,1.3448994160,False,1.6058067083,False,0.0099760577,False,1.0895145076,False
2013-11-18,1.0000000000,True,1.3483994007,True,1.6113957167,True,0.0099647252,True,1.0923947528,True
2013-11-19,1.0000000000,True,1.3504389524,True,1.6115256548,True,0.0100137189,True,1.0955302198,True
2013-11-20,1.0000000000,True,1.3567416668,True,1.6138923168,True,0.0099819327,True,1.1004973985,True
2013-11-21,1.0000000000,True,1.3433817625,True,1.6100207567,True,0.0099793427,True,1.0906671635,True
2013-11-22,1.0000000000,True,1.3471822739,True,1.6186991930,True,0.0098698171,True,1.0940919340,True
2013-11-23,1.0000000000,True,1.3471822739,False,1.6186991930,False,0.0098698171,False,1.0940919340,False
2013-11-24,1.0000000000,True,1.3471822739,False,1.6186991930,False,0.0098698171,False,1.0940919340,False
2013-11-25,1.0000000000,True,1.3552339077,True,1.6231131554,True,0.0098726428,True,1.1025966187,True
2013-11-26,1.0000000000,True,1.3527590036,True,1.6167103052,True,0.0098667984,True,1.0979841187,True
2013-11-27,1.0000000000,True,1.3567785025,True,1.6209820509,True,0.0098781041,True,1.1027182243,True
2013-11-28,1.0000000000,True,1.3573677540,True,1.6282932758,True,0.0097837786,True,1.1010063345,True
2013-11-29,1.0000000000,True,1.3603961468,True,1.6340937614,True,0.0097759356,True,1.1038868001,True
2013-11-30,1.0000000000,True,1.3603961468,False,1.6340937614,False,0.0097759356,False,1.1038868001,False
2013-12-01,1.0000000000,True,1.3603961468,False,1.6340937614,False,0.0097759356,False,1.1038868001,False
2013-12-02,1.0000000000,True,1.3585110903,True,1.6377869844,True,0.0097588585,True,1.1032900136,True
2013-12-03,1.0000000000,True,1.3542062044,True,1.6359918118,True,0.0097150575,True,1.1005095260,True
2013-12-04,1.0000000000,True,1.3590649366,True,1.6388875246,True,0.0097703004,True,1.1059499897,True
2013-12-05,1.0000000000,True,1.3586403131,True,1.6378138065,True,0.0097652436,True,1.1081314879,True
2013-12-06,1.0000000000,True,1.3669979572,True,1.6333998442,True,0.0098287829,True,1.1153245495,True
2013-12-07,1.0000000000,True,1.3669979572,False,1.6333998442,False,0.0098287829,False,1.1153245495,False
2013-12-08,1.0000000000,True,1.3669979572,False,1.6333998442,False,0.0098287829,False,1.1153245495,False
2013-12-09,1.0000000000,True,1.3706516027,True,1.6328929663,True,0.0096964059,True,1.1208123564,True
2013-12-10,1.0000000000,True,1.3740227222,True,1.6425215006,True,0.0096837295,True,1.1235323934,True
2013-12-11,1.0000000000,True,1.3764436245,True,1.6455758810,True,0.0097278160,True,1.1273956850,True
2013-12-12,1.0000000000,True,1.3786067963,True,1.6376261711,True,0.0097553359,True,1.1277771836,True
2013-12-13,1.0000000000,True,1.3750807047,True,1.6339869499,True,0.0096581031,True,1.1244293730,True
2013-12-14,1.0000000000,True,1.3750807047,False,1.6339869499,False,0.0096581031,False,1.1244293730,False
2013-12-15,1.0000000000,True,1.3750807047,False,1.6339869499,False,0.0096581031,False,1.1244293730,False
2013-12-16,1.0000000000,True,1.3739283085,True,1.6304968596,True,0.0096833546,True,1.1241007461,True
2013-12-17,1.0000000000,True,1.3762919903,True,1.6299653053,True,0.0097061935,True,1.1272686519,True
2013-12-18,1.0000000000,True,1.3771259785,True,1.6277896166,True,0.0097443093,True,1.1302499830,True
2013-12-19,1.0000000000,True,1.3684945107,True,1.6386995316,True,0.0095957321,True,1.1181804997,True
2013-12-20,1.0000000000,True,1.3655791283,True,1.6364737749,True,0.0095899343,True,1.1132138582,True
2013-12-21,1.0000000000,True,1.3655791283,False,1.6364737749,False,0.0095899343,False,1.1132138582,False
2013-12-22,1.0000000000,True,1.3655791283,False,1.6364737749,False,0.0095899343,False,1.1132138582,False
2013-12-23,1.0000000000,True,1.3678393364,True,1.6331596375,True,0.0096126119,True,1.1168816921,True
2013-12-24,1.0000000000,True,1.3699944019,True,1.6350288391,True,0.0095991397,True,1.1191565896,True
2013-12-25,1.0000000000,True,1.3681949377,True,1.6370898485,True,0.0095877274,True,1.1166820918,True
2013-12-26,1.0000000000,True,1.3668484688,True,1.6354032755,True,0.0095671806,True,1.1156978468,True
2013-12-27,1.0000000000,True,1.3696191311,True,1.6416318417,True,0.0095347974,True,1.1158846263,True
2013-12-28,1.0000000000,True,1.3696191311,False,1.6416318417,False,0.0095347974,False,1.1158846263,False
2013-12-29,1.0000000000,True,1.3696191311,False,1.6416318417,False,0.0095347974,False,1.1158846263,False
2013-12-30,1.0000000000,True,1.3750240803,True,1.6482338905,True,0.0094948728,True,1.1218308536,True
2013-12-31,1.0000000000,True,1.3810056448,True,1.6495118141,True,0.0095297999,True,1.1271415716,True
2014-01-01,1.0000000000,True,1.3744947910,True,1.6563969851,True,0.0094966759,True,1.1202096996,True
2014-01-02,1.0000000000,True,1.3766709566,True,1.6580722332,True,0.0094945124,True,1.1217049964,True
2014-01-03,1.0000000000,True,1.3666616678,True,1.6447908878,True,0.0095389810,True,1.1121738546,True
2014-01-04,1.0000000000,True,1.3666616678,False,1.6447908878,False,0.0095389810,False,1.1121738546,False
2014-01-05,1.0000000000,True,1.3666616678,False,1.6447908878,False,0.0095389810,False,1.1121738546,False
2014-01-06,1.0000000000,True,1.3596007824,True,1.6413085461,True,0.0095317978,True,1.1049357332,True
2014-01-07,1.0000000000,True,1.3631964922,True,1.6417936087,True,0.0095960081,True,1.1064884287,True
2014-01-08,1.0000000000,True,1.3616372347,True,1.6400164366,True,0.0095500040,True,1.0997228737,True
2014-01-09,1.0000000000,True,1.3572019339,True,1.6447098255,True,0.0095379801,True,1.0970927319,True
2014-01-10,1.0000000000,True,1.3607108593,True,1.6479079723,True,0.0095392539,True,1.1027425051,True
2014-01-11,1.0000000000,True,1.3607108593,False,1.6479079723,False,0.0095392539,False,1.1027425051,False
2014-01-12,1.0000000000,True,1.3607108593,False,1.6479079723,False,0.0095392539,False,1.1027425051,False
2014-01-13,1.0000000000,True,1.3671848774,True,1.6494300365,True,0.0096201024,True,1.1086474378,True
2014-01-14,1.0000000000,True,1.3669979572,True,1.6389949322,True,0.0096978163,True,1.1120996166,True
2014-01-15,1.0000000000,True,1.3668484688,True,1.6434123516,True,0.0095988634,True,1.1074197156,True
2014-01-16,1.0000000000,True,1.3599336147,True,1.6361792088,True,0.0095628808,True,1.0998680005,True
2014-01-17,1.0000000000,True,1.3618041277,True,1.6352963448,True,0.0095881875,True,1.1052410889,True
2014-01-18,1.0000000000,True,1.3618041277,False,1.6352963448,False,0.0095881875,False,1.1052410889,False
2014-01-19,1.0000000000,True,1.3618041277,False,1.6352963448,False,0.0095881875,False,1.1052410889,False
2014-01-20,1.0000000000,True,1.3527590036,True,1.6417936087,True,0.0095934305,True,1.0972130546,True
2014-01-21,1.0000000000,True,1.3549033403,True,1.6424136162,True,0.0095946271,True,1.0978635551,True
2014-01-22,1.0000000000,True,1.3559137583,True,1.6475278139,True,0.0095948112,True,1.0985389234,True
2014-01-23,1.0000000000,True,1.3542244434,True,1.6562050581,True,0.0095570314,True,1.0962267859,True
2014-01-24,1.0000000000,True,1.3689066172,True,1.6634783745,True,0.0096739864,True,1.1135609091,True
2014-01-25,1.0000000000,True,1.3689066172,False,1.6634783745,False,0.0096739864,False,1.1135609091,False
2014-01-26,1.0000000000,True,1.3689066172,False,1.6634783745,False,0.0096739864,False,1.1135609091,False
2014-01-27,1.0000000000,True,1.3687942028,True,1.6490492821,True,0.0097991178,True,1.1188185023,True
2014-01-28,1.0000000000,True,1.3674652576,True,1.6574951410,True,0.0097407971,True,1.1155858240,True
2014-01-29,1.0000000000,True,1.3655046225,True,1.6570007801,True,0.0096870124,True,1.1116174956,True
2014-01-30,1.0000000000,True,1.3658590317,True,1.6559032202,True,0.0097751708,True,1.1173184596,True
2014-01-31,1.0000000000,True,1.3558770418,True,1.6498383284,True,0.0097316021,True,1.1080700834,True
2014-02-01,1.0000000000,True,1.3558770418,False,1.6498383284,False,0.0097316021,False,1.1080700834,False
2014-02-02,1.0000000000,True,1.3558770418,False,1.6498383284,False,0.0097316021,False,1.1080700834,False
2014-02-03,1.0000000000,True,1.3488178253,True,1.6437906027,True,0.0097855017,True,1.1031560957,True
2014-02-04,1.0000000000,True,1.3525028229,True,1.6308956146,True,0.0098870896,True,1.1094469144,True
2014-02-05,1.0000000000,True,1.3515887260,True,1.6330530643,True,0.0098339050,True,1.1063170371,True
2014-02-06,1.0000000000,True,1.3535096645,True,1.6327064037,True,0.0098555178,True,1.1063170371,True
2014-02-07,1.0000000000,True,1.3592127562,True,1.6322000027,True,0.0098001743,True,1.1102722319,True
2014-02-08,1.0000000000,True,1.3592127562,False,1.6322000027,False,0.0098001743,False,1.1102722319,False
2014-02-09,1.0000000000,True,1.3592127562,False,1.6322000027,False,0.0098001743,False,1.1102722319,False
2014-02-10,1.0000000000,True,1.3619339466,True,1.6410391331,True,0.0097538135,True,1.1125945514,True
2014-02-11,1.0000000000,True,1.3646101952,True,1.6408774853,True,0.0097911544,True,1.1153245495,True
2014-02-12,1.0000000000,True,1.3639029264,True,1.6448721886,True,0.0097541946,True,1.1133378171,True
2014-02-13,1.0000000000,True,1.3590095043,True,1.6609915495,True,0.0097590489,True,1.1102845758,True
2014-02-14,1.0000000000,True,1.3678767681,True,1.6657227278,True,0.0097858845,True,1.1193194369,True
2014-02-15,1.0000000000,True,1.3678767681,False,1.6657227278,False,0.0097858845,False,1.1193194369,False
2014-02-16,1.0000000000,True,1.3678767681,False,1.6657227278,False,0.0097858845,False,1.1193194369,False
2014-02-17,1.0000000000,True,1.3699944019,True,1.6761368513,True,0.0098460081,True,1.1214533667,True
2014-02-18,1.0000000000,True,1.3704450130,True,1.6719892025,True,0.0097979663,True,1.1214533667,True
2014-02-19,1.0000000000,True,1.3761973381,True,1.6686133146,True,0.0097721142,True,1.1263163993,True
2014-02-20,1.0000000000,True,1.3730417490,True,1.6675838232,True,0.0097741204,True,1.1250872037,True
2014-02-21,1.0000000000,True,1.3721185923,True,1.6661669016,True,0.0097740249,True,1.1244672807,True
2014-02-22,1.0000000000,True,1.3721185923,False,1.6661669016,False,0.0097740249,False,1.1244672807,False
2014-02-23,1.0000000000,True,1.3721185923,False,1.6661669016,False,0.0097740249,False,1.1244672807,False
2014-02-24,1.0000000000,True,1.3737962246,True,1.6633399725,True,0.0097548603,True,1.1270145201,True
2014-02-25,1.0000000000,True,1.3736075163,True,1.6656949520,True,0.0097578109,True,1.1252011430,True
2014-02-26,1.0000000000,True,1.3746082783,True,1.6677229404,True,0.0097895251,True,1.1273956850,True
2014-02-27,1.0000000000,True,1.3681949377,True,1.6668334007,True,0.0097752663,True,1.1228385035,True
2014-02-28,1.0000000000,True,1.3707455397,True,1.6691983938,True,0.0097933600,True,1.1257458045,True
2014-03-01,1.0000000000,True,1.3707455397,False,1.6691983938,False,0.0097933600,False,1.1257458045,False
2014-03-02,1.0000000000,True,1.3707455397,False,1.6691983938,False,0.0097933600,False,1.1257458045,False
2014-03-03,1.0000000000,True,1.3776950836,True,1.6729121208,True,0.0098711811,True,1.1368804151,True
2014-03-04,1.0000000000,True,1.3737018108,True,1.6668334007,True,0.0098607657,True,1.1327721962,True
2014-03-05,1.0000000000,True,1.3741171360,True,1.6666944027,True,0.0097868424,True,1.1270145201,True
2014-03-06,1.0000000000,True,1.3734188080,True,1.6719053984,True,0.0097687734,True,1.1269891586,True
2014-03-07,1.0000000000,True,1.3863087893,True,1.6741725206,True,0.0097057227,True,1.1361053939,True
2014-03-08,1.0000000000,True,1.3863087893,False,1.6741725206,False,0.0097057227,False,1.1361053939,False
2014-03-09,1.0000000000,True,1.3863087893,False,1.6741725206,False,0.0097057227,False,1.1361053939,False
2014-03-10,1.0000000000,True,1.3878673315,True,1.6731082201,True,0.0096908613,True,1.1394712669,True
2014-03-11,1.0000000000,True,1.3878865242,True,1.6640042067,True,0.0096865434,True,1.1395231982,True
2014-03-12,1.0000000000,True,1.3858093023,True,1.6620682478,True,0.0097238432,True,1.1397310481,True
2014-03-13,1.0000000000,True,1.3904531002,True,1.6621235609,True,0.0097292357,True,1.1440207971,True
2014-03-14,1.0000000000,True,1.3865394592,True,1.6625105143,True,0.0098251131,True,1.1430792170,True
2014-03-15,1.0000000000,True,1.3865394592,False,1.6625105143,False,0.0098251131,False,1.1430792170,False
2014-03-16,1.0000000000,True,1.3865394592,False,1.6625105143,False,0.0098251131,False,1.1430792170,False
2014-03-17,1.0000000000,True,1.3913043737,True,1.6642534733,True,0.0098687455,True,1.1464602769,True
2014-03-18,1.0000000000,True,1.3926606178,True,1.6639212370,True,0.0098174927,True,1.1450818525,True
2014-03-19,1.0000000000,True,1.3930875063,True,1.6598061323,True,0.0098580439,True,1.1452392770,True
2014-03-20,1.0000000000,True,1.3819216490,True,1.6539040804,True,0.0097591441,True,1.1341726477,True
2014-03-21,1.0000000000,True,1.3782078028,True,1.6508733034,True,0.0097649577,True,1.1322463899,True
2014-03-22,1.0000000000,True,1.3782078028,False,1.6508733034,False,0.0097649577,False,1.1322463899,False
2014-03-23,1.0000000000,True,1.3782078028,False,1.6508733034,False,0.0097649577,False,1.1322463899,False
2014-03-24,1.0000000000,True,1.3795576096,True,1.6490222216,True,0.0097808123,True,1.1335940672,True
2014-03-25,1.0000000000,True,1.3838915825,True,1.6498383284,True,0.0097840656,True,1.1356151524,True
2014-03-26,1.0000000000,True,1.3819025755,True,1.6533024311,True,0.0097766042,True,1.1323617839,True
2014-03-27,1.0000000000,True,1.3782078028,True,1.6576874256,True,0.0098132538,True,1.1297392193,True
2014-03-28,1.0000000000,True,1.3741360903,True,1.6607985497,True,0.0097898124,True,1.1279679539,True
2014-03-29,1.0000000000,True,1.3741360903,False,1.6607985497,False,0.0097898124,False,1.1279679539,False
2014-03-30,1.0000000000,True,1.3741360903,False,1.6607985497,False,0.0097898124,False,1.1279679539,False
2014-03-31,1.0000000000,True,1.3752131462,True,1.6643919945,True,0.0097192120,True,1.1276499887,True
2014-04-01,1.0000000000,True,1.3775053024,True,1.6666389704,True,0.0096886084,True,1.1309658744,True
2014-04-02,1.0000000000,True,1.3794815540,True,1.6633123159,True,0.0096494357,True,1.1321822838,True
2014-04-03,1.0000000000,True,1.3768225908,True,1.6627315283,True,0.0096276973,True,1.1280188420,True
2014-04-04,1.0000000000,True,1.3723821640,True,1.6598887444,True,0.0096250093,True,1.1227124952,True
2014-04-05,1.0000000000,True,1.3723821640,False,1.6598887444,False,0.0096250093,False,1.1227124952,False
2014-04-06,1.0000000000,True,1.3723821640,False,1.6598887444,False,0.0096250093,False,1.1227124952,False
2014-04-07,1.0000000000,True,1.3704074621,True,1.6579074860,True,0.0096786682,True,1.1215791674,True
2014-04-08,1.0000000000,True,1.3743060827,True,1.6610468626,True,0.0097022383,True,1.1265828497,True
2014-04-09,1.0000000000,True,1.3793293238,True,1.6750137806,True,0.0098082486,True,1.1315416981,True
2014-04-10,1.0000000000,True,1.3855021000,True,1.6799945831,True,0.0097936476,True,1.1365056677,True
2014-04-11,1.0000000000,True,1.3886381388,True,1.6777397394,True,0.0098638787,True,1.1415525282,True
2014-04-12,1.0000000000,True,1.3886381388,False,1.6777397394,False,0.0098638787,False,1.1415525282,False
2014-04-13,1.0000000000,True,1.3886381388,False,1.6777397394,False,0.0098638787,False,1.1415525282,False
2014-04-14,1.0000000000,True,1.3846195936,True,1.6729681492,True,0.0098578497,True,1.1403808648,True
2014-04-15,1.0000000000,True,1.3817117214,True,1.6729121208,True,0.0098131575,True,1.1361053939,True
2014-04-16,1.0000000000,True,1.3811963797,True,1.6725484133,True,0.0098157583,True,1.1359118614,True
2014-04-17,1.0000000000,True,1.3827050924,True,1.6805875301,True,0.0097846404,True,1.1345843740,True
2014-04-18,1.0000000000,True,1.3812155724,True,1.6786692142,True,0.0097615258,True,1.1326695652,True
2014-04-19,1.0000000000,True,1.3812155724,False,1.6786692142,False,0.0097615258,False,1.1326695652,False
2014-04-20,1.0000000000,True,1.3812155724,False,1.6786692142,False,0.0097615258,False,1.1326695652,False
2014-04-21,1.0000000000,True,1.3815207481,True,1.6791765690,True,0.0097503902,True,1.1323746239,True
2014-04-22,1.0000000000,True,1.3795006275,True,1.6792893410,True,0.0097399437,True,1.1296754728,True
2014-04-23,1.0000000000,True,1.3810056448,True,1.6826801300,True,0.0097445940,True,1.1302372673,True
2014-04-24,1.0000000000,True,1.3819216490,True,1.6785000563,True,0.0097580012,True,1.1319131785,True
2014-04-25,1.0000000000,True,1.3832024336,True,1.6809546947,True,0.0097749798,True,1.1342884347,True
2014-04-26,1.0000000000,True,1.3832024336,False,1.6809546947,False,0.0097749798,False,1.1342884347,False
2014-04-27,1.0000000000,True,1.3832024336,False,1.6809546947,False,0.0097749798,False,1.1342884347,False
2014-04-28,1.0000000000,True,1.3840639591,True,1.6805592775,True,0.0097938394,True,1.1354604393,True
2014-04-29,1.0000000000,True,1.3852909803,True,1.6810113192,True,0.0097545750,True,1.1361053939,True
2014-04-30,1.0000000000,True,1.3813681602,True,1.6824253798,True,0.0097500095,True,1.1322463899,True
2014-05-01,1.0000000000,True,1.3869241476,True,1.6876497269,True,0.0097828212,True,1.1363636425,True
2014-05-02,1.0000000000,True,1.3870972395,True,1.6895315647,True,0.0097784211,True,1.1375011475,True
2014-05-03,1.0000000000,True,1.3870972395,False,1.6895315647,False,0.0097784211,False,1.1375011475,False
2014-05-04,1.0000000000,True,1.3870972395,False,1.6895315647,False,0.0097784211,False,1.1375011475,False
2014-05-05,1.0000000000,True,1.3872704506,True,1.6879061460,True,0.0097847361,True,1.1394712669,True
2014-05-06,1.0000000000,True,1.3875976801,True,1.6869950294,True,0.0097904837,True,1.1393414980,True
2014-05-07,1.0000000000,True,1.3930680752,True,1.6976776123,True,0.0098335185,True,1.1440338248,True
2014-05-08,1.0000000000,True,1.3911689520,True,1.6955475807,True,0.0098162398,True,1.1413831478,True
2014-05-09,1.0000000000,True,1.3844279051,True,1.6935373545,True,0.0098431976,True,1.1366219316,True
2014-05-10,1.0000000000,True,1.3844279051,False,1.6935373545,False,0.0098431976,False,1.1366219316,False
2014-05-11,1.0000000000,True,1.3844279051,False,1.6935373545,False,0.0098431976,False,1.1366219316,False
2014-05-12,1.0000000000,True,1.3760646582,True,1.6860277653,True,0.0098135425,True,1.1279043314,True
2014-05-13,1.0000000000,True,1.3756672144,True,1.6873650551,True,0.0097861724,True,1.1265701407,True
2014-05-14,1.0000000000,True,1.3709522486,True,1.6834166050,True,0.0097816728,True,1.1241007461,True
2014-05-15,1.0000000000,True,1.3720055819,True,1.6770081520,True,0.0098217353,True,1.1243788083,True
2014-05-16,1.0000000000,True,1.3716480732,True,1.6795432568,True,0.0098523138,True,1.1229646152,True
2014-05-17,1.0000000000,True,1.3716480732,False,1.6795432568,False,0.0098523138,False,1.1229646152,False
2014-05-18,1.0000000000,True,1.3716480732,False,1.6795432568,False,0.0098523138,False,1.1229646152,False
2014-05-19,1.0000000000,True,1.3703323603,True,1.6824253798,True,0.0098481417,True,1.1211264767,True
2014-05-20,1.0000000000,True,1.3713847399,True,1.6816897392,True,0.0098522167,True,1.1210385292,True
2014-05-21,1.0000000000,True,1.3704074621,True,1.6837284565,True,0.0098753727,True,1.1215414542,True
2014-05-22,1.0000000000,True,1.3681762218,True,1.6897029877,True,0.0098599883,True,1.1194447593,True
2014-05-23,1.0000000000,True,1.3654487133,True,1.6867388487,True,0.0098265613,True,1.1180429429,True
2014-05-24,1.0000000000,True,1.3654487133,False,1.6867388487,False,0.0098265613,False,1.1180429429,False
2014-05-25,1.0000000000,True,1.3654487133,False,1.6867388487,False,0.0098265613,False,1.1180429429,False
2014-05-26,1.0000000000,True,1.3628805876,True,1.6834166050,True,0.0098075756,True,1.1165948402,True
2014-05-27,1.0000000000,True,1.3651318550,True,1.6843807697,True,0.0098141208,True,1.1177430582,True
2014-05-28,1.0000000000,True,1.3636983633,True,1.6812090874,True,0.0098061330,True,1.1155734361,True
2014-05-29,1.0000000000,True,1.3593420982,True,1.6715978384,True,0.0098299417,True,1.1134121465,True
2014-05-30,1.0000000000,True,1.3604515791,True,1.6724364758,True,0.0098309083,True,1.1137097855,True
2014-05-31,1.0000000000,True,1.3604515791,False,1.6724364758,False,0.0098309083,False,1.1137097855,False
2014-06-01,1.0000000000,True,1.3604515791,False,1.6724364758,False,0.0098309083,False,1.1137097855,False
2014-06-02,1.0000000000,True,1.3628062010,True,1.6756594181,True,0.0098158546,True,1.1167070658,True
2014-06-03,1.0000000000,True,1.3598966599,True,1.6745930910,True,0.0097637182,True,1.1129288870,True
2014-06-04,1.0000000000,True,1.3621008396,True,1.6741166115,True,0.0097522917,True,1.1152001478,True
2014-06-05,1.0000000000,True,1.3604146242,True,1.6740043163,True,0.0097389001,True,1.1150758480,True
2014-06-06,1.0000000000,True,1.3661948442,True,1.6810113192,True,0.0097634324,True,1.1214408481,True
2014-06-07,1.0000000000,True,1.3661948442,False,1.6810113192,False,0.0097634324,False,1.1214408481,False
2014-06-08,1.0000000000,True,1.3661948442,False,1.6810113192,False,0.0097634324,False,1.1214408481,False
2014-06-09,1.0000000000,True,1.3642936945,True,1.6801921129,True,0.0097580012,True,1.1195825867,True
2014-06-10,1.0000000000,True,1.3592681885,True,1.6803898811,True,0.0097580012,True,1.1148147383,True
2014-06-11,1.0000000000,True,1.3540961742,True,1.6753225327,True,0.0097738332,True,1.1117905336,True
2014-06-12,1.0000000000,True,1.3537112474,True,1.6789791584,True,0.0098039216,True,1.1117287229,True
2014-06-13,1.0000000000,True,1.3554543257,True,1.6958925724,True,0.0098328420,True,1.1135857437,True
2014-06-14,1.0000000000,True,1.3554543257,False,1.6958925724,False,0.0098328420,False,1.1135857437,False
2014-06-15,1.0000000000,True,1.3554543257,False,1.6958925724,False,0.0098328420,False,1.1135857437,False
2014-06-16,1.0000000000,True,1.3538029194,True,1.6977928877,True,0.0098070942,True,1.1108642409,True
2014-06-17,1.0000000000,True,1.3577179909,True,1.6978504658,True,0.0098164324,True,1.1148271834,True
2014-06-18,1.0000000000,True,1.3547931910,True,1.6959787607,True,0.0097872254,True,1.1122233275,True
2014-06-19,1.0000000000,True,1.3590649366,True,1.6998707056,True,0.0098145059,True,1.1159469000,True
2014-06-20,1.0000000000,True,1.3611367941,True,1.7040129900,True,0.0098106543,True,1.1188185023,True
2014-06-21,1.0000000000,True,1.3611367941,False,1.7040129900,False,0.0098106543,False,1.1188185023,False
2014-06-22,1.0000000000,True,1.3611367941,False,1.7040129900,False,0.0098106543,False,1.1188185023,False
2014-06-23,1.0000000000,True,1.3593051434,True,1.7022724152,True,0.0097975818,True,1.1166571933,True
2014-06-24,1.0000000000,True,1.3601926565,True,1.7025332451,True,0.0098164324,True,1.1180679778,True
2014-06-25,1.0000000000,True,1.3605812788,True,1.6980524063,True,0.0098125794,True,1.1188561072,True
2014-06-26,1.0000000000,True,1.3628991842,True,1.6986002922,True,0.0098231824,True,1.1201971340,True
2014-06-27,1.0000000000,True,1.3613035679,True,1.7025332451,True,0.0098389365,True,1.1192944206,True
2014-06-28,1.0000000000,True,1.3613035679,False,1.7025332451,False,0.0098389365,False,1.1192944206,False
2014-06-29,1.0000000000,True,1.3613035679,False,1.7025332451,False,0.0098389365,False,1.1192944206,False
2014-06-30,1.0000000000,True,1.3644425869,True,1.7034034729,True,0.0098577526,True,1.1223344899,True
2014-07-01,1.0000000000,True,1.3693565130,True,1.7109810114,True,0.0098726428,True,1.1277389767,True
2014-07-02,1.0000000000,True,1.3680826426,True,1.7148540020,True,0.0098483355,True,1.1267859297,True
2014-07-03,1.0000000000,True,1.3652995825,True,1.7160900831,True,0.0098202885,True,1.1246190123,True
2014-07-04,1.0000000000,True,1.3610072136,True,1.7152658701,True,0.0097866510,True,1.1194823317,True
2014-07-05,1.0000000000,True,1.3610072136,False,1.7152658701,False,0.0097866510,False,1.1194823317,False
2014-07-06,1.0000000000,True,1.3610072136,False,1.7152658701,False,0.0097866510,False,1.1194823317,False
2014-07-07,1.0000000000,True,1.3588433266,True,1.7151482105,True,0.0097933600,True,1.1175681625,True
2014-07-08,1.0000000000,True,1.3606182337,True,1.7134436369,True,0.0098231824,True,1.1195701098,True
2014-07-09,1.0000000000,True,1.3617113829,True,1.7140311003,True,0.0098561010,True,1.1204482002,True
2014-07-10,1.0000000000,True,1.3642936945,True,1.7158545256,True,0.0098488202,True,1.1226494641,True
2014-07-11,1.0000000000,True,1.3605072498,True,1.7130914927,True,0.0098733255,True,1.1203352215,True
2014-07-12,1.0000000000,True,1.3605072498,False,1.7130914927,False,0.0098733255,False,1.1203352215,False
2014-07-13,1.0000000000,True,1.3605072498,False,1.7130914927,False,0.0098733255,False,1.1203352215,False
2014-07-14,1.0000000000,True,1.3603775501,True,1.7122994661,True,0.0098648513,True,1.1204356293,True
2014-07-15,1.0000000000,True,1.3621751070,True,1.7087882757,True,0.0098502761,True,1.1215791674,True
2014-07-16,1.0000000000,True,1.3572019339,True,1.7143837214,True,0.0098367102,True,1.1167569428,True
2014-07-17,1.0000000000,True,1.3529969454,True,1.7139723301,True,0.0098396146,True,1.1136105794,True
2014-07-18,1.0000000000,True,1.3518811464,True,1.7095186710,True,0.0098784942,True,1.1138214318,True
2014-07-19,1.0000000000,True,1.3518811464,False,1.7095186710,False,0.0098784942,False,1.1138214318,False
2014-07-20,1.0000000000,True,1.3518811464,False,1.7095186710,False,0.0098784942,False,1.1138214318,False
2014-07-21,1.0000000000,True,1.3532166481,True,1.7091095448,True,0.0098677722,True,1.1137469738,True
2014-07-22,1.0000000000,True,1.3527040482,True,1.7073588371,True,0.0098619328,True,1.1137097855,True
2014-07-23,1.0000000000,True,1.3468012810,True,1.7065428495,True,0.0098551295,True,1.1084999850,True
2014-07-24,1.0000000000,True,1.3462935686,True,1.7041000128,True,0.0098502761,True,1.1085245211,True
2014-07-25,1.0000000000,True,1.3464748859,True,1.6991776228,True,0.0098270438,True,1.1080209793,True
2014-07-26,1.0000000000,True,1.3464748859,False,1.6991776228,False,0.0098270438,False,1.1080209793,False
2014-07-27,1.0000000000,True,1.3464748859,False,1.6991776228,False,0.0098270438,False,1.1080209793,False
2014-07-28,1.0000000000,True,1.3428946733,True,1.6981965303,True,0.0098281064,True,1.1052899470,True
2014-07-29,1.0000000000,True,1.3439054489,True,1.6984561682,True,0.0098222181,True,1.1061824564,True
2014-07-30,1.0000000000,True,1.3411117792,True,1.6947429180,True,0.0097966225,True,1.1027668595,True
2014-07-31,1.0000000000,True,1.3396027088,True,1.6910173893,True,0.0097238432,True,1.1004732164,True
2014-08-01,1.0000000000,True,1.3389928341,True,1.6891605854,True,0.0097301818,True,1.1007154460,True
2014-08-02,1.0000000000,True,1.3389928341,False,1.6891605854,False,0.0097301818,False,1.1007154460,False
2014-08-03,1.0000000000,True,1.3389928341,False,1.6891605854,False,0.0097301818,False,1.1007154460,False
2014-08-04,1.0000000000,True,1.3428946733,True,1.6829917431,True,0.0097501045,True,1.1036918171,True
2014-08-05,1.0000000000,True,1.3422098160,True,1.6867672205,True,0.0097521016,True,1.1030466497,True
2014-08-06,1.0000000000,True,1.3372380733,True,1.6878206730,True,0.0097476341,True,1.0998680005,True
2014-08-07,1.0000000000,True,1.3382940292,True,1.6854879856,True,0.0097930725,True,1.1017098840,True
2014-08-08,1.0000000000,True,1.3358268738,True,1.6829917431,True,0.0097915384,True,1.1002310213,True
2014-08-09,1.0000000000,True,1.3358268738,False,1.6829917431,False,0.0097915384,False,1.1002310213,False
2014-08-10,1.0000000000,True,1.3358268738,False,1.6829917431,False,0.0097915384,False,1.1002310213,False
2014-08-11,1.0000000000,True,1.3405184746,True,1.6777114868,True,0.0097890462,True,1.1040208227,True
2014-08-12,1.0000000000,True,1.3384909630,True,1.6787537336,True,0.0097842570,True,1.1029127909,True
2014-08-13,1.0000000000,True,1.3366124630,True,1.6807004213,True,0.0097768916,True,1.1017948248,True
2014-08-14,1.0000000000,True,1.3367911577,True,1.6689753532,True,0.0097648624,True,1.1021591188,True
2014-08-15,1.0000000000,True,1.3363981247,True,1.6686691046,True,0.0097564781,True,1.1028519633,True
2014-08-16,1.0000000000,True,1.3363981247,False,1.6686691046,False,0.0097564781,False,1.1028519633,False
2014-08-17,1.0000000000,True,1.3363981247,False,1.6686691046,False,0.0097564781,False,1.1028519633,False
2014-08-18,1.0000000000,True,1.3390465975,True,1.6720172167,True,0.0097646711,True,1.1069049076,True
2014-08-19,1.0000000000,True,1.3361123800,True,1.6723526716,True,0.0097456388,True,1.1029006103,True
2014-08-20,1.0000000000,True,1.3321965933,True,1.6621512175,True,0.0097172283,True,1.0998680005,True
2014-08-21,1.0000000000,True,1.3260489702,True,1.6600265503,True,0.0096431089,True,1.0947027366,True
2014-08-22,1.0000000000,True,1.3279330730,True,1.6579898596,True,0.0096293658,True,1.0969723639,True
2014-08-23,1.0000000000,True,1.3279330730,False,1.6579898596,False,0.0096293658,False,1.0969723639,False
2014-08-24,1.0000000000,True,1.3279330730,False,1.6579898596,False,0.0096293658,False,1.0969723639,False
2014-08-25,1.0000000000,True,1.3198705912,True,1.6551907063,True,0.0095968372,True,1.0909765301,True
2014-08-26,1.0000000000,True,1.3188958168,True,1.6570283175,True,0.0096089171,True,1.0917030465,True
2014-08-27,1.0000000000,True,1.3170199394,True,1.6547799110,True,0.0096070711,True,1.0898588308,True
2014-08-28,1.0000000000,True,1.3190872669,True,1.6576325893,True,0.0096266776,True,1.0929439219,True
2014-08-29,1.0000000000,True,1.3184958696,True,1.6589525938,True,0.0096435736,True,1.0928483808,True
2014-08-30,1.0000000000,True,1.3184958696,False,1.6589525938,False,0.0096435736,False,1.0928483808,False
2014-08-31,1.0000000000,True,1.3184958696,False,1.6589525938,False,0.0096435736,False,1.0928483808,False
2014-09-01,1.0000000000,True,1.3127838373,True,1.6592552662,True,0.0095998772,True,1.0882458251,True
2014-09-02,1.0000000000,True,1.3131976128,True,1.6615988016,True,0.0095840525,True,1.0877841603,True
2014-09-03,1.0000000000,True,1.3131976128,True,1.6468766928,True,0.0095023614,True,1.0877013659,True
2014-09-04,1.0000000000,True,1.3150973320,True,1.6461988688,True,0.0095355244,True,1.0895619851,True
2014-09-05,1.0000000000,True,1.2932761908,True,1.6294075251,True,0.0094713113,True,1.0720296640,True
2014-09-06,1.0000000000,True,1.2932761908,False,1.6294075251,False,0.0094713113,False,1.0720296640,False
2014-09-07,1.0000000000,True,1.2932761908,False,1.6294075251,False,0.0094713113,False,1.0720296640,False
2014-09-08,1.0000000000,True,1.2953367233,True,1.6212447882,True,0.0095075109,True,1.0739984839,True
2014-09-09,1.0000000000,True,1.2891082764,True,1.6095025539,True,0.0094197435,True,1.0682619309,True
2014-09-10,1.0000000000,True,1.2941968441,True,1.6124610901,True,0.0094230279,True,1.0726161434,True
2014-09-11,1.0000000000,True,1.2917059660,True,1.6200890541,True,0.0093610173,True,1.0674637028,True
2014-09-12,1.0000000000,True,1.2923569679,True,1.6251970530,True,0.0093366320,True,1.0683760804,True
2014-09-13,1.0000000000,True,1.2923569679,False,1.6251970530,False,0.0093366320,False,1.0683760804,False
2014-09-14,1.0000000000,True,1.2923569679,False,1.6251970530,False,0.0093366320,False,1.0683760804,False
2014-09-15,1.0000000000,True,1.2960082293,True,1.6258047819,True,0.0093170594,True,1.0709848861,True
2014-09-16,1.0000000000,True,1.2939791679,True,1.6229023933,True,0.0093337564,True,1.0688899870,True
2014-09-17,1.0000000000,True,1.2959076166,True,1.6265981197,True,0.0093327110,True,1.0721561308,True
2014-09-18,1.0000000000,True,1.2850002050,True,1.6268097162,True,0.0092152310,True,1.0612444061,True
2014-09-19,1.0000000000,True,1.2920063734,True,1.6437094212,True,0.0091911762,True,1.0702627338,True
2014-09-20,1.0000000000,True,1.2920063734,False,1.6437094212,False,0.0091911762,False,1.0702627338,False
2014-09-21,1.0000000000,True,1.2920063734,False,1.6437094212,False,0.0091911762,False,1.0702627338,False
2014-09-22,1.0000000000,True,1.2841421366,True,1.6319869757,True,0.0091793646,True,1.0636374385,True
2014-09-23,1.0000000000,True,1.2851488590,True,1.6371970177,True,0.0091954023,True,1.0641241170,True
2014-09-24,1.0000000000,True,1.2853965759,True,1.6393711567,True,0.0092130235,True,1.0645432843,True
2014-09-25,1.0000000000,True,1.2778083086,True,1.6324131489,True,0.0091477916,True,1.0571718644,True
2014-09-26,1.0000000000,True,1.2757054567,True,1.6331329346,True,0.0092072553,True,1.0564235765,True
2014-09-27,1.0000000000,True,1.2757054567,False,1.6331329346,False,0.0092072553,False,1.0564235765,False
2014-09-28,1.0000000000,True,1.2757054567,False,1.6331329346,False,0.0092072553,False,1.0564235765,False
2014-09-29,1.0000000000,True,1.2673146725,True,1.6238247156,True,0.0091398486,True,1.0504201439,True
2014-09-30,1.0000000000,True,1.2690838575,True,1.6242203712,True,0.0091416035,True,1.0516352727,True
2014-10-01,1.0000000000,True,1.2628335953,True,1.6213761568,True,0.0091190951,True,1.0471204371,True
2014-10-02,1.0000000000,True,1.2624191046,True,1.6192234755,True,0.0091726292,True,1.0458938053,True
2014-10-03,1.0000000000,True,1.2670577765,True,1.6160049438,True,0.0092146363,True,1.0483279394,True
2014-10-04,1.0000000000,True,1.2670577765,False,1.6160049438,False,0.0092146363,False,1.0483279394,False
2014-10-05,1.0000000000,True,1.2670577765,False,1.6160049438,False,0.0092146363,False,1.0483279394,False
2014-10-06,1.0000000000,True,1.2513607740,True,1.5963984728,True,0.0091073021,True,1.0333140166,True
2014-10-07,1.0000000000,True,1.2646062374,True,1.6075102091,True,0.0091854359,True,1.0427419889,True
2014-10-08,1.0000000000,True,1.2668008804,True,1.6089068651,True,0.0092530907,True,1.0449320607,True
2014-10-09,1.0000000000,True,1.2743074894,True,1.6162921190,True,0.0092483839,True,1.0510826350,True
2014-10-10,1.0000000000,True,1.2689067125,True,1.6122791767,True,0.0092738568,True,1.0479434351,True
2014-10-11,1.0000000000,True,1.2689067125,False,1.6122791767,False,0.0092738568,False,1.0479434351,False
2014-10-12,1.0000000000,True,1.2689067125,False,1.6122791767,False,0.0092738568,False,1.0479434351,False
2014-10-13,1.0000000000,True,1.2639828920,True,1.6092953682,True,0.0093163653,True,1.0458282171,True
2014-10-14,1.0000000000,True,1.2723940611,True,1.6066838503,True,0.0093402947,True,1.0527424255,True
2014-10-15,1.0000000000,True,1.2639029026,True,1.5891429186,True,0.0093184484,True,1.0470874997,True
2014-10-16,1.0000000000,True,1.2821663618,True,1.5992068052,True,0.0094357423,True,1.0622477257,True
2014-10-17,1.0000000000,True,1.2804424763,True,1.6096061468,True,0.0093980547,True,1.0607828258,True
2014-10-18,1.0000000000,True,1.2804424763,False,1.6096061468,False,0.0093980547,False,1.0607828258,False
2014-10-19,1.0000000000,True,1.2804424763,False,1.6096061468,False,0.0093980547,False,1.0607828258,False
2014-10-20,1.0000000000,True,1.2749572992,True,1.6092175245,True,0.0093332340,True,1.0560777160,True
2014-10-21,1.0000000000,True,1.2795250416,True,1.6159005165,True,0.0093536616,True,1.0603329720,True
2014-10-22,1.0000000000,True,1.2714719772,True,1.6114995480,True,0.0093439602,True,1.0535187809,True
2014-10-23,1.0000000000,True,1.2641425133,True,1.6044925451,True,0.0093328851,True,1.0481630893,True
2014-10-24,1.0000000000,True,1.2654062510,True,1.6029495001,True,0.0092454764,True,1.0484488101,True
2014-10-25,1.0000000000,True,1.2654062510,False,1.6029495001,False,0.0092454764,False,1.0484488101,False
2014-10-26,1.0000000000,True,1.2654062510,False,1.6029495001,False,0.0092454764,False,1.0484488101,False
2014-10-27,1.0000000000,True,1.2676681280,True,1.6092953682,True,0.0092419730,True,1.0508064681,True
2014-10-28,1.0000000000,True,1.2701476812,True,1.6124871969,True,0.0092727389,True,1.0535187809,True
2014-10-29,1.0000000000,True,1.2738366127,True,1.6142832041,True,0.0092496671,True,1.0564124012,True
2014-10-30,1.0000000000,True,1.2632802725,True,1.6005634069,True,0.0091872921,True,1.0473397463,True
2014-10-31,1.0000000000,True,1.2613362074,True,1.6001024246,True,0.0091564193,True,1.0459157134,True
2014-11-01,1.0000000000,True,1.2613362074,False,1.6001024246,False,0.0091564193,False,1.0459157134,False
2014-11-02,1.0000000000,True,1.2613362074,False,1.6001024246,False,0.0091564193,False,1.0459157134,False
2014-11-03,1.0000000000,True,1.2503125668,True,1.5973675251,True,0.0088620268,True,1.0369141506,True
2014-11-04,1.0000000000,True,1.2495938540,True,1.5978779793,True,0.0087990988,True,1.0365917042,True
2014-11-05,1.0000000000,True,1.2552564144,True,1.6006401777,True,0.0088121252,True,1.0424267895,True
2014-11-06,1.0000000000,True,1.2480031252,True,1.5964748859,True,0.0087218177,True,1.0368388546,True
2014-11-07,1.0000000000,True,1.2380068302,True,1.5841333866,True,0.0086823642,True,1.0279605090,True
2014-11-08,1.0000000000,True,1.2380068302,False,1.5841333866,False,0.0086823642,False,1.0279605090,False
2014-11-09,1.0000000000,True,1.2380068302,False,1.5841333866,False,0.0086823642,False,1.0279605090,False
2014-11-10,1.0000000000,True,1.2461370230,True,1.5885119438,True,0.0087311083,True,1.0359259201,True
2014-11-11,1.0000000000,True,1.2429926395,True,1.5853388309,True,0.0087143692,True,1.0334849240,True
2014-11-12,1.0000000000,True,1.2475829124,True,1.5926102400,True,0.0086414738,True,1.0369141506,True
2014-11-13,1.0000000000,True,1.2429926395,True,1.5768891573,True,0.0086527646,True,1.0341261552,True
2014-11-14,1.0000000000,True,1.2475982904,True,1.5702284575,True,0.0086337894,True,1.0377750320,True
2014-11-15,1.0000000000,True,1.2475982904,False,1.5702284575,False,0.0086337894,False,1.0377750320,False
2014-11-16,1.0000000000,True,1.2475982904,False,1.5702284575,False,0.0086337894,False,1.0377750320,False
2014-11-17,1.0000000000,True,1.2518464327,True,1.5666369200,True,0.0085546124,True,1.0421225907,True
2014-11-18,1.0000000000,True,1.2448959351,True,1.5640885830,True,0.0085729469,True,1.0364842452,True
2014-11-19,1.0000000000,True,1.2533370256,True,1.5628662109,True,0.0085565888,True,1.0432967878,True
2014-11-20,1.0000000000,True,1.2540757656,True,1.5673490763,True,0.0084639603,True,1.0438304207,True
2014-11-21,1.0000000000,True,1.2545005083,True,1.5694891214,True,0.0084576609,True,1.0435145631,True
2014-11-22,1.0000000000,True,1.2545005083,False,1.5694891214,False,0.0084576609,False,1.0435145631,False
2014-11-23,1.0000000000,True,1.2545005083,False,1.5694891214,False,0.0084576609,False,1.0435145631,False
2014-11-24,1.0000000000,True,1.2375012636,True,1.5648717880,True,0.0084930015,True,1.0292301400,True
2014-11-25,1.0000000000,True,1.2433171272,True,1.5697108507,True,0.0084420955,True,1.0341261552,True
2014-11-26,1.0000000000,True,1.2480654716,True,1.5721045732,True,0.0084888921,True,1.0378288926,True
2014-11-27,1.0000000000,True,1.2505940199,True,1.5789058208,True,0.0085012329,True,1.0404311796,True
2014-11-28,1.0000000000,True,1.2461991310,True,1.5724753141,True,0.0084860831,True,1.0366561390,True
2014-11-29,1.0000000000,True,1.2461991310,False,1.5724753141,False,0.0084860831,False,1.0366561390,False
2014-11-30,1.0000000000,True,1.2461991310,False,1.5724753141,False,0.0084860831,False,1.0366561390,False
2014-12-01,1.0000000000,True,1.2438275814,True,1.5612071753,True,0.0084129763,True,1.0333781082,True
2014-12-02,1.0000000000,True,1.2470071316,True,1.5734403133,True,0.0084525139,True,1.0366024000,True
2014-12-03,1.0000000000,True,1.2388503551,True,1.5646514893,True,0.0083896840,True,1.0290182855,True
2014-12-04,1.0000000000,True,1.2316637039,True,1.5694153309,True,0.0083429973,True,1.0233843079,True
2014-12-05,1.0000000000,True,1.2386661768,True,1.5678650141,True,0.0083464096,True,1.0302905324,True
2014-12-06,1.0000000000,True,1.2386661768,False,1.5678650141,False,0.0083464096,False,1.0302905324,False
2014-12-07,1.0000000000,True,1.2386661768,False,1.5678650141,False,0.0083464096,False,1.0302905324,False
2014-12-08,1.0000000000,True,1.2294074297,True,1.5565655231,True,0.0082263228,True,1.0222858119,True
2014-12-09,1.0000000000,True,1.2315119505,True,1.5651656389,True,0.0082884375,True,1.0243382992,True
2014-12-10,1.0000000000,True,1.2394952774,True,1.5687997341,True,0.0083792795,True,1.0305029111,True
2014-12-11,1.0000000000,True,1.2473959923,True,1.5747040510,True,0.0084955271,True,1.0366346812,True
2014-12-12,1.0000000000,True,1.2394952774,True,1.5722528696,True,0.0084028668,True,1.0317255361,True
2014-12-13,1.0000000000,True,1.2394952774,False,1.5722528696,False,0.0084028668,False,1.0317255361,False
2014-12-14,1.0000000000,True,1.2394952774,False,1.5722528696,False,0.0084028668,False,1.0317255361,False
2014-12-15,1.0000000000,True,1.2463544607,True,1.5727968216,True,0.0084627427,True,1.0375812059,True
2014-12-16,1.0000000000,True,1.2443537712,True,1.5645290613,True,0.0084932184,True,1.0361620661,True
2014-12-17,1.0000000000,True,1.2512043715,True,1.5745303631,True,0.0085753733,True,1.0419923019,True
2014-12-18,1.0000000000,True,1.2338976860,True,1.5573413372,True,0.0084177920,True,1.0274324673,True
2014-12-19,1.0000000000,True,1.2290447950,True,1.5670051575,True,0.0084077416,True,1.0208248136,True
2014-12-20,1.0000000000,True,1.2290447950,False,1.5670051575,False,0.0084077416,False,1.0208248136,False
2014-12-21,1.0000000000,True,1.2290447950,False,1.5670051575,False,0.0084077416,False,1.0208248136,False
2014-12-22,1.0000000000,True,1.2225985527,True,1.5629639626,True,0.0083684108,True,1.0160536468,True
2014-12-23,1.0000000000,True,1.2223743200,True,1.5577780008,True,0.0083229296,True,1.0159297945,True
2014-12-24,1.0000000000,True,1.2174929380,True,1.5522165298,True,0.0082856904,True,1.0125556613,True
2014-12-25,1.0000000000,True,1.2198543549,True,1.5562022924,True,0.0083015798,True,1.0141987815,True
2014-12-26,1.0000000000,True,1.2210012674,True,1.5562022924,True,0.0083077177,True,1.0153315081,True
2014-12-27,1.0000000000,True,1.2210012674,False,1.5562022924,False,0.0083077177,False,1.0153315081,False
2014-12-28,1.0000000000,True,1.2210012674,False,1.5562022924,False,0.0083077177,False,1.0153315081,False
2014-12-29,1.0000000000,True,1.2169446945,True,1.5553550720,True,0.0083039923,True,1.0118384845,True
2014-12-30,1.0000000000,True,1.2153474092,True,1.5515903234,True,0.0082896741,True,1.0106114340,True
2014-12-31,1.0000000000,True,1.2162047625,True,1.5569047928,True,0.0083711430,True,1.0115928605,True
2015-01-01,1.0000000000,True,1.2098628283,True,1.5580935478,True,0.0083561040,True,1.0059249096,True
2015-01-02,1.0000000000,True,1.2089413404,True,1.5579720736,True,0.0083423707,True,1.0059350423,True
2015-01-03,1.0000000000,True,1.2089413404,False,1.5579720736,False,0.0083423707,False,1.0059350423,False
2015-01-04,1.0000000000,True,1.2089413404,False,1.5579720736,False,0.0083423707,False,1.0059350423,False
2015-01-05,1.0000000000,True,1.1946432590,True,1.5284910202,True,0.0083033032,True,0.9942334373,True
2015-01-06,1.0000000000,True,1.1939015388,True,1.5258322954,True,0.0083734559,True,0.9938382467,True
2015-01-07,1.0000000000,True,1.1875356436,True,1.5137982368,True,0.0084265168,True,0.9888262947,True
2015-01-08,1.0000000000,True,1.1836000681,True,1.5107566118,True,0.0083830025,True,0.9854741211,True
2015-01-09,1.0000000000,True,1.1796069145,True,1.5087963343,True,0.0083478029,True,0.9820384742,True
2015-01-10,1.0000000000,True,1.1796069145,False,1.5087963343,False,0.0083478029,False,0.9820384742,False
2015-01-11,1.0000000000,True,1.1796069145,False,1.5087963343,False,0.0083478029,False,0.9820384742,False
2015-01-12,1.0000000000,True,1.1870703697,True,1.5189489126,True,0.0084593782,True,0.9883181206,True
2015-01-13,1.0000000000,True,1.1831519604,True,1.5170363188,True,0.0084510849,True,0.9853187806,True
2015-01-14,1.0000000000,True,1.1778285503,True,1.5170363188,True,0.0084893248,True,0.9808729604,True
2015-01-15,1.0000000000,True,1.1785920858,True,1.5234380960,True,0.0085186132,True,0.9814217276,True
2015-01-16,1.0000000000,True,1.1637378931,True,1.5181187391,True,0.0086110396,True,1.1704120136,True
2015-01-17,1.0000000000,True,1.1637378931,False,1.5181187391,False,0.0086110396,False,1.1704120136,False
2015-01-18,1.0000000000,True,1.1637378931,False,1.5181187391,False,0.0086110396,False,1.1704120136,False
2015-01-19,1.0000000000,True,1.1566041708,True,1.5142109394,True,0.0085062948,True,1.1652295317,True
2015-01-20,1.0000000000,True,1.1597968340,True,1.5090012550,True,0.0084953107,True,1.1367899017,True
2015-01-21,1.0000000000,True,1.1546944380,True,1.5147384405,True,0.0084282209,True,1.1437460353,True
2015-01-22,1.0000000000,True,1.1615345478,True,1.5144860744,True,0.0084846428,True,1.1621150790,True
2015-01-23,1.0000000000,True,1.1346745491,True,1.5013211966,True,0.0084209818,True,1.1471836788,True
2015-01-24,1.0000000000,True,1.1346745491,False,1.5013211966,False,0.0084209818,False,1.1471836788,False
2015-01-25,1.0000000000,True,1.1346745491,False,1.5013211966,False,0.0084209818,False,1.1471836788,False
2015-01-26,1.0000000000,True,1.1125450134,True,1.4995876551,True,0.0085207181,True,1.1349449565,True
2015-01-27,1.0000000000,True,1.1247708797,True,1.5085458755,True,0.0084373948,True,1.1095084717,True
2015-01-28,1.0000000000,True,1.1367381811,True,1.5188103914,True,0.0084907662,True,1.1120996166,True
2015-01-29,1.0000000000,True,1.1281461716,True,1.5142338276,True,0.0085039797,True,1.1025358260,True
2015-01-30,1.0000000000,True,1.1335555315,True,1.5079090595,True,0.0084568026,True,1.0840108233,True
2015-01-31,1.0000000000,True,1.1335555315,False,1.5079090595,False,0.0084568026,False,1.0840108233,False
2015-02-01,1.0000000000,True,1.1335555315,False,1.5079090595,False,0.0084568026,False,1.0840108233,False
2015-02-02,1.0000000000,True,1.1309019327,True,1.5087052584,True,0.0085335883,True,1.0854227792,True
2015-02-03,1.0000000000,True,1.1341726780,True,1.5028102398,True,0.0085052097,True,1.0786322910,True
2015-02-04,1.0000000000,True,1.1457378864,True,1.5142109394,True,0.0085000762,True,1.0813733787,True
2015-02-05,1.0000000000,True,1.1318746805,True,1.5180034637,True,0.0085260213,True,1.0799136080,True
2015-02-06,1.0000000000,True,1.1471968889,True,1.5325905085,True,0.0085081037,True,1.0845987091,True
2015-02-07,1.0000000000,True,1.1471968889,False,1.5325905085,False,0.0085081037,False,1.0845987091,False
2015-02-08,1.0000000000,True,1.1471968889,False,1.5325905085,False,0.0085081037,False,1.0845987091,False
2015-02-09,1.0000000000,True,1.1314393282,True,1.5239024162,True,0.0084054803,True,1.0795638688,True
2015-02-10,1.0000000000,True,1.1326953173,True,1.5216069221,True,0.0084343342,True,1.0815487718,True
2015-02-11,1.0000000000,True,1.1321951151,True,1.5262050629,True,0.0083781564,True,1.0793307888,True
2015-02-12,1.0000000000,True,1.1311961412,True,1.5242739916,True,0.0083215446,True,1.0767740196,True
2015-02-13,1.0000000000,True,1.1403938532,True,1.5391956568,True,0.0084092973,True,1.0753382109,True
2015-02-14,1.0000000000,True,1.1403938532,False,1.5391956568,False,0.0084092973,False,1.0753382109,False
2015-02-15,1.0000000000,True,1.1403938532,False,1.5391956568,False,0.0084092973,False,1.0753382109,False
2015-02-16,1.0000000000,True,1.1400039196,True,1.5400489569,True,0.0084338366,True,1.0733068685,True
2015-02-17,1.0000000000,True,1.1334012747,True,1.5356265306,True,0.0084393885,True,1.0724205333,True
2015-02-18,1.0000000000,True,1.1404719353,True,1.5353436470,True,0.0083886987,True,1.0682162915,True
2015-02-19,1.0000000000,True,1.1400039196,True,1.5439007282,True,0.0084253804,True,1.0616838138,True
2015-02-20,1.0000000000,True,1.1366735697,True,1.5419963598,True,0.0084042089,True,1.0532635494,True
2015-02-21,1.0000000000,True,1.1366735697,False,1.5419963598,False,0.0084042089,False,1.0532635494,False
2015-02-22,1.0000000000,True,1.1366735697,False,1.5419963598,False,0.0084042089,False,1.0532635494,False
2015-02-23,1.0000000000,True,1.1381484270,True,1.5389113426,True,0.0083979982,True,1.0631512050,True
2015-02-24,1.0000000000,True,1.1332985163,True,1.5452368259,True,0.0084102167,True,1.0519671476,True
2015-02-25,1.0000000000,True,1.1339025497,True,1.5459055901,True,0.0084109950,True,1.0525207821,True
2015-02-26,1.0000000000,True,1.1363636255,True,1.5528914928,True,0.0084159500,True,1.0542851518,True
2015-02-27,1.0000000000,True,1.1205360889,True,1.5418059826,True,0.0083768231,True,1.0497585530,True
2015-02-28,1.0000000000,True,1.1205360889,False,1.5418059826,False,0.0083768231,False,1.0497585530,False
2015-03-01,1.0000000000,True,1.1205360889,False,1.5418059826,False,0.0083768231,False,1.0497585530,False
2015-03-02,1.0000000000,True,1.1161960363,True,1.5406184196,True,0.0083454345,True,1.0478885196,True
2015-03-03,1.0000000000,True,1.1179054976,True,1.5359095335,True,0.0083191905,True,1.0432967878,True
2015-03-04,1.0000000000,True,1.1182179451,True,1.5366648436,True,0.0083586181,True,1.0407993425,True
2015-03-05,1.0000000000,True,1.1082050800,True,1.5265078545,True,0.0083576401,True,1.0379904437,True
2015-03-06,1.0000000000,True,1.1032048464,True,1.5247621536,True,0.0083302096,True,1.0270841989,True
2015-03-07,1.0000000000,True,1.1032048464,False,1.5247621536,False,0.0083302096,False,1.0270841989,False
2015-03-08,1.0000000000,True,1.1032048464,False,1.5247621536,False,0.0083302096,False,1.0270841989,False
2015-03-09,1.0000000000,True,1.0845986605,True,1.5057746172,True,0.0082823281,True,1.0157440419,True
2015-03-10,1.0000000000,True,1.0833414793,True,1.5104827881,True,0.0082366897,True,1.0129762171,True
2015-03-11,1.0000000000,True,1.0708701611,True,1.5082046986,True,0.0082618680,True,1.0019036342,True
2015-03-12,1.0000000000,True,1.0548745394,True,1.4932951927,True,0.0082364858,True,0.9910311565,True
2015-03-13,1.0000000000,True,1.0626314878,True,1.4894028902,True,0.0082427999,True,0.9973072990,True
2015-03-14,1.0000000000,True,1.0626314878,False,1.4894028902,False,0.0082427999,False,0.9973072990,False
2015-03-15,1.0000000000,True,1.0626314878,False,1.4894028902,False,0.0082427999,False,0.9973072990,False
2015-03-16,1.0000000000,True,1.0481630564,True,1.4755791426,True,0.0082411015,True,0.9933939590,True
2015-03-17,1.0000000000,True,1.0572947264,True,1.4825797081,True,0.0082394722,True,0.9923588700,True
2015-03-18,1.0000000000,True,1.0598047972,True,1.4752091169,True,0.0082453827,True,0.9944015033,True
2015-03-19,1.0000000000,True,1.0849988461,True,1.4961996078,True,0.0083288911,True,1.0192640676,True
2015-03-20,1.0000000000,True,1.0668942928,True,1.4761673212,True,0.0082807505,True,1.0103663445,True
2015-03-21,1.0000000000,True,1.0668942928,False,1.4761673212,False,0.0082807505,False,1.0103663445,False
2015-03-22,1.0000000000,True,1.0668942928,False,1.4761673212,False,0.0082807505,False,1.0103663445,False
2015-03-23,1.0000000000,True,1.0826611519,True,1.4943215847,True,0.0083314587,True,1.0230178804,True
2015-03-24,1.0000000000,True,1.0944991112,True,1.4951928854,True,0.0083507307,True,1.0351966654,True
2015-03-25,1.0000000000,True,1.0902034044,True,1.4833933115,True,0.0083478725,True,1.0421334658,True
2015-03-26,1.0000000000,True,1.0960465670,True,1.4877409935,True,0.0083669407,True,1.0412544842,True
2015-03-27,1.0000000000,True,1.0886367559,True,1.4858399630,True,0.0083904585,True,1.0382275320,True
2015-03-28,1.0000000000,True,1.0886367559,False,1.4858399630,False,0.0083904585,False,1.0382275320,False
2015-03-29,1.0000000000,True,1.0886367559,False,1.4858399630,False,0.0083904585,False,1.0382275320,False
2015-03-30,1.0000000000,True,1.0884946585,True,1.4885826111,True,0.0083857442,True,1.0403445340,True
2015-03-31,1.0000000000,True,1.0830246210,True,1.4809110165,True,0.0083324306,True,1.0337412955,True
2015-04-01,1.0000000000,True,1.0738140345,True,1.4829534292,True,0.0083318056,True,1.0285949642,True
2015-04-02,1.0000000000,True,1.0769942999,True,1.4836794138,True,0.0083630222,True,1.0349824116,True
2015-04-03,1.0000000000,True,1.0870746374,True,1.4830634594,True,0.0083544284,True,1.0416992226,True
2015-04-04,1.0000000000,True,1.0870746374,False,1.4830634594,False,0.0083544284,False,1.0416992226,False
2015-04-05,1.0000000000,True,1.0870746374,False,1.4830634594,False,0.0083544284,False,1.0416992226,False
2015-04-06,1.0000000000,True,1.1001342535,True,1.4930721521,True,0.0084158792,True,1.0502657463,True
2015-04-07,1.0000000000,True,1.0934817791,True,1.4890702963,True,0.0083698119,True,1.0438958236,True
2015-04-08,1.0000000000,True,1.0824151039,True,1.4823819399,True,0.0083132429,True,1.0356255031,True
2015-04-09,1.0000000000,True,1.0785275698,True,1.4878516197,True,0.0083268105,True,1.0350359827,True
2015-04-10,1.0000000000,True,1.0669056177,True,1.4714971781,True,0.0082953129,True,1.0235728657,True
2015-04-11,1.0000000000,True,1.0669056177,False,1.4714971781,False,0.0082953129,False,1.0235728657,False
2015-04-12,1.0000000000,True,1.0669056177,False,1.4714971781,False,0.0082953129,False,1.0235728657,False
2015-04-13,1.0000000000,True,1.0609854460,True,1.4640644789,True,0.0083188447,True,1.0213669753,True
2015-04-14,1.0000000000,True,1.0572947264,True,1.4667917490,True,0.0083292383,True,1.0233319986,True
2015-04-15,1.0000000000,True,1.0647132397,True,1.4771921635,True,0.0083712130,True,1.0280239382,True
2015-04-16,1.0000000000,True,1.0676802397,True,1.4828435183,True,0.0083932755,True,1.0364842452,True
2015-04-17,1.0000000000,True,1.0755579472,True,1.4921809435,True,0.0084002555,True,1.0455220301,True
2015-04-18,1.0000000000,True,1.0755579472,False,1.4921809435,False,0.0084002555,False,1.0455220301,False
2015-04-19,1.0000000000,True,1.0755579472,False,1.4921809435,False,0.0084002555,False,1.0455220301,False
2015-04-20,1.0000000000,True,1.0810226202,True,1.4968267679,True,0.0084162332,True,1.0510826350,True
2015-04-21,1.0000000000,True,1.0747487545,True,1.4909795523,True,0.0083896137,True,1.0467916128,True
2015-04-22,1.0000000000,True,1.0741715431,True,1.4935628176,True,0.0083588974,True,1.0475592128,True
2015-04-23,1.0000000000,True,1.0725815296,True,1.5037593842,True,0.0083368072,True,1.0315659291,True
2015-04-24,1.0000000000,True,1.0815019608,True,1.5052080154,True,0.0083632319,True,1.0467916128,True
2015-04-25,1.0000000000,True,1.0815019608,False,1.5052080154,False,0.0083632319,False,1.0467916128,False
2015-04-26,1.0000000000,True,1.0815019608,False,1.5052080154,False,0.0083632319,False,1.0467916128,False
2015-04-27,1.0000000000,True,1.0868973732,True,1.5176579952,True,0.0084085194,True,1.0488336853,True
2015-04-28,1.0000000000,True,1.0877959728,True,1.5223711729,True,0.0083944731,True,1.0468902450,True
2015-04-29,1.0000000000,True,1.0969121456,True,1.5334836245,True,0.0084158792,True,1.0457078847,True
2015-04-30,1.0000000000,True,1.1114321947,True,1.5426861048,True,0.0084054803,True,1.0634903892,True
2015-05-01,1.0000000000,True,1.1214659214,True,1.5354615450,True,0.0083715632,True,1.0715816526,True
2015-05-02,1.0000000000,True,1.1214659214,False,1.5354615450,False,0.0083715632,False,1.0715816526,False
2015-05-03,1.0000000000,True,1.1214659214,False,1.5354615450,False,0.0083715632,False,1.0715816526,False
2015-05-04,1.0000000000,True,1.1185932159,True,1.5146695375,True,0.0083238995,True,1.0714668171,True
2015-05-05,1.0000000000,True,1.1149141788,True,1.5122873783,True,0.0083263948,True,1.0710537362,True
2015-05-06,1.0000000000,True,1.1186307669,True,1.5174276829,True,0.0083387537,True,1.0785275874,True
2015-05-07,1.0000000000,True,1.1341469288,True,1.5242043734,True,0.0083754196,True,1.0910479746,True
2015-05-08,1.0000000000,True,1.1246949434,True,1.5407133102,True,0.0083535908,True,1.0849517188,True
2015-05-09,1.0000000000,True,1.1246949434,False,1.5407133102,False,0.0083535908,False,1.0849517188,False
2015-05-10,1.0000000000,True,1.1246949434,False,1.5407133102,False,0.0083535908,False,1.0849517188,False
2015-05-11,1.0000000000,True,1.1194071770,True,1.5434004068,True,0.0083486393,True,1.0735142733,True
2015-05-12,1.0000000000,True,1.1144419909,True,1.5577052832,True,0.0083242463,True,1.0700909818,True
2015-05-13,1.0000000000,True,1.1221455336,True,1.5671033859,True,0.0083448075,True,1.0772147644,True
2015-05-14,1.0000000000,True,1.1350480318,True,1.5740098953,True,0.0083920776,True,1.0905125460,True
2015-05-15,1.0000000000,True,1.1404979229,True,1.5772124529,True,0.0083898951,True,1.0957703496,True
2015-05-16,1.0000000000,True,1.1404979229,False,1.5772124529,False,0.0083898951,False,1.0957703496,False
2015-05-17,1.0000000000,True,1.1404979229,False,1.5772124529,False,0.0083898951,False,1.0957703496,False
2015-05-18,1.0000000000,True,1.1445052624,True,1.5746048689,True,0.0083801222,True,1.0925379518,True
2015-05-19,1.0000000000,True,1.1326183081,True,1.5663670301,True,0.0083402835,True,1.0799136080,True
2015-05-20,1.0000000000,True,1.1146656275,True,1.5516144037,True,0.0082883002,True,1.0671219798,True
2015-05-21,1.0000000000,True,1.1100751162,True,1.5542914867,True,0.0082500084,True,1.0682619309,True
2015-05-22,1.0000000000,True,1.1111851931,True,1.5663915873,True,0.0082617998,True,1.0672814414,True
2015-05-23,1.0000000000,True,1.1111851931,False,1.5663915873,False,0.0082617998,False,1.0672814414,False
2015-05-24,1.0000000000,True,1.1111851931,False,1.5663915873,False,0.0082617998,False,1.0672814414,False
2015-05-25,1.0000000000,True,1.0992997885,True,1.5475084782,True,0.0082256460,True,1.0601081212,True
2015-05-26,1.0000000000,True,1.0971167088,True,1.5472211838,True,0.0082236843,True,1.0576414414,True
2015-05-27,1.0000000000,True,1.0888857841,True,1.5398591757,True,0.0081310068,True,1.0507513179,True
2015-05-28,1.0000000000,True,1.0900014639,True,1.5350136757,True,0.0080814613,True,1.0528643164,True
2015-05-29,1.0000000000,True,1.0960345268,True,1.5319097042,True,0.0080762397,True,1.0604453661,True
2015-05-30,1.0000000000,True,1.0960345268,False,1.5319097042,False,0.0080762397,False,1.0604453661,False
2015-05-31,1.0000000000,True,1.0960345268,False,1.5319097042,False,0.0080762397,False,1.0604453661,False
2015-06-01,1.0000000000,True,1.0957943201,True,1.5288883448,True,0.0080519836,True,1.0623605935,True
2015-06-02,1.0000000000,True,1.0922993422,True,1.5199879408,True,0.0080098040,True,1.0570824748,True
2015-06-03,1.0000000000,True,1.1150012016,True,1.5339776278,True,0.0080621753,True,1.0713405812,True
2015-06-04,1.0000000000,True,1.1257838011,True,1.5326610804,True,0.0080447934,True,1.0700451860,True
2015-06-05,1.0000000000,True,1.1207872629,True,1.5364996195,True,0.0080398780,True,1.0699764655,True
2015-06-06,1.0000000000,True,1.1207872629,False,1.5364996195,False,0.0080398780,False,1.0699764655,False
2015-06-07,1.0000000000,True,1.1207872629,False,1.5364996195,False,0.0080398780,False,1.0699764655,False
2015-06-08,1.0000000000,True,1.1108149290,True,1.5267875195,True,0.0079599457,True,1.0635356256,True
2015-06-09,1.0000000000,True,1.1280952692,True,1.5345896482,True,0.0080280659,True,1.0782833811,True
2015-06-10,1.0000000000,True,1.1299052238,True,1.5394088030,True,0.0080425291,True,1.0752457229,True
2015-06-11,1.0000000000,True,1.1311961412,True,1.5496908426,True,0.0081389483,True,1.0728117563,True
2015-06-12,1.0000000000,True,1.1240627766,True,1.5508925915,True,0.0080918587,True,1.0707784575,True
2015-06-13,1.0000000000,True,1.1240627766,False,1.5508925915,False,0.0080918587,False,1.0707784575,False
2015-06-14,1.0000000000,True,1.1240627766,False,1.5508925915,False,0.0080918587,False,1.0707784575,False
2015-06-15,1.0000000000,True,1.1219944954,True,1.5561537743,True,0.0081109578,True,1.0755001377,True
2015-06-16,1.0000000000,True,1.1277008057,True,1.5596001148,True,0.0081024146,True,1.0754538088,True
2015-06-17,1.0000000000,True,1.1242017746,True,1.5639661551,True,0.0081011672,True,1.0733068685,True
2015-06-18,1.0000000000,True,1.1369967461,True,1.5848110914,True,0.0080951996,True,1.0858942490,True
2015-06-19,1.0000000000,True,1.1370742321,True,1.5878813267,True,0.0081299492,True,1.0854227792,True
2015-06-20,1.0000000000,True,1.1370742321,False,1.5878813267,False,0.0081299492,False,1.0854227792,False
2015-06-21,1.0000000000,True,1.1370742321,False,1.5878813267,False,0.0081299492,False,1.0854227792,False
2015-06-22,1.0000000000,True,1.1372941732,True,1.5885119438,True,0.0081465732,True,1.0891940898,True
2015-06-23,1.0000000000,True,1.1349062920,True,1.5829297304,True,0.0081051072,True,1.0855523557,True
2015-06-24,1.0000000000,True,1.1172186136,True,1.5741090775,True,0.0080736315,True,1.0712372884,True
2015-06-25,1.0000000000,True,1.1206992865,True,1.5709931850,True,0.0080742183,True,1.0712372884,True
2015-06-26,1.0000000000,True,1.1202975512,True,1.5745056868,True,0.0080907458,True,1.0677714610,True
2015-06-27,1.0000000000,True,1.1202975512,False,1.5745056868,False,0.0080907458,False,1.0677714610,False
2015-06-28,1.0000000000,True,1.1202975512,False,1.5745056868,False,0.0080907458,False,1.0677714610,False
2015-06-29,1.0000000000,True,1.0975021124,True,1.5693166256,True,0.0081558086,True,1.0632641974,True
2015-06-30,1.0000000000,True,1.1222966909,True,1.5731928349,True,0.0081519525,True,1.0800302613,True
2015-07-01,1.0000000000,True,1.1134989262,True,1.5687012672,True,0.0081708691,True,1.0698619738,True
2015-07-02,1.0000000000,True,1.1033630371,True,1.5605005026,True,0.0081089848,True,1.0540295489,True
2015-07-03,1.0000000000,True,1.1086965799,True,1.5613046885,True,0.0081261835,True,1.0599957315,True
2015-07-04,1.0000000000,True,1.1086965799,False,1.5613046885,False,0.0081261835,False,1.0599957315,False
2015-07-05,1.0000000000,True,1.1086965799,False,1.5613046885,False,0.0081261835,False,1.0599957315,False
2015-07-06,1.0000000000,True,1.0995051861,True,1.5555969477,True,0.0081694676,True,1.0592098044,True
2015-07-07,1.0000000000,True,1.1048991680,True,1.5602084398,True,0.0081558751,True,1.0605241300,True
2015-07-08,1.0000000000,True,1.1009942293,True,1.5462881327,True,0.0081639319,True,1.0564570374,True
2015-07-09,1.0000000000,True,1.1071009636,True,1.5369955301,True,0.0082738992,True,1.0575296408,True
2015-07-10,1.0000000000,True,1.1063048840,True,1.5373972654,True,0.0082169271,True,1.0549636068,True
2015-07-11,1.0000000000,True,1.1063048840,False,1.5373972654,False,0.0082169271,False,1.0549636068,False
2015-07-12,1.0000000000,True,1.1063048840,False,1.5373972654,False,0.0082169271,False,1.0549636068,False
2015-07-13,1.0000000000,True,1.1129041910,True,1.5515903234,True,0.0081635317,True,1.0637958603,True
2015-07-14,1.0000000000,True,1.0990459919,True,1.5482273102,True,0.0080925791,True,1.0521885579,True
2015-07-15,1.0000000000,True,1.1008002758,True,1.5636972189,True,0.0081089848,True,1.0583466563,True
2015-07-16,1.0000000000,True,1.0943553448,True,1.5634038448,True,0.0080729796,True,1.0501995429,True
2015-07-17,1.0000000000,True,1.0886012316,True,1.5613046885,True,0.0080548372,True,1.0448229307,True
2015-07-18,1.0000000000,True,1.0886012316,False,1.5613046885,False,0.0080548372,False,1.0448229307,False
2015-07-19,1.0000000000,True,1.0886012316,False,1.5613046885,False,0.0080548372,False,1.0448229307,False
2015-07-20,1.0000000000,True,1.0830246210,True,1.5600380898,True,0.0080552916,True,1.0392849871,True
2015-07-21,1.0000000000,True,1.0835410357,True,1.5573898554,True,0.0080454407,True,1.0379904437,True
2015-07-22,1.0000000000,True,1.0939961672,True,1.5555969477,True,0.0080736315,True,1.0438413314,True
2015-07-23,1.0000000000,True,1.0927051306,True,1.5614020824,True,0.0080600960,True,1.0419923019,True
2015-07-24,1.0000000000,True,1.0989010334,True,1.5519516468,True,0.0080725888,True,1.0424267895,True
2015-07-25,1.0000000000,True,1.0989010334,False,1.5519516468,False,0.0080725888,False,1.0424267895,False
2015-07-26,1.0000000000,True,1.0989010334,False,1.5519516468,False,0.0080725888,False,1.0424267895,False
2015-07-27,1.0000000000,True,1.0972371101,True,1.5522888899,True,0.0080799592,True,1.0389610647,True
2015-07-28,1.0000000000,True,1.1090040207,True,1.5564203262,True,0.0081142488,True,1.0395010261,True
2015-07-29,1.0000000000,True,1.1065986156,True,1.5611096621,True,0.0080921864,True,1.0399010157,True
2015-07-30,1.0000000000,True,1.0984061956,True,1.5602084398,True,0.0080684200,True,1.0337306586,True
2015-07-31,1.0000000000,True,1.0939244032,True,1.5604275465,True,0.0080599012,True,1.0327378039,True
2015-08-01,1.0000000000,True,1.0939244032,False,1.5604275465,False,0.0080599012,False,1.0327378039,False
2015-08-02,1.0000000000,True,1.0939244032,False,1.5604275465,False,0.0080599012,False,1.0327378039,False
2015-08-03,1.0000000000,True,1.0969001055,True,1.5626953840,True,0.0080619155,True,1.0340192069,True
2015-08-04,1.0000000000,True,1.0956022739,True,1.5590409040,True,0.0080680947,True,1.0317787706,True
2015-08-05,1.0000000000,True,1.0888975859,True,1.5569047928,True,0.0080467353,True,1.0225994183,True
2015-08-06,1.0000000000,True,1.0903104544,True,1.5605981350,True,0.0080173172,True,1.0214086991,True
2015-08-07,1.0000000000,True,1.0927051306,True,1.5514218807,True,0.0080170602,True,1.0193783907,True
2015-08-08,1.0000000000,True,1.0927051306,False,1.5514218807,False,0.0080170602,False,1.0193783907,False
2015-08-09,1.0000000000,True,1.0927051306,False,1.5514218807,False,0.0080170602,False,1.0193783907,False
2015-08-10,1.0000000000,True,1.0965032578,True,1.5494027138,True,0.0080450521,True,1.0168802247,True
2015-08-11,1.0000000000,True,1.1016976833,True,1.5585306883,True,0.0080248450,True,1.0166734234,True
2015-08-12,1.0000000000,True,1.1042037010,True,1.5584092140,True,0.0079955225,True,1.0119818508,True
2015-08-13,1.0000000000,True,1.1160963774,True,1.5615972281,True,0.0080479661,True,1.0253255261,True
2015-08-14,1.0000000000,True,1.1160963774,True,1.5617922544,True,0.0080409769,True,1.0252204529,True
2015-08-15,1.0000000000,True,1.1160963774,False,1.5617922544,False,0.0080409769,False,1.0252204529,False
2015-08-16,1.0000000000,True,1.1160963774,False,1.5617922544,False,0.0080409769,False,1.0252204529,False
2015-08-17,1.0000000000,True,1.1092993021,True,1.5651901960,True,0.0080418175,True,1.0234366851,True
2015-08-18,1.0000000000,True,1.1078000069,True,1.5585062504,True,0.0080361302,True,1.0222858119,True
2015-08-19,1.0000000000,True,1.1030831337,True,1.5664896965,True,0.0080404595,True,1.0231225650,True
2015-08-20,1.0000000000,True,1.1118029356,True,1.5683076382,True,0.0080712202,True,1.0355183083,True
2015-08-21,1.0000000000,True,1.1236965656,True,1.5690950155,True,0.0081024146,True,1.0426441368,True
2015-08-22,1.0000000000,True,1.1236965656,False,1.5690950155,False,0.0081024146,False,1.0426441368,False
2015-08-23,1.0000000000,True,1.1236965656,False,1.5690950155,False,0.0081024146,False,1.0426441368,False
2015-08-24,1.0000000000,True,1.1376951933,True,1.5677913427,True,0.0082147667,True,1.0556317768,True
2015-08-25,1.0000000000,True,1.1583056450,True,1.5762925148,True,0.0084115607,True,1.0723860535,True
2015-08-26,1.0000000000,True,1.1550945044,True,1.5695877075,True,0.0084359709,True,1.0648492931,True
2015-08-27,1.0000000000,True,1.1340054274,True,1.5482032299,True,0.0083293076,True,1.0505305120,True
2015-08-28,1.0000000000,True,1.1247961521,True,1.5414019823,True,0.0082642580,True,1.0359473486,True
2015-08-29,1.0000000000,True,1.1247961521,False,1.5414019823,False,0.0082642580,False,1.0359473486,False
2015-08-30,1.0000000000,True,1.1247961521,False,1.5414019823,False,0.0082642580,False,1.0359473486,False
2015-08-31,1.0000000000,True,1.1214030981,True,1.5418059826,True,0.0082447707,True,1.0404744756,True
2015-09-01,1.0000000000,True,1.1225864887,True,1.5363106728,True,0.0082583887,True,1.0361620661,True
2015-09-02,1.0000000000,True,1.1293437481,True,1.5305262804,True,0.0083531724,True,1.0416666899,True
2015-09-03,1.0000000000,True,1.1216043234,True,1.5308074951,True,0.0082932492,True,1.0311404462,True
2015-09-04,1.0000000000,True,1.1125946045,True,1.5262050629,True,0.0083294463,True,1.0269049049,True
2015-09-05,1.0000000000,True,1.1125946045,False,1.5262050629,False,0.0083294463,False,1.0269049049,False
2015-09-06,1.0000000000,True,1.1125946045,False,1.5262050629,False,0.0083294463,False,1.0269049049,False
2015-09-07,1.0000000000,True,1.1152001619,True,1.5201033354,True,0.0083917961,True,1.0289124541,True
2015-09-08,1.0000000000,True,1.1163954735,True,1.5283042192,True,0.0083749990,True,1.0251153385,True
2015-09-09,1.0000000000,True,1.1207369566,True,1.5401912928,True,0.0083271576,True,1.0227040173,True
2015-09-10,1.0000000000,True,1.1220699549,True,1.5357915163,True,0.0083140724,True,1.0255358626,True
2015-09-11,1.0000000000,True,1.1290887594,True,1.5442106724,True,0.0082905676,True,1.0275379944,True
2015-09-12,1.0000000000,True,1.1290887594,False,1.5442106724,False,0.0082905676,False,1.0275379944,False
2015-09-13,1.0000000000,True,1.1290887594,False,1.5442106724,False,0.0082905676,False,1.0275379944,False
2015-09-14,1.0000000000,True,1.1344043016,True,1.5448071957,True,0.0082784200,True,1.0319917634,True
2015-09-15,1.0000000000,True,1.1307612658,True,1.5427099466,True,0.0083084081,True,1.0328444238,True
2015-09-16,1.0000000000,True,1.1271796227,True,1.5344954729,True,0.0083033032,True,1.0265780995,True
2015-09-17,1.0000000000,True,1.1292034388,True,1.5518070459,True,0.0082971713,True,1.0308215801,True
2015-09-18,1.0000000000,True,1.1400948763,True,1.5569047928,True,0.0083301403,True,1.0394254183,True
2015-09-19,1.0000000000,True,1.1400948763,False,1.5569047928,False,0.0083301403,False,1.0394254183,False
2015-09-20,1.0000000000,True,1.1400948763,False,1.5569047928,False,0.0083301403,False,1.0394254183,False
2015-09-21,1.0000000000,True,1.1292034388,True,1.5528914928,True,0.0083332639,True,1.0316723706,True
2015-09-22,1.0000000000,True,1.1190940142,True,1.5508204699,True,0.0082988929,True,1.0290182855,True
2015-09-23,1.0000000000,True,1.1120749712,True,1.5353907347,True,0.0083277814,True,1.0252204529,True
2015-09-24,1.0000000000,True,1.1189937592,True,1.5252039433,True,0.0083194678,True,1.0213461457,True
2015-09-25,1.0000000000,True,1.1178929806,True,1.5226957798,True,0.0083167001,True,1.0224949030,True
2015-09-26,1.0000000000,True,1.1178929806,False,1.5226957798,False,0.0083167001,False,1.0224949030,False
2015-09-27,1.0000000000,True,1.1178929806,False,1.5226957798,False,0.0083167001,False,1.0224949030,False
2015-09-28,1.0000000000,True,1.1201720238,True,1.5201727152,True,0.0083078562,True,1.0211375242,True
2015-09-29,1.0000000000,True,1.1231033802,True,1.5165071487,True,0.0083444595,True,1.0259567319,True
2015-09-30,1.0000000000,True,1.1255937815,True,1.5157945156,True,0.0083430669,True,1.0298661007,True
2015-10-01,1.0000000000,True,1.1172060966,True,1.5124017000,True,0.0083431364,True,1.0265886526,True
2015-10-02,1.0000000000,True,1.1193444729,True,1.5139129162,True,0.0083465489,True,1.0243802662,True
2015-10-03,1.0000000000,True,1.1193444729,False,1.5139129162,False,0.0083465489,False,1.0243802662,False
2015-10-04,1.0000000000,True,1.1193444729,False,1.5139129162,False,0.0083465489,False,1.0243802662,False
2015-10-05,1.0000000000,True,1.1226998568,True,1.5194103718,True,0.0083336804,True,1.0297600948,True
2015-10-06,1.0000000000,True,1.1195199490,True,1.5154958963,True,0.0083014421,True,1.0252204529,True
2015-10-07,1.0000000000,True,1.1267986298,True,1.5226030350,True,0.0083167001,True,1.0336344904,True
2015-10-08,1.0000000000,True,1.1239995956,True,1.5315576792,True,0.0083392402,True,1.0274324673,True
2015-10-09,1.0000000000,True,1.1286935806,True,1.5351315737,True,0.0083382667,True,1.0349824116,True
2015-10-10,1.0000000000,True,1.1286935806,False,1.5351315737,False,0.0083382667,False,1.0349824116,False
2015-10-11,1.0000000000,True,1.1286935806,False,1.5351315737,False,0.0083382667,False,1.0349824116,False
2015-10-12,1.0000000000,True,1.1369967461,True,1.5323086977,True,0.0083209212,True,1.0405826990,True
2015-10-13,1.0000000000,True,1.1355506182,True,1.5337893963,True,0.0083325694,True,1.0387451857,True
2015-10-14,1.0000000000,True,1.1384983063,True,1.5258090496,True,0.0083528232,True,1.0435145631,True
2015-10-15,1.0000000000,True,1.1475522518,True,1.5480115414,True,0.0084153832,True,1.0532968105,True
2015-10-16,1.0000000000,True,1.1368157864,True,1.5471972227,True,0.0083998318,True,1.0511930766,True
2015-10-17,1.0000000000,True,1.1368157864,False,1.5471972227,False,0.0083998318,False,1.0511930766,False
2015-10-18,1.0000000000,True,1.1368157864,False,1.5471972227,False,0.0083998318,False,1.0511930766,False
2015-10-19,1.0000000000,True,1.1361054182,True,1.5438054800,True,0.0083843383,True,1.0492849231,True
2015-10-20,1.0000000000,True,1.1329005957,True,1.5471972227,True,0.0083679909,True,1.0457297850,True
2015-10-21,1.0000000000,True,1.1353960037,True,1.5449025631,True,0.0083486393,True,1.0459813126,True
2015-10-22,1.0000000000,True,1.1348032951,True,1.5424481630,True,0.0083443198,True,1.0426224304,True
2015-10-23,1.0000000000,True,1.1080945730,True,1.5383669138,True,0.0082740360,True,1.0272213521,True
2015-10-24,1.0000000000,True,1.1080945730,False,1.5383669138,False,0.0082740360,False,1.0272213521,False
2015-10-25,1.0000000000,True,1.1080945730,False,1.5383669138,False,0.0082740360,False,1.0272213521,False
2015-10-26,1.0000000000,True,1.1020376682,True,1.5317454338,True,0.0082442951,True,1.0218679484,True
2015-10-27,1.0000000000,True,1.1065986156,True,1.5357915163,True,0.0082679478,True,1.0178738704,True
2015-10-28,1.0000000000,True,1.1037039757,True,1.5312998295,True,0.0083003397,True,1.0131712377,True
2015-10-29,1.0000000000,True,1.0928961039,True,1.5271838903,True,0.0082740360,True,1.0064412128,True
2015-10-30,1.0000000000,True,1.0993843079,True,1.5323791504,True,0.0082644628,True,1.0114291774,True
2015-10-31,1.0000000000,True,1.0993843079,False,1.5323791504,False,0.0082644628,False,1.0114291774,False
2015-11-01,1.0000000000,True,1.0993843079,False,1.5323791504,False,0.0082644628,False,1.0114291774,False
2015-11-02,1.0000000000,True,1.1025966406,True,1.5441631079,True,0.0082990994,True,1.0139108322,True
2015-11-03,1.0000000000,True,1.1016006470,True,1.5424005985,True,0.0082789680,True,1.0131917351,True
2015-11-04,1.0000000000,True,1.0963950157,True,1.5419248343,True,0.0082579792,True,1.0090817390,True
2015-11-05,1.0000000000,True,1.0868029594,True,1.5390061140,True,0.0082311303,True,1.0071507563,True
2015-11-06,1.0000000000,True,1.0883997679,True,1.5210051537,True,0.0082189530,True,1.0048736072,True
2015-11-07,1.0000000000,True,1.0883997679,False,1.5210051537,False,0.0082189530,False,1.0048736072,False
2015-11-08,1.0000000000,True,1.0883997679,False,1.5210051537,False,0.0082189530,False,1.0048736072,False
2015-11-09,1.0000000000,True,1.0733413696,True,1.5055025816,True,0.0081168833,True,0.9946290604,True
2015-11-10,1.0000000000,True,1.0759514570,True,1.5121043921,True,0.0081249947,True,0.9969294469,True
2015-11-11,1.0000000000,True,1.0737563372,True,1.5138899088,True,0.0081245329,True,0.9948169618,True
2015-11-12,1.0000000000,True,1.0762988329,True,1.5225102901,True,0.0081461747,True,0.9964823918,True
2015-11-13,1.0000000000,True,1.0815019608,True,1.5234612226,True,0.0081592691,True,0.9996401175,True
2015-11-14,1.0000000000,True,1.0815019608,False,1.5234612226,False,0.0081592691,False,0.9996401175,False
2015-11-15,1.0000000000,True,1.0815019608,False,1.5234612226,False,0.0081592691,False,0.9996401175,False
2015-11-16,1.0000000000,True,1.0699993372,True,1.5217920542,True,0.0081723384,True,0.9920634761,True
2015-11-17,1.0000000000,True,1.0687985420,True,1.5204963684,True,0.0081125372,True,0.9906385069,True
2015-11-18,1.0000000000,True,1.0643846989,True,1.5220005512,True,0.0081007736,True,0.9859988439,True
2015-11-19,1.0000000000,True,1.0669966936,True,1.5239256620,True,0.0080955271,True,0.9814505485,True
2015-11-20,1.0000000000,True,1.0726161003,True,1.5288182497,True,0.0081359019,True,0.9867187264,True
2015-11-21,1.0000000000,True,1.0726161003,False,1.5288182497,False,0.0081359019,False,0.9867187264,False
2015-11-22,1.0000000000,True,1.0726161003,False,1.5288182497,False,0.0081359019,False,0.9867187264,False
2015-11-23,1.0000000000,True,1.0641014576,True,1.5189949274,True,0.0081351743,True,0.9808825947,True
2015-11-24,1.0000000000,True,1.0642033815,True,1.5129051208,True,0.0081357035,True,0.9821445987,True
2015-11-25,1.0000000000,True,1.0643846989,True,1.5085914135,True,0.0081629323,True,0.9832842079,True
2015-11-26,1.0000000000,True,1.0624960661,True,1.5123559237,True,0.0081512879,True,0.9787608651,True
2015-11-27,1.0000000000,True,1.0604453087,True,1.5099810362,True,0.0081543453,True,0.9769154651,True
2015-11-28,1.0000000000,True,1.0604453087,False,1.5099810362,False,0.0081543453,False,0.9769154651,False
2015-11-29,1.0000000000,True,1.0604453087,False,1.5099810362,False,0.0081543453,False,0.9769154651,False
2015-11-30,1.0000000000,True,1.0583018064,True,1.5038950443,True,0.0081413334,True,0.9706852995,True
2015-12-01,1.0000000000,True,1.0572947264,True,1.5057973862,True,0.0081162244,True,0.9719117246,True
2015-12-02,1.0000000000,True,1.0625863075,True,1.5077953339,True,0.0081357035,True,0.9744688612,True
2015-12-03,1.0000000000,True,1.0613007545,True,1.4949023724,True,0.0081151706,True,0.9819709942,True
2015-12-04,1.0000000000,True,1.0915957689,True,1.5135004520,True,0.0081530823,True,1.0063399138,True
2015-12-05,1.0000000000,True,1.0915957689,False,1.5135004520,False,0.0081530823,False,1.0063399138,False
2015-12-06,1.0000000000,True,1.0915957689,False,1.5135004520,False,0.0081530823,False,1.0063399138,False
2015-12-07,1.0000000000,True,1.0883997679,True,1.5112588406,True,0.0081175418,True,1.0032102674,True
2015-12-08,1.0000000000,True,1.0834001303,True,1.5050268173,True,0.0081116159,True,0.9996002127,True
2015-12-09,1.0000000000,True,1.0893957615,True,1.5010056496,True,0.0081359019,True,1.0072522187,True
2015-12-10,1.0000000000,True,1.1017948389,True,1.5183953047,True,0.0082169271,True,1.0169836569,True
2015-12-11,1.0000000000,True,1.0948106050,True,1.5160933733,True,0.0082162518,True,1.0121457739,True
2015-12-12,1.0000000000,True,1.0948106050,False,1.5160933733,False,0.0082162518,False,1.0121457739,False
2015-12-13,1.0000000000,True,1.0948106050,False,1.5160933733,False,0.0082162518,False,1.0121457739,False
2015-12-14,1.0000000000,True,1.0983941555,True,1.5198955536,True,0.0082717777,True,1.0164667677,True
2015-12-15,1.0000000000,True,1.0992997885,True,1.5160702467,True,0.0082583205,True,1.0147133661,True
2015-12-16,1.0000000000,True,1.0936251879,True,1.5043702126,True,0.0082186150,True,1.0093974979,True
2015-12-17,1.0000000000,True,1.0874530077,True,1.4977908134,True,0.0081657319,True,1.0073942882,True
2015-12-18,1.0000000000,True,1.0844104290,True,1.4929606915,True,0.0081665988,True,1.0056315119,True
2015-12-19,1.0000000000,True,1.0844104290,False,1.4929606915,False,0.0081665988,False,1.0056315119,False
2015-12-20,1.0000000000,True,1.0844104290,False,1.4929606915,False,0.0081665988,False,1.0056315119,False
2015-12-21,1.0000000000,True,1.0869920254,True,1.4908239841,True,0.0082440229,True,1.0082474869,True
2015-12-22,1.0000000000,True,1.0912979841,True,1.4896912575,True,0.0082504166,True,1.0073537014,True
2015-12-23,1.0000000000,True,1.0950024128,True,1.4823379517,True,0.0082624144,True,1.0123506761,True
2015-12-24,1.0000000000,True,1.0909169912,True,1.4876967669,True,0.0082689050,True,1.0095911428,True
2015-12-25,1.0000000000,True,1.0969964266,True,1.4914243221,True,0.0083215446,True,1.0139417155,True
2015-12-26,1.0000000000,True,1.0969964266,False,1.4914243221,False,0.0083215446,False,1.0139417155,False
2015-12-27,1.0000000000,True,1.0969964266,False,1.4914243221,False,0.0083215446,False,1.0139417155,False
2015-12-28,1.0000000000,True,1.0965994596,True,1.4932059050,True,0.0083173223,True,1.0133971223,True
2015-12-29,1.0000000000,True,1.0975261927,True,1.4894028902,True,0.0083090986,True,1.0122072053,True
2015-12-30,1.0000000000,True,1.0928006172,True,1.4822280407,True,0.0082967585,True,1.0078511900,True
2015-12-31,1.0000000000,True,1.0933980942,True,1.4819205999,True,0.0083022003,True,1.0121457739,True
2016-01-01,1.0000000000,True,1.0859060287,True,1.4738394022,True,0.0083133811,True,0.9986417885,True
2016-01-02,1.0000000000,True,1.0859060287,False,1.4738394022,False,0.0083133811,False,0.9986417885,False
2016-01-03,1.0000000000,True,1.0859060287,False,1.4738394022,False,0.0083133811,False,0.9986417885,False
2016-01-04,1.0000000000,True,1.0853991508,True,1.4737089872,True,0.0083117921,True,1.0005002735,True
2016-01-05,1.0000000000,True,1.0827549696,True,1.4714103937,True,0.0083705122,True,0.9975858934,True
2016-01-06,1.0000000000,True,1.0751993656,True,1.4673944712,True,0.0083961648,True,0.9916700082,True
2016-01-07,1.0000000000,True,1.0778998137,True,1.4629936218,True,0.0084309923,True,0.9926641895,True
2016-01-08,1.0000000000,True,1.0925976038,True,1.4626940489,True,0.0085077420,True,1.0063399138,True
2016-01-09,1.0000000000,True,1.0925976038,False,1.4626940489,False,0.0085077420,False,1.0063399138,False
2016-01-10,1.0000000000,True,1.0925976038,False,1.4626940489,False,0.0085077420,False,1.0063399138,False
2016-01-11,1.0000000000,True,1.0941038132,True,1.4524960518,True,0.0085411683,True,1.0079629066,True
2016-01-12,1.0000000000,True,1.0857999325,True,1.4543974400,True,0.0084997874,True,0.9985022362,True
2016-01-13,1.0000000000,True,1.0843987465,True,1.4436262846,True,0.0084868029,True,0.9971083813,True
2016-01-14,1.0000000000,True,1.0886012316,True,1.4407975674,True,0.0085160739,True,0.9940357438,True
2016-01-15,1.0000000000,True,1.0858942270,True,1.4427100420,True,0.0084600220,True,0.9948268720,True
2016-01-16,1.0000000000,True,1.0858942270,False,1.4427100420,False,0.0084600220,False,0.9948268720,False
2016-01-17,1.0000000000,True,1.0858942270,False,1.4427100420,False,0.0084600220,False,0.9948268720,False
2016-01-18,1.0000000000,True,1.0920010805,True,1.4274091721,True,0.0085477393,True,0.9983028416,True
2016-01-19,1.0000000000,True,1.0895025730,True,1.4253135920,True,0.0085190484,True,0.9950248803,True
2016-01-20,1.0000000000,True,1.0912979841,True,1.4182385206,True,0.0085059327,True,0.9968101535,True
2016-01-21,1.0000000000,True,1.0877013206,True,1.4198495150,True,0.0085372307,True,0.9944607996,True
2016-01-22,1.0000000000,True,1.0862009525,True,1.4226775169,True,0.0084800377,True,0.9921619212,True
2016-01-23,1.0000000000,True,1.0862009525,False,1.4226775169,False,0.0084800377,False,0.9921619212,False
2016-01-24,1.0000000000,True,1.0862009525,False,1.4226775169,False,0.0084800377,False,0.9921619212,False
2016-01-25,1.0000000000,True,1.0799019337,True,1.4260046482,True,0.0084336944,True,0.9841357737,True
2016-01-26,1.0000000000,True,1.0853049755,True,1.4242985249,True,0.0084582335,True,0.9877518464,True
2016-01-27,1.0000000000,True,1.0864958763,True,1.4343086481,True,0.0084473731,True,0.9830521345,True
2016-01-28,1.0000000000,True,1.0907980204,True,1.4249074459,True,0.0084411691,True,0.9859016180,True
2016-01-29,1.0000000000,True,1.0936970711,True,1.4362038374,True,0.0084083074,True,0.9863878234,True
2016-01-30,1.0000000000,True,1.0936970711,False,1.4362038374,False,0.0084083074,False,0.9863878234,False
2016-01-31,1.0000000000,True,1.0936970711,False,1.4362038374,False,0.0084083074,False,0.9863878234,False
2016-02-01,1.0000000000,True,1.0825908184,True,1.4246028662,True,0.0082413057,True,0.9760858837,True
2016-02-02,1.0000000000,True,1.0897282362,True,1.4427932501,True,0.0082754057,True,0.9808729604,True
2016-02-03,1.0000000000,True,1.0922038555,True,1.4409221411,True,0.0083433452,True,0.9816529168,True
2016-02-04,1.0000000000,True,1.1091023684,True,1.4585764408,True,0.0084659666,True,0.9948268720,True
2016-02-05,1.0000000000,True,1.1199964285,True,1.4581085443,True,0.0085568088,True,1.0066539588,True
2016-02-06,1.0000000000,True,1.1199964285,False,1.4581085443,False,0.0085568088,False,1.0066539588,False
2016-02-07,1.0000000000,True,1.1199964285,False,1.4581085443,False,0.0085568088,False,1.0066539588,False
2016-02-08,1.0000000000,True,1.1145040989,True,1.4512102604,True,0.0085506629,True,1.0072522187,True
2016-02-09,1.0000000000,True,1.1189812422,True,1.4436055422,True,0.0086454335,True,1.0130685795,True
2016-02-10,1.0000000000,True,1.1289994717,True,1.4465918541,True,0.0086812336,True,1.0278548950,True
2016-02-11,1.0000000000,True,1.1280952692,True,1.4526438713,True,0.0088298662,True,1.0273268988,True
2016-02-12,1.0000000000,True,1.1317979097,True,1.4482258558,True,0.0088891258,True,1.0284891568,True
2016-02-13,1.0000000000,True,1.1317979097,False,1.4482258558,False,0.0088891258,False,1.0284891568,False
2016-02-14,1.0000000000,True,1.1317979097,False,1.4482258558,False,0.0088891258,False,1.0284891568,False
2016-02-15,1.0000000000,True,1.1225990057,True,1.4518002272,True,0.0087973961,True,1.0222858119,True
2016-02-16,1.0000000000,True,1.1174057722,True,1.4459224939,True,0.0087472229,True,1.0145074450,True
2016-02-17,1.0000000000,True,1.1147029400,True,1.4303901196,True,0.0087657783,True,1.0118384845,True
2016-02-18,1.0000000000,True,1.1122975349,True,1.4281632900,True,0.0087504376,True,1.0075566678,True
2016-02-19,1.0000000000,True,1.1110987663,True,1.4333218336,True,0.0088300221,True,1.0069581068,True
2016-02-20,1.0000000000,True,1.1110987663,False,1.4333218336,False,0.0088300221,False,1.0069581068,False
2016-02-21,1.0000000000,True,1.1110987663,False,1.4333218336,False,0.0088300221,False,1.0069581068,False
2016-02-22,1.0000000000,True,1.1123965979,True,1.4265946150,True,0.0088897582,True,1.0094688001,True
2016-02-23,1.0000000000,True,1.1028033495,True,1.4148073196,True,0.0088518292,True,1.0005002735,True
2016-02-24,1.0000000000,True,1.1027060747,True,1.4013453722,True,0.0089381482,True,1.0090817390,True
2016-02-25,1.0000000000,True,1.1013944149,True,1.3929517269,True,0.0089205272,True,1.0110201404,True
2016-02-26,1.0000000000,True,1.1024993658,True,1.3966480494,True,0.0088403263,True,1.0101010004,True
2016-02-27,1.0000000000,True,1.1024993658,False,1.3966480494,False,0.0088403263,False,1.0101010004,False
2016-02-28,1.0000000000,True,1.1024993658,False,1.3966480494,False,0.0088403263,False,1.0101010004,False
2016-02-29,1.0000000000,True,1.0923947096,True,1.3861935139,True,0.0087981697,True,1.0033109373,True
2016-03-01,1.0000000000,True,1.0888975859,True,1.3927963972,True,0.0088944232,True,1.0023053263,True
2016-03-02,1.0000000000,True,1.0875948668,True,1.3963944912,True,0.0087773194,True,1.0034116274,True
2016-03-03,1.0000000000,True,1.0868973732,True,1.4080938101,True,0.0088132125,True,1.0036130082,True
2016-03-04,1.0000000000,True,1.0948945284,True,1.4174946547,True,0.0087973961,True,1.0077597765,True
2016-03-05,1.0000000000,True,1.0948945284,False,1.4174946547,False,0.0087973961,False,1.0077597765,False
2016-03-06,1.0000000000,True,1.0948945284,False,1.4174946547,False,0.0087973961,False,1.0077597765,False
2016-03-07,1.0000000000,True,1.0993964672,True,1.4215044975,True,0.0087871145,True,1.0061374373,True
2016-03-08,1.0000000000,True,1.1016006470,True,1.4261265993,True,0.0088143001,True,1.0047221994,True
2016-03-09,1.0000000000,True,1.1004005671,True,1.4208581448,True,0.0088762646,True,1.0036029222,True
2016-03-10,1.0000000000,True,1.0989010334,True,1.4206967354,True,0.0088297883,True,1.0018032465,True
2016-03-11,1.0000000000,True,1.1178430319,True,1.4287755489,True,0.0088605351,True,1.0157440419,True
2016-03-12,1.0000000000,True,1.1178430319,False,1.4287755489,False,0.0088605351,False,1.0157440419,False
2016-03-13,1.0000000000,True,1.1178430319,False,1.4287755489,False,0.0088605351,False,1.0157440419,False
2016-03-14,1.0000000000,True,1.1167943478,True,1.4380005598,True,0.0087890453,True,1.0176045689,True
2016-03-15,1.0000000000,True,1.1101982594,True,1.4282041788,True,0.0087850302,True,1.0131506799,True
2016-03-16,1.0000000000,True,1.1109012365,True,1.4156285524,True,0.0088413419,True,1.0131712377,True
2016-03-17,1.0000000000,True,1.1218937635,True,1.4255167246,True,0.0088690224,True,1.0225680677,True
2016-03-18,1.0000000000,True,1.1317979097,True,1.4478065968,True,0.0089806916,True,1.0340726783,True
2016-03-19,1.0000000000,True,1.1317979097,False,1.4478065968,False,0.0089806916,False,1.0340726783,False
2016-03-20,1.0000000000,True,1.1317979097,False,1.4478065968,False,0.0089806916,False,1.0340726783,False
2016-03-21,1.0000000000,True,1.1279042959,True,1.4468011856,True,0.0089730361,True,1.0316403978,True
2016-03-22,1.0000000000,True,1.1235954762,True,1.4370087385,True,0.0089175042,True,1.0301419320,True
2016-03-23,1.0000000000,True,1.1222966909,True,1.4224953651,True,0.0089085273,True,1.0279605090,True
2016-03-24,1.0000000000,True,1.1181054115,True,1.4116916656,True,0.0088967970,True,1.0253255261,True
2016-03-25,1.0000000000,True,1.1167943478,True,1.4130080938,True,0.0088628909,True,1.0246006646,True
2016-03-26,1.0000000000,True,1.1167943478,False,1.4130080938,False,0.0088628909,False,1.0246006646,False
2016-03-27,1.0000000000,True,1.1167943478,False,1.4130080938,False,0.0088628909,False,1.0246006646,False
2016-03-28,1.0000000000,True,1.1159967184,True,1.4131079912,True,0.0088144559,True,1.0221813607,True
2016-03-29,1.0000000000,True,1.1202723980,True,1.4263300896,True,0.0088211426,True,1.0272741228,True
2016-03-30,1.0000000000,True,1.1292034388,True,1.4386419058,True,0.0088746894,True,1.0347681827,True
2016-03-31,1.0000000000,True,1.1334655285,True,1.4374011755,True,0.0088994894,True,1.0363230986,True
2016-04-01,1.0000000000,True,1.1379671097,True,1.4366991520,True,0.0088904692,True,1.0405826990,True
2016-04-02,1.0000000000,True,1.1379671097,False,1.4366991520,False,0.0088904692,False,1.0405826990,False
2016-04-03,1.0000000000,True,1.1379671097,False,1.4366991520,False,0.0088904692,False,1.0405826990,False
2016-04-04,1.0000000000,True,1.1390039921,True,1.4224548340,True,0.0089507886,True,1.0431879992,True
2016-04-05,1.0000000000,True,1.1389002800,True,1.4264928102,True,0.0089887640,True,1.0429703602,True
2016-04-06,1.0000000000,True,1.1382002831,True,1.4156285524,True,0.0090597765,True,1.0455766979,True
2016-04-07,1.0000000000,True,1.1404979229,True,1.4138071537,True,0.0091158536,True,1.0465614999,True
2016-04-08,1.0000000000,True,1.1373976469,True,1.4057974815,True,0.0092227949,True,1.0459157134,True
2016-04-09,1.0000000000,True,1.1373976469,False,1.4057974815,False,0.0092227949,False,1.0459157134,False
2016-04-10,1.0000000000,True,1.1373976469,False,1.4057974815,False,0.0092227949,False,1.0459157134,False
2016-04-11,1.0000000000,True,1.1403028965,True,1.4130080938,True,0.0092326728,True,1.0489327027,True
2016-04-12,1.0000000000,True,1.1412918568,True,1.4234064817,True,0.0092652645,True,1.0481520880,True
2016-04-13,1.0000000000,True,1.1384983063,True,1.4268999100,True,0.0092047129,True,1.0467916128,True
2016-04-14,1.0000000000,True,1.1279042959,True,1.4192047119,True,0.0091390972,True,1.0346611653,True
2016-04-15,1.0000000000,True,1.1270017624,True,1.4146071672,True,0.0091477916,True,1.0348752861,True
2016-04-16,1.0000000000,True,1.1270017624,False,1.4146071672,False,0.0091477916,False,1.0348752861,False
2016-04-17,1.0000000000,True,1.1270017624,False,1.4146071672,False,0.0091477916,False,1.0348752861,False
2016-04-18,1.0000000000,True,1.1299946308,True,1.4174344540,True,0.0092578022,True,1.0348752861,True
2016-04-19,1.0000000000,True,1.1309019327,True,1.4289796352,True,0.0091681719,True,1.0367528703,True
2016-04-20,1.0000000000,True,1.1359634399,True,1.4389524460,True,0.0091541562,True,1.0396631626,True
2016-04-21,1.0000000000,True,1.1305055618,True,1.4338973761,True,0.0091043175,True,1.0296540476,True
2016-04-22,1.0000000000,True,1.1292034388,True,1.4322953224,True,0.0091376777,True,1.0260303929,True
2016-04-23,1.0000000000,True,1.1292034388,False,1.4322953224,False,0.0091376777,False,1.0260303929,False
2016-04-24,1.0000000000,True,1.1292034388,False,1.4322953224,False,0.0091376777,False,1.0260303929,False
2016-04-25,1.0000000000,True,1.1234061718,True,1.4446691275,True,0.0089737610,True,1.0222335525,True
2016-04-26,1.0000000000,True,1.1269001961,True,1.4490653276,True,0.0089979843,True,1.0257462228,True
2016-04-27,1.0000000000,True,1.1299052238,True,1.4577260017,True,0.0089903800,True,1.0271158900,True
2016-04-28,1.0000000000,True,1.1329005957,True,1.4542070627,True,0.0089670017,True,1.0300570549,True
2016-04-29,1.0000000000,True,1.1355893612,True,1.4611338377,True,0.0092527484,True,1.0349824116,True
2016-04-30,1.0000000000,True,1.1355893612,False,1.4611338377,False,0.0092527484,False,1.0349824116,False
2016-05-01,1.0000000000,True,1.1355893612,False,1.4611338377,False,0.0092527484,False,1.0349824116,False
2016-05-02,1.0000000000,True,1.1463025808,True,1.4602802992,True,0.0093938167,True,1.0430791684,True
2016-05-03,1.0000000000,True,1.1524986029,True,1.4665981531,True,0.0093988493,True,1.0469011544,True
2016-05-04,1.0000000000,True,1.1504037380,True,1.4550957680,True,0.0093738282,True,1.0484378028,True
2016-05-05,1.0000000000,True,1.1493064165,True,1.4507049322,True,0.0093527873,True,1.0449429944,True
2016-05-06,1.0000000000,True,1.1406019926,True,1.4492753744,True,0.0093218363,True,1.0331966102,True
2016-05-07,1.0000000000,True,1.1406019926,False,1.4492753744,False,0.0093218363,False,1.0331966102,False
2016-05-08,1.0000000000,True,1.1406019926,False,1.4492753744,False,0.0093218363,False,1.0331966102,False
2016-05-09,1.0000000000,True,1.1387965679,True,1.4430847168,True,0.0093144560,True,1.0282776072,True
2016-05-10,1.0000000000,True,1.1387965679,True,1.4415452480,True,0.0092309679,True,1.0297282404,True
2016-05-11,1.0000000000,True,1.1374363899,True,1.4451494217,True,0.0091580123,True,1.0254306836,True
2016-05-12,1.0000000000,True,1.1427004337,True,1.4438347816,True,0.0092238158,True,1.0301843759,True
2016-05-13,1.0000000000,True,1.1376951933,True,1.4445230961,True,0.0091659030,True,1.0299085218,True
2016-05-14,1.0000000000,True,1.1376951933,False,1.4445230961,False,0.0091659030,False,1.0299085218,False
2016-05-15,1.0000000000,True,1.1376951933,False,1.4445230961,False,0.0091659030,False,1.0299085218,False
2016-05-16,1.0000000000,True,1.1316953897,True,1.4349260330,True,0.0092029336,True,1.0249682271,True
2016-05-17,1.0000000000,True,1.1316057444,True,1.4446901083,True,0.0091675833,True,1.0224949030,True
2016-05-18,1.0000000000,True,1.1316057444,True,1.4455254078,True,0.0091785225,True,1.0204081434,True
2016-05-19,1.0000000000,True,1.1222966909,True,1.4596196413,True,0.0090793536,True,1.0123506761,True
2016-05-20,1.0000000000,True,1.1205987930,True,1.4601097107,True,0.0091007547,True,1.0097950119,True
2016-05-21,1.0000000000,True,1.1205987930,False,1.4601097107,False,0.0091007547,False,1.0097950119,False
2016-05-22,1.0000000000,True,1.1205987930,False,1.4601097107,False,0.0091007547,False,1.0097950119,False
2016-05-23,1.0000000000,True,1.1221708059,True,1.4490653276,True,0.0090867785,True,1.0090715428,True
2016-05-24,1.0000000000,True,1.1216043234,True,1.4481840134,True,0.0091429407,True,1.0104071743,True
2016-05-25,1.0000000000,True,1.1137965918,True,1.4612619877,True,0.0090768813,True,1.0069479535,True
2016-05-26,1.0000000000,True,1.1158970594,True,1.4698317051,True,0.0090817448,True,1.0090817390,True
2016-05-27,1.0000000000,True,1.1192066669,True,1.4664906263,True,0.0091146904,True,1.0109179176,True
2016-05-28,1.0000000000,True,1.1192066669,False,1.4664906263,False,0.0091146904,False,1.0109179176,False
2016-05-29,1.0000000000,True,1.1192066669,False,1.4664906263,False,0.0091146904,False,1.0109179176,False
2016-05-30,1.0000000000,True,1.1110000610,True,1.4626511335,True,0.0090277154,True,1.0053585876,True
2016-05-31,1.0000000000,True,1.1148396730,True,1.4635074139,True,0.0090219320,True,1.0087763677,True
2016-06-01,1.0000000000,True,1.1135981083,True,1.4482468367,True,0.0090358726,True,1.0069681999,True
2016-06-02,1.0000000000,True,1.1189061403,True,1.4419403076,True,0.0091343389,True,1.0116337895,True
2016-06-03,1.0000000000,True,1.1152001619,True,1.4405485392,True,0.0091861105,True,1.0097236636,True
2016-06-04,1.0000000000,True,1.1152001619,False,1.4405485392,False,0.0091861105,False,1.0097236636,False
2016-06-05,1.0000000000,True,1.1152001619,False,1.4405485392,False,0.0091861105,False,1.0097236636,False
2016-06-06,1.0000000000,True,1.1350995302,True,1.4383935928,True,0.0093702270,True,1.0243592510,True
2016-06-07,1.0000000000,True,1.1364023685,True,1.4459224939,True,0.0093076934,True,1.0306728265,True
2016-06-08,1.0000000000,True,1.1357828379,True,1.4543550014,True,0.0093236618,True,1.0361620661,True
2016-06-09,1.0000000000,True,1.1407061815,True,1.4518423080,True,0.0093650497,True,1.0435145631,True
2016-06-10,1.0000000000,True,1.1315033436,True,1.4463825226,True,0.0093379404,True,1.0368926180,True
2016-06-11,1.0000000000,True,1.1315033436,False,1.4463825226,False,0.0093379404,False,1.0368926180,False
2016-06-12,1.0000000000,True,1.1315033436,False,1.4463825226,False,0.0093379404,False,1.0368926180,False
2016-06-13,1.0000000000,True,1.1239995956,True,1.4188824892,True,0.0093893189,True,1.0369141506,True
2016-06-14,1.0000000000,True,1.1291015148,True,1.4206764698,True,0.0094138913,True,1.0388962787,True
2016-06-15,1.0000000000,True,1.1213024855,True,1.4123696089,True,0.0094262258,True,1.0380982152,True
2016-06-16,1.0000000000,True,1.1262656450,True,1.4195874929,True,0.0094473313,True,1.0407993425,True
2016-06-17,1.0000000000,True,1.1252011061,True,1.4295722246,True,0.0095471777,True,1.0362801474,True
2016-06-18,1.0000000000,True,1.1252011061,False,1.4295722246,False,0.0095471777,False,1.0362801474,False
2016-06-19,1.0000000000,True,1.1252011061,False,1.4295722246,False,0.0095471777,False,1.0362801474,False
2016-06-20,1.0000000000,True,1.1349062920,True,1.4585976601,True,0.0095558441,True,1.0418837204,True
2016-06-21,1.0000000000,True,1.1322976351,True,1.4675022364,True,0.0096316846,True,1.0401498114,True
2016-06-22,1.0000000000,True,1.1250618696,True,1.4670286179,True,0.0095538360,True,1.0396091115,True
2016-06-23,1.0000000000,True,1.1328235865,True,1.4789398909,True,0.0095556616,True,1.0421009060,True
2016-06-24,1.0000000000,True,1.1324002743,True,1.4557948112,True,0.0095332516,True,1.0397712818,True
2016-06-25,1.0000000000,True,1.1324002743,False,1.4557948112,False,0.0095332516,False,1.0397712818,False
2016-06-26,1.0000000000,True,1.1324002743,False,1.4557948112,False,0.0095332516,False,1.0397712818,False
2016-06-27,1.0000000000,True,1.1035944223,True,1.3450984955,True,0.0097917300,True,1.0281719281,True
2016-06-28,1.0000000000,True,1.1015034914,True,1.3235040903,True,0.0098220253,True,1.0219201704,True
2016-06-29,1.0000000000,True,1.1073951721,True,1.3350956440,True,0.0097370039,True,1.0199918132,True
2016-06-30,1.0000000000,True,1.1128050089,True,1.3465837240,True,0.0097297087,True,1.0211688493,True
2016-07-01,1.0000000000,True,1.1106051207,True,1.3328713179,True,0.0097018620,True,1.0243382992,True
2016-07-02,1.0000000000,True,1.1106051207,False,1.3328713179,False,0.0097018620,False,1.0243382992,False
2016-07-03,1.0000000000,True,1.1106051207,False,1.3328713179,False,0.0097018620,False,1.0243382992,False
2016-07-04,1.0000000000,True,1.1131023169,True,1.3289920092,True,0.0097572400,True,1.0262725950,True
2016-07-05,1.0000000000,True,1.1146035194,True,1.3279860020,True,0.0097543848,True,1.0299085218,True
2016-07-06,1.0000000000,True,1.1065007448,True,1.2957899570,True,0.0098871873,True,1.0236462473,True
2016-07-07,1.0000000000,True,1.1099025011,True,1.2925908566,True,0.0098863073,True,1.0258514665,True
2016-07-08,1.0000000000,True,1.1065741777,True,1.2915725708,True,0.0099216191,True,1.0217635825,True
2016-07-09,1.0000000000,True,1.1065741777,False,1.2915725708,False,0.0099216191,False,1.0217635825,False
2016-07-10,1.0000000000,True,1.1065741777,False,1.2915725708,False,0.0099216191,False,1.0217635825,False
2016-07-11,1.0000000000,True,1.1043988466,True,1.2946157455,True,0.0099312754,True,1.0172940182,True
2016-07-12,1.0000000000,True,1.1058032513,True,1.2981113195,True,0.0097538135,True,1.0176356159,True
2016-07-13,1.0000000000,True,1.1062926054,True,1.3278273344,True,0.0095459929,True,1.0110610231,True
2016-07-14,1.0000000000,True,1.1094961166,True,1.3119744062,True,0.0096083635,True,1.0159504037,True
2016-07-15,1.0000000000,True,1.1106051207,True,1.3357912302,True,0.0095065165,True,1.0189836945,True
2016-07-16,1.0000000000,True,1.1106051207,False,1.3357912302,False,0.0095065165,False,1.0189836945,False
2016-07-17,1.0000000000,True,1.1106051207,False,1.3357912302,False,0.0095065165,False,1.0189836945,False
2016-07-18,1.0000000000,True,1.1053143740,True,1.3229613304,True,0.0094823581,True,1.0164667677,True
2016-07-19,1.0000000000,True,1.1071866751,True,1.3268934488,True,0.0094209859,True,1.0175941998,True
2016-07-20,1.0000000000,True,1.1013579369,True,1.3108392954,True,0.0094217850,True,1.0141781820,True
2016-07-21,1.0000000000,True,1.1019526720,True,1.3264534473,True,0.0093280099,True,1.0138491939,True
2016-07-22,1.0000000000,True,1.1032899618,True,1.3246086836,True,0.0094508135,True,1.0152902793,True
2016-07-23,1.0000000000,True,1.1032899618,False,1.3246086836,False,0.0094508135,False,1.0152902793,False
2016-07-24,1.0000000000,True,1.1032899618,False,1.3246086836,False,0.0094508135,False,1.0152902793,False
2016-07-25,1.0000000000,True,1.0970445871,True,1.3129734993,True,0.0094050377,True,1.0120023612,True
2016-07-26,1.0000000000,True,1.0991184711,True,1.3107877970,True,0.0094716700,True,1.0143016689,True
2016-07-27,1.0000000000,True,1.0987803936,True,1.3152875900,True,0.0095375255,True,1.0080645326,True
2016-07-28,1.0000000000,True,1.1073460579,True,1.3237843513,True,0.0095282564,True,1.0155583571,True
2016-07-29,1.0000000000,True,1.1084384918,True,1.3161878586,True,0.0095469948,True,1.0208978016,True
2016-07-30,1.0000000000,True,1.1084384918,False,1.3161878586,False,0.0095469948,False,1.0208978016,False
2016-07-31,1.0000000000,True,1.1084384918,False,1.3161878586,False,0.0095469948,False,1.0208978016,False
2016-08-01,1.0000000000,True,1.1168068647,True,1.3216325045,True,0.0097721142,True,1.0315233714,True
2016-08-02,1.0000000000,True,1.1168068647,True,1.3185480833,True,0.0097695365,True,1.0328871542,True
2016-08-03,1.0000000000,True,1.1219062805,True,1.3337779045,True,0.0098943285,True,1.0363983197,True
2016-08-04,1.0000000000,True,1.1151504517,True,1.3328002691,True,0.0098680642,True,1.0280767913,True
2016-08-05,1.0000000000,True,1.1134741306,True,1.3129217625,True,0.0098815208,True,1.0269260246,True
2016-08-06,1.0000000000,True,1.1134741306,False,1.3129217625,False,0.0098815208,False,1.0269260246,False
2016-08-07,1.0000000000,True,1.1134741306,False,1.3129217625,False,0.0098815208,False,1.0269260246,False
2016-08-08,1.0000000000,True,1.1089547873,True,1.3085750341,True,0.0097900047,True,1.0199086003,True
2016-08-09,1.0000000000,True,1.1083648205,True,1.3032373190,True,0.0097763177,True,1.0175010104,True
2016-08-10,1.0000000000,True,1.1115804911,True,1.3007115126,True,0.0098120982,True,1.0189421067,True
2016-08-11,1.0000000000,True,1.1186434031,True,1.3020155430,True,0.0098879690,True,1.0269260246,True
2016-08-12,1.0000000000,True,1.1139082909,True,1.2954877615,True,0.0098224109,True,1.0256936090,True
2016-08-13,1.0000000000,True,1.1139082909,False,1.2954877615,False,0.0098224109,False,1.0256936090,False
2016-08-14,1.0000000000,True,1.1139082909,False,1.2954877615,False,0.0098224109,False,1.0256936090,False
2016-08-15,1.0000000000,True,1.1166945696,True,1.2909888029,True,0.0098733255,True,1.0260409347,True
2016-08-16,1.0000000000,True,1.1184055805,True,1.2883111238,True,0.0098775190,True,1.0278231584,True
2016-08-17,1.0000000000,True,1.1275991201,True,1.3033730984,True,0.0099800402,True,1.0398901872,True
2016-08-18,1.0000000000,True,1.1298924685,True,1.3044612408,True,0.0100094090,True,1.0401389777,True
2016-08-19,1.0000000000,True,1.1349449158,True,1.3166556358,True,0.0099888126,True,1.0476689152,True
2016-08-20,1.0000000000,True,1.1349449158,False,1.3166556358,False,0.0099888126,False,1.0476689152,False
2016-08-21,1.0000000000,True,1.1349449158,False,1.3166556358,False,0.0099888126,False,1.0476689152,False
2016-08-22,1.0000000000,True,1.1298158169,True,1.3056023121,True,0.0099449051,True,1.0396631626,True
2016-08-23,1.0000000000,True,1.1319260597,True,1.3137152195,True,0.0099749629,True,1.0390366049,True
2016-08-24,1.0000000000,True,1.1300839186,True,1.3196094036,True,0.0099689967,True,1.0380012327,True
2016-08-25,1.0000000000,True,1.1263798475,True,1.3234516382,True,0.0099451028,True,1.0339123443,True
2016-08-26,1.0000000000,True,1.1290504932,True,1.3194352388,True,0.0099448063,True,1.0341368640,True
2016-08-27,1.0000000000,True,1.1290504932,False,1.3194352388,False,0.0099448063,False,1.0341368640,False
2016-08-28,1.0000000000,True,1.1290504932,False,1.3194352388,False,0.0099448063,False,1.0341368640,False
2016-08-29,1.0000000000,True,1.1199462414,True,1.3128528595,True,0.0098116171,True,1.0227667994,True
2016-08-30,1.0000000000,True,1.1192818880,True,1.3107877970,True,0.0098223145,True,1.0227772743,True
2016-08-31,1.0000000000,True,1.1153244972,True,1.3090718985,True,0.0097211965,True,1.0172008838,True
2016-09-01,1.0000000000,True,1.1160713434,True,1.3133701086,True,0.0096803545,True,1.0167044752,True
2016-09-02,1.0000000000,True,1.1200717688,True,1.3274923563,True,0.0096844793,True,1.0208248136,True
2016-09-03,1.0000000000,True,1.1200717688,False,1.3274923563,False,0.0096844793,False,1.0208248136,False
2016-09-04,1.0000000000,True,1.1200717688,False,1.3274923563,False,0.0096844793,False,1.0208248136,False
2016-09-05,1.0000000000,True,1.1161960363,True,1.3294336796,True,0.0096214907,True,1.0204081434,True
2016-09-06,1.0000000000,True,1.1153244972,True,1.3313806057,True,0.0096609021,True,1.0203665013,True
2016-09-07,1.0000000000,True,1.1253657341,True,1.3421016932,True,0.0098497905,True,1.0309172255,True
2016-09-08,1.0000000000,True,1.1241008043,True,1.3338668346,True,0.0098203849,True,1.0312255020,True
2016-09-09,1.0000000000,True,1.1271415949,True,1.3310263157,True,0.0097745978,True,1.0289547967,True
2016-09-10,1.0000000000,True,1.1271415949,False,1.3310263157,False,0.0097745978,False,1.0289547967,False
2016-09-11,1.0000000000,True,1.1271415949,False,1.3310263157,False,0.0097745978,False,1.0289547967,False
2016-09-12,1.0000000000,True,1.1241133213,True,1.3273161650,True,0.0097620020,True,1.0258303910,True
2016-09-13,1.0000000000,True,1.1243535280,True,1.3338668346,True,0.0098279133,True,1.0294632428,True
2016-09-14,1.0000000000,True,1.1218686104,True,1.3194352388,True,0.0097557171,True,1.0236881575,True
2016-09-15,1.0000000000,True,1.1247328520,True,1.3264359236,True,0.0097515313,True,1.0274429750,True
2016-09-16,1.0000000000,True,1.1245937347,True,1.3247665167,True,0.0098031524,True,1.0296222629,True
2016-09-17,1.0000000000,True,1.1245937347,False,1.3247665167,False,0.0098031524,False,1.0296222629,False
2016-09-18,1.0000000000,True,1.1245937347,False,1.3247665167,False,0.0098031524,False,1.0296222629,False
2016-09-19,1.0000000000,True,1.1158473492,True,1.3016257286,True,0.0097745023,True,1.0207727035,True
2016-09-20,1.0000000000,True,1.1180679798,True,1.3044612408,True,0.0098187459,True,1.0203665013,True
2016-09-21,1.0000000000,True,1.1153992414,True,1.2985326052,True,0.0098476570,True,1.0214504885,True
2016-09-22,1.0000000000,True,1.1193194389,True,1.3036110401,True,0.0099608541,True,1.0275063403,True
2016-09-23,1.0000000000,True,1.1210134029,True,1.3087291718,True,0.0099175847,True,1.0320982292,True
2016-09-24,1.0000000000,True,1.1210134029,False,1.3087291718,False,0.0099175847,False,1.0320982292,False
2016-09-25,1.0000000000,True,1.1210134029,False,1.3087291718,False,0.0099175847,False,1.0320982292,False
2016-09-26,1.0000000000,True,1.1239238977,True,1.2978584766,True,0.0099118834,True,1.0317468546,True
2016-09-27,1.0000000000,True,1.1249859333,True,1.2969495058,True,0.0099642283,True,1.0319704347,True
2016-09-28,1.0000000000,True,1.1219567060,True,1.3012362719,True,0.0099534178,True,1.0303223583,True
2016-09-29,1.0000000000,True,1.1224982738,True,1.3039510250,True,0.0099073664,True,1.0303967108,True
2016-09-30,1.0000000000,True,1.1219567060,True,1.2963443995,True,0.0098815208,True,1.0350895594,True
2016-10-01,1.0000000000,True,1.1219567060,False,1.2963443995,False,0.0098815208,False,1.0350895594,False
2016-10-02,1.0000000000,True,1.1219567060,False,1.2963443995,False,0.0098815208,False,1.0350895594,False
2016-10-03,1.0000000000,True,1.1234692335,True,1.2931592464,True,0.0098461050,True,1.0287113271,True
2016-10-04,1.0000000000,True,1.1210385561,True,1.2848516703,True,0.0098215424,True,1.0269682039,True
2016-10-05,1.0000000000,True,1.1210762262,True,1.2732366323,True,0.0097200625,True,1.0221395114,True
2016-10-06,1.0000000000,True,1.1208249331,True,1.2755101919,True,0.0096655713,True,1.0266940693,True
2016-10-07,1.0000000000,True,1.1144545078,True,1.2402331829,True,0.0096371609,True,1.0197213900,True
2016-10-08,1.0000000000,True,1.1144545078,False,1.2402331829,False,0.0096371609,False,1.0197213900,False
2016-10-09,1.0000000000,True,1.1144545078,False,1.2402331829,False,0.0096371609,False,1.0197213900,False
2016-10-10,1.0000000000,True,1.1196954250,True,1.2434717417,True,0.0097070417,True,1.0228191134,True
2016-10-11,1.0000000000,True,1.1140819788,True,1.2341108322,True,0.0096434807,True,1.0181743944,True
2016-10-12,1.0000000000,True,1.1061947346,True,1.2278977633,True,0.0096766075,True,1.0122481841,True
2016-10-13,1.0000000000,True,1.1011881828,True,1.2187690735,True,0.0095873599,True,1.0101010004,True
2016-10-14,1.0000000000,True,1.1049723625,True,1.2221950293,True,0.0096411562,True,1.0135409307,True
2016-10-15,1.0000000000,True,1.1049723625,False,1.2221950293,False,0.0096411562,False,1.0135409307,False
2016-10-16,1.0000000000,True,1.1049723625,False,1.2221950293,False,0.0096411562,False,1.0135409307,False
2016-10-17,1.0000000000,True,1.0967799425,True,1.2183235884,True,0.0096117801,True,1.0097134544,True
2016-10-18,1.0000000000,True,1.1015641689,True,1.2218962908,True,0.0096291805,True,1.0122584446,True
2016-10-19,1.0000000000,True,1.0976948738,True,1.2304663658,True,0.0096278825,True,1.0100398243,True
2016-10-20,1.0000000000,True,1.0975141525,True,1.2289540768,True,0.0096720219,True,1.0110405508,True
2016-10-21,1.0000000000,True,1.0930395126,True,1.2256402969,True,0.0096053174,True,1.0076582119,True
2016-10-22,1.0000000000,True,1.0930395126,False,1.2256402969,False,0.0096053174,False,1.0076582119,False
2016-10-23,1.0000000000,True,1.0930395126,False,1.2256402969,False,0.0096053174,False,1.0076582119,False
2016-10-24,1.0000000000,True,1.0882576704,True,1.2219113111,True,0.0096230646,True,1.0058237145,True
2016-10-25,1.0000000000,True,1.0875475407,True,1.2217471600,True,0.0095857978,True,1.0061374373,True
2016-10-26,1.0000000000,True,1.0887316465,True,1.2175818682,True,0.0096011676,True,1.0054394431,True
2016-10-27,1.0000000000,True,1.0912027359,True,1.2235409021,True,0.0095636120,True,1.0067451718,True
2016-10-28,1.0000000000,True,1.0900371075,True,1.2171372175,True,0.0095048903,True,1.0062589134,True
2016-10-29,1.0000000000,True,1.0900371075,False,1.2171372175,False,0.0095048903,False,1.0062589134,False
2016-10-30,1.0000000000,True,1.0900371075,False,1.2171372175,False,0.0095048903,False,1.0062589134,False
2016-10-31,1.0000000000,True,1.0984665155,True,1.2215979099,True,0.0095634292,True,1.0127710616,True
2016-11-01,1.0000000000,True,1.0973334312,True,1.2236906290,True,0.0095401641,True,1.0109179176,True
2016-11-02,1.0000000000,True,1.1057054996,True,1.2238553762,True,0.0096068860,True,1.0256410006,True
2016-11-03,1.0000000000,True,1.1097548008,True,1.2304663658,True,0.0096732382,True,1.0277069963,True
2016-11-04,1.0000000000,True,1.1102476120,True,1.2468827963,True,0.0097038387,True,1.0264832575,True
2016-11-05,1.0000000000,True,1.1102476120,False,1.2468827963,False,0.0097038387,False,1.0264832575,False
2016-11-06,1.0000000000,True,1.1102476120,False,1.2468827963,False,0.0097038387,False,1.0264832575,False
2016-11-07,1.0000000000,True,1.1101243496,True,1.2489072084,True,0.0095973895,True,1.0263357532,True
2016-11-08,1.0000000000,True,1.1052166224,True,1.2399256229,True,0.0095750586,True,1.0266940693,True
2016-11-09,1.0000000000,True,1.1019041538,True,1.2388503551,True,0.0095210893,True,1.0209707379,True
2016-11-10,1.0000000000,True,1.0920606852,True,1.2420816422,True,0.0094470637,True,1.0157027795,True
2016-11-11,1.0000000000,True,1.0889687538,True,1.2553352118,True,0.0093583886,True,1.0129146923,True
2016-11-12,1.0000000000,True,1.0889687538,False,1.2553352118,False,0.0093583886,False,1.0129146923,False
2016-11-13,1.0000000000,True,1.0889687538,False,1.2553352118,False,0.0093583886,False,1.0129146923,False
2016-11-14,1.0000000000,True,1.0824854374,True,1.2573871613,True,0.0093570752,True,1.0106012069,True
2016-11-15,1.0000000000,True,1.0750375986,True,1.2520345449,True,0.0092419730,True,1.0029084389,True
2016-11-16,1.0000000000,True,1.0727311373,True,1.2456402779,True,0.0091711145,True,0.9986119490,True
2016-11-17,1.0000000000,True,1.0706638098,True,1.2442454100,True,0.0091924435,True,0.9991906285,True
2016-11-18,1.0000000000,True,1.0623041391,True,1.2410026789,True,0.0090698015,True,0.9929500683,True
2016-11-19,1.0000000000,True,1.0623041391,False,1.2410026789,False,0.0090698015,False,0.9929500683,False
2016-11-20,1.0000000000,True,1.0623041391,False,1.2410026789,False,0.0090698015,False,0.9929500683,False
2016-11-21,1.0000000000,True,1.0584250689,True,1.2324377298,True,0.0090112010,True,0.9890707818,True
2016-11-22,1.0000000000,True,1.0638864040,True,1.2493752241,True,0.0090375055,True,0.9922406679,True
2016-11-23,1.0000000000,True,1.0633772612,True,1.2423903942,True,0.0090085223,True,0.9891686338,True
2016-11-24,1.0000000000,True,1.0545185804,True,1.2433171272,True,0.0088824145,True,0.9828396312,True
2016-11-25,1.0000000000,True,1.0561892986,True,1.2452834845,True,0.0088267486,True,0.9836710480,True
2016-11-26,1.0000000000,True,1.0561892986,False,1.2452834845,False,0.0088267486,False,0.9836710480,False
2016-11-27,1.0000000000,True,1.0561892986,False,1.2452834845,False,0.0088267486,False,0.9836710480,False
2016-11-28,1.0000000000,True,1.0612331629,True,1.2481278181,True,0.0088768952,True,0.9876542745,True
2016-11-29,1.0000000000,True,1.0621348619,True,1.2411566973,True,0.0089533528,True,0.9878104686,True
2016-11-30,1.0000000000,True,1.0648492575,True,1.2492192984,True,0.0088912598,True,0.9884744083,True
2016-12-01,1.0000000000,True,1.0592098236,True,1.2517211437,True,0.0087188519,True,0.9832842079,True
2016-12-02,1.0000000000,True,1.0663141012,True,1.2589701414,True,0.0087789378,True,0.9895210148,True
2016-12-03,1.0000000000,True,1.0663141012,False,1.2589701414,False,0.0087789378,False,0.9895210148,False
2016-12-04,1.0000000000,True,1.0663141012,False,1.2589701414,False,0.0087789378,False,0.9895210148,False
2016-12-05,1.0000000000,True,1.0582010746,True,1.2667849064,True,0.0088101848,True,0.9863878234,True
2016-12-06,1.0000000000,True,1.0757315159,True,1.2728476524,True,0.0087824843,True,0.9930486895,True
2016-12-07,1.0000000000,True,1.0720411539,True,1.2671059370,True,0.0087679303,True,0.9901676211,True
2016-12-08,1.0000000000,True,1.0761945248,True,1.2627857924,True,0.0087940695,True,0.9932755101,True
2016-12-09,1.0000000000,True,1.0621348619,True,1.2584948540,True,0.0087661628,True,0.9843585406,True
2016-12-10,1.0000000000,True,1.0621348619,False,1.2584948540,False,0.0087661628,False,0.9843585406,False
2016-12-11,1.0000000000,True,1.0621348619,False,1.2584948540,False,0.0087661628,False,0.9843585406,False
2016-12-12,1.0000000000,True,1.0547411442,True,1.2597631216,True,0.0086646101,True,0.9822797308,True
2016-12-13,1.0000000000,True,1.0641694069,True,1.2675877810,True,0.0086955010,True,0.9868746247,True
2016-12-14,1.0000000000,True,1.0629251003,True,1.2663036585,True,0.0086787476,True,0.9883181206,True
2016-12-15,1.0000000000,True,1.0514141321,True,1.2538242340,True,0.0085316226,True,0.9783587065,True
2016-12-16,1.0000000000,True,1.0418837070,True,1.2423903942,True,0.0084573035,True,0.9711000592,True
2016-12-17,1.0000000000,True,1.0418837070,False,1.2423903942,False,0.0084573035,False,0.9711000592,False
2016-12-18,1.0000000000,True,1.0418837070,False,1.2423903942,False,0.0084573035,False,0.9711000592,False
2016-12-19,1.0000000000,True,1.0449975729,True,1.2489072084,True,0.0084896129,True,0.9739943320,True
2016-12-20,1.0000000000,True,1.0405826569,True,1.2390038967,True,0.0085443063,True,0.9735392457,True
2016-12-21,1.0000000000,True,1.0390473604,True,1.2365524769,True,0.0084835631,True,0.9718456291,True
2016-12-22,1.0000000000,True,1.0428615808,True,1.2354830503,True,0.0085031124,True,0.9740892235,True
2016-12-23,1.0000000000,True,1.0437650681,True,1.2285012007,True,0.0085075973,True,0.9750485629,True
2016-12-24,1.0000000000,True,1.0437650681,False,1.2285012007,False,0.0085075973,False,0.9750485629,False
2016-12-25,1.0000000000,True,1.0437650681,False,1.2285012007,False,0.0085075973,False,0.9750485629,False
2016-12-26,1.0000000000,True,1.0454783440,True,1.2289540768,True,0.0085244226,True,0.9745638452,True
2016-12-27,1.0000000000,True,1.0456969738,True,1.2275964022,True,0.0085330056,True,0.9738710799,True
2016-12-28,1.0000000000,True,1.0462330580,True,1.2275964022,True,0.0085120869,True,0.9732359781,True
2016-12-29,1.0000000000,True,1.0416991711,True,1.2224938869,True,0.0085406579,True,0.9726112894,True
2016-12-30,1.0000000000,True,1.0575296879,True,1.2288031578,True,0.0086008929,True,0.9831875165,True
2016-12-31,1.0000000000,True,1.0575296879,False,1.2288031578,False,0.0086008929,False,0.9831875165,False
2017-01-01,1.0000000000,True,1.0575296879,False,1.2288031578,False,0.0086008929,False,0.9831875165,False
2017-01-02,1.0000000000,True,1.0526980162,True,1.2349033356,True,0.0085620105,True,0.9816529168,True
2017-01-03,1.0000000000,True,1.0460032225,True,1.2281994820,True,0.0085110003,True,0.9763813841,True
2017-01-04,1.0000000000,True,1.0419923067,True,1.2245597839,True,0.0084991376,True,0.9745638452,True
2017-01-05,1.0000000000,True,1.0500892401,True,1.2326807976,True,0.0085387618,True,0.9802768065,True
2017-01-06,1.0000000000,True,1.0605915785,True,1.2425447702,True,0.0086756605,True,0.9903049701,True
2017-01-07,1.0000000000,True,1.0605915785,False,1.2425447702,False,0.0086756605,False,0.9903049701,False
2017-01-08,1.0000000000,True,1.0605915785,False,1.2425447702,False,0.0086756605,False,0.9903049701,False
2017-01-09,1.0000000000,True,1.0531858206,True,1.2260912657,True,0.0085360648,True,0.9828782090,True
2017-01-10,1.0000000000,True,1.0588620901,True,1.2173447609,True,0.0086218045,True,0.9861543989,True
2017-01-11,1.0000000000,True,1.0552419424,True,1.2174336910,True,0.0086302125,True,0.9834485922,True
2017-01-12,1.0000000000,True,1.0597710609,True,1.2214486599,True,0.0086882483,True,0.9871375463,True
2017-01-13,1.0000000000,True,1.0616837740,True,1.2165449858,True,0.0087211329,True,0.9898049690,True
2017-01-14,1.0000000000,True,1.0616837740,False,1.2165449858,False,0.0087211329,False,0.9898049690,False
2017-01-15,1.0000000000,True,1.0616837740,False,1.2165449858,False,0.0087211329,False,0.9898049690,False
2017-01-16,1.0000000000,True,1.0628687143,True,1.2039345503,True,0.0087544978,True,0.9902656902,True
2017-01-17,1.0000000000,True,1.0602991581,True,1.2040214539,True,0.0087602495,True,0.9890218048,True
2017-01-18,1.0000000000,True,1.0696789026,True,1.2388043404,True,0.0088591224,True,0.9970785150,True
2017-01-19,1.0000000000,True,1.0627783537,True,1.2259709835,True,0.0087136856,True,0.9922603858,True
2017-01-20,1.0000000000,True,1.0659730434,True,1.2338367701,True,0.0086971645,True,0.9937098038,True
2017-01-21,1.0000000000,True,1.0659730434,False,1.2338367701,False,0.0086971645,False,0.9937098038,False
2017-01-22,1.0000000000,True,1.0659730434,False,1.2338367701,False,0.0086971645,False,0.9937098038,False
2017-01-23,1.0000000000,True,1.0713750124,True,1.2386969328,True,0.0087865743,True,0.9990907837,True
2017-01-24,1.0000000000,True,1.0760787725,True,1.2517211437,True,0.0088668205,True,1.0026570638,True
2017-01-25,1.0000000000,True,1.0728693008,True,1.2533055544,True,0.0087842589,True,0.9989311211,True
2017-01-26,1.0000000000,True,1.0751993656,True,1.2634079456,True,0.0088266707,True,1.0009609149,True
2017-01-27,1.0000000000,True,1.0682961941,True,1.2595410347,True,0.0087370581,True,1.0001000266,True
2017-01-28,1.0000000000,True,1.0682961941,False,1.2595410347,False,0.0087370581,False,1.0001000266,False
2017-01-29,1.0000000000,True,1.0682961941,False,1.2595410347,False,0.0087370581,False,1.0001000266,False
2017-01-30,1.0000000000,True,1.0713980198,True,1.2591921091,True,0.0087208289,True,1.0026067919,True
2017-01-31,1.0000000000,True,1.0708587170,True,1.2500000000,True,0.0087989440,True,1.0056719600,True
2017-02-01,1.0000000000,True,1.0803803205,True,1.2589701414,True,0.0088697306,True,1.0111223229,True
2017-02-02,1.0000000000,True,1.0767391920,True,1.2661433220,True,0.0088252687,True,1.0069378003,True
2017-02-03,1.0000000000,True,1.0761713982,True,1.2520031929,True,0.0088661127,True,1.0076074373,True
2017-02-04,1.0000000000,True,1.0761713982,False,1.2520031929,False,0.0088661127,False,1.0076074373,False
2017-02-05,1.0000000000,True,1.0761713982,False,1.2520031929,False,0.0088661127,False,1.0076074373,False
2017-02-06,1.0000000000,True,1.0782949924,True,1.2484238148,True,0.0088779197,True,1.0077089917,True
2017-02-07,1.0000000000,True,1.0743216276,True,1.2468360662,True,0.0089423839,True,1.0087254803,True
2017-02-08,1.0000000000,True,1.0678056479,True,1.2496250868,True,0.0088978262,True,1.0022048581,True
2017-02-09,1.0000000000,True,1.0692213774,True,1.2528030872,True,0.0089323993,True,1.0047928427,True
2017-02-10,1.0000000000,True,1.0658594370,True,1.2498124838,True,0.0088156991,True,0.9986019633,True
2017-02-11,1.0000000000,True,1.0658594370,False,1.2498124838,False,0.0088156991,False,0.9986019633,False
2017-02-12,1.0000000000,True,1.0658594370,False,1.2498124838,False,0.0088156991,False,0.9986019633,False
2017-02-13,1.0000000000,True,1.0619543791,True,1.2484550476,True,0.0087785521,True,0.9956192604,True
2017-02-14,1.0000000000,True,1.0598497391,True,1.2523010969,True,0.0087946879,True,0.9944312095,True
2017-02-15,1.0000000000,True,1.0578316450,True,1.2470382452,True,0.0087488297,True,0.9937789069,True
2017-02-16,1.0000000000,True,1.0607378483,True,1.2469760180,True,0.0087633203,True,0.9953417632,True
2017-02-17,1.0000000000,True,1.0672245026,True,1.2489228249,True,0.0088257358,True,1.0027676317,True
2017-02-18,1.0000000000,True,1.0672245026,False,1.2489228249,False,0.0088257358,False,1.0027676317,False
2017-02-19,1.0000000000,True,1.0672245026,False,1.2489228249,False,0.0088257358,False,1.0027676317,False
2017-02-20,1.0000000000,True,1.0626653433,True,1.2433944941,True,0.0088565328,True,0.9981434307,True
2017-02-21,1.0000000000,True,1.0609403849,True,1.2473337650,True,0.0088276837,True,0.9967505767,True
2017-02-22,1.0000000000,True,1.0542073250,True,1.2487044334,True,0.0087974735,True,0.9909821022,True
2017-02-23,1.0000000000,True,1.0554089546,True,1.2453765869,True,0.0088170204,True,0.9893153898,True
2017-02-24,1.0000000000,True,1.0584474802,True,1.2556189299,True,0.0088745319,True,0.9939172597,True
2017-02-25,1.0000000000,True,1.0584474802,False,1.2556189299,False,0.0088745319,False,0.9939172597,False
2017-02-26,1.0000000000,True,1.0584474802,False,1.2556189299,False,0.0088745319,False,0.9939172597,False
2017-02-27,1.0000000000,True,1.0552753210,True,1.2399563789,True,0.0089136090,True,0.9912079797,True
2017-02-28,1.0000000000,True,1.0584250689,True,1.2439358234,True,0.0088695727,True,0.9906188534,True
2017-03-01,1.0000000000,True,1.0569148064,True,1.2378076315,True,0.0088435311,True,0.9934333698,True
2017-03-02,1.0000000000,True,1.0535852909,True,1.2272198200,True,0.0087626290,True,0.9897951586,True
2017-03-03,1.0000000000,True,1.0509721041,True,1.2274758816,True,0.0087456925,True,0.9869427804,True
2017-03-04,1.0000000000,True,1.0509721041,False,1.2274758816,False,0.0087456925,False,0.9869427804,False
2017-03-05,1.0000000000,True,1.0509721041,False,1.2274758816,False,0.0087456925,False,0.9869427804,False
2017-03-06,1.0000000000,True,1.0620446205,True,1.2300122976,True,0.0087837185,True,0.9921323504,True
2017-03-07,1.0000000000,True,1.0579211712,True,1.2242898941,True,0.0087783211,True,0.9880642294,True
2017-03-08,1.0000000000,True,1.0570154190,True,1.2204499245,True,0.0087776274,True,0.9871083904,True
2017-03-09,1.0000000000,True,1.0547411442,True,1.2177301645,True,0.0087404181,True,0.9858724192,True
2017-03-10,1.0000000000,True,1.0578428507,True,1.2157316208,True,0.0086844001,True,0.9878201233,True
2017-03-11,1.0000000000,True,1.0578428507,False,1.2157316208,False,0.0086844001,False,0.9878201233,False
2017-03-12,1.0000000000,True,1.0578428507,False,1.2157316208,False,0.0086844001,False,0.9878201233,False
2017-03-13,1.0000000000,True,1.0690041780,True,1.2171372175,True,0.0087159640,True,0.9905893745,True
2017-03-14,1.0000000000,True,1.0651443005,True,1.2205988169,True,0.0087020841,True,0.9926543224,True
2017-03-15,1.0000000000,True,1.0612443686,True,1.2157464027,True,0.0087215136,True,0.9906776994,True
2017-03-16,1.0000000000,True,1.0737909079,True,1.2284257412,True,0.0088181866,True,1.0000000000,True
2017-03-17,1.0000000000,True,1.0774700642,True,1.2351168394,True,0.0088230107,True,1.0039152610,True
2017-03-18,1.0000000000,True,1.0774700642,False,1.2351168394,False,0.0088230107,False,1.0039152610,False
2017-03-19,1.0000000000,True,1.0774700642,False,1.2351168394,False,0.0088230107,False,1.0039152610,False
2017-03-20,1.0000000000,True,1.0742985010,True,1.2384514809,True,0.0088751617,True,1.0027072808,True
2017-03-21,1.0000000000,True,1.0737679005,True,1.2367054224,True,0.0088831249,True,1.0014019566,True
2017-03-22,1.0000000000,True,1.0812447071,True,1.2482056618,True,0.0089660368,True,1.0066742538,True
2017-03-23,1.0000000000,True,1.0790164471,True,1.2475050688,True,0.0089791591,True,1.0080645326,True
2017-03-24,1.0000000000,True,1.0783880949,True,1.2518777847,True,0.0090086846,True,1.0068263109,True
2017-03-25,1.0000000000,True,1.0783880949,False,1.2518777847,False,0.0090086846,False,1.0068263109,False
2017-03-26,1.0000000000,True,1.0783880949,False,1.2518777847,False,0.0090086846,False,1.0068263109,False
2017-03-27,1.0000000000,True,1.0849517584,True,1.2514548302,True,0.0090455169,True,1.0120945460,True
2017-03-28,1.0000000000,True,1.0860947371,True,1.2557923794,True,0.0090276333,True,1.0144354292,True
2017-03-29,1.0000000000,True,1.0817711353,True,1.2421433926,True,0.0089907038,True,1.0079832544,True
2017-03-30,1.0000000000,True,1.0759629011,True,1.2440440655,True,0.0089965274,True,1.0033411182,True
2017-03-31,1.0000000000,True,1.0687072277,True,1.2478474379,True,0.0089464643,True,0.9995601920,True
2017-04-01,1.0000000000,True,1.0687072277,False,1.2478474379,False,0.0089464643,False,0.9995601920,False
2017-04-02,1.0000000000,True,1.0687072277,False,1.2478474379,False,0.0089464643,False,0.9995601920,False
2017-04-03,1.0000000000,True,1.0668829679,True,1.2540757656,True,0.0089875523,True,0.9978048220,True
2017-04-04,1.0000000000,True,1.0670081377,True,1.2492192984,True,0.0090326893,True,0.9986019633,True
2017-04-05,1.0000000000,True,1.0680338144,True,1.2439976931,True,0.0090208746,True,0.9984025289,True
2017-04-06,1.0000000000,True,1.0672472715,True,1.2489072084,True,0.0090595304,True,0.9964129122,True
2017-04-07,1.0000000000,True,1.0644639730,True,1.2468672991,True,0.0090173762,True,0.9947179892,True
2017-04-08,1.0000000000,True,1.0644639730,False,1.2468672991,False,0.0090173762,False,0.9947179892,False
2017-04-09,1.0000000000,True,1.0644639730,False,1.2468672991,False,0.0090173762,False,0.9947179892,False
2017-04-10,1.0000000000,True,1.0582010746,True,1.2375165224,True,0.0089907846,True,0.9906776994,True
2017-04-11,1.0000000000,True,1.0597598553,True,1.2425447702,True,0.0090320364,True,0.9922603858,True
2017-04-12,1.0000000000,True,1.0611318350,True,1.2492347956,True,0.0091251701,True,0.9931177007,True
2017-04-13,1.0000000000,True,1.0670650005,True,1.2549885511,True,0.0091825678,True,0.9979541519,True
2017-04-14,1.0000000000,True,1.0616387129,True,1.2507817745,True,0.0091658190,True,0.9945696261,True
2017-04-15,1.0000000000,True,1.0616387129,False,1.2507817745,False,0.0091658190,False,0.9945696261,False
2017-04-16,1.0000000000,True,1.0616387129,False,1.2507817745,False,0.0091658190,False,0.9945696261,False
2017-04-17,1.0000000000,True,1.0610530376,True,1.2535097599,True,0.0092316500,True,0.9949556039,True
2017-04-18,1.0000000000,True,1.0644525290,True,1.2557765245,True,0.0091648948,True,0.9958275145,True
2017-04-19,1.0000000000,True,1.0728693008,True,1.2844555378,True,0.0092136174,True,1.0036734682,True
2017-04-20,1.0000000000,True,1.0715012550,True,1.2782330513,True,0.0091883052,True,1.0021546316,True
2017-04-21,1.0000000000,True,1.0714898109,True,1.2801966667,True,0.0091428571,True,1.0013016694,True
2017-04-22,1.0000000000,True,1.0714898109,False,1.2801966667,False,0.0091428571,False,1.0013016694,False
2017-04-23,1.0000000000,True,1.0714898109,False,1.2801966667,False,0.0091428571,False,1.0013016694,False
2017-04-24,1.0000000000,True,1.0873938799,True,1.2826268673,True,0.0090927279,True,1.0071507563,True
2017-04-25,1.0000000000,True,1.0864840746,True,1.2776614428,True,0.0091206758,True,1.0041370368,True
2017-04-26,1.0000000000,True,1.0928245783,True,1.2832357883,True,0.0090052773,True,1.0066134317,True
2017-04-27,1.0000000000,True,1.0908932686,True,1.2848351002,True,0.0089935335,True,1.0070493749,True
2017-04-28,1.0000000000,True,1.0864251852,True,1.2893576622,True,0.0089907038,True,1.0056618929,True
2017-04-29,1.0000000000,True,1.0864251852,False,1.2893576622,False,0.0089907038,False,1.0056618929,False
2017-04-30,1.0000000000,True,1.0864251852,False,1.2893576622,False,0.0089907038,False,1.0056618929,False
2017-05-01,1.0000000000,True,1.0907504559,True,1.2931592464,True,0.0089845644,True,1.0058439760,True
2017-05-02,1.0000000000,True,1.0908932686,True,1.2897402048,True,0.0089435842,True,1.0043488097,True
2017-05-03,1.0000000000,True,1.0935654640,True,1.2941633463,True,0.0089310433,True,1.0090512118,True
2017-05-04,1.0000000000,True,1.0888975859,True,1.2871669531,True,0.0088665847,True,1.0058540467,True
2017-05-05,1.0000000000,True,1.0981529951,True,1.2924906015,True,0.0088859662,True,1.0140856785,True
2017-05-06,1.0000000000,True,1.0981529951,False,1.2924906015,False,0.0088859662,False,1.0140856785,False
2017-05-07,1.0000000000,True,1.0981529951,False,1.2924906015,False,0.0088859662,False,1.0140856785,False
2017-05-08,1.0000000000,True,1.0965152979,True,1.2965629101,True,0.0088743745,True,1.0102336550,True
2017-05-09,1.0000000000,True,1.0927767754,True,1.2943308353,True,0.0088315815,True,1.0018032465,True
2017-05-10,1.0000000000,True,1.0886842012,True,1.2948503494,True,0.0087952296,True,0.9933939590,True
2017-05-11,1.0000000000,True,1.0870746374,True,1.2930588722,True,0.0087467635,True,0.9910803328,True
2017-05-12,1.0000000000,True,1.0864958763,True,1.2891582251,True,0.0087866515,True,0.9922209507,True
2017-05-13,1.0000000000,True,1.0864958763,False,1.2891582251,False,0.0087866515,False,0.9922209507,False
2017-05-14,1.0000000000,True,1.0864958763,False,1.2891582251,False,0.0087866515,False,0.9922209507,False
2017-05-15,1.0000000000,True,1.0927289724,True,1.2886598110,True,0.0088283847,True,0.9989311211,True
2017-05-16,1.0000000000,True,1.0981770754,True,1.2903059721,True,0.0087995637,True,1.0043387690,True
2017-05-17,1.0000000000,True,1.1093976498,True,1.2916892767,True,0.0088773677,True,1.0159401298,True
2017-05-18,1.0000000000,True,1.1156356335,True,1.2970168591,True,0.0089987942,True,1.0212835379,True
2017-05-19,1.0000000000,True,1.1113580465,True,1.2958402634,True,0.0089765800,True,1.0209707379,True
2017-05-20,1.0000000000,True,1.1113580465,False,1.2958402634,False,0.0089765800,False,1.0209707379,False
2017-05-21,1.0000000000,True,1.1113580465,False,1.2958402634,False,0.0089765800,False,1.0209707379,False
2017-05-22,1.0000000000,True,1.1204857826,True,1.3012192249,True,0.0089860180,True,1.0278654113,True
2017-05-23,1.0000000000,True,1.1238859892,True,1.2995283604,True,0.0090178645,True,1.0277492398,True
2017-05-24,1.0000000000,True,1.1179305315,True,1.2956557274,True,0.0089320006,True,1.0243592510,True
2017-05-25,1.0000000000,True,1.1230907440,True,1.2980270386,True,0.0089666797,True,1.0283199606,True
2017-05-26,1.0000000000,True,1.1210762262,True,1.2933264971,True,0.0089501474,True,1.0275907976,True
2017-05-27,1.0000000000,True,1.1210762262,False,1.2933264971,False,0.0089501474,False,1.0275907976,False
2017-05-28,1.0000000000,True,1.1210762262,False,1.2933264971,False,0.0089501474,False,1.0275907976,False
2017-05-29,1.0000000000,True,1.1176055670,True,1.2814270258,True,0.0089882796,True,1.0256620684,True
2017-05-30,1.0000000000,True,1.1129041910,True,1.2814105749,True,0.0089949086,True,1.0212001141,True
2017-05-31,1.0000000000,True,1.1171686649,True,1.2809016705,True,0.0090220954,True,1.0247581860,True
2017-06-01,1.0000000000,True,1.1243535280,True,1.2875481844,True,0.0090255968,True,1.0330685435,True
2017-06-02,1.0000000000,True,1.1215791702,True,1.2888258696,True,0.0089736805,True,1.0297600948,True
2017-06-03,1.0000000000,True,1.1215791702,False,1.2888258696,False,0.0089736805,False,1.0297600948,False
2017-06-04,1.0000000000,True,1.1215791702,False,1.2888258696,False,0.0089736805,False,1.0297600948,False
2017-06-05,1.0000000000,True,1.1280825138,True,1.2870012522,True,0.0090528052,True,1.0385941367,True
2017-06-06,1.0000000000,True,1.1256824732,True,1.2907389402,True,0.0090595304,True,1.0362694582,True
2017-06-07,1.0000000000,True,1.1271415949,True,1.2906723022,True,0.0091316693,True,1.0389394470,True
2017-06-08,1.0000000000,True,1.1255177259,True,1.2962098122,True,0.0090991809,True,1.0365594257,True
2017-06-09,1.0000000000,True,1.1184805632,True,1.2722970247,True,0.0091025768,True,1.0318213494,True
2017-06-10,1.0000000000,True,1.1184805632,False,1.2722970247,False,0.0091025768,False,1.0318213494,False
2017-06-11,1.0000000000,True,1.1184805632,False,1.2722970247,False,0.0091025768,False,1.0318213494,False
2017-06-12,1.0000000000,True,1.1201971769,True,1.2739177942,True,0.0090671694,True,1.0318426719,True
2017-06-13,1.0000000000,True,1.1196202040,True,1.2669775486,True,0.0090974429,True,1.0319065811,True
2017-06-14,1.0000000000,True,1.1208877563,True,1.2750548124,True,0.0090863659,True,1.0321835067,True
2017-06-15,1.0000000000,True,1.1215791702,True,1.2754452229,True,0.0091369260,True,1.0295056307,True
2017-06-16,1.0000000000,True,1.1146905422,True,1.2758356333,True,0.0090129062,True,1.0253571087,True
2017-06-17,1.0000000000,True,1.1146905422,False,1.2758356333,False,0.0090129062,False,1.0253571087,False
2017-06-18,1.0000000000,True,1.1146905422,False,1.2758356333,False,0.0090129062,False,1.0253571087,False
2017-06-19,1.0000000000,True,1.1208249331,True,1.2779551744,True,0.0090127438,True,1.0277598169,True
2017-06-20,1.0000000000,True,1.1144545078,True,1.2732366323,True,0.0089547163,True,1.0245586796,True
2017-06-21,1.0000000000,True,1.1136974096,True,1.2632483244,True,0.0089819822,True,1.0260093100,True
2017-06-22,1.0000000000,True,1.1167196035,True,1.2675718069,True,0.0089839190,True,1.0283304865,True
2017-06-23,1.0000000000,True,1.1149640083,True,1.2678127289,True,0.0089855332,True,1.0290077456,True
2017-06-24,1.0000000000,True,1.1149640083,False,1.2678127289,False,0.0089855332,False,1.0290077456,False
2017-06-25,1.0000000000,True,1.1149640083,False,1.2678127289,False,0.0089855332,False,1.0290077456,False
2017-06-26,1.0000000000,True,1.1198835373,True,1.2743399143,True,0.0089896530,True,1.0316723706,True
2017-06-27,1.0000000000,True,1.1183556318,True,1.2724589109,True,0.0089399058,True,1.0284574440,True
2017-06-28,1.0000000000,True,1.1339154243,True,1.2812956572,True,0.0089136090,True,1.0412328356,True
2017-06-29,1.0000000000,True,1.1382650137,True,1.2941465378,True,0.0089004400,True,1.0424593696,True
2017-06-30,1.0000000000,True,1.1441648006,True,1.3011176586,True,0.0089278538,True,1.0467916128,True
2017-07-01,1.0000000000,True,1.1441648006,False,1.3011176586,False,0.0089278538,False,1.0467916128,False
2017-07-02,1.0000000000,True,1.1441648006,False,1.3011176586,False,0.0089278538,False,1.0467916128,False
2017-07-03,1.0000000000,True,1.1423088312,True,1.3016426563,True,0.0089077336,True,1.0428616396,True
2017-07-04,1.0000000000,True,1.1371389627,True,1.2948671579,True,0.0088194308,True,1.0382706447,True
2017-07-05,1.0000000000,True,1.1360150576,True,1.2934937477,True,0.0088525346,True,1.0373444127,True
2017-07-06,1.0000000000,True,1.1346874237,True,1.2931759357,True,0.0088349372,True,1.0371292050,True
2017-07-07,1.0000000000,True,1.1424784660,True,1.2973533869,True,0.0088379038,True,1.0415256525,True
2017-07-08,1.0000000000,True,1.1424784660,False,1.2973533869,False,0.0088379038,False,1.0415256525,False
2017-07-09,1.0000000000,True,1.1424784660,False,1.2973533869,False,0.0088379038,False,1.0415256525,False
2017-07-10,1.0000000000,True,1.1403808594,True,1.2891249657,True,0.0087730841,True,1.0379904437,True
2017-07-11,1.0000000000,True,1.1403808594,False,1.2891249657,False,0.0087730841,False,1.0379904437,False
2017-07-12,1.0000000000,True,1.1473942995,True,1.2859586477,True,0.0087913633,True,1.0383137610,True
2017-07-13,1.0000000000,True,1.1418914795,True,1.2893743515,True,0.0088233997,True,1.0363768086,True
2017-07-14,1.0000000000,True,1.1403938532,True,1.2947162390,True,0.0088169427,True,1.0343401184,True
2017-07-15,1.0000000000,True,1.1403938532,False,1.2947162390,False,0.0088169427,False,1.0343401184,False
2017-07-16,1.0000000000,True,1.1403938532,False,1.2947162390,False,0.0088169427,False,1.0343401184,False
2017-07-17,1.0000000000,True,1.1475391388,True,1.3111314774,True,0.0088970344,True,1.0381090064,True
2017-07-18,1.0000000000,True,1.1474337578,True,1.3053126335,True,0.0088824934,True,1.0384539299,True
2017-07-19,1.0000000000,True,1.1549744606,True,1.3038659096,True,0.0089289698,True,1.0470436516,True
2017-07-20,1.0000000000,True,1.1528440714,True,1.3032711744,True,0.0089383878,True,1.0473178440,True
2017-07-21,1.0000000000,True,1.1628718376,True,1.2965459824,True,0.0089377484,True,1.0510826350,True
2017-07-22,1.0000000000,True,1.1628718376,False,1.2965459824,False,0.0089377484,False,1.0510826350,False
2017-07-23,1.0000000000,True,1.1628718376,False,1.2965459824,False,0.0089377484,False,1.0510826350,False
2017-07-24,1.0000000000,True,1.1681697369,True,1.3004746437,True,0.0090134752,True,1.0585370987,True
2017-07-25,1.0000000000,True,1.1638869047,True,1.3031013012,True,0.0089902185,True,1.0557989848,True
2017-07-26,1.0000000000,True,1.1644561291,True,1.3027619123,True,0.0089283324,True,1.0496263480,True
2017-07-27,1.0000000000,True,1.1728004217,True,1.3114753962,True,0.0089986323,True,1.0511157585,True
2017-07-28,1.0000000000,True,1.1688660383,True,1.3076680899,True,0.0090011431,True,1.0376781099,True
2017-07-29,1.0000000000,True,1.1688660383,False,1.3076680899,False,0.0090011431,False,1.0376781099,False
2017-07-30,1.0000000000,True,1.1688660383,False,1.3076680899,False,0.0090011431,False,1.0376781099,False
2017-07-31,1.0000000000,True,1.1747292280,True,1.3144922256,True,0.0090489547,True,1.0318107520,True
2017-08-01,1.0000000000,True,1.1824104786,True,1.3195397854,True,0.0090613361,True,1.0338054402,True
2017-08-02,1.0000000000,True,1.1811256409,True,1.3207945824,True,0.0090553463,True,1.0358293431,True
2017-08-03,1.0000000000,True,1.1851149797,True,1.3228389025,True,0.0090287744,True,1.0304604410,True
2017-08-04,1.0000000000,True,1.1884952784,True,1.3144059181,True,0.0090991809,True,1.0333460932,True
2017-08-05,1.0000000000,True,1.1884952784,False,1.3144059181,False,0.0090991809,False,1.0333460932,False
2017-08-06,1.0000000000,True,1.1884952784,False,1.3144059181,False,0.0090991809,False,1.0333460932,False
2017-08-07,1.0000000000,True,1.1778424978,True,1.3046995401,True,0.0090264110,True,1.0280133556,True
2017-08-08,1.0000000000,True,1.1800941229,True,1.3037809134,True,0.0090293454,True,1.0272635556,True
2017-08-09,1.0000000000,True,1.1754610538,True,1.2986170053,True,0.0090824874,True,1.0277492398,True
2017-08-10,1.0000000000,True,1.1761523485,True,1.3014055490,True,0.0090868610,True,1.0377965371,True
2017-08-11,1.0000000000,True,1.1770244837,True,1.2976733446,True,0.0091653986,True,1.0398252853,True
2017-08-12,1.0000000000,True,1.1770244837,False,1.2976733446,False,0.0091653986,False,1.0398252853,False
2017-08-13,1.0000000000,True,1.1770244837,False,1.2976733446,False,0.0091653986,False,1.0398252853,False
2017-08-14,1.0000000000,True,1.1825503111,True,1.3005930185,True,0.0091549938,True,1.0387343813,True
2017-08-15,1.0000000000,True,1.1775789261,True,1.2965123653,True,0.0090965325,True,1.0282353204,True
2017-08-16,1.0000000000,True,1.1741223335,True,1.2867032290,True,0.0090419183,True,1.0285949642,True
2017-08-17,1.0000000000,True,1.1774264574,True,1.2891582251,True,0.0090909917,True,1.0360546962,True
2017-08-18,1.0000000000,True,1.1715501547,True,1.2865046263,True,0.0091467874,True,1.0392417901,True
2017-08-19,1.0000000000,True,1.1715501547,False,1.2865046263,False,0.0091467874,False,1.0392417901,False
2017-08-20,1.0000000000,True,1.1715501547,False,1.2865046263,False,0.0091467874,False,1.0392417901,False
2017-08-21,1.0000000000,True,1.1756268740,True,1.2873657942,True,0.0091474570,True,1.0358400872,True
2017-08-22,1.0000000000,True,1.1811953783,True,1.2898232937,True,0.0091790277,True,1.0392309753,True
2017-08-23,1.0000000000,True,1.1762214899,True,1.2823965549,True,0.0091131948,True,1.0324818663,True
2017-08-24,1.0000000000,True,1.1816558838,True,1.2803769112,True,0.0091818930,True,1.0363230986,True
2017-08-25,1.0000000000,True,1.1802195311,True,1.2803933620,True,0.0091312526,True,1.0360976287,True
2017-08-26,1.0000000000,True,1.1802195311,False,1.2803933620,False,0.0091312526,False,1.0360976287,False
2017-08-27,1.0000000000,True,1.1802195311,False,1.2803933620,False,0.0091312526,False,1.0360976287,False
2017-08-28,1.0000000000,True,1.1951857805,True,1.2905224562,True,0.0091452819,True,1.0469011544,True
2017-08-29,1.0000000000,True,1.1963869333,True,1.2927078009,True,0.0091965017,True,1.0499239054,True
2017-08-30,1.0000000000,True,1.1970456839,True,1.2926577330,True,0.0091082976,True,1.0463643781,True
2017-08-31,1.0000000000,True,1.1893434525,True,1.2920564413,True,0.0090530510,True,1.0376673277,True
2017-09-01,1.0000000000,True,1.1910432577,True,1.2941633463,True,0.0090802606,True,1.0423181175,True
2017-09-02,1.0000000000,True,1.1910432577,False,1.2941633463,False,0.0090802606,False,1.0423181175,False
2017-09-03,1.0000000000,True,1.1910432577,False,1.2941633463,False,0.0090802606,False,1.0423181175,False
2017-09-04,1.0000000000,True,1.1882835627,True,1.2965123653,True,0.0091078830,True,1.0407668660,True
2017-09-05,1.0000000000,True,1.1893434525,True,1.2924071550,True,0.0091066389,True,1.0429486402,True
2017-09-06,1.0000000000,True,1.1924067736,True,1.3041210175,True,0.0092079338,True,1.0488776834,True
2017-09-07,1.0000000000,True,1.1927765608,True,1.3049719334,True,0.0091630470,True,1.0464520294,True
2017-09-08,1.0000000000,True,1.2029062510,True,1.3104785681,True,0.0092361691,True,1.0531969675,True
2017-09-09,1.0000000000,True,1.2029062510,False,1.3104785681,False,0.0092361691,False,1.0531969675,False
2017-09-10,1.0000000000,True,1.2029062510,False,1.3104785681,False,0.0092361691,False,1.0531969675,False
2017-09-11,1.0000000000,True,1.2017642260,True,1.3197661638,True,0.0092394968,True,1.0553309757,True
2017-09-12,1.0000000000,True,1.1959433556,True,1.3169677258,True,0.0091411859,True,1.0457844744,True
2017-09-13,1.0000000000,True,1.1974613667,True,1.3289213181,True,0.0090722699,True,1.0418837204,True
2017-09-14,1.0000000000,True,1.1890605688,True,1.3206027746,True,0.0090485455,True,1.0377103939,True
2017-09-15,1.0000000000,True,1.1921650171,True,1.3399077654,True,0.0090976083,True,1.0401281442,True
2017-09-16,1.0000000000,True,1.1921650171,False,1.3399077654,False,0.0090976083,False,1.0401281442,False
2017-09-17,1.0000000000,True,1.1921650171,False,1.3399077654,False,0.0090976083,False,1.0401281442,False
2017-09-18,1.0000000000,True,1.1937162876,True,1.3575152159,True,0.0089930485,True,1.0407668660,True
2017-09-19,1.0000000000,True,1.1959290504,True,1.3516618013,True,0.0089689314,True,1.0401389777,True
2017-09-20,1.0000000000,True,1.1992564201,True,1.3515340090,True,0.0089623400,True,1.0389394470,True
2017-09-21,1.0000000000,True,1.1872113943,True,1.3489633799,True,0.0088852560,True,1.0292831173,True
2017-09-22,1.0000000000,True,1.1945575476,True,1.3579760790,True,0.0088926828,True,1.0307153141,True
2017-09-23,1.0000000000,True,1.1945575476,False,1.3579760790,False,0.0088926828,False,1.0307153141,False
2017-09-24,1.0000000000,True,1.1945575476,False,1.3579760790,False,0.0088926828,False,1.0307153141,False
2017-09-25,1.0000000000,True,1.1927196980,True,1.3507307768,True,0.0088933158,True,1.0301950032,True
2017-09-26,1.0000000000,True,1.1855646372,True,1.3477815390,True,0.0089476650,True,1.0348752861,True
2017-09-27,1.0000000000,True,1.1786059141,True,1.3448090553,True,0.0088986181,True,1.0316723706,True
2017-09-28,1.0000000000,True,1.1749638319,True,1.3398897648,True,0.0088605351,True,1.0289653986,True
2017-09-29,1.0000000000,True,1.1781754494,True,1.3430210352,True,0.0088914968,True,1.0303117917,True
2017-09-30,1.0000000000,True,1.1781754494,False,1.3430210352,False,0.0088914968,False,1.0303117917,False
2017-10-01,1.0000000000,True,1.1781754494,False,1.3430210352,False,0.0088914968,False,1.0303117917,False
2017-10-02,1.0000000000,True,1.1807351112,True,1.3394052982,True,0.0088779985,True,1.0329511293,True
2017-10-03,1.0000000000,True,1.1733783484,True,1.3275628090,True,0.0088676069,True,1.0262936259,True
2017-10-04,1.0000000000,True,1.1747568846,True,1.3241175413,True,0.0088614774,True,1.0276013715,True
2017-10-05,1.0000000000,True,1.1757236719,True,1.3232764006,True,0.0088634411,True,1.0254306836,True
2017-10-06,1.0000000000,True,1.1712344885,True,1.3112690449,True,0.0088672919,True,1.0222858119,True
2017-10-07,1.0000000000,True,1.1712344885,False,1.3112690449,False,0.0088672919,False,1.0222858119,False
2017-10-08,1.0000000000,True,1.1712344885,False,1.3112690449,False,0.0088672919,False,1.0222858119,False
2017-10-09,1.0000000000,True,1.1742464304,True,1.3084039688,True,0.0088848609,True,1.0225994183,True
2017-10-10,1.0000000000,True,1.1741636992,True,1.3144059181,True,0.0088764227,True,1.0209290499,True
2017-10-11,1.0000000000,True,1.1814883947,True,1.3211086988,True,0.0089011526,True,1.0260935841,True
2017-10-12,1.0000000000,True,1.1865493059,True,1.3239772320,True,0.0088941069,True,1.0276330315,True
2017-10-13,1.0000000000,True,1.1831799746,True,1.3264359236,True,0.0089095592,True,1.0258514665,True
2017-10-14,1.0000000000,True,1.1831799746,False,1.3264359236,False,0.0089095592,False,1.0258514665,False
2017-10-15,1.0000000000,True,1.1831799746,False,1.3264359236,False,0.0089095592,False,1.0258514665,False
2017-10-16,1.0000000000,True,1.1814047098,True,1.3288860321,True,0.0089379879,True,1.0261883542,True
2017-10-17,1.0000000000,True,1.1794538498,True,1.3252933025,True,0.0089130532,True,1.0255358626,True
2017-10-18,1.0000000000,True,1.1771907806,True,1.3194874525,True,0.0089116236,True,1.0226098897,True
2017-10-19,1.0000000000,True,1.1795234680,True,1.3213007450,True,0.0088485395,True,1.0193056198,True
2017-10-20,1.0000000000,True,1.1848059893,True,1.3150626421,True,0.0088746894,True,1.0243277924,True
2017-10-21,1.0000000000,True,1.1848059893,False,1.3150626421,False,0.0088746894,False,1.0243277924,False
2017-10-22,1.0000000000,True,1.1848059893,False,1.3150626421,False,0.0088746894,False,1.0243277924,False
2017-10-23,1.0000000000,True,1.1753643751,True,1.3189828396,True,0.0087682382,True,1.0141370468,True
2017-10-24,1.0000000000,True,1.1759172678,True,1.3206549883,True,0.0088230107,True,1.0157440419,True
2017-10-25,1.0000000000,True,1.1759034395,True,1.3131976128,True,0.0087760870,True,1.0094892088,True
2017-10-26,1.0000000000,True,1.1820750237,True,1.3273514509,True,0.0088060728,True,1.0113472947,True
2017-10-27,1.0000000000,True,1.1637244225,True,1.3130252361,True,0.0087623988,True,1.0019337305,True
2017-10-28,1.0000000000,True,1.1637244225,False,1.3130252361,False,0.0087623988,False,1.0019337305,False
2017-10-29,1.0000000000,True,1.1637244225,False,1.3130252361,False,0.0087623988,False,1.0019337305,False
2017-10-30,1.0000000000,True,1.1604562998,True,1.3134045601,True,0.0087920591,True,1.0020140360,True
2017-10-31,1.0000000000,True,1.1652703285,True,1.3212482929,True,0.0088498706,True,1.0053080444,True
2017-11-01,1.0000000000,True,1.1651751995,True,1.3292216063,True,0.0087989440,True,1.0026067919,True
2017-11-02,1.0000000000,True,1.1628718376,True,1.3255391121,True,0.0087602495,True,0.9974465175,True
2017-11-03,1.0000000000,True,1.1661807299,True,1.3053296804,True,0.0087706989,True,1.0007405397,True
2017-11-04,1.0000000000,True,1.1661807299,False,1.3053296804,False,0.0087706989,False,1.0007405397,False
2017-11-05,1.0000000000,True,1.1661807299,False,1.3053296804,False,0.0087706989,False,1.0007405397,False
2017-11-06,1.0000000000,True,1.1614941359,True,1.3080444336,True,0.0087582545,True,0.9998000068,True
2017-11-07,1.0000000000,True,1.1612648964,True,1.3175057173,True,0.0087895858,True,1.0023053263,True
2017-11-08,1.0000000000,True,1.1601063013,True,1.3172106743,True,0.0087903586,True,1.0018032465,True
2017-11-09,1.0000000000,True,1.1596891880,True,1.3113033772,True,0.0087775504,True,1.0002000136,True
2017-11-10,1.0000000000,True,1.1646866798,True,1.3144404888,True,0.0088202867,True,1.0061475743,True
2017-11-11,1.0000000000,True,1.1646866798,False,1.3144404888,False,0.0088202867,False,1.0061475743,False
2017-11-12,1.0000000000,True,1.1646866798,False,1.3144404888,False,0.0088202867,False,1.0061475743,False
2017-11-13,1.0000000000,True,1.1661127806,True,1.3120260239,True,0.0087961581,True,1.0036130082,True
2017-11-14,1.0000000000,True,1.1664936543,True,1.3123359680,True,0.0088039795,True,1.0036734682,True
2017-11-15,1.0000000000,True,1.1792869568,True,1.3157894611,True,0.0088181866,True,1.0105909800,True
2017-11-16,1.0000000000,True,1.1792869568,False,1.3157894611,False,0.0088181866,False,1.0105909800,False
2017-11-17,1.0000000000,True,1.1777453423,True,1.3200448751,True,0.0088473653,True,1.0065222426,True
2017-11-18,1.0000000000,True,1.1777453423,False,1.3200448751,False,0.0088473653,False,1.0065222426,False
2017-11-19,1.0000000000,True,1.1777453423,False,1.3200448751,False,0.0088473653,False,1.0065222426,False
2017-11-20,1.0000000000,True,1.1731857061,True,1.3202714920,True,0.0089255430,True,1.0105092939,True
2017-11-21,1.0000000000,True,1.1741223335,True,1.3245033026,True,0.0088848609,True,1.0069479535,True
2017-11-22,1.0000000000,True,1.1737227440,True,1.3245558739,True,0.0089014694,True,1.0094892088,True
2017-11-23,1.0000000000,True,1.1814744473,True,1.3316820860,True,0.0089836764,True,1.0182366216,True
2017-11-24,1.0000000000,True,1.1853959560,True,1.3306720257,True,0.0089884410,True,1.0187760368,True
2017-11-25,1.0000000000,True,1.1853959560,False,1.3306720257,False,0.0089884410,False,1.0187760368,False
2017-11-26,1.0000000000,True,1.1853959560,False,1.3306720257,False,0.0089884410,False,1.0187760368,False
2017-11-27,1.0000000000,True,1.1926485300,True,1.3324450254,True,0.0089548766,True,1.0200958794,True
2017-11-28,1.0000000000,True,1.1904903650,True,1.3322319984,True,0.0089952327,True,1.0190563576,True
2017-11-29,1.0000000000,True,1.1848059893,True,1.3365410566,True,0.0089567209,True,1.0161569110,True
2017-11-30,1.0000000000,True,1.1851992607,True,1.3417235613,True,0.0089284121,True,1.0157956398,True
2017-12-01,1.0000000000,True,1.1898245811,True,1.3529969454,True,0.0088844664,True,1.0164667677,True
2017-12-02,1.0000000000,True,1.1898245811,False,1.3529969454,False,0.0088844664,False,1.0164667677,False
2017-12-03,1.0000000000,True,1.1898245811,False,1.3529969454,False,0.0088844664,False,1.0164667677,False
2017-12-04,1.0000000000,True,1.1859863997,True,1.3494002819,True,0.0088602213,True,1.0182988565,True
2017-12-05,1.0000000000,True,1.1867746115,True,1.3475272655,True,0.0088889679,True,1.0156408616,True
2017-12-06,1.0000000000,True,1.1832919121,True,1.3415256739,True,0.0088917345,True,1.0127607907,True
2017-12-07,1.0000000000,True,1.1804285049,True,1.3392258883,True,0.0089054332,True,1.0108974511,True
2017-12-08,1.0000000000,True,1.1772184372,True,1.3484358788,True,0.0088360301,True,1.0053181045,True
2017-12-09,1.0000000000,True,1.1772184372,False,1.3484358788,False,0.0088360301,False,1.0053181045,False
2017-12-10,1.0000000000,True,1.1772184372,False,1.3484358788,False,0.0088360301,False,1.0053181045,False
2017-12-11,1.0000000000,True,1.1769968271,True,1.3392080069,True,0.0088072361,True,1.0071812292,True
2017-12-12,1.0000000000,True,1.1777591705,True,1.3349351883,True,0.0088074687,True,1.0086847862,True
2017-12-13,1.0000000000,True,1.1742602587,True,1.3319481611,True,0.0088070810,True,1.0086745981,True
2017-12-14,1.0000000000,True,1.1835860014,True,1.3409678936,True,0.0088666633,True,1.0146824358,True
2017-12-15,1.0000000000,True,1.1774957180,True,1.3432915211,True,0.0088971135,True,1.0114291774,True
2017-12-16,1.0000000000,True,1.1774957180,False,1.3432915211,False,0.0088971135,False,1.0114291774,False
2017-12-17,1.0000000000,True,1.1774957180,False,1.3432915211,False,0.0088971135,False,1.0114291774,False
2017-12-18,1.0000000000,True,1.1743566990,True,1.3317352533,True,0.0088718547,True,1.0090410162,True
2017-12-19,1.0000000000,True,1.1784253120,True,1.3380789757,True,0.0088835192,True,1.0146721874,True
2017-12-20,1.0000000000,True,1.1841325760,True,1.3386881351,True,0.0088508889,True,1.0148162965,True
2017-12-21,1.0000000000,True,1.1878176928,True,1.3372023106,True,0.0088307241,True,1.0139519491,True
2017-12-22,1.0000000000,True,1.1857331991,True,1.3380432129,True,0.0088243341,True,1.0115928605,True
2017-12-23,1.0000000000,True,1.1857331991,False,1.3380432129,False,0.0088243341,False,1.0115928605,False
2017-12-24,1.0000000000,True,1.1857331991,False,1.3380432129,False,0.0088243341,False,1.0115928605,False
2017-12-25,1.0000000000,True,1.1856067181,True,1.3365052938,True,0.0088255023,True,1.0110405508,True
2017-12-26,1.0000000000,True,1.1872537136,True,1.3376137018,True,0.0088258915,True,1.0112245870,True
2017-12-27,1.0000000000,True,1.1857894659,True,1.3374705315,True,0.0088336879,True,1.0104071743,True
2017-12-28,1.0000000000,True,1.1900794506,True,1.3403927088,True,0.0088325956,True,1.0144045159,True
2017-12-29,1.0000000000,True,1.1941723824,True,1.3440859318,True,0.0088593577,True,1.0217635825,True
2017-12-30,1.0000000000,True,1.1941723824,False,1.3440859318,False,0.0088593577,False,1.0217635825,False
2017-12-31,1.0000000000,True,1.1941723824,False,1.3440859318,False,0.0088593577,False,1.0217635825,False
2018-01-01,1.0000000000,True,1.2004946470,True,1.3516070843,True,0.0088757921,True,1.0269787021,True
2018-01-02,1.0000000000,True,1.2011579275,True,1.3511322737,True,0.0088676069,True,1.0259356520,True
2018-01-03,1.0000000000,True,1.2063454390,True,1.3596193790,True,0.0089091619,True,1.0293784774,True
2018-01-04,1.0000000000,True,1.2010425329,True,1.3511322737,True,0.0088804424,True,1.0233947954,True
2018-01-05,1.0000000000,True,1.2068840265,True,1.3552889824,True,0.0088665847,True,1.0262725950,True
2018-01-06,1.0000000000,True,1.2068840265,False,1.3552889824,False,0.0088665847,False,1.0262725950,False
2018-01-07,1.0000000000,True,1.2068840265,False,1.3552889824,False,0.0088665847,False,1.0262725950,False
2018-01-08,1.0000000000,True,1.2037460804,True,1.3575890064,True,0.0088375135,True,1.0255779278,True
2018-01-09,1.0000000000,True,1.1970456839,True,1.3571282625,True,0.0088385290,True,1.0231539496,True
2018-01-10,1.0000000000,True,1.1929330826,True,1.3532348871,True,0.0088687865,True,1.0164873987,True
2018-01-11,1.0000000000,True,1.1956144571,True,1.3512783051,True,0.0089731165,True,1.0228609559,True
2018-01-12,1.0000000000,True,1.2042099237,True,1.3541878462,True,0.0089852104,True,1.0249367311,True
2018-01-13,1.0000000000,True,1.2042099237,False,1.3541878462,False,0.0089852104,False,1.0249367311,False
2018-01-14,1.0000000000,True,1.2042099237,False,1.3541878462,False,0.0089852104,False,1.0249367311,False
2018-01-15,1.0000000000,True,1.2192296982,True,1.3733056784,True,0.0090009002,True,1.0331646064,True
2018-01-16,1.0000000000,True,1.2268433571,True,1.3798241615,True,0.0090431447,True,1.0383461488,True
2018-01-17,1.0000000000,True,1.2271293402,True,1.3798813820,True,0.0090589556,True,1.0426441368,True
2018-01-18,1.0000000000,True,1.2183978558,True,1.3828008175,True,0.0089785951,True,1.0362157594,True
2018-01-19,1.0000000000,True,1.2236607075,True,1.3894678354,True,0.0090068992,True,1.0430030392,True
2018-01-20,1.0000000000,True,1.2236607075,False,1.3894678354,False,0.0090068992,False,1.0430030392,False
2018-01-21,1.0000000000,True,1.2236607075,False,1.3894678354,False,0.0090068992,False,1.0430030392,False
2018-01-22,1.0000000000,True,1.2255502939,True,1.3891589642,True,0.0090347297,True,1.0401498114,True
2018-01-23,1.0000000000,True,1.2256253958,True,1.3984841108,True,0.0090117691,True,1.0394469918,True
2018-01-24,1.0000000000,True,1.2310267687,True,1.4017381668,True,0.0090820745,True,1.0453908900,True
2018-01-25,1.0000000000,True,1.2391113043,True,1.4220906496,True,0.0091469553,True,1.0567250009,True
2018-01-26,1.0000000000,True,1.2392342091,True,1.4150274992,True,0.0091154377,True,1.0617965617,True
2018-01-27,1.0000000000,True,1.2392342091,False,1.4150274992,False,0.0091154377,False,1.0617965617,False
2018-01-28,1.0000000000,True,1.2392342091,False,1.4150274992,False,0.0091154377,False,1.0617965617,False
2018-01-29,1.0000000000,True,1.2428072691,True,1.4149274826,True,0.0092047975,True,1.0710537362,True
2018-01-30,1.0000000000,True,1.2381141186,True,1.4076577425,True,0.0091805444,True,1.0670080981,True
2018-01-31,1.0000000000,True,1.2409565449,True,1.4155884981,True,0.0091969244,True,1.0699879297,True
2018-02-01,1.0000000000,True,1.2418658733,True,1.4200510979,True,0.0091574256,True,1.0741138627,True
2018-02-02,1.0000000000,True,1.2510008812,True,1.4266760349,True,0.0091402667,True,1.0799369645,True
2018-02-03,1.0000000000,True,1.2510008812,False,1.4266760349,False,0.0091402667,False,1.0799369645,False
2018-02-04,1.0000000000,True,1.2510008812,False,1.4266760349,False,0.0091402667,False,1.0799369645,False
2018-02-05,1.0000000000,True,1.2446944714,True,1.4111338854,True,0.0090880171,True,1.0740215851,True
2018-02-06,1.0000000000,True,1.2367818356,True,1.3943694830,True,0.0091663228,True,1.0738831298,True
2018-02-07,1.0000000000,True,1.2381294966,True,1.3958681822,True,0.0091218405,True,1.0683075741,True
2018-02-08,1.0000000000,True,1.2268133163,True,1.3879250288,True,0.0091578447,True,1.0607828258,True
2018-02-09,1.0000000000,True,1.2260762453,True,1.3934950829,True,0.0092141272,True,1.0694272241,True
2018-02-10,1.0000000000,True,1.2260762453,False,1.3934950829,False,0.0092141272,False,1.0694272241,False
2018-02-11,1.0000000000,True,1.2260762453,False,1.3934950829,False,0.0092141272,False,1.0694272241,False
2018-02-12,1.0000000000,True,1.2252799273,True,1.3827433586,True,0.0091911762,True,1.0643959845,True
2018-02-13,1.0000000000,True,1.2303755283,True,1.3852334023,True,0.0092004782,True,1.0655301158,True
2018-02-14,1.0000000000,True,1.2353762388,True,1.3886960745,True,0.0092795368,True,1.0692556720,True
2018-02-15,1.0000000000,True,1.2467273474,True,1.4015810490,True,0.0093820074,True,1.0781787452,True
2018-02-16,1.0000000000,True,1.2503595352,True,1.4104173183,True,0.0094240936,True,1.0845987091,True
2018-02-17,1.0000000000,True,1.2503595352,False,1.4104173183,False,0.0094240936,False,1.0845987091,False
2018-02-18,1.0000000000,True,1.2503595352,False,1.4104173183,False,0.0094240936,False,1.0845987091,False
2018-02-19,1.0000000000,True,1.2411875725,True,1.4031543732,True,0.0094107903,True,1.0785043612,True
2018-02-20,1.0000000000,True,1.2398641109,True,1.3992668390,True,0.0093712808,True,1.0759629558,True
2018-02-21,1.0000000000,True,1.2335324287,True,1.4001091719,True,0.0093126347,True,1.0679196967,True
2018-02-22,1.0000000000,True,1.2281843424,True,1.3910139799,True,0.0092975687,True,1.0653484464,True
2018-02-23,1.0000000000,True,1.2326656580,True,1.3953033686,True,0.0093620684,True,1.0717424499,True
2018-02-24,1.0000000000,True,1.2326656580,False,1.3953033686,False,0.0093620684,False,1.0717424499,False
2018-02-25,1.0000000000,True,1.2326656580,False,1.3953033686,False,0.0093620684,False,1.0717424499,False
2018-02-26,1.0000000000,True,1.2287125587,True,1.3968042135,True,0.0093393356,True,1.0671675257,True
2018-02-27,1.0000000000,True,1.2315573692,True,1.3966480494,True,0.0093397715,True,1.0654165737,True
2018-02-28,1.0000000000,True,1.2230321169,True,1.3906078339,True,0.0093087332,True,1.0645545648,True
2018-03-01,1.0000000000,True,1.2191256285,True,1.3754211664,True,0.0093773444,True,1.0589854965,True
2018-03-02,1.0000000000,True,1.2270842791,True,1.3775433302,True,0.0094194774,True,1.0621461787,True
2018-03-03,1.0000000000,True,1.2270842791,False,1.3775433302,False,0.0094194774,False,1.0621461787,False
2018-03-04,1.0000000000,True,1.2270842791,False,1.3775433302,False,0.0094194774,False,1.0621461787,False
2018-03-05,1.0000000000,True,1.2315422297,True,1.3795006275,True,0.0094736443,True,1.0670878398,True
2018-03-06,1.0000000000,True,1.2336541414,True,1.3852334023,True,0.0094117647,True,1.0641694073,True
2018-03-07,1.0000000000,True,1.2416653633,True,1.3900085688,True,0.0094753496,True,1.0658253846,True
2018-03-08,1.0000000000,True,1.2414649725,True,1.3906271458,True,0.0094174376,True,1.0599732966,True
2018-03-09,1.0000000000,True,1.2306632996,True,1.3805670738,True,0.0093979664,True,1.0510936320,True
2018-03-10,1.0000000000,True,1.2306632996,False,1.3805670738,False,0.0093979664,False,1.0510936320,False
2018-03-11,1.0000000000,True,1.2306632996,False,1.3805670738,False,0.0093979664,False,1.0510936320,False
2018-03-12,1.0000000000,True,1.2308752537,True,1.3855404854,True,0.0093553247,True,1.0517458964,True
2018-03-13,1.0000000000,True,1.2339584827,True,1.3907625675,True,0.0094108788,True,1.0557544041,True
2018-03-14,1.0000000000,True,1.2392342091,True,1.3972334862,True,0.0093889658,True,1.0600968677,True
2018-03-15,1.0000000000,True,1.2375624180,True,1.3971552849,True,0.0094201876,True,1.0588397306,True
2018-03-16,1.0000000000,True,1.2309207916,True,1.3938642740,True,0.0094065415,True,1.0511930766,True
2018-03-17,1.0000000000,True,1.2309207916,False,1.3938642740,False,0.0094065415,False,1.0511930766,False
2018-03-18,1.0000000000,True,1.2309207916,False,1.3938642740,False,0.0094065415,False,1.0511930766,False
2018-03-19,1.0000000000,True,1.2280788422,True,1.3943500519,True,0.0094367219,True,1.0495382298,True
2018-03-20,1.0000000000,True,1.2336845398,True,1.4025245905,True,0.0094343181,True,1.0516352727,True
2018-03-21,1.0000000000,True,1.2251899242,True,1.4004818201,True,0.0093924051,True,1.0460907499,True
2018-03-22,1.0000000000,True,1.2347661257,True,1.4146271944,True,0.0094402854,True,1.0542184406,True
2018-03-23,1.0000000000,True,1.2324985266,True,1.4114724398,True,0.0095267127,True,1.0566691612,True
2018-03-24,1.0000000000,True,1.2324985266,False,1.4114724398,False,0.0095267127,False,1.0566691612,False
2018-03-25,1.0000000000,True,1.2324985266,False,1.4114724398,False,0.0095267127,False,1.0566691612,False
2018-03-26,1.0000000000,True,1.2354372740,True,1.4147672653,True,0.0095366157,True,1.0560777160,True
2018-03-27,1.0000000000,True,1.2457488775,True,1.4238928556,True,0.0094786730,True,1.0584250419,True
2018-03-28,1.0000000000,True,1.2407871485,True,1.4176354408,True,0.0094793023,True,1.0565240322,True
2018-03-29,1.0000000000,True,1.2310267687,True,1.4080342054,True,0.0093622443,True,1.0453252996,True
2018-03-30,1.0000000000,True,1.2302846909,True,1.4029377699,True,0.0093915235,True,1.0460251370,True
2018-03-31,1.0000000000,True,1.2302846909,False,1.4029377699,False,0.0093915235,False,1.0460251370,False
2018-04-01,1.0000000000,True,1.2302846909,False,1.4029377699,False,0.0093915235,False,1.0460251370,False
2018-04-02,1.0000000000,True,1.2314208746,True,1.4038239717,True,0.0094062762,True,1.0475592128,True
2018-04-03,1.0000000000,True,1.2292714119,True,1.4046719074,True,0.0094518849,True,1.0471204371,True
2018-04-04,1.0000000000,True,1.2278525829,True,1.4068654776,True,0.0093953176,True,1.0433839259,True
2018-04-05,1.0000000000,True,1.2286822796,True,1.4088078737,True,0.0093655757,True,1.0415473132,True
2018-04-06,1.0000000000,True,1.2251598835,True,1.4008741379,True,0.0093412545,True,1.0396091115,True
2018-04-07,1.0000000000,True,1.2251598835,False,1.4008741379,False,0.0093412545,False,1.0396091115,False
2018-04-08,1.0000000000,True,1.2251598835,False,1.4008741379,False,0.0093412545,False,1.0396091115,False
2018-04-09,1.0000000000,True,1.2271444798,True,1.4091651440,True,0.0093485900,True,1.0425137176,True
2018-04-10,1.0000000000,True,1.2322403193,True,1.4138271809,True,0.0093677692,True,1.0458828517,True
2018-04-11,1.0000000000,True,1.2363078594,True,1.4182183743,True,0.0093359350,True,1.0456532032,True
2018-04-12,1.0000000000,True,1.2371643782,True,1.4189025164,True,0.0093607539,True,1.0444954826,True
2018-04-13,1.0000000000,True,1.2329696417,True,1.4238117933,True,0.0093264442,True,1.0391553424,True
2018-04-14,1.0000000000,True,1.2329696417,False,1.4238117933,False,0.0093264442,False,1.0391553424,False
2018-04-15,1.0000000000,True,1.2329696417,False,1.4238117933,False,0.0093264442,False,1.0391553424,False
2018-04-16,1.0000000000,True,1.2332586050,True,1.4246840477,True,0.0093024986,True,1.0383461488,True
2018-04-17,1.0000000000,True,1.2385127544,True,1.4342057705,True,0.0093417785,True,1.0422855462,True
2018-04-18,1.0000000000,True,1.2373174429,True,1.4296538830,True,0.0093443972,True,1.0347681827,True
2018-04-19,1.0000000000,True,1.2379148006,True,1.4204343557,True,0.0093156708,True,1.0325245031,True
2018-04-20,1.0000000000,True,1.2345526218,True,1.4086490870,True,0.0093082136,True,1.0293254903,True
2018-04-21,1.0000000000,True,1.2345526218,False,1.4086490870,False,0.0093082136,False,1.0293254903,False
2018-04-22,1.0000000000,True,1.2345526218,False,1.4086490870,False,0.0093082136,False,1.0293254903,False
2018-04-23,1.0000000000,True,1.2273402214,True,1.4001679420,True,0.0092705038,True,1.0246951591,True
2018-04-24,1.0000000000,True,1.2208968401,True,1.3938252926,True,0.0091944721,True,1.0223380766,True
2018-04-25,1.0000000000,True,1.2241400480,True,1.3993842602,True,0.0091909229,True,1.0218679484,True
2018-04-26,1.0000000000,True,1.2171669006,True,1.3939224482,True,0.0091437769,True,1.0176977773,True
2018-04-27,1.0000000000,True,1.2109616995,True,1.3919433355,True,0.0091491306,True,1.0110916721,True
2018-04-28,1.0000000000,True,1.2109616995,False,1.3919433355,False,0.0091491306,False,1.0110916721,False
2018-04-29,1.0000000000,True,1.2109616995,False,1.3919433355,False,0.0091491306,False,1.0110916721,False
2018-04-30,1.0000000000,True,1.2122827768,True,1.3771070242,True,0.0091660709,True,1.0120330672,True
2018-05-01,1.0000000000,True,1.2081234455,True,1.3772207499,True,0.0091472061,True,1.0095911428,True
2018-05-02,1.0000000000,True,1.1991558075,True,1.3609329462,True,0.0091014998,True,1.0034216495,True
2018-05-03,1.0000000000,True,1.1951001883,True,1.3573862314,True,0.0091052288,True,1.0007004873,True
2018-05-04,1.0000000000,True,1.1989257336,True,1.3572388887,True,0.0091662389,True,1.0026670708,True
2018-05-05,1.0000000000,True,1.1989257336,False,1.3572388887,False,0.0091662389,False,1.0026670708,False
2018-05-06,1.0000000000,True,1.1989257336,False,1.3572388887,False,0.0091662389,False,1.0026670708,False
2018-05-07,1.0000000000,True,1.1955001354,True,1.3531982899,True,0.0091620395,True,0.9994602734,True
2018-05-08,1.0000000000,True,1.1933743954,True,1.3570362329,True,0.0091791119,True,0.9981534072,True
2018-05-09,1.0000000000,True,1.1867886782,True,1.3553440571,True,0.0091722922,True,0.9988612997,True
2018-05-10,1.0000000000,True,1.1847218275,True,1.3544628620,True,0.0091035713,True,0.9946290604,True
2018-05-11,1.0000000000,True,1.1917530298,True,1.3523381948,True,0.0091377611,True,0.9969792103,True
2018-05-12,1.0000000000,True,1.1917530298,False,1.3523381948,False,0.0091377611,False,0.9969792103,False
2018-05-13,1.0000000000,True,1.1917530298,False,1.3523381948,False,0.0091377611,False,0.9969792103,False
2018-05-14,1.0000000000,True,1.1952143908,True,1.3553808928,True,0.0091459513,True,1.0001400309,True
2018-05-15,1.0000000000,True,1.1931180954,True,1.3562448025,True,0.0091131948,True,0.9997200558,True
2018-05-16,1.0000000000,True,1.1820889711,True,1.3500195742,True,0.0090664300,True,0.9986817357,True
2018-05-17,1.0000000000,True,1.1816978455,True,1.3548300266,True,0.0090613361,True,0.9996002127,True
2018-05-18,1.0000000000,True,1.1795234680,True,1.3515340090,True,0.0090229903,True,0.9984822694,True
2018-05-19,1.0000000000,True,1.1795234680,False,1.3515340090,False,0.0090229903,False,0.9984822694,False
2018-05-20,1.0000000000,True,1.1795234680,False,1.3515340090,False,0.0090229903,False,0.9984822694,False
2018-05-21,1.0000000000,True,1.1766643524,True,1.3477089405,True,0.0090187592,True,1.0021044101,True
2018-05-22,1.0000000000,True,1.1792453527,True,1.3431833982,True,0.0090107952,True,1.0032102674,True
2018-05-23,1.0000000000,True,1.1788560152,True,1.3441040516,True,0.0090313027,True,1.0081356467,True
2018-05-24,1.0000000000,True,1.1710150242,True,1.3371307850,True,0.0091017482,True,1.0058844412,True
2018-05-25,1.0000000000,True,1.1722642183,True,1.3383476734,True,0.0091481268,True,1.0087763677,True
2018-05-26,1.0000000000,True,1.1722642183,False,1.3383476734,False,0.0091481268,False,1.0087763677,False
2018-05-27,1.0000000000,True,1.1722642183,False,1.3383476734,False,0.0091481268,False,1.0087763677,False
2018-05-28,1.0000000000,True,1.1688934565,True,1.3309022188,True,0.0091221732,True,1.0081661185,True
2018-05-29,1.0000000000,True,1.1626961231,True,1.3315579891,True,0.0091416870,True,1.0066641062,True
2018-05-30,1.0000000000,True,1.1539349556,True,1.3253810406,True,0.0092256031,True,1.0093872953,True
2018-05-31,1.0000000000,True,1.1667250395,True,1.3283563852,True,0.0091986167,True,1.0115519347,True
2018-06-01,1.0000000000,True,1.1693171263,True,1.3289390802,True,0.0091954868,True,1.0155377023,True
2018-06-02,1.0000000000,True,1.1693171263,False,1.3289390802,False,0.0091954868,False,1.0155377023,False
2018-06-03,1.0000000000,True,1.1693171263,False,1.3289390802,False,0.0091954868,False,1.0155377023,False
2018-06-04,1.0000000000,True,1.1668611765,True,1.3356484175,True,0.0091242541,True,1.0115314426,True
2018-06-05,1.0000000000,True,1.1700559855,True,1.3316465616,True,0.0090939682,True,1.0121457739,True
2018-06-06,1.0000000000,True,1.1726216078,True,1.3406083584,True,0.0091025768,True,1.0162601345,True
2018-06-07,1.0000000000,True,1.1785503626,True,1.3421558142,True,0.0090805902,True,1.0143016689,True
2018-06-08,1.0000000000,True,1.1795234680,True,1.3419216871,True,0.0091162689,True,1.0195550660,True
2018-06-09,1.0000000000,True,1.1795234680,False,1.3419216871,False,0.0091162689,False,1.0195550660,False
2018-06-10,1.0000000000,True,1.1795234680,False,1.3419216871,False,0.0091162689,False,1.0195550660,False
2018-06-11,1.0000000000,True,1.1783976555,True,1.3413815498,True,0.0091371764,True,1.0154243005,True
2018-06-12,1.0000000000,True,1.1774125099,True,1.3374348879,True,0.0090591197,True,1.0139931305,True
2018-06-13,1.0000000000,True,1.1748259068,True,1.3372559547,True,0.0090537063,True,1.0133765554,True
2018-06-14,1.0000000000,True,1.1807769537,True,1.3382760286,True,0.0090709533,True,1.0156408616,True
2018-06-15,1.0000000000,True,1.1566576958,True,1.3256621361,True,0.0090379143,True,1.0030996018,True
2018-06-16,1.0000000000,True,1.1566576958,False,1.3256621361,False,0.0090379143,False,1.0030996018,False
2018-06-17,1.0000000000,True,1.1566576958,False,1.3256621361,False,0.0090379143,False,1.0030996018,False
2018-06-18,1.0000000000,True,1.1595950127,True,1.3275099993,True,0.0090402020,True,1.0025062633,True
2018-06-19,1.0000000000,True,1.1630746126,True,1.3258730173,True,0.0090795184,True,1.0058439760,True
2018-06-20,1.0000000000,True,1.1588560343,True,1.3173321486,True,0.0090850452,True,1.0058945127,True
2018-06-21,1.0000000000,True,1.1579033136,True,1.3175230026,True,0.0090619112,True,1.0039757574,True
2018-06-22,1.0000000000,True,1.1605775356,True,1.3247840405,True,0.0090948775,True,1.0084508136,True
2018-06-23,1.0000000000,True,1.1605775356,False,1.3247840405,False,0.0090948775,False,1.0084508136,False
2018-06-24,1.0000000000,True,1.1605775356,False,1.3247840405,False,0.0090948775,False,1.0084508136,False
2018-06-25,1.0000000000,True,1.1661399603,True,1.3262423277,True,0.0090961190,True,1.0122789662,True
2018-06-26,1.0000000000,True,1.1702749729,True,1.3278449774,True,0.0091205095,True,1.0132739167,True
2018-06-27,1.0000000000,True,1.1650259495,True,1.3221042156,True,0.0090828996,True,1.0093872953,True
2018-06-28,1.0000000000,True,1.1563634872,True,1.3120431900,True,0.0090731755,True,1.0032404423,True
2018-06-29,1.0000000000,True,1.1562966108,True,1.3075141907,True,0.0090509205,True,1.0024158167,True
2018-06-30,1.0000000000,True,1.1562966108,False,1.3075141907,False,0.0090509205,False,1.0024158167,False
2018-07-01,1.0000000000,True,1.1562966108,False,1.3075141907,False,0.0090509205,False,1.0024158167,False
2018-07-02,1.0000000000,True,1.1678558588,True,1.3207770586,True,0.0090326078,True,1.0098867951,True
2018-07-03,1.0000000000,True,1.1642121077,True,1.3144059181,True,0.0090194909,True,1.0067451718,True
2018-07-04,1.0000000000,True,1.1659224033,True,1.3194352388,True,0.0090573149,True,1.0080747084,True
2018-07-05,1.0000000000,True,1.1662350893,True,1.3229262829,True,0.0090496101,True,1.0078613010,True
2018-07-06,1.0000000000,True,1.1695905924,True,1.3225764036,True,0.0090433082,True,1.0070493749,True
2018-07-07,1.0000000000,True,1.1695905924,False,1.3225764036,False,0.0090433082,False,1.0070493749,False
2018-07-08,1.0000000000,True,1.1695905924,False,1.3225764036,False,0.0090433082,False,1.0070493749,False
2018-07-09,1.0000000000,True,1.1752262115,True,1.3297872543,True,0.0090561666,True,1.0109179176,True
2018-07-10,1.0000000000,True,1.1756960154,True,1.3255567551,True,0.0090128250,True,1.0086949746,True
2018-07-11,1.0000000000,True,1.1727042198,True,1.3257324696,True,0.0090227462,True,1.0075262328,True
2018-07-12,1.0000000000,True,1.1676785946,True,1.3210039139,True,0.0089319209,True,1.0044194606,True
2018-07-13,1.0000000000,True,1.1665889025,True,1.3180439472,True,0.0088758709,True,0.9973072990,True
2018-07-14,1.0000000000,True,1.1665889025,False,1.3180439472,False,0.0088758709,False,0.9973072990,False
2018-07-15,1.0000000000,True,1.1665889025,False,1.3180439472,False,0.0088758709,False,0.9973072990,False
2018-07-16,1.0000000000,True,1.1679104567,True,1.3227688074,True,0.0088968761,True,0.9978247617,True
2018-07-17,1.0000000000,True,1.1709464788,True,1.3236442804,True,0.0088988556,True,1.0032404423,True
2018-07-18,1.0000000000,True,1.1653246880,True,1.3106160164,True,0.0088486178,True,0.9997200558,True
2018-07-19,1.0000000000,True,1.1645646095,True,1.3078221083,True,0.0088659556,True,1.0014019566,True
2018-07-20,1.0000000000,True,1.1655147076,True,1.3023037910,True,0.0088997269,True,1.0012615721,True
2018-07-21,1.0000000000,True,1.1655147076,False,1.3023037910,False,0.0088997269,False,1.0012615721,False
2018-07-22,1.0000000000,True,1.1655147076,False,1.3023037910,False,0.0088997269,False,1.0012615721,False
2018-07-23,1.0000000000,True,1.1741912365,True,1.3147169352,True,0.0090047093,True,1.0092141260,True
2018-07-24,1.0000000000,True,1.1694128513,True,1.3102725744,True,0.0089718285,True,1.0068465524,True
2018-07-25,1.0000000000,True,1.1685519218,True,1.3152183294,True,0.0089894915,True,1.0067451718,True
2018-07-26,1.0000000000,True,1.1737502813,True,1.3199577332,True,0.0090216066,True,1.0091020713,True
2018-07-27,1.0000000000,True,1.1642934084,True,1.3108737469,True,0.0089971746,True,1.0060159905,True
2018-07-28,1.0000000000,True,1.1642934084,False,1.3108737469,False,0.0089971746,False,1.0060159905,False
2018-07-29,1.0000000000,True,1.1642934084,False,1.3108737469,False,0.0089971746,False,1.0060159905,False
2018-07-30,1.0000000000,True,1.1660448313,True,1.3111830950,True,0.0090143691,True,1.0060564695,True
2018-07-31,1.0000000000,True,1.1707408428,True,1.3135426044,True,0.0090094957,True,1.0120637752,True
2018-08-01,1.0000000000,True,1.1689617634,True,1.3121638298,True,0.0089439039,True,1.0097950119,True
2018-08-02,1.0000000000,True,1.1665889025,True,1.3126115799,True,0.0089589677,True,1.0083897767,True
2018-08-03,1.0000000000,True,1.1586008072,True,1.3018121719,True,0.0089533528,True,1.0046212461,True
2018-08-04,1.0000000000,True,1.1586008072,False,1.3018121719,False,0.0089533528,False,1.0046212461,False
2018-08-05,1.0000000000,True,1.1586008072,False,1.3018121719,False,0.0089533528,False,1.0046212461,False
2018-08-06,1.0000000000,True,1.1562297344,True,1.3003562689,True,0.0089900569,True,1.0056315119,True
2018-08-07,1.0000000000,True,1.1558021307,True,1.2944984436,True,0.0089814984,True,1.0036935831,True
2018-08-08,1.0000000000,True,1.1602946520,True,1.2946659327,True,0.0089810947,True,1.0050251208,True
2018-08-09,1.0000000000,True,1.1610760689,True,1.2881617546,True,0.0090177832,True,1.0069479535,True
2018-08-10,1.0000000000,True,1.1523923874,True,1.2828407288,True,0.0090016290,True,1.0060666049,True
2018-08-11,1.0000000000,True,1.1523923874,False,1.2828407288,False,0.0090016290,False,1.0060666049,False
2018-08-12,1.0000000000,True,1.1523923874,False,1.2828407288,False,0.0090016290,False,1.0060666049,False
2018-08-13,1.0000000000,True,1.1394712925,True,1.2758845091,True,0.0090392214,True,1.0054293203,True
2018-08-14,1.0000000000,True,1.1402509212,True,1.2762752771,True,0.0090366070,True,1.0068465524,True
2018-08-15,1.0000000000,True,1.1345715523,True,1.2717791796,True,0.0089890871,True,1.0059249096,True
2018-08-16,1.0000000000,True,1.1344299316,True,1.2693899870,True,0.0090435540,True,1.0069479535,True
2018-08-17,1.0000000000,True,1.1371389627,True,1.2714558840,True,0.0090086846,True,1.0026570638,True
2018-08-18,1.0000000000,True,1.1371389627,False,1.2714558840,False,0.0090086846,False,1.0026570638,False
2018-08-19,1.0000000000,True,1.1371389627,False,1.2714558840,False,0.0090086846,False,1.0026570638,False
2018-08-20,1.0000000000,True,1.1437721252,True,1.2747135162,True,0.0090518218,True,1.0048332233,True
2018-08-21,1.0000000000,True,1.1491346359,True,1.2804261446,True,0.0090952088,True,1.0095911428,True
2018-08-22,1.0000000000,True,1.1576753855,True,1.2905557156,True,0.0090798480,True,1.0159504037,True
2018-08-23,1.0000000000,True,1.1584800482,True,1.2904725075,True,0.0090425726,True,1.0169939520,True
2018-08-24,1.0000000000,True,1.1543345451,True,1.2810658216,True,0.0089793209,True,1.0139314209,True
2018-08-25,1.0000000000,True,1.1543345451,False,1.2810658216,False,0.0089793209,False,1.0139314209,False
2018-08-26,1.0000000000,True,1.1543345451,False,1.2810658216,False,0.0089793209,False,1.0139314209,False
2018-08-27,1.0000000000,True,1.1648901701,True,1.2860909700,True,0.0089861794,True,1.0180914778,True
2018-08-28,1.0000000000,True,1.1683608294,True,1.2896735668,True,0.0089979034,True,1.0210333075,True
2018-08-29,1.0000000000,True,1.1691256762,True,1.2867693901,True,0.0089958797,True,1.0239606890,True
2018-08-30,1.0000000000,True,1.1709738970,True,1.3035939932,True,0.0089515900,True,1.0306090700,True
2018-08-31,1.0000000000,True,1.1664663553,True,1.3011007309,True,0.0090090901,True,1.0324179493,True
2018-09-01,1.0000000000,True,1.1664663553,False,1.3011007309,False,0.0090090901,False,1.0324179493,False
2018-09-02,1.0000000000,True,1.1664663553,False,1.3011007309,False,0.0090090901,False,1.0324179493,False
2018-09-03,1.0000000000,True,1.1601063013,True,1.2923069000,True,0.0089973370,True,1.0316723706,True
2018-09-04,1.0000000000,True,1.1615481377,True,1.2869019508,True,0.0090018726,True,1.0316829652,True
2018-09-05,1.0000000000,True,1.1586545706,True,1.2858428955,True,0.0089717481,True,1.0270103866,True
2018-09-06,1.0000000000,True,1.1635212898,True,1.2914891243,True,0.0089727142,True,1.0298025072,True
2018-09-07,1.0000000000,True,1.1620069742,True,1.2925406694,True,0.0090501830,True,1.0357864328,True
2018-09-08,1.0000000000,True,1.1620069742,False,1.2925406694,False,0.0090501830,False,1.0357864328,False
2018-09-09,1.0000000000,True,1.1620069742,False,1.2925406694,False,0.0090501830,False,1.0357864328,False
2018-09-10,1.0000000000,True,1.1561094522,True,1.2930254936,True,0.0090155068,True,1.0324179493,True
2018-09-11,1.0000000000,True,1.1595950127,True,1.3026430607,True,0.0089970128,True,1.0259251124,True
2018-09-12,1.0000000000,True,1.1596084833,True,1.3015578985,True,0.0089600113,True,1.0278443159,True
2018-09-13,1.0000000000,True,1.1629259586,True,1.3045463562,True,0.0089911885,True,1.0309278046,True
2018-09-14,1.0000000000,True,1.1691803932,True,1.3111314774,True,0.0089276148,True,1.0351966654,True
2018-09-15,1.0000000000,True,1.1691803932,False,1.3111314774,False,0.0089276148,False,1.0351966654,False
2018-09-16,1.0000000000,True,1.1691803932,False,1.3111314774,False,0.0089276148,False,1.0351966654,False
2018-09-17,1.0000000000,True,1.1628988981,True,1.3073263168,True,0.0089323196,True,1.0341261552,True
2018-09-18,1.0000000000,True,1.1669156551,True,1.3146305084,True,0.0089533528,True,1.0387667953,True
2018-09-19,1.0000000000,True,1.1679923534,True,1.3168463707,True,0.0089065436,True,1.0377103939,True
2018-09-20,1.0000000000,True,1.1674605608,True,1.3141123056,True,0.0089033716,True,1.0339123443,True
2018-09-21,1.0000000000,True,1.1775927544,True,1.3270871639,True,0.0088892838,True,1.0429377482,True
2018-09-22,1.0000000000,True,1.1775927544,False,1.3270871639,False,0.0088892838,False,1.0429377482,False
2018-09-23,1.0000000000,True,1.1775927544,False,1.3270871639,False,0.0088892838,False,1.0429377482,False
2018-09-24,1.0000000000,True,1.1751019955,True,1.3080444336,True,0.0088869928,True,1.0436234848,True
2018-09-25,1.0000000000,True,1.1752953529,True,1.3117333651,True,0.0088663484,True,1.0367958606,True
2018-09-26,1.0000000000,True,1.1763184071,True,1.3179919720,True,0.0088519858,True,1.0360117673,True
2018-09-27,1.0000000000,True,1.1748534441,True,1.3172800541,True,0.0088727994,True,1.0362157594,True
2018-09-28,1.0000000000,True,1.1637378931,True,1.3078734875,True,0.0088216871,True,1.0235624371,True
2018-09-29,1.0000000000,True,1.1637378931,False,1.3078734875,False,0.0088216871,False,1.0235624371,False
2018-09-30,1.0000000000,True,1.1637378931,False,1.3078734875,False,0.0088216871,False,1.0235624371,False
2018-10-01,1.0000000000,True,1.1605371237,True,1.3039000034,True,0.0087876553,True,1.0191602330,True
2018-10-02,1.0000000000,True,1.1577557325,True,1.3043591976,True,0.0087760870,True,1.0168802247,True
2018-10-03,1.0000000000,True,1.1551746130,True,1.2981956005,True,0.0088045993,True,1.0164977453,True
2018-10-04,1.0000000000,True,1.1476312876,True,1.2940628529,True,0.0087346924,True,1.0083186267,True
2018-10-05,1.0000000000,True,1.1518083811,True,1.3024225235,True,0.0087800940,True,1.0087254803,True
2018-10-06,1.0000000000,True,1.1518083811,False,1.3024225235,False,0.0087800940,False,1.0087254803,False
2018-10-07,1.0000000000,True,1.1518083811,False,1.3024225235,False,0.0087800940,False,1.0087254803,False
2018-10-08,1.0000000000,True,1.1522595882,True,1.3127149343,True,0.0087939149,True,1.0086644101,True
2018-10-09,1.0000000000,True,1.1494120359,True,1.3093118668,True,0.0088419675,True,1.0079629066,True
2018-10-10,1.0000000000,True,1.1506949663,True,1.3157029152,True,0.0088497141,True,1.0084711811,True
2018-10-11,1.0000000000,True,1.1533360481,True,1.3206725121,True,0.0089212430,True,1.0119101931,True
2018-10-12,1.0000000000,True,1.1590440273,True,1.3234164715,True,0.0089221983,True,1.0103051363,True
2018-10-13,1.0000000000,True,1.1590440273,False,1.3234164715,False,0.0089221983,False,1.0103051363,False
2018-10-14,1.0000000000,True,1.1590440273,False,1.3234164715,False,0.0089221983,False,1.0103051363,False
2018-10-15,1.0000000000,True,1.1551345587,True,1.3103927374,True,0.0089132914,True,1.0093872953,True
2018-10-16,1.0000000000,True,1.1583458185,True,1.3154779673,True,0.0089412646,True,1.0131404013,True
2018-10-17,1.0000000000,True,1.1575279236,True,1.3187218904,True,0.0089013902,True,1.0096726806,True
2018-10-18,1.0000000000,True,1.1500862837,True,1.3104442358,True,0.0088787869,True,1.0049746112,True
2018-10-19,1.0000000000,True,1.1460003853,True,1.3024225235,True,0.0089138479,True,1.0042883284,True
2018-10-20,1.0000000000,True,1.1460003853,False,1.3024225235,False,0.0089138479,False,1.0042883284,False
2018-10-21,1.0000000000,True,1.1460003853,False,1.3024225235,False,0.0089138479,False,1.0042883284,False
2018-10-22,1.0000000000,True,1.1509466171,True,1.3065404892,True,0.0088904692,True,1.0038144698,True
2018-10-23,1.0000000000,True,1.1467890739,True,1.2965964079,True,0.0088686287,True,1.0039051690,True
2018-10-24,1.0000000000,True,1.1473152637,True,1.2981280088,True,0.0088933158,True,1.0053686486,True
2018-10-25,1.0000000000,True,1.1399258375,True,1.2888258696,True,0.0089276148,True,1.0031398465,True
2018-10-26,1.0000000000,True,1.1377859116,True,1.2824623585,True,0.0089007567,True,1.0003300802,True
2018-10-27,1.0000000000,True,1.1377859116,False,1.2824623585,False,0.0089007567,False,1.0003300802,False
2018-10-28,1.0000000000,True,1.1377859116,False,1.2824623585,False,0.0089007567,False,1.0003300802,False
2018-10-29,1.0000000000,True,1.1398738623,True,1.2831040621,True,0.0089359119,True,1.0026067919,True
2018-10-30,1.0000000000,True,1.1376175880,True,1.2802459002,True,0.0089028170,True,0.9982730224,True
2018-10-31,1.0000000000,True,1.1346358061,True,1.2708903551,True,0.0088454869,True,0.9950248803,True
2018-11-01,1.0000000000,True,1.1316697598,True,1.2769435644,True,0.0088612420,True,0.9921127549,True
2018-11-02,1.0000000000,True,1.1403288841,True,1.3003731966,True,0.0088719339,True,0.9980040177,True
2018-11-03,1.0000000000,True,1.1403288841,False,1.3003731966,False,0.0088719339,False,0.9980040177,False
2018-11-04,1.0000000000,True,1.1403288841,False,1.3003731966,False,0.0088719339,False,0.9980040177,False
2018-11-05,1.0000000000,True,1.1397570372,True,1.3005592823,True,0.0088386852,True,0.9976057058,True
2018-11-06,1.0000000000,True,1.1412918568,True,1.3058068752,True,0.0088303338,True,0.9958175844,True
2018-11-07,1.0000000000,True,1.1438506842,True,1.3112518787,True,0.0088212204,True,0.9984224925,True
2018-11-08,1.0000000000,True,1.1434059143,True,1.3128528595,True,0.0088069260,True,0.9982032929,True
2018-11-09,1.0000000000,True,1.1368415356,True,1.3066771030,True,0.0087755476,True,0.9944312095,True
2018-11-10,1.0000000000,True,1.1368415356,False,1.3066771030,False,0.0087755476,False,0.9944312095,False
2018-11-11,1.0000000000,True,1.1368415356,False,1.3066771030,False,0.0087755476,False,0.9944312095,False
2018-11-12,1.0000000000,True,1.1325027943,True,1.2938451767,True,0.0087837956,True,0.9941345808,True
2018-11-13,1.0000000000,True,1.1233429909,True,1.2857933044,True,0.0087953842,True,0.9898931540,True
2018-11-14,1.0000000000,True,1.1311193705,True,1.3014055490,True,0.0087881956,True,0.9942334373,True
2018-11-15,1.0000000000,True,1.1311833858,True,1.2986170053,True,0.0088056072,True,0.9941345808,True
2018-11-16,1.0000000000,True,1.1324899197,True,1.2766500711,True,0.0088063053,True,0.9933445528,True
2018-11-17,1.0000000000,True,1.1324899197,False,1.2766500711,False,0.0088063053,False,0.9933445528,False
2018-11-18,1.0000000000,True,1.1324899197,False,1.2766500711,False,0.0088063053,False,0.9933445528,False
2018-11-19,1.0000000000,True,1.1413961649,True,1.2833181620,True,0.0088707529,True,1.0006203922,True
2018-11-20,1.0000000000,True,1.1455016136,True,1.2859750986,True,0.0088933948,True,1.0070493749,True
2018-11-21,1.0000000000,True,1.1372424364,True,1.2789195776,True,0.0088728780,True,1.0053080444,True
2018-11-22,1.0000000000,True,1.1388354301,True,1.2777266502,True,0.0088479129,True,1.0059350423,True
2018-11-23,1.0000000000,True,1.1403158903,True,1.2875978947,True,0.0088512810,True,1.0057326683,True
2018-11-24,1.0000000000,True,1.1403158903,False,1.2875978947,False,0.0088512810,False,1.0057326683,False
2018-11-25,1.0000000000,True,1.1403158903,False,1.2875978947,False,0.0088512810,False,1.0057326683,False
2018-11-26,1.0000000000,True,1.1337354183,True,1.2812299728,True,0.0088559057,True,1.0026872054,True
2018-11-27,1.0000000000,True,1.1333370209,True,1.2812299728,True,0.0088102624,True,1.0017831475,True
2018-11-28,1.0000000000,True,1.1298797131,True,1.2743724585,True,0.0087898953,True,1.0018032465,True
2018-11-29,1.0000000000,True,1.1368545294,True,1.2824130058,True,0.0088063053,True,1.0070493749,True
2018-11-30,1.0000000000,True,1.1392766237,True,1.2784454823,True,0.0088174866,True,1.0041169041,True
2018-12-01,1.0000000000,True,1.1392766237,False,1.2784454823,False,0.0088174866,False,1.0041169041,False
2018-12-02,1.0000000000,True,1.1392766237,False,1.2784454823,False,0.0088174866,False,1.0041169041,False
2018-12-03,1.0000000000,True,1.1342240572,True,1.2753475904,True,0.0087902042,True,1.0017028789,True
2018-12-04,1.0000000000,True,1.1354861259,True,1.2725884914,True,0.0088038245,True,1.0021847430,True
2018-12-05,1.0000000000,True,1.1342884302,True,1.2720541954,True,0.0088731934,True,1.0028078497,True
2018-12-06,1.0000000000,True,1.1349062920,True,1.2727665901,True,0.0088455651,True,1.0029889007,True
2018-12-07,1.0000000000,True,1.1374752522,True,1.2778573036,True,0.0088739804,True,1.0068465524,True
2018-12-08,1.0000000000,True,1.1374752522,False,1.2778573036,False,0.0088739804,False,1.0068465524,False
2018-12-09,1.0000000000,True,1.1374752522,False,1.2778573036,False,0.0088739804,False,1.0068465524,False
2018-12-10,1.0000000000,True,1.1400948763,True,1.2721028328,True,0.0088887310,True,1.0103867894,True
2018-12-11,1.0000000000,True,1.1356538534,True,1.2561235428,True,0.0088354053,True,1.0106114340,True
2018-12-12,1.0000000000,True,1.1323105097,True,1.2492972612,True,0.0088195863,True,1.0068870983,True
2018-12-13,1.0000000000,True,1.1373459101,True,1.2628655434,True,0.0088272937,True,1.0074551441,True
2018-12-14,1.0000000000,True,1.1363636255,True,1.2655024529,True,0.0088059178,True,1.0064412128,True
2018-12-15,1.0000000000,True,1.1363636255,False,1.2655024529,False,0.0088059178,False,1.0064412128,False
2018-12-16,1.0000000000,True,1.1363636255,False,1.2655024529,False,0.0088059178,False,1.0064412128,False
2018-12-17,1.0000000000,True,1.1305949688,True,1.2585581541,True,0.0088191199,True,1.0024961995,True
2018-12-18,1.0000000000,True,1.1349835396,True,1.2615749836,True,0.0088629694,True,1.0074450413,True
2018-12-19,1.0000000000,True,1.1375399828,True,1.2655024529,True,0.0088869928,True,1.0076582119,True
2018-12-20,1.0000000000,True,1.1389521360,True,1.2627857924,True,0.0088960054,True,1.0061374373,True
2018-12-21,1.0000000000,True,1.1456853151,True,1.2669775486,True,0.0089951518,True,1.0131712377,True
2018-12-22,1.0000000000,True,1.1456853151,False,1.2669775486,False,0.0089951518,False,1.0131712377,False
2018-12-23,1.0000000000,True,1.1456853151,False,1.2669775486,False,0.0089951518,False,1.0131712377,False
2018-12-24,1.0000000000,True,1.1372811794,True,1.2648941278,True,0.0090046283,True,1.0064412128,True
2018-12-25,1.0000000000,True,1.1403938532,True,1.2710840702,True,0.0090652793,True,1.0144045159,True
2018-12-26,1.0000000000,True,1.1415525675,True,1.2688745260,True,0.0090578069,True,1.0140959149,True
2018-12-27,1.0000000000,True,1.1361312866,True,1.2648781538,True,0.0089923205,True,1.0057326683,True
2018-12-28,1.0000000000,True,1.1431053877,True,1.2646220922,True,0.0090207927,True,1.0132739167,True
2018-12-29,1.0000000000,True,1.1431053877,False,1.2646220922,False,0.0090207927,False,1.0132739167,False
2018-12-30,1.0000000000,True,1.1431053877,False,1.2646220922,False,0.0090207927,False,1.0132739167,False
2018-12-31,1.0000000000,True,1.1439945698,True,1.2693576813,True,0.0090637178,True,1.0166734234,True
2019-01-01,1.0000000000,True,1.1493064165,True,1.2738043070,True,0.0091215910,True,1.0167664613,True
2019-01-02,1.0000000000,True,1.1461712122,True,1.2754288912,True,0.0091184302,True,1.0183299458,True
2019-01-03,1.0000000000,True,1.1318106651,True,1.2521913052,True,0.0093074337,True,1.0114291774,True
2019-01-04,1.0000000000,True,1.1391078234,True,1.2628813982,True,0.0092757496,True,1.0130685795,True
2019-01-05,1.0000000000,True,1.1391078234,False,1.2628813982,False,0.0092757496,False,1.0130685795,False
2019-01-06,1.0000000000,True,1.1391078234,False,1.2628813982,False,0.0092757496,False,1.0130685795,False
2019-01-07,1.0000000000,True,1.1410444975,True,1.2734960318,True,0.0092147212,True,1.0144457341,True
2019-01-08,1.0000000000,True,1.1479737759,True,1.2786087990,True,0.0092067469,True,1.0213461457,True
2019-01-09,1.0000000000,True,1.1456066370,True,1.2737879753,True,0.0091932043,True,1.0196070519,True
2019-01-10,1.0000000000,True,1.1554949284,True,1.2799671888,True,0.0092430836,True,1.0267467230,True
2019-01-11,1.0000000000,True,1.1510128975,True,1.2753963470,True,0.0092337812,True,1.0162498543,True
2019-01-12,1.0000000000,True,1.1510128975,False,1.2753963470,False,0.0092337812,False,1.0162498543,False
2019-01-13,1.0000000000,True,1.1510128975,False,1.2753963470,False,0.0092337812,False,1.0162498543,False
2019-01-14,1.0000000000,True,1.1460136175,True,1.2849836349,True,0.0092201589,True,1.0165701159,True
2019-01-15,1.0000000000,True,1.1472889185,True,1.2874983549,True,0.0092378753,True,1.0193472373,True
2019-01-16,1.0000000000,True,1.1416828632,True,1.2872166634,True,0.0092043742,True,1.0126890226,True
2019-01-17,1.0000000000,True,1.1398088932,True,1.2885768414,True,0.0091711986,True,1.0100907836,True
2019-01-18,1.0000000000,True,1.1392636299,True,1.2983977795,True,0.0091614523,True,1.0063399138,True
2019-01-19,1.0000000000,True,1.1392636299,False,1.2983977795,False,0.0091614523,False,1.0063399138,False
2019-01-20,1.0000000000,True,1.1392636299,False,1.2983977795,False,0.0091614523,False,1.0063399138,False
2019-01-21,1.0000000000,True,1.1365574598,True,1.2853471041,True,0.0091190120,True,1.0046616130,True
2019-01-22,1.0000000000,True,1.1369321346,True,1.2891747952,True,0.0091182640,True,1.0027072808,True
2019-01-23,1.0000000000,True,1.1364023685,True,1.2957731485,True,0.0091445290,True,1.0030090482,True
2019-01-24,1.0000000000,True,1.1388224363,True,1.3082156181,True,0.0091330876,True,1.0054596288,True
2019-01-25,1.0000000000,True,1.1313496828,True,1.3121638298,True,0.0091243373,True,1.0044194606,True
2019-01-26,1.0000000000,True,1.1313496828,False,1.3121638298,False,0.0091243373,False,1.0044194606,False
2019-01-27,1.0000000000,True,1.1313496828,False,1.3121638298,False,0.0091243373,False,1.0044194606,False
2019-01-28,1.0000000000,True,1.1413049698,True,1.3208470345,True,0.0091407677,True,1.0076582119,True
2019-01-29,1.0000000000,True,1.1430008411,True,1.3160146475,True,0.0091529831,True,1.0084711811,True
2019-01-30,1.0000000000,True,1.1435366869,True,1.3080444336,True,0.0091393476,True,1.0055304361,True
2019-01-31,1.0000000000,True,1.1487650871,True,1.3117163181,True,0.0091759112,True,1.0065425322,True
2019-02-01,1.0000000000,True,1.1449507475,True,1.3109424114,True,0.0091874608,True,1.0063399138,True
2019-02-02,1.0000000000,True,1.1449507475,False,1.3109424114,False,0.0091874608,False,1.0063399138,False
2019-02-03,1.0000000000,True,1.1449507475,False,1.3109424114,False,0.0091874608,False,1.0063399138,False
2019-02-04,1.0000000000,True,1.1455278397,True,1.3077365160,True,0.0091375936,True,1.0045506270,True
2019-02-05,1.0000000000,True,1.1436283588,True,1.3031013012,True,0.0090941335,True,1.0022048581,True
2019-02-06,1.0000000000,True,1.1409925222,True,1.2957228422,True,0.0090957876,True,1.0002900607,True
2019-02-07,1.0000000000,True,1.1365960836,True,1.2934435606,True,0.0090930584,True,0.9979044099,True
2019-02-08,1.0000000000,True,1.1338768005,True,1.2949174643,True,0.0091111195,True,0.9975957402,True
2019-02-09,1.0000000000,True,1.1338768005,False,1.2949174643,False,0.0091111195,False,0.9975957402,False
2019-02-10,1.0000000000,True,1.1338768005,False,1.2949174643,False,0.0091111195,False,0.9975957402,False
2019-02-11,1.0000000000,True,1.1324259043,True,1.2936778069,True,0.0091066389,True,1.0007105150,True
2019-02-12,1.0000000000,True,1.1279042959,True,1.2864052057,True,0.0090579709,True,0.9961151002,True
2019-02-13,1.0000000000,True,1.1334655285,True,1.2892080545,True,0.0090485455,True,0.9939271519,True
2019-02-14,1.0000000000,True,1.1264940500,True,1.2856775522,True,0.0090152631,True,0.9913750242,True
2019-02-15,1.0000000000,True,1.1295350790,True,1.2798361778,True,0.0090466625,True,0.9950743357,True
2019-02-16,1.0000000000,True,1.1295350790,False,1.2798361778,False,0.0090466625,False,0.9950743357,False
2019-02-17,1.0000000000,True,1.1295350790,False,1.2798361778,False,0.0090466625,False,0.9950743357,False
2019-02-18,1.0000000000,True,1.1298030615,True,1.2905557156,True,0.0090445350,True,0.9955201281,True
2019-02-19,1.0000000000,True,1.1311961412,True,1.2924071550,True,0.0090423269,True,0.9955499012,True
2019-02-20,1.0000000000,True,1.1343011856,True,1.3061310053,True,0.0090438810,True,0.9987216860,True
2019-02-21,1.0000000000,True,1.1346358061,True,1.3045123816,True,0.0090281227,True,1.0000000000,True
2019-02-22,1.0000000000,True,1.1343011856,True,1.3041380644,True,0.0090327709,True,0.9991407631,True
2019-02-23,1.0000000000,True,1.1343011856,False,1.3041380644,False,0.0090327709,False,0.9991407631,False
2019-02-24,1.0000000000,True,1.1343011856,False,1.3041380644,False,0.0090327709,False,0.9991407631,False
2019-02-25,1.0000000000,True,1.1342240572,True,1.3065575361,True,0.0090275518,True,1.0003000802,True
2019-02-26,1.0000000000,True,1.1367511749,True,1.3127149343,True,0.0090052773,True,0.9999100051,True
2019-02-27,1.0000000000,True,1.1393154860,True,1.3258028030,True,0.0090451898,True,1.0002900607,True
2019-02-28,1.0000000000,True,1.1380189657,True,1.3318239450,True,0.0090202234,True,0.9995002861,True
2019-03-01,1.0000000000,True,1.1373459101,True,1.3264886141,True,0.0089801268,True,1.0027475539,True
2019-03-02,1.0000000000,True,1.1373459101,False,1.3264886141,False,0.0089801268,False,1.0027475539,False
2019-03-03,1.0000000000,True,1.1373459101,False,1.3264886141,False,0.0089801268,False,1.0027475539,False
2019-03-04,1.0000000000,True,1.1375917196,True,1.3239772320,True,0.0089335165,True,1.0017028789,True
2019-03-05,1.0000000000,True,1.1337354183,True,1.3178529739,True,0.0089463843,True,1.0014019566,True
2019-03-06,1.0000000000,True,1.1307101250,True,1.3156682253,True,0.0089392668,True,0.9956192604,True
2019-03-07,1.0000000000,True,1.1314009428,True,1.3182177544,True,0.0089587271,True,0.9959167760,True
2019-03-08,1.0000000000,True,1.1198333502,True,1.3092432022,True,0.0089578442,True,0.9894132902,True
2019-03-09,1.0000000000,True,1.1198333502,False,1.3092432022,False,0.0089578442,False,0.9894132902,False
2019-03-10,1.0000000000,True,1.1198333502,False,1.3092432022,False,0.0089578442,False,0.9894132902,False
2019-03-11,1.0000000000,True,1.1232421398,True,1.2988362312,True,0.0090025206,True,0.9922603858,True
2019-03-12,1.0000000000,True,1.1259232759,True,1.3248542547,True,0.0089813366,True,0.9898638351,True
2019-03-13,1.0000000000,True,1.1287446022,True,1.3066771030,True,0.0089842417,True,0.9926543224,True
2019-03-14,1.0000000000,True,1.1331059933,True,1.3285682201,True,0.0089931293,True,0.9967207318,True
2019-03-15,1.0000000000,True,1.1308379173,True,1.3258554935,True,0.0089483058,True,0.9965618258,True
2019-03-16,1.0000000000,True,1.1308379173,False,1.3258554935,False,0.0089483058,False,0.9965618258,False
2019-03-17,1.0000000000,True,1.1308379173,False,1.3258554935,False,0.0089483058,False,0.9965618258,False
2019-03-18,1.0000000000,True,1.1319772005,True,1.3297164440,True,0.0089637062,True,0.9976057058,True
2019-03-19,1.0000000000,True,1.1336197853,True,1.3264359236,True,0.0089788368,True,0.9990009524,True
2019-03-20,1.0000000000,True,1.1354861259,True,1.3271400928,True,0.0089765800,True,1.0014019566,True
2019-03-21,1.0000000000,True,1.1427918673,True,1.3205330372,True,0.0090366887,True,1.0090817390,True
2019-03-22,1.0000000000,True,1.1375011206,True,1.3132321835,True,0.0090247821,True,1.0081661185,True
2019-03-23,1.0000000000,True,1.1375011206,False,1.3132321835,False,0.0090247821,False,1.0081661185,False
2019-03-24,1.0000000000,True,1.1375011206,False,1.3132321835,False,0.0090247821,False,1.0081661185,False
2019-03-25,1.0000000000,True,1.1295861006,True,1.3206549883,True,0.0090842197,True,1.0060463344,True
2019-03-26,1.0000000000,True,1.1315801144,True,1.3215277195,True,0.0090852927,True,1.0077496070,True
2019-03-27,1.0000000000,True,1.1274846792,True,1.3211436272,True,0.0090453533,True,1.0064412128,True
2019-03-28,1.0000000000,True,1.1251758337,True,1.3152703047,True,0.0090505930,True,1.0053282249,True
2019-03-29,1.0000000000,True,1.1230024099,True,1.3056534529,True,0.0090385675,True,1.0051968554,True
2019-03-30,1.0000000000,True,1.1230024099,False,1.3056534529,False,0.0090385675,False,1.0051968554,False
2019-03-31,1.0000000000,True,1.1230024099,False,1.3056534529,False,0.0090385675,False,1.0051968554,False
2019-04-01,1.0000000000,True,1.1223849058,True,1.3022867441,True,0.0090094146,True,1.0050251208,True
2019-04-02,1.0000000000,True,1.1205737591,True,1.3068991899,True,0.0089725533,True,1.0008006541,True
2019-04-03,1.0000000000,True,1.1203854084,True,1.3127666712,True,0.0089843223,True,1.0018433872,True
2019-04-04,1.0000000000,True,1.1246949434,True,1.3176966906,True,0.0089770639,True,1.0027173488,True
2019-04-05,1.0000000000,True,1.1225864887,True,1.3077024221,True,0.0089559192,True,1.0000799958,True
2019-04-06,1.0000000000,True,1.1225864887,False,1.3077024221,False,0.0089559192,False,1.0000799958,False
2019-04-07,1.0000000000,True,1.1225864887,False,1.3077024221,False,0.0089559192,False,1.0000799958,False
2019-04-08,1.0000000000,True,1.1219567060,True,1.3038150072,True,0.0089516701,True,1.0001000266,True
2019-04-09,1.0000000000,True,1.1256444454,True,1.3063356876,True,0.0089721503,True,1.0008908094,True
2019-04-10,1.0000000000,True,1.1266970634,True,1.3057216406,True,0.0090004948,True,1.0003501210,True
2019-04-11,1.0000000000,True,1.1276500225,True,1.3099292517,True,0.0090102266,True,0.9977948524,True
2019-04-12,1.0000000000,True,1.1260753870,True,1.3056023121,True,0.0089588875,True,0.9972674617,True
2019-04-13,1.0000000000,True,1.1260753870,False,1.3056023121,False,0.0089588875,False,0.9972674617,False
2019-04-14,1.0000000000,True,1.1260753870,False,1.3056023121,False,0.0089588875,False,0.9972674617,False
2019-04-15,1.0000000000,True,1.1305055618,True,1.3083868027,True,0.0089263399,True,0.9976057058,True
2019-04-16,1.0000000000,True,1.1304928064,True,1.3102725744,True,0.0089331177,True,0.9963434423,True
2019-04-17,1.0000000000,True,1.1285026073,True,1.3046314716,True,0.0089291298,True,0.9925557796,True
2019-04-18,1.0000000000,True,1.1297137737,True,1.3039339781,True,0.0089257022,True,0.9897069910,True
2019-04-19,1.0000000000,True,1.1235954762,True,1.2994438410,True,0.0089294486,True,0.9853769986,True
2019-04-20,1.0000000000,True,1.1235954762,False,1.2994438410,False,0.0089294486,False,0.9853769986,False
2019-04-21,1.0000000000,True,1.1235954762,False,1.2994438410,False,0.0089294486,False,0.9853769986,False
2019-04-22,1.0000000000,True,1.1244546175,True,1.2993763685,True,0.0089357517,True,0.9858141426,True
2019-04-23,1.0000000000,True,1.1258978844,True,1.2981449366,True,0.0089342350,True,0.9849305280,True
2019-04-24,1.0000000000,True,1.1224352121,True,1.2938116789,True,0.0089383878,True,0.9802480544,True
2019-04-25,1.0000000000,True,1.1153494120,True,1.2904890776,True,0.0089182201,True,0.9801038615,True
2019-04-26,1.0000000000,True,1.1136848927,True,1.2896070480,True,0.0089654738,True,0.9804883175,True
2019-04-27,1.0000000000,True,1.1136848927,False,1.2896070480,False,0.0089654738,False,0.9804883175,False
2019-04-28,1.0000000000,True,1.1136848927,False,1.2896070480,False,0.0089654738,False,0.9804883175,False
2019-04-29,1.0000000000,True,1.1150261164,True,1.2920230627,True,0.0089611354,True,0.9810461769,True
2019-04-30,1.0000000000,True,1.1185182333,True,1.2932428122,True,0.0089543951,True,0.9810654525,True
2019-05-01,1.0000000000,True,1.1216043234,True,1.3039849997,True,0.0089770639,True,0.9813446887,True
2019-05-02,1.0000000000,True,1.1200841665,True,1.3053126335,True,0.0089724722,True,0.9828975566,True
2019-05-03,1.0000000000,True,1.1173559427,True,1.3033220768,True,0.0089690118,True,0.9810172650,True
2019-05-04,1.0000000000,True,1.1173559427,False,1.3033220768,False,0.0089690118,False,0.9810172650,False
2019-05-05,1.0000000000,True,1.1173559427,False,1.3033220768,False,0.0089690118,False,0.9810172650,False
2019-05-06,1.0000000000,True,1.1185808182,True,1.3150626421,True,0.0090397114,True,0.9837484526,True
2019-05-07,1.0000000000,True,1.1201846600,True,1.3099292517,True,0.0090248635,True,0.9831875165,True
2019-05-08,1.0000000000,True,1.1191065311,True,1.3068820238,True,0.0090697186,True,0.9807767427,True
2019-05-09,1.0000000000,True,1.1198333502,True,1.3012022972,True,0.0090885956,True,0.9801038615,True
2019-05-10,1.0000000000,True,1.1222084761,True,1.3009653091,True,0.0091068876,True,0.9850275625,True
2019-05-11,1.0000000000,True,1.1222084761,False,1.3009653091,False,0.0091068876,False,0.9850275625,False
2019-05-12,1.0000000000,True,1.1222084761,False,1.3009653091,False,0.0091068876,False,0.9850275625,False
2019-05-13,1.0000000000,True,1.1236460209,True,1.3010668755,True,0.0091195944,True,0.9897069910,True
2019-05-14,1.0000000000,True,1.1232547760,True,1.2963106632,True,0.0091613684,True,0.9946487554,True
2019-05-15,1.0000000000,True,1.1204482317,True,1.2906556129,True,0.0091181809,True,0.9913357766,True
2019-05-16,1.0000000000,True,1.1207244396,True,1.2847524881,True,0.0091345057,True,0.9918175075,True
2019-05-17,1.0000000000,True,1.1173559427,True,1.2797706127,True,0.0091015826,True,0.9901186522,True
2019-05-18,1.0000000000,True,1.1173559427,False,1.2797706127,False,0.0091015826,False,0.9901186522,False
2019-05-19,1.0000000000,True,1.1173559427,False,1.2797706127,False,0.0091015826,False,0.9901186522,False
2019-05-20,1.0000000000,True,1.1165324450,True,1.2731555700,True,0.0090777049,True,0.9896091492,True
2019-05-21,1.0000000000,True,1.1168566942,True,1.2729123831,True,0.0090851277,True,0.9917683753,True
2019-05-22,1.0000000000,True,1.1168566942,False,1.2729123831,False,0.0090851277,False,0.9917683753,False
2019-05-23,1.0000000000,True,1.1155484915,True,1.2664159536,True,0.0090726812,True,0.9910606617,True
2019-05-24,1.0000000000,True,1.1184556484,True,1.2664639950,True,0.0091275855,True,0.9971083813,True
2019-05-25,1.0000000000,True,1.1184556484,False,1.2664639950,False,0.0091275855,False,0.9971083813,False
2019-05-26,1.0000000000,True,1.1184556484,False,1.2664639950,False,0.0091275855,False,0.9971083813,False
2019-05-27,1.0000000000,True,1.1209630966,True,1.2724751234,True,0.0091406842,True,0.9982331079,True
2019-05-28,1.0000000000,True,1.1193821430,True,1.2682307959,True,0.0091316693,True,0.9960655413,True
2019-05-29,1.0000000000,True,1.1170687675,True,1.2659670115,True,0.0091452819,True,0.9931177007,True
2019-05-30,1.0000000000,True,1.1137346029,True,1.2629451752,True,0.0091289186,True,0.9917683753,True
2019-05-31,1.0000000000,True,1.1131147146,True,1.2609704733,True,0.0091443619,True,0.9931473302,True
2019-06-01,1.0000000000,True,1.1131147146,False,1.2609704733,False,0.0091443619,False,0.9931473302,False
2019-06-02,1.0000000000,True,1.1131147146,False,1.2609704733,False,0.0091443619,False,0.9931473302,False
2019-06-03,1.0000000000,True,1.1174057722,True,1.2639508247,True,0.0092411195,True,1.0004702036,True
2019-06-04,1.0000000000,True,1.1246316433,True,1.2664159536,True,0.0092569450,True,1.0077597765,True
2019-06-05,1.0000000000,True,1.1254037619,True,1.2702767849,True,0.0092375341,True,1.0075871047,True
2019-06-06,1.0000000000,True,1.1229015589,True,1.2688584328,True,0.0092312234,True,1.0061374373,True
2019-06-07,1.0000000000,True,1.1276500225,True,1.2698411942,True,0.0092204988,True,1.0089799078,True
2019-06-08,1.0000000000,True,1.1276500225,False,1.2698411942,False,0.0092204988,False,1.0089799078,False
2019-06-09,1.0000000000,True,1.1276500225,False,1.2698411942,False,0.0092204988,False,1.0089799078,False
2019-06-10,1.0000000000,True,1.1320157051,True,1.2722970247,True,0.0092209243,True,1.0102030580,True
2019-06-11,1.0000000000,True,1.1318106651,True,1.2691160440,True,0.0092285827,True,1.0112245870,True
2019-06-12,1.0000000000,True,1.1329518557,True,1.2724426985,True,0.0092187991,True,1.0080645326,True
2019-06-13,1.0000000000,True,1.1295605898,True,1.2693415880,True,0.0092176094,True,1.0053282249,True
2019-06-14,1.0000000000,True,1.1280443668,True,1.2680056095,True,0.0092318203,True,1.0065425322,True
2019-06-15,1.0000000000,True,1.1280443668,False,1.2680056095,False,0.0092318203,False,1.0065425322,False
2019-06-16,1.0000000000,True,1.1280443668,False,1.2680056095,False,0.0092318203,False,1.0065425322,False
2019-06-17,1.0000000000,True,1.1217050552,True,1.2596044540,True,0.0092101388,True,1.0012014621,True
2019-06-18,1.0000000000,True,1.1224603653,True,1.2541544437,True,0.0092132781,True,1.0013518105,True
2019-06-19,1.0000000000,True,1.1198208332,True,1.2566603422,True,0.0092103932,True,0.9993104924,True
2019-06-20,1.0000000000,True,1.1238480806,True,1.2656625509,True,0.0092494105,True,1.0073537014,True
2019-06-21,1.0000000000,True,1.1295605898,True,1.2707933187,True,0.0093216626,True,1.0193160239,True
2019-06-22,1.0000000000,True,1.1295605898,False,1.2707933187,False,0.0093216626,False,1.0193160239,False
2019-06-23,1.0000000000,True,1.1295605898,False,1.2707933187,False,0.0093216626,False,1.0193160239,False
2019-06-24,1.0000000000,True,1.1384724379,True,1.2750873566,True,0.0093186226,True,1.0252204529,True
2019-06-25,1.0000000000,True,1.1400297880,True,1.2739664316,True,0.0093173197,True,1.0290182855,True
2019-06-26,1.0000000000,True,1.1369967461,True,1.2690677643,True,0.0093313177,True,1.0258303910,True
2019-06-27,1.0000000000,True,1.1374752522,True,1.2698411942,True,0.0092817763,True,1.0231330471,True
2019-06-28,1.0000000000,True,1.1372941732,True,1.2677484751,True,0.0092810007,True,1.0239082582,True
2019-06-29,1.0000000000,True,1.1372941732,False,1.2677484751,False,0.0092810007,False,1.0239082582,False
2019-06-30,1.0000000000,True,1.1372941732,False,1.2677484751,False,0.0092810007,False,1.0239082582,False
2019-07-01,1.0000000000,True,1.1364928484,True,1.2694543600,True,0.0092266240,True,1.0210333075,True
2019-07-02,1.0000000000,True,1.1287446022,True,1.2644623518,True,0.0092279869,True,1.0131712377,True
2019-07-03,1.0000000000,True,1.1293054819,True,1.2598266602,True,0.0092760076,True,1.0150223430,True
2019-07-04,1.0000000000,True,1.1287955046,True,1.2582731247,True,0.0092782454,True,1.0146103951,True
2019-07-05,1.0000000000,True,1.1285790205,True,1.2583048344,True,0.0092757496,True,1.0155171099,True
2019-07-06,1.0000000000,True,1.1285790205,False,1.2583048344,False,0.0092757496,False,1.0155171099,False
2019-07-07,1.0000000000,True,1.1285790205,False,1.2583048344,False,0.0092757496,False,1.0155171099,False
2019-07-08,1.0000000000,True,1.1227376461,True,1.2525520325,True,0.0092187991,True,1.0088781578,True
2019-07-09,1.0000000000,True,1.1216043234,True,1.2516427040,True,0.0091978550,True,1.0059451148,True
2019-07-10,1.0000000000,True,1.1208249331,True,1.2458575964,True,0.0091807129,True,1.0064513559,True
2019-07-11,1.0000000000,True,1.1258852482,True,1.2508130074,True,0.0092307125,True,1.0122481841,True
2019-07-12,1.0000000000,True,1.1252391338,True,1.2523481846,True,0.0092091209,True,1.0095911428,True
2019-07-13,1.0000000000,True,1.1252391338,False,1.2523481846,False,0.0092091209,False,1.0095911428,False
2019-07-14,1.0000000000,True,1.1252391338,False,1.2523481846,False,0.0092091209,False,1.0095911428,False
2019-07-15,1.0000000000,True,1.1272051334,True,1.2571974993,True,0.0092736849,True,1.0162601345,True
2019-07-16,1.0000000000,True,1.1261768341,True,1.2517994642,True,0.0092687855,True,1.0161569110,True
2019-07-17,1.0000000000,True,1.1212271452,True,1.2412029505,True,0.0092420591,True,1.0121559712,True
2019-07-18,1.0000000000,True,1.1229646206,True,1.2434717417,True,0.0092646640,True,1.0135820175,True
2019-07-19,1.0000000000,True,1.1261515617,True,1.2541857958,True,0.0093109002,True,1.0176666648,True
2019-07-20,1.0000000000,True,1.1261515617,False,1.2541857958,False,0.0093109002,False,1.0176666648,False
2019-07-21,1.0000000000,True,1.1261515617,False,1.2541857958,False,0.0093109002,False,1.0176666648,False
2019-07-22,1.0000000000,True,1.1218308210,True,1.2512825727,True,0.0092755776,True,1.0174596052,True
2019-07-23,1.0000000000,True,1.1206114292,True,1.2474894524,True,0.0092674971,True,1.0179153093,True
2019-07-24,1.0000000000,True,1.1151255369,True,1.2439049482,True,0.0092394114,True,1.0148369220,True
2019-07-25,1.0000000000,True,1.1142433882,True,1.2485953569,True,0.0092430836,True,1.0155583571,True
2019-07-26,1.0000000000,True,1.1146159172,True,1.2453454733,True,0.0092025104,True,1.0091020713,True
2019-07-27,1.0000000000,True,1.1146159172,False,1.2453454733,False,0.0092025104,False,1.0091020713,False
2019-07-28,1.0000000000,True,1.1146159172,False,1.2453454733,False,0.0092025104,False,1.0091020713,False
2019-07-29,1.0000000000,True,1.1132138968,True,1.2376697063,True,0.0092053057,True,1.0067451718,True
2019-07-30,1.0000000000,True,1.1143054962,True,1.2217471600,True,0.0091856045,True,1.0084711811,True
2019-07-31,1.0000000000,True,1.1157974005,True,1.2161602974,True,0.0092113265,True,1.0104071743,True
2019-08-01,1.0000000000,True,1.1071745157,True,1.2153768539,True,0.0091894873,True,1.0062386956,True
2019-08-02,1.0000000000,True,1.1078859568,True,1.2124298811,True,0.0093083002,True,1.0100296088,True
2019-08-03,1.0000000000,True,1.1078859568,False,1.2124298811,False,0.0093083002,False,1.0100296088,False
2019-08-04,1.0000000000,True,1.1078859568,False,1.2124298811,False,0.0093083002,False,1.0100296088,False
2019-08-05,1.0000000000,True,1.1108025312,True,1.2152144909,True,0.0093828872,True,1.0178116875,True
2019-08-06,1.0000000000,True,1.1243788004,True,1.2158203125,True,0.0094703245,True,1.0302693373,True
2019-08-07,1.0000000000,True,1.1206992865,True,1.2169743776,True,0.0094040646,True,1.0248736823,True
2019-08-08,1.0000000000,True,1.1204355955,True,1.2143291235,True,0.0094232054,True,1.0259567319,True
2019-08-09,1.0000000000,True,1.1187183857,True,1.2143733501,True,0.0094451895,True,1.0267678362,True
2019-08-10,1.0000000000,True,1.1187183857,False,1.2143733501,False,0.0094451895,False,1.0267678362,False
2019-08-11,1.0000000000,True,1.1187183857,False,1.2143733501,False,0.0094451895,False,1.0267678362,False
2019-08-12,1.0000000000,True,1.1208499670,True,1.2021976709,True,0.0094892863,True,1.0294208584,True
2019-08-13,1.0000000000,True,1.1218308210,True,1.2078753710,True,0.0094914481,True,1.0317468546,True
2019-08-14,1.0000000000,True,1.1177055836,True,1.2064181566,True,0.0093817435,True,1.0248001873,True
2019-08-15,1.0000000000,True,1.1143302917,True,1.2060399055,True,0.0094414441,True,1.0272635556,True
2019-08-16,1.0000000000,True,1.1113580465,True,1.2091605663,True,0.0094265811,True,1.0242753240,True
2019-08-17,1.0000000000,True,1.1113580465,False,1.2091605663,False,0.0094265811,False,1.0242753240,False
2019-08-18,1.0000000000,True,1.1113580465,False,1.2091605663,False,0.0094265811,False,1.0242753240,False
2019-08-19,1.0000000000,True,1.1093853712,True,1.2161011696,True,0.0093958470,True,1.0211375242,True
2019-08-20,1.0000000000,True,1.1083157063,True,1.2131506205,True,0.0093831518,True,1.0191082926,True
2019-08-21,1.0000000000,True,1.1097793579,True,1.2162343264,True,0.0094096391,True,1.0227040173,True
2019-08-22,1.0000000000,True,1.1090778112,True,1.2132241726,True,0.0093811270,True,1.0184336732,True
2019-08-23,1.0000000000,True,1.1084016562,True,1.2251899242,True,0.0093924933,True,1.0166114487,True
2019-08-24,1.0000000000,True,1.1084016562,False,1.2251899242,False,0.0093924933,False,1.0166114487,False
2019-08-25,1.0000000000,True,1.1084016562,False,1.2251899242,False,0.0093924933,False,1.0166114487,False
2019-08-26,1.0000000000,True,1.1143054962,True,1.2262415886,True,0.0095372527,True,1.0279076678,True
2019-08-27,1.0000000000,True,1.1103708744,True,1.2221950293,True,0.0094359209,True,1.0213461457,True
2019-08-28,1.0000000000,True,1.1090040207,True,1.2283201218,True,0.0094573380,True,1.0194719244,True
2019-08-29,1.0000000000,True,1.1085859537,True,1.2218515873,True,0.0094277364,True,1.0190252238,True
2019-08-30,1.0000000000,True,1.1061947346,True,1.2186502218,True,0.0093951405,True,1.0144045159,True
2019-08-31,1.0000000000,True,1.1061947346,False,1.2186502218,False,0.0093951405,False,1.0144045159,False
2019-09-01,1.0000000000,True,1.1061947346,False,1.2186502218,False,0.0093951405,False,1.0144045159,False
2019-09-02,1.0000000000,True,1.0991789103,True,1.2159237862,True,0.0094225842,True,1.0108157154,True
2019-09-03,1.0000000000,True,1.0968520641,True,1.2066656351,True,0.0094168165,True,1.0097644415,True
2019-09-04,1.0000000000,True,1.0974539518,True,1.2090436220,True,0.0094463495,True,1.0133457677,True
2019-09-05,1.0000000000,True,1.1034970284,True,1.2248897552,True,0.0094051261,True,1.0195342483,True
2019-09-06,1.0000000000,True,1.1036310196,True,1.2323921919,True,0.0093395100,True,1.0139622441,True
2019-09-07,1.0000000000,True,1.1036310196,False,1.2323921919,False,0.0093395100,False,1.0139622441,False
2019-09-08,1.0000000000,True,1.1036310196,False,1.2323921919,False,0.0093395100,False,1.0139622441,False
2019-09-09,1.0000000000,True,1.1020619869,True,1.2283051014,True,0.0093506008,True,1.0121457739,True
2019-09-10,1.0000000000,True,1.1048381329,True,1.2345373631,True,0.0093164521,True,1.0076683796,True
2019-09-11,1.0000000000,True,1.1050333977,True,1.2354830503,True,0.0092936804,True,1.0084711811,True
2019-09-12,1.0000000000,True,1.1013457775,True,1.2334713936,True,0.0092574589,True,1.0063196927,True
2019-09-13,1.0000000000,True,1.1058276892,True,1.2329391241,True,0.0092441944,True,1.0095299678,True
2019-09-14,1.0000000000,True,1.1058276892,False,1.2329391241,False,0.0092441944,False,1.0095299678,False
2019-09-15,1.0000000000,True,1.1058276892,False,1.2329391241,False,0.0092441944,False,1.0095299678,False
2019-09-16,1.0000000000,True,1.1083402634,True,1.2497344017,True,0.0092794507,True,1.0133149819,True
2019-09-17,1.0000000000,True,1.1005944014,True,1.2428536415,True,0.0092454764,True,1.0071305026,True
2019-09-18,1.0000000000,True,1.1074687243,True,1.2502655983,True,0.0092518066,True,1.0075160680,True
2019-09-19,1.0000000000,True,1.1031439304,True,1.2470538616,True,0.0092229649,True,1.0032102674,True
2019-09-20,1.0000000000,True,1.1048502922,True,1.2525050640,True,0.0092557455,True,1.0073131180,True
2019-09-21,1.0000000000,True,1.1048502922,False,1.2525050640,False,0.0092557455,False,1.0073131180,False
2019-09-22,1.0000000000,True,1.1048502922,False,1.2525050640,False,0.0092557455,False,1.0073131180,False
2019-09-23,1.0000000000,True,1.1019041538,True,1.2471938133,True,0.0092891911,True,1.0087051025,True
2019-09-24,1.0000000000,True,1.0993722677,True,1.2434562445,True,0.0092924714,True,1.0102846946,True
2019-09-25,1.0000000000,True,1.1016855240,True,1.2485953569,True,0.0093315788,True,1.0143016689,True
2019-09-26,1.0000000000,True,1.0952903032,True,1.2359564304,True,0.0092857407,True,1.0092243251,True
2019-09-27,1.0000000000,True,1.0922753811,True,1.2331976891,True,0.0092802260,True,1.0066539588,True
2019-09-28,1.0000000000,True,1.0922753811,False,1.2331976891,False,0.0092802260,False,1.0066539588,False
2019-09-29,1.0000000000,True,1.0922753811,False,1.2331976891,False,0.0092802260,False,1.0066539588,False
2019-09-30,1.0000000000,True,1.0942714214,True,1.2293167114,True,0.0092640628,True,1.0091835908,True
2019-10-01,1.0000000000,True,1.0899657011,True,1.2289994955,True,0.0092533474,True,1.0024057548,True
2019-10-02,1.0000000000,True,1.0934937000,True,1.2292261124,True,0.0092818624,True,1.0073739641,True
2019-10-03,1.0000000000,True,1.0963709354,True,1.2304360867,True,0.0093315788,True,1.0032806982,True
2019-10-04,1.0000000000,True,1.0975382328,True,1.2342326641,True,0.0093610173,True,1.0018534378,True
2019-10-05,1.0000000000,True,1.0975382328,False,1.2342326641,False,0.0093610173,False,1.0018534378,False
2019-10-06,1.0000000000,True,1.0975382328,False,1.2342326641,False,0.0093610173,False,1.0018534378,False
2019-10-07,1.0000000000,True,1.0986596346,True,1.2334411144,True,0.0093664531,True,1.0060463344,True
2019-10-08,1.0000000000,True,1.0972130299,True,1.2288031578,True,0.0093239224,True,1.0052676256,True
2019-10-09,1.0000000000,True,1.0960105658,True,1.2219561338,True,0.0093492022,True,1.0074551441,True
2019-10-10,1.0000000000,True,1.0987803936,True,1.2212995291,True,0.0093302729,True,1.0071710714,True
2019-10-11,1.0000000000,True,1.1011033058,True,1.2433171272,True,0.0092695590,True,1.0038850455,True
2019-10-12,1.0000000000,True,1.1011033058,False,1.2433171272,False,0.0092695590,False,1.0038850455,False
2019-10-13,1.0000000000,True,1.1011033058,False,1.2433171272,False,0.0092695590,False,1.0038850455,False
2019-10-14,1.0000000000,True,1.1030004025,True,1.2618997097,True,0.0092200740,True,1.0022048581,True
2019-10-15,1.0000000000,True,1.1029006243,True,1.2611771822,True,0.0092261136,True,1.0023856914,True
2019-10-16,1.0000000000,True,1.1034727097,True,1.2760635614,True,0.0091897405,True,1.0014821769,True
2019-10-17,1.0000000000,True,1.1074932814,True,1.2823801041,True,0.0092015788,True,1.0058135840,True
2019-10-18,1.0000000000,True,1.1127183437,True,1.2868604660,True,0.0092097143,True,1.0128633865,True
2019-10-19,1.0000000000,True,1.1127183437,False,1.2868604660,False,0.0092097143,False,1.0128633865,False
2019-10-20,1.0000000000,True,1.1127183437,False,1.2868604660,False,0.0092097143,False,1.0128633865,False
2019-10-21,1.0000000000,True,1.1155734062,True,1.2900229692,True,0.0092244117,True,1.0153211852,True
2019-10-22,1.0000000000,True,1.1151753664,True,1.2971682549,True,0.0092080185,True,1.0142810652,True
2019-10-23,1.0000000000,True,1.1129288673,True,1.2884771824,True,0.0092180340,True,1.0107748525,True
2019-10-24,1.0000000000,True,1.1132385731,True,1.2923235893,True,0.0092045435,True,1.0099989633,True
2019-10-25,1.0000000000,True,1.1103955507,True,1.2840267420,True,0.0092075942,True,1.0077089917,True
2019-10-26,1.0000000000,True,1.1103955507,False,1.2840267420,False,0.0092075942,False,1.0077089917,False
2019-10-27,1.0000000000,True,1.1103955507,False,1.2840267420,False,0.0092075942,False,1.0077089917,False
2019-10-28,1.0000000000,True,1.1084262133,True,1.2832028866,True,0.0091967553,True,1.0058338451,True
2019-10-29,1.0000000000,True,1.1099148989,True,1.2857435942,True,0.0091773432,True,1.0052676256,True
2019-10-30,1.0000000000,True,1.1114816666,True,1.2866700888,True,0.0091849293,True,1.0059147771,True
2019-10-31,1.0000000000,True,1.1154489517,True,1.2901728153,True,0.0091921057,True,1.0110099050,True
2019-11-01,1.0000000000,True,1.1157102585,True,1.2939623594,True,0.0092596020,True,1.0137772102,True
2019-11-02,1.0000000000,True,1.1157102585,False,1.2939623594,False,0.0092596020,False,1.0137772102,False
2019-11-03,1.0000000000,True,1.1157102585,False,1.2939623594,False,0.0092596020,False,1.0137772102,False
2019-11-04,1.0000000000,True,1.1166571379,True,1.2937614918,True,0.0092404360,True,1.0143633623,True
2019-11-05,1.0000000000,True,1.1128546000,True,1.2891582251,True,0.0092001398,True,1.0118487367,True
2019-11-06,1.0000000000,True,1.1074197292,True,1.2880623341,True,0.0091620395,True,1.0076582119,True
2019-11-07,1.0000000000,True,1.1070396900,True,1.2856775522,True,0.0091816402,True,1.0075871047,True
2019-11-08,1.0000000000,True,1.1019697189,True,1.2779992819,True,0.0091513075,True,1.0054293203,True
2019-11-09,1.0000000000,True,1.1019697189,False,1.2779992819,False,0.0091513075,False,1.0054293203,False
2019-11-10,1.0000000000,True,1.1019697189,False,1.2779992819,False,0.0091513075,False,1.0054293203,False
2019-11-11,1.0000000000,True,1.1022442579,True,1.2796396017,True,0.0091553295,True,1.0028380603,True
2019-11-12,1.0000000000,True,1.1035456657,True,1.2858428955,True,0.0091707782,True,1.0070392198,True
2019-11-13,1.0000000000,True,1.1012367010,True,1.2852149010,True,0.0091749015,True,1.0073942882,True
2019-11-14,1.0000000000,True,1.1013215780,True,1.2853800058,True,0.0091913457,True,1.0104378445,True
2019-11-15,1.0000000000,True,1.1020498276,True,1.2881784439,True,0.0092172698,True,1.0113575370,True
2019-11-16,1.0000000000,True,1.1020498276,False,1.2881784439,False,0.0092172698,False,1.0113575370,False
2019-11-17,1.0000000000,True,1.1020498276,False,1.2881784439,False,0.0092172698,False,1.0113575370,False
2019-11-18,1.0000000000,True,1.1055098772,True,1.2921231985,True,0.0091997169,True,1.0111366435,True
2019-11-19,1.0000000000,True,1.1072357893,True,1.2950851917,True,0.0092028490,True,1.0110201404,True
2019-11-20,1.0000000000,True,1.1080001593,True,1.2929502726,True,0.0092212643,True,1.0097848013,True
2019-11-21,1.0000000000,True,1.1078859568,True,1.2927078009,True,0.0092184593,True,1.0097134544,True
2019-11-22,1.0000000000,True,1.1065863371,True,1.2919896841,True,0.0092093752,True,1.0073537014,True
2019-11-23,1.0000000000,True,1.1065863371,False,1.2919896841,False,0.0092093752,False,1.0073537014,False
2019-11-24,1.0000000000,True,1.1065863371,False,1.2919896841,False,0.0092093752,False,1.0073537014,False
2019-11-25,1.0000000000,True,1.1022562981,True,1.2853471041,True,0.0091970934,True,1.0024057548,True
2019-11-26,1.0000000000,True,1.1014429331,True,1.2897235155,True,0.0091749856,True,1.0032706789,True
2019-11-27,1.0000000000,True,1.1022562981,True,1.2860909700,True,0.0091661549,True,1.0024158167,True
2019-11-28,1.0000000000,True,1.1004853249,True,1.2929919958,True,0.0091435262,True,1.0015323361,True
2019-11-29,1.0000000000,True,1.1011761427,True,1.2912889719,True,0.0091314193,True,1.0016427159,True
2019-11-30,1.0000000000,True,1.1011761427,False,1.2912889719,False,0.0091314193,False,1.0016427159,False
2019-12-01,1.0000000000,True,1.1011761427,False,1.2912889719,False,0.0091314193,False,1.0016427159,False
2019-12-02,1.0000000000,True,1.1019041538,True,1.2912889719,True,0.0091295017,True,0.9998899819,True
2019-12-03,1.0000000000,True,1.1079105139,True,1.2940628529,True,0.0091724603,True,1.0086440955,True
2019-12-04,1.0000000000,True,1.1085245609,True,1.2997816801,True,0.0092036115,True,1.0132739167,True
2019-12-05,1.0000000000,True,1.1083034277,True,1.3111314774,True,0.0091884739,True,1.0118896864,True
2019-12-06,1.0000000000,True,1.1105434895,True,1.3158414364,True,0.0091964172,True,1.0131712377,True
2019-12-07,1.0000000000,True,1.1105434895,False,1.3158414364,False,0.0091964172,False,1.0131712377,False
2019-12-08,1.0000000000,True,1.1105434895,False,1.3158414364,False,0.0091964172,False,1.0131712377,False
2019-12-09,1.0000000000,True,1.1058888435,True,1.3139568567,True,0.0092058145,True,1.0096114956,True
2019-12-10,1.0000000000,True,1.1064994335,True,1.3145786524,True,0.0092096295,True,1.0123916665,True
2019-12-11,1.0000000000,True,1.1092746258,True,1.3131287098,True,0.0091942187,True,1.0157749754,True
2019-12-12,1.0000000000,True,1.1135857105,True,1.3200099468,True,0.0092124291,True,1.0179153093,True
2019-12-13,1.0000000000,True,1.1186057329,True,1.3475272655,True,0.0091396816,True,1.0152387326,True
2019-12-14,1.0000000000,True,1.1186057329,False,1.3475272655,False,0.0091396816,False,1.0152387326,False
2019-12-15,1.0000000000,True,1.1186057329,False,1.3475272655,False,0.0091396816,False,1.0152387326,False
2019-12-16,1.0000000000,True,1.1124460697,True,1.3353273869,True,0.0091407677,True,1.0163015037,True
2019-12-17,1.0000000000,True,1.1136974096,True,1.3272457123,True,0.0091260863,True,1.0170870485,True
2019-12-18,1.0000000000,True,1.1151380539,True,1.3122154474,True,0.0091310860,True,1.0207205987,True
2019-12-19,1.0000000000,True,1.1115927696,True,1.3087291718,True,0.0091281684,True,1.0203977791,True
2019-12-20,1.0000000000,True,1.1125946045,True,1.3017443419,True,0.0091421882,True,1.0222858119,True
2019-12-21,1.0000000000,True,1.1125946045,False,1.3017443419,False,0.0091421882,False,1.0222858119,False
2019-12-22,1.0000000000,True,1.1125946045,False,1.3017443419,False,0.0091421882,False,1.0222858119,False
2019-12-23,1.0000000000,True,1.1079840660,True,1.3005423546,True,0.0091325034,True,1.0180396463,True
2019-12-24,1.0000000000,True,1.1093853712,True,1.2944984436,True,0.0091422717,True,1.0188798551,True
2019-12-25,1.0000000000,True,1.1090162992,True,1.2934937477,True,0.0091421882,True,1.0200958794,True
2019-12-26,1.0000000000,True,1.1095454693,True,1.2973533869,True,0.0091433584,True,1.0210333075,True
2019-12-27,1.0000000000,True,1.1101119518,True,1.3002209663,True,0.0091289186,True,1.0188798551,True
2019-12-28,1.0000000000,True,1.1101119518,False,1.3002209663,False,0.0091289186,False,1.0188798551,False
2019-12-29,1.0000000000,True,1.1101119518,False,1.3002209663,False,0.0091289186,False,1.0188798551,False
2019-12-30,1.0000000000,True,1.1182304621,True,1.3091918230,True,0.0091384288,True,1.0269998249,True
2019-12-31,1.0000000000,True,1.1202297211,True,1.3113033772,True,0.0091850136,True,1.0323859303,True
2020-01-01,1.0000000000,True,1.1220825911,True,1.3262599707,True,0.0092012403,True,1.0339123443,True
2020-01-02,1.0000000000,True,1.1220825911,True,1.3250298500,True,0.0091985321,True,1.0335917618,True
2020-01-03,1.0000000000,True,1.1171437502,True,1.3152703047,True,0.0092129387,True,1.0296540476,True
2020-01-04,1.0000000000,True,1.1171437502,False,1.3152703047,False,0.0092129387,False,1.0296540476,False
2020-01-05,1.0000000000,True,1.1171437502,False,1.3152703047,False,0.0092129387,False,1.0296540476,False
2020-01-06,1.0000000000,True,1.1161960363,True,1.3080102205,True,0.0092623470,True,1.0293572567,True
2020-01-07,1.0000000000,True,1.1197994947,True,1.3170025349,True,0.0092245818,True,1.0325245031,True
2020-01-08,1.0000000000,True,1.1154738665,True,1.3113721609,True,0.0092578878,True,1.0321728383,True
2020-01-09,1.0000000000,True,1.1113210917,True,1.3105130196,True,0.0091717036,True,1.0275379944,True
2020-01-10,1.0000000000,True,1.1111111641,True,1.3070186377,True,0.0091318360,True,1.0276225199,True
2020-01-11,1.0000000000,True,1.1111111641,False,1.3070186377,False,0.0091318360,False,1.0276225199,False
2020-01-12,1.0000000000,True,1.1111111641,False,1.3070186377,False,0.0091318360,False,1.0276225199,False
2020-01-13,1.0000000000,True,1.1116669178,True,1.3045634031,True,0.0091269188,True,1.0276013715,True
2020-01-14,1.0000000000,True,1.1135733128,True,1.2988194227,True,0.0090915706,True,1.0301843759,True
2020-01-15,1.0000000000,True,1.1130899191,True,1.3022528887,True,0.0091029916,True,1.0340513273,True
2020-01-16,1.0000000000,True,1.1154004335,True,1.3041210175,True,0.0091005885,True,1.0376673277,True
2020-01-17,1.0000000000,True,1.1139578819,True,1.3078734875,True,0.0090764690,True,1.0363983197,True
2020-01-18,1.0000000000,True,1.1139578819,False,1.3078734875,False,0.0090764690,False,1.0363983197,False
2020-01-19,1.0000000000,True,1.1139578819,False,1.3078734875,False,0.0090764690,False,1.0363983197,False
2020-01-20,1.0000000000,True,1.1094592810,True,1.3007283211,True,0.0090760573,True,1.0328338053,True
2020-01-21,1.0000000000,True,1.1096931696,True,1.3005592823,True,0.0090766343,True,1.0326524985,True
2020-01-22,1.0000000000,True,1.1085613966,True,1.3048017025,True,0.0090985190,True,1.0322047806,True
2020-01-23,1.0000000000,True,1.1096439362,True,1.3144749403,True,0.0091134444,True,1.0336985581,True
2020-01-24,1.0000000000,True,1.1055220366,True,1.3119915724,True,0.0091280851,True,1.0314595096,True
2020-01-25,1.0000000000,True,1.1055220366,False,1.3119915724,False,0.0091280851,False,1.0314595096,False
2020-01-26,1.0000000000,True,1.1055220366,False,1.3119915724,False,0.0091280851,False,1.0314595096,False
2020-01-27,1.0000000000,True,1.1025358438,True,1.3061821461,True,0.0091910074,True,1.0309916006,True
2020-01-28,1.0000000000,True,1.1019769907,True,1.3060115576,True,0.0091810505,True,1.0310872776,True
2020-01-29,1.0000000000,True,1.1022562981,True,1.3024563789,True,0.0091632149,True,1.0277703313,True
2020-01-30,1.0000000000,True,1.1016855240,True,1.3022021055,True,0.0091754063,True,1.0275591402,True
2020-01-31,1.0000000000,True,1.1029127836,True,1.3089004755,True,0.0091846764,True,1.0315552735,True
2020-02-01,1.0000000000,True,1.1029127836,False,1.3089004755,False,0.0091846764,False,1.0315552735,False
2020-02-02,1.0000000000,True,1.1029127836,False,1.3089004755,False,0.0091846764,False,1.0315552735,False
2020-02-03,1.0000000000,True,1.1089794636,True,1.3181656599,True,0.0092274756,True,1.0380335368,True
2020-02-04,1.0000000000,True,1.1062926054,True,1.2997479439,True,0.0092070858,True,1.0355183083,True
2020-02-05,1.0000000000,True,1.1047282219,True,1.3032711744,True,0.0091368426,True,1.0317042820,True
2020-02-06,1.0000000000,True,1.1002310514,True,1.2997140884,True,0.0091063068,True,1.0274324673,True
2020-02-07,1.0000000000,True,1.0982975960,True,1.2930254936,True,0.0090935543,True,1.0261672648,True
2020-02-08,1.0000000000,True,1.0982975960,False,1.2930254936,False,0.0090935543,False,1.0261672648,False
2020-02-09,1.0000000000,True,1.0982975960,False,1.2930254936,False,0.0090935543,False,1.0261672648,False
2020-02-10,1.0000000000,True,1.0949305296,True,1.2891582251,True,0.0091203432,True,1.0238977602,True
2020-02-11,1.0000000000,True,1.0913456678,True,1.2918227911,True,0.0091102893,True,1.0234366851,True
2020-02-12,1.0000000000,True,1.0919414759,True,1.2956557274,True,0.0091039027,True,1.0250102457,True
2020-02-13,1.0000000000,True,1.0875948668,True,1.2957564592,True,0.0091036542,True,1.0229551298,True
2020-02-14,1.0000000000,True,1.0845986605,True,1.3046824932,True,0.0091109529,True,1.0215756906,True
2020-02-15,1.0000000000,True,1.0845986605,False,1.3046824932,False,0.0091109529,False,1.0215756906,False
2020-02-16,1.0000000000,True,1.0845986605,False,1.3046824932,False,0.0091109529,False,1.0215756906,False
2020-02-17,1.0000000000,True,1.0841753483,True,1.3052955866,True,0.0091082147,True,1.0186515200,True
2020-02-18,1.0000000000,True,1.0840108395,True,1.3008975983,True,0.0091049803,True,1.0199918132,True
2020-02-19,1.0000000000,True,1.0795404911,True,1.3002209663,True,0.0090976083,True,1.0173974729,True
2020-02-20,1.0000000000,True,1.0810098648,True,1.2928247452,True,0.0089919972,True,1.0167768135,True
2020-02-21,1.0000000000,True,1.0787998438,True,1.2883278131,True,0.0089322398,True,1.0165080922,True
2020-02-22,1.0000000000,True,1.0787998438,False,1.2883278131,False,0.0089322398,False,1.0165080922,False
2020-02-23,1.0000000000,True,1.0787998438,False,1.2883278131,False,0.0089322398,False,1.0165080922,False
2020-02-24,1.0000000000,True,1.0839051008,True,1.2953703403,True,0.0089640274,True,1.0216174315,True
2020-02-25,1.0000000000,True,1.0849199295,True,1.2926577330,True,0.0090206300,True,1.0206372668,True
2020-02-26,1.0000000000,True,1.0881996155,True,1.3003394604,True,0.0090673338,True,1.0246951591,True
2020-02-27,1.0000000000,True,1.0885894299,True,1.2906889915,True,0.0090610079,True,1.0241809070,True
2020-02-28,1.0000000000,True,1.0997228622,True,1.2888922691,True,0.0091190951,True,1.0322580645,True
2020-02-29,1.0000000000,True,1.0997228622,False,1.2888922691,False,0.0091190951,False,1.0322580645,False
2020-03-01,1.0000000000,True,1.0997228622,False,1.2888922691,False,0.0091190951,False,1.0322580645,False
2020-03-02,1.0000000000,True,1.1051311493,True,1.2807048559,True,0.0092853098,True,1.0373658999,True
2020-03-03,1.0000000000,True,1.1144047976,True,1.2767152786,True,0.0092176943,True,1.0437323643,True
2020-03-04,1.0000000000,True,1.1180679798,True,1.2820841074,True,0.0093425636,True,1.0464082345,True
2020-03-05,1.0000000000,True,1.1139082909,True,1.2874983549,True,0.0092870342,True,1.0453690039,True
2020-03-06,1.0000000000,True,1.1223849058,True,1.2950683832,True,0.0094119418,True,1.0573059772,True
2020-03-07,1.0000000000,True,1.1223849058,False,1.2950683832,False,0.0094119418,False,1.0573059772,False
2020-03-08,1.0000000000,True,1.1223849058,False,1.2950683832,False,0.0094119418,False,1.0573059772,False
2020-03-09,1.0000000000,True,1.1386020184,True,1.3099292517,True,0.0096211200,True,1.0782252398,True
2020-03-10,1.0000000000,True,1.1397960186,True,1.3075313568,True,0.0096981923,True,1.0771683569,True
2020-03-11,1.0000000000,True,1.1316505671,True,1.2909722328,True,0.0095214517,True,1.0674522926,True
2020-03-12,1.0000000000,True,1.1261515617,True,1.2818212509,True,0.0095648013,True,1.0650194341,True
2020-03-13,1.0000000000,True,1.1184931993,True,1.2570235729,True,0.0095593155,True,1.0585931360,True
2020-03-14,1.0000000000,True,1.1184931993,False,1.2570235729,False,0.0095593155,False,1.0585931360,False
2020-03-15,1.0000000000,True,1.1184931993,False,1.2570235729,False,0.0095593155,False,1.0585931360,False
2020-03-16,1.0000000000,True,1.1155360937,True,1.2399870157,True,0.0093731251,True,1.0567472985,True
2020-03-17,1.0000000000,True,1.1163206100,True,1.2266627550,True,0.0094184127,True,1.0553755870,True
2020-03-18,1.0000000000,True,1.1015521288,True,1.2121652365,True,0.0093129815,True,1.0420466011,True
2020-03-19,1.0000000000,True,1.0961546898,True,1.1625338793,True,0.0092284975,True,1.0345220184,True
2020-03-20,1.0000000000,True,1.0657345057,True,1.1494385004,True,0.0089854525,True,1.0114086902,True
2020-03-21,1.0000000000,True,1.0657345057,False,1.1494385004,False,0.0089854525,False,1.0114086902,False
2020-03-22,1.0000000000,True,1.0657345057,False,1.1494385004,False,0.0089854525,False,1.0114086902,False
2020-03-23,1.0000000000,True,1.0694386959,True,1.1623041630,True,0.0090528871,True,1.0151562935,True
2020-03-24,1.0000000000,True,1.0764610767,True,1.1595547199,True,0.0090230717,True,1.0186411295,True
2020-03-25,1.0000000000,True,1.0802636147,True,1.1792036295,True,0.0089992798,True,1.0204394238,True
2020-03-26,1.0000000000,True,1.0889569521,True,1.1851149797,True,0.0090190844,True,1.0243382992,True
2020-03-27,1.0000000000,True,1.1048258543,True,1.2200626135,True,0.0091651467,True,1.0398685309,True
2020-03-28,1.0000000000,True,1.1048258543,False,1.2200626135,False,0.0091651467,False,1.0398685309,False
2020-03-29,1.0000000000,True,1.1048258543,False,1.2200626135,False,0.0091651467,False,1.0398685309,False
2020-03-30,1.0000000000,True,1.1139082909,True,1.2453191280,True,0.0093098599,True,1.0521110933,True
2020-03-31,1.0000000000,True,1.1030466557,True,1.2371643782,True,0.0092562592,True,1.0416666899,True
2020-04-01,1.0000000000,True,1.1026574373,True,1.2408487797,True,0.0093016331,True,1.0400307821,True
2020-04-02,1.0000000000,True,1.0953621864,True,1.2382366657,True,0.0093234005,True,1.0349931382,True
2020-04-03,1.0000000000,True,1.0847399235,True,1.2394952774,True,0.0092591736,True,1.0264622187,True
2020-04-04,1.0000000000,True,1.0847399235,False,1.2394952774,False,0.0092591736,False,1.0264622187,False
2020-04-05,1.0000000000,True,1.0847399235,False,1.2394952774,False,0.0092591736,False,1.0264622187,False
2020-04-06,1.0000000000,True,1.0806955099,True,1.2220158577,True,0.0092002244,True,1.0233319986,True
2020-04-07,1.0000000000,True,1.0803803205,True,1.2240501642,True,0.0091646430,True,1.0225367190,True
2020-04-08,1.0000000000,True,1.0895144939,True,1.2338672876,True,0.0092037808,True,1.0317894308,True
2020-04-09,1.0000000000,True,1.0863661766,True,1.2393108606,True,0.0091808820,True,1.0289971427,True
2020-04-10,1.0000000000,True,1.0927408934,True,1.2454850674,True,0.0092114113,True,1.0342759074,True
2020-04-11,1.0000000000,True,1.0927408934,False,1.2454850674,False,0.0092114113,False,1.0342759074,False
2020-04-12,1.0000000000,True,1.0927408934,False,1.2454850674,False,0.0092114113,False,1.0342759074,False
2020-04-13,1.0000000000,True,1.0932666063,True,1.2461059093,True,0.0092305421,True,1.0353681962,True
2020-04-14,1.0000000000,True,1.0922993422,True,1.2523951530,True,0.0092916941,True,1.0347681827,True
2020-04-15,1.0000000000,True,1.0985388756,True,1.2626262903,True,0.0093367198,True,1.0417534913,True
2020-04-16,1.0000000000,True,1.0905101299,True,1.2520972490,True,0.0092929029,True,1.0361620661,True
2020-04-17,1.0000000000,True,1.0858471394,True,1.2487823963,True,0.0092639771,True,1.0317787706,True
2020-04-18,1.0000000000,True,1.0858471394,False,1.2487823963,False,0.0092639771,False,1.0317787706,False
2020-04-19,1.0000000000,True,1.0858471394,False,1.2487823963,False,0.0092639771,False,1.0317787706,False
2020-04-20,1.0000000000,True,1.0866966248,True,1.2487511635,True,0.0092876383,True,1.0332393061,True
2020-04-21,1.0000000000,True,1.0864840746,True,1.2442762852,True,0.0092877245,True,1.0331646064,True
2020-04-22,1.0000000000,True,1.0856467485,True,1.2298610210,True,0.0092832409,True,1.0311723246,True
2020-04-23,1.0000000000,True,1.0809642076,True,1.2323921919,True,0.0092753190,True,1.0280662077,True
2020-04-24,1.0000000000,True,1.0777022839,True,1.2352236509,True,0.0092878970,True,1.0242438706,True
2020-04-25,1.0000000000,True,1.0777022839,False,1.2352236509,False,0.0092878970,False,1.0242438706,False
2020-04-26,1.0000000000,True,1.0777022839,False,1.2352236509,False,0.0092878970,False,1.0242438706,False
2020-04-27,1.0000000000,True,1.0823682547,True,1.2366595268,True,0.0093027580,True,1.0272213521,True
2020-04-28,1.0000000000,True,1.0824854374,True,1.2422668934,True,0.0093211415,True,1.0247686390,True
2020-04-29,1.0000000000,True,1.0836584568,True,1.2435646057,True,0.0093684716,True,1.0269682039,True
2020-04-30,1.0000000000,True,1.0877250433,True,1.2471472025,True,0.0093799831,True,1.0267994448,True
2020-05-01,1.0000000000,True,1.0945469141,True,1.2581465244,True,0.0093209672,True,1.0346932618,True
2020-05-02,1.0000000000,True,1.0945469141,False,1.2581465244,False,0.0093209672,False,1.0346932618,False
2020-05-03,1.0000000000,True,1.0945469141,False,1.2581465244,False,0.0093209672,False,1.0346932618,False
2020-05-04,1.0000000000,True,1.0959625244,True,1.2454230785,True,0.0093687347,True,1.0389610647,True
2020-05-05,1.0000000000,True,1.0904293060,True,1.2445551157,True,0.0093723349,True,1.0358400872,True
2020-05-06,1.0000000000,True,1.0838581324,True,1.2444202900,True,0.0093939049,True,1.0281719281,True
2020-05-07,1.0000000000,True,1.0798553228,True,1.2325593233,True,0.0094169937,True,1.0254306836,True
2020-05-08,1.0000000000,True,1.0837171078,True,1.2375931740,True,0.0094021191,True,1.0278020647,True
2020-05-09,1.0000000000,True,1.0837171078,False,1.2375931740,False,0.0094021191,False,1.0278020647,False
2020-05-10,1.0000000000,True,1.0837171078,False,1.2375931740,False,0.0094021191,False,1.0278020647,False
2020-05-11,1.0000000000,True,1.0839520693,True,1.2417423725,True,0.0093528747,True,1.0299488599,True
2020-05-12,1.0000000000,True,1.0809408426,True,1.2333498001,True,0.0092966177,True,1.0278654113,True
2020-05-13,1.0000000000,True,1.0846810341,True,1.2254902124,True,0.0093337564,True,1.0311191527,True
2020-05-14,1.0000000000,True,1.0823682547,True,1.2241550684,True,0.0093516502,True,1.0290182855,True
2020-05-15,1.0000000000,True,1.0806955099,True,1.2233912945,True,0.0093140224,True,1.0276436062,True
2020-05-16,1.0000000000,True,1.0806955099,False,1.2233912945,False,0.0093140224,False,1.0276436062,False
2020-05-17,1.0000000000,True,1.0806955099,False,1.2233912945,False,0.0093140224,False,1.0276436062,False
2020-05-18,1.0000000000,True,1.0821340084,True,1.2085760832,True,0.0093276621,True,1.0289018532,True
2020-05-19,1.0000000000,True,1.0915124416,True,1.2200031281,True,0.0093126347,True,1.0290924499,True
2020-05-20,1.0000000000,True,1.0927767754,True,1.2255953550,True,0.0092755776,True,1.0296964512,True
2020-05-21,1.0000000000,True,1.0982975960,True,1.2236906290,True,0.0092944574,True,1.0365917042,True
2020-05-22,1.0000000000,True,1.0952903032,True,1.2223445177,True,0.0092910038,True,1.0302056307,True
2020-05-23,1.0000000000,True,1.0952903032,False,1.2223445177,False,0.0092910038,False,1.0302056307,False
2020-05-24,1.0000000000,True,1.0952903032,False,1.2223445177,False,0.0092910038,False,1.0302056307,False
2020-05-25,1.0000000000,True,1.0907801390,True,1.2186056376,True,0.0092820346,True,1.0296328155,True
2020-05-26,1.0000000000,True,1.0902997255,True,1.2201371193,True,0.0092861723,True,1.0293784774,True
2020-05-27,1.0000000000,True,1.0981770754,True,1.2335019112,True,0.0093031047,True,1.0358969451,True
2020-05-28,1.0000000000,True,1.1016855240,True,1.2264822721,True,0.0092766103,True,1.0330258617,True
2020-05-29,1.0000000000,True,1.1079105139,True,1.2321492434,True,0.0092899680,True,1.0373444127,True
2020-05-30,1.0000000000,True,1.1079105139,False,1.2321492434,False,0.0092899680,False,1.0373444127,False
2020-05-31,1.0000000000,True,1.1079105139,False,1.2321492434,False,0.0092899680,False,1.0373444127,False
2020-06-01,1.0000000000,True,1.1118524075,True,1.2347996235,True,0.0092843614,True,1.0409943729,True
2020-06-02,1.0000000000,True,1.1125946045,True,1.2487044334,True,0.0092981741,True,1.0404744756,True
2020-06-03,1.0000000000,True,1.1189436913,True,1.2581465244,True,0.0091904164,True,1.0399226090,True
2020-06-04,1.0000000000,True,1.1235954762,True,1.2575136423,True,0.0091743960,True,1.0401930839,True
2020-06-05,1.0000000000,True,1.1337867975,True,1.2609069347,True,0.0091617039,True,1.0464520294,True
2020-06-06,1.0000000000,True,1.1337867975,False,1.2609069347,False,0.0091617039,False,1.0464520294,False
2020-06-07,1.0000000000,True,1.1337867975,False,1.2609069347,False,0.0091617039,False,1.0464520294,False
2020-06-08,1.0000000000,True,1.1319515705,True,1.2725722790,True,0.0091212578,True,1.0405826990,True
2020-06-09,1.0000000000,True,1.1305567026,True,1.2735283375,True,0.0092243267,True,1.0443645998,True
2020-06-10,1.0000000000,True,1.1332215071,True,1.2711325884,True,0.0092766963,True,1.0514141611,True
2020-06-11,1.0000000000,True,1.1365444660,True,1.2710679770,True,0.0093474540,True,1.0596251084,True
2020-06-12,1.0000000000,True,1.1288082600,True,1.2577034235,True,0.0093630328,True,1.0591649352,True
2020-06-13,1.0000000000,True,1.1288082600,False,1.2577034235,False,0.0093630328,False,1.0591649352,False
2020-06-14,1.0000000000,True,1.1288082600,False,1.2577034235,False,0.0093630328,False,1.0591649352,False
2020-06-15,1.0000000000,True,1.1252011061,True,1.2508755922,True,0.0093187094,True,1.0510494478,True
2020-06-16,1.0000000000,True,1.1337740421,True,1.2637752295,True,0.0093054421,True,1.0538518458,True
2020-06-17,1.0000000000,True,1.1265701056,True,1.2585107088,True,0.0093101198,True,1.0513810188,True
2020-06-18,1.0000000000,True,1.1242902279,True,1.2552721500,True,0.0093550623,True,1.0540628583,True
2020-06-19,1.0000000000,True,1.1211000681,True,1.2426837683,True,0.0093452706,True,1.0507513179,True
2020-06-20,1.0000000000,True,1.1211000681,False,1.2426837683,False,0.0093452706,False,1.0507513179,False
2020-06-21,1.0000000000,True,1.1211000681,False,1.2426837683,False,0.0093452706,False,1.0507513179,False
2020-06-22,1.0000000000,True,1.1177555323,True,1.2348117828,True,0.0093605787,True,1.0501995429,True
2020-06-23,1.0000000000,True,1.1279679537,True,1.2501562834,True,0.0093542744,True,1.0561223240,True
2020-06-24,1.0000000000,True,1.1312345266,True,1.2524893284,True,0.0093956705,True,1.0586827813,True
2020-06-25,1.0000000000,True,1.1250872612,True,1.2412954569,True,0.0093419530,True,1.0546743247,True
2020-06-26,1.0000000000,True,1.1222084761,True,1.2425447702,True,0.0093322758,True,1.0547410935,True
2020-06-27,1.0000000000,True,1.1222084761,False,1.2425447702,False,0.0093322758,False,1.0547410935,False
2020-06-28,1.0000000000,True,1.1222084761,False,1.2425447702,False,0.0093322758,False,1.0547410935,False
2020-06-29,1.0000000000,True,1.1225864887,True,1.2342174053,True,0.0093267919,True,1.0552975861,True
2020-06-30,1.0000000000,True,1.1247202158,True,1.2310571671,True,0.0092945444,True,1.0514694468,True
2020-07-01,1.0000000000,True,1.1235954762,True,1.2389271259,True,0.0092602026,True,1.0561892764,True
2020-07-02,1.0000000000,True,1.1251378059,True,1.2464786768,True,0.0093139357,True,1.0573394941,True
2020-07-03,1.0000000000,True,1.1237848997,True,1.2466403246,True,0.0093025850,True,1.0575967050,True
2020-07-04,1.0000000000,True,1.1237848997,False,1.2466403246,False,0.0093025850,False,1.0575967050,False
2020-07-05,1.0000000000,True,1.1237848997,False,1.2466403246,False,0.0093025850,False,1.0575967050,False
2020-07-06,1.0000000000,True,1.1247202158,True,1.2475516796,True,0.0092954943,True,1.0582346398,True
2020-07-07,1.0000000000,True,1.1312856674,True,1.2495470047,True,0.0093145427,True,1.0617739833,True
2020-07-08,1.0000000000,True,1.1275228262,True,1.2542802095,True,0.0092955806,True,1.0612331285,True
2020-07-09,1.0000000000,True,1.1339154243,True,1.2613521814,True,0.0093211415,True,1.0659844590,True
2020-07-10,1.0000000000,True,1.1287955046,True,1.2605094910,True,0.0093252266,True,1.0634111842,True
2020-07-11,1.0000000000,True,1.1287955046,False,1.2605094910,False,0.0093252266,False,1.0634111842,False
2020-07-12,1.0000000000,True,1.1287955046,False,1.2605094910,False,0.0093252266,False,1.0634111842,False
2020-07-13,1.0000000000,True,1.1310042143,True,1.2627506256,True,0.0093536616,True,1.0632529443,True
2020-07-14,1.0000000000,True,1.1345496178,True,1.2551776171,True,0.0093217494,True,1.0618416542,True
2020-07-15,1.0000000000,True,1.1410704851,True,1.2569288015,True,0.0093244438,True,1.0644639224,True
2020-07-16,1.0000000000,True,1.1417193413,True,1.2591001987,True,0.0093530496,True,1.0593107907,True
2020-07-17,1.0000000000,True,1.1392116547,True,1.2559500933,True,0.0093215757,True,1.0578204916,True
2020-07-18,1.0000000000,True,1.1392116547,False,1.2559500933,False,0.0093215757,False,1.0578204916,False
2020-07-19,1.0000000000,True,1.1392116547,False,1.2559500933,False,0.0093215757,False,1.0578204916,False
2020-07-20,1.0000000000,True,1.1442956924,True,1.2571184635,True,0.0093379404,True,1.0657345257,True
2020-07-21,1.0000000000,True,1.1458691359,True,1.2661753893,True,0.0093287064,True,1.0651896295,True
2020-07-22,1.0000000000,True,1.1534025669,True,1.2730745077,True,0.0093604912,True,1.0723515759,True
2020-07-23,1.0000000000,True,1.1568717957,True,1.2729934454,True,0.0093305339,True,1.0759629558,True
2020-07-24,1.0000000000,True,1.1596084833,True,1.2730745077,True,0.0093599658,True,1.0807422672,True
2020-07-25,1.0000000000,True,1.1596084833,False,1.2730745077,False,0.0093599658,False,1.0807422672,False
2020-07-26,1.0000000000,True,1.1596084833,False,1.2730745077,False,0.0093599658,False,1.0807422672,False
2020-07-27,1.0000000000,True,1.1652567387,True,1.2795906067,True,0.0094345856,True,1.0858942490,True
2020-07-28,1.0000000000,True,1.1769275665,True,1.2889753580,True,0.0095001946,True,1.0875712054,True
2020-07-29,1.0000000000,True,1.1718795300,True,1.2923737764,True,0.0095141140,True,1.0895619851,True
2020-07-30,1.0000000000,True,1.1782865524,True,1.2982461452,True,0.0095209081,True,1.0959865277,True
2020-07-31,1.0000000000,True,1.1872254610,True,1.3117851019,True,0.0095526495,True,1.1007154460,True
2020-08-01,1.0000000000,True,1.1872254610,False,1.3117851019,False,0.0095526495,False,1.1007154460,False
2020-08-02,1.0000000000,True,1.1872254610,False,1.3117851019,False,0.0095526495,False,1.1007154460,False
2020-08-03,1.0000000000,True,1.1782310009,True,1.3101695776,True,0.0094459036,True,1.0950503474,True
2020-08-04,1.0000000000,True,1.1763322353,True,1.3078734875,True,0.0094312931,True,1.0897995053,True
2020-08-05,1.0000000000,True,1.1815443039,True,1.3086093664,True,0.0094684418,True,1.0958063495,True
2020-08-06,1.0000000000,True,1.1872818470,True,1.3126804829,True,0.0094739135,True,1.1012852320,True
2020-08-07,1.0000000000,True,1.1876484156,True,1.3138015270,True,0.0094714010,True,1.0989131596,True
2020-08-08,1.0000000000,True,1.1876484156,False,1.3138015270,False,0.0094714010,False,1.0989131596,False
2020-08-09,1.0000000000,True,1.1876484156,False,1.3138015270,False,0.0094714010,False,1.0989131596,False
2020-08-10,1.0000000000,True,1.1782727242,True,1.3052273989,True,0.0094473313,True,1.0956082719,True
2020-08-11,1.0000000000,True,1.1737778187,True,1.3077194691,True,0.0094346746,True,1.0922993076,True
2020-08-12,1.0000000000,True,1.1736538410,True,1.3050740957,True,0.0093878199,True,1.0902747149,True
2020-08-13,1.0000000000,True,1.1793801785,True,1.3048017025,True,0.0093613676,True,1.0967197344,True
2020-08-14,1.0000000000,True,1.1816558838,True,1.3070528507,True,0.0093470174,True,1.0993238823,True
2020-08-15,1.0000000000,True,1.1816558838,False,1.3070528507,False,0.0093470174,False,1.0993238823,False
2020-08-16,1.0000000000,True,1.1816558838,False,1.3070528507,False,0.0093470174,False,1.0993238823,False
2020-08-17,1.0000000000,True,1.1852554083,True,1.3107001781,True,0.0093849127,True,1.1007154460,True
2020-08-18,1.0000000000,True,1.1876484156,True,1.3107877970,True,0.0094344070,True,1.1035091692,True
2020-08-19,1.0000000000,True,1.1947859526,True,1.3253985643,True,0.0095035354,True,1.1077386602,True
2020-08-20,1.0000000000,True,1.1843500137,True,1.3110799789,True,0.0094269363,True,1.0932665500,True
2020-08-21,1.0000000000,True,1.1873664856,True,1.3220343590,True,0.0094638716,True,1.1029006103,True
2020-08-22,1.0000000000,True,1.1873664856,False,1.3220343590,False,0.0094638716,False,1.1029006103,False
2020-08-23,1.0000000000,True,1.1873664856,False,1.3220343590,False,0.0094638716,False,1.1029006103,False
2020-08-24,1.0000000000,True,1.1798018217,True,1.3094146252,True,0.0094449220,True,1.0967317071,True
2020-08-25,1.0000000000,True,1.1794538498,True,1.3071382046,True,0.0094345856,True,1.0966355026,True
2020-08-26,1.0000000000,True,1.1835019588,True,1.3152183294,True,0.0093980547,True,1.1013579608,True
2020-08-27,1.0000000000,True,1.1842728853,True,1.3219819069,True,0.0094467954,True,1.1020741219,True
2020-08-28,1.0000000000,True,1.1819632053,True,1.3199577332,True,0.0093776081,True,1.1001100358,True
2020-08-29,1.0000000000,True,1.1819632053,False,1.3199577332,False,0.0093776081,False,1.1001100358,False
2020-08-30,1.0000000000,True,1.1819632053,False,1.3199577332,False,0.0093776081,False,1.1001100358,False
2020-08-31,1.0000000000,True,1.1918240786,True,1.3356484175,True,0.0094755291,True,1.1066844012,True
2020-09-01,1.0000000000,True,1.1939015388,True,1.3364516497,True,0.0094336065,True,1.1063170371,True
2020-09-02,1.0000000000,True,1.1923214197,True,1.3399437666,True,0.0094432270,True,1.0996623974,True
2020-09-03,1.0000000000,True,1.1847358942,True,1.3351312876,True,0.0094154866,True,1.0974779722,True
2020-09-04,1.0000000000,True,1.1839784384,True,1.3262248039,True,0.0094263146,True,1.0988527724,True
2020-09-05,1.0000000000,True,1.1839784384,False,1.3262248039,False,0.0094263146,False,1.0988527724,False
2020-09-06,1.0000000000,True,1.1839784384,False,1.3262248039,False,0.0094263146,False,1.0988527724,False
2020-09-07,1.0000000000,True,1.1834459305,True,1.3245735168,True,0.0094063646,True,1.0946068877,True
2020-09-08,1.0000000000,True,1.1821727753,True,1.3162224293,True,0.0094068952,True,1.0912384444,True
2020-09-09,1.0000000000,True,1.1770244837,True,1.2968486547,True,0.0094368109,True,1.0895619851,True
2020-09-10,1.0000000000,True,1.1806375980,True,1.2999167442,True,0.0094134478,True,1.0963229187,True
2020-09-11,1.0000000000,True,1.1824384928,True,1.2808295488,True,0.0094212527,True,1.0985751774,True
2020-09-12,1.0000000000,True,1.1824384928,False,1.2808295488,False,0.0094212527,False,1.0985751774,False
2020-09-13,1.0000000000,True,1.1824384928,False,1.2808295488,False,0.0094212527,False,1.0985751774,False
2020-09-14,1.0000000000,True,1.1842728853,True,1.2806557417,True,0.0094210752,True,1.1002068509,True
2020-09-15,1.0000000000,True,1.1870000362,True,1.2849671841,True,0.0094593959,True,1.1009335799,True
2020-09-16,1.0000000000,True,1.1844412088,True,1.2884771824,True,0.0094893769,True,1.1006791228,True
2020-09-17,1.0000000000,True,1.1803449392,True,1.2959998846,True,0.0095181896,True,1.0982011713,True
2020-09-18,1.0000000000,True,1.1848200560,True,1.2975554466,True,0.0095512810,True,1.1009699199,True
2020-09-19,1.0000000000,True,1.1848200560,False,1.2975554466,False,0.0095512810,False,1.1009699199,False
2020-09-20,1.0000000000,True,1.1848200560,False,1.2975554466,False,0.0095512810,False,1.1009699199,False
2020-09-21,1.0000000000,True,1.1845533848,True,1.2932761908,True,0.0095659908,True,1.0975502708,True
2020-09-22,1.0000000000,True,1.1768000126,True,1.2820513248,True,0.0095520105,True,1.0928233235,True
2020-09-23,1.0000000000,True,1.1708368063,True,1.2744048834,True,0.0095207269,True,1.0870746819,True
2020-09-24,1.0000000000,True,1.1658544540,True,1.2717468739,True,0.0094963154,True,1.0823096295,True
2020-09-25,1.0000000000,True,1.1673243046,True,1.2757054567,True,0.0094845167,True,1.0790513089,True
2020-09-26,1.0000000000,True,1.1673243046,False,1.2757054567,False,0.0094845167,False,1.0790513089,False
2020-09-27,1.0000000000,True,1.1673243046,False,1.2757054567,False,0.0094845167,False,1.0790513089,False
2020-09-28,1.0000000000,True,1.1635348797,True,1.2766826153,True,0.0094720293,True,1.0774584869,True
2020-09-29,1.0000000000,True,1.1678832769,True,1.2873492241,True,0.0094846966,True,1.0825556631,True
2020-09-30,1.0000000000,True,1.1742050648,True,1.2866535187,True,0.0094639611,True,1.0876185842,True
2020-10-01,1.0000000000,True,1.1726078987,True,1.2917560339,True,0.0094830778,True,1.0861301023,True
2020-10-02,1.0000000000,True,1.1744946241,True,1.2886265516,True,0.0094748113,True,1.0881629604,True
2020-10-03,1.0000000000,True,1.1744946241,False,1.2886265516,False,0.0094748113,False,1.0881629604,False
2020-10-04,1.0000000000,True,1.1744946241,False,1.2886265516,False,0.0094748113,False,1.0881629604,False
2020-10-05,1.0000000000,True,1.1720443964,True,1.2931090593,True,0.0094777744,True,1.0894432638,True
2020-10-06,1.0000000000,True,1.1792453527,True,1.2992581129,True,0.0094601114,True,1.0928364215,True
2020-10-07,1.0000000000,True,1.1737639904,True,1.2883278131,True,0.0094661114,True,1.0897520072,True
2020-10-08,1.0000000000,True,1.1767474413,True,1.2917560339,True,0.0094370786,True,1.0907789890,True
2020-10-09,1.0000000000,True,1.1767003536,True,1.2940461636,True,0.0094323607,True,1.0908694163,True
2020-10-10,1.0000000000,True,1.1767003536,False,1.2940461636,False,0.0094323607,False,1.0908694163,False
2020-10-11,1.0000000000,True,1.1767003536,False,1.2940461636,False,0.0094323607,False,1.0908694163,False
2020-10-12,1.0000000000,True,1.1816838980,True,1.3031693697,True,0.0094668279,True,1.0983579769,True
2020-10-13,1.0000000000,True,1.1816140413,True,1.3065747023,True,0.0094931605,True,1.1000979171,True
2020-10-14,1.0000000000,True,1.1742188931,True,1.2935272455,True,0.0094813690,True,1.0926811884,True
2020-10-15,1.0000000000,True,1.1743981838,True,1.3012362719,True,0.0095112185,True,1.0949064891,True
2020-10-16,1.0000000000,True,1.1707134247,True,1.2902060747,True,0.0094912680,True,1.0937328811,True
2020-10-17,1.0000000000,True,1.1707134247,False,1.2902060747,False,0.0094912680,False,1.0937328811,False
2020-10-18,1.0000000000,True,1.1707134247,False,1.2902060747,False,0.0094912680,False,1.0937328811,False
2020-10-19,1.0000000000,True,1.1715501547,True,1.2927746773,True,0.0094852361,True,1.0927648138,True
2020-10-20,1.0000000000,True,1.1768859625,True,1.2948671579,True,0.0094813690,True,1.0982131764,True
2020-10-21,1.0000000000,True,1.1829839945,True,1.2954038382,True,0.0094807401,True,1.1029006103,True
2020-10-22,1.0000000000,True,1.1853959560,True,1.3131976128,True,0.0095532880,True,1.1040086903,True
2020-10-23,1.0000000000,True,1.1815024614,True,1.3078050613,True,0.0095309807,True,1.1018069809,True
2020-10-24,1.0000000000,True,1.1815024614,False,1.3078050613,False,0.0095309807,False,1.1018069809,False
2020-10-25,1.0000000000,True,1.1815024614,False,1.3078050613,False,0.0095309807,False,1.1018069809,False
2020-10-26,1.0000000000,True,1.1848480701,True,1.3054660559,True,0.0095526495,True,1.1055098251,True
2020-10-27,1.0000000000,True,1.1809443235,True,1.3015749454,True,0.0095390720,True,1.1014429196,True
2020-10-28,1.0000000000,True,1.1784114838,True,1.3031862974,True,0.0095652591,True,1.1002613259,True
2020-10-29,1.0000000000,True,1.1748672724,True,1.2989881039,True,0.0095863488,True,1.0981890946,True
2020-10-30,1.0000000000,True,1.1678695679,True,1.2931926250,True,0.0095644355,True,1.0925259993,True
2020-10-31,1.0000000000,True,1.1678695679,False,1.2931926250,False,0.0095644355,False,1.0925259993,False
2020-11-01,1.0000000000,True,1.1678695679,False,1.2931926250,False,0.0095644355,False,1.0925259993,False
2020-11-02,1.0000000000,True,1.1642121077,True,1.2926744223,True,0.0095620576,True,1.0903223295,True
2020-11-03,1.0000000000,True,1.1642799377,True,1.2923903465,True,0.0095488185,True,1.0884081323,True
2020-11-04,1.0000000000,True,1.1762214899,True,1.3121638298,True,0.0095651677,True,1.0981287870,True
2020-11-05,1.0000000000,True,1.1732681990,True,1.2966804504,True,0.0095750586,True,1.0972130546,True
2020-11-06,1.0000000000,True,1.1817537546,True,1.3139395714,True,0.0096522304,True,1.1059867345,True
2020-11-07,1.0000000000,True,1.1817537546,False,1.3139395714,False,0.0096522304,False,1.1059867345,False
2020-11-08,1.0000000000,True,1.1817537546,False,1.3139395714,False,0.0096522304,False,1.1059867345,False
2020-11-09,1.0000000000,True,1.1893010139,True,1.3180613518,True,0.0096849488,True,1.1119512442,True
2020-11-10,1.0000000000,True,1.1827321053,True,1.3169677258,True,0.0095113993,True,1.0956622925,True
2020-11-11,1.0000000000,True,1.1818794012,True,1.3261544704,True,0.0095002848,True,1.0929200706,True
2020-11-12,1.0000000000,True,1.1780297756,True,1.3224189281,True,0.0094863159,True,1.0910039149,True
2020-11-13,1.0000000000,True,1.1803393364,True,1.3121638298,True,0.0095156536,True,1.0931111947,True
2020-11-14,1.0000000000,True,1.1803393364,False,1.3121638298,False,0.0095156536,False,1.0931111947,False
2020-11-15,1.0000000000,True,1.1803393364,False,1.3121638298,False,0.0095156536,False,1.0931111947,False
2020-11-16,1.0000000000,True,1.1845253706,True,1.3220518827,True,0.0095532880,True,1.0963950652,True
2020-11-17,1.0000000000,True,1.1859441996,True,1.3222091198,True,0.0095656249,True,1.0960465287,True
2020-11-18,1.0000000000,True,1.1863663197,True,1.3259083033,True,0.0095986792,True,1.0976948247,True
2020-11-19,1.0000000000,True,1.1847639084,True,1.3256446123,True,0.0096251952,True,1.0966595880,True
2020-11-20,1.0000000000,True,1.1866477728,True,1.3249244690,True,0.0096315919,True,1.0977635605,True
2020-11-21,1.0000000000,True,1.1866477728,False,1.3249244690,False,0.0096315919,False,1.0977635605,False
2020-11-22,1.0000000000,True,1.1866477728,False,1.3249244690,False,0.0096315919,False,1.0977635605,False
2020-11-23,1.0000000000,True,1.1866477728,True,1.3305126429,True,0.0096323337,True,1.0982614870,True
2020-11-24,1.0000000000,True,1.1842728853,True,1.3329067230,True,0.0095670891,True,1.0959624719,True
2020-11-25,1.0000000000,True,1.1900511980,True,1.3363267183,True,0.0095681876,True,1.0979359045,True
2020-11-26,1.0000000000,True,1.1920002699,True,1.3385447264,True,0.0095785439,True,1.1010548189,True
2020-11-27,1.0000000000,True,1.1915997267,True,1.3354523182,True,0.0095930626,True,1.1032413322,True
2020-11-28,1.0000000000,True,1.1915997267,False,1.3354523182,False,0.0095930626,False,1.1032413322,False
2020-11-29,1.0000000000,True,1.1915997267,False,1.3354523182,False,0.0095930626,False,1.1032413322,False
2020-11-30,1.0000000000,True,1.1971460581,True,1.3331911564,True,0.0096078092,True,1.1059133202,True
2020-12-01,1.0000000000,True,1.1938160658,True,1.3336889744,True,0.0095878193,True,1.1009941960,True
2020-12-02,1.0000000000,True,1.2074378729,True,1.3422638178,True,0.0095869006,True,1.1117163468,True
2020-12-03,1.0000000000,True,1.2114603519,True,1.3370771408,True,0.0095732256,True,1.1178055395,True
2020-12-04,1.0000000000,True,1.2145650387,True,1.3454966545,True,0.0096317773,True,1.1226242236,True
2020-12-05,1.0000000000,True,1.2145650387,False,1.3454966545,False,0.0096317773,False,1.1226242236,False
2020-12-06,1.0000000000,True,1.2145650387,False,1.3454966545,False,0.0096317773,False,1.1226242236,False
2020-12-07,1.0000000000,True,1.2121359110,True,1.3417415619,True,0.0095971134,True,1.1214030693,True
2020-12-08,1.0000000000,True,1.2113136053,True,1.3357375860,True,0.0096155694,True,1.1228776567,True
2020-12-09,1.0000000000,True,1.2110936642,True,1.3365589380,True,0.0096029191,True,1.1254569490,True
2020-12-10,1.0000000000,True,1.2078753710,True,1.3367018700,True,0.0095903020,True,1.1244040524,True
2020-12-11,1.0000000000,True,1.2144293785,True,1.3305658102,True,0.0095985872,True,1.1288490941,True
2020-12-12,1.0000000000,True,1.2144293785,False,1.3305658102,False,0.0095985872,False,1.1288490941,False
2020-12-13,1.0000000000,True,1.2144293785,False,1.3305658102,False,0.0095985872,False,1.1288490941,False
2020-12-14,1.0000000000,True,1.2133404016,True,1.3318239450,True,0.0096210274,True,1.1254416985,True
2020-12-15,1.0000000000,True,1.2148896456,True,1.3330844641,True,0.0096144600,True,1.1279298099,True
2020-12-16,1.0000000000,True,1.2154301405,True,1.3444474936,True,0.0096493426,True,1.1293820124,True
2020-12-17,1.0000000000,True,1.2199585438,True,1.3502929211,True,0.0096641702,True,1.1294458018,True
2020-12-18,1.0000000000,True,1.2262716293,True,1.3570178747,True,0.0096964059,True,1.1303010772,True
2020-12-19,1.0000000000,True,1.2262716293,False,1.3570178747,False,0.0096964059,False,1.1303010772,False
2020-12-20,1.0000000000,True,1.2262716293,False,1.3570178747,False,0.0096964059,False,1.1303010772,False
2020-12-21,1.0000000000,True,1.2216128111,True,1.3401951790,True,0.0096658514,True,1.1293310013,True
2020-12-22,1.0000000000,True,1.2236906290,True,1.3449536562,True,0.0096767954,True,1.1293310013,True
2020-12-23,1.0000000000,True,1.2186651230,True,1.3399437666,True,0.0096586632,True,1.1263036964,True
2020-12-24,1.0000000000,True,1.2191405296,True,1.3505300283,True,0.0096569837,True,1.1262529629,True
2020-12-25,1.0000000000,True,1.2184720039,True,1.3552008867,True,0.0096475741,True,1.1224604133,True
2020-12-26,1.0000000000,True,1.2184720039,False,1.3552008867,False,0.0096475741,False,1.1224604133,False
2020-12-27,1.0000000000,True,1.2184720039,False,1.3552008867,False,0.0096475741,False,1.1224604133,False
2020-12-28,1.0000000000,True,1.2205095291,True,1.3572388887,True,0.0096587564,True,1.1243155900,True
2020-12-29,1.0000000000,True,1.2223445177,True,1.3466018438,True,0.0096442243,True,1.1257458045,True
2020-12-30,1.0000000000,True,1.2252950668,True,1.3499903679,True,0.0096563313,True,1.1310937422,True
2020-12-31,1.0000000000,True,1.2299896479,True,1.3630663157,True,0.0096973456,True,1.1343270100,True
2021-01-01,1.0000000000,True,1.2180268764,True,1.3673007488,True,0.0096874820,True,1.1134617297,True
2021-01-02,1.0000000000,True,1.2180268764,False,1.3673007488,False,0.0096874820,False,1.1134617297,False
2021-01-03,1.0000000000,True,1.2180268764,False,1.3673007488,False,0.0096874820,False,1.1134617297,False
2021-01-04,1.0000000000,True,1.2250697613,True,1.3684196472,True,0.0096862621,True,1.1323746239,True
2021-01-05,1.0000000000,True,1.2251598835,True,1.3571596146,True,0.0096969697,True,1.1347646366,True
2021-01-06,1.0000000000,True,1.2300274372,True,1.3629549742,True,0.0097391845,True,1.1387186787,True
2021-01-07,1.0000000000,True,1.2341108322,True,1.3625277281,True,0.0097064760,True,1.1388613705,True
2021-01-08,1.0000000000,True,1.2271444798,True,1.3569625616,True,0.0096348395,True,1.1297519998,True
2021-01-09,1.0000000000,True,1.2271444798,False,1.3569625616,False,0.0096348395,False,1.1297519998,False
2021-01-10,1.0000000000,True,1.2271444798,False,1.3569625616,False,0.0096348395,False,1.1297519998,False
2021-01-11,1.0000000000,True,1.2186205387,True,1.3516253233,True,0.0096069782,True,1.1265828497,True
2021-01-12,1.0000000000,True,1.2160701752,True,1.3524113894,True,0.0096035650,True,1.1240754403,True
2021-01-13,1.0000000000,True,1.2208894491,True,1.3670539856,True,0.0096383685,True,1.1287955489,True
2021-01-14,1.0000000000,True,1.2162491083,True,1.3649268150,True,0.0096304787,True,1.1275228225,True
2021-01-15,1.0000000000,True,1.2151259184,True,1.3683634996,True,0.0096313131,True,1.1258091838,True
2021-01-16,1.0000000000,True,1.2151259184,False,1.3683634996,False,0.0096313131,False,1.1258091838,False
2021-01-17,1.0000000000,True,1.2151259184,False,1.3683634996,False,0.0096313131,False,1.1258091838,False
2021-01-18,1.0000000000,True,1.2068113089,True,1.3575335741,True,0.0096238983,True,1.1208500205,True
2021-01-19,1.0000000000,True,1.2077294588,True,1.3581236601,True,0.0096429223,True,1.1224604133,True
2021-01-20,1.0000000000,True,1.2138868570,True,1.3644241095,True,0.0096249167,True,1.1261261116,True
2021-01-21,1.0000000000,True,1.2115631104,True,1.3668484688,True,0.0096567041,True,1.1245051909,True
2021-01-22,1.0000000000,True,1.2166293859,True,1.3729474545,True,0.0096612760,True,1.1294840485,True
2021-01-23,1.0000000000,True,1.2166293859,False,1.3729474545,False,0.0096612760,False,1.1294840485,False
2021-01-24,1.0000000000,True,1.2166293859,False,1.3729474545,False,0.0096612760,False,1.1294840485,False
2021-01-25,1.0000000000,True,1.2169446945,True,1.3688204288,True,0.0096360465,True,1.1295312711,True
2021-01-26,1.0000000000,True,1.2146240473,True,1.3678992987,True,0.0096376251,True,1.1261007901,True
2021-01-27,1.0000000000,True,1.2162992954,True,1.3741548061,True,0.0096522304,True,1.1277771836,True
2021-01-28,1.0000000000,True,1.2105072737,True,1.3669419289,True,0.0096021818,True,1.1249859605,True
2021-01-29,1.0000000000,True,1.2120037079,True,1.3725008965,True,0.0095885551,True,1.1253543560,True
2021-01-30,1.0000000000,True,1.2120037079,False,1.3725008965,False,0.0095885551,False,1.1253543560,False
2021-01-31,1.0000000000,True,1.2120037079,False,1.3725008965,False,0.0095885551,False,1.1253543560,False
2021-02-01,1.0000000000,True,1.2123857737,True,1.3697690964,True,0.0095523759,True,1.1218811894,True
2021-02-02,1.0000000000,True,1.2068694830,True,1.3678767681,True,0.0095346157,True,1.1154738236,True
2021-02-03,1.0000000000,True,1.2039054632,True,1.3659336567,True,0.0095212705,True,1.1142061548,True
2021-02-04,1.0000000000,True,1.2042388916,True,1.3649082184,True,0.0095242628,True,1.1131642971,True
2021-02-05,1.0000000000,True,1.1966731548,True,1.3676148653,True,0.0094722087,True,1.1061579509,True
2021-02-06,1.0000000000,True,1.1966731548,False,1.3676148653,False,0.0094722087,False,1.1061579509,False
2021-02-07,1.0000000000,True,1.1966731548,False,1.3676148653,False,0.0094722087,False,1.1061579509,False
2021-02-08,1.0000000000,True,1.2048773766,True,1.3738716841,True,0.0094876659,True,1.1123717726,True
2021-02-09,1.0000000000,True,1.2053595781,True,1.3745703697,True,0.0095048000,True,1.1128434020,True
2021-02-10,1.0000000000,True,1.2119992971,True,1.3817994595,True,0.0095625152,True,1.1205737007,True
2021-02-11,1.0000000000,True,1.2121212482,True,1.3832597733,True,0.0095588589,True,1.1232850573,True
2021-02-12,1.0000000000,True,1.2131506205,True,1.3810247183,True,0.0095473599,True,1.1234439928,True
2021-02-13,1.0000000000,True,1.2131506205,False,1.3810247183,False,0.0095473599,False,1.1234439928,False
2021-02-14,1.0000000000,True,1.2131506205,False,1.3810247183,False,0.0095473599,False,1.1234439928,False
2021-02-15,1.0000000000,True,1.2122093439,True,1.3871549368,True,0.0095184612,True,1.1213792339,True
2021-02-16,1.0000000000,True,1.2132196426,True,1.3914785385,True,0.0094888363,True,1.1238051309,True
2021-02-17,1.0000000000,True,1.2092483044,True,1.3888117075,True,0.0094248045,True,1.1195475477,True
2021-02-18,1.0000000000,True,1.2048004866,True,1.3866355419,True,0.0094463495,True,1.1130527825,True
2021-02-19,1.0000000000,True,1.2091897726,True,1.3967455626,True,0.0094650361,True,1.1163081357,True
2021-02-20,1.0000000000,True,1.2091897726,False,1.3967455626,False,0.0094650361,False,1.1163081357,False
2021-02-21,1.0000000000,True,1.2091897726,False,1.3967455626,False,0.0094650361,False,1.1163081357,False
2021-02-22,1.0000000000,True,1.2126356363,True,1.4031149149,True,0.0094774153,True,1.1152126016,True
2021-02-23,1.0000000000,True,1.2166796923,True,1.4071228504,True,0.0095252609,True,1.1164576732,True
2021-02-24,1.0000000000,True,1.2152144909,True,1.4120305777,True,0.0094982098,True,1.1048503075,True
2021-02-25,1.0000000000,True,1.2171372175,True,1.4148274660,True,0.0094389489,True,1.1030222829,True
2021-02-26,1.0000000000,True,1.2160420418,True,1.4008152485,True,0.0094003518,True,1.1042769001,True
2021-02-27,1.0000000000,True,1.2160420418,False,1.4008152485,False,0.0094003518,False,1.1042769001,False
2021-02-28,1.0000000000,True,1.2160420418,False,1.4008152485,False,0.0094003518,False,1.1042769001,False
2021-03-01,1.0000000000,True,1.2089560032,True,1.3972529173,True,0.0093894070,True,1.1020497981,True
2021-03-02,1.0000000000,True,1.2051095963,True,1.3929517269,True,0.0093588270,True,1.0930156243,True
2021-03-03,1.0000000000,True,1.2085467577,True,1.3954981565,True,0.0093669792,True,1.0928961492,True
2021-03-04,1.0000000000,True,1.2050660849,True,1.3926994801,True,0.0093407313,True,1.0873110484,True
2021-03-05,1.0000000000,True,1.1967735291,True,1.3894098997,True,0.0092631187,True,1.0761019480,True
2021-03-06,1.0000000000,True,1.1967735291,False,1.3894098997,False,0.0092631187,False,1.0761019480,False
2021-03-07,1.0000000000,True,1.1967735291,False,1.3894098997,False,0.0092631187,False,1.0761019480,False
2021-03-08,1.0000000000,True,1.1925631762,True,1.3853677511,True,0.0092234757,True,1.0750376486,True
2021-03-09,1.0000000000,True,1.1851711273,True,1.3823610544,True,0.0091794488,True,1.0686043845,True
2021-03-10,1.0000000000,True,1.1897906065,True,1.3890432119,True,0.0092100534,True,1.0774236824,True
2021-03-11,1.0000000000,True,1.1926058531,True,1.3931456804,True,0.0092223698,True,1.0756157704,True
2021-03-12,1.0000000000,True,1.1986095905,True,1.3989927769,True,0.0092119202,True,1.0814785659,True
2021-03-13,1.0000000000,True,1.1986095905,False,1.3989927769,False,0.0092119202,False,1.0814785659,False
2021-03-14,1.0000000000,True,1.1986095905,False,1.3989927769,False,0.0092119202,False,1.0814785659,False
2021-03-15,1.0000000000,True,1.1950000525,True,1.3929517269,True,0.0091644751,True,1.0761192728,True
2021-03-16,1.0000000000,True,1.1925773621,True,1.3899120092,True,0.0091630470,True,1.0780508536,True
2021-03-17,1.0000000000,True,1.1901645660,True,1.3902212381,True,0.0091718718,True,1.0813149038,True
2021-03-18,1.0000000000,True,1.1982792616,True,1.3975849152,True,0.0091834955,True,1.0843164248,True
2021-03-19,1.0000000000,True,1.1918240786,True,1.3925055265,True,0.0091801232,True,1.0783763924,True
2021-03-20,1.0000000000,True,1.1918240786,False,1.3925055265,False,0.0091801232,False,1.0783763924,False
2021-03-21,1.0000000000,True,1.1918240786,False,1.3925055265,False,0.0091801232,False,1.0783763924,False
2021-03-22,1.0000000000,True,1.1883116961,True,1.3832597733,True,0.0091851823,True,1.0752225689,True
2021-03-23,1.0000000000,True,1.1933031082,True,1.3862512112,True,0.0091932043,True,1.0831888949,True
2021-03-24,1.0000000000,True,1.1840205193,True,1.3730417490,True,0.0092148915,True,1.0700680493,True
2021-03-25,1.0000000000,True,1.1813069582,True,1.3688879013,True,0.0091920212,True,1.0683875102,True
2021-03-26,1.0000000000,True,1.1776621342,True,1.3749105930,True,0.0091592705,True,1.0643846398,True
2021-03-27,1.0000000000,True,1.1776621342,False,1.3749105930,False,0.0091592705,False,1.0643846398,False
2021-03-28,1.0000000000,True,1.1776621342,False,1.3749105930,False,0.0091592705,False,1.0643846398,False
2021-03-29,1.0000000000,True,1.1788004637,True,1.3791011572,True,0.0091082147,True,1.0643393311,True
2021-03-30,1.0000000000,True,1.1771006584,True,1.3775053024,True,0.0091044832,True,1.0650761599,True
2021-03-31,1.0000000000,True,1.1723604202,True,1.3746649027,True,0.0090657722,True,1.0619205583,True
2021-04-01,1.0000000000,True,1.1728830338,True,1.3786258698,True,0.0090293454,True,1.0594342743,True
2021-04-02,1.0000000000,True,1.1779949665,True,1.3835085630,True,0.0090405288,True,1.0614471748,True
2021-04-03,1.0000000000,True,1.1779949665,False,1.3835085630,False,0.0090405288,False,1.0614471748,False
2021-04-04,1.0000000000,True,1.1779949665,False,1.3835085630,False,0.0090405288,False,1.0614471748,False
2021-04-05,1.0000000000,True,1.1768167019,True,1.3831259012,True,0.0090353008,True,1.0615711570,True
2021-04-06,1.0000000000,True,1.1818934679,True,1.3914011717,True,0.0090749865,True,1.0683304312,True
2021-04-07,1.0000000000,True,1.1874228716,True,1.3831259012,True,0.0091080488,True,1.0736525648,True
2021-04-08,1.0000000000,True,1.1873664856,True,1.3743815422,True,0.0091031572,True,1.0760787571,True
2021-04-09,1.0000000000,True,1.1915684938,True,1.3734377623,True,0.0091466202,True,1.0820637076,True
2021-04-10,1.0000000000,True,1.1915684938,False,1.3734377623,False,0.0091466202,False,1.0820637076,False
2021-04-11,1.0000000000,True,1.1915684938,False,1.3734377623,False,0.0091466202,False,1.0820637076,False
2021-04-12,1.0000000000,True,1.1900511980,True,1.3712154627,True,0.0091162689,True,1.0807422672,True
2021-04-13,1.0000000000,True,1.1914690733,True,1.3753834963,True,0.0091429407,True,1.0844810669,True
2021-04-14,1.0000000000,True,1.1954143047,True,1.3759700060,True,0.0091807129,True,1.0868384182,True
2021-04-15,1.0000000000,True,1.1986095905,True,1.3779228926,True,0.0091832427,True,1.0837758894,True
2021-04-16,1.0000000000,True,1.1971746683,True,1.3785498142,True,0.0092005628,True,1.0847245823,True
2021-04-17,1.0000000000,True,1.1971746683,False,1.3785498142,False,0.0092005628,False,1.0847245823,False
2021-04-18,1.0000000000,True,1.1971746683,False,1.3785498142,False,0.0092005628,False,1.0847245823,False
2021-04-19,1.0000000000,True,1.1969454288,True,1.3818453550,True,0.0091980241,True,1.0863071123,True
2021-04-20,1.0000000000,True,1.2045290470,True,1.3993842602,True,0.0092508650,True,1.0932546529,True
2021-04-21,1.0000000000,True,1.2032392025,True,1.3938837051,True,0.0092478704,True,1.0918222609,True
2021-04-22,1.0000000000,True,1.2037750483,True,1.3931845427,True,0.0092559167,True,1.0908337401,True
2021-04-23,1.0000000000,True,1.2014753819,True,1.3840255737,True,0.0092611461,True,1.0904649857,True
2021-04-24,1.0000000000,True,1.2014753819,False,1.3840255737,False,0.0092611461,False,1.0904649857,False
2021-04-25,1.0000000000,True,1.2014753819,False,1.3840255737,False,0.0092611461,False,1.0904649857,False
2021-04-26,1.0000000000,True,1.2089852095,True,1.3866355419,True,0.0092700743,True,1.0942235887,True
2021-04-27,1.0000000000,True,1.2081671953,True,1.3895643950,True,0.0092419730,True,1.0933263248,True
2021-04-28,1.0000000000,True,1.2090305090,True,1.3903564215,True,0.0091954023,True,1.0940439896,True
2021-04-29,1.0000000000,True,1.2135922909,True,1.3956733942,True,0.0092161654,True,1.1004732164,True
2021-04-30,1.0000000000,True,1.2127091885,True,1.3952839375,True,0.0091823992,True,1.1001100358,True
2021-05-01,1.0000000000,True,1.2127091885,False,1.3952839375,False,0.0091823992,False,1.1001100358,False
2021-05-02,1.0000000000,True,1.2127091885,False,1.3952839375,False,0.0091823992,False,1.1001100358,False
2021-05-03,1.0000000000,True,1.2027760744,True,1.3819791079,True,0.0091505543,True,1.0954102659,True
2021-05-04,1.0000000000,True,1.2061271667,True,1.3903758526,True,0.0091669953,True,1.0970445959,True
2021-05-05,1.0000000000,True,1.2015043497,True,1.3888117075,True,0.0091467038,True,1.0948106045,True
2021-05-06,1.0000000000,True,1.2007973194,True,1.3909753561,True,0.0091559159,True,1.0951582838,True
2021-05-07,1.0000000000,True,1.2068549395,True,1.3898540735,True,0.0091701052,True,1.1018191373,True
2021-05-08,1.0000000000,True,1.2068549395,False,1.3898540735,False,0.0091701052,False,1.1018191373,False
2021-05-09,1.0000000000,True,1.2068549395,False,1.3898540735,False,0.0091701052,False,1.1018191373,False
2021-05-10,1.0000000000,True,1.2171076536,True,1.4041197300,True,0.0092104780,True,1.1105558440,True
2021-05-11,1.0000000000,True,1.2140932083,True,1.4131278992,True,0.0091874608,True,1.1106421543,True
2021-05-12,1.0000000000,True,1.2144500017,True,1.4138271809,True,0.0091983630,True,1.1063905050,True
2021-05-13,1.0000000000,True,1.2078505754,True,1.4063708782,True,0.0091187626,True,1.1005943540,True
2021-05-14,1.0000000000,True,1.2077294588,True,1.4050863981,True,0.0091310860,True,1.1038258650,True
2021-05-15,1.0000000000,True,1.2077294588,False,1.4050863981,False,0.0091310860,False,1.1038258650,False
2021-05-16,1.0000000000,True,1.2077294588,False,1.4050863981,False,0.0091310860,False,1.1038258650,False
2021-05-17,1.0000000000,True,1.2150373459,True,1.4101786613,True,0.0091397651,True,1.1096316067,True
2021-05-18,1.0000000000,True,1.2156872749,True,1.4148674011,True,0.0091539887,True,1.1070151207,True
2021-05-19,1.0000000000,True,1.2223997116,True,1.4188020229,True,0.0091854359,True,1.1142930334,True
2021-05-20,1.0000000000,True,1.2172853947,True,1.4106162786,True,0.0091513912,True,1.1060968378,True
2021-05-21,1.0000000000,True,1.2225387096,True,1.4185603857,True,0.0091861105,True,1.1144544684,True
2021-05-22,1.0000000000,True,1.2225387096,False,1.4185603857,False,0.0091861105,False,1.1144544684,False
2021-05-23,1.0000000000,True,1.2225387096,False,1.4185603857,False,0.0091861105,False,1.1144544684,False
2021-05-24,1.0000000000,True,1.2183235884,True,1.4142870903,True,0.0091811347,True,1.1143302607,True
2021-05-25,1.0000000000,True,1.2214635611,True,1.4156085253,True,0.0091868703,True,1.1148271834,True
2021-05-26,1.0000000000,True,1.2249093056,True,1.4143872261,True,0.0091910074,True,1.1165698712,True
2021-05-27,1.0000000000,True,1.2192595005,True,1.4116119146,True,0.0091600258,True,1.1139206754,True
2021-05-28,1.0000000000,True,1.2193188667,True,1.4203739166,True,0.0091067218,True,1.1147650346,True
2021-05-29,1.0000000000,True,1.2193188667,False,1.4203739166,False,0.0091067218,False,1.1147650346,False
2021-05-30,1.0000000000,True,1.2193188667,False,1.4203739166,False,0.0091067218,False,1.1147650346,False
2021-05-31,1.0000000000,True,1.2190067768,True,1.4180374146,True,0.0090986017,True,1.1109753174,True
2021-06-01,1.0000000000,True,1.2232865095,True,1.4226775169,True,0.0091330043,True,1.1130899269,True
2021-06-02,1.0000000000,True,1.2217769623,True,1.4157087803,True,0.0091330043,True,1.1148520745,True
2021-06-03,1.0000000000,True,1.2209862471,True,1.4171934128,True,0.0091245038,True,1.1133378171,True
2021-06-04,1.0000000000,True,1.2133007050,True,1.4109944105,True,0.0090689787,True,1.1068068371,True
2021-06-05,1.0000000000,True,1.2133007050,False,1.4109944105,False,0.0090689787,False,1.1068068371,False
2021-06-06,1.0000000000,True,1.2133007050,False,1.4109944105,False,0.0090689787,False,1.1068068371,False
2021-06-07,1.0000000000,True,1.2168411016,True,1.4164307117,True,0.0091226728,True,1.1122233275,True
2021-06-08,1.0000000000,True,1.2193634510,True,1.4176555872,True,0.0091513075,True,1.1142061548,True
2021-06-09,1.0000000000,True,1.2172853947,True,1.4149875641,True,0.0091350061,True,1.1150758480,True
2021-06-10,1.0000000000,True,1.2182004452,True,1.4112334251,True,0.0091232551,True,1.1165698712,True
2021-06-11,1.0000000000,True,1.2172558308,True,1.4170126915,True,0.0091400162,True,1.1177555688,True
2021-06-12,1.0000000000,True,1.2172558308,False,1.4170126915,False,0.0091400162,False,1.1177555688,False
2021-06-13,1.0000000000,True,1.2172558308,False,1.4170126915,False,0.0091400162,False,1.1177555688,False
2021-06-14,1.0000000000,True,1.2110203505,True,1.4119307995,True,0.0091150225,True,1.1139430114,True
2021-06-15,1.0000000000,True,1.2122240067,True,1.4109944105,True,0.0090875219,True,1.1122233275,True
2021-06-16,1.0000000000,True,1.2127091885,True,1.4081531763,True,0.0090839723,True,1.1129660232,True
2021-06-17,1.0000000000,True,1.1995586157,True,1.3990709782,True,0.0090277154,True,1.1006791228,True
2021-06-18,1.0000000000,True,1.1913414001,True,1.3938642740,True,0.0090641290,True,1.0897401156,True
2021-06-19,1.0000000000,True,1.1913414001,False,1.3938642740,False,0.0090641290,False,1.0897401156,False
2021-06-20,1.0000000000,True,1.1913414001,False,1.3938642740,False,0.0090641290,False,1.0897401156,False
2021-06-21,1.0000000000,True,1.1873664856,True,1.3817117214,True,0.0090743281,True,1.0840225902,True
2021-06-22,1.0000000000,True,1.1912561655,True,1.3925404549,True,0.0090601047,True,1.0885538900,True
2021-06-23,1.0000000000,True,1.1936734915,True,1.3949919939,True,0.0090371790,True,1.0886249469,True
2021-06-24,1.0000000000,True,1.1933174133,True,1.3967455626,True,0.0090080351,True,1.0891940898,True
2021-06-25,1.0000000000,True,1.1930327415,True,1.3916915655,True,0.0090154256,True,1.0891704020,True
2021-06-26,1.0000000000,True,1.1930327415,False,1.3916915655,False,0.0090154256,False,1.0891704020,False
2021-06-27,1.0000000000,True,1.1930327415,False,1.3916915655,False,0.0090154256,False,1.0891704020,False
2021-06-28,1.0000000000,True,1.1942152977,True,1.3895064592,True,0.0090234792,True,1.0908813326,True
2021-06-29,1.0000000000,True,1.1928904057,True,1.3879058361,True,0.0090413463,True,1.0874174644,True
2021-06-30,1.0000000000,True,1.1901928186,True,1.3842746019,True,0.0090469079,True,1.0858942490,True
2021-07-01,1.0000000000,True,1.1856770515,True,1.3829153776,True,0.0089989561,True,1.0811395168,True
2021-07-02,1.0000000000,True,1.1846235991,True,1.3759511709,True,0.0089628223,True,1.0800302613,True
2021-07-03,1.0000000000,True,1.1846235991,False,1.3759511709,False,0.0089628223,False,1.0800302613,False
2021-07-04,1.0000000000,True,1.1846235991,False,1.3759511709,False,0.0089628223,False,1.0800302613,False
2021-07-05,1.0000000000,True,1.1856207848,True,1.3831259012,True,0.0089980652,True,1.0850694631,True
2021-07-06,1.0000000000,True,1.1863803864,True,1.3856172562,True,0.0090158318,True,1.0844810669,True
2021-07-07,1.0000000000,True,1.1824523211,True,1.3805670738,True,0.0090414280,True,1.0814669239,True
2021-07-08,1.0000000000,True,1.1793398857,True,1.3801099062,True,0.0090387308,True,1.0806137668,True
2021-07-09,1.0000000000,True,1.1848003864,True,1.3790820837,True,0.0091073850,True,1.0932067818,True
2021-07-10,1.0000000000,True,1.1848003864,False,1.3790820837,False,0.0091073850,False,1.0932067818,False
2021-07-11,1.0000000000,True,1.1848003864,False,1.3790820837,False,0.0091073850,False,1.0932067818,False
2021-07-12,1.0000000000,True,1.1872959137,True,1.3899506330,True,0.0090731755,True,1.0940439896,True
2021-07-13,1.0000000000,True,1.1865210533,True,1.3886960745,True,0.0090641290,True,1.0928723001,True
2021-07-14,1.0000000000,True,1.1775373220,True,1.3806052208,True,0.0090420000,True,1.0883761471,True
2021-07-15,1.0000000000,True,1.1833338737,True,1.3858093023,True,0.0090922315,True,1.0932665500,True
2021-07-16,1.0000000000,True,1.1811814308,True,1.3829728365,True,0.0091092933,True,1.0895619851,True
2021-07-17,1.0000000000,True,1.1811814308,False,1.3829728365,False,0.0091092933,False,1.0895619851,False
2021-07-18,1.0000000000,True,1.1811814308,False,1.3829728365,False,0.0091092933,False,1.0895619851,False
2021-07-19,1.0000000000,True,1.1814005375,True,1.3763866425,True,0.0091013342,True,1.0886960837,True
2021-07-20,1.0000000000,True,1.1793843508,True,1.3669979572,True,0.0091295856,True,1.0887316203,True
2021-07-21,1.0000000000,True,1.1784114838,True,1.3633265495,True,0.0090975256,True,1.0855052270,True
2021-07-22,1.0000000000,True,1.1792730093,True,1.3714035749,True,0.0090698837,True,1.0898351140,True
2021-07-23,1.0000000000,True,1.1772738695,True,1.3773896694,True,0.0090793536,True,1.0879971985,True
2021-07-24,1.0000000000,True,1.1772738695,False,1.3773896694,False,0.0090793536,False,1.0879971985,False
2021-07-25,1.0000000000,True,1.1772738695,False,1.3773896694,False,0.0090793536,False,1.0879971985,False
2021-07-26,1.0000000000,True,1.1773432493,True,1.3757808208,True,0.0090461718,True,1.0875121288,True
2021-07-27,1.0000000000,True,1.1807769537,True,1.3829153776,True,0.0090660186,True,1.0923470281,True
2021-07-28,1.0000000000,True,1.1823126078,True,1.3882719278,True,0.0091069705,True,1.0936133205,True
2021-07-29,1.0000000000,True,1.1845955849,True,1.3906852007,True,0.0090999264,True,1.0995052192,True
2021-07-30,1.0000000000,True,1.1892997026,True,1.3964334726,True,0.0091400162,True,1.1040939860,True
2021-07-31,1.0000000000,True,1.1892997026,False,1.3964334726,False,0.0091400162,False,1.1040939860,False
2021-08-01,1.0000000000,True,1.1892997026,False,1.3964334726,False,0.0091400162,False,1.1040939860,False
2021-08-02,1.0000000000,True,1.1867041588,True,1.3896223307,True,0.0091152716,True,1.1038623962,True
2021-08-03,1.0000000000,True,1.1874650717,True,1.3892748356,True,0.0091517267,True,1.1046428376,True
2021-08-04,1.0000000000,True,1.1869436502,True,1.3917883635,True,0.0091750697,True,1.1064150208,True
2021-08-05,1.0000000000,True,1.1837401390,True,1.3890432119,True,0.0091300022,True,1.1032656361,True
2021-08-06,1.0000000000,True,1.1835720539,True,1.3927576542,True,0.0091114514,True,1.1031439823,True
2021-08-07,1.0000000000,True,1.1835720539,False,1.3927576542,False,0.0091114514,False,1.1031439823,False
2021-08-08,1.0000000000,True,1.1835720539,False,1.3927576542,False,0.0091114514,False,1.1031439823,False
2021-08-09,1.0000000000,True,1.1749500036,True,1.3868471384,True,0.0090695542,True,1.0921799891,True
2021-08-10,1.0000000000,True,1.1738467216,True,1.3849073648,True,0.0090656900,True,1.0862481026,True
2021-08-11,1.0000000000,True,1.1723330021,True,1.3836042881,True,0.0090417549,True,1.0834705925,True
2021-08-12,1.0000000000,True,1.1741899252,True,1.3866932392,True,0.0090601047,True,1.0852343341,True
2021-08-13,1.0000000000,True,1.1736261845,True,1.3811582327,True,0.0090577249,True,1.0833531949,True
2021-08-14,1.0000000000,True,1.1736261845,False,1.3811582327,False,0.0090577249,False,1.0833531949,False
2021-08-15,1.0000000000,True,1.1736261845,False,1.3811582327,False,0.0090577249,False,1.0833531949,False
2021-08-16,1.0000000000,True,1.1794677973,True,1.3863856792,True,0.0091220900,True,1.0924185811,True
2021-08-17,1.0000000000,True,1.1779949665,True,1.3842746019,True,0.0091493822,True,1.0958903823,True
2021-08-18,1.0000000000,True,1.1709738970,True,1.3740416765,True,0.0091293351,True,1.0931948859,True
2021-08-19,1.0000000000,True,1.1703298092,True,1.3743815422,True,0.0091039855,True,1.0898470076,True
2021-08-20,1.0000000000,True,1.1676595211,True,1.3630849123,True,0.0091101234,True,1.0882340369,True
2021-08-21,1.0000000000,True,1.1676595211,False,1.3630849123,False,0.0091101234,False,1.0882340369,False
2021-08-22,1.0000000000,True,1.1676595211,False,1.3630849123,False,0.0091101234,False,1.0882340369,False
2021-08-23,1.0000000000,True,1.1697548628,True,1.3625277281,True,0.0091041518,True,1.0903698774,True
2021-08-24,1.0000000000,True,1.1744533777,True,1.3724763393,True,0.0091175987,True,1.0961306700,True
2021-08-25,1.0000000000,True,1.1753091812,True,1.3725517988,True,0.0091132778,True,1.0951702939,True
2021-08-26,1.0000000000,True,1.1774401665,True,1.3766520023,True,0.0090928932,True,1.0945229802,True
2021-08-27,1.0000000000,True,1.1756407022,True,1.3702384233,True,0.0090869442,True,1.0893957967,True
2021-08-28,1.0000000000,True,1.1756407022,False,1.3702384233,False,0.0090869442,False,1.0893957967,False
2021-08-29,1.0000000000,True,1.1756407022,False,1.3702384233,False,0.0090869442,False,1.0893957967,False
2021-08-30,1.0000000000,True,1.1799006462,True,1.3762996197,True,0.0091020800,True,1.0974539227,True
2021-08-31,1.0000000000,True,1.1796904802,True,1.3760458231,True,0.0090955395,True,1.0902985217,True
2021-09-01,1.0000000000,True,1.1810280085,True,1.3753398657,True,0.0090862834,True,1.0925379518,True
2021-09-02,1.0000000000,True,1.1840906143,True,1.3771638870,True,0.0090829821,True,1.0922790401,True
2021-09-03,1.0000000000,True,1.1876484156,True,1.3836808205,True,0.0090954568,True,1.0935056883,True
2021-09-04,1.0000000000,True,1.1876484156,False,1.3836808205,False,0.0090954568,False,1.0935056883,False
2021-09-05,1.0000000000,True,1.1876484156,False,1.3836808205,False,0.0090954568,False,1.0935056883,False
2021-09-06,1.0000000000,True,1.1885942221,True,1.3859245777,True,0.0091104552,True,1.0942834681,True
2021-09-07,1.0000000000,True,1.1875073910,True,1.3839489222,True,0.0091058095,True,1.0930395509,True
2021-09-08,1.0000000000,True,1.1843569279,True,1.3779798746,True,0.0090665121,True,1.0876067391,True
2021-09-09,1.0000000000,True,1.1819101572,True,1.3767657280,True,0.0090729280,True,1.0847869336,True
2021-09-10,1.0000000000,True,1.1825922728,True,1.3839681149,True,0.0091090445,True,1.0910955858,True
2021-09-11,1.0000000000,True,1.1825922728,False,1.3839681149,False,0.0091090445,False,1.0910955858,False
2021-09-12,1.0000000000,True,1.1825922728,False,1.3839681149,False,0.0091090445,False,1.0910955858,False
2021-09-13,1.0000000000,True,1.1811953783,True,1.3840830326,True,0.0090979392,True,1.0891585231,True
2021-09-14,1.0000000000,True,1.1811953783,True,1.3838149309,True,0.0090914047,True,1.0845987091,True
2021-09-15,1.0000000000,True,1.1804981232,True,1.3810247183,True,0.0091141916,True,1.0868620048,True
2021-09-16,1.0000000000,True,1.1819995642,True,1.3848881721,True,0.0091421882,True,1.0872992804,True
2021-09-17,1.0000000000,True,1.1767474413,True,1.3797005415,True,0.0091158536,True,1.0783298847,True
2021-09-18,1.0000000000,True,1.1767474413,False,1.3797005415,False,0.0091158536,False,1.0783298847,False
2021-09-19,1.0000000000,True,1.1767474413,False,1.3797005415,False,0.0091158536,False,1.0783298847,False
2021-09-20,1.0000000000,True,1.1729930639,True,1.3729662895,True,0.0090933064,True,1.0729153530,True
2021-09-21,1.0000000000,True,1.1730204821,True,1.3662695885,True,0.0091376777,True,1.0779695343,True
2021-09-22,1.0000000000,True,1.1722916365,True,1.3657469749,True,0.0091617878,True,1.0828370313,True
2021-09-23,1.0000000000,True,1.1687704325,True,1.3617113829,True,0.0091056438,True,1.0795638688,True
2021-09-24,1.0000000000,True,1.1740258932,True,1.3722503185,True,0.0090640468,True,1.0816657787,True
2021-09-25,1.0000000000,True,1.1740258932,False,1.3722503185,False,0.0090640468,False,1.0816657787,False
2021-09-26,1.0000000000,True,1.1740258932,False,1.3722503185,False,0.0090640468,False,1.0816657787,False
2021-09-27,1.0000000000,True,1.1723054647,True,1.3669044971,True,0.0090282041,True,1.0817008578,True
2021-09-28,1.0000000000,True,1.1696795225,True,1.3701633215,True,0.0090119321,True,1.0803931042,True
2021-09-29,1.0000000000,True,1.1686338186,True,1.3542244434,True,0.0089663582,True,1.0762409070,True
2021-09-30,1.0000000000,True,1.1601601839,True,1.3426424265,True,0.0089336766,True,1.0703773113,True
2021-10-01,1.0000000000,True,1.1574475765,True,1.3469827175,True,0.0089717481,True,1.0724090855,True
2021-10-02,1.0000000000,True,1.1574475765,False,1.3469827175,False,0.0089717481,False,1.0724090855,False
2021-10-03,1.0000000000,True,1.1574475765,False,1.3469827175,False,0.0089717481,False,1.0724090855,False
2021-10-04,1.0000000000,True,1.1607257128,True,1.3570915461,True,0.0090133128,True,1.0757661922,True
2021-10-05,1.0000000000,True,1.1618449688,True,1.3607479334,True,0.0090116068,True,1.0811278124,True
2021-10-06,1.0000000000,True,1.1596084833,True,1.3627691269,True,0.0089696557,True,1.0771219533,True
2021-10-07,1.0000000000,True,1.1555349827,True,1.3592127562,True,0.0089756131,True,1.0779346968,True
2021-10-08,1.0000000000,True,1.1559758186,True,1.3620266914,True,0.0089555979,True,1.0771219533,True
2021-10-09,1.0000000000,True,1.1559758186,False,1.3620266914,False,0.0089555979,False,1.0771219533,False
2021-10-10,1.0000000000,True,1.1559758186,False,1.3620266914,False,0.0089555979,False,1.0771219533,False
2021-10-11,1.0000000000,True,1.1566041708,True,1.3616558313,True,0.0089070992,True,1.0777604046,True
2021-10-12,1.0000000000,True,1.1553747654,True,1.3590649366,True,0.0088192754,True,1.0781089761,True
2021-10-13,1.0000000000,True,1.1534025669,True,1.3578838110,True,0.0088090983,True,1.0747372542,True
2021-10-14,1.0000000000,True,1.1599582434,True,1.3669232130,True,0.0088260472,True,1.0824853963,True
2021-10-15,1.0000000000,True,1.1591515541,True,1.3668859005,True,0.0087847216,True,1.0818178975,True
2021-10-16,1.0000000000,True,1.1591515541,False,1.3668859005,False,0.0087847216,False,1.0818178975,False
2021-10-17,1.0000000000,True,1.1591515541,False,1.3668859005,False,0.0087847216,False,1.0818178975,False
2021-10-18,1.0000000000,True,1.1597026587,True,1.3761594296,True,0.0087470699,True,1.0828018785,True
2021-10-19,1.0000000000,True,1.1613862514,True,1.3736453056,True,0.0087500544,True,1.0830974290,True
2021-10-20,1.0000000000,True,1.1631964445,True,1.3793197870,True,0.0087303459,True,1.0834236444,True
2021-10-21,1.0000000000,True,1.1655012369,True,1.3822999001,True,0.0087420993,True,1.0883761471,True
2021-10-22,1.0000000000,True,1.1625338793,True,1.3791201115,True,0.0087834872,True,1.0891940898,True
2021-10-23,1.0000000000,True,1.1625338793,False,1.3791201115,False,0.0087834872,False,1.0891940898,False
2021-10-24,1.0000000000,True,1.1625338793,False,1.3791201115,False,0.0087834872,False,1.0891940898,False
2021-10-25,1.0000000000,True,1.1640088558,True,1.3762730360,True,0.0087978602,True,1.0910443560,True
2021-10-26,1.0000000000,True,1.1611704826,True,1.3764436245,True,0.0087900497,True,1.0870865154,True
2021-10-27,1.0000000000,True,1.1598236561,True,1.3766140938,True,0.0087574874,True,1.0874293054,True
2021-10-28,1.0000000000,True,1.1600120068,True,1.3732868433,True,0.0087891998,True,1.0893246391,True
2021-10-29,1.0000000000,True,1.1683608294,True,1.3800717592,True,0.0088015775,True,1.0970445959,True
2021-10-30,1.0000000000,True,1.1683608294,False,1.3800717592,False,0.0088015775,False,1.0970445959,False
2021-10-31,1.0000000000,True,1.1683608294,False,1.3800717592,False,0.0088015775,False,1.0970445959,False
2021-11-01,1.0000000000,True,1.1556684971,True,1.3683259487,True,0.0087538079,True,1.0915362044,True
2021-11-02,1.0000000000,True,1.1599582434,True,1.3655419350,True,0.0087647027,True,1.0996986535,True
2021-11-03,1.0000000000,True,1.1579434872,True,1.3617392778,True,0.0087748549,True,1.0933741351,True
2021-11-04,1.0000000000,True,1.1615750790,True,1.3694878817,True,0.0087665469,True,1.0973214178,True
2021-11-05,1.0000000000,True,1.1555349827,True,1.3508602381,True,0.0087844903,True,1.0956743136,True
2021-11-06,1.0000000000,True,1.1555349827,False,1.3508602381,False,0.0087844903,False,1.0956743136,False
2021-11-07,1.0000000000,True,1.1555349827,False,1.3508602381,False,0.0087844903,False,1.0956743136,False
2021-11-08,1.0000000000,True,1.1568851471,True,1.3491271734,True,0.0088125139,True,1.0965272748,True
2021-11-09,1.0000000000,True,1.1591515541,True,1.3564507961,True,0.0088297104,True,1.0949544376,True
2021-11-10,1.0000000000,True,1.1595547199,True,1.3560001850,True,0.0088564544,True,1.0980564122,True
2021-11-11,1.0000000000,True,1.1485935450,True,1.3412736654,True,0.0087792460,True,1.0895382812,True
2021-11-12,1.0000000000,True,1.1450818777,True,1.3366482258,True,0.0087686224,True,1.0855288260,True
2021-11-13,1.0000000000,True,1.1450818777,False,1.3366482258,False,0.0087686224,False,1.0855288260,False
2021-11-14,1.0000000000,True,1.1450818777,False,1.3366482258,False,0.0087686224,False,1.0855288260,False
2021-11-15,1.0000000000,True,1.1441648006,True,1.3417055607,True,0.0087733918,True,1.0856584278,True
2021-11-16,1.0000000000,True,1.1366478205,True,1.3408420086,True,0.0087617843,True,1.0806721660,True
2021-11-17,1.0000000000,True,1.1321182251,True,1.3424620628,True,0.0087029173,True,1.0749105011,True
2021-11-18,1.0000000000,True,1.1321182251,True,1.3491635323,True,0.0087573341,True,1.0769711522,True
2021-11-19,1.0000000000,True,1.1368415356,True,1.3499648571,True,0.0087502846,True,1.0803803029,True
2021-11-20,1.0000000000,True,1.1368415356,False,1.3499648571,False,0.0087502846,False,1.0803803029,False
2021-11-21,1.0000000000,True,1.1368415356,False,1.3499648571,False,0.0087502846,False,1.0803803029,False
2021-11-22,1.0000000000,True,1.1275737286,True,1.3434540033,True,0.0087613240,True,1.0760787571,True
2021-11-23,1.0000000000,True,1.1242145300,True,1.3397642374,True,0.0087115602,True,1.0726161434,True
2021-11-24,1.0000000000,True,1.1244926453,True,1.3375958204,True,0.0086850037,True,1.0713634999,True
2021-11-25,1.0000000000,True,1.1202975512,True,1.3330667019,True,0.0086649108,True,1.0708931454,True
2021-11-26,1.0000000000,True,1.1209630966,True,1.3314161301,True,0.0086904379,True,1.0691985002,True
2021-11-27,1.0000000000,True,1.1209630966,False,1.3314161301,False,0.0086904379,False,1.0691985002,False
2021-11-28,1.0000000000,True,1.1209630966,False,1.3314161301,False,0.0086904379,False,1.0691985002,False
2021-11-29,1.0000000000,True,1.1293182373,True,1.3340982199,True,0.0087936052,True,1.0818764269,True
2021-11-30,1.0000000000,True,1.1293437481,True,1.3315047026,True,0.0087870373,True,1.0835762581,True
2021-12-01,1.0000000000,True,1.1330289841,True,1.3295927048,True,0.0088262030,True,1.0875475881,True
2021-12-02,1.0000000000,True,1.1319515705,True,1.3280000687,True,0.0088588080,True,1.0862481026,True
2021-12-03,1.0000000000,True,1.1306205988,True,1.3299994469,True,0.0088478347,True,1.0871928875,True
2021-12-04,1.0000000000,True,1.1306205988,False,1.3299994469,False,0.0088478347,False,1.0871928875,False
2021-12-05,1.0000000000,True,1.1306205988,False,1.3299994469,False,0.0088478347,False,1.0871928875,False
2021-12-06,1.0000000000,True,1.1304799318,True,1.3237318993,True,0.0088462695,True,1.0887434899,True
2021-12-07,1.0000000000,True,1.1286681890,True,1.3264359236,True,0.0088138342,True,1.0804970570,True
2021-12-08,1.0000000000,True,1.1276500225,True,1.3246086836,True,0.0088086323,True,1.0817828108,True
2021-12-09,1.0000000000,True,1.1345586777,True,1.3210039139,True,0.0087963127,True,1.0869565020,True
2021-12-10,1.0000000000,True,1.1293309927,True,1.3224014044,True,0.0088146113,True,1.0824971301,True
2021-12-11,1.0000000000,True,1.1293309927,False,1.3224014044,False,0.0088146113,False,1.0824971301,False
2021-12-12,1.0000000000,True,1.1293309927,False,1.3224014044,False,0.0088146113,False,1.0824971301,False
2021-12-13,1.0000000000,True,1.1311833858,True,1.3257148266,True,0.0088104951,True,1.0856938366,True
2021-12-14,1.0000000000,True,1.1285407543,True,1.3213530779,True,0.0088045993,True,1.0841519026,True
2021-12-15,1.0000000000,True,1.1261261702,True,1.3230506182,True,0.0087917501,True,1.0822510532,True
2021-12-16,1.0000000000,True,1.1290758848,True,1.3263126612,True,0.0087614774,True,1.0817359391,True
2021-12-17,1.0000000000,True,1.1334141493,True,1.3323739767,True,0.0087979376,True,1.0883287729,True
2021-12-18,1.0000000000,True,1.1334141493,False,1.3323739767,False,0.0087979376,False,1.0883287729,False
2021-12-19,1.0000000000,True,1.1334141493,False,1.3323739767,False,0.0087979376,False,1.0883287729,False
2021-12-20,1.0000000000,True,1.1243535280,True,1.3229438066,True,0.0088091758,True,1.0830833049,True
2021-12-21,1.0000000000,True,1.1277517080,True,1.3210004568,True,0.0087980150,True,1.0849281449,True
2021-12-22,1.0000000000,True,1.1287573576,True,1.3269639015,True,0.0087723913,True,1.0834001369,True
2021-12-23,1.0000000000,True,1.1328877211,True,1.3352025747,True,0.0087626290,True,1.0876185842,True
2021-12-24,1.0000000000,True,1.1327337027,True,1.3406623602,True,0.0087368292,True,1.0886130799,True
2021-12-25,1.0000000000,True,1.1327337027,False,1.3406623602,False,0.0087368292,False,1.0886130799,False
2021-12-26,1.0000000000,True,1.1327337027,False,1.3406623602,False,0.0087368292,False,1.0886130799,False
2021-12-27,1.0000000000,True,1.1324259043,True,1.3404303789,True,0.0087463812,True,1.0883986707,True
2021-12-28,1.0000000000,True,1.1330032349,True,1.3442666531,True,0.0087114085,True,1.0903223295,True
2021-12-29,1.0000000000,True,1.1314777136,True,1.3433277607,True,0.0087128504,True,1.0906315005,True
2021-12-30,1.0000000000,True,1.1360150576,True,1.3498792648,True,0.0086995860,True,1.0945708952,True
2021-12-31,1.0000000000,True,1.1325027943,True,1.3498373032,True,0.0086908908,True,1.0944511513,True
2022-01-01,1.0000000000,True,1.1325027943,False,1.3498373032,False,0.0086908908,False,1.0944511513,False
2022-01-02,1.0000000000,True,1.1325027943,False,1.3498373032,False,0.0086908908,False,1.0944511513,False
2022-01-03,1.0000000000,True,1.1373459101,True,1.3522284031,True,0.0086849283,True,1.0965212548,True
2022-01-04,1.0000000000,True,1.1302244663,True,1.3483266830,True,0.0086709210,True,1.0889331559,True
2022-01-05,1.0000000000,True,1.1283625364,True,1.3531433344,True,0.0086077777,True,1.0914528379,True
2022-01-06,1.0000000000,True,1.1313496828,True,1.3555645943,True,0.0086111878,True,1.0900489564,True
2022-01-07,1.0000000000,True,1.1296881437,True,1.3533630371,True,0.0086307342,True,1.0853049582,True
2022-01-08,1.0000000000,True,1.1296881437,False,1.3533630371,False,0.0086307342,False,1.0853049582,False
2022-01-09,1.0000000000,True,1.1296881437,False,1.3533630371,False,0.0086307342,False,1.0853049582,False
2022-01-10,1.0000000000,True,1.1353960037,True,1.3592311144,True,0.0086491726,True,1.0883287729,True
2022-01-11,1.0000000000,True,1.1330417395,True,1.3580313921,True,0.0086746821,True,1.0785159395,True
2022-01-12,1.0000000000,True,1.1366478205,True,1.3633265495,True,0.0086706956,True,1.0828370313,True
2022-01-13,1.0000000000,True,1.1441648006,True,1.3709993362,True,0.0087202963,True,1.0939243609,True
2022-01-14,1.0000000000,True,1.1457115412,True,1.3713659048,True,0.0087628598,True,1.0976466359,True
2022-01-15,1.0000000000,True,1.1457115412,False,1.3713659048,False,0.0087628598,False,1.0976466359,False
2022-01-16,1.0000000000,True,1.1457115412,False,1.3713659048,False,0.0087628598,False,1.0976466359,False
2022-01-17,1.0000000000,True,1.1410704851,True,1.3673530817,True,0.0087484472,True,1.0935032651,True
2022-01-18,1.0000000000,True,1.1410574913,True,1.3648002148,True,0.0087282123,True,1.0941996815,True
2022-01-19,1.0000000000,True,1.1329647303,True,1.3600261211,True,0.0087295074,True,1.0904293358,True
2022-01-20,1.0000000000,True,1.1343399286,True,1.3608589172,True,0.0087453103,True,1.0921799891,True
2022-01-21,1.0000000000,True,1.1313753128,True,1.3597671986,True,0.0087724688,True,1.0907028289,True
2022-01-22,1.0000000000,True,1.1313753128,False,1.3597671986,False,0.0087724688,False,1.0907028289,False
2022-01-23,1.0000000000,True,1.1313753128,False,1.3597671986,False,0.0087724688,False,1.0907028289,False
2022-01-24,1.0000000000,True,1.1341469288,True,1.3555830717,True,0.0087885044,True,1.0957223295,True
2022-01-25,1.0000000000,True,1.1324130297,True,1.3489269018,True,0.0087710834,True,1.0939842076,True
2022-01-26,1.0000000000,True,1.1304544210,True,1.3510775566,True,0.0087815587,True,1.0896260969,True
2022-01-27,1.0000000000,True,1.1243535280,True,1.3468012810,True,0.0087167998,True,1.0823108164,True
2022-01-28,1.0000000000,True,1.1147029400,True,1.3388315439,True,0.0086691173,True,1.0742638647,True
2022-01-29,1.0000000000,True,1.1147029400,False,1.3388315439,False,0.0086691173,False,1.0742638647,False
2022-01-30,1.0000000000,True,1.1147029400,False,1.3388315439,False,0.0086691173,False,1.0742638647,False
2022-01-31,1.0000000000,True,1.1152374744,True,1.3403388262,True,0.0086758862,True,1.0739639026,True
2022-02-01,1.0000000000,True,1.1229646206,True,1.3445378542,True,0.0086865123,True,1.0786555921,True
2022-02-02,1.0000000000,True,1.1273956299,True,1.3525393009,True,0.0087156603,True,1.0858470906,True
2022-02-03,1.0000000000,True,1.1299946308,True,1.3565024137,True,0.0087426340,True,1.0881866751,True
2022-02-04,1.0000000000,True,1.1435759068,True,1.3598412275,True,0.0086989048,True,1.0865195723,True
2022-02-05,1.0000000000,True,1.1435759068,False,1.3598412275,False,0.0086989048,False,1.0865195723,False
2022-02-06,1.0000000000,True,1.1435759068,False,1.3598412275,False,0.0086989048,False,1.0865195723,False
2022-02-07,1.0000000000,True,1.1455147266,True,1.3533447981,True,0.0086787476,True,1.0809408555,True
2022-02-08,1.0000000000,True,1.1442956924,True,1.3537807465,True,0.0086908908,True,1.0833649475,True
2022-02-09,1.0000000000,True,1.1421262026,True,1.3547565937,True,0.0086556856,True,1.0810810671,True
2022-02-10,1.0000000000,True,1.1421521902,True,1.3533265591,True,0.0086503696,True,1.0819934349,True
2022-02-11,1.0000000000,True,1.1415525675,True,1.3551788330,True,0.0086171984,True,1.0803219353,True
2022-02-12,1.0000000000,True,1.1415525675,False,1.3551788330,False,0.0086171984,False,1.0803219353,False
2022-02-13,1.0000000000,True,1.1415525675,False,1.3551788330,False,0.0086171984,False,1.0803219353,False
2022-02-14,1.0000000000,True,1.1365057230,True,1.3569625616,True,0.0086517165,True,1.0814084388,True
2022-02-15,1.0000000000,True,1.1306334734,True,1.3532898426,True,0.0086553107,True,1.0816540629,True
2022-02-16,1.0000000000,True,1.1356796026,True,1.3541145325,True,0.0086479006,True,1.0805670659,True
2022-02-17,1.0000000000,True,1.1375269890,True,1.3584926128,True,0.0086664875,True,1.0850694631,True
2022-02-18,1.0000000000,True,1.1366478205,True,1.3618782759,True,0.0087057965,True,1.0874293054,True
2022-02-19,1.0000000000,True,1.1366478205,False,1.3618782759,False,0.0087057965,False,1.0874293054,False
2022-02-20,1.0000000000,True,1.1366478205,False,1.3618782759,False,0.0087057965,False,1.0874293054,False
2022-02-21,1.0000000000,True,1.1317210197,True,1.3593420982,True,0.0086986022,True,1.0858942490,True
2022-02-22,1.0000000000,True,1.1309658289,True,1.3596007824,True,0.0087253182,True,1.0920488257,True
2022-02-23,1.0000000000,True,1.1329133511,True,1.3589357138,True,0.0086883992,True,1.0851165539,True
2022-02-24,1.0000000000,True,1.1305694580,True,1.3545730114,True,0.0087033715,True,1.0900132629,True
2022-02-25,1.0000000000,True,1.1190689802,True,1.3373274803,True,0.0086526898,True,1.0801002098,True
2022-02-26,1.0000000000,True,1.1190689802,False,1.3373274803,False,0.0086526898,False,1.0801002098,False
2022-02-27,1.0000000000,True,1.1190689802,False,1.3373274803,False,0.0086526898,False,1.0801002098,False
2022-02-28,1.0000000000,True,1.1181054115,True,1.3373274803,True,0.0086516417,True,1.0792178271,True
2022-03-01,1.0000000000,True,1.1215918064,True,1.3422818184,True,0.0086897580,True,1.0899182335,True
2022-03-02,1.0000000000,True,1.1132758856,True,1.3335111141,True,0.0087082981,True,1.0886604788,True
2022-03-03,1.0000000000,True,1.1112345457,True,1.3396924734,True,0.0086565848,True,1.0863424931,True
2022-03-04,1.0000000000,True,1.1066844463,True,1.3350956440,True,0.0086599582,True,1.0894432638,True
2022-03-05,1.0000000000,True,1.1066844463,False,1.3350956440,False,0.0086599582,False,1.0894432638,False
2022-03-06,1.0000000000,True,1.1066844463,False,1.3350956440,False,0.0086599582,False,1.0894432638,False
2022-03-07,1.0000000000,True,1.0874530077,True,1.3212482929,True,0.0086994348,True,1.0867675239,True
2022-03-08,1.0000000000,True,1.0865312815,True,1.3112295866,True,0.0086675391,True,1.0805553740,True
2022-03-09,1.0000000000,True,1.0898232460,True,1.3099292517,True,0.0086413992,True,1.0757777808,True
2022-03-10,1.0000000000,True,1.1073828936,True,1.3185653687,True,0.0086274580,True,1.0793424543,True
2022-03-11,1.0000000000,True,1.1013944149,True,1.3103240728,True,0.0086074075,True,1.0759861417,True
2022-03-12,1.0000000000,True,1.1013944149,False,1.3103240728,False,0.0086074075,False,1.0759861417,False
2022-03-13,1.0000000000,True,1.1013944149,False,1.3103240728,False,0.0086074075,False,1.0759861417,False
2022-03-14,1.0000000000,True,1.0932067633,True,1.3050298691,True,0.0085085384,True,1.0697818851,True
2022-03-15,1.0000000000,True,1.0943193436,True,1.3011853695,True,0.0084589486,True,1.0657572051,True
2022-03-16,1.0000000000,True,1.0969363451,True,1.3046485186,True,0.0084536571,True,1.0629477848,True
2022-03-17,1.0000000000,True,1.1021955013,True,1.3141123056,True,0.0084125513,True,1.0620672410,True
2022-03-18,1.0000000000,True,1.1099518538,True,1.3160406351,True,0.0084398157,True,1.0683532213,True
2022-03-19,1.0000000000,True,1.1099518538,False,1.3160406351,False,0.0084398157,False,1.0683532213,False
2022-03-20,1.0000000000,True,1.1099518538,False,1.3160406351,False,0.0084398157,False,1.0683532213,False
2022-03-21,1.0000000000,True,1.1043134928,True,1.3160839081,True,0.0083848301,True,1.0718917902,True
2022-03-22,1.0000000000,True,1.1017220020,True,1.3168290854,True,0.0083616234,True,1.0708014204,True
2022-03-23,1.0000000000,True,1.1029735804,True,1.3266470432,True,0.0082413057,True,1.0713405812,True
2022-03-24,1.0000000000,True,1.1006306410,True,1.3206027746,True,0.0082557977,True,1.0744370277,True
2022-03-25,1.0000000000,True,1.1009578705,True,1.3195745945,True,0.0081735406,True,1.0758588388,True
2022-03-26,1.0000000000,True,1.1009578705,False,1.3195745945,False,0.0081735406,False,1.0758588388,False
2022-03-27,1.0000000000,True,1.1009578705,False,1.3195745945,False,0.0081735406,False,1.0758588388,False
2022-03-28,1.0000000000,True,1.0981891155,True,1.3176271915,True,0.0081786213,True,1.0738024380,True
2022-03-29,1.0000000000,True,1.0993843079,True,1.3103584051,True,0.0080866891,True,1.0710422492,True
2022-03-30,1.0000000000,True,1.1091516018,True,1.3093804121,True,0.0081218274,True,1.0739408038,True
2022-03-31,1.0000000000,True,1.1161835194,True,1.3138878345,True,0.0081953104,True,1.0834588376,True
2022-04-01,1.0000000000,True,1.1072357893,True,1.3146996498,True,0.0082131478,True,1.0832006440,True
2022-04-02,1.0000000000,True,1.1072357893,False,1.3146996498,False,0.0082131478,False,1.0832006440,False
2022-04-03,1.0000000000,True,1.1072357893,False,1.3146996498,False,0.0082131478,False,1.0832006440,False
2022-04-04,1.0000000000,True,1.1047282219,True,1.3103755713,True,0.0081559416,True,1.0800302613,True
2022-04-05,1.0000000000,True,1.0975863934,True,1.3114582300,True,0.0081427258,True,1.0796804465,True
2022-04-06,1.0000000000,True,1.0906432867,True,1.3077365160,True,0.0080869510,True,1.0757314970,True
2022-04-07,1.0000000000,True,1.0898232460,True,1.3072066307,True,0.0080825716,True,1.0717539519,True
2022-04-08,1.0000000000,True,1.0864840746,True,1.3069332838,True,0.0080582774,True,1.0701138470,True
2022-04-09,1.0000000000,True,1.0864840746,False,1.3069332838,False,0.0080582774,False,1.0701138470,False
2022-04-10,1.0000000000,True,1.0864840746,False,1.3069332838,False,0.0080582774,False,1.0701138470,False
2022-04-11,1.0000000000,True,1.0884946585,True,1.3032202721,True,0.0080395545,True,1.0703887840,True
2022-04-12,1.0000000000,True,1.0877959728,True,1.3024225235,True,0.0079699056,True,1.0737678693,True
2022-04-13,1.0000000000,True,1.0826143026,True,1.3002548218,True,0.0079734643,True,1.0722250630,True
2022-04-14,1.0000000000,True,1.0896569490,True,1.3120260239,True,0.0079759446,True,1.0708357984,True
2022-04-15,1.0000000000,True,1.0820988417,True,1.3070015907,True,0.0079252490,True,1.0605465882,True
2022-04-16,1.0000000000,True,1.0820988417,False,1.3070015907,False,0.0079252490,False,1.0605465882,False
2022-04-17,1.0000000000,True,1.0820988417,False,1.3070015907,False,0.0079252490,False,1.0605465882,False
2022-04-18,1.0000000000,True,1.0815254450,True,1.3057557344,True,0.0078977715,True,1.0611880878,True
2022-04-19,1.0000000000,True,1.0781787634,True,1.3009822369,True,0.0078679444,True,1.0586491793,True
2022-04-20,1.0000000000,True,1.0794472694,True,1.3013716936,True,0.0077319791,True,1.0503539867,True
2022-04-21,1.0000000000,True,1.0849870443,True,1.3068820238,True,0.0078117066,True,1.0537407787,True
2022-04-22,1.0000000000,True,1.0835175514,True,1.3026261330,True,0.0077876765,True,1.0485477547,True
2022-04-23,1.0000000000,True,1.0835175514,False,1.3026261330,False,0.0077876765,False,1.0485477547,False
2022-04-24,1.0000000000,True,1.0835175514,False,1.3026261330,False,0.0077876765,False,1.0485477547,False
2022-04-25,1.0000000000,True,1.0811045170,True,1.2830876112,True,0.0077757477,True,1.0464629297,True
2022-04-26,1.0000000000,True,1.0714209080,True,1.2739989758,True,0.0078281561,True,1.0435254672,True
2022-04-27,1.0000000000,True,1.0643619299,True,1.2583998442,True,0.0078575583,True,1.0392525407,True
2022-04-28,1.0000000000,True,1.0555092096,True,1.2541857958,True,0.0077885261,True,1.0323433048,True
2022-04-29,1.0000000000,True,1.0504201651,True,1.2463854551,True,0.0076446168,True,1.0291242019,True
2022-04-30,1.0000000000,True,1.0504201651,False,1.2463854551,False,0.0076446168,False,1.0291242019,False
2022-05-01,1.0000000000,True,1.0504201651,False,1.2463854551,False,0.0076446168,False,1.0291242019,False
2022-05-02,1.0000000000,True,1.0535964966,True,1.2573871613,True,0.0076916568,True,1.0265148486,True
2022-05-03,1.0000000000,True,1.0509058237,True,1.2498282194,True,0.0076856862,True,1.0226621876,True
2022-05-04,1.0000000000,True,1.0528532267,True,1.2500405312,True,0.0076854501,True,1.0217009235,True
2022-05-05,1.0000000000,True,1.0622477531,True,1.2618137598,True,0.0077385600,True,1.0275485672,True
2022-05-06,1.0000000000,True,1.0539740324,True,1.2364147902,True,0.0076728304,True,1.0150223430,True
2022-05-07,1.0000000000,True,1.0539740324,False,1.2364147902,False,0.0076728304,False,1.0150223430,False
2022-05-08,1.0000000000,True,1.0539740324,False,1.2364147902,False,0.0076728304,False,1.0150223430,False
2022-05-09,1.0000000000,True,1.0532191992,True,1.2326656580,True,0.0076482425,True,1.0107850832,True
2022-05-10,1.0000000000,True,1.0565798283,True,1.2338824272,True,0.0076700646,True,1.0073537014,True
2022-05-11,1.0000000000,True,1.0532968044,True,1.2309207916,True,0.0076715945,True,1.0043185681,True
2022-05-12,1.0000000000,True,1.0512483120,True,1.2234212160,True,0.0077020830,True,1.0055708760,True
2022-05-13,1.0000000000,True,1.0379581451,True,1.2206137180,True,0.0077767756,True,0.9969593044,True
2022-05-14,1.0000000000,True,1.0379581451,False,1.2206137180,False,0.0077767756,False,0.9969593044,False
2022-05-15,1.0000000000,True,1.0379581451,False,1.2206137180,False,0.0077767756,False,0.9969593044,False
2022-05-16,1.0000000000,True,1.0400632620,True,1.2258507013,True,0.0077260642,True,0.9977749139,True
2022-05-17,1.0000000000,True,1.0438958406,True,1.2324832678,True,0.0077565676,True,0.9982830015,True
2022-05-18,1.0000000000,True,1.0547856092,True,1.2484394312,True,0.0077247520,True,1.0062386956,True
2022-05-19,1.0000000000,True,1.0472739935,True,1.2345831394,True,0.0078177525,True,1.0130275342,True
2022-05-20,1.0000000000,True,1.0578987598,True,1.2462146282,True,0.0078227673,True,1.0286160905,True
2022-05-21,1.0000000000,True,1.0578987598,False,1.2462146282,False,0.0078227673,False,1.0286160905,False
2022-05-22,1.0000000000,True,1.0578987598,False,1.2462146282,False,0.0078227673,False,1.0286160905,False
2022-05-23,1.0000000000,True,1.0569819212,True,1.2504063845,True,0.0078184249,True,1.0256515343,True
2022-05-24,1.0000000000,True,1.0682048798,True,1.2567549944,True,0.0078219107,True,1.0352502587,True
2022-05-25,1.0000000000,True,1.0736525059,True,1.2542959452,True,0.0078883640,True,1.0414496853,True
2022-05-26,1.0000000000,True,1.0686614513,True,1.2586104870,True,0.0078646030,True,1.0400091199,True
2022-05-27,1.0000000000,True,1.0732953548,True,1.2617341280,True,0.0078712268,True,1.0432315249,True
2022-05-28,1.0000000000,True,1.0732953548,False,1.2617341280,False,0.0078712268,False,1.0432315249,False
2022-05-29,1.0000000000,True,1.0732953548,False,1.2617341280,False,0.0078712268,False,1.0432315249,False
2022-05-30,1.0000000000,True,1.0731456280,True,1.2628335953,True,0.0078563851,True,1.0440048249,True
2022-05-31,1.0000000000,True,1.0773539543,True,1.2647020817,True,0.0078257061,True,1.0435907669,True
2022-06-01,1.0000000000,True,1.0734105110,True,1.2608909607,True,0.0077678354,True,1.0421877797,True
2022-06-02,1.0000000000,True,1.0654165745,True,1.2483147383,True,0.0076850959,True,1.0383137610,True
2022-06-03,1.0000000000,True,1.0751069784,True,1.2579249144,True,0.0076971629,True,1.0444518513,True
2022-06-04,1.0000000000,True,1.0751069784,False,1.2579249144,False,0.0076971629,False,1.0444518513,False
2022-06-05,1.0000000000,True,1.0751069784,False,1.2579249144,False,0.0076971629,False,1.0444518513,False
2022-06-06,1.0000000000,True,1.0726046562,True,1.2492301464,True,0.0076506996,True,1.0392201607,True
2022-06-07,1.0000000000,True,1.0691413879,True,1.2523481846,True,0.0075656703,True,1.0295480221,True
2022-06-08,1.0000000000,True,1.0698620081,True,1.2587324381,True,0.0075274564,True,1.0272319184,True
2022-06-09,1.0000000000,True,1.0717654228,True,1.2540285587,True,0.0074388161,True,1.0216174315,True
2022-06-10,1.0000000000,True,1.0619205236,True,1.2492972612,True,0.0074394799,True,1.0199918132,True
2022-06-11,1.0000000000,True,1.0619205236,False,1.2492972612,False,0.0074394799,False,1.0199918132,False
2022-06-12,1.0000000000,True,1.0619205236,False,1.2492972612,False,0.0074394799,False,1.0199918132,False
2022-06-13,1.0000000000,True,1.0489987135,True,1.2274909019,True,0.0074176275,True,1.0106625119,True
2022-06-14,1.0000000000,True,1.0415147543,True,1.2144765854,True,0.0074501766,True,1.0033461585,True
2022-06-15,1.0000000000,True,1.0440592766,True,1.2012588978,True,0.0073913104,True,1.0005002735,True
2022-06-16,1.0000000000,True,1.0456204414,True,1.2174336910,True,0.0074562872,True,1.0054090755,True
2022-06-17,1.0000000000,True,1.0546854734,True,1.2354830503,True,0.0075516720,True,1.0344042736,True
2022-06-18,1.0000000000,True,1.0546854734,False,1.2354830503,False,0.0075516720,False,1.0344042736,False
2022-06-19,1.0000000000,True,1.0546854734,False,1.2354830503,False,0.0075516720,False,1.0344042736,False
2022-06-20,1.0000000000,True,1.0491417646,True,1.2228227854,True,0.0073922942,True,1.0313956558,True
2022-06-21,1.0000000000,True,1.0520778894,True,1.2251749039,True,0.0074026365,True,1.0340192069,True
2022-06-22,1.0000000000,True,1.0532635450,True,1.2266627550,True,0.0073384264,True,1.0351752680,True
2022-06-23,1.0000000000,True,1.0564124584,True,1.2250849009,True,0.0073516437,True,1.0397712818,True
2022-06-24,1.0000000000,True,1.0520114899,True,1.2260762453,True,0.0074161972,True,1.0401930839,True
2022-06-25,1.0000000000,True,1.0520114899,False,1.2260762453,False,0.0074161972,False,1.0401930839,False
2022-06-26,1.0000000000,True,1.0520114899,False,1.2260762453,False,0.0074161972,False,1.0401930839,False
2022-06-27,1.0000000000,True,1.0566133261,True,1.2282446623,True,0.0074040072,True,1.0446155361,True
2022-06-28,1.0000000000,True,1.0580891371,True,1.2267379761,True,0.0073836159,True,1.0458500572,True
2022-06-29,1.0000000000,True,1.0523545742,True,1.2189769745,True,0.0073504011,True,1.0452706582,True
2022-06-30,1.0000000000,True,1.0446591377,True,1.2131799459,True,0.0073212335,True,1.0480202872,True
2022-07-01,1.0000000000,True,1.0477677584,True,1.2160863876,True,0.0073645297,True,1.0470217616,True
2022-07-02,1.0000000000,True,1.0477677584,False,1.2160863876,False,0.0073645297,False,1.0470217616,False
2022-07-03,1.0000000000,True,1.0477677584,False,1.2160863876,False,0.0073645297,False,1.0470217616,False
2022-07-04,1.0000000000,True,1.0433948040,True,1.2102727890,True,0.0074050488,True,1.0434056641,True
2022-07-05,1.0000000000,True,1.0433186293,True,1.2114456892,True,0.0073616021,True,1.0407668660,True
2022-07-06,1.0000000000,True,1.0257673264,True,1.1949144602,True,0.0073789304,True,1.0325266637,True
2022-07-07,1.0000000000,True,1.0186411142,True,1.1923214197,True,0.0073547797,True,1.0307153141,True
2022-07-08,1.0000000000,True,1.0169836283,True,1.2028049231,True,0.0073576482,True,1.0269049049,True
2022-07-09,1.0000000000,True,1.0169836283,False,1.2028049231,False,0.0073576482,False,1.0269049049,False
2022-07-10,1.0000000000,True,1.0169836283,False,1.2028049231,False,0.0073576482,False,1.0269049049,False
2022-07-11,1.0000000000,True,1.0166114569,True,1.2016630173,True,0.0073367036,True,1.0227772743,True
2022-07-12,1.0000000000,True,1.0047525167,True,1.1900936365,True,0.0072786560,True,1.0175631553,True
2022-07-13,1.0000000000,True,1.0033109188,True,1.1877753735,True,0.0073138980,True,1.0184647708,True
2022-07-14,1.0000000000,True,1.0032706261,True,1.1863803864,True,0.0072659630,True,1.0195758845,True
2022-07-15,1.0000000000,True,1.0025665760,True,1.1839643717,True,0.0071959532,True,1.0172940182,True
2022-07-16,1.0000000000,True,1.0025665760,False,1.1839643717,False,0.0071959532,False,1.0172940182,False
2022-07-17,1.0000000000,True,1.0025665760,False,1.1839643717,False,0.0071959532,False,1.0172940182,False
2022-07-18,1.0000000000,True,1.0096318722,True,1.1888344288,True,0.0072299264,True,1.0250102457,True
2022-07-19,1.0000000000,True,1.0145177841,True,1.1948287487,True,0.0072343717,True,1.0230178804,True
2022-07-20,1.0000000000,True,1.0231330395,True,1.2003505230,True,0.0072363616,True,1.0322047806,True
2022-07-21,1.0000000000,True,1.0182781219,True,1.1971746683,True,0.0072256943,True,1.0293678669,True
2022-07-22,1.0000000000,True,1.0221081972,True,1.1996161938,True,0.0072940520,True,1.0349824116,True
2022-07-23,1.0000000000,True,1.0221081972,False,1.1996161938,False,0.0072940520,False,1.0349824116,False
2022-07-24,1.0000000000,True,1.0221081972,False,1.1996161938,False,0.0072940520,False,1.0349824116,False
2022-07-25,1.0000000000,True,1.0200231075,True,1.1986957788,True,0.0073361115,True,1.0384215997,True
2022-07-26,1.0000000000,True,1.0224949121,True,1.2055164576,True,0.0073297125,True,1.0370324034,True
2022-07-27,1.0000000000,True,1.0129557848,True,1.2036880255,True,0.0073008687,True,1.0392417901,True
2022-07-28,1.0000000000,True,1.0209290981,True,1.2163082361,True,0.0073469452,True,1.0436343262,True
2022-07-29,1.0000000000,True,1.0192328691,True,1.2173447609,True,0.0074406421,True,1.0477567852,True
2022-07-30,1.0000000000,True,1.0192328691,False,1.2173447609,False,0.0074406421,False,1.0477567852,False
2022-07-31,1.0000000000,True,1.0192328691,False,1.2173447609,False,0.0074406421,False,1.0477567852,False
2022-08-01,1.0000000000,True,1.0208247900,True,1.2167373896,True,0.0074958587,True,1.0492408908,True
2022-08-02,1.0000000000,True,1.0261356831,True,1.2254151106,True,0.0076004009,True,1.0525207821,True
2022-08-03,1.0000000000,True,1.0155687332,True,1.2142995596,True,0.0074974323,True,1.0433185872,True
2022-08-04,1.0000000000,True,1.0157645941,True,1.2138278484,True,0.0074648031,True,1.0403770486,True
2022-08-05,1.0000000000,True,1.0247792006,True,1.2158497572,True,0.0075402838,True,1.0481301516,True
2022-08-06,1.0000000000,True,1.0247792006,False,1.2158497572,False,0.0075402838,False,1.0481301516,False
2022-08-07,1.0000000000,True,1.0247792006,False,1.2158497572,False,0.0075402838,False,1.0481301516,False
2022-08-08,1.0000000000,True,1.0170871019,True,1.2059526443,True,0.0074042808,True,1.0392417901,True
2022-08-09,1.0000000000,True,1.0197629929,True,1.2084738016,True,0.0074161972,True,1.0472520116,True
2022-08-10,1.0000000000,True,1.0208144188,True,1.2074232101,True,0.0073971612,True,1.0480312857,True
2022-08-11,1.0000000000,True,1.0300782919,True,1.2212995291,True,0.0075284197,True,1.0612331285,True
2022-08-12,1.0000000000,True,1.0316723585,True,1.2196162939,True,0.0075191360,True,1.0623379911,True
2022-08-13,1.0000000000,True,1.0316723585,False,1.2196162939,False,0.0075191360,False,1.0623379911,False
2022-08-14,1.0000000000,True,1.0316723585,False,1.2196162939,False,0.0075191360,False,1.0623379911,False
2022-08-15,1.0000000000,True,1.0256409645,True,1.2127974033,True,0.0075025512,True,1.0617965617,True
2022-08-16,1.0000000000,True,1.0161981583,True,1.2056908607,True,0.0075107213,True,1.0571271677,True
2022-08-17,1.0000000000,True,1.0170663595,True,1.2098189592,True,0.0074472922,True,1.0530084416,True
2022-08-18,1.0000000000,True,1.0180189610,True,1.2045146227,True,0.0074104814,True,1.0511488840,True
2022-08-19,1.0000000000,True,1.0089900494,True,1.1932747364,True,0.0073640415,True,1.0453799468,True
2022-08-20,1.0000000000,True,1.0089900494,False,1.1932747364,False,0.0073640415,False,1.0453799468,False
2022-08-21,1.0000000000,True,1.0089900494,False,1.1932747364,False,0.0073640415,False,1.0453799468,False
2022-08-22,1.0000000000,True,1.0035223961,True,1.1818095446,True,0.0072970863,True,1.0429703602,True
2022-08-23,1.0000000000,True,0.9939467907,True,1.1766505241,True,0.0072702948,True,1.0369141506,True
2022-08-24,1.0000000000,True,0.9966909885,True,1.1832779646,True,0.0073135233,True,1.0369356200,True
2022-08-25,1.0000000000,True,0.9969095588,True,1.1791757345,True,0.0072949573,True,1.0347039824,True
2022-08-26,1.0000000000,True,0.9971283078,True,1.1824007034,True,0.0073226275,True,1.0377211771,True
2022-08-27,1.0000000000,True,0.9971283078,False,1.1824007034,False,0.0073226275,False,1.0377211771,False
2022-08-28,1.0000000000,True,0.9971283078,False,1.1824007034,False,0.0073226275,False,1.0377211771,False
2022-08-29,1.0000000000,True,0.9938678145,True,1.1694538593,True,0.0072716693,True,1.0325245031,True
2022-08-30,1.0000000000,True,1.0014019012,True,1.1722505093,True,0.0072152158,True,1.0339978581,True
2022-08-31,1.0000000000,True,1.0025062561,True,1.1659767628,True,0.0072080387,True,1.0267783931,True
2022-09-01,1.0000000000,True,1.0039051771,True,1.1598505974,True,0.0071789568,True,1.0213774215,True
2022-09-02,1.0000000000,True,0.9952328801,True,1.1548944712,True,0.0071387272,True,1.0190667565,True
2022-09-03,1.0000000000,True,0.9952328801,False,1.1548944712,False,0.0071387272,False,1.0190667565,False
2022-09-04,1.0000000000,True,0.9952328801,False,1.1548944712,False,0.0071387272,False,1.0190667565,False
2022-09-05,1.0000000000,True,0.9909427762,True,1.1474601030,True,0.0071180964,True,1.0169319382,True
2022-09-06,1.0000000000,True,0.9952229857,True,1.1566443443,True,0.0071209859,True,1.0220768685,True
2022-09-07,1.0000000000,True,0.9897951484,True,1.1511851549,True,0.0069856305,True,1.0157233795,True
2022-09-08,1.0000000000,True,0.9995701909,True,1.1519808769,True,0.0069382768,True,1.0235833571,True
2022-09-09,1.0000000000,True,1.0012015104,True,1.1521600485,True,0.0069513957,True,1.0323646489,True
2022-09-10,1.0000000000,True,1.0012015104,False,1.1521600485,False,0.0069513957,False,1.0323646489,False
2022-09-11,1.0000000000,True,1.0012015104,False,1.1521600485,False,0.0069513957,False,1.0323646489,False
2022-09-12,1.0000000000,True,1.0071406364,True,1.1619395018,True,0.0070128198,True,1.0417534913,True
2022-09-13,1.0000000000,True,1.0129557848,True,1.1689754725,True,0.0070133601,True,1.0495382298,True
2022-09-14,1.0000000000,True,0.9982032776,True,1.1506155729,True,0.0069250156,True,1.0413087065,True
2022-09-15,1.0000000000,True,0.9984025359,True,1.1544944048,True,0.0069967743,True,1.0396156180,True
2022-09-16,1.0000000000,True,0.9988313317,True,1.1452654600,True,0.0069752029,True,1.0397172194,True
2022-09-17,1.0000000000,True,0.9988313317,False,1.1452654600,False,0.0069752029,False,1.0397172194,False
2022-09-18,1.0000000000,True,0.9988313317,False,1.1452654600,False,0.0069752029,False,1.0397172194,False
2022-09-19,1.0000000000,True,1.0022349358,True,1.1433144808,True,0.0070045179,True,1.0381952158,True
2022-09-20,1.0000000000,True,1.0029587746,True,1.1443217993,True,0.0069821184,True,1.0372475710,True
2022-09-21,1.0000000000,True,0.9970785379,True,1.1380578279,True,0.0069636911,True,1.0376673277,True
2022-09-22,1.0000000000,True,0.9830715060,True,1.1255937815,True,0.0069292389,True,1.0331219167,True
2022-09-23,1.0000000000,True,0.9841550589,True,1.1264178753,True,0.0070283948,True,1.0249051744,True
2022-09-24,1.0000000000,True,0.9841550589,False,1.1264178753,False,0.0070283948,False,1.0249051744,False
2022-09-25,1.0000000000,True,0.9841550589,False,1.1264178753,False,0.0070283948,False,1.0249051744,False
2022-09-26,1.0000000000,True,0.9689922929,True,1.0797386169,True,0.0069681069,True,1.0179049339,True
2022-09-27,1.0000000000,True,0.9623712301,True,1.0772843361,True,0.0069223794,True,1.0079324470,True
2022-09-28,1.0000000000,True,0.9596191645,True,1.0727541447,True,0.0069112802,True,1.0085525380,True
2022-09-29,1.0000000000,True,0.9708172083,True,1.0835996866,True,0.0069253039,True,1.0228923245,True
2022-09-30,1.0000000000,True,0.9829555750,True,1.1169440746,True,0.0069237214,True,1.0257146789,True
2022-10-01,1.0000000000,True,0.9829555750,False,1.1169440746,False,0.0069237214,False,1.0257146789,False
2022-10-02,1.0000000000,True,0.9829555750,False,1.1169440746,False,0.0069237214,False,1.0257146789,False
2022-10-03,1.0000000000,True,0.9792688489,True,1.1140571833,True,0.0069053146,True,1.0145589175,True
2022-10-04,1.0000000000,True,0.9832068682,True,1.1334141493,True,0.0069195055,True,1.0074957391,True
2022-10-05,1.0000000000,True,0.9984324574,True,1.1451343298,True,0.0069547315,True,1.0217739746,True
2022-10-06,1.0000000000,True,0.9910998940,True,1.1355378628,True,0.0069228583,True,1.0190355603,True
2022-10-07,1.0000000000,True,0.9789045453,True,1.1162084341,True,0.0068946972,True,1.0101315912,True
2022-10-08,1.0000000000,True,0.9789045453,False,1.1162084341,False,0.0068946972,False,1.0101315912,False
2022-10-09,1.0000000000,True,0.9789045453,False,1.1162084341,False,0.0068946972,False,1.0101315912,False
2022-10-10,1.0000000000,True,0.9735012650,True,1.1072726250,True,0.0068737028,True,1.0054697522,True
2022-10-11,1.0000000000,True,0.9710057378,True,1.1076405048,True,0.0068646432,True,1.0004902500,True
2022-10-12,1.0000000000,True,0.9700167775,True,1.0967799425,True,0.0068554194,True,1.0024057548,True
2022-10-13,1.0000000000,True,0.9707984328,True,1.1105558872,True,0.0068149138,True,1.0026168579,True
2022-10-14,1.0000000000,True,0.9751340151,True,1.1303905249,True,0.0067891889,True,0.9985919778,True
2022-10-15,1.0000000000,True,0.9751340151,False,1.1303905249,False,0.0067891889,False,0.9985919778,False
2022-10-16,1.0000000000,True,0.9751340151,False,1.1303905249,False,0.0067891889,False,0.9985919778,False
2022-10-17,1.0000000000,True,0.9739374518,True,1.1244167089,True,0.0067280261,True,0.9963434423,True
2022-10-18,1.0000000000,True,0.9846396446,True,1.1353960037,True,0.0067127162,True,1.0045203131,True
2022-10-19,1.0000000000,True,0.9863878489,True,1.1344299316,True,0.0067020086,True,1.0063601961,True
2022-10-20,1.0000000000,True,0.9766482711,True,1.1211013794,True,0.0066746318,True,0.9952130495,True
2022-10-21,1.0000000000,True,0.9778899550,True,1.1221455336,True,0.0066588538,True,0.9962044133,True
2022-10-22,1.0000000000,True,0.9778899550,False,1.1221455336,False,0.0066588538,False,0.9962044133,False
2022-10-23,1.0000000000,True,0.9778899550,False,1.1221455336,False,0.0066588538,False,0.9962044133,False
2022-10-24,1.0000000000,True,0.9860085845,True,1.1344685555,True,0.0067650302,True,1.0021245220,True
2022-10-25,1.0000000000,True,0.9886503220,True,1.1307740211,True,0.0067165034,True,1.0006003405,True
2022-10-26,1.0000000000,True,0.9963731170,True,1.1462237835,True,0.0067576702,True,1.0053585876,True
2022-10-27,1.0000000000,True,1.0091937780,True,1.1638191938,True,0.0068430343,True,1.0152180909,True
2022-10-28,1.0000000000,True,0.9967803955,True,1.1566041708,True,0.0068364849,True,1.0096522645,True
2022-10-29,1.0000000000,True,0.9967803955,False,1.1566041708,False,0.0068364849,False,1.0096522645,False
2022-10-30,1.0000000000,True,0.9967803955,False,1.1566041708,False,0.0068364849,False,1.0096522645,False
2022-10-31,1.0000000000,True,0.9955002666,True,1.1595950127,True,0.0067653507,True,1.0036029222,True
2022-11-01,1.0000000000,True,0.9886307716,True,1.1468153000,True,0.0067232767,True,0.9985919778,True
2022-11-02,1.0000000000,True,0.9877909422,True,1.1489498615,True,0.0067606399,True,1.0003000802,True
2022-11-03,1.0000000000,True,0.9814409018,True,1.1384334564,True,0.0067616910,True,0.9967306799,True
2022-11-04,1.0000000000,True,0.9749630094,True,1.1171187162,True,0.0067388621,True,0.9867577254,True
2022-11-05,1.0000000000,True,0.9749630094,False,1.1171187162,False,0.0067388621,False,0.9867577254,False
2022-11-06,1.0000000000,True,0.9749630094,False,1.1171187162,False,0.0067388621,False,0.9867577254,False
2022-11-07,1.0000000000,True,0.9928810596,True,1.1331573725,True,0.0068100869,True,1.0032706789,True
2022-11-08,1.0000000000,True,1.0018634796,True,1.1517950296,True,0.0068201662,True,1.0112450667,True
2022-11-09,1.0000000000,True,1.0080847740,True,1.1552680731,True,0.0068825494,True,1.0157956398,True
2022-11-10,1.0000000000,True,1.0019538403,True,1.1368157864,True,0.0068395243,True,1.0167768135,True
2022-11-11,1.0000000000,True,1.0192224979,True,1.1695632935,True,0.0070554704,True,1.0363661174,True
2022-11-12,1.0000000000,True,1.0192224979,False,1.1695632935,False,0.0070554704,False,1.0363661174,False
2022-11-13,1.0000000000,True,1.0192224979,False,1.1695632935,False,0.0070554704,False,1.0363661174,False
2022-11-14,1.0000000000,True,1.0328551531,True,1.1799131632,True,0.0071657366,True,1.0592659130,True
2022-11-15,1.0000000000,True,1.0319278240,True,1.1752496958,True,0.0071369943,True,1.0602205347,True
2022-11-16,1.0000000000,True,1.0357863903,True,1.1880435944,True,0.0071960568,True,1.0605465882,True
2022-11-17,1.0000000000,True,1.0395010710,True,1.1915259361,True,0.0071776170,True,1.0588957999,True
2022-11-18,1.0000000000,True,1.0361728668,True,1.1860145330,True,0.0071218983,True,1.0496704126,True
2022-11-19,1.0000000000,True,1.0361728668,False,1.1860145330,False,0.0071218983,False,1.0496704126,False
2022-11-20,1.0000000000,True,1.0361728668,False,1.1860145330,False,0.0071218983,False,1.0496704126,False
2022-11-21,1.0000000000,True,1.0330898762,True,1.1886366606,True,0.0071299720,True,1.0489547382,True
2022-11-22,1.0000000000,True,1.0245691538,True,1.1827600002,True,0.0070373964,True,1.0433730248,True
2022-11-23,1.0000000000,True,1.0311086178,True,1.1894567013,True,0.0070844108,True,1.0514252309,True
2022-11-24,1.0000000000,True,1.0416233540,True,1.2073503733,True,0.0071798848,True,1.0630381692,True
2022-11-25,1.0000000000,True,1.0408102274,True,1.2113430500,True,0.0072148512,True,1.0600294861,True
2022-11-26,1.0000000000,True,1.0408102274,False,1.2113430500,False,0.0072148512,False,1.0600294861,False
2022-11-27,1.0000000000,True,1.0408102274,False,1.2113430500,False,0.0072148512,False,1.0600294861,False
2022-11-28,1.0000000000,True,1.0367528200,True,1.2054728270,True,0.0071890723,True,1.0555426474,True
2022-11-29,1.0000000000,True,1.0345541239,True,1.1960291862,True,0.0072088181,True,1.0539739937,True
2022-11-30,1.0000000000,True,1.0324499607,True,1.1946860552,True,0.0072074672,True,1.0478775241,True
2022-12-01,1.0000000000,True,1.0425354242,True,1.2077498436,True,0.0072801931,True,1.0594566864,True
2022-12-02,1.0000000000,True,1.0528421402,True,1.2259259224,True,0.0073991864,True,1.0679311168,True
2022-12-03,1.0000000000,True,1.0528421402,False,1.2259259224,False,0.0073991864,False,1.0679311168,False
2022-12-04,1.0000000000,True,1.0528421402,False,1.2259259224,False,0.0073991864,False,1.0679311168,False
2022-12-05,1.0000000000,True,1.0544185638,True,1.2297248840,True,0.0074363261,True,1.0678626676,True
2022-12-06,1.0000000000,True,1.0496923923,True,1.2192445993,True,0.0073178589,True,1.0612331285,True
2022-12-07,1.0000000000,True,1.0469011068,True,1.2133007050,True,0.0073053489,True,1.0615373041,True
2022-12-08,1.0000000000,True,1.0513257980,True,1.2212398052,True,0.0073323999,True,1.0635242993,True
2022-12-09,1.0000000000,True,1.0559661388,True,1.2236007452,True,0.0073198941,True,1.0685359170,True
2022-12-10,1.0000000000,True,1.0559661388,False,1.2236007452,False,0.0073198941,False,1.0685359170,False
2022-12-11,1.0000000000,True,1.0559661388,False,1.2236007452,False,0.0073198941,False,1.0685359170,False
2022-12-12,1.0000000000,True,1.0522217751,True,1.2239153385,True,0.0073146465,True,1.0695301682,True
2022-12-13,1.0000000000,True,1.0541739464,True,1.2270842791,True,0.0072725158,True,1.0686729288,True
2022-12-14,1.0000000000,True,1.0626653433,True,1.2356662750,True,0.0073755016,True,1.0764494474,True
2022-12-15,1.0000000000,True,1.0676347017,True,1.2419428825,True,0.0073883615,True,1.0818412666,True
2022-12-16,1.0000000000,True,1.0640561581,True,1.2189176083,True,0.0072594751,True,1.0780043740,True
2022-12-17,1.0000000000,True,1.0640561581,False,1.2189176083,False,0.0072594751,False,1.0780043740,False
2022-12-18,1.0000000000,True,1.0640561581,False,1.2189176083,False,0.0072594751,False,1.0780043740,False
2022-12-19,1.0000000000,True,1.0585035086,True,1.2160272598,True,0.0073158240,True,1.0699993259,True
2022-12-20,1.0000000000,True,1.0614584684,True,1.2153326273,True,0.0072995367,True,1.0767391903,True
2022-12-21,1.0000000000,True,1.0626993179,True,1.2189176083,True,0.0075819611,True,1.0796920501,True
2022-12-22,1.0000000000,True,1.0610079765,True,1.2077397108,True,0.0075545821,True,1.0795638688,True
2022-12-23,1.0000000000,True,1.0603330135,True,1.2039924860,True,0.0075553242,True,1.0741138627,True
2022-12-24,1.0000000000,True,1.0603330135,False,1.2039924860,False,0.0075553242,False,1.0741138627,False
2022-12-25,1.0000000000,True,1.0603330135,False,1.2039924860,False,0.0075553242,False,1.0741138627,False
2022-12-26,1.0000000000,True,1.0667804480,True,1.2060005665,True,0.0075306879,True,1.0719492504,True
2022-12-27,1.0000000000,True,1.0640221834,True,1.2084153891,True,0.0075321619,True,1.0729498668,True
2022-12-28,1.0000000000,True,1.0637166500,True,1.2027326822,True,0.0074914227,True,1.0761945834,True
2022-12-29,1.0000000000,True,1.0629251003,True,1.2028483152,True,0.0074607937,True,1.0779230617,True
2022-12-30,1.0000000000,True,1.0660753250,True,1.2056326866,True,0.0075235487,True,1.0835997033,True
2022-12-31,1.0000000000,True,1.0660753250,False,1.2056326866,False,0.0075235487,False,1.0835997033,False
2023-01-01,1.0000000000,True,1.0660753250,False,1.2056326866,False,0.0075235487,False,1.0835997033,False
2023-01-02,1.0000000000,True,1.0709733963,True,1.2120330334,True,0.0076426305,True,1.0824853963,True
2023-01-03,1.0000000000,True,1.0677714348,True,1.2062871456,True,0.0076456103,True,1.0822510532,True
2023-01-04,1.0000000000,True,1.0546854734,True,1.1969740391,True,0.0076191637,True,1.0686043845,True
2023-01-05,1.0000000000,True,1.0606365204,True,1.2057054043,True,0.0075616653,True,1.0757430848,True
2023-01-06,1.0000000000,True,1.0522217751,True,1.1912277937,True,0.0075014812,True,1.0685701496,True
2023-01-07,1.0000000000,True,1.0522217751,False,1.1912277937,False,0.0075014812,False,1.0685701496,False
2023-01-08,1.0000000000,True,1.0522217751,False,1.1912277937,False,0.0075014812,False,1.0685701496,False
2023-01-09,1.0000000000,True,1.0656323433,True,1.2116365433,True,0.0075836860,True,1.0788999671,True
2023-01-10,1.0000000000,True,1.0733183622,True,1.2184869051,True,0.0075913426,True,1.0858588271,True
2023-01-11,1.0000000000,True,1.0738946199,True,1.2154507637,True,0.0075699655,True,1.0843164248,True
2023-01-12,1.0000000000,True,1.0766000748,True,1.2159533501,True,0.0075813866,True,1.0742061561,True
2023-01-13,1.0000000000,True,1.0860239267,True,1.2217769623,True,0.0077416160,True,1.0785159395,True
2023-01-14,1.0000000000,True,1.0860239267,False,1.2217769623,False,0.0077416160,False,1.0785159395,False
2023-01-15,1.0000000000,True,1.0860239267,False,1.2217769623,False,0.0077416160,False,1.0785159395,False
2023-01-16,1.0000000000,True,1.0824619532,True,1.2226732969,True,0.0078109133,True,1.0790745587,True
2023-01-17,1.0000000000,True,1.0830129385,True,1.2207776308,True,0.0077929568,True,1.0806254601,True
2023-01-18,1.0000000000,True,1.0793308020,True,1.2284710407,True,0.0077953863,True,1.0846928132,True
2023-01-19,1.0000000000,True,1.0797853470,True,1.2347661257,True,0.0077797399,True,1.0917745862,True
2023-01-20,1.0000000000,True,1.0833883286,True,1.2393262386,True,0.0077899824,True,1.0922993076,True
2023-01-21,1.0000000000,True,1.0833883286,False,1.2393262386,False,0.0077899824,False,1.0922993076,False
2023-01-22,1.0000000000,True,1.0833883286,False,1.2393262386,False,0.0077899824,False,1.0922993076,False
2023-01-23,1.0000000000,True,1.0865077972,True,1.2406332493,True,0.0077307232,True,1.0870865154,True
2023-01-24,1.0000000000,True,1.0874292850,True,1.2379761934,True,0.0076571437,True,1.0849870113,True
2023-01-25,1.0000000000,True,1.0888146162,True,1.2329239845,True,0.0076781917,True,1.0842459292,True
2023-01-26,1.0000000000,True,1.0922038555,True,1.2412492037,True,0.0077377222,True,1.0905482013,True
2023-01-27,1.0000000000,True,1.0894432068,True,1.2415266037,True,0.0077041601,True,1.0867202897,True
2023-01-28,1.0000000000,True,1.0894432068,False,1.2415266037,False,0.0077041601,False,1.0867202897,False
2023-01-29,1.0000000000,True,1.0894432068,False,1.2415266037,False,0.0077041601,False,1.0867202897,False
2023-01-30,1.0000000000,True,1.0871455669,True,1.2400301695,True,0.0077009562,True,1.0859414114,True
2023-01-31,1.0000000000,True,1.0850694180,True,1.2353609800,True,0.0076640683,True,1.0807539632,True
2023-02-01,1.0000000000,True,1.0860947371,True,1.2308903933,True,0.0076858043,True,1.0914051955,True
2023-02-02,1.0000000000,True,1.1012852192,True,1.2390038967,True,0.0077747201,True,1.1022198700,True
2023-02-03,1.0000000000,True,1.0905125141,True,1.2222995758,True,0.0077672315,True,1.0950503474,True
2023-02-04,1.0000000000,True,1.0905125141,False,1.2222995758,False,0.0077672315,False,1.0950503474,False
2023-02-05,1.0000000000,True,1.0905125141,False,1.2222995758,False,0.0077672315,False,1.0950503474,False
2023-02-06,1.0000000000,True,1.0790861845,True,1.2045146227,True,0.0075752409,True,1.0795289281,True
2023-02-07,1.0000000000,True,1.0730764866,True,1.2026747465,True,0.0075401702,True,1.0777372114,True
2023-02-08,1.0000000000,True,1.0729728937,True,1.2054582834,True,0.0076311407,True,1.0850105877,True
2023-02-09,1.0000000000,True,1.0715816021,True,1.2071462870,True,0.0076111035,True,1.0858824414,True
2023-02-10,1.0000000000,True,1.0742292404,True,1.2116806507,True,0.0076034643,True,1.0846292807,True
2023-02-11,1.0000000000,True,1.0742292404,False,1.2116806507,False,0.0076034643,False,1.0846292807,False
2023-02-12,1.0000000000,True,1.0742292404,False,1.2116806507,False,0.0076034643,False,1.0846292807,False
2023-02-13,1.0000000000,True,1.0677714348,True,1.2052258253,True,0.0076016149,True,1.0824971301,True
2023-02-14,1.0000000000,True,1.0730419159,True,1.2152144909,True,0.0075564654,True,1.0885894173,True
2023-02-15,1.0000000000,True,1.0735719204,True,1.2174336910,True,0.0075193060,True,1.0851518572,True
2023-02-16,1.0000000000,True,1.0691757202,True,1.2039779425,True,0.0074680926,True,1.0830012245,True
2023-02-17,1.0000000000,True,1.0665756464,True,1.1975331306,True,0.0074585674,True,1.0793773828,True
2023-02-18,1.0000000000,True,1.0665756464,False,1.1975331306,False,0.0074585674,False,1.0793773828,False
2023-02-19,1.0000000000,True,1.0665756464,False,1.1975331306,False,0.0074585674,False,1.0793773828,False
2023-02-20,1.0000000000,True,1.0684444904,True,1.2029786110,True,0.0074456279,True,1.0806721660,True
2023-02-21,1.0000000000,True,1.0682619810,True,1.2039200068,True,0.0074440210,True,1.0832123933,True
2023-02-22,1.0000000000,True,1.0652009249,True,1.2109322548,True,0.0074087246,True,1.0781671048,True
2023-02-23,1.0000000000,True,1.0605803728,True,1.2049934864,True,0.0074111401,True,1.0738370089,True
2023-02-24,1.0000000000,True,1.0598047972,True,1.2017786503,True,0.0074278750,True,1.0710192759,True
2023-02-25,1.0000000000,True,1.0598047972,False,1.2017786503,False,0.0074278750,False,1.0710192759,False
2023-02-26,1.0000000000,True,1.0598047972,False,1.2017786503,False,0.0074278750,False,1.0710192759,False
2023-02-27,1.0000000000,True,1.0554758310,True,1.1952428818,True,0.0073316468,True,1.0637958603,True
2023-02-28,1.0000000000,True,1.0611205101,True,1.2061562538,True,0.0073358421,True,1.0688328543,True
2023-03-01,1.0000000000,True,1.0577309132,True,1.2033549547,True,0.0073341739,True,1.0617198932,True
2023-03-02,1.0000000000,True,1.0668942928,True,1.2029930353,True,0.0073424673,True,1.0644299523,True
2023-03-03,1.0000000000,True,1.0599732399,True,1.1951572895,True,0.0073150213,True,1.0617176760,True
2023-03-04,1.0000000000,True,1.0599732399,False,1.1951572895,False,0.0073150213,False,1.0617176760,False
2023-03-05,1.0000000000,True,1.0599732399,False,1.1951572895,False,0.0073150213,False,1.0617176760,False
2023-03-06,1.0000000000,True,1.0626201630,True,1.2028483152,True,0.0073605181,True,1.0674637028,True
2023-03-07,1.0000000000,True,1.0688328743,True,1.2026457787,True,0.0073529956,True,1.0744716395,True
2023-03-08,1.0000000000,True,1.0550749302,True,1.1827740669,True,0.0072784968,True,1.0613120094,True
2023-03-09,1.0000000000,True,1.0549525023,True,1.1850166321,True,0.0072872489,True,1.0628461039,True
2023-03-10,1.0000000000,True,1.0584698915,True,1.1922503710,True,0.0073316468,True,1.0719837021,True
2023-03-11,1.0000000000,True,1.0584698915,False,1.1922503710,False,0.0073316468,False,1.0719837021,False
2023-03-12,1.0000000000,True,1.0584698915,False,1.1922503710,False,0.0073316468,False,1.0719837021,False
2023-03-13,1.0000000000,True,1.0683646202,True,1.2079336643,True,0.0074085052,True,1.0888501865,True
2023-03-14,1.0000000000,True,1.0725010633,True,1.2171372175,True,0.0075123579,True,1.0959011916,True
2023-03-15,1.0000000000,True,1.0727657080,True,1.2152144909,True,0.0074406421,True,1.0934937147,True
2023-03-16,1.0000000000,True,1.0583354235,True,1.2069277763,True,0.0075228129,True,1.0740792739,True
2023-03-17,1.0000000000,True,1.0614134073,True,1.2110495567,True,0.0074980507,True,1.0762293085,True
2023-03-18,1.0000000000,True,1.0614134073,False,1.2110495567,False,0.0074980507,False,1.0762293085,False
2023-03-19,1.0000000000,True,1.0614134073,False,1.2110495567,False,0.0074980507,False,1.0762293085,False
2023-03-20,1.0000000000,True,1.0678855181,True,1.2187690735,True,0.0075594934,True,1.0790513089,True
2023-03-21,1.0000000000,True,1.0719147921,True,1.2276264429,True,0.0076108135,True,1.0761945834,True
2023-03-22,1.0000000000,True,1.0774236917,True,1.2225087881,True,0.0075558372,True,1.0852225408,True
2023-03-23,1.0000000000,True,1.0870392323,True,1.2279732227,True,0.0076231713,True,1.0910836649,True
2023-03-24,1.0000000000,True,1.0835057497,True,1.2281541824,True,0.0076414623,True,1.0912265203,True
2023-03-25,1.0000000000,True,1.0835057497,False,1.2281541824,False,0.0076414623,False,1.0912265203,False
2023-03-26,1.0000000000,True,1.0835057497,False,1.2281541824,False,0.0076414623,False,1.0912265203,False
2023-03-27,1.0000000000,True,1.0778185129,True,1.2246003151,True,0.0076425726,True,1.0870746819,True
2023-03-28,1.0000000000,True,1.0807071924,True,1.2297551632,True,0.0076200345,True,1.0928723001,True
2023-03-29,1.0000000000,True,1.0839520693,True,1.2330456972,True,0.0076309079,True,1.0864841096,True
2023-03-30,1.0000000000,True,1.0843634605,True,1.2313603163,True,0.0075428431,True,1.0892059695,True
2023-03-31,1.0000000000,True,1.0904649496,True,1.2387275696,True,0.0075074509,True,1.0948345384,True
2023-04-01,1.0000000000,True,1.0904649496,False,1.2387275696,False,0.0075074509,False,1.0948345384,False
2023-04-02,1.0000000000,True,1.0904649496,False,1.2387275696,False,0.0075074509,False,1.0948345384,False
2023-04-03,1.0000000000,True,1.0803335905,True,1.2286974192,True,0.0074992313,True,1.0899064091,True
2023-04-04,1.0000000000,True,1.0912265778,True,1.2423131466,True,0.0075586363,True,1.0956382509,True
2023-04-05,1.0000000000,True,1.0960105658,True,1.2498437166,True,0.0076054302,True,1.1044842325,True
2023-04-06,1.0000000000,True,1.0903341770,True,1.2463078499,True,0.0076374353,True,1.1033143922,True
2023-04-07,1.0000000000,True,1.0920130014,True,1.2439001799,True,0.0075948018,True,1.1057054510,True
2023-04-08,1.0000000000,True,1.0920130014,False,1.2439001799,False,0.0075948018,False,1.1057054510,False
2023-04-09,1.0000000000,True,1.0920130014,False,1.2439001799,False,0.0075948018,False,1.1057054510,False
2023-04-10,1.0000000000,True,1.0913575888,True,1.2431625128,True,0.0075701946,True,1.1058644071,True
2023-04-11,1.0000000000,True,1.0869328976,True,1.2392188311,True,0.0074923768,True,1.1003399815,True
2023-04-12,1.0000000000,True,1.0917507410,True,1.2431007624,True,0.0074853664,True,1.1075423874,True
2023-04-13,1.0000000000,True,1.0999890566,True,1.2492660284,True,0.0075139944,True,1.1163542629,True
2023-04-14,1.0000000000,True,1.1054610014,True,1.2525300980,True,0.0075479104,True,1.1248593944,True
2023-04-15,1.0000000000,True,1.1054610014,False,1.2525300980,False,0.0075479104,False,1.1248593944,False
2023-04-16,1.0000000000,True,1.1054610014,False,1.2525300980,False,0.0075479104,False,1.1248593944,False
2023-04-17,1.0000000000,True,1.0986596346,True,1.2400178909,True,0.0074643024,True,1.1175681625,True
2023-04-18,1.0000000000,True,1.0925379992,True,1.2375471592,True,0.0074390923,True,1.1129536934,True
2023-04-19,1.0000000000,True,1.0975382328,True,1.2425447702,True,0.0074602366,True,1.1161959902,True
2023-04-20,1.0000000000,True,1.0952183008,True,1.2428845167,True,0.0074236848,True,1.1139578778,True
2023-04-21,1.0000000000,True,1.0970927477,True,1.2440905571,True,0.0074629092,True,1.1206742261,True
2023-04-22,1.0000000000,True,1.0970927477,False,1.2440905571,False,0.0074629092,False,1.1206742261,False
2023-04-23,1.0000000000,True,1.0970927477,False,1.2440905571,False,0.0074629092,False,1.1206742261,False
2023-04-24,1.0000000000,True,1.0992271900,True,1.2449734211,True,0.0074648593,True,1.1214533667,True
2023-04-25,1.0000000000,True,1.1059499979,True,1.2500000000,True,0.0074580114,True,1.1272813009,True
2023-04-26,1.0000000000,True,1.0978394747,True,1.2414803505,True,0.0074788163,True,1.1213024880,True
2023-04-27,1.0000000000,True,1.1047282219,True,1.2471472025,True,0.0074926013,True,1.1225738211,True
2023-04-28,1.0000000000,True,1.1032048464,True,1.2497500181,True,0.0074737297,True,1.1187183841,True
2023-04-29,1.0000000000,True,1.1032048464,False,1.2497500181,False,0.0074737297,False,1.1187183841,False
2023-04-30,1.0000000000,True,1.1032048464,False,1.2497500181,False,0.0074737297,False,1.1187183841,False
2023-05-01,1.0000000000,True,1.1010911465,True,1.2557607889,True,0.0073321308,True,1.1175681625,True
2023-05-02,1.0000000000,True,1.0969241858,True,1.2485953569,True,0.0072716169,True,1.1162334191,True
2023-05-03,1.0000000000,True,1.1010911465,True,1.2476606369,True,0.0073278324,True,1.1207621164,True
2023-05-04,1.0000000000,True,1.1068925858,True,1.2568972111,True,0.0074325124,True,1.1319644232,True
2023-05-05,1.0000000000,True,1.1022927761,True,1.2583364248,True,0.0074527310,True,1.1296881759,True
2023-05-06,1.0000000000,True,1.1022927761,False,1.2583364248,False,0.0074527310,False,1.1296881759,False
2023-05-07,1.0000000000,True,1.1022927761,False,1.2583364248,False,0.0074527310,False,1.1296881759,False
2023-05-08,1.0000000000,True,1.1018676758,True,1.2630568743,True,0.0073965041,True,1.1221203273,True
2023-05-09,1.0000000000,True,1.0996140242,True,1.2612725496,True,0.0074034042,True,1.1237091610,True
2023-05-10,1.0000000000,True,1.0964671373,True,1.2624667883,True,0.0073916389,True,1.1233935167,True
2023-05-11,1.0000000000,True,1.0984061956,True,1.2626996040,True,0.0074578442,True,1.1244926041,True
2023-05-12,1.0000000000,True,1.0912145376,True,1.2508130074,True,0.0074350547,True,1.1185682404,True
2023-05-13,1.0000000000,True,1.0912145376,False,1.2508130074,False,0.0074350547,False,1.1185682404,False
2023-05-14,1.0000000000,True,1.0912145376,False,1.2508130074,False,0.0074350547,False,1.1185682404,False
2023-05-15,1.0000000000,True,1.0852696896,True,1.2450973988,True,0.0073625772,True,1.1131147405,True
2023-05-16,1.0000000000,True,1.0873701572,True,1.2525207996,True,0.0073505091,True,1.1167444546,True
2023-05-17,1.0000000000,True,1.0865668058,True,1.2484394312,True,0.0073297666,True,1.1156356009,True
2023-05-18,1.0000000000,True,1.0838346481,True,1.2482805252,True,0.0072667026,True,1.1126663465,True
2023-05-19,1.0000000000,True,1.0775396824,True,1.2412338257,True,0.0072139665,True,1.1051311560,True
2023-05-20,1.0000000000,True,1.0775396824,False,1.2412338257,False,0.0072139665,False,1.1051311560,False
2023-05-21,1.0000000000,True,1.0775396824,False,1.2412338257,False,0.0072139665,False,1.1051311560,False
2023-05-22,1.0000000000,True,1.0822745562,True,1.2461059093,True,0.0072625860,True,1.1133501554,True
2023-05-23,1.0000000000,True,1.0811045170,True,1.2434408665,True,0.0072112613,True,1.1132138582,True
2023-05-24,1.0000000000,True,1.0769711733,True,1.2417269945,True,0.0072151110,True,1.1094961450,True
2023-05-25,1.0000000000,True,1.0757315159,True,1.2371032238,True,0.0071796268,True,1.1061947095,True
2023-05-26,1.0000000000,True,1.0724436045,True,1.2318304777,True,0.0071419900,True,1.1049113557,True
2023-05-27,1.0000000000,True,1.0724436045,False,1.2318304777,False,0.0071419900,False,1.1049113557,False
2023-05-28,1.0000000000,True,1.0724436045,False,1.2318304777,False,0.0071419900,False,1.1049113557,False
2023-05-29,1.0000000000,True,1.0723055601,True,1.2346898317,True,0.0070986930,True,1.1041305349,True
2023-05-30,1.0000000000,True,1.0707669258,True,1.2349338531,True,0.0071204281,True,1.1056320741,True
2023-05-31,1.0000000000,True,1.0733069181,True,1.2411875725,True,0.0071534848,True,1.1039964856,True
2023-06-01,1.0000000000,True,1.0695186853,True,1.2446944714,True,0.0071876775,True,1.0990339539,True
2023-06-02,1.0000000000,True,1.0760787725,True,1.2525991201,True,0.0072073110,True,1.1042524790,True
2023-06-03,1.0000000000,True,1.0760787725,False,1.2525991201,False,0.0072073110,False,1.1042524790,False
2023-06-04,1.0000000000,True,1.0760787725,False,1.2525991201,False,0.0072073110,False,1.1042524790,False
2023-06-05,1.0000000000,True,1.0698620081,True,1.2430236340,True,0.0071323115,True,1.0992393220,True
2023-06-06,1.0000000000,True,1.0711798668,True,1.2433171272,True,0.0071744763,True,1.1038745980,True
2023-06-07,1.0000000000,True,1.0698047876,True,1.2428536415,True,0.0071670720,True,1.1023778254,True
2023-06-08,1.0000000000,True,1.0707440376,True,1.2445859909,True,0.0071480138,True,1.0994568712,True
2023-06-09,1.0000000000,True,1.0782717466,True,1.2559500933,True,0.0072013420,True,1.1127183724,True
2023-06-10,1.0000000000,True,1.0782717466,False,1.2559500933,False,0.0072013420,False,1.1127183724,False
2023-06-11,1.0000000000,True,1.0782717466,False,1.2559500933,False,0.0072013420,False,1.1127183724,False
2023-06-12,1.0000000000,True,1.0750954151,True,1.2580990791,True,0.0071750937,True,1.1071745266,True
2023-06-13,1.0000000000,True,1.0762988329,True,1.2515331507,True,0.0071705145,True,1.1009578545,True
2023-06-14,1.0000000000,True,1.0789349079,True,1.2606843710,True,0.0071338378,True,1.1046549840,True
2023-06-15,1.0000000000,True,1.0843046904,True,1.2670898438,True,0.0071440305,True,1.1110123234,True
2023-06-16,1.0000000000,True,1.0945948362,True,1.2785761356,True,0.0071292095,True,1.1215288587,True
2023-06-17,1.0000000000,True,1.0945948362,False,1.2785761356,False,0.0071292095,False,1.1215288587,False
2023-06-18,1.0000000000,True,1.0945948362,False,1.2785761356,False,0.0071292095,False,1.1215288587,False
2023-06-19,1.0000000000,True,1.0942115784,True,1.2830382586,True,0.0070488554,True,1.1183180159,True
2023-06-20,1.0000000000,True,1.0924304724,True,1.2794759274,True,0.0070472659,True,1.1163454977,True
2023-06-21,1.0000000000,True,1.0920368433,True,1.2765359879,True,0.0070753879,True,1.1139951567,True
2023-06-22,1.0000000000,True,1.0992635489,True,1.2772045135,True,0.0070577605,True,1.1206993042,True
2023-06-23,1.0000000000,True,1.0958904028,True,1.2747135162,True,0.0069915403,True,1.1174682679,True
2023-06-24,1.0000000000,True,1.0958904028,False,1.2747135162,False,0.0069915403,False,1.1174682679,False
2023-06-25,1.0000000000,True,1.0958904028,False,1.2747135162,False,0.0069915403,False,1.1174682679,False
2023-06-26,1.0000000000,True,1.0906671286,True,1.2729610205,True,0.0069666506,True,1.1163454977,True
2023-06-27,1.0000000000,True,1.0910480022,True,1.2711971998,True,0.0069705838,True,1.1165574615,True
2023-06-28,1.0000000000,True,1.0957223177,True,1.2744698524,True,0.0069501395,True,1.1188811040,True
2023-06-29,1.0000000000,True,1.0915838480,True,1.2642544508,True,0.0069257350,True,1.1152499645,True
2023-06-30,1.0000000000,True,1.0868029594,True,1.2614636421,True,0.0069070314,True,1.1121738546,True
2023-07-01,1.0000000000,True,1.0868029594,False,1.2614636421,False,0.0069070314,False,1.1121738546,False
2023-07-02,1.0000000000,True,1.0868029594,False,1.2614636421,False,0.0069070314,False,1.1121738546,False
2023-07-03,1.0000000000,True,1.0907504559,True,1.2693254948,True,0.0069253039,True,1.1173184596,True
2023-07-04,1.0000000000,True,1.0913099051,True,1.2692931890,True,0.0069163946,True,1.1163206142,True
2023-07-05,1.0000000000,True,1.0884946585,True,1.2717629671,True,0.0069249197,True,1.1152748003,True
2023-07-06,1.0000000000,True,1.0856584311,True,1.2704542875,True,0.0069209422,True,1.1129412901,True
2023-07-07,1.0000000000,True,1.0890636444,True,1.2742749453,True,0.0069468081,True,1.1169689885,True
2023-07-08,1.0000000000,True,1.0890636444,False,1.2742749453,False,0.0069468081,False,1.1169689885,False
2023-07-09,1.0000000000,True,1.0890636444,False,1.2742749453,False,0.0069468081,False,1.1169689885,False
2023-07-10,1.0000000000,True,1.0969723463,True,1.2838947773,True,0.0070319038,True,1.1249859605,True
2023-07-11,1.0000000000,True,1.1005944014,True,1.2864713669,True,0.0070772912,True,1.1297775619,True
2023-07-12,1.0000000000,True,1.1014064550,True,1.2934770584,True,0.0071368420,True,1.1379671611,True
2023-07-13,1.0000000000,True,1.1144545078,True,1.2996295691,True,0.0072298737,True,1.1539216151,True
2023-07-14,1.0000000000,True,1.1223469973,True,1.3128528595,True,0.0072424409,True,1.1639817334,True
2023-07-15,1.0000000000,True,1.1223469973,False,1.3128528595,False,0.0072424409,False,1.1639817334,False
2023-07-16,1.0000000000,True,1.1223469973,False,1.3128528595,False,0.0072424409,False,1.1639817334,False
2023-07-17,1.0000000000,True,1.1227755547,True,1.3090204000,True,0.0072107408,True,1.1602274423,True
2023-07-18,1.0000000000,True,1.1237596273,True,1.3071724176,True,0.0072082980,True,1.1623176442,True
2023-07-19,1.0000000000,True,1.1228890419,True,1.3035089970,True,0.0071928478,True,1.1659768216,True
2023-07-20,1.0000000000,True,1.1205234528,True,1.2939791679,True,0.0071634260,True,1.1655691269,True
2023-07-21,1.0000000000,True,1.1137098074,True,1.2872332335,True,0.0071498027,True,1.1543878386,True
2023-07-22,1.0000000000,True,1.1137098074,False,1.2872332335,False,0.0071498027,False,1.1543878386,False
2023-07-23,1.0000000000,True,1.1137098074,False,1.2872332335,False,0.0071498027,False,1.1543878386,False
2023-07-24,1.0000000000,True,1.1125326157,True,1.2853471041,True,0.0070546737,True,1.1544144482,True
2023-07-25,1.0000000000,True,1.1063170433,True,1.2812627554,True,0.0070660390,True,1.1495706689,True
2023-07-26,1.0000000000,True,1.1050456762,True,1.2893908024,True,0.0070965776,True,1.1566978229,True
2023-07-27,1.0000000000,True,1.1078368425,True,1.2927246094,True,0.0071241814,True,1.1607121867,True
2023-07-28,1.0000000000,True,1.0978755951,True,1.2793776989,True,0.0072012906,True,1.1509466632,True
2023-07-29,1.0000000000,True,1.0978755951,False,1.2793776989,False,0.0072012906,False,1.1509466632,False
2023-07-30,1.0000000000,True,1.0978755951,False,1.2793776989,False,0.0072012906,False,1.1509466632,False
2023-07-31,1.0000000000,True,1.1024264097,True,1.2853965759,True,0.0071043922,True,1.1496631504,True
2023-08-01,1.0000000000,True,1.0997591019,True,1.2834005356,True,0.0070262713,True,1.1472494950,True
2023-08-02,1.0000000000,True,1.1007881165,True,1.2795741558,True,0.0069944743,True,1.1462894371,True
2023-08-03,1.0000000000,True,1.0944151878,True,1.2720379829,True,0.0069762253,True,1.1398479729,True
2023-08-04,1.0000000000,True,1.0951583385,True,1.2716336250,True,0.0070127207,True,1.1438768095,True
2023-08-05,1.0000000000,True,1.0951583385,False,1.2716336250,False,0.0070127207,False,1.1438768095,False
2023-08-06,1.0000000000,True,1.0951583385,False,1.2716336250,False,0.0070127207,False,1.1438768095,False
2023-08-07,1.0000000000,True,1.1002674103,True,1.2747948170,True,0.0070484081,True,1.1439684551,True
2023-08-08,1.0000000000,True,1.1003158092,True,1.2782002687,True,0.0070163621,True,1.1458691733,True
2023-08-09,1.0000000000,True,1.0958904028,True,1.2741613388,True,0.0069794386,True,1.1420740320,True
2023-08-10,1.0000000000,True,1.0977671146,True,1.2720056772,True,0.0069576347,True,1.1406410610,True
2023-08-11,1.0000000000,True,1.0981649160,True,1.2670094967,True,0.0069035027,True,1.1405239735,True
2023-08-12,1.0000000000,True,1.0981649160,False,1.2670094967,False,0.0069035027,False,1.1405239735,False
2023-08-13,1.0000000000,True,1.0981649160,False,1.2670094967,False,0.0069035027,False,1.1405239735,False
2023-08-14,1.0000000000,True,1.0944391489,True,1.2695027590,True,0.0069052666,True,1.1407451417,True
2023-08-15,1.0000000000,True,1.0909883976,True,1.2685203552,True,0.0068758296,True,1.1389781169,True
2023-08-16,1.0000000000,True,1.0904173851,True,1.2701315880,True,0.0068677544,True,1.1381484232,True
2023-08-17,1.0000000000,True,1.0874884129,True,1.2728151083,True,0.0068337289,True,1.1361828716,True
2023-08-18,1.0000000000,True,1.0874648094,True,1.2750222683,True,0.0068627583,True,1.1386409321,True
2023-08-19,1.0000000000,True,1.0874648094,False,1.2750222683,False,0.0068627583,False,1.1386409321,False
2023-08-20,1.0000000000,True,1.0874648094,False,1.2750222683,False,0.0068627583,False,1.1386409321,False
2023-08-21,1.0000000000,True,1.0875594616,True,1.2741937637,True,0.0068820760,True,1.1334399043,True
2023-08-22,1.0000000000,True,1.0898351669,True,1.2760798931,True,0.0068381676,True,1.1383531458,True
2023-08-23,1.0000000000,True,1.0846692324,True,1.2731555700,True,0.0068604515,True,1.1366219316,True
2023-08-24,1.0000000000,True,1.0865786076,True,1.2720541954,True,0.0069121396,True,1.1397180408,True
2023-08-25,1.0000000000,True,1.0799136162,True,1.2592872381,True,0.0068461733,True,1.1298158310,True
2023-08-26,1.0000000000,True,1.0799136162,False,1.2592872381,False,0.0068461733,False,1.1298158310,False
2023-08-27,1.0000000000,True,1.0799136162,False,1.2592872381,False,0.0068461733,False,1.1298158310,False
2023-08-28,1.0000000000,True,1.0797386169,True,1.2589701414,True,0.0068244942,True,1.1302883603,True
2023-08-29,1.0000000000,True,1.0825556517,True,1.2611136436,True,0.0068276161,True,1.1318619385,True
2023-08-30,1.0000000000,True,1.0869210958,True,1.2636793852,True,0.0068498778,True,1.1377081833,True
2023-08-31,1.0000000000,True,1.0932546854,True,1.2711794376,True,0.0068446739,True,1.1388094995,True
2023-09-01,1.0000000000,True,1.0844104290,True,1.2672826052,True,0.0068741275,True,1.1322463899,True
2023-09-02,1.0000000000,True,1.0844104290,False,1.2672826052,False,0.0068741275,False,1.1322463899,False
2023-09-03,1.0000000000,True,1.0844104290,False,1.2672826052,False,0.0068741275,False,1.1322463899,False
2023-09-04,1.0000000000,True,1.0775862932,True,1.2591445446,True,0.0068466417,True,1.1295733261,True
2023-09-05,1.0000000000,True,1.0794472694,True,1.2623074055,True,0.0068239357,True,1.1302372673,True
2023-09-06,1.0000000000,True,1.0726161003,True,1.2570552826,True,0.0067809945,True,1.1243661490,True
2023-09-07,1.0000000000,True,1.0724204779,True,1.2498750687,True,0.0067700682,True,1.1218811894,True
2023-09-08,1.0000000000,True,1.0697818995,True,1.2475050688,True,0.0067874381,True,1.1202348316,True
2023-09-09,1.0000000000,True,1.0697818995,False,1.2475050688,False,0.0067874381,False,1.1202348316,False
2023-09-10,1.0000000000,True,1.0697818995,False,1.2475050688,False,0.0067874381,False,1.1202348316,False
2023-09-11,1.0000000000,True,1.0718113184,True,1.2489992380,True,0.0067974955,True,1.1210762086,True
2023-09-12,1.0000000000,True,1.0750375986,True,1.2508755922,True,0.0068176553,True,1.1220699701,True
2023-09-13,1.0000000000,True,1.0753266811,True,1.2491724491,True,0.0067954170,True,1.1218433809,True
2023-09-14,1.0000000000,True,1.0734220743,True,1.2489539385,True,0.0067867472,True,1.1195701098,True
2023-09-15,1.0000000000,True,1.0637166500,True,1.2401869297,True,0.0067804887,True,1.1155734361,True
2023-09-16,1.0000000000,True,1.0637166500,False,1.2401869297,False,0.0067804887,False,1.1155734361,False
2023-09-17,1.0000000000,True,1.0637166500,False,1.2401869297,False,0.0067804887,False,1.1155734361,False
2023-09-18,1.0000000000,True,1.0668259859,True,1.2397565842,True,0.0067627886,True,1.1149763985,True
2023-09-19,1.0000000000,True,1.0692671537,True,1.2383747101,True,0.0067748384,True,1.1145165826,True
2023-09-20,1.0000000000,True,1.0682048798,True,1.2393569946,True,0.0067685558,True,1.1144420316,True
2023-09-21,1.0000000000,True,1.0653030872,True,1.2328935862,True,0.0067421337,True,1.1120996166,True
2023-09-22,1.0000000000,True,1.0661548376,True,1.2294225693,True,0.0067730488,True,1.1056198334,True
2023-09-23,1.0000000000,True,1.0661548376,False,1.2294225693,False,0.0067730488,False,1.1056198334,False
2023-09-24,1.0000000000,True,1.0661548376,False,1.2294225693,False,0.0067730488,False,1.1056198334,False
2023-09-25,1.0000000000,True,1.0648492575,True,1.2241849899,True,0.0067370007,True,1.1024142607,True
2023-09-26,1.0000000000,True,1.0591648817,True,1.2213143110,True,0.0067199331,True,1.0963950652,True
2023-09-27,1.0000000000,True,1.0569483042,True,1.2146830559,True,0.0067093832,True,1.0919891905,True
2023-09-28,1.0000000000,True,1.0505305529,True,1.2135332823,True,0.0066890526,True,1.0859885780,True
2023-09-29,1.0000000000,True,1.0562450886,True,1.2204796076,True,0.0066962639,True,1.0931829191,True
2023-09-30,1.0000000000,True,1.0562450886,False,1.2204796076,False,0.0066962639,False,1.0931829191,False
2023-10-01,1.0000000000,True,1.0562450886,False,1.2204796076,False,0.0066962639,False,1.0931829191,False
2023-10-02,1.0000000000,True,1.0565240383,True,1.2193039656,True,0.0066871743,True,1.0923231318,True
2023-10-03,1.0000000000,True,1.0480751991,True,1.2091168165,True,0.0066732956,True,1.0894432638,True
2023-10-04,1.0000000000,True,1.0472300053,True,1.2078461647,True,0.0067027722,True,1.0858116718,True
2023-10-05,1.0000000000,True,1.0507071018,True,1.2137395144,True,0.0067129411,True,1.0909765301,True
2023-10-06,1.0000000000,True,1.0546631813,True,1.2187690735,True,0.0067356851,True,1.0957823016,True
2023-10-07,1.0000000000,True,1.0546631813,False,1.2187690735,False,0.0067356851,False,1.0957823016,False
2023-10-08,1.0000000000,True,1.0546631813,False,1.2187690735,False,0.0067356851,False,1.0957823016,False
2023-10-09,1.0000000000,True,1.0567473173,True,1.2220904827,True,0.0067042101,True,1.1004732164,True
2023-10-10,1.0000000000,True,1.0578875542,True,1.2250398397,True,0.0067418611,True,1.1051677736,True
2023-10-11,1.0000000000,True,1.0604791641,True,1.2291355133,True,0.0067282071,True,1.1055220633,True
2023-10-12,1.0000000000,True,1.0624282360,True,1.2316333055,True,0.0067097884,True,1.1098902204,True
2023-10-13,1.0000000000,True,1.0536741018,True,1.2183235884,True,0.0066760134,True,1.1015399694,True
2023-10-14,1.0000000000,True,1.0536741018,False,1.2183235884,False,0.0066760134,False,1.1015399694,False
2023-10-15,1.0000000000,True,1.0536741018,False,1.2183235884,False,0.0066760134,False,1.1015399694,False
2023-10-16,1.0000000000,True,1.0521553755,True,1.2153768539,True,0.0066860118,True,1.1080454942,True
2023-10-17,1.0000000000,True,1.0554312468,True,1.2211503983,True,0.0066854750,True,1.1105311444,True
2023-10-18,1.0000000000,True,1.0573059320,True,1.2178784609,True,0.0066773949,True,1.1109753174,True
2023-10-19,1.0000000000,True,1.0538518429,True,1.2143437862,True,0.0066781529,True,1.1128793514,True
2023-10-20,1.0000000000,True,1.0586491823,True,1.2137248516,True,0.0066754782,True,1.1213402601,True
2023-10-21,1.0000000000,True,1.0586491823,False,1.2137248516,False,0.0066754782,False,1.1213402601,False
2023-10-22,1.0000000000,True,1.0586491823,False,1.2137248516,False,0.0066754782,False,1.1213402601,False
2023-10-23,1.0000000000,True,1.0589966774,True,1.2163970470,True,0.0066720041,True,1.1195701098,True
2023-10-24,1.0000000000,True,1.0669853687,True,1.2250248194,True,0.0066769493,True,1.1228385035,True
2023-10-25,1.0000000000,True,1.0595352650,True,1.2161899805,True,0.0066731617,True,1.1197455580,True
2023-10-26,1.0000000000,True,1.0567250252,True,1.2103459835,True,0.0066623136,True,1.1152001478,True
2023-10-27,1.0000000000,True,1.0564459562,True,1.2137100697,True,0.0066504397,True,1.1125574400,True
2023-10-28,1.0000000000,True,1.0564459562,False,1.2137100697,False,0.0066504397,False,1.1125574400,False
2023-10-29,1.0000000000,True,1.0564459562,False,1.2137100697,False,0.0066504397,False,1.1125574400,False
2023-10-30,1.0000000000,True,1.0562450886,True,1.2113723755,True,0.0066785544,True,1.1081560078,True
2023-10-31,1.0000000000,True,1.0615035295,True,1.2165746689,True,0.0067064137,True,1.1085737431,True
2023-11-01,1.0000000000,True,1.0579099655,True,1.2152144909,True,0.0066096472,True,1.0991426771,True
2023-11-02,1.0000000000,True,1.0587052107,True,1.2182197571,True,0.0066412088,True,1.1043012497,True
2023-11-03,1.0000000000,True,1.0619093180,True,1.2191851139,True,0.0066446510,True,1.1036309761,True
2023-11-04,1.0000000000,True,1.0619093180,False,1.2191851139,False,0.0066446510,False,1.1036309761,False
2023-11-05,1.0000000000,True,1.0619093180,False,1.2191851139,False,0.0066446510,False,1.1036309761,False
2023-11-06,1.0000000000,True,1.0732147694,True,1.2373787165,True,0.0066912456,True,1.1120873060,True
2023-11-07,1.0000000000,True,1.0721560717,True,1.2345526218,True,0.0066671557,True,1.1120996166,True
2023-11-08,1.0000000000,True,1.0696102381,True,1.2291808128,True,0.0066491132,True,1.1111481555,True
2023-11-09,1.0000000000,True,1.0710422993,True,1.2285012007,True,0.0066284867,True,1.1122481025,True
2023-11-10,1.0000000000,True,1.0667576790,True,1.2217023373,True,0.0066072455,True,1.1072357589,True
2023-11-11,1.0000000000,True,1.0667576790,False,1.2217023373,False,0.0066072455,False,1.1072357589,False
2023-11-12,1.0000000000,True,1.0667576790,False,1.2217023373,False,0.0066072455,False,1.1072357589,False
2023-11-13,1.0000000000,True,1.0690156221,True,1.2228227854,True,0.0066020112,True,1.1086720537,True
2023-11-14,1.0000000000,True,1.0701825619,True,1.2280637026,True,0.0065943053,True,1.1096316067,True
2023-11-15,1.0000000000,True,1.0878314972,True,1.2494533062,True,0.0066451806,True,1.1247328568,True
2023-11-16,1.0000000000,True,1.0854581594,True,1.2422360182,True,0.0066131007,True,1.1272940259,True
2023-11-17,1.0000000000,True,1.0853756666,True,1.2414957285,True,0.0066354798,True,1.1255177285,True
2023-11-18,1.0000000000,True,1.0853756666,False,1.2414957285,False,0.0066354798,False,1.1255177285,False
2023-11-19,1.0000000000,True,1.0853756666,False,1.2414957285,False,0.0066354798,False,1.1255177285,False
2023-11-20,1.0000000000,True,1.0907027721,True,1.2454540730,True,0.0066692454,True,1.1287573488,True
2023-11-21,1.0000000000,True,1.0945948362,True,1.2509069443,True,0.0067402704,True,1.1307612088,True
2023-11-22,1.0000000000,True,1.0918222666,True,1.2544218302,True,0.0067498248,True,1.1322719885,True
2023-11-23,1.0000000000,True,1.0890873671,True,1.2490007877,True,0.0066907531,True,1.1311833507,True
2023-11-24,1.0000000000,True,1.0906314850,True,1.2533526421,True,0.0066829287,True,1.1306206156,True
2023-11-25,1.0000000000,True,1.0906314850,False,1.2533526421,False,0.0066829287,False,1.1306206156,False
2023-11-26,1.0000000000,True,1.0906314850,False,1.2533526421,False,0.0066829287,False,1.1306206156,False
2023-11-27,1.0000000000,True,1.0940439701,True,1.2600330114,True,0.0066857881,True,1.1334655569,True
2023-11-28,1.0000000000,True,1.0958423615,True,1.2634397745,True,0.0067361843,True,1.1363636425,True
2023-11-29,1.0000000000,True,1.1005944014,True,1.2712295055,True,0.0067998067,True,1.1403808648,True
2023-11-30,1.0000000000,True,1.0973695517,True,1.2696397305,True,0.0068009167,True,1.1450556714,True
2023-12-01,1.0000000000,True,1.0892059803,True,1.2631685734,True,0.0067568027,True,1.1433013774,True
2023-12-02,1.0000000000,True,1.0892059803,False,1.2631685734,False,0.0067568027,False,1.1433013774,False
2023-12-03,1.0000000000,True,1.0892059803,False,1.2631685734,False,0.0067568027,False,1.1433013774,False
2023-12-04,1.0000000000,True,1.0888146162,True,1.2713103294,True,0.0068309275,True,1.1522728507,True
2023-12-05,1.0000000000,True,1.0837758780,True,1.2634079456,True,0.0067876223,True,1.1461186482,True
2023-12-06,1.0000000000,True,1.0793657303,True,1.2594457865,True,0.0067941707,True,1.1429407609,True
2023-12-07,1.0000000000,True,1.0766696930,True,1.2558711767,True,0.0067942165,True,1.1433275562,True
2023-12-08,1.0000000000,True,1.0792143345,True,1.2589544058,True,0.0069310636,True,1.1422827359,True
2023-12-09,1.0000000000,True,1.0792143345,False,1.2589544058,False,0.0069310636,False,1.1422827359,False
2023-12-10,1.0000000000,True,1.0792143345,False,1.2589544058,False,0.0069310636,False,1.1422827359,False
2023-12-11,1.0000000000,True,1.0765769482,True,1.2554770708,True,0.0068973603,True,1.1368545306,True
2023-12-12,1.0000000000,True,1.0766580105,True,1.2554612160,True,0.0068453295,True,1.1388224861,True
2023-12-13,1.0000000000,True,1.0798670053,True,1.2570710182,True,0.0068832600,True,1.1426873751,True
2023-12-14,1.0000000000,True,1.0886130333,True,1.2622915506,True,0.0070041257,True,1.1481451573,True
2023-12-15,1.0000000000,True,1.0993602276,True,1.2771391869,True,0.0070284438,True,1.1532296441,True
2023-12-16,1.0000000000,True,1.0993602276,False,1.2771391869,False,0.0070284438,False,1.1532296441,False
2023-12-17,1.0000000000,True,1.0993602276,False,1.2771391869,False,0.0070284438,False,1.1532296441,False
2023-12-18,1.0000000000,True,1.0895264149,True,1.2672343254,True,0.0070267648,True,1.1486172612,True
2023-12-19,1.0000000000,True,1.0923827887,True,1.2651821375,True,0.0070066283,True,1.1532562004,True
2023-12-20,1.0000000000,True,1.0981045961,True,1.2732689381,True,0.0069498012,True,1.1623852084,True
2023-12-21,1.0000000000,True,1.0945708752,True,1.2641266584,True,0.0069675246,True,1.1594740394,True
2023-12-22,1.0000000000,True,1.1006186008,True,1.2684994936,True,0.0070387833,True,1.1678559125,True
2023-12-23,1.0000000000,True,1.1006186008,False,1.2684994936,False,0.0070387833,False,1.1678559125,False
2023-12-24,1.0000000000,True,1.1006186008,False,1.2684994936,False,0.0070387833,False,1.1678559125,False
2023-12-25,1.0000000000,True,1.1026574373,True,1.2677003145,True,0.0070253336,True,1.1694949021,True
2023-12-26,1.0000000000,True,1.1020255089,True,1.2704865932,True,0.0070308657,True,1.1685792267,True
2023-12-27,1.0000000000,True,1.1043012142,True,1.2727180719,True,0.0070194650,True,1.1715363555,True
2023-12-28,1.0000000000,True,1.1108642817,True,1.2800819874,True,0.0070721857,True,1.1871832002,True
2023-12-29,1.0000000000,True,1.1068191528,True,1.2733986378,True,0.0070706360,True,1.1857332479,True
2023-12-30,1.0000000000,True,1.1068191528,False,1.2733986378,False,0.0070706360,False,1.1857332479,False
2023-12-31,1.0000000000,True,1.1068191528,False,1.2733986378,False,0.0070706360,False,1.1857332479,False
2024-01-01,1.0000000000,True,1.1055831909,True,1.2729998827,True,0.0070946140,True,1.1894015105,True
2024-01-02,1.0000000000,True,1.1038745642,True,1.2728800774,True,0.0070858662,True,1.1878036641,True
2024-01-03,1.0000000000,True,1.0941756964,True,1.2623074055,True,0.0070345750,True,1.1763045107,True
2024-01-04,1.0000000000,True,1.0927767754,True,1.2674272060,True,0.0069930562,True,1.1779950245,True
2024-01-05,1.0000000000,True,1.0947387218,True,1.2684078217,True,0.0069077471,True,1.1764705552,True
2024-01-06,1.0000000000,True,1.0947387218,False,1.2684078217,False,0.0069077471,False,1.1764705552,False
2024-01-07,1.0000000000,True,1.0947387218,False,1.2684078217,False,0.0069077471,False,1.1764705552,False
2024-01-08,1.0000000000,True,1.0942236185,True,1.2717791796,True,0.0069100858,True,1.1754610719,True
2024-01-09,1.0000000000,True,1.0951702595,True,1.2745186090,True,0.0069333705,True,1.1793843984,True
2024-01-10,1.0000000000,True,1.0932426453,True,1.2712942362,True,0.0069238655,True,1.1731993995,True
2024-01-11,1.0000000000,True,1.0975141525,True,1.2745186090,True,0.0068618170,True,1.1757789707,True
2024-01-12,1.0000000000,True,1.0981649160,True,1.2777756453,True,0.0068943643,True,1.1750742896,True
2024-01-13,1.0000000000,True,1.0981649160,False,1.2777756453,False,0.0068943643,False,1.1750742896,False
2024-01-14,1.0000000000,True,1.0981649160,False,1.2777756453,False,0.0068943643,False,1.1750742896,False
2024-01-15,1.0000000000,True,1.0945708752,True,1.2736582756,True,0.0068894721,True,1.1718933073,True
2024-01-16,1.0000000000,True,1.0945708752,True,1.2716174126,True,0.0068589925,True,1.1682516233,True
2024-01-17,1.0000000000,True,1.0878789425,True,1.2638549805,True,0.0067913559,True,1.1610356551,True
2024-01-18,1.0000000000,True,1.0885775089,True,1.2676842213,True,0.0067513741,True,1.1569762105,True
2024-01-19,1.0000000000,True,1.0879143476,True,1.2709871531,True,0.0067509179,True,1.1519675341,True
2024-01-20,1.0000000000,True,1.0879143476,False,1.2709871531,False,0.0067509179,False,1.1519675341,False
2024-01-21,1.0000000000,True,1.0879143476,False,1.2709871531,False,0.0067509179,False,1.1519675341,False
2024-01-22,1.0000000000,True,1.0892297029,True,1.2699863911,True,0.0067512371,True,1.1514369579,True
2024-01-23,1.0000000000,True,1.0880209208,True,1.2706964016,True,0.0067502802,True,1.1505890992,True
2024-01-24,1.0000000000,True,1.0857881308,True,1.2691966295,True,0.0067453167,True,1.1499540045,True
2024-01-25,1.0000000000,True,1.0881748199,True,1.2718763351,True,0.0067754807,True,1.1587216944,True
2024-01-26,1.0000000000,True,1.0847046375,True,1.2708257437,True,0.0067694262,True,1.1535355509,True
2024-01-27,1.0000000000,True,1.0847046375,False,1.2708257437,False,0.0067694262,False,1.1535355509,False
2024-01-28,1.0000000000,True,1.0847046375,False,1.2708257437,False,0.0067694262,False,1.1535355509,False
2024-01-29,1.0000000000,True,1.0843517780,True,1.2697607279,True,0.0067503713,True,1.1572199296,True
2024-01-30,1.0000000000,True,1.0834470987,True,1.2713264227,True,0.0067811321,True,1.1610086590,True
2024-01-31,1.0000000000,True,1.0843399763,True,1.2695511580,True,0.0067856875,True,1.1602812828,True
2024-02-01,1.0000000000,True,1.0803920031,True,1.2678449154,True,0.0068029061,True,1.1596354463,True
2024-02-02,1.0000000000,True,1.0874648094,True,1.2747298479,True,0.0068282222,True,1.1660175824,True
2024-02-03,1.0000000000,True,1.0874648094,False,1.2747298479,False,0.0068282222,False,1.1660175824,False
2024-02-04,1.0000000000,True,1.0874648094,False,1.2747298479,False,0.0068282222,False,1.1660175824,False
2024-02-05,1.0000000000,True,1.0780043602,True,1.2621959448,True,0.0067339611,True,1.1534291233,True
2024-02-06,1.0000000000,True,1.0741831064,True,1.2534469366,True,0.0067276642,True,1.1485012037,True
2024-02-07,1.0000000000,True,1.0757199526,True,1.2606525421,True,0.0067650763,True,1.1500862811,True
2024-02-08,1.0000000000,True,1.0775746107,True,1.2627378702,True,0.0067528329,True,1.1442825791,True
2024-02-09,1.0000000000,True,1.0777255297,True,1.2620525360,True,0.0066997634,True,1.1448852499,True
2024-02-10,1.0000000000,True,1.0777255297,False,1.2620525360,False,0.0066997634,False,1.1448852499,False
2024-02-11,1.0000000000,True,1.0777255297,False,1.2620525360,False,0.0066997634,False,1.1448852499,False
2024-02-12,1.0000000000,True,1.0798202753,True,1.2637271881,True,0.0067038953,True,1.1439553508,True
2024-02-13,1.0000000000,True,1.0772264004,True,1.2627538443,True,0.0066932165,True,1.1418131817,True
2024-02-14,1.0000000000,True,1.0708931684,True,1.2590652704,True,0.0066346435,True,1.1268748570,True
2024-02-15,1.0000000000,True,1.0732147694,True,1.2568340302,True,0.0066425760,True,1.1298158310,True
2024-02-16,1.0000000000,True,1.0773887634,True,1.2599219084,True,0.0066690676,True,1.1366219316,True
2024-02-17,1.0000000000,True,1.0773887634,False,1.2599219084,False,0.0066690676,False,1.1366219316,False
2024-02-18,1.0000000000,True,1.0773887634,False,1.2599219084,False,0.0066690676,False,1.1366219316,False
2024-02-19,1.0000000000,True,1.0784927607,True,1.2611136436,True,0.0066626245,True,1.1355249172,True
2024-02-20,1.0000000000,True,1.0775396824,True,1.2587641478,True,0.0066546880,True,1.1328274197,True
2024-02-21,1.0000000000,True,1.0813149214,True,1.2627378702,True,0.0066693791,True,1.1340311283,True
2024-02-22,1.0000000000,True,1.0820403099,True,1.2638070583,True,0.0066509263,True,1.1373329672,True
2024-02-23,1.0000000000,True,1.0825674534,True,1.2663677931,True,0.0066452688,True,1.1364282230,True
2024-02-24,1.0000000000,True,1.0825674534,False,1.2663677931,False,0.0066452688,False,1.1364282230,False
2024-02-25,1.0000000000,True,1.0825674534,False,1.2663677931,False,0.0066452688,False,1.1364282230,False
2024-02-26,1.0000000000,True,1.0820051432,True,1.2672665119,True,0.0066446065,True,1.1347517423,True
2024-02-27,1.0000000000,True,1.0850930214,True,1.2684559822,True,0.0066416059,True,1.1364928109,True
2024-02-28,1.0000000000,True,1.0844811201,True,1.2681664228,True,0.0066447392,True,1.1379153716,True
2024-02-29,1.0000000000,True,1.0838816166,True,1.2663036585,True,0.0066376378,True,1.1380319240,True
2024-03-01,1.0000000000,True,1.0804970264,True,1.2625465393,True,0.0066624471,True,1.1307100730,True
2024-03-02,1.0000000000,True,1.0804970264,False,1.2625465393,False,0.0066624471,False,1.1307100730,False
2024-03-03,1.0000000000,True,1.0804970264,False,1.2625465393,False,0.0066624471,False,1.1307100730,False
2024-03-04,1.0000000000,True,1.0842694044,True,1.2660310268,True,0.0066620035,True,1.1320669264,True
2024-03-05,1.0000000000,True,1.0855170488,True,1.2691966295,True,0.0066460195,True,1.1296881759,True
2024-03-06,1.0000000000,True,1.0855995417,True,1.2704865932,True,0.0066644898,True,1.1317593961,True
2024-03-07,1.0000000000,True,1.0899538994,True,1.2735446692,True,0.0066993148,True,1.1336583333,True
2024-03-08,1.0000000000,True,1.0950144529,True,1.2815583944,True,0.0067627886,True,1.1401208647,True
2024-03-09,1.0000000000,True,1.0950144529,False,1.2815583944,False,0.0067627886,False,1.1401208647,False
2024-03-10,1.0000000000,True,1.0950144529,False,1.2815583944,False,0.0067627886,False,1.1401208647,False
2024-03-11,1.0000000000,True,1.0942955017,True,1.2855123281,True,0.0068131957,True,1.1395881383,True
2024-03-12,1.0000000000,True,1.0931351185,True,1.2819806337,True,0.0068151462,True,1.1399258844,True
2024-03-13,1.0000000000,True,1.0927767754,True,1.2795906067,True,0.0067741956,True,1.1397439784,True
2024-03-14,1.0000000000,True,1.0955302715,True,1.2802129984,True,0.0067741039,True,1.1384594359,True
2024-03-15,1.0000000000,True,1.0883406401,True,1.2745835781,True,0.0067432700,True,1.1308763002,True
2024-03-16,1.0000000000,True,1.0883406401,False,1.2745835781,False,0.0067432700,False,1.1308763002,False
2024-03-17,1.0000000000,True,1.0883406401,False,1.2745835781,False,0.0067432700,False,1.1308763002,False
2024-03-18,1.0000000000,True,1.0882576704,True,1.2731393576,True,0.0067134369,True,1.1317466464,True
2024-03-19,1.0000000000,True,1.0873938799,True,1.2727180719,True,0.0067049296,True,1.1267478655,True
2024-03-20,1.0000000000,True,1.0863306522,True,1.2719409466,True,0.0066209817,True,1.1254416985,True
2024-03-21,1.0000000000,True,1.0937210321,True,1.2798361778,True,0.0066330594,True,1.1292416860,True
2024-03-22,1.0000000000,True,1.0862362385,True,1.2661913633,True,0.0065948707,True,1.1139827301,True
2024-03-23,1.0000000000,True,1.0862362385,False,1.2661913633,False,0.0065948707,False,1.1139827301,False
2024-03-24,1.0000000000,True,1.0862362385,False,1.2661913633,False,0.0065948707,False,1.1139827301,False
2024-03-25,1.0000000000,True,1.0807539225,True,1.2597948313,True,0.0066091672,True,1.1140571457,True
2024-03-26,1.0000000000,True,1.0838228464,True,1.2637910843,True,0.0066061979,True,1.1117658527,True
2024-03-27,1.0000000000,True,1.0832358599,True,1.2628495693,True,0.0065993533,True,1.1066231569,True
2024-03-28,1.0000000000,True,1.0813382864,True,1.2616704702,True,0.0066099532,True,1.1043622372,True
2024-03-29,1.0000000000,True,1.0794472694,True,1.2626262903,True,0.0066032751,True,1.1097916936,True
2024-03-30,1.0000000000,True,1.0794472694,False,1.2626262903,False,0.0066032751,False,1.1097916936,False
2024-03-31,1.0000000000,True,1.0794472694,False,1.2626262903,False,0.0066032751,False,1.1097916936,False
2024-04-01,1.0000000000,True,1.0792726278,True,1.2637271881,True,0.0066051073,True,1.1086474378,True
2024-04-02,1.0000000000,True,1.0737217665,True,1.2545477152,True,0.0065971332,True,1.1048869065,True
2024-04-03,1.0000000000,True,1.0768551826,True,1.2576876879,True,0.0065989181,True,1.1015399694,True
2024-04-04,1.0000000000,True,1.0838346481,True,1.2651821375,True,0.0065971332,True,1.1075545975,True
2024-04-05,1.0000000000,True,1.0837054253,True,1.2640194893,True,0.0066097345,True,1.1092500358,True
2024-04-06,1.0000000000,True,1.0837054253,False,1.2640194893,False,0.0066097345,False,1.1092500358,False
2024-04-07,1.0000000000,True,1.0837054253,False,1.2640194893,False,0.0066097345,False,1.1092500358,False
2024-04-08,1.0000000000,True,1.0830481052,True,1.2625305653,True,0.0065923923,True,1.1072112797,True
2024-04-09,1.0000000000,True,1.0863661766,True,1.2658709288,True,0.0065857497,True,1.1049601845,True
2024-04-10,1.0000000000,True,1.0859296322,True,1.2677645683,True,0.0065886139,True,1.1074442039,True
2024-04-11,1.0000000000,True,1.0741715431,True,1.2537612915,True,0.0065374858,True,1.0952422888,True
2024-04-12,1.0000000000,True,1.0726851225,True,1.2554770708,True,0.0065277560,True,1.0991064577,True
2024-04-13,1.0000000000,True,1.0726851225,False,1.2554770708,False,0.0065277560,False,1.0991064577,False
2024-04-14,1.0000000000,True,1.0726851225,False,1.2554770708,False,0.0065277560,False,1.0991064577,False
2024-04-15,1.0000000000,True,1.0649627447,True,1.2461835146,True,0.0065238805,True,1.0943672676,True
2024-04-16,1.0000000000,True,1.0625749826,True,1.2447409630,True,0.0064848322,True,1.0969723639,True
2024-04-17,1.0000000000,True,1.0621461868,True,1.2431007624,True,0.0064642078,True,1.0958183738,True
2024-04-18,1.0000000000,True,1.0669398308,True,1.2453765869,True,0.0064791180,True,1.0984183098,True
2024-04-19,1.0000000000,True,1.0644185543,True,1.2437657118,True,0.0064678869,True,1.0963709914,True
2024-04-20,1.0000000000,True,1.0644185543,False,1.2437657118,False,0.0064678869,False,1.0963709914,False
2024-04-21,1.0000000000,True,1.0644185543,False,1.2437657118,False,0.0064678869,False,1.0963709914,False
2024-04-22,1.0000000000,True,1.0658253431,True,1.2375777960,True,0.0064666322,True,1.0977152937,True
2024-04-23,1.0000000000,True,1.0654052496,True,1.2350252867,True,0.0064594057,True,1.0966235320,True
2024-04-24,1.0000000000,True,1.0704345703,True,1.2453300953,True,0.0064622860,True,1.0972130546,True
2024-04-25,1.0000000000,True,1.0699878931,True,1.2459505796,True,0.0064408503,True,1.0935654893,True
2024-04-26,1.0000000000,True,1.0729614496,True,1.2509069443,True,0.0064268591,True,1.0958664023,True
2024-04-27,1.0000000000,True,1.0729614496,False,1.2509069443,False,0.0064268591,False,1.0958664023,False
2024-04-28,1.0000000000,True,1.0729614496,False,1.2509069443,False,0.0064268591,False,1.0958664023,False
2024-04-29,1.0000000000,True,1.0706866980,True,1.2510477304,True,0.0063201537,True,1.0944655020,True
2024-04-30,1.0000000000,True,1.0715701580,True,1.2559815645,True,0.0063973798,True,1.0980323372,True
2024-05-01,1.0000000000,True,1.0666552782,True,1.2490164042,True,0.0063402696,True,1.0875594319,True
2024-05-02,1.0000000000,True,1.0721560717,True,1.2539342642,True,0.0064224428,True,1.0912741471,True
2024-05-03,1.0000000000,True,1.0733069181,True,1.2540600300,True,0.0065340260,True,1.0991788990,True
2024-05-04,1.0000000000,True,1.0733069181,False,1.2540600300,False,0.0065340260,False,1.0991788990,False
2024-05-05,1.0000000000,True,1.0733069181,False,1.2540600300,False,0.0065340260,False,1.0991788990,False
2024-05-06,1.0000000000,True,1.0758124590,True,1.2541072369,True,0.0065118583,True,1.1038258650,True
2024-05-07,1.0000000000,True,1.0767507553,True,1.2559815645,True,0.0064835286,True,1.1029006103,True
2024-05-08,1.0000000000,True,1.0750491619,True,1.2501406670,True,0.0064621190,True,1.1007397109,True
2024-05-09,1.0000000000,True,1.0746910572,True,1.2493284941,True,0.0064342195,True,1.1013337409,True
2024-05-10,1.0000000000,True,1.0785158873,True,1.2525677681,True,0.0064354617,True,1.1039355384,True
2024-05-11,1.0000000000,True,1.0785158873,False,1.2525677681,False,0.0064354617,False,1.1039355384,False
2024-05-12,1.0000000000,True,1.0785158873,False,1.2525677681,False,0.0064354617,False,1.1039355384,False
2024-05-13,1.0000000000,True,1.0770406723,True,1.2522854805,True,0.0064177441,True,1.1032048421,True
2024-05-14,1.0000000000,True,1.0793541670,True,1.2561867237,True,0.0064006963,True,1.1014429196,True
2024-05-15,1.0000000000,True,1.0814552307,True,1.2585265636,True,0.0063898580,True,1.1029006103,True
2024-05-16,1.0000000000,True,1.0889805555,True,1.2690032721,True,0.0064816376,True,1.1104571991,True
2024-05-17,1.0000000000,True,1.0867793560,True,1.2672007084,True,0.0064358762,True,1.1037649367,True
2024-05-18,1.0000000000,True,1.0867793560,False,1.2672007084,False,0.0064358762,False,1.1037649367,False
2024-05-19,1.0000000000,True,1.0867793560,False,1.2672007084,False,0.0064358762,False,1.1037649367,False
2024-05-20,1.0000000000,True,1.0875475407,True,1.2706480026,True,0.0064203809,True,1.1004732164,True
2024-05-21,1.0000000000,True,1.0860829353,True,1.2710840702,True,0.0063950888,True,1.0987561954,True
2024-05-22,1.0000000000,True,1.0855170488,True,1.2711325884,True,0.0063999588,True,1.0975020946,True
2024-05-23,1.0000000000,True,1.0825204849,True,1.2721028328,True,0.0063814582,True,1.0928961492,True
2024-05-24,1.0000000000,True,1.0812681913,True,1.2694060802,True,0.0063705220,True,1.0936970173,True
2024-05-25,1.0000000000,True,1.0812681913,False,1.2694060802,False,0.0063705220,False,1.0936970173,False
2024-05-26,1.0000000000,True,1.0812681913,False,1.2694060802,False,0.0063705220,False,1.0936970173,False
2024-05-27,1.0000000000,True,1.0847634077,True,1.2736095190,True,0.0063747054,True,1.0936133205,True
2024-05-28,1.0000000000,True,1.0861891508,True,1.2772371769,True,0.0063757212,True,1.0950503474,True
2024-05-29,1.0000000000,True,1.0851871967,True,1.2758356333,True,0.0063588155,True,1.0961427015,True
2024-05-30,1.0000000000,True,1.0801819563,True,1.2697993517,True,0.0063448555,True,1.0955302198,True
2024-05-31,1.0000000000,True,1.0835410357,True,1.2730420828,True,0.0063713340,True,1.1070396641,True
2024-06-01,1.0000000000,True,1.0835410357,False,1.2730420828,False,0.0063713340,False,1.1070396641,False
2024-06-02,1.0000000000,True,1.0835410357,False,1.2730420828,False,0.0063713340,False,1.1070396641,False
2024-06-03,1.0000000000,True,1.0853049755,True,1.2743724585,True,0.0063621329,True,1.1094838920,True
2024-06-04,1.0000000000,True,1.0907385349,True,1.2810165882,True,0.0064071348,True,1.1172934582,True
2024-06-05,1.0000000000,True,1.0881866217,True,1.2773023844,True,0.0064464560,True,1.1236586610,True
2024-06-06,1.0000000000,True,1.0874530077,True,1.2794759274,True,0.0064131752,True,1.1204482002,True
2024-06-07,1.0000000000,True,1.0894432068,True,1.2793285847,True,0.0064227311,True,1.1239490789,True
2024-06-08,1.0000000000,True,1.0894432068,False,1.2793285847,False,0.0064227311,False,1.1239490789,False
2024-06-09,1.0000000000,True,1.0894432068,False,1.2793285847,False,0.0064227311,False,1.1239490789,False
2024-06-10,1.0000000000,True,1.0778882504,True,1.2729448080,True,0.0063762094,True,1.1159469000,True
2024-06-11,1.0000000000,True,1.0764262676,True,1.2726370096,True,0.0063678047,True,1.1153494628,True
2024-06-12,1.0000000000,True,1.0740330219,True,1.2740476131,True,0.0063651700,True,1.1138586276,True
2024-06-13,1.0000000000,True,1.0813149214,True,1.2796232700,True,0.0063775509,True,1.1182430300,True
2024-06-14,1.0000000000,True,1.0738831758,True,1.2755101919,True,0.0063642378,True,1.1186558007,True
2024-06-15,1.0000000000,True,1.0738831758,False,1.2755101919,False,0.0063642378,False,1.1186558007,False
2024-06-16,1.0000000000,True,1.0738831758,False,1.2755101919,False,0.0063642378,False,1.1186558007,False
2024-06-17,1.0000000000,True,1.0702168941,True,1.2683112621,True,0.0063473523,True,1.1226746306,True
2024-06-18,1.0000000000,True,1.0740677118,True,1.2715997696,True,0.0063411542,True,1.1257458045,True
2024-06-19,1.0000000000,True,1.0742292404,True,1.2707449198,True,0.0063342855,True,1.1309914151,True
2024-06-20,1.0000000000,True,1.0751532316,True,1.2721998692,True,0.0063307971,True,1.1308379592,True
2024-06-21,1.0000000000,True,1.0706409216,True,1.2660471201,True,0.0062920387,True,1.1217175958,True
2024-06-22,1.0000000000,True,1.0706409216,False,1.2660471201,False,0.0062920387,False,1.1217175958,False
2024-06-23,1.0000000000,True,1.0706409216,False,1.2660471201,False,0.0062920387,False,1.1217175958,False
2024-06-24,1.0000000000,True,1.0687757730,True,1.2639029026,True,0.0062554347,True,1.1184431142,True
2024-06-25,1.0000000000,True,1.0732723475,True,1.2683434486,True,0.0062622896,True,1.1195825867,True
2024-06-26,1.0000000000,True,1.0709619522,True,1.2683997154,True,0.0062622896,True,1.1170687938,True
2024-06-27,1.0000000000,True,1.0680109262,True,1.2621799707,True,0.0062258359,True,1.1152001478,True
2024-06-28,1.0000000000,True,1.0708472729,True,1.2645741701,True,0.0062232789,True,1.1129412901,True
2024-06-29,1.0000000000,True,1.0708472729,False,1.2645741701,False,0.0062232789,False,1.1129412901,False
2024-06-30,1.0000000000,True,1.0708472729,False,1.2645741701,False,0.0062232789,False,1.1129412901,False
2024-07-01,1.0000000000,True,1.0735257864,True,1.2648621798,True,0.0062147701,True,1.1108642409,True
2024-07-02,1.0000000000,True,1.0737102032,True,1.2645741701,True,0.0061914907,True,1.1072235557,True
2024-07-03,1.0000000000,True,1.0748412609,True,1.2690355778,True,0.0061917972,True,1.1065741809,True
2024-07-04,1.0000000000,True,1.0793308020,True,1.2747784853,True,0.0061873147,True,1.1101736373,True
2024-07-05,1.0000000000,True,1.0810693502,True,1.2755752802,True,0.0061973995,True,1.1108025331,True
2024-07-06,1.0000000000,True,1.0810693502,False,1.2755752802,False,0.0061973995,False,1.1108025331,False
2024-07-07,1.0000000000,True,1.0810693502,False,1.2755752802,False,0.0061973995,False,1.1108025331,False
2024-07-08,1.0000000000,True,1.0826026201,True,1.2806508541,True,0.0062251771,True,1.1170313833,True
2024-07-09,1.0000000000,True,1.0830950737,True,1.2815583944,True,0.0062167020,True,1.1138214318,True
2024-07-10,1.0000000000,True,1.0814785957,True,1.2787723541,True,0.0061984370,True,1.1143302607,True
2024-07-11,1.0000000000,True,1.0833296776,True,1.2852644920,True,0.0061878510,True,1.1120996166,True
2024-07-12,1.0000000000,True,1.0872756243,True,1.2923737764,True,0.0063210724,True,1.1160340504,True
2024-07-13,1.0000000000,True,1.0872756243,False,1.2923737764,False,0.0063210724,False,1.1160340504,False
2024-07-14,1.0000000000,True,1.0872756243,False,1.2923737764,False,0.0063210724,False,1.1160340504,False
2024-07-15,1.0000000000,True,1.0885539055,True,1.2966804504,True,0.0063166005,True,1.1149639501,True
2024-07-16,1.0000000000,True,1.0901559591,True,1.2970000505,True,0.0063234706,True,1.1167319666,True
2024-07-17,1.0000000000,True,1.0902509689,True,1.2977693081,True,0.0063151245,True,1.1195450076,True
2024-07-18,1.0000000000,True,1.0940201283,True,1.3007453680,True,0.0064231849,True,1.1333370757,True
2024-07-19,1.0000000000,True,1.0901559591,True,1.2951691151,True,0.0063633474,True,1.1270145201,True
2024-07-20,1.0000000000,True,1.0901559591,False,1.2951691151,False,0.0063633474,False,1.1270145201,False
2024-07-21,1.0000000000,True,1.0901559591,False,1.2951691151,False,0.0063633474,False,1.1270145201,False
2024-07-22,1.0000000000,True,1.0899182558,True,1.2933096886,True,0.0063523524,True,1.1261134129,True
2024-07-23,1.0000000000,True,1.0889805555,True,1.2932428122,True,0.0063738516,True,1.1242270662,True
2024-07-24,1.0000000000,True,1.0850694180,True,1.2901561260,True,0.0064198036,True,1.1216797983,True
2024-07-25,1.0000000000,True,1.0839520693,True,1.2899897099,True,0.0064981055,True,1.1299179455,True
2024-07-26,1.0000000000,True,1.0851283073,True,1.2856775522,True,0.0065063076,True,1.1355378290,True
2024-07-27,1.0000000000,True,1.0851283073,False,1.2856775522,False,0.0065063076,False,1.1355378290,False
2024-07-28,1.0000000000,True,1.0851283073,False,1.2856775522,False,0.0065063076,False,1.1355378290,False
2024-07-29,1.0000000000,True,1.0853756666,True,1.2868356705,True,0.0064876504,True,1.1308379592,True
2024-07-30,1.0000000000,True,1.0819466114,True,1.2860412598,True,0.0065005561,True,1.1285408042,True
2024-07-31,1.0000000000,True,1.0816072226,True,1.2836971283,True,0.0065500754,True,1.1337482721,True
2024-08-01,1.0000000000,True,1.0823916197,True,1.2853139639,True,0.0066780637,True,1.1387706187,True
2024-08-02,1.0000000000,True,1.0787602663,True,1.2728961706,True,0.0067023678,True,1.1456065867,True
2024-08-03,1.0000000000,True,1.0787602663,False,1.2728961706,False,0.0067023678,False,1.1456065867,False
2024-08-04,1.0000000000,True,1.0787602663,False,1.2728961706,False,0.0067023678,False,1.1456065867,False
2024-08-05,1.0000000000,True,1.0910836458,True,1.2787886858,True,0.0068688867,True,1.1680878091,True
2024-08-06,1.0000000000,True,1.0950982571,True,1.2788705826,True,0.0068591813,True,1.1698232033,True
2024-08-07,1.0000000000,True,1.0926215649,True,1.2684721947,True,0.0069093223,True,1.1729516921,True
2024-08-08,1.0000000000,True,1.0928125381,True,1.2680377960,True,0.0068435031,True,1.1637785879,True
2024-08-09,1.0000000000,True,1.0915720463,True,1.2747459412,True,0.0067719017,True,1.1536020980,True
2024-08-10,1.0000000000,True,1.0915720463,False,1.2747459412,False,0.0067719017,False,1.1536020980,False
2024-08-11,1.0000000000,True,1.0915720463,False,1.2747459412,False,0.0067719017,False,1.1536020980,False
2024-08-12,1.0000000000,True,1.0913813114,True,1.2750386000,True,0.0068007777,True,1.1560159011,True
2024-08-13,1.0000000000,True,1.0936251879,True,1.2771228552,True,0.0068035544,True,1.1564303302,True
2024-08-14,1.0000000000,True,1.0996986628,True,1.2866700888,True,0.0068040637,True,1.1560025194,True
2024-08-15,1.0000000000,True,1.1013215780,True,1.2828736305,True,0.0067910328,True,1.1563287074,True
2024-08-16,1.0000000000,True,1.0972732306,True,1.2859420776,True,0.0067014247,True,1.1461449562,True
2024-08-17,1.0000000000,True,1.0972732306,False,1.2859420776,False,0.0067014247,False,1.1461449562,False
2024-08-18,1.0000000000,True,1.0972732306,False,1.2859420776,False,0.0067014247,False,1.1461449562,False
2024-08-19,1.0000000000,True,1.1024993658,True,1.2947162390,True,0.0067587664,True,1.1526314622,True
2024-08-20,1.0000000000,True,1.1086474657,True,1.2990386486,True,0.0068166788,True,1.1595950503,True
2024-08-21,1.0000000000,True,1.1127927303,True,1.3035430908,True,0.0068800870,True,1.1715638434,True
2024-08-22,1.0000000000,True,1.1155360937,True,1.3093460798,True,0.0068909441,True,1.1749500266,True
2024-08-23,1.0000000000,True,1.1117163897,True,1.3097747564,True,0.0068398519,True,1.1741223326,True
2024-08-24,1.0000000000,True,1.1117163897,False,1.3097747564,False,0.0068398519,False,1.1741223326,False
2024-08-25,1.0000000000,True,1.1117163897,False,1.3097747564,False,0.0068398519,False,1.1741223326,False
2024-08-26,1.0000000000,True,1.1187934875,True,1.3212658167,True,0.0069444444,True,1.1801916350,True
2024-08-27,1.0000000000,True,1.1164700985,True,1.3191741705,True,0.0069196487,True,1.1804981431,True
2024-08-28,1.0000000000,True,1.1177930832,True,1.3257501125,True,0.0069456500,True,1.1880435511,True
2024-08-29,1.0000000000,True,1.1124955416,True,1.3193656206,True,0.0069236256,True,1.1879023997,True
2024-08-30,1.0000000000,True,1.1080454588,True,1.3166210651,True,0.0069017876,True,1.1807212110,True
2024-08-31,1.0000000000,True,1.1080454588,False,1.3166210651,False,0.0069017876,False,1.1807212110,False
2024-09-01,1.0000000000,True,1.1080454588,False,1.3166210651,False,0.0069017876,False,1.1807212110,False
2024-09-02,1.0000000000,True,1.1044842005,True,1.3128528595,True,0.0068314878,True,1.1757789707,True
2024-09-03,1.0000000000,True,1.1067456007,True,1.3141986132,True,0.0068156105,True,1.1745774775,True
2024-09-04,1.0000000000,True,1.1048868895,True,1.3114066124,True,0.0068798031,True,1.1765674981,True
2024-09-05,1.0000000000,True,1.1080454588,True,1.3144749403,True,0.0069771983,True,1.1819771969,True
2024-09-06,1.0000000000,True,1.1111111641,True,1.3177487850,True,0.0069738409,True,1.1851008806,True
2024-09-07,1.0000000000,True,1.1111111641,False,1.3177487850,False,0.0069738409,False,1.1851008806,False
2024-09-08,1.0000000000,True,1.1111111641,False,1.3177487850,False,0.0069738409,False,1.1851008806,False
2024-09-09,1.0000000000,True,1.1087212563,True,1.3133355379,True,0.0070182337,True,1.1849183316,True
2024-09-10,1.0000000000,True,1.1037527323,True,1.3071382046,True,0.0069843619,True,1.1772323376,True
2024-09-11,1.0000000000,True,1.1020983458,True,1.3080273867,True,0.0070306681,True,1.1811674335,True
2024-09-12,1.0000000000,True,1.1010911465,True,1.3039510250,True,0.0070131147,True,1.1728829759,True
2024-09-13,1.0000000000,True,1.1077877283,True,1.3132321835,True,0.0070671881,True,1.1766367292,True
2024-09-14,1.0000000000,True,1.1077877283,False,1.3132321835,False,0.0070671881,False,1.1766367292,False
2024-09-15,1.0000000000,True,1.1077877283,False,1.3132321835,False,0.0070671881,False,1.1766367292,False
2024-09-16,1.0000000000,True,1.1088441610,True,1.3137997389,True,0.0071027775,True,1.1796626168,True
2024-09-17,1.0000000000,True,1.1129536629,True,1.3210737705,True,0.0071027775,True,1.1840204673,True
2024-09-18,1.0000000000,True,1.1123099327,True,1.3167423010,True,0.0070415097,True,1.1815722181,True
2024-09-19,1.0000000000,True,1.1114816666,True,1.3201146126,True,0.0070072171,True,1.1802195305,True
2024-09-20,1.0000000000,True,1.1161960363,True,1.3281799555,True,0.0069999579,True,1.1795513137,True
2024-09-21,1.0000000000,True,1.1161960363,False,1.3281799555,False,0.0069999579,False,1.1795513137,False
2024-09-22,1.0000000000,True,1.1161960363,False,1.3281799555,False,0.0069999579,False,1.1795513137,False
2024-09-23,1.0000000000,True,1.1160838604,True,1.3313983679,True,0.0069442517,True,1.1752262388,True
2024-09-24,1.0000000000,True,1.1111727953,True,1.3349887133,True,0.0069619460,True,1.1801916350,True
2024-09-25,1.0000000000,True,1.1191190481,True,1.3427324295,True,0.0069948170,True,1.1883400109,True
2024-09-26,1.0000000000,True,1.1131023169,True,1.3315792084,True,0.0069116621,True,1.1756821577,True
2024-09-27,1.0000000000,True,1.1177179813,True,1.3413815498,True,0.0068929387,True,1.1816978858,True
2024-09-28,1.0000000000,True,1.1177179813,False,1.3413815498,False,0.0068929387,False,1.1816978858,False
2024-09-29,1.0000000000,True,1.1177179813,False,1.3413815498,False,0.0068929387,False,1.1816978858,False
2024-09-30,1.0000000000,True,1.1169815063,True,1.3383297920,True,0.0070036347,True,1.1897679993,True
2024-10-01,1.0000000000,True,1.1136602163,True,1.3376137018,True,0.0069584577,True,1.1829979915,True
2024-10-02,1.0000000000,True,1.1063904762,True,1.3274042606,True,0.0069571997,True,1.1815582381,True
2024-10-03,1.0000000000,True,1.1048502922,True,1.3266118765,True,0.0068221200,True,1.1765951401,True
2024-10-04,1.0000000000,True,1.1035578251,True,1.3130252361,True,0.0068101336,True,1.1739707508,True
2024-10-05,1.0000000000,True,1.1035578251,False,1.3130252361,False,0.0068101336,False,1.1739707508,False
2024-10-06,1.0000000000,True,1.1035578251,False,1.3130252361,False,0.0068101336,False,1.1739707508,False
2024-10-07,1.0000000000,True,1.0974539518,True,1.3125253916,True,0.0067195266,True,1.1645645957,True
2024-10-08,1.0000000000,True,1.0975743532,True,1.3084723949,True,0.0067500981,True,1.1701654817,True
2024-10-09,1.0000000000,True,1.0975743532,True,1.3094832897,True,0.0067495058,True,1.1663167715,True
2024-10-10,1.0000000000,True,1.0943313837,True,1.3068308830,True,0.0067042101,True,1.1621555703,True
2024-10-11,1.0000000000,True,1.0933860540,True,1.3062163591,True,0.0067247689,True,1.1674741993,True
2024-10-12,1.0000000000,True,1.0933860540,False,1.3062163591,False,0.0067247689,False,1.1674741993,False
2024-10-13,1.0000000000,True,1.0933860540,False,1.3062163591,False,0.0067247689,False,1.1674741993,False
2024-10-14,1.0000000000,True,1.0925379992,True,1.3049037457,True,0.0066963987,True,1.1650938299,True
2024-10-15,1.0000000000,True,1.0909169912,True,1.3067454100,True,0.0066813658,True,1.1599582346,True
2024-10-16,1.0000000000,True,1.0884116888,True,1.3065917492,True,0.0067069531,True,1.1593665132,True
2024-10-17,1.0000000000,True,1.0862481594,True,1.2990218401,True,0.0066855643,True,1.1556685546,True
2024-10-18,1.0000000000,True,1.0829542875,True,1.3015749454,True,0.0066622249,True,1.1548277297,True
2024-10-19,1.0000000000,True,1.0829542875,False,1.3015749454,False,0.0066622249,False,1.1548277297,False
2024-10-20,1.0000000000,True,1.0829542875,False,1.3015749454,False,0.0066622249,False,1.1548277297,False
2024-10-21,1.0000000000,True,1.0868619680,True,1.3052616119,True,0.0066844917,True,1.1561629611,True
2024-10-22,1.0000000000,True,1.0817828178,True,1.2982965708,True,0.0066398860,True,1.1555216999,True
2024-10-23,1.0000000000,True,1.0797270536,True,1.2982797623,True,0.0066164697,True,1.1553614361,True
2024-10-24,1.0000000000,True,1.0780508518,True,1.2913722992,True,0.0065458308,True,1.1537485445,True
2024-10-25,1.0000000000,True,1.0824151039,True,1.2973365784,True,0.0065883529,True,1.1549077820,True
2024-10-26,1.0000000000,True,1.0824151039,False,1.2973365784,False,0.0065883529,False,1.1549077820,False
2024-10-27,1.0000000000,True,1.0824151039,False,1.2973365784,False,0.0065883529,False,1.1549077820,False
2024-10-28,1.0000000000,True,1.0796570778,True,1.2958235741,True,0.0065379990,True,1.1514635107,True
2024-10-29,1.0000000000,True,1.0816774368,True,1.2974711657,True,0.0065283100,True,1.1562565063,True
2024-10-30,1.0000000000,True,1.0820636749,True,1.3014055490,True,0.0065242636,True,1.1531099581,True
2024-10-31,1.0000000000,True,1.0859178305,True,1.2959579229,True,0.0065272449,True,1.1543345437,True
2024-11-01,1.0000000000,True,1.0886130333,True,1.2897733450,True,0.0065798133,True,1.1580239563,True
2024-11-02,1.0000000000,True,1.0886130333,False,1.2897733450,False,0.0065798133,False,1.1580239563,False
2024-11-03,1.0000000000,True,1.0886130333,False,1.2897733450,False,0.0065798133,False,1.1580239563,False
2024-11-04,1.0000000000,True,1.0874530077,True,1.2953401804,True,0.0065665486,True,1.1526048555,True
2024-11-05,1.0000000000,True,1.0874056816,True,1.2954542637,True,0.0065670230,True,1.1571797017,True
2024-11-06,1.0000000000,True,1.0934458971,True,1.3043591976,True,0.0066034934,True,1.1595412735,True
2024-11-07,1.0000000000,True,1.0733069181,True,1.2883278131,True,0.0064800412,True,1.1419435920,True
2024-11-08,1.0000000000,True,1.0795172453,True,1.2982292175,True,0.0065282677,True,1.1457640773,True
2024-11-09,1.0000000000,True,1.0795172453,False,1.2982292175,False,0.0065282677,False,1.1457640773,False
2024-11-10,1.0000000000,True,1.0795172453,False,1.2982292175,False,0.0065282677,False,1.1457640773,False
2024-11-11,1.0000000000,True,1.0714898109,True,1.2917059660,True,0.0065400510,True,1.1415525282,True
2024-11-12,1.0000000000,True,1.0664391518,True,1.2874983549,True,0.0065155071,True,1.1360150808,True
2024-11-13,1.0000000000,True,1.0616725683,True,1.2739177942,True,0.0064660050,True,1.1335811995,True
2024-11-14,1.0000000000,True,1.0564124584,True,1.2706803083,True,0.0064338058,True,1.1289612136,True
2024-11-15,1.0000000000,True,1.0530084372,True,1.2667849064,True,0.0063910831,True,1.1230403109,True
2024-11-16,1.0000000000,True,1.0530084372,False,1.2667849064,False,0.0063910831,False,1.1230403109,False
2024-11-17,1.0000000000,True,1.0530084372,False,1.2667849064,False,0.0063910831,False,1.1230403109,False
2024-11-18,1.0000000000,True,1.0533745289,True,1.2617659569,True,0.0064656287,True,1.1252770650,True
2024-11-19,1.0000000000,True,1.0594904423,True,1.2679253817,True,0.0064675939,True,1.1322463899,True
2024-11-20,1.0000000000,True,1.0607603788,True,1.2694543600,True,0.0064633720,True,1.1336968658,True
2024-11-21,1.0000000000,True,1.0546187162,True,1.2655344009,True,0.0064393574,True,1.1316697725,True
2024-11-22,1.0000000000,True,1.0469341278,True,1.2584789991,True,0.0064843273,True,1.1275228225,True
2024-11-23,1.0000000000,True,1.0469341278,False,1.2584789991,False,0.0064843273,False,1.1275228225,False
2024-11-24,1.0000000000,True,1.0469341278,False,1.2584789991,False,0.0064843273,False,1.1275228225,False
2024-11-25,1.0000000000,True,1.0479873419,True,1.2593823671,True,0.0064873563,True,1.1230024242,True
2024-11-26,1.0000000000,True,1.0444300175,True,1.2533055544,True,0.0064776067,True,1.1251124796,True
2024-11-27,1.0000000000,True,1.0491198301,True,1.2573871613,True,0.0065355632,True,1.1283243426,True
2024-11-28,1.0000000000,True,1.0562450886,True,1.2677645683,True,0.0066078131,True,1.1337868107,True
2024-11-29,1.0000000000,True,1.0563008785,True,1.2696800232,True,0.0066148943,True,1.1333499378,True
2024-11-30,1.0000000000,True,1.0563008785,False,1.2696800232,False,0.0066148943,False,1.1333499378,False
2024-12-01,1.0000000000,True,1.0563008785,False,1.2696800232,False,0.0066148943,False,1.1333499378,False
2024-12-02,1.0000000000,True,1.0545074940,True,1.2701638937,True,0.0066712033,True,1.1337521794,True
2024-12-03,1.0000000000,True,1.0501223803,True,1.2658548355,True,0.0066886055,True,1.1283115943,True
2024-12-04,1.0000000000,True,1.0510826111,True,1.2674272060,True,0.0066823924,True,1.1281588647,True
2024-12-05,1.0000000000,True,1.0514141321,True,1.2701154947,True,0.0066415615,True,1.1315416981,True
2024-12-06,1.0000000000,True,1.0585595369,True,1.2759333849,True,0.0066574793,True,1.1384076015,True
2024-12-07,1.0000000000,True,1.0585595369,False,1.2759333849,False,0.0066574793,False,1.1384076015,False
2024-12-08,1.0000000000,True,1.0585595369,False,1.2759333849,False,0.0066574793,False,1.1384076015,False
2024-12-09,1.0000000000,True,1.0565463305,True,1.2749296427,True,0.0066653337,True,1.1380837242,True
2024-12-10,1.0000000000,True,1.0555204153,True,1.2749085426,True,0.0066046706,True,1.1381873387,True
2024-12-11,1.0000000000,True,1.0532968044,True,1.2780042887,True,0.0065873112,True,1.1331444851,True
2024-12-12,1.0000000000,True,1.0506850481,True,1.2766337395,True,0.0065683604,True,1.1322335528,True
2024-12-13,1.0000000000,True,1.0474056005,True,1.2677323818,True,0.0065536380,True,1.1210636985,True
2024-12-14,1.0000000000,True,1.0474056005,False,1.2677323818,False,0.0065536380,False,1.1210636985,False
2024-12-15,1.0000000000,True,1.0474056005,False,1.2677323818,False,0.0065536380,False,1.1210636985,False
2024-12-16,1.0000000000,True,1.0510052443,True,1.2627378702,True,0.0065166532,True,1.1213980473,True
2024-12-17,1.0000000000,True,1.0517348051,True,1.2690355778,True,0.0064898823,True,1.1185182015,True
2024-12-18,1.0000000000,True,1.0495051146,True,1.2710840702,True,0.0065116034,True,1.1204732681,True
2024-12-19,1.0000000000,True,1.0350252390,True,1.2567708492,True,0.0064652523,True,1.1090162781,True
2024-12-20,1.0000000000,True,1.0364949703,True,1.2497968674,True,0.0063434068,True,1.1123594560,True
2024-12-21,1.0000000000,True,1.0364949703,False,1.2497968674,False,0.0063434068,False,1.1123594560,False
2024-12-22,1.0000000000,True,1.0364949703,False,1.2497968674,False,0.0063434068,False,1.1123594560,False
2024-12-23,1.0000000000,True,1.0433076620,True,1.2569919825,True,0.0063884291,True,1.1197581135,True
2024-12-24,1.0000000000,True,1.0405826569,True,1.2534469366,True,0.0063627401,True,1.1130032357,True
2024-12-25,1.0000000000,True,1.0402579308,True,1.2536041737,True,0.0063650890,True,1.1107408322,True
2024-12-26,1.0000000000,True,1.0399551392,True,1.2543746233,True,0.0063640357,True,1.1118275939,True
2024-12-27,1.0000000000,True,1.0423181057,True,1.2529758215,True,0.0063392245,True,1.1124708318,True
2024-12-28,1.0000000000,True,1.0423181057,False,1.2529758215,False,0.0063392245,False,1.1124708318,False
2024-12-29,1.0000000000,True,1.0423181057,False,1.2529758215,False,0.0063392245,False,1.1124708318,False
2024-12-30,1.0000000000,True,1.0429377556,True,1.2578806877,True,0.0063342053,True,1.1088441759,True
2024-12-31,1.0000000000,True,1.0406152010,True,1.2549098730,True,0.0063696298,True,1.1071254288,True
2025-01-01,1.0000000000,True,1.0406152010,False,1.2549098730,False,0.0063696298,False,1.1071254288,False
2025-01-02,1.0000000000,True,1.0351860523,True,1.2519248724,True,0.0063403904,True,1.1016248840,True
2025-01-03,1.0000000000,True,1.0268205404,True,1.2380222082,True,0.0063547744,True,1.0964791884,True
2025-01-04,1.0000000000,True,1.0268205404,False,1.2380222082,False,0.0063547744,False,1.0964791884,False
2025-01-05,1.0000000000,True,1.0268205404,False,1.2380222082,False,0.0063547744,False,1.0964791884,False
2025-01-06,1.0000000000,True,1.0305347443,True,1.2426837683,True,0.0063499723,True,1.0997349841,True
2025-01-07,1.0000000000,True,1.0386372805,True,1.2510946989,True,0.0063394257,True,1.1049235079,True
2025-01-08,1.0000000000,True,1.0345541239,True,1.2477852106,True,0.0063196747,True,1.0995656781,True
2025-01-09,1.0000000000,True,1.0314701796,True,1.2359870672,True,0.0063214321,True,1.0977550847,True
2025-01-10,1.0000000000,True,1.0297601223,True,1.2299367189,True,0.0063271916,True,1.0964071025,True
2025-01-11,1.0000000000,True,1.0297601223,False,1.2299367189,False,0.0063271916,False,1.0964071025,False
2025-01-12,1.0000000000,True,1.0297601223,False,1.2299367189,False,0.0063271916,False,1.0964071025,False
2025-01-13,1.0000000000,True,1.0244431496,True,1.2204945087,True,0.0063336439,True,1.0907861517,True
2025-01-14,1.0000000000,True,1.0265253782,True,1.2233314514,True,0.0063546936,True,1.0919653098,True
2025-01-15,1.0000000000,True,1.0306835175,True,1.2213442326,True,0.0063271116,True,1.0959384171,True
2025-01-16,1.0000000000,True,1.0295268297,True,1.2243348360,True,0.0063997950,True,1.0963469904,True
2025-01-17,1.0000000000,True,1.0301949978,True,1.2236906290,True,0.0064368288,True,1.0974900333,True
2025-01-18,1.0000000000,True,1.0301949978,False,1.2236906290,False,0.0064368288,False,1.0974900333,False
2025-01-19,1.0000000000,True,1.0301949978,False,1.2236906290,False,0.0064368288,False,1.0974900333,False
2025-01-20,1.0000000000,True,1.0277386904,True,1.2171002626,True,0.0063977071,True,1.0933741351,True
2025-01-21,1.0000000000,True,1.0420682430,True,1.2331367731,True,0.0064412656,True,1.1036796919,True
2025-01-22,1.0000000000,True,1.0405935049,True,1.2335399389,True,0.0064195565,True,1.1028884300,True
2025-01-23,1.0000000000,True,1.0410159826,True,1.2314208746,True,0.0063922270,True,1.1033751982,True
2025-01-24,1.0000000000,True,1.0416015387,True,1.2353914976,True,0.0064038936,True,1.1019404990,True
2025-01-25,1.0000000000,True,1.0416015387,False,1.2353914976,False,0.0064038936,False,1.1019404990,False
2025-01-26,1.0000000000,True,1.0416015387,False,1.2353914976,False,0.0064038936,False,1.1019404990,False
2025-01-27,1.0000000000,True,1.0467586517,True,1.2459352016,True,0.0064207930,True,1.1027303283,True
2025-01-28,1.0000000000,True,1.0445064306,True,1.2460592985,True,0.0064554030,True,1.1061824564,True
2025-01-29,1.0000000000,True,1.0429050922,True,1.2441680431,True,0.0064284288,True,1.1060356585,True
2025-01-30,1.0000000000,True,1.0425245762,True,1.2455301285,True,0.0064445448,True,1.1034238914,True
2025-01-31,1.0000000000,True,1.0397279263,True,1.2423903942,True,0.0064894190,True,1.0996636228,True
2025-02-01,1.0000000000,True,1.0397279263,False,1.2423903942,False,0.0064894190,False,1.0996636228,False
2025-02-02,1.0000000000,True,1.0397279263,False,1.2423903942,False,0.0064894190,False,1.0996636228,False
2025-02-03,1.0000000000,True,1.0247792006,True,1.2291958332,True,0.0064365387,True,1.0926215553,True
2025-02-04,1.0000000000,True,1.0327378511,True,1.2431780100,True,0.0064401041,True,1.0969603142,True
2025-02-05,1.0000000000,True,1.0372798443,True,1.2478163242,True,0.0064879035,True,1.1046794229,True
2025-02-06,1.0000000000,True,1.0400848389,True,1.2504063845,True,0.0065528222,True,1.1094715658,True
2025-02-07,1.0000000000,True,1.0385725498,True,1.2437502146,True,0.0066140631,True,1.1048503075,True
2025-02-08,1.0000000000,True,1.0385725498,False,1.2437502146,False,0.0066140631,False,1.1048503075,False
2025-02-09,1.0000000000,True,1.0385725498,False,1.2437502146,False,0.0066140631,False,1.1048503075,False
2025-02-10,1.0000000000,True,1.0311616659,True,1.2391574383,True,0.0065856199,True,1.0980081915,True
2025-02-11,1.0000000000,True,1.0301525593,True,1.2360633612,True,0.0065893949,True,1.0972973751,True
2025-02-12,1.0000000000,True,1.0364949703,True,1.2451593876,True,0.0065471164,True,1.0953022798,True
2025-02-13,1.0000000000,True,1.0391986370,True,1.2450664043,True,0.0064827718,True,1.0948106045,True
2025-02-14,1.0000000000,True,1.0461673737,True,1.2563445568,True,0.0065364177,True,1.1071132280,True
2025-02-15,1.0000000000,True,1.0461673737,False,1.2563445568,False,0.0065364177,False,1.1071132280,False
2025-02-16,1.0000000000,True,1.0461673737,False,1.2563445568,False,0.0065364177,False,1.1071132280,False
2025-02-17,1.0000000000,True,1.0489217043,True,1.2584155798,True,0.0065779522,True,1.1113210474,True
2025-02-18,1.0000000000,True,1.0485367775,True,1.2621481419,True,0.0066031008,True,1.1102229324,True
2025-02-19,1.0000000000,True,1.0448337793,True,1.2625784874,True,0.0065819352,True,1.1066844012,True
2025-02-20,1.0000000000,True,1.0421009064,True,1.2584155798,True,0.0066128818,True,1.1055098251,True
2025-02-21,1.0000000000,True,1.0500562191,True,1.2670401335,True,0.0066930818,True,1.1135113172,True
2025-02-22,1.0000000000,True,1.0500562191,False,1.2670401335,False,0.0066930818,False,1.1135113172,False
2025-02-23,1.0000000000,True,1.0500562191,False,1.2670401335,False,0.0066930818,False,1.1135113172,False
2025-02-24,1.0000000000,True,1.0474823713,True,1.2649900913,True,0.0066940232,True,1.1130279716,True
2025-02-25,1.0000000000,True,1.0461344719,True,1.2617819309,True,0.0066727167,True,1.1144544684,True
2025-02-26,1.0000000000,True,1.0524100065,True,1.2674431801,True,0.0067078977,True,1.1205737007,True
2025-02-27,1.0000000000,True,1.0488777161,True,1.2682307959,True,0.0067187144,True,1.1181930201,True
2025-02-28,1.0000000000,True,1.0395117998,True,1.2598900795,True,0.0066661337,True,1.1112099017,True
2025-03-01,1.0000000000,True,1.0395117998,False,1.2598900795,False,0.0066661337,False,1.1112099017,False
2025-03-02,1.0000000000,True,1.0395117998,False,1.2598900795,False,0.0066661337,False,1.1112099017,False
2025-03-03,1.0000000000,True,1.0413846970,True,1.2603982687,True,0.0066325754,True,1.1079472947,True
2025-03-04,1.0000000000,True,1.0485037565,True,1.2701476812,True,0.0066976997,True,1.1153245495,True
2025-03-05,1.0000000000,True,1.0626993179,True,1.2794268131,True,0.0066756122,True,1.1240502109,True
2025-03-06,1.0000000000,True,1.0794938803,True,1.2891913652,True,0.0067160072,True,1.1227250422,True
2025-03-07,1.0000000000,True,1.0787951946,True,1.2885303497,True,0.0067518297,True,1.1320925933,True
2025-03-08,1.0000000000,True,1.0787951946,False,1.2885303497,False,0.0067518297,False,1.1320925933,False
2025-03-09,1.0000000000,True,1.0787951946,False,1.2885303497,False,0.0067518297,False,1.1320925933,False
2025-03-10,1.0000000000,True,1.0860593319,True,1.2932428122,True,0.0067747005,True,1.1398089437,True
2025-03-11,1.0000000000,True,1.0839403868,True,1.2875481844,True,0.0067995295,True,1.1363894277,True
2025-03-12,1.0000000000,True,1.0914170742,True,1.2944816351,True,0.0067548395,True,1.1319387621,True
2025-03-13,1.0000000000,True,1.0886249542,True,1.2964283228,True,0.0067440430,True,1.1340825649,True
2025-03-14,1.0000000000,True,1.0855641365,True,1.2958402634,True,0.0067590857,True,1.1329904444,True
2025-03-15,1.0000000000,True,1.0855641365,False,1.2958402634,False,0.0067590857,False,1.1329904444,False
2025-03-16,1.0000000000,True,1.0855641365,False,1.2958402634,False,0.0067590857,False,1.1329904444,False
2025-03-17,1.0000000000,True,1.0881274939,True,1.2930588722,True,0.0067295653,True,1.1311065534,True
2025-03-18,1.0000000000,True,1.0919176340,True,1.2985326052,True,0.0066943815,True,1.1348136067,True
2025-03-19,1.0000000000,True,1.0939482450,True,1.3000519276,True,0.0066911117,True,1.1405825142,True
2025-03-20,1.0000000000,True,1.0911908150,True,1.3010668755,True,0.0067344600,True,1.1410315004,True
2025-03-21,1.0000000000,True,1.0856702328,True,1.2967981100,True,0.0067296566,True,1.1345882871,True
2025-03-22,1.0000000000,True,1.0856702328,False,1.2967981100,False,0.0067296566,False,1.1345882871,False
2025-03-23,1.0000000000,True,1.0856702328,False,1.2967981100,False,0.0067296566,False,1.1345882871,False
2025-03-24,1.0000000000,True,1.0835762024,True,1.2924572229,True,0.0066810531,True,1.1326054112,True
2025-03-25,1.0000000000,True,1.0803569555,True,1.2924238443,True,0.0066324432,True,1.1329005493,True
2025-03-26,1.0000000000,True,1.0787487030,True,1.2943308353,True,0.0066688898,True,1.1329518834,True
2025-03-27,1.0000000000,True,1.0742061138,True,1.2877637148,True,0.0066457102,True,1.1310170333,True
2025-03-28,1.0000000000,True,1.0801001787,True,1.2952026129,True,0.0066292336,True,1.1345586707,True
2025-03-29,1.0000000000,True,1.0801001787,False,1.2952026129,False,0.0066292336,False,1.1345586707,False
2025-03-30,1.0000000000,True,1.0801001787,False,1.2952026129,False,0.0066292336,False,1.1345586707,False
2025-03-31,1.0000000000,True,1.0823916197,True,1.2938284874,True,0.0066837323,True,1.1352670496,True
2025-04-01,1.0000000000,True,1.0818880796,True,1.2920898199,True,0.0066705358,True,1.1314521091,True
2025-04-02,1.0000000000,True,1.0795987844,True,1.2923069000,True,0.0066763249,True,1.1319900090,True
2025-04-03,1.0000000000,True,1.0908694267,True,1.3046314716,True,0.0067626058,True,1.1405239735,True
2025-04-04,1.0000000000,True,1.1043744087,True,1.3088662624,True,0.0068384951,True,1.1638598053,True
2025-04-05,1.0000000000,True,1.1043744087,False,1.3088662624,False,0.0068384951,False,1.1638598053,False
2025-04-06,1.0000000000,True,1.1043744087,False,1.3088662624,False,0.0068384951,False,1.1638598053,False
2025-04-07,1.0000000000,True,1.0984544754,True,1.2910722494,True,0.0068760186,True,1.1742464206,True
2025-04-08,1.0000000000,True,1.0915361643,True,1.2734960318,True,0.0067664034,True,1.1631829634,True
2025-04-09,1.0000000000,True,1.0980443954,True,1.2790995836,True,0.0068565943,True,1.1825083769,True
2025-04-10,1.0000000000,True,1.0952062607,True,1.2825446129,True,0.0067843064,True,1.1689754279,True
2025-04-11,1.0000000000,True,1.1257838011,True,1.2992074490,True,0.0069566672,True,1.2183829448,True
2025-04-12,1.0000000000,True,1.1257838011,False,1.2992074490,False,0.0069566672,False,1.2183829448,False
2025-04-13,1.0000000000,True,1.1257838011,False,1.2992074490,False,0.0069566672,False,1.2183829448,False
2025-04-14,1.0000000000,True,1.1343141794,True,1.3085237741,True,0.0069591360,True,1.2224042532,True
2025-04-15,1.0000000000,True,1.1339668036,True,1.3174536228,True,0.0069822166,True,1.2255502871,True
2025-04-16,1.0000000000,True,1.1292672157,True,1.3231012821,True,0.0069841669,True,1.2183680803,True
2025-04-17,1.0000000000,True,1.1396790743,True,1.3233989477,True,0.0070458264,True,1.2288786050,True
2025-04-18,1.0000000000,True,1.1396790743,False,1.3233989477,False,0.0070458264,False,1.2288786050,False
2025-04-19,1.0000000000,True,1.1396790743,False,1.3233989477,False,0.0070458264,False,1.2288786050,False
2025-04-20,1.0000000000,True,1.1396790743,False,1.3233989477,False,0.0070458264,False,1.2288786050,False
2025-04-21,1.0000000000,True,1.1396790743,False,1.3233989477,False,0.0070458264,False,1.2288786050,False
2025-04-22,1.0000000000,True,1.1512778997,True,1.3379716873,True,0.0070984408,True,1.2360175155,True
2025-04-23,1.0000000000,True,1.1351252794,True,1.3273161650,True,0.0070082977,True,1.2105511483,True
2025-04-24,1.0000000000,True,1.1327337027,True,1.3264534473,True,0.0069821184,True,1.2051096509,True
2025-04-25,1.0000000000,True,1.1371906996,True,1.3326226473,True,0.0069989293,True,1.2066510596,True
2025-04-26,1.0000000000,True,1.1371906996,False,1.3326226473,False,0.0069989293,False,1.2066510596,False
2025-04-27,1.0000000000,True,1.1371906996,False,1.3326226473,False,0.0069989293,False,1.2066510596,False
2025-04-28,1.0000000000,True,1.1343141794,True,1.3290096521,True,0.0069521206,True,1.2071462831,True
2025-04-29,1.0000000000,True,1.1409143209,True,1.3436164856,True,0.0070334373,True,1.2177449805,True
2025-04-30,1.0000000000,True,1.1389262676,True,1.3410794735,True,0.0070274565,True,1.2144470797,True
2025-05-01,1.0000000000,True,1.1324899197,True,1.3323917389,True,0.0069925668,True,1.2107124118,True
2025-05-02,1.0000000000,True,1.1296498775,True,1.3286387920,True,0.0068753095,True,1.2063016785,True
2025-05-03,1.0000000000,True,1.1296498775,False,1.3286387920,False,0.0068753095,False,1.2063016785,False
2025-05-04,1.0000000000,True,1.1296498775,False,1.3286387920,False,0.0068753095,False,1.2063016785,False
2025-05-05,1.0000000000,True,1.1323232651,True,1.3271929026,True,0.0069144820,True,1.2134449444,True
2025-05-06,1.0000000000,True,1.1313369274,True,1.3292568922,True,0.0069611703,True,1.2168544171,True
2025-05-07,1.0000000000,True,1.1342755556,True,1.3355948925,True,0.0069912957,True,1.2111962851,True
2025-05-08,1.0000000000,True,1.1306205988,True,1.3294159174,True,0.0069517821,True,1.2136658886,True
2025-05-09,1.0000000000,True,1.1224226952,True,1.3235391378,True,0.0068486115,True,1.2022120934,True
2025-05-10,1.0000000000,True,1.1224226952,False,1.3235391378,False,0.0068486115,False,1.2022120934,False
2025-05-11,1.0000000000,True,1.1224226952,False,1.3235391378,False,0.0068486115,False,1.2022120934,False
2025-05-12,1.0000000000,True,1.1229646206,True,1.3289036751,True,0.0068581463,True,1.1994290971,True
2025-05-13,1.0000000000,True,1.1095577478,True,1.3177834749,True,0.0067426338,True,1.1836140874,True
2025-05-14,1.0000000000,True,1.1185556650,True,1.3304418325,True,0.0067783743,True,1.1912845983,True
2025-05-15,1.0000000000,True,1.1181930304,True,1.3263479471,True,0.0068189570,True,1.1887327133,True
2025-05-16,1.0000000000,True,1.1192693710,True,1.3306896687,True,0.0068675184,True,1.1981788088,True
2025-05-17,1.0000000000,True,1.1192693710,False,1.3306896687,False,0.0068675184,False,1.1981788088,False
2025-05-18,1.0000000000,True,1.1192693710,False,1.3306896687,False,0.0068675184,False,1.1981788088,False
2025-05-19,1.0000000000,True,1.1187559366,True,1.3305498362,True,0.0068824070,True,1.1969597315,True
2025-05-20,1.0000000000,True,1.1233429909,True,1.3360053301,True,0.0068977407,True,1.1976190979,True
2025-05-21,1.0000000000,True,1.1287955046,True,1.3397821188,True,0.0069286624,True,1.2096110679,True
2025-05-22,1.0000000000,True,1.1331187487,True,1.3419036865,True,0.0069562795,True,1.2120183396,True
2025-05-23,1.0000000000,True,1.1281843185,True,1.3419216871,True,0.0069512991,True,1.2071754674,True
2025-05-24,1.0000000000,True,1.1281843185,False,1.3419216871,False,0.0069512991,False,1.2071754674,False
2025-05-25,1.0000000000,True,1.1281843185,False,1.3419216871,False,0.0069512991,False,1.2071754674,False
2025-05-26,1.0000000000,True,1.1372811794,True,1.3535828590,True,0.0069995168,True,1.2159385407,True
2025-05-27,1.0000000000,True,1.1388484240,True,1.3565207720,True,0.0070099191,True,1.2188878469,True
2025-05-28,1.0000000000,True,1.1337097883,True,1.3513330221,True,0.0069359189,True,1.2088097804,True
2025-05-29,1.0000000000,True,1.1233682632,True,1.3431472778,True,0.0068635590,True,1.2011290769,True
2025-05-30,1.0000000000,True,1.1378376484,True,1.3498992920,True,0.0069551183,True,1.2165894340,True
2025-05-31,1.0000000000,True,1.1378376484,False,1.3498992920,False,0.0069551183,False,1.2165894340,False
2025-06-01,1.0000000000,True,1.1378376484,False,1.3498992920,False,0.0069551183,False,1.2165894340,False
2025-06-02,1.0000000000,True,1.1353315115,True,1.3467288017,True,0.0069533775,True,1.2161455836,True
2025-06-03,1.0000000000,True,1.1453442574,True,1.3556748629,True,0.0070199087,True,1.2255802785,True
2025-06-04,1.0000000000,True,1.1384464502,True,1.3531433344,True,0.0069523138,True,1.2152292771,True
2025-06-05,1.0000000000,True,1.1422044039,True,1.3552155495,True,0.0070061376,True,1.2225387570,True
2025-06-06,1.0000000000,True,1.1453834772,True,1.3579576015,True,0.0069666017,True,1.2206286422,True
2025-06-07,1.0000000000,True,1.1453834772,False,1.3579576015,False,0.0069666017,False,1.2206286422,False
2025-06-08,1.0000000000,True,1.1453834772,False,1.3579576015,False,0.0069666017,False,1.2206286422,False
2025-06-09,1.0000000000,True,1.1407841444,True,1.3538211584,True,0.0069112802,True,1.2176412219,True
2025-06-10,1.0000000000,True,1.1428048611,True,1.3556748629,True,0.0069185004,True,1.2177301315,True
2025-06-11,1.0000000000,True,1.1437460184,True,1.3508219719,True,0.0069042656,True,1.2166634553,True
2025-06-12,1.0000000000,True,1.1509333849,True,1.3567416668,True,0.0069346683,True,1.2218963453,True
2025-06-13,1.0000000000,True,1.1600254774,True,1.3627691269,True,0.0069835328,True,1.2360939198,True
2025-06-14,1.0000000000,True,1.1600254774,False,1.3627691269,False,0.0069835328,False,1.2360939198,False
2025-06-15,1.0000000000,True,1.1600254774,False,1.3627691269,False,0.0069835328,False,1.2360939198,False
2025-06-16,1.0000000000,True,1.1556684971,True,1.3557006121,True,0.0069400585,True,1.2311996068,True
2025-06-17,1.0000000000,True,1.1551345587,True,1.3565576077,True,0.0069094651,True,1.2289390957,True
2025-06-18,1.0000000000,True,1.1482638121,True,1.3430029154,True,0.0068787142,True,1.2241850376,True
2025-06-19,1.0000000000,True,1.1477497816,True,1.3416515589,True,0.0068986926,True,1.2209117358,True
2025-06-20,1.0000000000,True,1.1512778997,True,1.3476725817,True,0.0068861986,True,1.2249047968,True
2025-06-21,1.0000000000,True,1.1512778997,False,1.3476725817,False,0.0068861986,False,1.2249047968,False
2025-06-22,1.0000000000,True,1.1512778997,False,1.3476725817,False,0.0068861986,False,1.2249047968,False
2025-06-23,1.0000000000,True,1.1500862837,True,1.3435983658,True,0.0068388227,True,1.2228676588,True
2025-06-24,1.0000000000,True,1.1599044800,True,1.3545364141,True,0.0068526948,True,1.2306480753,True
2025-06-25,1.0000000000,True,1.1612243652,True,1.3614889383,True,0.0068985975,True,1.2420046379,True
2025-06-26,1.0000000000,True,1.1683744192,True,1.3691878319,True,0.0069011204,True,1.2441989055,True
2025-06-27,1.0000000000,True,1.1692214012,True,1.3724763393,True,0.0069111366,True,1.2486108760,True
2025-06-28,1.0000000000,True,1.1692214012,False,1.3724763393,False,0.0069111366,False,1.2486108760,False
2025-06-29,1.0000000000,True,1.1692214012,False,1.3724763393,False,0.0069111366,False,1.2486108760,False
2025-06-30,1.0000000000,True,1.1727453470,True,1.3719680309,True,0.0069196012,True,1.2527403389,True
2025-07-01,1.0000000000,True,1.1787170172,True,1.3730605841,True,0.0069541028,True,1.2614794316,True
2025-07-02,1.0000000000,True,1.1805539131,True,1.3747216463,True,0.0069734038,True,1.2647181498,True
2025-07-03,1.0000000000,True,1.1800245047,True,1.3650014400,True,0.0069673787,True,1.2634239229,True
2025-07-04,1.0000000000,True,1.1771491766,True,1.3668297529,True,0.0069117095,True,1.2592872647,True
2025-07-05,1.0000000000,True,1.1771491766,False,1.3668297529,False,0.0069117095,False,1.2592872647,False
2025-07-06,1.0000000000,True,1.1771491766,False,1.3668297529,False,0.0069117095,False,1.2592872647,False
2025-07-07,1.0000000000,True,1.1780782938,True,1.3651504517,True,0.0069205110,True,1.2593823604,True
2025-07-08,1.0000000000,True,1.1736538410,True,1.3623607159,True,0.0068543855,True,1.2544532630,True
2025-07-09,1.0000000000,True,1.1724566221,True,1.3585295677,True,0.0068097161,True,1.2564866025,True
2025-07-10,1.0000000000,True,1.1731169224,True,1.3593051434,True,0.0068439712,True,1.2611453611,True
2025-07-11,1.0000000000,True,1.1702749729,True,1.3579576015,True,0.0068358310,True,1.2551460550,True
2025-07-12,1.0000000000,True,1.1702749729,False,1.3579576015,False,0.0068358310,False,1.2551460550,False
2025-07-13,1.0000000000,True,1.1702749729,False,1.3579576015,False,0.0068358310,False,1.2551460550,False
2025-07-14,1.0000000000,True,1.1682106256,True,1.3493820429,True,0.0067890968,True,1.2550358253,True
2025-07-15,1.0000000000,True,1.1666297913,True,1.3428045511,True,0.0067662658,True,1.2533370407,True
2025-07-16,1.0000000000,True,1.1607391834,True,1.3393335342,True,0.0067221919,True,1.2477852228,True
2025-07-17,1.0000000000,True,1.1635754108,True,1.3411099911,True,0.0067566195,True,1.2485641362,True
2025-07-18,1.0000000000,True,1.1615481377,True,1.3432555199,True,0.0067366378,True,1.2455161587,True
2025-07-19,1.0000000000,True,1.1615481377,False,1.3432555199,False,0.0067366378,False,1.2455161587,False
2025-07-20,1.0000000000,True,1.1615481377,False,1.3432555199,False,0.0067366378,False,1.2455161587,False
2025-07-21,1.0000000000,True,1.1630746126,True,1.3415975571,True,0.0067371371,True,1.2481589576,True
2025-07-22,1.0000000000,True,1.1694538593,True,1.3489451408,True,0.0067838465,True,1.2530009049,True
2025-07-23,1.0000000000,True,1.1739156246,True,1.3521553278,True,0.0068126850,True,1.2600330066,True
2025-07-24,1.0000000000,True,1.1774264574,True,1.3579576015,True,0.0068329815,True,1.2625513006,True
2025-07-25,1.0000000000,True,1.1756131649,True,1.3510043621,True,0.0068024895,True,1.2580673269,True
2025-07-26,1.0000000000,True,1.1756131649,False,1.3510043621,False,0.0068024895,False,1.2580673269,False
2025-07-27,1.0000000000,True,1.1756131649,False,1.3510043621,False,0.0068024895,False,1.2580673269,False
2025-07-28,1.0000000000,True,1.1756821871,True,1.3440859318,True,0.0067653046,True,1.2572765150,True
2025-07-29,1.0000000000,True,1.1596757174,True,1.3360232115,True,0.0067349590,True,1.2451749628,True
2025-07-30,1.0000000000,True,1.1550945044,True,1.3353630304,True,0.0067366378,True,1.2415111832,True
2025-07-31,1.0000000000,True,1.1429355145,True,1.3257676363,True,0.0067012452,True,1.2296946509,True
2025-08-01,1.0000000000,True,1.1423740387,True,1.3209865093,True,0.0066325311,True,1.2286521778,True
2025-08-02,1.0000000000,True,1.1423740387,False,1.3209865093,False,0.0066325311,False,1.2286521778,False
2025-08-03,1.0000000000,True,1.1423740387,False,1.3209865093,False,0.0066325311,False,1.2286521778,False
2025-08-04,1.0000000000,True,1.1586680412,True,1.3289920092,True,0.0067868849,True,1.2437656650,True
2025-08-05,1.0000000000,True,1.1584129333,True,1.3297518492,True,0.0068123140,True,1.2390192163,True
2025-08-06,1.0000000000,True,1.1579166651,True,1.3299463987,True,0.0067769044,True,1.2392802384,True
2025-08-07,1.0000000000,True,1.1663167477,True,1.3357912302,True,0.0067938017,True,1.2406178237,True
2025-08-08,1.0000000000,True,1.1676650047,True,1.3451527357,True,0.0068102724,True,1.2411721776,True
2025-08-09,1.0000000000,True,1.1676650047,False,1.3451527357,False,0.0068102724,False,1.2411721776,False
2025-08-10,1.0000000000,True,1.1676650047,False,1.3451527357,False,0.0068102724,False,1.2411721776,False
2025-08-11,1.0000000000,True,1.1647952795,True,1.3444474936,True,0.0067721313,True,1.2384360666,True
2025-08-12,1.0000000000,True,1.1618449688,True,1.3435261250,True,0.0067510549,True,1.2318304955,True
2025-08-13,1.0000000000,True,1.1677058935,True,1.3504207134,True,0.0067678233,True,1.2404793126,True
2025-08-14,1.0000000000,True,1.1712893248,True,1.3585295677,True,0.0067971726,True,1.2426682812,True
2025-08-15,1.0000000000,True,1.1651345491,True,1.3530701399,True,0.0067708935,True,1.2383594639,True
2025-08-16,1.0000000000,True,1.1651345491,False,1.3530701399,False,0.0067708935,False,1.2383594639,False
2025-08-17,1.0000000000,True,1.1651345491,False,1.3530701399,False,0.0067708935,False,1.2383594639,False
2025-08-18,1.0000000000,True,1.1706587076,True,1.3556381464,True,0.0067905255,True,1.2397719210,True
2025-08-19,1.0000000000,True,1.1668338776,True,1.3508219719,True,0.0067605938,True,1.2385281305,True
2025-08-20,1.0000000000,True,1.1642527580,True,1.3486795425,True,0.0067690599,True,1.2379761354,True
2025-08-21,1.0000000000,True,1.1651751995,True,1.3466380835,True,0.0067880371,True,1.2435645971,True
2025-08-22,1.0000000000,True,1.1613053083,True,1.3419395685,True,0.0067391802,True,1.2365983892,True
2025-08-23,1.0000000000,True,1.1613053083,False,1.3419395685,False,0.0067391802,False,1.2365983892,False
2025-08-24,1.0000000000,True,1.1613053083,False,1.3419395685,False,0.0067391802,False,1.2365983892,False
2025-08-25,1.0000000000,True,1.1709601879,True,1.3511140347,True,0.0067927862,True,1.2464787262,True
2025-08-26,1.0000000000,True,1.1618449688,True,1.3453518152,True,0.0067648926,True,1.2404331797,True
2025-08-27,1.0000000000,True,1.1639411449,True,1.3478723764,True,0.0067814078,True,1.2441524955,True
2025-08-28,1.0000000000,True,1.1647952795,True,1.3503841162,True,0.0067881292,True,1.2476606014,True
2025-08-29,1.0000000000,True,1.1681560278,True,1.3511140347,True,0.0068124535,True,1.2475205133,True
2025-08-30,1.0000000000,True,1.1681560278,False,1.3511140347,False,0.0068124535,False,1.2475205133,False
2025-08-31,1.0000000000,True,1.1681560278,False,1.3511140347,False,0.0068124535,False,1.2475205133,False
2025-09-01,1.0000000000,True,1.1691803932,True,1.3503841162,True,0.0067982352,True,1.2490008197,True
2025-09-02,1.0000000000,True,1.1715912819,True,1.3547931910,True,0.0067988361,True,1.2497657045,True
2025-09-03,1.0000000000,True,1.1636025906,True,1.3383476734,True,0.0067318306,True,1.2417886975,True
2025-09-04,1.0000000000,True,1.1660448313,True,1.3441582918,True,0.0067576702,True,1.2440905902,True
2025-09-05,1.0000000000,True,1.1656913757,True,1.3444474936,True,0.0067396799,True,1.2420354402,True
2025-09-06,1.0000000000,True,1.1656913757,False,1.3444474936,False,0.0067396799,False,1.2420354402,False
2025-09-07,1.0000000000,True,1.1656913757,False,1.3444474936,False,0.0067396799,False,1.2420354402,False
2025-09-08,1.0000000000,True,1.1713168621,True,1.3492909670,True,0.0067410885,True,1.2512826097,True
2025-09-09,1.0000000000,True,1.1769136190,True,1.3553073406,True,0.0067859179,True,1.2613362233,True
2025-09-10,1.0000000000,True,1.1702749729,True,1.3521096706,True,0.0067846288,True,1.2542330662,True
2025-09-11,1.0000000000,True,1.1703435183,True,1.3534730673,True,0.0067873917,True,1.2520815952,True
2025-09-12,1.0000000000,True,1.1734747887,True,1.3576626778,True,0.0067923709,True,1.2563603312,True
2025-09-13,1.0000000000,True,1.1734747887,False,1.3576626778,False,0.0067923709,False,1.2563603312,False
2025-09-14,1.0000000000,True,1.1734747887,False,1.3576626778,False,0.0067923709,False,1.2563603312,False
2025-09-15,1.0000000000,True,1.1726491451,True,1.3553440571,True,0.0067720396,True,1.2551776064,True
2025-09-16,1.0000000000,True,1.1763737202,True,1.3602666855,True,0.0067840304,True,1.2583998628,True
2025-09-17,1.0000000000,True,1.1871408224,True,1.3653928041,True,0.0068299949,True,1.2724103101,True
2025-09-18,1.0000000000,True,1.1826341152,True,1.3629734516,True,0.0068077687,True,1.2684882600,True
2025-09-19,1.0000000000,True,1.1791062355,True,1.3556013107,True,0.0067591770,True,1.2618137740,True
2025-09-20,1.0000000000,True,1.1791062355,False,1.3556013107,False,0.0067591770,False,1.2618137740,False
2025-09-21,1.0000000000,True,1.1791062355,False,1.3556013107,False,0.0067591770,False,1.2618137740,False
2025-09-22,1.0000000000,True,1.1736950874,True,1.3464748859,True,0.0067524224,True,1.2559184874,True
2025-09-23,1.0000000000,True,1.1801080704,True,1.3514974117,True,0.0067693346,True,1.2620048385,True
2025-09-24,1.0000000000,True,1.1814465523,True,1.3524478674,True,0.0067744708,True,1.2635356310,True
2025-09-25,1.0000000000,True,1.1744670868,True,1.3452396393,True,0.0067226436,True,1.2583998628,True
2025-09-26,1.0000000000,True,1.1662759781,True,1.3336534500,True,0.0066728505,True,1.2499374928,True
2025-09-27,1.0000000000,True,1.1662759781,False,1.3336534500,False,0.0066728505,False,1.2499374928,False
2025-09-28,1.0000000000,True,1.1662759781,False,1.3336534500,False,0.0066728505,False,1.2499374928,False
2025-09-29,1.0000000000,True,1.1708230972,True,1.3408241272,True,0.0066932165,True,1.2539499625,True
2025-09-30,1.0000000000,True,1.1731443405,True,1.3437248468,True,0.0067297015,True,1.2543903283,True
2025-10-01,1.0000000000,True,1.1735849380,True,1.3443390131,True,0.0067568940,True,1.2559658734,True
2025-10-02,1.0000000000,True,1.1734058857,True,1.3480178118,True,0.0067988826,True,1.2548468650,True
2025-10-03,1.0000000000,True,1.1725116968,True,1.3446643353,True,0.0067957869,True,1.2546736309,True
2025-10-04,1.0000000000,True,1.1725116968,False,1.3446643353,False,0.0067957869,False,1.2546736309,False
2025-10-05,1.0000000000,True,1.1725116968,False,1.3446643353,False,0.0067957869,False,1.2546736309,False
2025-10-06,1.0000000000,True,1.1712481976,True,1.3433817625,True,0.0066842238,True,1.2544060848,True
2025-10-07,1.0000000000,True,1.1710287333,True,1.3484903574,True,0.0066519882,True,1.2580040291,True
2025-10-08,1.0000000000,True,1.1654603481,True,1.3421016932,True,0.0065767409,True,1.2522070079,True
2025-10-09,1.0000000000,True,1.1631964445,True,1.3401411772,True,0.0065496466,True,1.2476606014,True
2025-10-10,1.0000000000,True,1.1566443443,True,1.3304948807,True,0.0065374434,True,1.2404331797,True
2025-10-11,1.0000000000,True,1.1566443443,False,1.3304948807,False,0.0065374434,False,1.2404331797,False
2025-10-12,1.0000000000,True,1.1566443443,False,1.3304948807,False,0.0065374434,False,1.2404331797,False
2025-10-13,1.0000000000,True,1.1602408886,True,1.3336178064,True,0.0065765244,True,1.2463854766,True
2025-10-14,1.0000000000,True,1.1566845179,True,1.3332622051,True,0.0065602160,True,1.2433326340,True
2025-10-15,1.0000000000,True,1.1602274179,True,1.3321610689,True,0.0065906109,True,1.2476139328,True
2025-10-16,1.0000000000,True,1.1646324396,True,1.3404465914,True,0.0066236571,True,1.2554140108,True
2025-10-17,1.0000000000,True,1.1699601412,True,1.3445558548,True,0.0066613378,True,1.2628973339,True
2025-10-18,1.0000000000,True,1.1699601412,False,1.3445558548,False,0.0066613378,False,1.2628973339,False
2025-10-19,1.0000000000,True,1.1699601412,False,1.3445558548,False,0.0066613378,False,1.2628973339,False
2025-10-20,1.0000000000,True,1.1657457352,True,1.3425881863,True,0.0066269055,True,1.2600965088,True
2025-10-21,1.0000000000,True,1.1644425392,True,1.3405184746,True,0.0066324432,True,1.2619888905,True
2025-10-22,1.0000000000,True,1.1600389481,True,1.3365231752,True,0.0065835816,True,1.2551776064,True
2025-10-23,1.0000000000,True,1.1608469486,True,1.3351848125,True,0.0065809392,True,1.2561393705,True
2025-10-24,1.0000000000,True,1.1618045568,True,1.3327469826,True,0.0065529938,True,1.2577350610,True
2025-10-25,1.0000000000,True,1.1618045568,False,1.3327469826,False,0.0065529938,False,1.2577350610,False
2025-10-26,1.0000000000,True,1.1618045568,False,1.3327469826,False,0.0065529938,False,1.2577350610,False
2025-10-27,1.0000000000,True,1.1631693840,True,1.3322391510,True,0.0065333427,True,1.2562024807,True
2025-10-28,1.0000000000,True,1.1651751995,True,1.3341000080,True,0.0065491315,True,1.2584789651,True
2025-10-29,1.0000000000,True,1.1657865047,True,1.3279330730,True,0.0065906109,True,1.2613044563,True
2025-10-30,1.0000000000,True,1.1603351831,True,1.3195397854,True,0.0065478451,True,1.2503126114,True
2025-10-31,1.0000000000,True,1.1572467089,True,1.3159106970,True,0.0064977261,True,1.2475205133,True
2025-11-01,1.0000000000,True,1.1572467089,False,1.3159106970,False,0.0064977261,False,1.2475205133,False
2025-11-02,1.0000000000,True,1.1572467089,False,1.3159106970,False,0.0064977261,False,1.2475205133,False
2025-11-03,1.0000000000,True,1.1528042555,True,1.3134735823,True,0.0064852943,True,1.2423903736,True
2025-11-04,1.0000000000,True,1.1519144773,True,1.3135254383,True,0.0064849163,True,1.2374246322,True
2025-11-05,1.0000000000,True,1.1485539675,True,1.3021697998,True,0.0065122395,True,1.2340651740,True
2025-11-06,1.0000000000,True,1.1496764421,True,1.3052598238,True,0.0064904299,True,1.2349795712,True
2025-11-07,1.0000000000,True,1.1549211740,True,1.3140950203,True,0.0065381699,True,1.2408487749,True
2025-11-08,1.0000000000,True,1.1549211740,False,1.3140950203,False,0.0065381699,False,1.2408487749,False
2025-11-09,1.0000000000,True,1.1549211740,False,1.3140950203,False,0.0065381699,False,1.2408487749,False
2025-11-10,1.0000000000,True,1.1543878317,True,1.3142677546,True,0.0065012319,True,1.2390192163,True
2025-11-11,1.0000000000,True,1.1557220221,True,1.3172974586,True,0.0064873563,True,1.2419891914,True
2025-11-12,1.0000000000,True,1.1587486267,True,1.3152875900,True,0.0064903457,True,1.2494846138,True
2025-11-13,1.0000000000,True,1.1592186689,True,1.3127838373,True,0.0064635811,True,1.2534156013,True
2025-11-14,1.0000000000,True,1.1631964445,True,1.3152183294,True,0.0064669251,True,1.2606048511,True
2025-11-15,1.0000000000,True,1.1631964445,False,1.3152183294,False,0.0064669251,False,1.2606048511,False
2025-11-16,1.0000000000,True,1.1631964445,False,1.3152183294,False,0.0064669251,False,1.2606048511,False
2025-11-17,1.0000000000,True,1.1615345478,True,1.3160146475,True,0.0064689327,True,1.2590018751,True
2025-11-18,1.0000000000,True,1.1590573788,True,1.3156163692,True,0.0064402699,True,1.2559027869,True
2025-11-19,1.0000000000,True,1.1581177711,True,1.3147515059,True,0.0064288835,True,1.2496876007,True
2025-11-20,1.0000000000,True,1.1540681124,True,1.3061821461,True,0.0063697511,True,1.2415882682,True
2025-11-21,1.0000000000,True,1.1534557343,True,1.3084894419,True,0.0063544915,True,1.2414957489,True
2025-11-22,1.0000000000,True,1.1534557343,False,1.3084894419,False,0.0063544915,False,1.2414957489,False
2025-11-23,1.0000000000,True,1.1534557343,False,1.3084894419,False,0.0063544915,False,1.2414957489,False
2025-11-24,1.0000000000,True,1.1507612467,True,1.3096375465,True,0.0063821095,True,1.2365983892,True
2025-11-25,1.0000000000,True,1.1520073414,True,1.3106160164,True,0.0063719026,True,1.2366900888,True
2025-11-26,1.0000000000,True,1.1564837694,True,1.3158707619,True,0.0064008195,True,1.2376543959,True
2025-11-27,1.0000000000,True,1.1602139473,True,1.3244997263,True,0.0064004507,True,1.2445705871,True
2025-11-28,1.0000000000,True,1.1599851847,True,1.3241175413,True,0.0063986078,True,1.2428535913,True
2025-11-29,1.0000000000,True,1.1599851847,False,1.3241175413,False,0.0063986078,False,1.2428535913,False
2025-11-30,1.0000000000,True,1.1599851847,False,1.3241175413,False,0.0063986078,False,1.2428535913,False
2025-12-01,1.0000000000,True,1.1601465940,True,1.3239772320,True,0.0064132166,True,1.2448029201,True
2025-12-02,1.0000000000,True,1.1607661247,True,1.3209341764,True,0.0064285115,True,1.2428535913,True
2025-12-03,1.0000000000,True,1.1627906561,True,1.3219469786,True,0.0064181966,True,1.2455471354,True
2025-12-04,1.0000000000,True,1.1666841507,True,1.3348817825,True,0.0064471625,True,1.2503751375,True
2025-12-05,1.0000000000,True,1.1642799377,True,1.3321788311,True,0.0064457079,True,1.2441214959,True
2025-12-06,1.0000000000,True,1.1642799377,False,1.3321788311,False,0.0064457079,False,1.2441214959,False
2025-12-07,1.0000000000,True,1.1642799377,False,1.3321788311,False,0.0064457079,False,1.2441214959,False
2025-12-08,1.0000000000,True,1.1640224457,True,1.3324593306,True,0.0064374921,True,1.2424675679,True
2025-12-09,1.0000000000,True,1.1641442776,True,1.3326793909,True,0.0064166733,True,1.2397134737,True
2025-12-10,1.0000000000,True,1.1628313065,True,1.3303532600,True,0.0063760059,True,1.2408487749,True
2025-12-11,1.0000000000,True,1.1701242924,True,1.3388315439,True,0.0064188975,True,1.2509694945,True
2025-12-12,1.0000000000,True,1.1739431620,True,1.3390465975,True,0.0064280984,True,1.2581939416,True
2025-12-13,1.0000000000,True,1.1739431620,False,1.3390465975,False,0.0064280984,False,1.2581939416,False
2025-12-14,1.0000000000,True,1.1739431620,False,1.3390465975,False,0.0064280984,False,1.2581939416,False
2025-12-15,1.0000000000,True,1.1737639904,True,1.3367732763,True,0.0064148619,True,1.2560604680,True
2025-12-16,1.0000000000,True,1.1754610538,True,1.3380612135,True,0.0064509886,True,1.2562655974,True
2025-12-17,1.0000000000,True,1.1749500036,True,1.3424998522,True,0.0064608665,True,1.2575452870,True
2025-12-18,1.0000000000,True,1.1742326021,True,1.3374598026,True,0.0064310752,True,1.2575452870,True
2025-12-19,1.0000000000,True,1.1725666523,True,1.3385393620,True,0.0064273136,True,1.2594300081,True
2025-12-20,1.0000000000,True,1.1725666523,False,1.3385393620,False,0.0064273136,False,1.2594300081,False
2025-12-21,1.0000000000,True,1.1725666523,False,1.3385393620,False,0.0064273136,False,1.2594300081,False
2025-12-22,1.0000000000,True,1.1708093882,True,1.3377031088,True,0.0063421195,True,1.2565497477,True
2025-12-23,1.0000000000,True,1.1765950918,True,1.3469899893,True,0.0063744208,True,1.2635356310,True
2025-12-24,1.0000000000,True,1.1795513630,True,1.3513604403,True,0.0064030327,True,1.2699218747,True
2025-12-25,1.0000000000,True,1.1795513630,False,1.3513604403,False,0.0064030327,False,1.2699218747,False
2025-12-26,1.0000000000,True,1.1785364151,True,1.3508949280,True,0.0064065605,True,1.2689550221,True
2025-12-27,1.0000000000,True,1.1785364151,False,1.3508949280,False,0.0064065605,False,1.2689550221,False
2025-12-28,1.0000000000,True,1.1785364151,False,1.3508949280,False,0.0064065605,False,1.2689550221,False
2025-12-29,1.0000000000,True,1.1772738695,True,1.3497279882,True,0.0063912875,True,1.2670417068,True
2025-12-30,1.0000000000,True,1.1772878170,True,1.3510993719,True,0.0064097222,True,1.2679092425,True
2025-12-31,1.0000000000,True,1.1747292280,True,1.3467197418,True,0.0063933307,True,1.2631047026,True
