Date,strategy,block,log_return,mve_gamma,optimizer_success,allocation_method
2005-01-03,gaussian,1,-0.0084183800375441306,0.01,True,constrained_regularized_mve
2005-01-04,gaussian,1,-0.0059559671446570185,0.01,True,constrained_regularized_mve
2005-01-05,gaussian,1,0.010090714985176706,0.01,True,constrained_regularized_mve
2005-01-06,gaussian,1,-0.0058679628811868292,0.01,True,constrained_regularized_mve
2005-01-07,gaussian,1,0,0.01,True,constrained_regularized_mve
2005-01-10,gaussian,1,-0.0032867813971631712,0.01,True,constrained_regularized_mve
2005-01-11,gaussian,1,-0.0011912250935894738,0.01,True,constrained_regularized_mve
2005-01-12,gaussian,1,-0.0043469900337770231,0.01,True,constrained_regularized_mve
2005-01-13,gaussian,1,0.0012464775987491429,0.01,True,constrained_regularized_mve
2005-01-14,gaussian,1,0,0.01,True,constrained_regularized_mve
2005-01-17,gaussian,1,0.0023876589758224619,0.01,True,constrained_regularized_mve
2005-01-18,gaussian,1,-0.0029008866738118484,0.01,True,constrained_regularized_mve
2005-01-19,gaussian,1,-0.0076147114233943965,0.01,True,constrained_regularized_mve
2005-01-20,gaussian,1,-0.0029341346144812724,0.01,True,constrained_regularized_mve
2005-01-21,gaussian,1,0,0.01,True,constrained_regularized_mve
2005-01-24,gaussian,1,0.0014866083459926405,0.01,True,constrained_regularized_mve
2005-01-25,gaussian,1,0.0025895906300857927,0.01,True,constrained_regularized_mve
2005-01-26,gaussian,1,0.00147951515230733,0.01,True,constrained_regularized_mve
2005-01-27,gaussian,1,0.00033584327620617339,0.01,True,constrained_regularized_mve
2005-01-28,gaussian,1,0,0.01,True,constrained_regularized_mve
2005-01-31,gaussian,1,0.006740620357527055,0.01,True,constrained_regularized_mve
2005-02-01,gaussian,1,0.0027479996432926016,0.01,True,constrained_regularized_mve
2005-02-02,gaussian,1,-0.0042868401805240966,0.01,True,constrained_regularized_mve
2005-02-03,gaussian,1,-0.00060492750476968851,0.01,True,constrained_regularized_mve
2005-02-04,gaussian,1,0,0.01,True,constrained_regularized_mve
2005-02-07,gaussian,1,0.0036250847173300567,0.01,True,constrained_regularized_mve
2005-02-08,gaussian,1,-0.0024732501486768705,0.01,True,constrained_regularized_mve
2005-02-09,gaussian,1,0.0072310909534857772,0.01,True,constrained_regularized_mve
2005-02-10,gaussian,1,0.0086785314726433235,0.01,True,constrained_regularized_mve
2005-02-11,gaussian,1,0,0.01,True,constrained_regularized_mve
2005-02-14,gaussian,1,0.0055881917402077286,0.01,True,constrained_regularized_mve
2005-02-15,gaussian,1,-0.0088546609158549824,0.01,True,constrained_regularized_mve
2005-02-16,gaussian,1,0.00030148676703228226,0.01,True,constrained_regularized_mve
2005-02-17,gaussian,1,-0.0039575351395631283,0.01,True,constrained_regularized_mve
2005-02-18,gaussian,1,0,0.01,True,constrained_regularized_mve
2005-02-21,gaussian,1,0.0038981486756497416,0.01,True,constrained_regularized_mve
2005-02-22,gaussian,1,-0.0037416137687933293,0.01,True,constrained_regularized_mve
2005-02-23,gaussian,1,-0.0037856464001835384,0.01,True,constrained_regularized_mve
2005-02-24,gaussian,1,0.01076722418718485,0.01,True,constrained_regularized_mve
2005-02-25,gaussian,1,0,0.01,True,constrained_regularized_mve
2005-02-28,gaussian,1,0.005301168414977942,0.01,True,constrained_regularized_mve
2005-03-01,gaussian,1,-0.0028365599663794203,0.01,True,constrained_regularized_mve
2005-03-02,gaussian,1,-0.0027577664104243395,0.01,True,constrained_regularized_mve
2005-03-03,gaussian,1,0.015857122751350532,0.01,True,constrained_regularized_mve
2005-03-04,gaussian,1,0,0.01,True,constrained_regularized_mve
2005-03-07,gaussian,1,0.0025956113047566625,0.01,True,constrained_regularized_mve
2005-03-08,gaussian,1,-0.0042605138974408903,0.01,True,constrained_regularized_mve
2005-03-09,gaussian,1,-0.00053170627545892038,0.01,True,constrained_regularized_mve
2005-03-10,gaussian,1,0.0012590321868154858,0.01,True,constrained_regularized_mve
2005-03-11,gaussian,1,0,0.01,True,constrained_regularized_mve
2005-03-14,gaussian,1,0.002342938280735347,0.01,True,constrained_regularized_mve
2005-03-15,gaussian,1,-0.011299820392488657,0.01,True,constrained_regularized_mve
2005-03-16,gaussian,1,-0.0036858138098852041,0.01,True,constrained_regularized_mve
2005-03-17,gaussian,1,-0.00043502532966852394,0.01,True,constrained_regularized_mve
2005-03-18,gaussian,1,0,0.01,True,constrained_regularized_mve
2005-03-21,gaussian,1,-0.0064051427823446491,0.01,True,constrained_regularized_mve
2005-03-22,gaussian,1,-0.0054453875970648076,0.01,True,constrained_regularized_mve
2005-03-23,gaussian,1,0.0015185386789074377,0.01,True,constrained_regularized_mve
2005-03-24,gaussian,1,0.0095610791149653759,0.01,True,constrained_regularized_mve
2005-03-25,gaussian,1,0,0.01,True,constrained_regularized_mve
2005-03-28,gaussian,1,-0.0066903066103998375,0.01,True,constrained_regularized_mve
2005-03-29,gaussian,1,-0.00060278137879526408,0.01,True,constrained_regularized_mve
2005-03-30,gaussian,1,0.0049392389570190147,0.01,True,constrained_regularized_mve
2005-03-31,gaussian,1,-0.0016419536833736129,0.01,True,constrained_regularized_mve
2005-04-01,gaussian,1,0,0.01,True,constrained_regularized_mve
2005-04-04,gaussian,1,0.0047207742061329818,0.01,True,constrained_regularized_mve
2005-04-05,gaussian,1,0.0064852842766723985,0.01,True,constrained_regularized_mve
2005-04-06,gaussian,1,0.00060238766487734677,0.01,True,constrained_regularized_mve
2005-04-07,gaussian,1,0.0032026353133877,0.01,True,constrained_regularized_mve
2005-04-08,gaussian,1,0,0.01,True,constrained_regularized_mve
2005-04-11,gaussian,1,-0.0018002897372436997,0.01,True,constrained_regularized_mve
2005-04-12,gaussian,1,0.0041879824946818977,0.01,True,constrained_regularized_mve
2005-04-13,gaussian,1,-0.011836964088374556,0.01,True,constrained_regularized_mve
2005-04-14,gaussian,1,-0.012350380875109594,0.01,True,constrained_regularized_mve
2005-04-15,gaussian,1,0,0.01,True,constrained_regularized_mve
2005-04-18,gaussian,1,0.0071768056386353413,0.01,True,constrained_regularized_mve
2005-04-19,gaussian,1,-0.0079492546009084179,0.01,True,constrained_regularized_mve
2005-04-20,gaussian,1,0.0015014559446768281,0.01,True,constrained_regularized_mve
2005-04-21,gaussian,1,0.004861624900901567,0.01,True,constrained_regularized_mve
2005-04-22,gaussian,1,0,0.01,True,constrained_regularized_mve
2005-04-25,gaussian,1,-0.0037679083796661726,0.01,True,constrained_regularized_mve
2005-04-26,gaussian,1,-0.0083608344173601735,0.01,True,constrained_regularized_mve
2005-04-27,gaussian,1,-3.7034426213282886e-05,0.01,True,constrained_regularized_mve
2005-04-28,gaussian,1,0.0046217203167510179,0.01,True,constrained_regularized_mve
2005-04-29,gaussian,1,0,0.01,True,constrained_regularized_mve
2005-05-02,gaussian,1,0.0053043090146470007,0.01,True,constrained_regularized_mve
2005-05-03,gaussian,1,0.011519183286017918,0.01,True,constrained_regularized_mve
2005-05-04,gaussian,1,0.0024522212983695375,0.01,True,constrained_regularized_mve
2005-05-05,gaussian,1,-0.0066822314981751551,0.01,True,constrained_regularized_mve
2005-05-06,gaussian,1,0,0.01,True,constrained_regularized_mve
2005-05-09,gaussian,1,-0.011299989287033732,0.01,True,constrained_regularized_mve
2005-05-10,gaussian,1,-0.002594443283152338,0.01,True,constrained_regularized_mve
2005-05-11,gaussian,1,-0.0030279030929381131,0.01,True,constrained_regularized_mve
2005-05-12,gaussian,1,-0.0089196040412601908,0.01,True,constrained_regularized_mve
2005-05-13,gaussian,1,0,0.01,True,constrained_regularized_mve
2005-05-16,gaussian,1,-0.0035125948655733573,0.01,True,constrained_regularized_mve
2005-05-17,gaussian,1,0.017326632642778741,0.01,True,constrained_regularized_mve
2005-05-18,gaussian,1,0.002891312282927667,0.01,True,constrained_regularized_mve
2005-05-19,gaussian,1,-0.0057755452166301235,0.01,True,constrained_regularized_mve
2005-05-20,gaussian,1,0,0.01,True,constrained_regularized_mve
2005-05-23,gaussian,1,-0.0026461432660498524,0.01,True,constrained_regularized_mve
2005-05-24,gaussian,1,-0.0014504622652238305,0.01,True,constrained_regularized_mve
2005-05-25,gaussian,1,-0.0030131678325643076,0.01,True,constrained_regularized_mve
2005-05-26,gaussian,1,0.0026971655171659551,0.01,True,constrained_regularized_mve
2005-05-27,gaussian,1,0,0.01,True,constrained_regularized_mve
2005-05-30,gaussian,1,-0.0094108809569839157,0.01,True,constrained_regularized_mve
2005-05-31,gaussian,1,0.0082231333316023416,0.01,True,constrained_regularized_mve
2005-06-01,gaussian,1,0.0024123421730128194,0.01,True,constrained_regularized_mve
2005-06-02,gaussian,1,-0.0072995118356625772,0.01,True,constrained_regularized_mve
2005-06-03,gaussian,1,0,0.01,True,constrained_regularized_mve
2005-06-06,gaussian,1,0.0086006484201933409,0.01,True,constrained_regularized_mve
2005-06-07,gaussian,1,-0.0015906435108250594,0.01,True,constrained_regularized_mve
2005-06-08,gaussian,1,0.00087389706350073928,0.01,True,constrained_regularized_mve
2005-06-09,gaussian,1,-0.0012842697350350916,0.01,True,constrained_regularized_mve
2005-06-10,gaussian,1,0,0.01,True,constrained_regularized_mve
2005-06-13,gaussian,1,-0.0035721555477304934,0.01,True,constrained_regularized_mve
2005-06-14,gaussian,1,0.0097962156674951308,0.01,True,constrained_regularized_mve
2005-06-15,gaussian,1,0.0045223822129589076,0.01,True,constrained_regularized_mve
2005-06-16,gaussian,1,0.01166882442800196,0.01,True,constrained_regularized_mve
2005-06-17,gaussian,1,0,0.01,True,constrained_regularized_mve
2005-06-20,gaussian,1,0.0053976470091301708,0.01,True,constrained_regularized_mve
2005-06-21,gaussian,1,-0.0016511124436847733,0.01,True,constrained_regularized_mve
2005-06-22,gaussian,1,-0.0032623531796110113,0.01,True,constrained_regularized_mve
2005-06-23,gaussian,1,-0.0020668949983084941,0.01,True,constrained_regularized_mve
2005-06-24,gaussian,1,0,0.01,True,constrained_regularized_mve
2005-06-27,gaussian,1,0.0017811477633179638,0.01,True,constrained_regularized_mve
2005-06-28,gaussian,1,0.0036361914104373664,0.01,True,constrained_regularized_mve
2005-06-29,gaussian,1,-0.0051034408523378746,0.01,True,constrained_regularized_mve
2005-06-30,gaussian,1,-0.0021163272849219809,0.01,True,constrained_regularized_mve
2005-07-01,gaussian,2,0,9.9999999999999995e-07,True,constrained_regularized_mve
2005-07-04,gaussian,2,0.0014026855313951886,9.9999999999999995e-07,True,constrained_regularized_mve
2005-07-05,gaussian,2,-0.00095329664927868687,9.9999999999999995e-07,True,constrained_regularized_mve
2005-07-06,gaussian,2,-0.0064764630915721683,9.9999999999999995e-07,True,constrained_regularized_mve
2005-07-07,gaussian,2,0.01501825603433974,9.9999999999999995e-07,True,constrained_regularized_mve
2005-07-08,gaussian,2,0,9.9999999999999995e-07,True,constrained_regularized_mve
2005-07-11,gaussian,2,0.0066243540614274194,9.9999999999999995e-07,True,constrained_regularized_mve
2005-07-12,gaussian,2,0.0031075546193010005,9.9999999999999995e-07,True,constrained_regularized_mve
2005-07-13,gaussian,2,0.0074388755486671735,9.9999999999999995e-07,True,constrained_regularized_mve
2005-07-14,gaussian,2,-0.0014110783418073917,9.9999999999999995e-07,True,constrained_regularized_mve
2005-07-15,gaussian,2,0,9.9999999999999995e-07,True,constrained_regularized_mve
2005-07-18,gaussian,2,-0.002763188710010528,9.9999999999999995e-07,True,constrained_regularized_mve
2005-07-19,gaussian,2,0.0041513549634166974,9.9999999999999995e-07,True,constrained_regularized_mve
2005-07-20,gaussian,2,0.0031267601148577307,9.9999999999999995e-07,True,constrained_regularized_mve
2005-07-21,gaussian,2,-0.0010288080167832102,9.9999999999999995e-07,True,constrained_regularized_mve
2005-07-22,gaussian,2,0,9.9999999999999995e-07,True,constrained_regularized_mve
2005-07-25,gaussian,2,-0.002070797470156815,9.9999999999999995e-07,True,constrained_regularized_mve
2005-07-26,gaussian,2,0.0029547096108535247,9.9999999999999995e-07,True,constrained_regularized_mve
2005-07-27,gaussian,2,0.0037968535888445068,9.9999999999999995e-07,True,constrained_regularized_mve
2005-07-28,gaussian,2,-0.0067590983801977941,9.9999999999999995e-07,True,constrained_regularized_mve
2005-07-29,gaussian,2,0,9.9999999999999995e-07,True,constrained_regularized_mve
2005-08-01,gaussian,2,0.0076700077407788805,9.9999999999999995e-07,True,constrained_regularized_mve
2005-08-02,gaussian,2,0.0099520362961634055,9.9999999999999995e-07,True,constrained_regularized_mve
2005-08-03,gaussian,2,-0.0076639245810307304,9.9999999999999995e-07,True,constrained_regularized_mve
2005-08-04,gaussian,2,-0.0042401073732716513,9.9999999999999995e-07,True,constrained_regularized_mve
2005-08-05,gaussian,2,0,9.9999999999999995e-07,True,constrained_regularized_mve
2005-08-08,gaussian,2,0.0073398365386334909,9.9999999999999995e-07,True,constrained_regularized_mve
2005-08-09,gaussian,2,0.0039957905741977474,9.9999999999999995e-07,True,constrained_regularized_mve
2005-08-10,gaussian,2,0.0041127246249656737,9.9999999999999995e-07,True,constrained_regularized_mve
2005-08-11,gaussian,2,-0.00038390343234130317,9.9999999999999995e-07,True,constrained_regularized_mve
2005-08-12,gaussian,2,0,9.9999999999999995e-07,True,constrained_regularized_mve
2005-08-15,gaussian,2,-0.0063912812671962022,9.9999999999999995e-07,True,constrained_regularized_mve
2005-08-16,gaussian,2,-0.0034415945155054184,9.9999999999999995e-07,True,constrained_regularized_mve
2005-08-17,gaussian,2,-0.009420361627508091,9.9999999999999995e-07,True,constrained_regularized_mve
2005-08-18,gaussian,2,0.0082416136621445407,9.9999999999999995e-07,True,constrained_regularized_mve
2005-08-19,gaussian,2,0,9.9999999999999995e-07,True,constrained_regularized_mve
2005-08-22,gaussian,2,-0.0049928117820766983,9.9999999999999995e-07,True,constrained_regularized_mve
2005-08-23,gaussian,2,-0.0008694923653596576,9.9999999999999995e-07,True,constrained_regularized_mve
2005-08-24,gaussian,2,0.00024755979936843565,9.9999999999999995e-07,True,constrained_regularized_mve
2005-08-25,gaussian,2,-0.0070363320376867922,9.9999999999999995e-07,True,constrained_regularized_mve
2005-08-26,gaussian,2,0,9.9999999999999995e-07,True,constrained_regularized_mve
2005-08-29,gaussian,2,-0.00043884338722962961,9.9999999999999995e-07,True,constrained_regularized_mve
2005-08-30,gaussian,2,0.011779029302743899,9.9999999999999995e-07,True,constrained_regularized_mve
2005-08-31,gaussian,2,0.013359194890551726,9.9999999999999995e-07,True,constrained_regularized_mve
2005-09-01,gaussian,2,0.0029765561186395626,9.9999999999999995e-07,True,constrained_regularized_mve
2005-09-02,gaussian,2,0,9.9999999999999995e-07,True,constrained_regularized_mve
2005-09-05,gaussian,2,0.0069093896715352685,9.9999999999999995e-07,True,constrained_regularized_mve
2005-09-06,gaussian,2,0.0022024797009179294,9.9999999999999995e-07,True,constrained_regularized_mve
2005-09-07,gaussian,2,-0.0019961136663714254,9.9999999999999995e-07,True,constrained_regularized_mve
2005-09-08,gaussian,2,0.0034225179379476539,9.9999999999999995e-07,True,constrained_regularized_mve
2005-09-09,gaussian,2,0,9.9999999999999995e-07,True,constrained_regularized_mve
2005-09-12,gaussian,2,-0.010242809533633239,9.9999999999999995e-07,True,constrained_regularized_mve
2005-09-13,gaussian,2,0.0014681209424980512,9.9999999999999995e-07,True,constrained_regularized_mve
2005-09-14,gaussian,2,-0.0038546517837644298,9.9999999999999995e-07,True,constrained_regularized_mve
2005-09-15,gaussian,2,0.0075959941818060303,9.9999999999999995e-07,True,constrained_regularized_mve
2005-09-16,gaussian,2,0,9.9999999999999995e-07,True,constrained_regularized_mve
2005-09-19,gaussian,2,0.0044708543436740604,9.9999999999999995e-07,True,constrained_regularized_mve
2005-09-20,gaussian,2,-0.012860875453648821,9.9999999999999995e-07,True,constrained_regularized_mve
2005-09-21,gaussian,2,0.00070668693018485545,9.9999999999999995e-07,True,constrained_regularized_mve
2005-09-22,gaussian,2,-0.0014082580512050392,9.9999999999999995e-07,True,constrained_regularized_mve
2005-09-23,gaussian,2,0,9.9999999999999995e-07,True,constrained_regularized_mve
2005-09-26,gaussian,2,-0.004897064818979233,9.9999999999999995e-07,True,constrained_regularized_mve
2005-09-27,gaussian,2,0.028307672664092967,9.9999999999999995e-07,True,constrained_regularized_mve
2005-09-28,gaussian,2,0.0031503465473391515,9.9999999999999995e-07,True,constrained_regularized_mve
2005-09-29,gaussian,2,0.00079149871146134748,9.9999999999999995e-07,True,constrained_regularized_mve
2005-09-30,gaussian,2,0,9.9999999999999995e-07,True,constrained_regularized_mve
2005-10-03,gaussian,2,-0.0040505590583315154,9.9999999999999995e-07,True,constrained_regularized_mve
2005-10-04,gaussian,2,-0.0068414648623313506,9.9999999999999995e-07,True,constrained_regularized_mve
2005-10-05,gaussian,2,-0.0076293526727823115,9.9999999999999995e-07,True,constrained_regularized_mve
2005-10-06,gaussian,2,0.00022727840253644572,9.9999999999999995e-07,True,constrained_regularized_mve
2005-10-07,gaussian,2,0,9.9999999999999995e-07,True,constrained_regularized_mve
2005-10-10,gaussian,2,-0.00080249070350338673,9.9999999999999995e-07,True,constrained_regularized_mve
2005-10-11,gaussian,2,-0.0046063106710954602,9.9999999999999995e-07,True,constrained_regularized_mve
2005-10-12,gaussian,2,-0.005489464102236402,9.9999999999999995e-07,True,constrained_regularized_mve
2005-10-13,gaussian,2,0.013125714280123036,9.9999999999999995e-07,True,constrained_regularized_mve
2005-10-14,gaussian,2,0,9.9999999999999995e-07,True,constrained_regularized_mve
2005-10-17,gaussian,2,-0.0070704617030480556,9.9999999999999995e-07,True,constrained_regularized_mve
2005-10-18,gaussian,2,-0.011520873062378719,9.9999999999999995e-07,True,constrained_regularized_mve
2005-10-19,gaussian,2,0.011048792466201203,9.9999999999999995e-07,True,constrained_regularized_mve
2005-10-20,gaussian,2,0.00033715391437273809,9.9999999999999995e-07,True,constrained_regularized_mve
2005-10-21,gaussian,2,0,9.9999999999999995e-07,True,constrained_regularized_mve
2005-10-24,gaussian,2,0.0057283426100645136,9.9999999999999995e-07,True,constrained_regularized_mve
2005-10-25,gaussian,2,0.0034994133818510749,9.9999999999999995e-07,True,constrained_regularized_mve
2005-10-26,gaussian,2,-0.0033532965710061963,9.9999999999999995e-07,True,constrained_regularized_mve
2005-10-27,gaussian,2,-0.00064543869117195292,9.9999999999999995e-07,True,constrained_regularized_mve
2005-10-28,gaussian,2,0,9.9999999999999995e-07,True,constrained_regularized_mve
2005-10-31,gaussian,2,0.00028985053691281209,9.9999999999999995e-07,True,constrained_regularized_mve
2005-11-01,gaussian,2,0.0095115348641556224,9.9999999999999995e-07,True,constrained_regularized_mve
2005-11-02,gaussian,2,0.0030226312397790933,9.9999999999999995e-07,True,constrained_regularized_mve
2005-11-03,gaussian,2,-0.0015927118863327849,9.9999999999999995e-07,True,constrained_regularized_mve
2005-11-04,gaussian,2,0,9.9999999999999995e-07,True,constrained_regularized_mve
2005-11-07,gaussian,2,-0.0033942583139747462,9.9999999999999995e-07,True,constrained_regularized_mve
2005-11-08,gaussian,2,-0.0020022952240349341,9.9999999999999995e-07,True,constrained_regularized_mve
2005-11-09,gaussian,2,0.0070872526371851523,9.9999999999999995e-07,True,constrained_regularized_mve
2005-11-10,gaussian,2,0.017365881265616848,9.9999999999999995e-07,True,constrained_regularized_mve
2005-11-11,gaussian,2,0,9.9999999999999995e-07,True,constrained_regularized_mve
2005-11-14,gaussian,2,-0.0025052013608752753,9.9999999999999995e-07,True,constrained_regularized_mve
2005-11-15,gaussian,2,-0.0014068697268669386,9.9999999999999995e-07,True,constrained_regularized_mve
2005-11-16,gaussian,2,0.010659298435840099,9.9999999999999995e-07,True,constrained_regularized_mve
2005-11-17,gaussian,2,0.0091115932302302839,9.9999999999999995e-07,True,constrained_regularized_mve
2005-11-18,gaussian,2,0,9.9999999999999995e-07,True,constrained_regularized_mve
2005-11-21,gaussian,2,0.0041513775414111125,9.9999999999999995e-07,True,constrained_regularized_mve
2005-11-22,gaussian,2,0.0073612974083267606,9.9999999999999995e-07,True,constrained_regularized_mve
2005-11-23,gaussian,2,-0.0052723290444349289,9.9999999999999995e-07,True,constrained_regularized_mve
2005-11-24,gaussian,2,0.0039755795551243032,9.9999999999999995e-07,True,constrained_regularized_mve
2005-11-25,gaussian,2,0,9.9999999999999995e-07,True,constrained_regularized_mve
2005-11-28,gaussian,2,-0.0040642296304849489,9.9999999999999995e-07,True,constrained_regularized_mve
2005-11-29,gaussian,2,-0.0056309399427575428,9.9999999999999995e-07,True,constrained_regularized_mve
2005-11-30,gaussian,2,0.0087255495264687479,9.9999999999999995e-07,True,constrained_regularized_mve
2005-12-01,gaussian,2,0.0023212071911826722,9.9999999999999995e-07,True,constrained_regularized_mve
2005-12-02,gaussian,2,0,9.9999999999999995e-07,True,constrained_regularized_mve
2005-12-05,gaussian,2,0.005256987944883414,9.9999999999999995e-07,True,constrained_regularized_mve
2005-12-06,gaussian,2,-0.0087648989097691282,9.9999999999999995e-07,True,constrained_regularized_mve
2005-12-07,gaussian,2,0.0045745135724393508,9.9999999999999995e-07,True,constrained_regularized_mve
2005-12-08,gaussian,2,0.00070862037338531342,9.9999999999999995e-07,True,constrained_regularized_mve
2005-12-09,gaussian,2,0,9.9999999999999995e-07,True,constrained_regularized_mve
2005-12-12,gaussian,2,0.0048388112754518802,9.9999999999999995e-07,True,constrained_regularized_mve
2005-12-13,gaussian,2,0.0017031228883753967,9.9999999999999995e-07,True,constrained_regularized_mve
2005-12-14,gaussian,2,-0.0030251933139318877,9.9999999999999995e-07,True,constrained_regularized_mve
2005-12-15,gaussian,2,0.011629928287743353,9.9999999999999995e-07,True,constrained_regularized_mve
2005-12-16,gaussian,2,0,9.9999999999999995e-07,True,constrained_regularized_mve
2005-12-19,gaussian,2,0.00034105299958470418,9.9999999999999995e-07,True,constrained_regularized_mve
2005-12-20,gaussian,2,0.0057678949874411479,9.9999999999999995e-07,True,constrained_regularized_mve
2005-12-21,gaussian,2,0.0023639855318113552,9.9999999999999995e-07,True,constrained_regularized_mve
2005-12-22,gaussian,2,0.00041515036837166724,9.9999999999999995e-07,True,constrained_regularized_mve
2005-12-23,gaussian,2,0,9.9999999999999995e-07,True,constrained_regularized_mve
2005-12-26,gaussian,2,-0.0024410372820991067,9.9999999999999995e-07,True,constrained_regularized_mve
2005-12-27,gaussian,2,-0.0050543556059782901,9.9999999999999995e-07,True,constrained_regularized_mve
2005-12-28,gaussian,2,-0.00072589497794566004,9.9999999999999995e-07,True,constrained_regularized_mve
2005-12-29,gaussian,2,-0.0079619404992384291,9.9999999999999995e-07,True,constrained_regularized_mve
2005-12-30,gaussian,2,0,9.9999999999999995e-07,True,constrained_regularized_mve
2006-01-02,gaussian,3,0.021560887245675273,9.9999999999999995e-07,True,constrained_regularized_mve
2006-01-03,gaussian,3,0.009309839139321284,9.9999999999999995e-07,True,constrained_regularized_mve
2006-01-04,gaussian,3,-0.00083129347085381512,9.9999999999999995e-07,True,constrained_regularized_mve
2006-01-05,gaussian,3,0.020216181925550782,9.9999999999999995e-07,True,constrained_regularized_mve
2006-01-06,gaussian,3,0,9.9999999999999995e-07,True,constrained_regularized_mve
2006-01-09,gaussian,3,-0.0094335871237699095,9.9999999999999995e-07,True,constrained_regularized_mve
2006-01-10,gaussian,3,0.011013069863809439,9.9999999999999995e-07,True,constrained_regularized_mve
2006-01-11,gaussian,3,-0.002952817703739583,9.9999999999999995e-07,True,constrained_regularized_mve
2006-01-12,gaussian,3,-0.0011347965966626615,9.9999999999999995e-07,True,constrained_regularized_mve
2006-01-13,gaussian,3,0,9.9999999999999995e-07,True,constrained_regularized_mve
2006-01-16,gaussian,3,-0.011995520631374913,9.9999999999999995e-07,True,constrained_regularized_mve
2006-01-17,gaussian,3,-0.011236919469460153,9.9999999999999995e-07,True,constrained_regularized_mve
2006-01-18,gaussian,3,0.0092053311905096625,9.9999999999999995e-07,True,constrained_regularized_mve
2006-01-19,gaussian,3,-0.0067842029443104888,9.9999999999999995e-07,True,constrained_regularized_mve
2006-01-20,gaussian,3,0,9.9999999999999995e-07,True,constrained_regularized_mve
2006-01-23,gaussian,3,-0.00067738334220410006,9.9999999999999995e-07,True,constrained_regularized_mve
2006-01-24,gaussian,3,0.013970849759586049,9.9999999999999995e-07,True,constrained_regularized_mve
2006-01-25,gaussian,3,0.013997161398050665,9.9999999999999995e-07,True,constrained_regularized_mve
2006-01-26,gaussian,3,0.0062065280732573553,9.9999999999999995e-07,True,constrained_regularized_mve
2006-01-27,gaussian,3,0,9.9999999999999995e-07,True,constrained_regularized_mve
2006-01-30,gaussian,3,0.0056110074552605553,9.9999999999999995e-07,True,constrained_regularized_mve
2006-01-31,gaussian,3,0.0075211920055146559,9.9999999999999995e-07,True,constrained_regularized_mve
2006-02-01,gaussian,3,-0.0083030390684226182,9.9999999999999995e-07,True,constrained_regularized_mve
2006-02-02,gaussian,3,-0.0089478459518983304,9.9999999999999995e-07,True,constrained_regularized_mve
2006-02-03,gaussian,3,0,9.9999999999999995e-07,True,constrained_regularized_mve
2006-02-06,gaussian,3,-0.0017672788583034268,9.9999999999999995e-07,True,constrained_regularized_mve
2006-02-07,gaussian,3,-0.0017091984576758728,9.9999999999999995e-07,True,constrained_regularized_mve
2006-02-08,gaussian,3,0.01873388994904843,9.9999999999999995e-07,True,constrained_regularized_mve
2006-02-09,gaussian,3,-0.010903485776456697,9.9999999999999995e-07,True,constrained_regularized_mve
2006-02-10,gaussian,3,0,9.9999999999999995e-07,True,constrained_regularized_mve
2006-02-13,gaussian,3,0.0080473789966778037,9.9999999999999995e-07,True,constrained_regularized_mve
2006-02-14,gaussian,3,0.0042212423789263886,9.9999999999999995e-07,True,constrained_regularized_mve
2006-02-15,gaussian,3,0.012726881583325906,9.9999999999999995e-07,True,constrained_regularized_mve
2006-02-16,gaussian,3,0.00026444630397462428,9.9999999999999995e-07,True,constrained_regularized_mve
2006-02-17,gaussian,3,0,9.9999999999999995e-07,True,constrained_regularized_mve
2006-02-20,gaussian,3,0.0057211973596678544,9.9999999999999995e-07,True,constrained_regularized_mve
2006-02-21,gaussian,3,0.012141674069304826,9.9999999999999995e-07,True,constrained_regularized_mve
2006-02-22,gaussian,3,0.0046397254421988226,9.9999999999999995e-07,True,constrained_regularized_mve
2006-02-23,gaussian,3,0.0027143082130110063,9.9999999999999995e-07,True,constrained_regularized_mve
2006-02-24,gaussian,3,0,9.9999999999999995e-07,True,constrained_regularized_mve
2006-02-27,gaussian,3,-0.0083078116652729808,9.9999999999999995e-07,True,constrained_regularized_mve
2006-02-28,gaussian,3,0.0064304930347317407,9.9999999999999995e-07,True,constrained_regularized_mve
2006-03-01,gaussian,3,-0.0028458148209493388,9.9999999999999995e-07,True,constrained_regularized_mve
2006-03-02,gaussian,3,-0.0077018872408635176,9.9999999999999995e-07,True,constrained_regularized_mve
2006-03-03,gaussian,3,0,9.9999999999999995e-07,True,constrained_regularized_mve
2006-03-06,gaussian,3,-0.013159609004724387,9.9999999999999995e-07,True,constrained_regularized_mve
2006-03-07,gaussian,3,-0.00876625722519166,9.9999999999999995e-07,True,constrained_regularized_mve
2006-03-08,gaussian,3,0.0048504483344381987,9.9999999999999995e-07,True,constrained_regularized_mve
2006-03-09,gaussian,3,0.01126452774636095,9.9999999999999995e-07,True,constrained_regularized_mve
2006-03-10,gaussian,3,0,9.9999999999999995e-07,True,constrained_regularized_mve
2006-03-13,gaussian,3,0.007231243419856437,9.9999999999999995e-07,True,constrained_regularized_mve
2006-03-14,gaussian,3,0.0016123280551987528,9.9999999999999995e-07,True,constrained_regularized_mve
2006-03-15,gaussian,3,0.0026046136516960309,9.9999999999999995e-07,True,constrained_regularized_mve
2006-03-16,gaussian,3,0.0081419882673723874,9.9999999999999995e-07,True,constrained_regularized_mve
2006-03-17,gaussian,3,0,9.9999999999999995e-07,True,constrained_regularized_mve
2006-03-20,gaussian,3,-0.0027352532446973305,9.9999999999999995e-07,True,constrained_regularized_mve
2006-03-21,gaussian,3,0.0048548383892028611,9.9999999999999995e-07,True,constrained_regularized_mve
2006-03-22,gaussian,3,-0.0080695559550178191,9.9999999999999995e-07,True,constrained_regularized_mve
2006-03-23,gaussian,3,0.0043586210611208376,9.9999999999999995e-07,True,constrained_regularized_mve
2006-03-24,gaussian,3,0,9.9999999999999995e-07,True,constrained_regularized_mve
2006-03-27,gaussian,3,-0.0072886188749883007,9.9999999999999995e-07,True,constrained_regularized_mve
2006-03-28,gaussian,3,0.0014630393028737326,9.9999999999999995e-07,True,constrained_regularized_mve
2006-03-29,gaussian,3,0.017124111007826709,9.9999999999999995e-07,True,constrained_regularized_mve
2006-03-30,gaussian,3,-0.0066585059185068013,9.9999999999999995e-07,True,constrained_regularized_mve
2006-03-31,gaussian,3,0,9.9999999999999995e-07,True,constrained_regularized_mve
2006-04-03,gaussian,3,0.0083974761783886121,9.9999999999999995e-07,True,constrained_regularized_mve
2006-04-04,gaussian,3,0.0061223375528019217,9.9999999999999995e-07,True,constrained_regularized_mve
2006-04-05,gaussian,3,-0.00062917485460918521,9.9999999999999995e-07,True,constrained_regularized_mve
2006-04-06,gaussian,3,-0.013178937927293627,9.9999999999999995e-07,True,constrained_regularized_mve
2006-04-07,gaussian,3,0,9.9999999999999995e-07,True,constrained_regularized_mve
2006-04-10,gaussian,3,-0.012253450941992337,9.9999999999999995e-07,True,constrained_regularized_mve
2006-04-11,gaussian,3,-0.00056442617197185801,9.9999999999999995e-07,True,constrained_regularized_mve
2006-04-12,gaussian,3,0.00057071713876828299,9.9999999999999995e-07,True,constrained_regularized_mve
2006-04-13,gaussian,3,-0.0010189530709610731,9.9999999999999995e-07,True,constrained_regularized_mve
2006-04-14,gaussian,3,0,9.9999999999999995e-07,True,constrained_regularized_mve
2006-04-17,gaussian,3,0.010371550882257377,9.9999999999999995e-07,True,constrained_regularized_mve
2006-04-18,gaussian,3,0.0073256356682713355,9.9999999999999995e-07,True,constrained_regularized_mve
2006-04-19,gaussian,3,-0.0030139918278243357,9.9999999999999995e-07,True,constrained_regularized_mve
2006-04-20,gaussian,3,0.0040996613535163491,9.9999999999999995e-07,True,constrained_regularized_mve
2006-04-21,gaussian,3,0,9.9999999999999995e-07,True,constrained_regularized_mve
2006-04-24,gaussian,3,0.0044732086971138582,9.9999999999999995e-07,True,constrained_regularized_mve
2006-04-25,gaussian,3,0.0054729584615323956,9.9999999999999995e-07,True,constrained_regularized_mve
2006-04-26,gaussian,3,0.010009652989279505,9.9999999999999995e-07,True,constrained_regularized_mve
2006-04-27,gaussian,3,0.0096700826035054747,9.9999999999999995e-07,True,constrained_regularized_mve
2006-04-28,gaussian,3,0,9.9999999999999995e-07,True,constrained_regularized_mve
2006-05-01,gaussian,3,0.0094786062808591212,9.9999999999999995e-07,True,constrained_regularized_mve
2006-05-02,gaussian,3,-0.0075578964683977743,9.9999999999999995e-07,True,constrained_regularized_mve
2006-05-03,gaussian,3,0.0079272453525315988,9.9999999999999995e-07,True,constrained_regularized_mve
2006-05-04,gaussian,3,0.016048877159601849,9.9999999999999995e-07,True,constrained_regularized_mve
2006-05-05,gaussian,3,0,9.9999999999999995e-07,True,constrained_regularized_mve
2006-05-08,gaussian,3,0.0074726769350013655,9.9999999999999995e-07,True,constrained_regularized_mve
2006-05-09,gaussian,3,-0.0028302511865705526,9.9999999999999995e-07,True,constrained_regularized_mve
2006-05-10,gaussian,3,-0.0043607910152467814,9.9999999999999995e-07,True,constrained_regularized_mve
2006-05-11,gaussian,3,-0.014282784610105842,9.9999999999999995e-07,True,constrained_regularized_mve
2006-05-12,gaussian,3,0,9.9999999999999995e-07,True,constrained_regularized_mve
2006-05-15,gaussian,3,0.0020044770291384956,9.9999999999999995e-07,True,constrained_regularized_mve
2006-05-16,gaussian,3,-0.031046485323674048,9.9999999999999995e-07,True,constrained_regularized_mve
2006-05-17,gaussian,3,-0.0034610158473330922,9.9999999999999995e-07,True,constrained_regularized_mve
2006-05-18,gaussian,3,0.0043423603268698541,9.9999999999999995e-07,True,constrained_regularized_mve
2006-05-19,gaussian,3,0,9.9999999999999995e-07,True,constrained_regularized_mve
2006-05-22,gaussian,3,0.0065019825181761234,9.9999999999999995e-07,True,constrained_regularized_mve
2006-05-23,gaussian,3,-0.0027645986432607,9.9999999999999995e-07,True,constrained_regularized_mve
2006-05-24,gaussian,3,0.010493404880426138,9.9999999999999995e-07,True,constrained_regularized_mve
2006-05-25,gaussian,3,0.014952100763495256,9.9999999999999995e-07,True,constrained_regularized_mve
2006-05-26,gaussian,3,0,9.9999999999999995e-07,True,constrained_regularized_mve
2006-05-29,gaussian,3,-0.018065112144918384,9.9999999999999995e-07,True,constrained_regularized_mve
2006-05-30,gaussian,3,0.015237334860823942,9.9999999999999995e-07,True,constrained_regularized_mve
2006-05-31,gaussian,3,0.012794019442406004,9.9999999999999995e-07,True,constrained_regularized_mve
2006-06-01,gaussian,3,0.021943732007979545,9.9999999999999995e-07,True,constrained_regularized_mve
2006-06-02,gaussian,3,0,9.9999999999999995e-07,True,constrained_regularized_mve
2006-06-05,gaussian,3,-0.015783400331021279,9.9999999999999995e-07,True,constrained_regularized_mve
2006-06-06,gaussian,3,0.0046387514413245854,9.9999999999999995e-07,True,constrained_regularized_mve
2006-06-07,gaussian,3,-0.025914467283485725,9.9999999999999995e-07,True,constrained_regularized_mve
2006-06-08,gaussian,3,0.0074452780568508301,9.9999999999999995e-07,True,constrained_regularized_mve
2006-06-09,gaussian,3,0,9.9999999999999995e-07,True,constrained_regularized_mve
2006-06-12,gaussian,3,-0.027691868939540558,9.9999999999999995e-07,True,constrained_regularized_mve
2006-06-13,gaussian,3,-0.00015047160746857303,9.9999999999999995e-07,True,constrained_regularized_mve
2006-06-14,gaussian,3,0.02566638194434602,9.9999999999999995e-07,True,constrained_regularized_mve
2006-06-15,gaussian,3,-0.0039426183323839729,9.9999999999999995e-07,True,constrained_regularized_mve
2006-06-16,gaussian,3,0,9.9999999999999995e-07,True,constrained_regularized_mve
2006-06-19,gaussian,3,0.0055128216729483856,9.9999999999999995e-07,True,constrained_regularized_mve
2006-06-20,gaussian,3,0.0063468721076244605,9.9999999999999995e-07,True,constrained_regularized_mve
2006-06-21,gaussian,3,0.0016036653276312565,9.9999999999999995e-07,True,constrained_regularized_mve
2006-06-22,gaussian,3,-0.0063741064154768734,9.9999999999999995e-07,True,constrained_regularized_mve
2006-06-23,gaussian,3,0,9.9999999999999995e-07,True,constrained_regularized_mve
2006-06-26,gaussian,3,-0.0096328545047112153,9.9999999999999995e-07,True,constrained_regularized_mve
2006-06-27,gaussian,3,-0.00021592048502368049,9.9999999999999995e-07,True,constrained_regularized_mve
2006-06-28,gaussian,3,0.028668164626485797,9.9999999999999995e-07,True,constrained_regularized_mve
2006-06-29,gaussian,3,0.017405791602351905,9.9999999999999995e-07,True,constrained_regularized_mve
2006-06-30,gaussian,3,0,9.9999999999999995e-07,True,constrained_regularized_mve
2006-07-03,gaussian,4,0.0017321919383429256,0.001,True,constrained_regularized_mve
2006-07-04,gaussian,4,-0.01447467209407141,0.001,True,constrained_regularized_mve
2006-07-05,gaussian,4,0.010362754517738791,0.001,True,constrained_regularized_mve
2006-07-06,gaussian,4,0.0016070678271936827,0.001,True,constrained_regularized_mve
2006-07-07,gaussian,4,0,0.001,True,constrained_regularized_mve
2006-07-10,gaussian,4,-0.0012797039254328513,0.001,True,constrained_regularized_mve
2006-07-11,gaussian,4,-0.0065931763362135258,0.001,True,constrained_regularized_mve
2006-07-12,gaussian,4,-0.014570648956494051,0.001,True,constrained_regularized_mve
2006-07-13,gaussian,4,-0.018981464003992924,0.001,True,constrained_regularized_mve
2006-07-14,gaussian,4,0,0.001,True,constrained_regularized_mve
2006-07-17,gaussian,4,-0.0069466456229873731,0.001,True,constrained_regularized_mve
2006-07-18,gaussian,4,0.032672315636793896,0.001,True,constrained_regularized_mve
2006-07-19,gaussian,4,0.0018696670068264947,0.001,True,constrained_regularized_mve
2006-07-20,gaussian,4,-0.0041538350288528401,0.001,True,constrained_regularized_mve
2006-07-21,gaussian,4,0,0.001,True,constrained_regularized_mve
2006-07-24,gaussian,4,-0.0015652049078332148,0.001,True,constrained_regularized_mve
2006-07-25,gaussian,4,0.011455355074239851,0.001,True,constrained_regularized_mve
2006-07-26,gaussian,4,0.01363744819601307,0.001,True,constrained_regularized_mve
2006-07-27,gaussian,4,0.015495656764544391,0.001,True,constrained_regularized_mve
2006-07-28,gaussian,4,0,0.001,True,constrained_regularized_mve
2006-07-31,gaussian,4,-0.0078809387520218689,0.001,True,constrained_regularized_mve
2006-08-01,gaussian,4,0.010767963331784767,0.001,True,constrained_regularized_mve
2006-08-02,gaussian,4,-0.0012738065140792756,0.001,True,constrained_regularized_mve
2006-08-03,gaussian,4,0.019684201806309656,0.001,True,constrained_regularized_mve
2006-08-04,gaussian,4,0,0.001,True,constrained_regularized_mve
2006-08-07,gaussian,4,-0.00043839188400310666,0.001,True,constrained_regularized_mve
2006-08-08,gaussian,4,-0.0013934408019212114,0.001,True,constrained_regularized_mve
2006-08-09,gaussian,4,-0.0083412828238875279,0.001,True,constrained_regularized_mve
2006-08-10,gaussian,4,-0.0036130321641543095,0.001,True,constrained_regularized_mve
2006-08-11,gaussian,4,0,0.001,True,constrained_regularized_mve
2006-08-14,gaussian,4,0.012916571965430864,0.001,True,constrained_regularized_mve
2006-08-15,gaussian,4,0.0062830493148613329,0.001,True,constrained_regularized_mve
2006-08-16,gaussian,4,0.0027248222275399509,0.001,True,constrained_regularized_mve
2006-08-17,gaussian,4,-0.00064038027211350964,0.001,True,constrained_regularized_mve
2006-08-18,gaussian,4,0,0.001,True,constrained_regularized_mve
2006-08-21,gaussian,4,0.0005333054162170261,0.001,True,constrained_regularized_mve
2006-08-22,gaussian,4,-0.007848508098915824,0.001,True,constrained_regularized_mve
2006-08-23,gaussian,4,0.0070967218925963201,0.001,True,constrained_regularized_mve
2006-08-24,gaussian,4,-0.0022956133538150837,0.001,True,constrained_regularized_mve
2006-08-25,gaussian,4,0,0.001,True,constrained_regularized_mve
2006-08-28,gaussian,4,0.005674435403132924,0.001,True,constrained_regularized_mve
2006-08-29,gaussian,4,0.0039875144107478248,0.001,True,constrained_regularized_mve
2006-08-30,gaussian,4,-0.0014529905013605253,0.001,True,constrained_regularized_mve
2006-08-31,gaussian,4,0.0077515939982430995,0.001,True,constrained_regularized_mve
2006-09-01,gaussian,4,0,0.001,True,constrained_regularized_mve
2006-09-04,gaussian,4,-0.0051135630107201199,0.001,True,constrained_regularized_mve
2006-09-05,gaussian,4,-0.012324045734985203,0.001,True,constrained_regularized_mve
2006-09-06,gaussian,4,-0.014543089623997795,0.001,True,constrained_regularized_mve
2006-09-07,gaussian,4,-0.001669680740601669,0.001,True,constrained_regularized_mve
2006-09-08,gaussian,4,0,0.001,True,constrained_regularized_mve
2006-09-11,gaussian,4,0.0074557468572733305,0.001,True,constrained_regularized_mve
2006-09-12,gaussian,4,0.0021727106644460056,0.001,True,constrained_regularized_mve
2006-09-13,gaussian,4,0.0019440667544766044,0.001,True,constrained_regularized_mve
2006-09-14,gaussian,4,0.0053044354238282699,0.001,True,constrained_regularized_mve
2006-09-15,gaussian,4,0,0.001,True,constrained_regularized_mve
2006-09-18,gaussian,4,-0.0064664487023011362,0.001,True,constrained_regularized_mve
2006-09-19,gaussian,4,0.017247108558060668,0.001,True,constrained_regularized_mve
2006-09-20,gaussian,4,0.0067163977919810188,0.001,True,constrained_regularized_mve
2006-09-21,gaussian,4,-0.0090681071107677775,0.001,True,constrained_regularized_mve
2006-09-22,gaussian,4,0,0.001,True,constrained_regularized_mve
2006-09-25,gaussian,4,0.00026377136530887787,0.001,True,constrained_regularized_mve
2006-09-26,gaussian,4,0.0075517058521081528,0.001,True,constrained_regularized_mve
2006-09-27,gaussian,4,0.00082851377242575879,0.001,True,constrained_regularized_mve
2006-09-28,gaussian,4,-0.0023584848589090325,0.001,True,constrained_regularized_mve
2006-09-29,gaussian,4,0,0.001,True,constrained_regularized_mve
2006-10-02,gaussian,4,-0.00080109261719865795,0.001,True,constrained_regularized_mve
2006-10-03,gaussian,4,0.010477319809735429,0.001,True,constrained_regularized_mve
2006-10-04,gaussian,4,0.0067043312661381081,0.001,True,constrained_regularized_mve
2006-10-05,gaussian,4,-0.0017944680444375008,0.001,True,constrained_regularized_mve
2006-10-06,gaussian,4,0,0.001,True,constrained_regularized_mve
2006-10-09,gaussian,4,0.0022865354353036995,0.001,True,constrained_regularized_mve
2006-10-10,gaussian,4,-0.0023425931679644024,0.001,True,constrained_regularized_mve
2006-10-11,gaussian,4,0.0071168724739498227,0.001,True,constrained_regularized_mve
2006-10-12,gaussian,4,0.0024019337838670262,0.001,True,constrained_regularized_mve
2006-10-13,gaussian,4,0,0.001,True,constrained_regularized_mve
2006-10-16,gaussian,4,-0.012291583330820451,0.001,True,constrained_regularized_mve
2006-10-17,gaussian,4,0.01132345720554284,0.001,True,constrained_regularized_mve
2006-10-18,gaussian,4,0.00070377487028898541,0.001,True,constrained_regularized_mve
2006-10-19,gaussian,4,0.00088427630483856967,0.001,True,constrained_regularized_mve
2006-10-20,gaussian,4,0,0.001,True,constrained_regularized_mve
2006-10-23,gaussian,4,-0.0015949698866138439,0.001,True,constrained_regularized_mve
2006-10-24,gaussian,4,0.0038198151588967112,0.001,True,constrained_regularized_mve
2006-10-25,gaussian,4,0.0078283128684445858,0.001,True,constrained_regularized_mve
2006-10-26,gaussian,4,-6.7857696121336245e-05,0.001,True,constrained_regularized_mve
2006-10-27,gaussian,4,0,0.001,True,constrained_regularized_mve
2006-10-30,gaussian,4,0.00095712739372395838,0.001,True,constrained_regularized_mve
2006-10-31,gaussian,4,0.0056625097328292864,0.001,True,constrained_regularized_mve
2006-11-01,gaussian,4,-0.0057158468056781831,0.001,True,constrained_regularized_mve
2006-11-02,gaussian,4,-2.2783422630836156e-05,0.001,True,constrained_regularized_mve
2006-11-03,gaussian,4,0,0.001,True,constrained_regularized_mve
2006-11-06,gaussian,4,0.0044404908727385421,0.001,True,constrained_regularized_mve
2006-11-07,gaussian,4,-0.0045355900587517864,0.001,True,constrained_regularized_mve
2006-11-08,gaussian,4,-0.0037442663823167503,0.001,True,constrained_regularized_mve
2006-11-09,gaussian,4,0.0018181768428536858,0.001,True,constrained_regularized_mve
2006-11-10,gaussian,4,0,0.001,True,constrained_regularized_mve
2006-11-13,gaussian,4,0.0042791739236936665,0.001,True,constrained_regularized_mve
2006-11-14,gaussian,4,0.00027650667036890707,0.001,True,constrained_regularized_mve
2006-11-15,gaussian,4,-0.00048462306927338103,0.001,True,constrained_regularized_mve
2006-11-16,gaussian,4,-0.0015099874594868062,0.001,True,constrained_regularized_mve
2006-11-17,gaussian,4,0,0.001,True,constrained_regularized_mve
2006-11-20,gaussian,4,0.0012871790934729256,0.001,True,constrained_regularized_mve
2006-11-21,gaussian,4,0.0072067710459113405,0.001,True,constrained_regularized_mve
2006-11-22,gaussian,4,-0.0012579556579272527,0.001,True,constrained_regularized_mve
2006-11-23,gaussian,4,-0.0028475489573146517,0.001,True,constrained_regularized_mve
2006-11-24,gaussian,4,0,0.001,True,constrained_regularized_mve
2006-11-27,gaussian,4,0.00385340022296194,0.001,True,constrained_regularized_mve
2006-11-28,gaussian,4,0.0063025154717977813,0.001,True,constrained_regularized_mve
2006-11-29,gaussian,4,0.0011545784223023299,0.001,True,constrained_regularized_mve
2006-11-30,gaussian,4,-0.0024449036339129876,0.001,True,constrained_regularized_mve
2006-12-01,gaussian,4,0,0.001,True,constrained_regularized_mve
2006-12-04,gaussian,4,-0.0017383662064468489,0.001,True,constrained_regularized_mve
2006-12-05,gaussian,4,0.00075676435890368492,0.001,True,constrained_regularized_mve
2006-12-06,gaussian,4,0.00017690645039230538,0.001,True,constrained_regularized_mve
2006-12-07,gaussian,4,0.014299127756065831,0.001,True,constrained_regularized_mve
2006-12-08,gaussian,4,0,0.001,True,constrained_regularized_mve
2006-12-11,gaussian,4,0.0021958849274654351,0.001,True,constrained_regularized_mve
2006-12-12,gaussian,4,0.0036024512706500154,0.001,True,constrained_regularized_mve
2006-12-13,gaussian,4,0.0044448261921907735,0.001,True,constrained_regularized_mve
2006-12-14,gaussian,4,0.00017223346862723442,0.001,True,constrained_regularized_mve
2006-12-15,gaussian,4,0,0.001,True,constrained_regularized_mve
2006-12-18,gaussian,4,-0.00047329893000765659,0.001,True,constrained_regularized_mve
2006-12-19,gaussian,4,0.0029318924871956117,0.001,True,constrained_regularized_mve
2006-12-20,gaussian,4,-0.00026748128878374992,0.001,True,constrained_regularized_mve
2006-12-21,gaussian,4,-0.0069759835321350364,0.001,True,constrained_regularized_mve
2006-12-22,gaussian,4,0,0.001,True,constrained_regularized_mve
2006-12-25,gaussian,4,0.0008296697263296607,0.001,True,constrained_regularized_mve
2006-12-26,gaussian,4,0.0087740694909754589,0.001,True,constrained_regularized_mve
2006-12-27,gaussian,4,0.0025730509055161151,0.001,True,constrained_regularized_mve
2006-12-28,gaussian,4,-0.0027181433543964398,0.001,True,constrained_regularized_mve
2006-12-29,gaussian,4,0,0.001,True,constrained_regularized_mve
2007-01-01,gaussian,5,0.0064709898715459117,0.001,True,constrained_regularized_mve
2007-01-02,gaussian,5,0.0016107169826924388,0.001,True,constrained_regularized_mve
2007-01-03,gaussian,5,-0.0052423830283116332,0.001,True,constrained_regularized_mve
2007-01-04,gaussian,5,-0.014704994677315964,0.001,True,constrained_regularized_mve
2007-01-05,gaussian,5,0,0.001,True,constrained_regularized_mve
2007-01-08,gaussian,5,0.0014099587279010858,0.001,True,constrained_regularized_mve
2007-01-09,gaussian,5,-0.007652952589129544,0.001,True,constrained_regularized_mve
2007-01-10,gaussian,5,0.011483544960079323,0.001,True,constrained_regularized_mve
2007-01-11,gaussian,5,0.01013109744147048,0.001,True,constrained_regularized_mve
2007-01-12,gaussian,5,0,0.001,True,constrained_regularized_mve
2007-01-15,gaussian,5,-0.0045062242024816301,0.001,True,constrained_regularized_mve
2007-01-16,gaussian,5,-0.0013389424228720033,0.001,True,constrained_regularized_mve
2007-01-17,gaussian,5,-0.0025280209230670527,0.001,True,constrained_regularized_mve
2007-01-18,gaussian,5,0.0045942680018153988,0.001,True,constrained_regularized_mve
2007-01-19,gaussian,5,0,0.001,True,constrained_regularized_mve
2007-01-22,gaussian,5,0.0069911651608267848,0.001,True,constrained_regularized_mve
2007-01-23,gaussian,5,0.0079325530896564318,0.001,True,constrained_regularized_mve
2007-01-24,gaussian,5,-0.0096063301119018868,0.001,True,constrained_regularized_mve
2007-01-25,gaussian,5,-0.0070567120775945572,0.001,True,constrained_regularized_mve
2007-01-26,gaussian,5,0,0.001,True,constrained_regularized_mve
2007-01-29,gaussian,5,0.0040749503504750656,0.001,True,constrained_regularized_mve
2007-01-30,gaussian,5,0.0024252384373355342,0.001,True,constrained_regularized_mve
2007-01-31,gaussian,5,0.0063652280152880492,0.001,True,constrained_regularized_mve
2007-02-01,gaussian,5,0.0035143272201660354,0.001,True,constrained_regularized_mve
2007-02-02,gaussian,5,0,0.001,True,constrained_regularized_mve
2007-02-05,gaussian,5,0.0047658251965377397,0.001,True,constrained_regularized_mve
2007-02-06,gaussian,5,0.0022930304584811967,0.001,True,constrained_regularized_mve
2007-02-07,gaussian,5,-0.0076492896156474723,0.001,True,constrained_regularized_mve
2007-02-08,gaussian,5,0.0045400109848628819,0.001,True,constrained_regularized_mve
2007-02-09,gaussian,5,0,0.001,True,constrained_regularized_mve
2007-02-12,gaussian,5,0.0078090889253115007,0.001,True,constrained_regularized_mve
2007-02-13,gaussian,5,0.011964285847747542,0.001,True,constrained_regularized_mve
2007-02-14,gaussian,5,-0.0027322001070795078,0.001,True,constrained_regularized_mve
2007-02-15,gaussian,5,0.0021885073214291655,0.001,True,constrained_regularized_mve
2007-02-16,gaussian,5,0,0.001,True,constrained_regularized_mve
2007-02-19,gaussian,5,0.0032123392017286024,0.001,True,constrained_regularized_mve
2007-02-20,gaussian,5,-0.0049591221228151242,0.001,True,constrained_regularized_mve
2007-02-21,gaussian,5,-0.0017895178798424526,0.001,True,constrained_regularized_mve
2007-02-22,gaussian,5,-0.0051688154116192302,0.001,True,constrained_regularized_mve
2007-02-23,gaussian,5,0,0.001,True,constrained_regularized_mve
2007-02-26,gaussian,5,-0.028287959018433503,0.001,True,constrained_regularized_mve
2007-02-27,gaussian,5,-0.0044345637944112797,0.001,True,constrained_regularized_mve
2007-02-28,gaussian,5,-0.0098875972456943378,0.001,True,constrained_regularized_mve
2007-03-01,gaussian,5,-0.010855804468873801,0.001,True,constrained_regularized_mve
2007-03-02,gaussian,5,0,0.001,True,constrained_regularized_mve
2007-03-05,gaussian,5,0.01451620156702468,0.001,True,constrained_regularized_mve
2007-03-06,gaussian,5,-0.0045280388426081576,0.001,True,constrained_regularized_mve
2007-03-07,gaussian,5,0.010665051795783346,0.001,True,constrained_regularized_mve
2007-03-08,gaussian,5,0.003338406341855667,0.001,True,constrained_regularized_mve
2007-03-09,gaussian,5,0,0.001,True,constrained_regularized_mve
2007-03-12,gaussian,5,-0.015426491963529937,0.001,True,constrained_regularized_mve
2007-03-13,gaussian,5,-0.018269275926239715,0.001,True,constrained_regularized_mve
2007-03-14,gaussian,5,0.017297197348444097,0.001,True,constrained_regularized_mve
2007-03-15,gaussian,5,-0.0054015919720320198,0.001,True,constrained_regularized_mve
2007-03-16,gaussian,5,0,0.001,True,constrained_regularized_mve
2007-03-19,gaussian,5,0.013822534065422727,0.001,True,constrained_regularized_mve
2007-03-20,gaussian,5,0.017187440923096459,0.001,True,constrained_regularized_mve
2007-03-21,gaussian,5,0.0082599042345564283,0.001,True,constrained_regularized_mve
2007-03-22,gaussian,5,0.0028927399297484879,0.001,True,constrained_regularized_mve
2007-03-23,gaussian,5,0,0.001,True,constrained_regularized_mve
2007-03-26,gaussian,5,-6.0927302878661714e-05,0.001,True,constrained_regularized_mve
2007-03-27,gaussian,5,-0.0087857716009057327,0.001,True,constrained_regularized_mve
2007-03-28,gaussian,5,0.0088275841653182203,0.001,True,constrained_regularized_mve
2007-03-29,gaussian,5,0.0022164925633215548,0.001,True,constrained_regularized_mve
2007-03-30,gaussian,5,0,0.001,True,constrained_regularized_mve
2007-04-02,gaussian,5,0.012629319317529758,0.001,True,constrained_regularized_mve
2007-04-03,gaussian,5,0.0029396306213308582,0.001,True,constrained_regularized_mve
2007-04-04,gaussian,5,0.0051308832052432392,0.001,True,constrained_regularized_mve
2007-04-05,gaussian,5,0.00064424256785327802,0.001,True,constrained_regularized_mve
2007-04-06,gaussian,5,0,0.001,True,constrained_regularized_mve
2007-04-09,gaussian,5,0.011564186665118398,0.001,True,constrained_regularized_mve
2007-04-10,gaussian,5,-0.00091857490621055919,0.001,True,constrained_regularized_mve
2007-04-11,gaussian,5,4.0385951792260241e-05,0.001,True,constrained_regularized_mve
2007-04-12,gaussian,5,0.0031782597372151094,0.001,True,constrained_regularized_mve
2007-04-13,gaussian,5,0,0.001,True,constrained_regularized_mve
2007-04-16,gaussian,5,0.0003316706647648836,0.001,True,constrained_regularized_mve
2007-04-17,gaussian,5,0.0037114376927448005,0.001,True,constrained_regularized_mve
2007-04-18,gaussian,5,-0.0018745367344747332,0.001,True,constrained_regularized_mve
2007-04-19,gaussian,5,0.01770097619764285,0.001,True,constrained_regularized_mve
2007-04-20,gaussian,5,0,0.001,True,constrained_regularized_mve
2007-04-23,gaussian,5,-0.0056087173016221561,0.001,True,constrained_regularized_mve
2007-04-24,gaussian,5,0.0095781584123106698,0.001,True,constrained_regularized_mve
2007-04-25,gaussian,5,-0.0085505231206837104,0.001,True,constrained_regularized_mve
2007-04-26,gaussian,5,-0.0014865463575570005,0.001,True,constrained_regularized_mve
2007-04-27,gaussian,5,0,0.001,True,constrained_regularized_mve
2007-04-30,gaussian,5,-0.0024871236043652375,0.001,True,constrained_regularized_mve
2007-05-01,gaussian,5,0.0019696167404911953,0.001,True,constrained_regularized_mve
2007-05-02,gaussian,5,0.004052368546822953,0.001,True,constrained_regularized_mve
2007-05-03,gaussian,5,0.0053001902207133631,0.001,True,constrained_regularized_mve
2007-05-04,gaussian,5,0,0.001,True,constrained_regularized_mve
2007-05-07,gaussian,5,-0.0065025729302484354,0.001,True,constrained_regularized_mve
2007-05-08,gaussian,5,0.0091746448915535298,0.001,True,constrained_regularized_mve
2007-05-09,gaussian,5,-0.014228788162471168,0.001,True,constrained_regularized_mve
2007-05-10,gaussian,5,0.0093095508212259794,0.001,True,constrained_regularized_mve
2007-05-11,gaussian,5,0,0.001,True,constrained_regularized_mve
2007-05-14,gaussian,5,0.0066520401539077664,0.001,True,constrained_regularized_mve
2007-05-15,gaussian,5,-0.0013606055423653787,0.001,True,constrained_regularized_mve
2007-05-16,gaussian,5,-0.0037198104635650206,0.001,True,constrained_regularized_mve
2007-05-17,gaussian,5,0.0081722349009817567,0.001,True,constrained_regularized_mve
2007-05-18,gaussian,5,0,0.001,True,constrained_regularized_mve
2007-05-21,gaussian,5,-7.4926327809779762e-05,0.001,True,constrained_regularized_mve
2007-05-22,gaussian,5,0.0045603427108755782,0.001,True,constrained_regularized_mve
2007-05-23,gaussian,5,-0.0098391262141107345,0.001,True,constrained_regularized_mve
2007-05-24,gaussian,5,0.0024077406200260689,0.001,True,constrained_regularized_mve
2007-05-25,gaussian,5,0,0.001,True,constrained_regularized_mve
2007-05-28,gaussian,5,0.0049345696374176358,0.001,True,constrained_regularized_mve
2007-05-29,gaussian,5,-0.000651451197215498,0.001,True,constrained_regularized_mve
2007-05-30,gaussian,5,0.0056595873758039181,0.001,True,constrained_regularized_mve
2007-05-31,gaussian,5,0.0015232628334747088,0.001,True,constrained_regularized_mve
2007-06-01,gaussian,5,0,0.001,True,constrained_regularized_mve
2007-06-04,gaussian,5,-0.0020862928579882048,0.001,True,constrained_regularized_mve
2007-06-05,gaussian,5,-0.010245792660620711,0.001,True,constrained_regularized_mve
2007-06-06,gaussian,5,-0.0089710122226885104,0.001,True,constrained_regularized_mve
2007-06-07,gaussian,5,0.0035914876922732049,0.001,True,constrained_regularized_mve
2007-06-08,gaussian,5,0,0.001,True,constrained_regularized_mve
2007-06-11,gaussian,5,-0.012067556651610897,0.001,True,constrained_regularized_mve
2007-06-12,gaussian,5,0.0071758907968797643,0.001,True,constrained_regularized_mve
2007-06-13,gaussian,5,0.0046702337370168219,0.001,True,constrained_regularized_mve
2007-06-14,gaussian,5,0.015450556910891568,0.001,True,constrained_regularized_mve
2007-06-15,gaussian,5,0,0.001,True,constrained_regularized_mve
2007-06-18,gaussian,5,0.00062127622225161547,0.001,True,constrained_regularized_mve
2007-06-19,gaussian,5,-0.0011504559772899932,0.001,True,constrained_regularized_mve
2007-06-20,gaussian,5,-0.0032024328574598413,0.001,True,constrained_regularized_mve
2007-06-21,gaussian,5,-0.0039043489506725114,0.001,True,constrained_regularized_mve
2007-06-22,gaussian,5,0,0.001,True,constrained_regularized_mve
2007-06-25,gaussian,5,-0.0072534954992606966,0.001,True,constrained_regularized_mve
2007-06-26,gaussian,5,-0.0060768680053815433,0.001,True,constrained_regularized_mve
2007-06-27,gaussian,5,0.0015004739118409012,0.001,True,constrained_regularized_mve
2007-06-28,gaussian,5,0.0030868415424086327,0.001,True,constrained_regularized_mve
2007-06-29,gaussian,5,0,0.001,True,constrained_regularized_mve
2007-07-02,gaussian,6,0.007078327959550634,0.001,True,constrained_regularized_mve
2007-07-03,gaussian,6,0.0021760405609004742,0.001,True,constrained_regularized_mve
2007-07-04,gaussian,6,-0.0059343350247491817,0.001,True,constrained_regularized_mve
2007-07-05,gaussian,6,0.005120006960307383,0.001,True,constrained_regularized_mve
2007-07-06,gaussian,6,0,0.001,True,constrained_regularized_mve
2007-07-09,gaussian,6,-0.0097060319993180402,0.001,True,constrained_regularized_mve
2007-07-10,gaussian,6,-0.0019371940480671333,0.001,True,constrained_regularized_mve
2007-07-11,gaussian,6,0.016080357470753179,0.001,True,constrained_regularized_mve
2007-07-12,gaussian,6,0.0077718179266743782,0.001,True,constrained_regularized_mve
2007-07-13,gaussian,6,0,0.001,True,constrained_regularized_mve
2007-07-16,gaussian,6,-0.0018403836830054119,0.001,True,constrained_regularized_mve
2007-07-17,gaussian,6,-0.011365535382416829,0.001,True,constrained_regularized_mve
2007-07-18,gaussian,6,-0.00038104843168462727,0.001,True,constrained_regularized_mve
2007-07-19,gaussian,6,-0.015923122248297481,0.001,True,constrained_regularized_mve
2007-07-20,gaussian,6,0,0.001,True,constrained_regularized_mve
2007-07-23,gaussian,6,-0.0067276817395115849,0.001,True,constrained_regularized_mve
2007-07-24,gaussian,6,-0.012633260972081008,0.001,True,constrained_regularized_mve
2007-07-25,gaussian,6,-0.023532270379481895,0.001,True,constrained_regularized_mve
2007-07-26,gaussian,6,-0.011126092398867868,0.001,True,constrained_regularized_mve
2007-07-27,gaussian,6,0,0.001,True,constrained_regularized_mve
2007-07-30,gaussian,6,0.020124454550781323,0.001,True,constrained_regularized_mve
2007-07-31,gaussian,6,-0.0070426656167218524,0.001,True,constrained_regularized_mve
2007-08-01,gaussian,6,0.0099271993665102521,0.001,True,constrained_regularized_mve
2007-08-02,gaussian,6,-0.02500432588879923,0.001,True,constrained_regularized_mve
2007-08-03,gaussian,6,0,0.001,True,constrained_regularized_mve
2007-08-06,gaussian,6,0.020791794098294764,0.001,True,constrained_regularized_mve
2007-08-07,gaussian,6,0.027112280014852417,0.001,True,constrained_regularized_mve
2007-08-08,gaussian,6,-0.025948999327713464,0.001,True,constrained_regularized_mve
2007-08-09,gaussian,6,-0.022992430954667239,0.001,True,constrained_regularized_mve
2007-08-10,gaussian,6,0,0.001,True,constrained_regularized_mve
2007-08-13,gaussian,6,-0.023613634099266426,0.001,True,constrained_regularized_mve
2007-08-14,gaussian,6,-0.01769121475880369,0.001,True,constrained_regularized_mve
2007-08-15,gaussian,6,-0.013814821646038498,0.001,True,constrained_regularized_mve
2007-08-16,gaussian,6,0.041411368507335983,0.001,True,constrained_regularized_mve
2007-08-17,gaussian,6,0,0.001,True,constrained_regularized_mve
2007-08-20,gaussian,6,-0.00041678089111414645,0.001,True,constrained_regularized_mve
2007-08-21,gaussian,6,0.0049841574085572873,0.001,True,constrained_regularized_mve
2007-08-22,gaussian,6,-0.0031979940318566384,0.001,True,constrained_regularized_mve
2007-08-23,gaussian,6,-0.00086509410384319094,0.001,True,constrained_regularized_mve
2007-08-24,gaussian,6,0,0.001,True,constrained_regularized_mve
2007-08-27,gaussian,6,-0.027273316826424795,0.001,True,constrained_regularized_mve
2007-08-28,gaussian,6,0.0069029112355971133,0.001,True,constrained_regularized_mve
2007-08-29,gaussian,6,0.0033687920313659951,0.001,True,constrained_regularized_mve
2007-08-30,gaussian,6,0.017282906172315524,0.001,True,constrained_regularized_mve
2007-08-31,gaussian,6,0,0.001,True,constrained_regularized_mve
2007-09-03,gaussian,6,0.0027863816008578948,0.001,True,constrained_regularized_mve
2007-09-04,gaussian,6,-0.020320507911290982,0.001,True,constrained_regularized_mve
2007-09-05,gaussian,6,-0.002093355043390868,0.001,True,constrained_regularized_mve
2007-09-06,gaussian,6,-0.019671312451738265,0.001,True,constrained_regularized_mve
2007-09-07,gaussian,6,0,0.001,True,constrained_regularized_mve
2007-09-10,gaussian,6,0.016199293897389517,0.001,True,constrained_regularized_mve
2007-09-11,gaussian,6,0.00027083396476562275,0.001,True,constrained_regularized_mve
2007-09-12,gaussian,6,0.0017991887480427358,0.001,True,constrained_regularized_mve
2007-09-13,gaussian,6,-0.0055095636873045504,0.001,True,constrained_regularized_mve
2007-09-14,gaussian,6,0,0.001,True,constrained_regularized_mve
2007-09-17,gaussian,6,0.038644832092772682,0.001,True,constrained_regularized_mve
2007-09-18,gaussian,6,0.026573538877872567,0.001,True,constrained_regularized_mve
2007-09-19,gaussian,6,-0.0071098909797399461,0.001,True,constrained_regularized_mve
2007-09-20,gaussian,6,-0.0069550953463631531,0.001,True,constrained_regularized_mve
2007-09-21,gaussian,6,0,0.001,True,constrained_regularized_mve
2007-09-24,gaussian,6,-0.0072254058436102119,0.001,True,constrained_regularized_mve
2007-09-25,gaussian,6,0.0055038943601429698,0.001,True,constrained_regularized_mve
2007-09-26,gaussian,6,0.015360141870487617,0.001,True,constrained_regularized_mve
2007-09-27,gaussian,6,0.001143645804225688,0.001,True,constrained_regularized_mve
2007-09-28,gaussian,6,0,0.001,True,constrained_regularized_mve
2007-10-01,gaussian,6,0.013312930140111232,0.001,True,constrained_regularized_mve
2007-10-02,gaussian,6,0.013754948117423846,0.001,True,constrained_regularized_mve
2007-10-03,gaussian,6,0.0077952355914435003,0.001,True,constrained_regularized_mve
2007-10-04,gaussian,6,0.0099438171193934922,0.001,True,constrained_regularized_mve
2007-10-05,gaussian,6,0,0.001,True,constrained_regularized_mve
2007-10-08,gaussian,6,0.0049372398712507481,0.001,True,constrained_regularized_mve
2007-10-09,gaussian,6,-0.0076476697796832105,0.001,True,constrained_regularized_mve
2007-10-10,gaussian,6,-0.0047341044380666917,0.001,True,constrained_regularized_mve
2007-10-11,gaussian,6,-0.0030440534934237668,0.001,True,constrained_regularized_mve
2007-10-12,gaussian,6,0,0.001,True,constrained_regularized_mve
2007-10-15,gaussian,6,-0.019817149731493906,0.001,True,constrained_regularized_mve
2007-10-16,gaussian,6,0.0023288061931621635,0.001,True,constrained_regularized_mve
2007-10-17,gaussian,6,-0.002303049327967785,0.001,True,constrained_regularized_mve
2007-10-18,gaussian,6,-0.018678192521007411,0.001,True,constrained_regularized_mve
2007-10-19,gaussian,6,0,0.001,True,constrained_regularized_mve
2007-10-22,gaussian,6,0.011953268726950884,0.001,True,constrained_regularized_mve
2007-10-23,gaussian,6,-0.0081721122112524743,0.001,True,constrained_regularized_mve
2007-10-24,gaussian,6,0.00017590688042438068,0.001,True,constrained_regularized_mve
2007-10-25,gaussian,6,0.015554879159291452,0.001,True,constrained_regularized_mve
2007-10-26,gaussian,6,0,0.001,True,constrained_regularized_mve
2007-10-29,gaussian,6,0.00087403447516268891,0.001,True,constrained_regularized_mve
2007-10-30,gaussian,6,0.016293125649027188,0.001,True,constrained_regularized_mve
2007-10-31,gaussian,6,-0.035474158011464453,0.001,True,constrained_regularized_mve
2007-11-01,gaussian,6,-0.022870549363473044,0.001,True,constrained_regularized_mve
2007-11-02,gaussian,6,0,0.001,True,constrained_regularized_mve
2007-11-05,gaussian,6,0.0036542672283258015,0.001,True,constrained_regularized_mve
2007-11-06,gaussian,6,-0.019276909653975674,0.001,True,constrained_regularized_mve
2007-11-07,gaussian,6,-0.0012273782938379721,0.001,True,constrained_regularized_mve
2007-11-08,gaussian,6,-0.018332384211420662,0.001,True,constrained_regularized_mve
2007-11-09,gaussian,6,0,0.001,True,constrained_regularized_mve
2007-11-12,gaussian,6,0.024176284785831094,0.001,True,constrained_regularized_mve
2007-11-13,gaussian,6,0.015799893921842834,0.001,True,constrained_regularized_mve
2007-11-14,gaussian,6,-0.016160887427558054,0.001,True,constrained_regularized_mve
2007-11-15,gaussian,6,-0.015269875101598331,0.001,True,constrained_regularized_mve
2007-11-16,gaussian,6,0,0.001,True,constrained_regularized_mve
2007-11-19,gaussian,6,0.014760757747788884,0.001,True,constrained_regularized_mve
2007-11-20,gaussian,6,-0.027551190062701927,0.001,True,constrained_regularized_mve
2007-11-21,gaussian,6,0.0021178462515573353,0.001,True,constrained_regularized_mve
2007-11-22,gaussian,6,0.027206858734698844,0.001,True,constrained_regularized_mve
2007-11-23,gaussian,6,0,0.001,True,constrained_regularized_mve
2007-11-26,gaussian,6,0.022522253828052289,0.001,True,constrained_regularized_mve
2007-11-27,gaussian,6,0.030813982545395972,0.001,True,constrained_regularized_mve
2007-11-28,gaussian,6,0.0052635407105639399,0.001,True,constrained_regularized_mve
2007-11-29,gaussian,6,0.02305885804717665,0.001,True,constrained_regularized_mve
2007-11-30,gaussian,6,0,0.001,True,constrained_regularized_mve
2007-12-03,gaussian,6,-0.020105396070985829,0.001,True,constrained_regularized_mve
2007-12-04,gaussian,6,0.011552919173508286,0.001,True,constrained_regularized_mve
2007-12-05,gaussian,6,0.016147299854185816,0.001,True,constrained_regularized_mve
2007-12-06,gaussian,6,0.0039902490559074371,0.001,True,constrained_regularized_mve
2007-12-07,gaussian,6,0,0.001,True,constrained_regularized_mve
2007-12-10,gaussian,6,-0.014437035369306492,0.001,True,constrained_regularized_mve
2007-12-11,gaussian,6,0.00013857202898177033,0.001,True,constrained_regularized_mve
2007-12-12,gaussian,6,-0.030933512879475478,0.001,True,constrained_regularized_mve
2007-12-13,gaussian,6,-0.010995246682579165,0.001,True,constrained_regularized_mve
2007-12-14,gaussian,6,0,0.001,True,constrained_regularized_mve
2007-12-17,gaussian,6,-0.0056099311406059846,0.001,True,constrained_regularized_mve
2007-12-18,gaussian,6,0.0014891926207979056,0.001,True,constrained_regularized_mve
2007-12-19,gaussian,6,-0.0078921872581832406,0.001,True,constrained_regularized_mve
2007-12-20,gaussian,6,0.012881589010582199,0.001,True,constrained_regularized_mve
2007-12-21,gaussian,6,0,0.001,True,constrained_regularized_mve
2007-12-24,gaussian,6,0.0030264981944350643,0.001,True,constrained_regularized_mve
2007-12-25,gaussian,6,0.0041493525437314195,0.001,True,constrained_regularized_mve
2007-12-26,gaussian,6,-0.0067457638630403658,0.001,True,constrained_regularized_mve
2007-12-27,gaussian,6,-0.00017826566634724408,0.001,True,constrained_regularized_mve
2007-12-28,gaussian,6,0,0.001,True,constrained_regularized_mve
2007-12-31,gaussian,6,0.00084846168563008104,0.001,True,constrained_regularized_mve
2008-01-01,gaussian,7,-0.014759789849522418,0.001,True,constrained_regularized_mve
2008-01-02,gaussian,7,-0.004445028123303274,0.001,True,constrained_regularized_mve
2008-01-03,gaussian,7,-0.023532889954814999,0.001,True,constrained_regularized_mve
2008-01-04,gaussian,7,0,0.001,True,constrained_regularized_mve
2008-01-07,gaussian,7,0.020440124034582449,0.001,True,constrained_regularized_mve
2008-01-08,gaussian,7,-0.022661170079449282,0.001,True,constrained_regularized_mve
2008-01-09,gaussian,7,0.0089480828381924577,0.001,True,constrained_regularized_mve
2008-01-10,gaussian,7,0.0050674514030025703,0.001,True,constrained_regularized_mve
2008-01-11,gaussian,7,0,0.001,True,constrained_regularized_mve
2008-01-14,gaussian,7,-0.040407363937751982,0.001,True,constrained_regularized_mve
2008-01-15,gaussian,7,-0.0026869096717527705,0.001,True,constrained_regularized_mve
2008-01-16,gaussian,7,-0.013822461291517197,0.001,True,constrained_regularized_mve
2008-01-17,gaussian,7,-0.026241295576770334,0.001,True,constrained_regularized_mve
2008-01-18,gaussian,7,0,0.001,True,constrained_regularized_mve
2008-01-21,gaussian,7,0.058125627177599927,0.001,True,constrained_regularized_mve
2008-01-22,gaussian,7,0.030315485250447857,0.001,True,constrained_regularized_mve
2008-01-23,gaussian,7,0.065481328304020064,0.001,True,constrained_regularized_mve
2008-01-24,gaussian,7,-0.020927094900484711,0.001,True,constrained_regularized_mve
2008-01-25,gaussian,7,0,0.001,True,constrained_regularized_mve
2008-01-28,gaussian,7,0.028340702137348232,0.001,True,constrained_regularized_mve
2008-01-29,gaussian,7,-0.0017942144467945724,0.001,True,constrained_regularized_mve
2008-01-30,gaussian,7,0.0036986579677807684,0.001,True,constrained_regularized_mve
2008-01-31,gaussian,7,0.012467601756252354,0.001,True,constrained_regularized_mve
2008-02-01,gaussian,7,0,0.001,True,constrained_regularized_mve
2008-02-04,gaussian,7,-0.043847462935391809,0.001,True,constrained_regularized_mve
2008-02-05,gaussian,7,-0.0016813973470243019,0.001,True,constrained_regularized_mve
2008-02-06,gaussian,7,-0.011135745803530646,0.001,True,constrained_regularized_mve
2008-02-07,gaussian,7,0.024341557798703495,0.001,True,constrained_regularized_mve
2008-02-08,gaussian,7,0,0.001,True,constrained_regularized_mve
2008-02-11,gaussian,7,0.038745430900590627,0.001,True,constrained_regularized_mve
2008-02-12,gaussian,7,0.0025799806849468023,0.001,True,constrained_regularized_mve
2008-02-13,gaussian,7,-0.0090553392331476201,0.001,True,constrained_regularized_mve
2008-02-14,gaussian,7,-0.018483173359385572,0.001,True,constrained_regularized_mve
2008-02-15,gaussian,7,0,0.001,True,constrained_regularized_mve
2008-02-18,gaussian,7,0.00045789614252543824,0.001,True,constrained_regularized_mve
2008-02-19,gaussian,7,-0.0081809292238316546,0.001,True,constrained_regularized_mve
2008-02-20,gaussian,7,0.015959893804971887,0.001,True,constrained_regularized_mve
2008-02-21,gaussian,7,0.0072332679511840636,0.001,True,constrained_regularized_mve
2008-02-22,gaussian,7,0,0.001,True,constrained_regularized_mve
2008-02-25,gaussian,7,0.02619036491687526,0.001,True,constrained_regularized_mve
2008-02-26,gaussian,7,0.016162231947225957,0.001,True,constrained_regularized_mve
2008-02-27,gaussian,7,-0.017743201350206607,0.001,True,constrained_regularized_mve
2008-02-28,gaussian,7,-0.034046359579600172,0.001,True,constrained_regularized_mve
2008-02-29,gaussian,7,0,0.001,True,constrained_regularized_mve
2008-03-03,gaussian,7,-0.013785971616847472,0.001,True,constrained_regularized_mve
2008-03-04,gaussian,7,0.011423297090804812,0.001,True,constrained_regularized_mve
2008-03-05,gaussian,7,-0.02300622074099801,0.001,True,constrained_regularized_mve
2008-03-06,gaussian,7,-0.009766428043240993,0.001,True,constrained_regularized_mve
2008-03-07,gaussian,7,0,0.001,True,constrained_regularized_mve
2008-03-10,gaussian,7,0.0452199295578955,0.001,True,constrained_regularized_mve
2008-03-11,gaussian,7,0.011910613970354669,0.001,True,constrained_regularized_mve
2008-03-12,gaussian,7,-0.024182618997598077,0.001,True,constrained_regularized_mve
2008-03-13,gaussian,7,-0.025050697724244068,0.001,True,constrained_regularized_mve
2008-03-14,gaussian,7,0,0.001,True,constrained_regularized_mve
2008-03-17,gaussian,7,0.054178892955386117,0.001,True,constrained_regularized_mve
2008-03-18,gaussian,7,-0.0078172323148980316,0.001,True,constrained_regularized_mve
2008-03-19,gaussian,7,0.034195466631314113,0.001,True,constrained_regularized_mve
2008-03-20,gaussian,7,0.016370569059490709,0.001,True,constrained_regularized_mve
2008-03-21,gaussian,7,0,0.001,True,constrained_regularized_mve
2008-03-24,gaussian,7,0.046219409809856733,0.001,True,constrained_regularized_mve
2008-03-25,gaussian,7,-0.020029441473998096,0.001,True,constrained_regularized_mve
2008-03-26,gaussian,7,0.0054457844040520413,0.001,True,constrained_regularized_mve
2008-03-27,gaussian,7,-0.014237539925157855,0.001,True,constrained_regularized_mve
2008-03-28,gaussian,7,0,0.001,True,constrained_regularized_mve
2008-03-31,gaussian,7,0.06073748263021099,0.001,True,constrained_regularized_mve
2008-04-01,gaussian,7,0.013667602338429037,0.001,True,constrained_regularized_mve
2008-04-02,gaussian,7,-0.013747784890782978,0.001,True,constrained_regularized_mve
2008-04-03,gaussian,7,0.0025193288280428963,0.001,True,constrained_regularized_mve
2008-04-04,gaussian,7,0,0.001,True,constrained_regularized_mve
2008-04-07,gaussian,7,-0.026370364779285917,0.001,True,constrained_regularized_mve
2008-04-08,gaussian,7,-0.0026852942199292284,0.001,True,constrained_regularized_mve
2008-04-09,gaussian,7,-0.0097416075030977191,0.001,True,constrained_regularized_mve
2008-04-10,gaussian,7,-0.0058915728896388611,0.001,True,constrained_regularized_mve
2008-04-11,gaussian,7,0,0.001,True,constrained_regularized_mve
2008-04-14,gaussian,7,0.002704308965742495,0.001,True,constrained_regularized_mve
2008-04-15,gaussian,7,0.037275171226065468,0.001,True,constrained_regularized_mve
2008-04-16,gaussian,7,0.011062982731234031,0.001,True,constrained_regularized_mve
2008-04-17,gaussian,7,0.027523860599702379,0.001,True,constrained_regularized_mve
2008-04-18,gaussian,7,0,0.001,True,constrained_regularized_mve
2008-04-21,gaussian,7,-0.0049567386354968084,0.001,True,constrained_regularized_mve
2008-04-22,gaussian,7,-0.011764214286438613,0.001,True,constrained_regularized_mve
2008-04-23,gaussian,7,0.011598739252056964,0.001,True,constrained_regularized_mve
2008-04-24,gaussian,7,0.018947124118745159,0.001,True,constrained_regularized_mve
2008-04-25,gaussian,7,0,0.001,True,constrained_regularized_mve
2008-04-28,gaussian,7,-0.012395964196476783,0.001,True,constrained_regularized_mve
2008-04-29,gaussian,7,0.00092159216464327909,0.001,True,constrained_regularized_mve
2008-04-30,gaussian,7,0.012990989738623289,0.001,True,constrained_regularized_mve
2008-05-01,gaussian,7,0.017627235559165108,0.001,True,constrained_regularized_mve
2008-05-02,gaussian,7,0,0.001,True,constrained_regularized_mve
2008-05-05,gaussian,7,-0.0076586254468458828,0.001,True,constrained_regularized_mve
2008-05-06,gaussian,7,-0.0225623503676501,0.001,True,constrained_regularized_mve
2008-05-07,gaussian,7,-0.018723807118708607,0.001,True,constrained_regularized_mve
2008-05-08,gaussian,7,-0.0073861296669836809,0.001,True,constrained_regularized_mve
2008-05-09,gaussian,7,0,0.001,True,constrained_regularized_mve
2008-05-12,gaussian,7,-0.0085844571890908907,0.001,True,constrained_regularized_mve
2008-05-13,gaussian,7,0.0055158238561393326,0.001,True,constrained_regularized_mve
2008-05-14,gaussian,7,0.0074486932102116269,0.001,True,constrained_regularized_mve
2008-05-15,gaussian,7,0.0026818554045322067,0.001,True,constrained_regularized_mve
2008-05-16,gaussian,7,0,0.001,True,constrained_regularized_mve
2008-05-19,gaussian,7,-0.013820052692915486,0.001,True,constrained_regularized_mve
2008-05-20,gaussian,7,-0.022143351975510518,0.001,True,constrained_regularized_mve
2008-05-21,gaussian,7,0.0017613258746009075,0.001,True,constrained_regularized_mve
2008-05-22,gaussian,7,-0.013787626706727332,0.001,True,constrained_regularized_mve
2008-05-23,gaussian,7,0,0.001,True,constrained_regularized_mve
2008-05-26,gaussian,7,0.0018466978762532464,0.001,True,constrained_regularized_mve
2008-05-27,gaussian,7,-0.00215111454012715,0.001,True,constrained_regularized_mve
2008-05-28,gaussian,7,0.0011250884260588536,0.001,True,constrained_regularized_mve
2008-05-29,gaussian,7,0.0046591483478664753,0.001,True,constrained_regularized_mve
2008-05-30,gaussian,7,0,0.001,True,constrained_regularized_mve
2008-06-02,gaussian,7,0.00035137846208774248,0.001,True,constrained_regularized_mve
2008-06-03,gaussian,7,-0.0068809461214381562,0.001,True,constrained_regularized_mve
2008-06-04,gaussian,7,0.0074549538672336203,0.001,True,constrained_regularized_mve
2008-06-05,gaussian,7,-0.025744036291446993,0.001,True,constrained_regularized_mve
2008-06-06,gaussian,7,0,0.001,True,constrained_regularized_mve
2008-06-09,gaussian,7,-0.0023992147553949478,0.001,True,constrained_regularized_mve
2008-06-10,gaussian,7,-0.031004118917296753,0.001,True,constrained_regularized_mve
2008-06-11,gaussian,7,0.028236894639057021,0.001,True,constrained_regularized_mve
2008-06-12,gaussian,7,0.0071891690484393329,0.001,True,constrained_regularized_mve
2008-06-13,gaussian,7,0,0.001,True,constrained_regularized_mve
2008-06-16,gaussian,7,0.0031940542439700382,0.001,True,constrained_regularized_mve
2008-06-17,gaussian,7,-0.01946588003639162,0.001,True,constrained_regularized_mve
2008-06-18,gaussian,7,-0.015104604885125472,0.001,True,constrained_regularized_mve
2008-06-19,gaussian,7,-0.018153958616120035,0.001,True,constrained_regularized_mve
2008-06-20,gaussian,7,0,0.001,True,constrained_regularized_mve
2008-06-23,gaussian,7,0.012483348157634503,0.001,True,constrained_regularized_mve
2008-06-24,gaussian,7,0.023433733388715079,0.001,True,constrained_regularized_mve
2008-06-25,gaussian,7,-0.035084100364054668,0.001,True,constrained_regularized_mve
2008-06-26,gaussian,7,-0.0077362138010992707,0.001,True,constrained_regularized_mve
2008-06-27,gaussian,7,0,0.001,True,constrained_regularized_mve
2008-06-30,gaussian,7,-0.014600396854121683,0.001,True,constrained_regularized_mve
2008-07-01,gaussian,8,0.010153962122639575,0.001,True,constrained_regularized_mve
2008-07-02,gaussian,8,0.010000176587517935,0.001,True,constrained_regularized_mve
2008-07-03,gaussian,8,-0.014221965748454333,0.001,True,constrained_regularized_mve
2008-07-04,gaussian,8,0,0.001,True,constrained_regularized_mve
2008-07-07,gaussian,8,-0.0069381230237920248,0.001,True,constrained_regularized_mve
2008-07-08,gaussian,8,0.048238756974870289,0.001,True,constrained_regularized_mve
2008-07-09,gaussian,8,-0.0012926605009598486,0.001,True,constrained_regularized_mve
2008-07-10,gaussian,8,-0.032579959403791513,0.001,True,constrained_regularized_mve
2008-07-11,gaussian,8,0,0.001,True,constrained_regularized_mve
2008-07-14,gaussian,8,-0.037801461259917353,0.001,True,constrained_regularized_mve
2008-07-15,gaussian,8,0.067550501482861749,0.001,True,constrained_regularized_mve
2008-07-16,gaussian,8,0.052654386715155287,0.001,True,constrained_regularized_mve
2008-07-17,gaussian,8,0.029571124098386511,0.001,True,constrained_regularized_mve
2008-07-18,gaussian,8,0,0.001,True,constrained_regularized_mve
2008-07-21,gaussian,8,0.030176383506767955,0.001,True,constrained_regularized_mve
2008-07-22,gaussian,8,0.055673476244326239,0.001,True,constrained_regularized_mve
2008-07-23,gaussian,8,-0.030234360801463675,0.001,True,constrained_regularized_mve
2008-07-24,gaussian,8,-0.012826895792058609,0.001,True,constrained_regularized_mve
2008-07-25,gaussian,8,0,0.001,True,constrained_regularized_mve
2008-07-28,gaussian,8,0.026127174895680602,0.001,True,constrained_regularized_mve
2008-07-29,gaussian,8,0.021209722807957181,0.001,True,constrained_regularized_mve
2008-07-30,gaussian,8,-0.0015417875883191297,0.001,True,constrained_regularized_mve
2008-07-31,gaussian,8,-0.0074688530568853525,0.001,True,constrained_regularized_mve
2008-08-01,gaussian,8,0,0.001,True,constrained_regularized_mve
2008-08-04,gaussian,8,0.042290705630921764,0.001,True,constrained_regularized_mve
2008-08-05,gaussian,8,0.0019875735532680215,0.001,True,constrained_regularized_mve
2008-08-06,gaussian,8,-0.025606459107646432,0.001,True,constrained_regularized_mve
2008-08-07,gaussian,8,-0.0023331453898132568,0.001,True,constrained_regularized_mve
2008-08-08,gaussian,8,0,0.001,True,constrained_regularized_mve
2008-08-11,gaussian,8,-0.029104730360928074,0.001,True,constrained_regularized_mve
2008-08-12,gaussian,8,-0.046609047004877981,0.001,True,constrained_regularized_mve
2008-08-13,gaussian,8,0.01013540202781053,0.001,True,constrained_regularized_mve
2008-08-14,gaussian,8,0.0072507897382881699,0.001,True,constrained_regularized_mve
2008-08-15,gaussian,8,0,0.001,True,constrained_regularized_mve
2008-08-18,gaussian,8,-0.038566186718599321,0.001,True,constrained_regularized_mve
2008-08-19,gaussian,8,0.0070298437417322963,0.001,True,constrained_regularized_mve
2008-08-20,gaussian,8,-0.018451137015184541,0.001,True,constrained_regularized_mve
2008-08-21,gaussian,8,0.025671204461240202,0.001,True,constrained_regularized_mve
2008-08-22,gaussian,8,0,0.001,True,constrained_regularized_mve
2008-08-25,gaussian,8,-0.014770149636689543,0.001,True,constrained_regularized_mve
2008-08-26,gaussian,8,0.0077756132391620285,0.001,True,constrained_regularized_mve
2008-08-27,gaussian,8,0.030060750445985156,0.001,True,constrained_regularized_mve
2008-08-28,gaussian,8,0.0059897308015520985,0.001,True,constrained_regularized_mve
2008-08-29,gaussian,8,0,0.001,True,constrained_regularized_mve
2008-09-01,gaussian,8,0.0096183375298282553,0.001,True,constrained_regularized_mve
2008-09-02,gaussian,8,0.0017831411294866866,0.001,True,constrained_regularized_mve
2008-09-03,gaussian,8,-0.054799259246394477,0.001,True,constrained_regularized_mve
2008-09-04,gaussian,8,-0.012604668453480711,0.001,True,constrained_regularized_mve
2008-09-05,gaussian,8,0,0.001,True,constrained_regularized_mve
2008-09-08,gaussian,8,-0.040081808695157921,0.001,True,constrained_regularized_mve
2008-09-09,gaussian,8,-0.019560986333260838,0.001,True,constrained_regularized_mve
2008-09-10,gaussian,8,-0.013164478706179693,0.001,True,constrained_regularized_mve
2008-09-11,gaussian,8,0.036866369654920045,0.001,True,constrained_regularized_mve
2008-09-12,gaussian,8,0,0.001,True,constrained_regularized_mve
2008-09-15,gaussian,8,-0.027299944124816355,0.001,True,constrained_regularized_mve
2008-09-16,gaussian,8,-0.04111306246821364,0.001,True,constrained_regularized_mve
2008-09-17,gaussian,8,0.038521746820861347,0.001,True,constrained_regularized_mve
2008-09-18,gaussian,8,0.17400286001717805,0.001,True,constrained_regularized_mve
2008-09-19,gaussian,8,0,0.001,True,constrained_regularized_mve
2008-09-22,gaussian,8,-0.027645384990355182,0.001,True,constrained_regularized_mve
2008-09-23,gaussian,8,0.0035758602832714715,0.001,True,constrained_regularized_mve
2008-09-24,gaussian,8,0.036402539468262038,0.001,True,constrained_regularized_mve
2008-09-25,gaussian,8,0.002651806592912444,0.001,True,constrained_regularized_mve
2008-09-26,gaussian,8,0,0.001,True,constrained_regularized_mve
2008-09-29,gaussian,8,0.049322072472903093,0.001,True,constrained_regularized_mve
2008-09-30,gaussian,8,0.038460416087181919,0.001,True,constrained_regularized_mve
2008-10-01,gaussian,8,-0.018737930883049786,0.001,True,constrained_regularized_mve
2008-10-02,gaussian,8,0.016371202548091626,0.001,True,constrained_regularized_mve
2008-10-03,gaussian,8,0,0.001,True,constrained_regularized_mve
2008-10-06,gaussian,8,-0.074498480075134044,0.001,True,constrained_regularized_mve
2008-10-07,gaussian,8,-0.038325623981820899,0.001,True,constrained_regularized_mve
2008-10-08,gaussian,8,-0.038729778020028943,0.001,True,constrained_regularized_mve
2008-10-09,gaussian,8,-0.071235474616472769,0.001,True,constrained_regularized_mve
2008-10-10,gaussian,8,0,0.001,True,constrained_regularized_mve
2008-10-13,gaussian,8,0.053188871166272772,0.001,True,constrained_regularized_mve
2008-10-14,gaussian,8,-0.066482654050969286,0.001,True,constrained_regularized_mve
2008-10-15,gaussian,8,-0.046903393941918579,0.001,True,constrained_regularized_mve
2008-10-16,gaussian,8,0.0013028555579578534,0.001,True,constrained_regularized_mve
2008-10-17,gaussian,8,0,0.001,True,constrained_regularized_mve
2008-10-20,gaussian,8,0.0050047624431537223,0.001,True,constrained_regularized_mve
2008-10-21,gaussian,8,-0.087188612278038938,0.001,True,constrained_regularized_mve
2008-10-22,gaussian,8,-0.0074569657457050804,0.001,True,constrained_regularized_mve
2008-10-23,gaussian,8,-0.10307055582975379,0.001,True,constrained_regularized_mve
2008-10-24,gaussian,8,0,0.001,True,constrained_regularized_mve
2008-10-27,gaussian,8,-0.024904716694139923,0.001,True,constrained_regularized_mve
2008-10-28,gaussian,8,0.10399824417514035,0.001,True,constrained_regularized_mve
2008-10-29,gaussian,8,0.04433165461472785,0.001,True,constrained_regularized_mve
2008-10-30,gaussian,8,0.028125093553281369,0.001,True,constrained_regularized_mve
2008-10-31,gaussian,8,0,0.001,True,constrained_regularized_mve
2008-11-03,gaussian,8,0.072967579845674951,0.001,True,constrained_regularized_mve
2008-11-04,gaussian,8,-0.042063446630400597,0.001,True,constrained_regularized_mve
2008-11-05,gaussian,8,-0.078292694242014904,0.001,True,constrained_regularized_mve
2008-11-06,gaussian,8,0.01424829971551971,0.001,True,constrained_regularized_mve
2008-11-07,gaussian,8,0,0.001,True,constrained_regularized_mve
2008-11-10,gaussian,8,-0.056657465301984039,0.001,True,constrained_regularized_mve
2008-11-11,gaussian,8,-0.055486898065297816,0.001,True,constrained_regularized_mve
2008-11-12,gaussian,8,0.015661629211523951,0.001,True,constrained_regularized_mve
2008-11-13,gaussian,8,-0.011385270137219228,0.001,True,constrained_regularized_mve
2008-11-14,gaussian,8,0,0.001,True,constrained_regularized_mve
2008-11-17,gaussian,8,-0.024730215254418656,0.001,True,constrained_regularized_mve
2008-11-18,gaussian,8,-0.10465771628030802,0.001,True,constrained_regularized_mve
2008-11-19,gaussian,8,-0.089794731710536799,0.001,True,constrained_regularized_mve
2008-11-20,gaussian,8,0.0080687357932432424,0.001,True,constrained_regularized_mve
2008-11-21,gaussian,8,0,0.001,True,constrained_regularized_mve
2008-11-24,gaussian,8,0.071283980000584654,0.001,True,constrained_regularized_mve
2008-11-25,gaussian,8,0.014310998193794345,0.001,True,constrained_regularized_mve
2008-11-26,gaussian,8,0.055457565630150696,0.001,True,constrained_regularized_mve
2008-11-27,gaussian,8,0.023829370375410514,0.001,True,constrained_regularized_mve
2008-11-28,gaussian,8,0,0.001,True,constrained_regularized_mve
2008-12-01,gaussian,8,0.047593373587084327,0.001,True,constrained_regularized_mve
2008-12-02,gaussian,8,0.021355543117596763,0.001,True,constrained_regularized_mve
2008-12-03,gaussian,8,0.0087201576905341742,0.001,True,constrained_regularized_mve
2008-12-04,gaussian,8,-0.0038636683939836896,0.001,True,constrained_regularized_mve
2008-12-05,gaussian,8,0,0.001,True,constrained_regularized_mve
2008-12-08,gaussian,8,-0.0096445415000282059,0.001,True,constrained_regularized_mve
2008-12-09,gaussian,8,0.006634983081133675,0.001,True,constrained_regularized_mve
2008-12-10,gaussian,8,-0.035754441437231256,0.001,True,constrained_regularized_mve
2008-12-11,gaussian,8,-0.045556868169429311,0.001,True,constrained_regularized_mve
2008-12-12,gaussian,8,0,0.001,True,constrained_regularized_mve
2008-12-15,gaussian,8,0.071679546132156657,0.001,True,constrained_regularized_mve
2008-12-16,gaussian,8,-0.0070868857781242979,0.001,True,constrained_regularized_mve
2008-12-17,gaussian,8,-0.021042463615092936,0.001,True,constrained_regularized_mve
2008-12-18,gaussian,8,-0.0090594157083594366,0.001,True,constrained_regularized_mve
2008-12-19,gaussian,8,0,0.001,True,constrained_regularized_mve
2008-12-22,gaussian,8,-0.0012338414192614247,0.001,True,constrained_regularized_mve
2008-12-23,gaussian,8,0.0080350934758737173,0.001,True,constrained_regularized_mve
2008-12-24,gaussian,8,0.00047336417862160019,0.001,True,constrained_regularized_mve
2008-12-25,gaussian,8,-0.00061763211844460114,0.001,True,constrained_regularized_mve
2008-12-26,gaussian,8,0,0.001,True,constrained_regularized_mve
2008-12-29,gaussian,8,0.03082188122791964,0.001,True,constrained_regularized_mve
2008-12-30,gaussian,8,0.018762549412103199,0.001,True,constrained_regularized_mve
2008-12-31,gaussian,8,0.0010873122276278389,0.001,True,constrained_regularized_mve
2009-01-01,gaussian,9,0.021459743179292189,0.001,True,constrained_regularized_mve
2009-01-02,gaussian,9,0,0.001,True,constrained_regularized_mve
2009-01-05,gaussian,9,0.016592923162704522,0.001,True,constrained_regularized_mve
2009-01-06,gaussian,9,-0.011713764099719541,0.001,True,constrained_regularized_mve
2009-01-07,gaussian,9,-0.0039035583933653591,0.001,True,constrained_regularized_mve
2009-01-08,gaussian,9,-0.0079481970953640003,0.001,True,constrained_regularized_mve
2009-01-09,gaussian,9,0,0.001,True,constrained_regularized_mve
2009-01-12,gaussian,9,-0.04918118036313629,0.001,True,constrained_regularized_mve
2009-01-13,gaussian,9,-0.079347634472065096,0.001,True,constrained_regularized_mve
2009-01-14,gaussian,9,-0.067686843599696137,0.001,True,constrained_regularized_mve
2009-01-15,gaussian,9,-0.030968267921675386,0.001,True,constrained_regularized_mve
2009-01-16,gaussian,9,0,0.001,True,constrained_regularized_mve
2009-01-19,gaussian,9,-0.17561194288742646,0.001,True,constrained_regularized_mve
2009-01-20,gaussian,9,0.11838827312743101,0.001,True,constrained_regularized_mve
2009-01-21,gaussian,9,-0.008236769686857057,0.001,True,constrained_regularized_mve
2009-01-22,gaussian,9,-0.0010738918917655425,0.001,True,constrained_regularized_mve
2009-01-23,gaussian,9,0,0.001,True,constrained_regularized_mve
2009-01-26,gaussian,9,0.04382228469028366,0.001,True,constrained_regularized_mve
2009-01-27,gaussian,9,0.12562893010057846,0.001,True,constrained_regularized_mve
2009-01-28,gaussian,9,-0.045815290682846316,0.001,True,constrained_regularized_mve
2009-01-29,gaussian,9,-0.0098575824212859368,0.001,True,constrained_regularized_mve
2009-01-30,gaussian,9,0,0.001,True,constrained_regularized_mve
2009-02-02,gaussian,9,-0.011529409990811016,0.001,True,constrained_regularized_mve
2009-02-03,gaussian,9,0.0077336562341264979,0.001,True,constrained_regularized_mve
2009-02-04,gaussian,9,-0.00011842549155875432,0.001,True,constrained_regularized_mve
2009-02-05,gaussian,9,0.049533583892364667,0.001,True,constrained_regularized_mve
2009-02-06,gaussian,9,0,0.001,True,constrained_regularized_mve
2009-02-09,gaussian,9,-0.064454315206940727,0.001,True,constrained_regularized_mve
2009-02-10,gaussian,9,-0.0057018347256580764,0.001,True,constrained_regularized_mve
2009-02-11,gaussian,9,-0.029048088590297397,0.001,True,constrained_regularized_mve
2009-02-12,gaussian,9,-0.032506908683590068,0.001,True,constrained_regularized_mve
2009-02-13,gaussian,9,0,0.001,True,constrained_regularized_mve
2009-02-16,gaussian,9,-0.079344999264329696,0.001,True,constrained_regularized_mve
2009-02-17,gaussian,9,-0.0058871507325842683,0.001,True,constrained_regularized_mve
2009-02-18,gaussian,9,0.010387024019480467,0.001,True,constrained_regularized_mve
2009-02-19,gaussian,9,-0.052202786167853336,0.001,True,constrained_regularized_mve
2009-02-20,gaussian,9,0,0.001,True,constrained_regularized_mve
2009-02-23,gaussian,9,0.05774030157271514,0.001,True,constrained_regularized_mve
2009-02-24,gaussian,9,0.026745135421581707,0.001,True,constrained_regularized_mve
2009-02-25,gaussian,9,0.093707132314558045,0.001,True,constrained_regularized_mve
2009-02-26,gaussian,9,-0.10230713192463164,0.001,True,constrained_regularized_mve
2009-02-27,gaussian,9,0,0.001,True,constrained_regularized_mve
2009-03-02,gaussian,9,-0.025988850499015139,0.001,True,constrained_regularized_mve
2009-03-03,gaussian,9,0.014383294245642556,0.001,True,constrained_regularized_mve
2009-03-04,gaussian,9,-0.11917525061797606,0.001,True,constrained_regularized_mve
2009-03-05,gaussian,9,-0.034828909663502348,0.001,True,constrained_regularized_mve
2009-03-06,gaussian,9,0,0.001,True,constrained_regularized_mve
2009-03-09,gaussian,9,0.12870930642002429,0.001,True,constrained_regularized_mve
2009-03-10,gaussian,9,0.012666851364986607,0.001,True,constrained_regularized_mve
2009-03-11,gaussian,9,0.062482257307757895,0.001,True,constrained_regularized_mve
2009-03-12,gaussian,9,0.018391191786949021,0.001,True,constrained_regularized_mve
2009-03-13,gaussian,9,0,0.001,True,constrained_regularized_mve
2009-03-16,gaussian,9,0.037056385619179025,0.001,True,constrained_regularized_mve
2009-03-17,gaussian,9,0.075118149332865772,0.001,True,constrained_regularized_mve
2009-03-18,gaussian,9,-0.0041729506646733059,0.001,True,constrained_regularized_mve
2009-03-19,gaussian,9,-0.033176456245140581,0.001,True,constrained_regularized_mve
2009-03-20,gaussian,9,0,0.001,True,constrained_regularized_mve
2009-03-23,gaussian,9,-0.039414235924064664,0.001,True,constrained_regularized_mve
2009-03-24,gaussian,9,0.023141844312687804,0.001,True,constrained_regularized_mve
2009-03-25,gaussian,9,0.017373111137894002,0.001,True,constrained_regularized_mve
2009-03-26,gaussian,9,-0.025053773281174866,0.001,True,constrained_regularized_mve
2009-03-27,gaussian,9,0,0.001,True,constrained_regularized_mve
2009-03-30,gaussian,9,0.065989834456496435,0.001,True,constrained_regularized_mve
2009-03-31,gaussian,9,0.037510357026805545,0.001,True,constrained_regularized_mve
2009-04-01,gaussian,9,0.073735912548610075,0.001,True,constrained_regularized_mve
2009-04-02,gaussian,9,0.030781722587462201,0.001,True,constrained_regularized_mve
2009-04-03,gaussian,9,0,0.001,True,constrained_regularized_mve
2009-04-06,gaussian,9,-0.032914584006368798,0.001,True,constrained_regularized_mve
2009-04-07,gaussian,9,0.0045634763002507968,0.001,True,constrained_regularized_mve
2009-04-08,gaussian,9,0.10668554755389953,0.001,True,constrained_regularized_mve
2009-04-09,gaussian,9,-0.0016239491117960993,0.001,True,constrained_regularized_mve
2009-04-10,gaussian,9,0,0.001,True,constrained_regularized_mve
2009-04-13,gaussian,9,-0.010880408977022251,0.001,True,constrained_regularized_mve
2009-04-14,gaussian,9,0.0073532003810019755,0.001,True,constrained_regularized_mve
2009-04-15,gaussian,9,0.012379890188623217,0.001,True,constrained_regularized_mve
2009-04-16,gaussian,9,0.035169935340819726,0.001,True,constrained_regularized_mve
2009-04-17,gaussian,9,0,0.001,True,constrained_regularized_mve
2009-04-20,gaussian,9,0.040113781963563744,0.001,True,constrained_regularized_mve
2009-04-21,gaussian,9,0.030001244036375028,0.001,True,constrained_regularized_mve
2009-04-22,gaussian,9,0.0084752421562262498,0.001,True,constrained_regularized_mve
2009-04-23,gaussian,9,0.030610997137984264,0.001,True,constrained_regularized_mve
2009-04-24,gaussian,9,0,0.001,True,constrained_regularized_mve
2009-04-27,gaussian,9,-0.022694202172497555,0.001,True,constrained_regularized_mve
2009-04-28,gaussian,9,0.047753733925044443,0.001,True,constrained_regularized_mve
2009-04-29,gaussian,9,0.047440119809551567,0.001,True,constrained_regularized_mve
2009-04-30,gaussian,9,-0.0046254221021705686,0.001,True,constrained_regularized_mve
2009-05-01,gaussian,9,0,0.001,True,constrained_regularized_mve
2009-05-04,gaussian,9,0.0075408408286921349,0.001,True,constrained_regularized_mve
2009-05-05,gaussian,9,0.052864858880936373,0.001,True,constrained_regularized_mve
2009-05-06,gaussian,9,-0.016778956979989094,0.001,True,constrained_regularized_mve
2009-05-07,gaussian,9,0.055073506404977171,0.001,True,constrained_regularized_mve
2009-05-08,gaussian,9,0,0.001,True,constrained_regularized_mve
2009-05-11,gaussian,9,-0.034662950154259055,0.001,True,constrained_regularized_mve
2009-05-12,gaussian,9,-0.06732505085363262,0.001,True,constrained_regularized_mve
2009-05-13,gaussian,9,0.013007483594027232,0.001,True,constrained_regularized_mve
2009-05-14,gaussian,9,0.0016850859519305888,0.001,True,constrained_regularized_mve
2009-05-15,gaussian,9,0,0.001,True,constrained_regularized_mve
2009-05-18,gaussian,9,0.016323870928964795,0.001,True,constrained_regularized_mve
2009-05-19,gaussian,9,-0.018567034447862844,0.001,True,constrained_regularized_mve
2009-05-20,gaussian,9,-0.010609015804843608,0.001,True,constrained_regularized_mve
2009-05-21,gaussian,9,0.0049063206953681463,0.001,True,constrained_regularized_mve
2009-05-22,gaussian,9,0,0.001,True,constrained_regularized_mve
2009-05-25,gaussian,9,0.0090756479074691563,0.001,True,constrained_regularized_mve
2009-05-26,gaussian,9,-0.019984548985043017,0.001,True,constrained_regularized_mve
2009-05-27,gaussian,9,-0.0022640015237872513,0.001,True,constrained_regularized_mve
2009-05-28,gaussian,9,0.026839754978717406,0.001,True,constrained_regularized_mve
2009-05-29,gaussian,9,0,0.001,True,constrained_regularized_mve
2009-06-01,gaussian,9,-0.019789076343367819,0.001,True,constrained_regularized_mve
2009-06-02,gaussian,9,-0.031087833572544622,0.001,True,constrained_regularized_mve
2009-06-03,gaussian,9,0.024338999152091263,0.001,True,constrained_regularized_mve
2009-06-04,gaussian,9,-0.0037157850872829709,0.001,True,constrained_regularized_mve
2009-06-05,gaussian,9,0,0.001,True,constrained_regularized_mve
2009-06-08,gaussian,9,0.012604787969518919,0.001,True,constrained_regularized_mve
2009-06-09,gaussian,9,0.0023813859453942678,0.001,True,constrained_regularized_mve
2009-06-10,gaussian,9,0.023575171923281558,0.001,True,constrained_regularized_mve
2009-06-11,gaussian,9,-0.0055984499143610011,0.001,True,constrained_regularized_mve
2009-06-12,gaussian,9,0,0.001,True,constrained_regularized_mve
2009-06-15,gaussian,9,-0.010497739082864466,0.001,True,constrained_regularized_mve
2009-06-16,gaussian,9,-0.021284544419429341,0.001,True,constrained_regularized_mve
2009-06-17,gaussian,9,0.012543920390371064,0.001,True,constrained_regularized_mve
2009-06-18,gaussian,9,0.012699058941566435,0.001,True,constrained_regularized_mve
2009-06-19,gaussian,9,0,0.001,True,constrained_regularized_mve
2009-06-22,gaussian,9,0.0026030926504749486,0.001,True,constrained_regularized_mve
2009-06-23,gaussian,9,0.018151632112090779,0.001,True,constrained_regularized_mve
2009-06-24,gaussian,9,-0.0045164716793069382,0.001,True,constrained_regularized_mve
2009-06-25,gaussian,9,0.0029221845576719555,0.001,True,constrained_regularized_mve
2009-06-26,gaussian,9,0,0.001,True,constrained_regularized_mve
2009-06-29,gaussian,9,-0.011475882192739801,0.001,True,constrained_regularized_mve
2009-06-30,gaussian,9,0.0095682778540650808,0.001,True,constrained_regularized_mve
2009-07-01,gaussian,10,-0.038834923036047513,0.01,True,constrained_regularized_mve
2009-07-02,gaussian,10,0.0083659633706637919,0.01,True,constrained_regularized_mve
2009-07-03,gaussian,10,0,0.01,True,constrained_regularized_mve
2009-07-06,gaussian,10,-0.0048144770401239876,0.01,True,constrained_regularized_mve
2009-07-07,gaussian,10,-0.021386328937053053,0.01,True,constrained_regularized_mve
2009-07-08,gaussian,10,0.015388549570730133,0.01,True,constrained_regularized_mve
2009-07-09,gaussian,10,-0.0086054150318271468,0.01,True,constrained_regularized_mve
2009-07-10,gaussian,10,0,0.01,True,constrained_regularized_mve
2009-07-13,gaussian,10,0.021636826409840756,0.01,True,constrained_regularized_mve
2009-07-14,gaussian,10,0.037891988311630438,0.01,True,constrained_regularized_mve
2009-07-15,gaussian,10,0.0022233239739901218,0.01,True,constrained_regularized_mve
2009-07-16,gaussian,10,-0.00099507789394906411,0.01,True,constrained_regularized_mve
2009-07-17,gaussian,10,0,0.01,True,constrained_regularized_mve
2009-07-20,gaussian,10,-0.0023784157878847232,0.01,True,constrained_regularized_mve
2009-07-21,gaussian,10,0.0022434272709815142,0.01,True,constrained_regularized_mve
2009-07-22,gaussian,10,0.01979046125822418,0.01,True,constrained_regularized_mve
2009-07-23,gaussian,10,0.002588183271371094,0.01,True,constrained_regularized_mve
2009-07-24,gaussian,10,0,0.01,True,constrained_regularized_mve
2009-07-27,gaussian,10,-0.00951641447458333,0.01,True,constrained_regularized_mve
2009-07-28,gaussian,10,0.00057666073363473835,0.01,True,constrained_regularized_mve
2009-07-29,gaussian,10,0.027509449174058013,0.01,True,constrained_regularized_mve
2009-07-30,gaussian,10,0.012121516418266028,0.01,True,constrained_regularized_mve
2009-07-31,gaussian,10,0,0.01,True,constrained_regularized_mve
2009-08-03,gaussian,10,0.0020329299404735347,0.01,True,constrained_regularized_mve
2009-08-04,gaussian,10,0.013298164267324272,0.01,True,constrained_regularized_mve
2009-08-05,gaussian,10,0.021735585114003312,0.01,True,constrained_regularized_mve
2009-08-06,gaussian,10,0.0086186523217539057,0.01,True,constrained_regularized_mve
2009-08-07,gaussian,10,0,0.01,True,constrained_regularized_mve
2009-08-10,gaussian,10,-0.027113599548470681,0.01,True,constrained_regularized_mve
2009-08-11,gaussian,10,0.012073229507657296,0.01,True,constrained_regularized_mve
2009-08-12,gaussian,10,0.025983632933254265,0.01,True,constrained_regularized_mve
2009-08-13,gaussian,10,-0.0096240728840675561,0.01,True,constrained_regularized_mve
2009-08-14,gaussian,10,0,0.01,True,constrained_regularized_mve
2009-08-17,gaussian,10,0.017776144649916829,0.01,True,constrained_regularized_mve
2009-08-18,gaussian,10,-0.0048465021698840581,0.01,True,constrained_regularized_mve
2009-08-19,gaussian,10,0.021606666960535804,0.01,True,constrained_regularized_mve
2009-08-20,gaussian,10,0.025236908946155667,0.01,True,constrained_regularized_mve
2009-08-21,gaussian,10,0,0.01,True,constrained_regularized_mve
2009-08-24,gaussian,10,0.007697698650000793,0.01,True,constrained_regularized_mve
2009-08-25,gaussian,10,0.0061588511260635597,0.01,True,constrained_regularized_mve
2009-08-26,gaussian,10,0.0067534850938898621,0.01,True,constrained_regularized_mve
2009-08-27,gaussian,10,0.017982493892179614,0.01,True,constrained_regularized_mve
2009-08-28,gaussian,10,0,0.01,True,constrained_regularized_mve
2009-08-31,gaussian,10,-0.038316927358904955,0.01,True,constrained_regularized_mve
2009-09-01,gaussian,10,-0.013084488985294978,0.01,True,constrained_regularized_mve
2009-09-02,gaussian,10,0.011141017777354644,0.01,True,constrained_regularized_mve
2009-09-03,gaussian,10,0.017296990115887746,0.01,True,constrained_regularized_mve
2009-09-04,gaussian,10,0,0.01,True,constrained_regularized_mve
2009-09-07,gaussian,10,0.0063367471772233846,0.01,True,constrained_regularized_mve
2009-09-08,gaussian,10,0.018730851270519173,0.01,True,constrained_regularized_mve
2009-09-09,gaussian,10,0.0016678520682855413,0.01,True,constrained_regularized_mve
2009-09-10,gaussian,10,0.0051241034763523713,0.01,True,constrained_regularized_mve
2009-09-11,gaussian,10,0,0.01,True,constrained_regularized_mve
2009-09-14,gaussian,10,0.0019223193761998434,0.01,True,constrained_regularized_mve
2009-09-15,gaussian,10,0.027569433428566131,0.01,True,constrained_regularized_mve
2009-09-16,gaussian,10,0.0022815709759004829,0.01,True,constrained_regularized_mve
2009-09-17,gaussian,10,-0.0011953936254416808,0.01,True,constrained_regularized_mve
2009-09-18,gaussian,10,0,0.01,True,constrained_regularized_mve
2009-09-21,gaussian,10,0.016398344699853372,0.01,True,constrained_regularized_mve
2009-09-22,gaussian,10,-0.0056952588084343099,0.01,True,constrained_regularized_mve
2009-09-23,gaussian,10,-0.025394034736057676,0.01,True,constrained_regularized_mve
2009-09-24,gaussian,10,-0.0051562836296052822,0.01,True,constrained_regularized_mve
2009-09-25,gaussian,10,0,0.01,True,constrained_regularized_mve
2009-09-28,gaussian,10,0.0082961825518414484,0.01,True,constrained_regularized_mve
2009-09-29,gaussian,10,-0.0022371792619608963,0.01,True,constrained_regularized_mve
2009-09-30,gaussian,10,-0.040988412674048728,0.01,True,constrained_regularized_mve
2009-10-01,gaussian,10,-0.026547386669157166,0.01,True,constrained_regularized_mve
2009-10-02,gaussian,10,0,0.01,True,constrained_regularized_mve
2009-10-05,gaussian,10,0.03195596607279564,0.01,True,constrained_regularized_mve
2009-10-06,gaussian,10,0.0013736902400818078,0.01,True,constrained_regularized_mve
2009-10-07,gaussian,10,0.0035728924108030225,0.01,True,constrained_regularized_mve
2009-10-08,gaussian,10,-0.0031538039107915175,0.01,True,constrained_regularized_mve
2009-10-09,gaussian,10,0,0.01,True,constrained_regularized_mve
2009-10-12,gaussian,10,-0.012425400396173191,0.01,True,constrained_regularized_mve
2009-10-13,gaussian,10,0.031635597356143921,0.01,True,constrained_regularized_mve
2009-10-14,gaussian,10,-0.0026407564169351758,0.01,True,constrained_regularized_mve
2009-10-15,gaussian,10,-0.025454895470933402,0.01,True,constrained_regularized_mve
2009-10-16,gaussian,10,0,0.01,True,constrained_regularized_mve
2009-10-19,gaussian,10,-0.0068839091646470535,0.01,True,constrained_regularized_mve
2009-10-20,gaussian,10,0.0041981657240752037,0.01,True,constrained_regularized_mve
2009-10-21,gaussian,10,0.00907788626638153,0.01,True,constrained_regularized_mve
2009-10-22,gaussian,10,-0.0059294243471140345,0.01,True,constrained_regularized_mve
2009-10-23,gaussian,10,0,0.01,True,constrained_regularized_mve
2009-10-26,gaussian,10,-0.01438139908162799,0.01,True,constrained_regularized_mve
2009-10-27,gaussian,10,-0.035796783505468208,0.01,True,constrained_regularized_mve
2009-10-28,gaussian,10,0.050233604590183299,0.01,True,constrained_regularized_mve
2009-10-29,gaussian,10,-0.037784445432195855,0.01,True,constrained_regularized_mve
2009-10-30,gaussian,10,0,0.01,True,constrained_regularized_mve
2009-11-02,gaussian,10,-0.015022723091920128,0.01,True,constrained_regularized_mve
2009-11-03,gaussian,10,0.0034129581510816201,0.01,True,constrained_regularized_mve
2009-11-04,gaussian,10,0.016807088811146009,0.01,True,constrained_regularized_mve
2009-11-05,gaussian,10,0.0044869037780357621,0.01,True,constrained_regularized_mve
2009-11-06,gaussian,10,0,0.01,True,constrained_regularized_mve
2009-11-09,gaussian,10,0.0010465713070319049,0.01,True,constrained_regularized_mve
2009-11-10,gaussian,10,0.012693497841516365,0.01,True,constrained_regularized_mve
2009-11-11,gaussian,10,-0.01048740673155606,0.01,True,constrained_regularized_mve
2009-11-12,gaussian,10,0.0016226210887540927,0.01,True,constrained_regularized_mve
2009-11-13,gaussian,10,0,0.01,True,constrained_regularized_mve
2009-11-16,gaussian,10,-0.01019177731745924,0.01,True,constrained_regularized_mve
2009-11-17,gaussian,10,-0.0028080549553451367,0.01,True,constrained_regularized_mve
2009-11-18,gaussian,10,-0.019268587708603159,0.01,True,constrained_regularized_mve
2009-11-19,gaussian,10,-0.013188308995642856,0.01,True,constrained_regularized_mve
2009-11-20,gaussian,10,0,0.01,True,constrained_regularized_mve
2009-11-23,gaussian,10,-0.01808751033626619,0.01,True,constrained_regularized_mve
2009-11-24,gaussian,10,0.0050872222744000432,0.01,True,constrained_regularized_mve
2009-11-25,gaussian,10,-0.025028318283642961,0.01,True,constrained_regularized_mve
2009-11-26,gaussian,10,-0.015802801047859943,0.01,True,constrained_regularized_mve
2009-11-27,gaussian,10,0,0.01,True,constrained_regularized_mve
2009-11-30,gaussian,10,0.026146472996029416,0.01,True,constrained_regularized_mve
2009-12-01,gaussian,10,-0.011907124874140728,0.01,True,constrained_regularized_mve
2009-12-02,gaussian,10,0.0021962986618557141,0.01,True,constrained_regularized_mve
2009-12-03,gaussian,10,0.002779162316101454,0.01,True,constrained_regularized_mve
2009-12-04,gaussian,10,0,0.01,True,constrained_regularized_mve
2009-12-07,gaussian,10,-0.020570480393614306,0.01,True,constrained_regularized_mve
2009-12-08,gaussian,10,-0.0057395990315964639,0.01,True,constrained_regularized_mve
2009-12-09,gaussian,10,0.0055801736691776785,0.01,True,constrained_regularized_mve
2009-12-10,gaussian,10,-0.0085451720690863323,0.01,True,constrained_regularized_mve
2009-12-11,gaussian,10,0,0.01,True,constrained_regularized_mve
2009-12-14,gaussian,10,-0.01326755437365849,0.01,True,constrained_regularized_mve
2009-12-15,gaussian,10,0.02445187072114776,0.01,True,constrained_regularized_mve
2009-12-16,gaussian,10,-0.029329088674240351,0.01,True,constrained_regularized_mve
2009-12-17,gaussian,10,-0.0073366407596145676,0.01,True,constrained_regularized_mve
2009-12-18,gaussian,10,0,0.01,True,constrained_regularized_mve
2009-12-21,gaussian,10,-0.0055261341315900516,0.01,True,constrained_regularized_mve
2009-12-22,gaussian,10,-0.00032655029672938899,0.01,True,constrained_regularized_mve
2009-12-23,gaussian,10,0.0074646388632072418,0.01,True,constrained_regularized_mve
2009-12-24,gaussian,10,-0.00013358637865850398,0.01,True,constrained_regularized_mve
2009-12-25,gaussian,10,0,0.01,True,constrained_regularized_mve
2009-12-28,gaussian,10,-0.0037757719514490392,0.01,True,constrained_regularized_mve
2009-12-29,gaussian,10,-0.005379754361730547,0.01,True,constrained_regularized_mve
2009-12-30,gaussian,10,0.0046747504269436376,0.01,True,constrained_regularized_mve
2009-12-31,gaussian,10,-0.00021752136730755458,0.01,True,constrained_regularized_mve
2010-01-01,gaussian,11,0,0.01,True,constrained_regularized_mve
2010-01-04,gaussian,11,0.016534774111946964,0.01,True,constrained_regularized_mve
2010-01-05,gaussian,11,0.008919485398138376,0.01,True,constrained_regularized_mve
2010-01-06,gaussian,11,0.011251386239388076,0.01,True,constrained_regularized_mve
2010-01-07,gaussian,11,0.013470372824504199,0.01,True,constrained_regularized_mve
2010-01-08,gaussian,11,0,0.01,True,constrained_regularized_mve
2010-01-11,gaussian,11,-0.011352184598423586,0.01,True,constrained_regularized_mve
2010-01-12,gaussian,11,0.0018014879409507852,0.01,True,constrained_regularized_mve
2010-01-13,gaussian,11,0.008918705477319858,0.01,True,constrained_regularized_mve
2010-01-14,gaussian,11,-0.021446868748216944,0.01,True,constrained_regularized_mve
2010-01-15,gaussian,11,0,0.01,True,constrained_regularized_mve
2010-01-18,gaussian,11,-0.0020081341443180601,0.01,True,constrained_regularized_mve
2010-01-19,gaussian,11,-0.024016937035971186,0.01,True,constrained_regularized_mve
2010-01-20,gaussian,11,-0.031046815581098938,0.01,True,constrained_regularized_mve
2010-01-21,gaussian,11,-0.023180861477219976,0.01,True,constrained_regularized_mve
2010-01-22,gaussian,11,0,0.01,True,constrained_regularized_mve
2010-01-25,gaussian,11,-0.016276384336383665,0.01,True,constrained_regularized_mve
2010-01-26,gaussian,11,-0.0049729602686276551,0.01,True,constrained_regularized_mve
2010-01-27,gaussian,11,-0.011545551931510223,0.01,True,constrained_regularized_mve
2010-01-28,gaussian,11,0.0049240415535793218,0.01,True,constrained_regularized_mve
2010-01-29,gaussian,11,0,0.01,True,constrained_regularized_mve
2010-02-01,gaussian,11,0.010497718519847179,0.01,True,constrained_regularized_mve
2010-02-02,gaussian,11,-0.017232099061237044,0.01,True,constrained_regularized_mve
2010-02-03,gaussian,11,-0.046063324651755291,0.01,True,constrained_regularized_mve
2010-02-04,gaussian,11,-0.025181428308800394,0.01,True,constrained_regularized_mve
2010-02-05,gaussian,11,0,0.01,True,constrained_regularized_mve
2010-02-08,gaussian,11,0.012101201916009829,0.01,True,constrained_regularized_mve
2010-02-09,gaussian,11,0.01486053573276145,0.01,True,constrained_regularized_mve
2010-02-10,gaussian,11,-0.0047785101793101767,0.01,True,constrained_regularized_mve
2010-02-11,gaussian,11,-0.0068926419883572629,0.01,True,constrained_regularized_mve
2010-02-12,gaussian,11,0,0.01,True,constrained_regularized_mve
2010-02-15,gaussian,11,0.02353927136642037,0.01,True,constrained_regularized_mve
2010-02-16,gaussian,11,0.0097278826265476317,0.01,True,constrained_regularized_mve
2010-02-17,gaussian,11,-0.0048397680910220748,0.01,True,constrained_regularized_mve
2010-02-18,gaussian,11,0.0083779158542726054,0.01,True,constrained_regularized_mve
2010-02-19,gaussian,11,0,0.01,True,constrained_regularized_mve
2010-02-22,gaussian,11,-0.021729922317159672,0.01,True,constrained_regularized_mve
2010-02-23,gaussian,11,0.0070824712163825099,0.01,True,constrained_regularized_mve
2010-02-24,gaussian,11,-0.0077102376544446322,0.01,True,constrained_regularized_mve
2010-02-25,gaussian,11,0.017533502853029792,0.01,True,constrained_regularized_mve
2010-02-26,gaussian,11,0,0.01,True,constrained_regularized_mve
2010-03-01,gaussian,11,0.013199265011894815,0.01,True,constrained_regularized_mve
2010-03-02,gaussian,11,0.015351495195303849,0.01,True,constrained_regularized_mve
2010-03-03,gaussian,11,0.004861932000442333,0.01,True,constrained_regularized_mve
2010-03-04,gaussian,11,0.030031441372783733,0.01,True,constrained_regularized_mve
2010-03-05,gaussian,11,0,0.01,True,constrained_regularized_mve
2010-03-08,gaussian,11,-0.0064592893480335586,0.01,True,constrained_regularized_mve
2010-03-09,gaussian,11,0.013804573360583791,0.01,True,constrained_regularized_mve
2010-03-10,gaussian,11,0.00037952620802709971,0.01,True,constrained_regularized_mve
2010-03-11,gaussian,11,0.011264803038222566,0.01,True,constrained_regularized_mve
2010-03-12,gaussian,11,0,0.01,True,constrained_regularized_mve
2010-03-15,gaussian,11,0.02332100043469355,0.01,True,constrained_regularized_mve
2010-03-16,gaussian,11,0.010461621790965488,0.01,True,constrained_regularized_mve
2010-03-17,gaussian,11,-0.015746484095849545,0.01,True,constrained_regularized_mve
2010-03-18,gaussian,11,-0.0052483839289892385,0.01,True,constrained_regularized_mve
2010-03-19,gaussian,11,0,0.01,True,constrained_regularized_mve
2010-03-22,gaussian,11,0.0025257377805685257,0.01,True,constrained_regularized_mve
2010-03-23,gaussian,11,-0.007132739591016202,0.01,True,constrained_regularized_mve
2010-03-24,gaussian,11,0.0095754507339413479,0.01,True,constrained_regularized_mve
2010-03-25,gaussian,11,0.0032833713859374627,0.01,True,constrained_regularized_mve
2010-03-26,gaussian,11,0,0.01,True,constrained_regularized_mve
2010-03-29,gaussian,11,-0.011959382262216503,0.01,True,constrained_regularized_mve
2010-03-30,gaussian,11,0.0021009301032978212,0.01,True,constrained_regularized_mve
2010-03-31,gaussian,11,0.016174435890973424,0.01,True,constrained_regularized_mve
2010-04-01,gaussian,11,-0.0022139946594207601,0.01,True,constrained_regularized_mve
2010-04-02,gaussian,11,0,0.01,True,constrained_regularized_mve
2010-04-05,gaussian,11,0.0043125612488902534,0.01,True,constrained_regularized_mve
2010-04-06,gaussian,11,0.0021443480943250329,0.01,True,constrained_regularized_mve
2010-04-07,gaussian,11,-0.010961569413435783,0.01,True,constrained_regularized_mve
2010-04-08,gaussian,11,0.023546200724851408,0.01,True,constrained_regularized_mve
2010-04-09,gaussian,11,0,0.01,True,constrained_regularized_mve
2010-04-12,gaussian,11,-0.0050477049128333793,0.01,True,constrained_regularized_mve
2010-04-13,gaussian,11,0.020527445239531691,0.01,True,constrained_regularized_mve
2010-04-14,gaussian,11,0.0049917062278925523,0.01,True,constrained_regularized_mve
2010-04-15,gaussian,11,-0.039926976910611291,0.01,True,constrained_regularized_mve
2010-04-16,gaussian,11,0,0.01,True,constrained_regularized_mve
2010-04-19,gaussian,11,0.010244168058204722,0.01,True,constrained_regularized_mve
2010-04-20,gaussian,11,-0.011656826012621304,0.01,True,constrained_regularized_mve
2010-04-21,gaussian,11,-0.02141796537144729,0.01,True,constrained_regularized_mve
2010-04-22,gaussian,11,0.0060503643006498114,0.01,True,constrained_regularized_mve
2010-04-23,gaussian,11,0,0.01,True,constrained_regularized_mve
2010-04-26,gaussian,11,-0.035822320146096279,0.01,True,constrained_regularized_mve
2010-04-27,gaussian,11,-0.011618800006775964,0.01,True,constrained_regularized_mve
2010-04-28,gaussian,11,0.017729049139182954,0.01,True,constrained_regularized_mve
2010-04-29,gaussian,11,-0.016371300499203163,0.01,True,constrained_regularized_mve
2010-04-30,gaussian,11,0,0.01,True,constrained_regularized_mve
2010-05-03,gaussian,11,-0.053998958779183051,0.01,True,constrained_regularized_mve
2010-05-04,gaussian,11,-0.018679155636578564,0.01,True,constrained_regularized_mve
2010-05-05,gaussian,11,-0.057193359750325183,0.01,True,constrained_regularized_mve
2010-05-06,gaussian,11,-0.024049602065371316,0.01,True,constrained_regularized_mve
2010-05-07,gaussian,11,0,0.01,True,constrained_regularized_mve
2010-05-10,gaussian,11,-0.013304139579250961,0.01,True,constrained_regularized_mve
2010-05-11,gaussian,11,0.0050954805816104242,0.01,True,constrained_regularized_mve
2010-05-12,gaussian,11,-0.0088316738116874707,0.01,True,constrained_regularized_mve
2010-05-13,gaussian,11,-0.047918296916736942,0.01,True,constrained_regularized_mve
2010-05-14,gaussian,11,0,0.01,True,constrained_regularized_mve
2010-05-17,gaussian,11,-0.006930173499541269,0.01,True,constrained_regularized_mve
2010-05-18,gaussian,11,-0.004606038311786638,0.01,True,constrained_regularized_mve
2010-05-19,gaussian,11,-0.018499778176378646,0.01,True,constrained_regularized_mve
2010-05-20,gaussian,11,0.026533445122523099,0.01,True,constrained_regularized_mve
2010-05-21,gaussian,11,0,0.01,True,constrained_regularized_mve
2010-05-24,gaussian,11,-0.022597407299967204,0.01,True,constrained_regularized_mve
2010-05-25,gaussian,11,0.0013806729962011197,0.01,True,constrained_regularized_mve
2010-05-26,gaussian,11,0.045407325427232498,0.01,True,constrained_regularized_mve
2010-05-27,gaussian,11,-0.011779214904543759,0.01,True,constrained_regularized_mve
2010-05-28,gaussian,11,0,0.01,True,constrained_regularized_mve
2010-05-31,gaussian,11,-0.012438214331648649,0.01,True,constrained_regularized_mve
2010-06-01,gaussian,11,0.0068023719109948184,0.01,True,constrained_regularized_mve
2010-06-02,gaussian,11,0.0016518571685253198,0.01,True,constrained_regularized_mve
2010-06-03,gaussian,11,-0.043319328214989641,0.01,True,constrained_regularized_mve
2010-06-04,gaussian,11,0,0.01,True,constrained_regularized_mve
2010-06-07,gaussian,11,-0.0046497511396046878,0.01,True,constrained_regularized_mve
2010-06-08,gaussian,11,0.015966149211792152,0.01,True,constrained_regularized_mve
2010-06-09,gaussian,11,0.025419213469854551,0.01,True,constrained_regularized_mve
2010-06-10,gaussian,11,0.0084569557054084647,0.01,True,constrained_regularized_mve
2010-06-11,gaussian,11,0,0.01,True,constrained_regularized_mve
2010-06-14,gaussian,11,0.023718768038861006,0.01,True,constrained_regularized_mve
2010-06-15,gaussian,11,0.0026817704903874771,0.01,True,constrained_regularized_mve
2010-06-16,gaussian,11,0.0094082275959559963,0.01,True,constrained_regularized_mve
2010-06-17,gaussian,11,0.012878707921649137,0.01,True,constrained_regularized_mve
2010-06-18,gaussian,11,0,0.01,True,constrained_regularized_mve
2010-06-21,gaussian,11,-0.0089871011488300723,0.01,True,constrained_regularized_mve
2010-06-22,gaussian,11,-0.0071106416170865876,0.01,True,constrained_regularized_mve
2010-06-23,gaussian,11,-0.026049593705106327,0.01,True,constrained_regularized_mve
2010-06-24,gaussian,11,0.012788390696571478,0.01,True,constrained_regularized_mve
2010-06-25,gaussian,11,0,0.01,True,constrained_regularized_mve
2010-06-28,gaussian,11,-0.03954164035218137,0.01,True,constrained_regularized_mve
2010-06-29,gaussian,11,0.0097542311508079082,0.01,True,constrained_regularized_mve
2010-06-30,gaussian,11,-0.0056843085074897246,0.01,True,constrained_regularized_mve
2010-07-01,gaussian,12,0.0044783842649189541,9.9999999999999995e-07,True,constrained_regularized_mve
2010-07-02,gaussian,12,0,9.9999999999999995e-07,True,constrained_regularized_mve
2010-07-05,gaussian,12,0.029158846399568419,9.9999999999999995e-07,True,constrained_regularized_mve
2010-07-06,gaussian,12,0.044351022651355716,9.9999999999999995e-07,True,constrained_regularized_mve
2010-07-07,gaussian,12,0.017402829512357415,9.9999999999999995e-07,True,constrained_regularized_mve
2010-07-08,gaussian,12,0.0060067526893127767,9.9999999999999995e-07,True,constrained_regularized_mve
2010-07-09,gaussian,12,0,9.9999999999999995e-07,True,constrained_regularized_mve
2010-07-12,gaussian,12,0.032826282555818605,9.9999999999999995e-07,True,constrained_regularized_mve
2010-07-13,gaussian,12,-0.0031251144956853244,9.9999999999999995e-07,True,constrained_regularized_mve
2010-07-14,gaussian,12,-0.0042458266174351476,9.9999999999999995e-07,True,constrained_regularized_mve
2010-07-15,gaussian,12,-0.02690183272717275,9.9999999999999995e-07,True,constrained_regularized_mve
2010-07-16,gaussian,12,0,9.9999999999999995e-07,True,constrained_regularized_mve
2010-07-19,gaussian,12,0.0044473432586229324,9.9999999999999995e-07,True,constrained_regularized_mve
2010-07-20,gaussian,12,-0.00021610412490883206,9.9999999999999995e-07,True,constrained_regularized_mve
2010-07-21,gaussian,12,0.026260488433941423,9.9999999999999995e-07,True,constrained_regularized_mve
2010-07-22,gaussian,12,0.0050239228895980325,9.9999999999999995e-07,True,constrained_regularized_mve
2010-07-23,gaussian,12,0,9.9999999999999995e-07,True,constrained_regularized_mve
2010-07-26,gaussian,12,0.025910159982743198,9.9999999999999995e-07,True,constrained_regularized_mve
2010-07-27,gaussian,12,-0.0032156201461785308,9.9999999999999995e-07,True,constrained_regularized_mve
2010-07-28,gaussian,12,-0.00037732146888623037,9.9999999999999995e-07,True,constrained_regularized_mve
2010-07-29,gaussian,12,-0.0045389087521455103,9.9999999999999995e-07,True,constrained_regularized_mve
2010-07-30,gaussian,12,0,9.9999999999999995e-07,True,constrained_regularized_mve
2010-08-02,gaussian,12,0.00084088581571669524,9.9999999999999995e-07,True,constrained_regularized_mve
2010-08-03,gaussian,12,0.0010801131265047975,9.9999999999999995e-07,True,constrained_regularized_mve
2010-08-04,gaussian,12,-0.0075183086221297379,9.9999999999999995e-07,True,constrained_regularized_mve
2010-08-05,gaussian,12,-0.0044812459591565476,9.9999999999999995e-07,True,constrained_regularized_mve
2010-08-06,gaussian,12,0,9.9999999999999995e-07,True,constrained_regularized_mve
2010-08-09,gaussian,12,-0.012993673416387991,9.9999999999999995e-07,True,constrained_regularized_mve
2010-08-10,gaussian,12,-0.038231429842187088,9.9999999999999995e-07,True,constrained_regularized_mve
2010-08-11,gaussian,12,-0.020348753439628345,9.9999999999999995e-07,True,constrained_regularized_mve
2010-08-12,gaussian,12,-0.0056240193086025195,9.9999999999999995e-07,True,constrained_regularized_mve
2010-08-13,gaussian,12,0,9.9999999999999995e-07,True,constrained_regularized_mve
2010-08-16,gaussian,12,0.011864866349375067,9.9999999999999995e-07,True,constrained_regularized_mve
2010-08-17,gaussian,12,-0.0015527649868281549,9.9999999999999995e-07,True,constrained_regularized_mve
2010-08-18,gaussian,12,-0.020853827564929404,9.9999999999999995e-07,True,constrained_regularized_mve
2010-08-19,gaussian,12,-0.011435698686165731,9.9999999999999995e-07,True,constrained_regularized_mve
2010-08-20,gaussian,12,0,9.9999999999999995e-07,True,constrained_regularized_mve
2010-08-23,gaussian,12,-0.020373098467739971,9.9999999999999995e-07,True,constrained_regularized_mve
2010-08-24,gaussian,12,-0.016233293826445755,9.9999999999999995e-07,True,constrained_regularized_mve
2010-08-25,gaussian,12,0.011112564276923113,9.9999999999999995e-07,True,constrained_regularized_mve
2010-08-26,gaussian,12,0.0074817291202087235,9.9999999999999995e-07,True,constrained_regularized_mve
2010-08-27,gaussian,12,0,9.9999999999999995e-07,True,constrained_regularized_mve
2010-08-30,gaussian,12,0.00049116876552783865,9.9999999999999995e-07,True,constrained_regularized_mve
2010-08-31,gaussian,12,0.036988659938566287,9.9999999999999995e-07,True,constrained_regularized_mve
2010-09-01,gaussian,12,0.0077458776986010329,9.9999999999999995e-07,True,constrained_regularized_mve
2010-09-02,gaussian,12,0.021278288528215766,9.9999999999999995e-07,True,constrained_regularized_mve
2010-09-03,gaussian,12,0,9.9999999999999995e-07,True,constrained_regularized_mve
2010-09-06,gaussian,12,-0.023149117978824831,9.9999999999999995e-07,True,constrained_regularized_mve
2010-09-07,gaussian,12,0.00080024657650854469,9.9999999999999995e-07,True,constrained_regularized_mve
2010-09-08,gaussian,12,0.023395066126570708,9.9999999999999995e-07,True,constrained_regularized_mve
2010-09-09,gaussian,12,-0.0014140904209038207,9.9999999999999995e-07,True,constrained_regularized_mve
2010-09-10,gaussian,12,0,9.9999999999999995e-07,True,constrained_regularized_mve
2010-09-13,gaussian,12,0.010168579854338257,9.9999999999999995e-07,True,constrained_regularized_mve
2010-09-14,gaussian,12,0.0013030128530855897,9.9999999999999995e-07,True,constrained_regularized_mve
2010-09-15,gaussian,12,-0.015587446243720415,9.9999999999999995e-07,True,constrained_regularized_mve
2010-09-16,gaussian,12,-0.01033168519099043,9.9999999999999995e-07,True,constrained_regularized_mve
2010-09-17,gaussian,12,0,9.9999999999999995e-07,True,constrained_regularized_mve
2010-09-20,gaussian,12,-0.0065844325434853386,9.9999999999999995e-07,True,constrained_regularized_mve
2010-09-21,gaussian,12,-0.011806290484928702,9.9999999999999995e-07,True,constrained_regularized_mve
2010-09-22,gaussian,12,-0.0069245441149550155,9.9999999999999995e-07,True,constrained_regularized_mve
2010-09-23,gaussian,12,0.018349503713104814,9.9999999999999995e-07,True,constrained_regularized_mve
2010-09-24,gaussian,12,0,9.9999999999999995e-07,True,constrained_regularized_mve
2010-09-27,gaussian,12,-0.0079159664914001254,9.9999999999999995e-07,True,constrained_regularized_mve
2010-09-28,gaussian,12,-0.0076022575299846788,9.9999999999999995e-07,True,constrained_regularized_mve
2010-09-29,gaussian,12,-0.0038931043289955943,9.9999999999999995e-07,True,constrained_regularized_mve
2010-09-30,gaussian,12,0.00072942627055079773,9.9999999999999995e-07,True,constrained_regularized_mve
2010-10-01,gaussian,12,0,9.9999999999999995e-07,True,constrained_regularized_mve
2010-10-04,gaussian,12,0.026625459568393565,9.9999999999999995e-07,True,constrained_regularized_mve
2010-10-05,gaussian,12,0.0088463252104203326,9.9999999999999995e-07,True,constrained_regularized_mve
2010-10-06,gaussian,12,-0.00034108344317110181,9.9999999999999995e-07,True,constrained_regularized_mve
2010-10-07,gaussian,12,-0.0025196394145474655,9.9999999999999995e-07,True,constrained_regularized_mve
2010-10-08,gaussian,12,0,9.9999999999999995e-07,True,constrained_regularized_mve
2010-10-11,gaussian,12,-0.0015044309542984369,9.9999999999999995e-07,True,constrained_regularized_mve
2010-10-12,gaussian,12,0.0083886173183742099,9.9999999999999995e-07,True,constrained_regularized_mve
2010-10-13,gaussian,12,-0.010114149720045157,9.9999999999999995e-07,True,constrained_regularized_mve
2010-10-14,gaussian,12,-0.0049747862806028735,9.9999999999999995e-07,True,constrained_regularized_mve
2010-10-15,gaussian,12,0,9.9999999999999995e-07,True,constrained_regularized_mve
2010-10-18,gaussian,12,0.0053341761040455156,9.9999999999999995e-07,True,constrained_regularized_mve
2010-10-19,gaussian,12,-0.0021014710790650355,9.9999999999999995e-07,True,constrained_regularized_mve
2010-10-20,gaussian,12,0.011783778650223703,9.9999999999999995e-07,True,constrained_regularized_mve
2010-10-21,gaussian,12,-0.0014373669028535576,9.9999999999999995e-07,True,constrained_regularized_mve
2010-10-22,gaussian,12,0,9.9999999999999995e-07,True,constrained_regularized_mve
2010-10-25,gaussian,12,-0.0009329990781473921,9.9999999999999995e-07,True,constrained_regularized_mve
2010-10-26,gaussian,12,-0.0030000166457196551,9.9999999999999995e-07,True,constrained_regularized_mve
2010-10-27,gaussian,12,-0.00086188890396364092,9.9999999999999995e-07,True,constrained_regularized_mve
2010-10-28,gaussian,12,-0.00086923647024753407,9.9999999999999995e-07,True,constrained_regularized_mve
2010-10-29,gaussian,12,0,9.9999999999999995e-07,True,constrained_regularized_mve
2010-11-01,gaussian,12,-0.00026549781642746888,9.9999999999999995e-07,True,constrained_regularized_mve
2010-11-02,gaussian,12,0.0041509330698158283,9.9999999999999995e-07,True,constrained_regularized_mve
2010-11-03,gaussian,12,0.03024777673081035,9.9999999999999995e-07,True,constrained_regularized_mve
2010-11-04,gaussian,12,-0.0023926271001094165,9.9999999999999995e-07,True,constrained_regularized_mve
2010-11-05,gaussian,12,0,9.9999999999999995e-07,True,constrained_regularized_mve
2010-11-08,gaussian,12,-0.0044637044340728833,9.9999999999999995e-07,True,constrained_regularized_mve
2010-11-09,gaussian,12,-0.0064159151701923657,9.9999999999999995e-07,True,constrained_regularized_mve
2010-11-10,gaussian,12,-0.0076904204459208409,9.9999999999999995e-07,True,constrained_regularized_mve
2010-11-11,gaussian,12,-0.0064436792658105497,9.9999999999999995e-07,True,constrained_regularized_mve
2010-11-12,gaussian,12,0,9.9999999999999995e-07,True,constrained_regularized_mve
2010-11-15,gaussian,12,-0.027201479254589222,9.9999999999999995e-07,True,constrained_regularized_mve
2010-11-16,gaussian,12,-0.0016310528249328456,9.9999999999999995e-07,True,constrained_regularized_mve
2010-11-17,gaussian,12,0.022578139943910783,9.9999999999999995e-07,True,constrained_regularized_mve
2010-11-18,gaussian,12,-0.0073948200903893287,9.9999999999999995e-07,True,constrained_regularized_mve
2010-11-19,gaussian,12,0,9.9999999999999995e-07,True,constrained_regularized_mve
2010-11-22,gaussian,12,-0.032319074759184614,9.9999999999999995e-07,True,constrained_regularized_mve
2010-11-23,gaussian,12,-0.005059502569738087,9.9999999999999995e-07,True,constrained_regularized_mve
2010-11-24,gaussian,12,-0.00079261769479544223,9.9999999999999995e-07,True,constrained_regularized_mve
2010-11-25,gaussian,12,-0.018236545051969522,9.9999999999999995e-07,True,constrained_regularized_mve
2010-11-26,gaussian,12,0,9.9999999999999995e-07,True,constrained_regularized_mve
2010-11-29,gaussian,12,-0.026725208148273255,9.9999999999999995e-07,True,constrained_regularized_mve
2010-11-30,gaussian,12,0.03176975592013899,9.9999999999999995e-07,True,constrained_regularized_mve
2010-12-01,gaussian,12,0.033401919249272917,9.9999999999999995e-07,True,constrained_regularized_mve
2010-12-02,gaussian,12,0.0054162548270134721,9.9999999999999995e-07,True,constrained_regularized_mve
2010-12-03,gaussian,12,0,9.9999999999999995e-07,True,constrained_regularized_mve
2010-12-06,gaussian,12,-0.0058019311345739637,9.9999999999999995e-07,True,constrained_regularized_mve
2010-12-07,gaussian,12,0.013336789743477899,9.9999999999999995e-07,True,constrained_regularized_mve
2010-12-08,gaussian,12,0.024184959330252106,9.9999999999999995e-07,True,constrained_regularized_mve
2010-12-09,gaussian,12,-0.0033766723900402178,9.9999999999999995e-07,True,constrained_regularized_mve
2010-12-10,gaussian,12,0,9.9999999999999995e-07,True,constrained_regularized_mve
2010-12-13,gaussian,12,0.0057507056144502598,9.9999999999999995e-07,True,constrained_regularized_mve
2010-12-14,gaussian,12,-0.017412843831541031,9.9999999999999995e-07,True,constrained_regularized_mve
2010-12-15,gaussian,12,-0.0087736378854533503,9.9999999999999995e-07,True,constrained_regularized_mve
2010-12-16,gaussian,12,-0.011844619742011809,9.9999999999999995e-07,True,constrained_regularized_mve
2010-12-17,gaussian,12,0,9.9999999999999995e-07,True,constrained_regularized_mve
2010-12-20,gaussian,12,0.014245901420328517,9.9999999999999995e-07,True,constrained_regularized_mve
2010-12-21,gaussian,12,0.001710817981285706,9.9999999999999995e-07,True,constrained_regularized_mve
2010-12-22,gaussian,12,-0.0022992387452293408,9.9999999999999995e-07,True,constrained_regularized_mve
2010-12-23,gaussian,12,0.0007701937855352631,9.9999999999999995e-07,True,constrained_regularized_mve
2010-12-24,gaussian,12,0,9.9999999999999995e-07,True,constrained_regularized_mve
2010-12-27,gaussian,12,0.0057339366035305366,9.9999999999999995e-07,True,constrained_regularized_mve
2010-12-28,gaussian,12,-0.0042573230162018874,9.9999999999999995e-07,True,constrained_regularized_mve
2010-12-29,gaussian,12,-0.0030091208574404503,9.9999999999999995e-07,True,constrained_regularized_mve
2010-12-30,gaussian,12,0.0027460473531548523,9.9999999999999995e-07,True,constrained_regularized_mve
2010-12-31,gaussian,12,0,9.9999999999999995e-07,True,constrained_regularized_mve
2011-01-03,gaussian,13,0.010353278707186525,0.0001,True,constrained_regularized_mve
2011-01-04,gaussian,13,0.0033571137958473118,0.0001,True,constrained_regularized_mve
2011-01-05,gaussian,13,-0.0067996112812676755,0.0001,True,constrained_regularized_mve
2011-01-06,gaussian,13,-0.025269125569826797,0.0001,True,constrained_regularized_mve
2011-01-07,gaussian,13,0,0.0001,True,constrained_regularized_mve
2011-01-10,gaussian,13,0.0054774159277426416,0.0001,True,constrained_regularized_mve
2011-01-11,gaussian,13,0.034315788014935032,0.0001,True,constrained_regularized_mve
2011-01-12,gaussian,13,0.0082024830472080066,0.0001,True,constrained_regularized_mve
2011-01-13,gaussian,13,0.015643806368141878,0.0001,True,constrained_regularized_mve
2011-01-14,gaussian,13,0,0.0001,True,constrained_regularized_mve
2011-01-17,gaussian,13,0.0080064063366545191,0.0001,True,constrained_regularized_mve
2011-01-18,gaussian,13,-0.01217201492114859,0.0001,True,constrained_regularized_mve
2011-01-19,gaussian,13,0.0084587685138685278,0.0001,True,constrained_regularized_mve
2011-01-20,gaussian,13,0.005739150773215994,0.0001,True,constrained_regularized_mve
2011-01-21,gaussian,13,0,0.0001,True,constrained_regularized_mve
2011-01-24,gaussian,13,-0.015133468286569394,0.0001,True,constrained_regularized_mve
2011-01-25,gaussian,13,-0.005603396851068667,0.0001,True,constrained_regularized_mve
2011-01-26,gaussian,13,0.012777851135852851,0.0001,True,constrained_regularized_mve
2011-01-27,gaussian,13,-0.011091174967818919,0.0001,True,constrained_regularized_mve
2011-01-28,gaussian,13,0,0.0001,True,constrained_regularized_mve
2011-01-31,gaussian,13,0.028207125826790237,0.0001,True,constrained_regularized_mve
2011-02-01,gaussian,13,0.0093035807528512454,0.0001,True,constrained_regularized_mve
2011-02-02,gaussian,13,-0.0072717879947068889,0.0001,True,constrained_regularized_mve
2011-02-03,gaussian,13,1.5696526725668322e-06,0.0001,True,constrained_regularized_mve
2011-02-04,gaussian,13,0,0.0001,True,constrained_regularized_mve
2011-02-07,gaussian,13,0.0074829143119519706,0.0001,True,constrained_regularized_mve
2011-02-08,gaussian,13,-0.0073744287697903865,0.0001,True,constrained_regularized_mve
2011-02-09,gaussian,13,-0.0032504180493568725,0.0001,True,constrained_regularized_mve
2011-02-10,gaussian,13,0.001496755760678191,0.0001,True,constrained_regularized_mve
2011-02-11,gaussian,13,0,0.0001,True,constrained_regularized_mve
2011-02-14,gaussian,13,0.012419727745118708,0.0001,True,constrained_regularized_mve
2011-02-15,gaussian,13,0.017146063830378172,0.0001,True,constrained_regularized_mve
2011-02-16,gaussian,13,0.0059675054735880157,0.0001,True,constrained_regularized_mve
2011-02-17,gaussian,13,0.0015386405007288546,0.0001,True,constrained_regularized_mve
2011-02-18,gaussian,13,0,0.0001,True,constrained_regularized_mve
2011-02-21,gaussian,13,-0.022411431935048031,0.0001,True,constrained_regularized_mve
2011-02-22,gaussian,13,-0.0020276058978176506,0.0001,True,constrained_regularized_mve
2011-02-23,gaussian,13,-0.0029775849479314769,0.0001,True,constrained_regularized_mve
2011-02-24,gaussian,13,0.016537707558917716,0.0001,True,constrained_regularized_mve
2011-02-25,gaussian,13,0,0.0001,True,constrained_regularized_mve
2011-02-28,gaussian,13,-0.010671847930153794,0.0001,True,constrained_regularized_mve
2011-03-01,gaussian,13,-0.0064330922523623416,0.0001,True,constrained_regularized_mve
2011-03-02,gaussian,13,0.010489364081823681,0.0001,True,constrained_regularized_mve
2011-03-03,gaussian,13,-0.010768584651996004,0.0001,True,constrained_regularized_mve
2011-03-04,gaussian,13,0,0.0001,True,constrained_regularized_mve
2011-03-07,gaussian,13,0.009757942342787004,0.0001,True,constrained_regularized_mve
2011-03-08,gaussian,13,-0.0061058214450372024,0.0001,True,constrained_regularized_mve
2011-03-09,gaussian,13,-0.014598953308193566,0.0001,True,constrained_regularized_mve
2011-03-10,gaussian,13,-0.0085562766880800094,0.0001,True,constrained_regularized_mve
2011-03-11,gaussian,13,0,0.0001,True,constrained_regularized_mve
2011-03-14,gaussian,13,-0.019022405894896687,0.0001,True,constrained_regularized_mve
2011-03-15,gaussian,13,-0.024247681864344291,0.0001,True,constrained_regularized_mve
2011-03-16,gaussian,13,0.010243927302657092,0.0001,True,constrained_regularized_mve
2011-03-17,gaussian,13,0.01162273858368941,0.0001,True,constrained_regularized_mve
2011-03-18,gaussian,13,0,0.0001,True,constrained_regularized_mve
2011-03-21,gaussian,13,0.0015901936216910198,0.0001,True,constrained_regularized_mve
2011-03-22,gaussian,13,0.0018306998096011651,0.0001,True,constrained_regularized_mve
2011-03-23,gaussian,13,0.0052775954801748091,0.0001,True,constrained_regularized_mve
2011-03-24,gaussian,13,-0.0035636604678737477,0.0001,True,constrained_regularized_mve
2011-03-25,gaussian,13,0,0.0001,True,constrained_regularized_mve
2011-03-28,gaussian,13,-0.0088265284600737067,0.0001,True,constrained_regularized_mve
2011-03-29,gaussian,13,-0.00074432814350194269,0.0001,True,constrained_regularized_mve
2011-03-30,gaussian,13,-0.015512734020582716,0.0001,True,constrained_regularized_mve
2011-03-31,gaussian,13,0.012918926135370525,0.0001,True,constrained_regularized_mve
2011-04-01,gaussian,13,0,0.0001,True,constrained_regularized_mve
2011-04-04,gaussian,13,-0.0014979404692287682,0.0001,True,constrained_regularized_mve
2011-04-05,gaussian,13,0.01492372754948725,0.0001,True,constrained_regularized_mve
2011-04-06,gaussian,13,0.0036348155189900046,0.0001,True,constrained_regularized_mve
2011-04-07,gaussian,13,0.00089219866579590525,0.0001,True,constrained_regularized_mve
2011-04-08,gaussian,13,0,0.0001,True,constrained_regularized_mve
2011-04-11,gaussian,13,-0.011549258306157679,0.0001,True,constrained_regularized_mve
2011-04-12,gaussian,13,0.0055199591186521563,0.0001,True,constrained_regularized_mve
2011-04-13,gaussian,13,-0.017322571003272551,0.0001,True,constrained_regularized_mve
2011-04-14,gaussian,13,-0.0095521485200336792,0.0001,True,constrained_regularized_mve
2011-04-15,gaussian,13,0,0.0001,True,constrained_regularized_mve
2011-04-18,gaussian,13,-0.0049179512003841323,0.0001,True,constrained_regularized_mve
2011-04-19,gaussian,13,0.011795895980546606,0.0001,True,constrained_regularized_mve
2011-04-20,gaussian,13,0.016156396171059448,0.0001,True,constrained_regularized_mve
2011-04-21,gaussian,13,0.0030045662727179448,0.0001,True,constrained_regularized_mve
2011-04-22,gaussian,13,0,0.0001,True,constrained_regularized_mve
2011-04-25,gaussian,13,0.0036360702782175288,0.0001,True,constrained_regularized_mve
2011-04-26,gaussian,13,0.010425643194373807,0.0001,True,constrained_regularized_mve
2011-04-27,gaussian,13,0.0081251408140452681,0.0001,True,constrained_regularized_mve
2011-04-28,gaussian,13,0.0041082110999276032,0.0001,True,constrained_regularized_mve
2011-04-29,gaussian,13,0,0.0001,True,constrained_regularized_mve
2011-05-02,gaussian,13,0.002417797154451964,0.0001,True,constrained_regularized_mve
2011-05-03,gaussian,13,-0.013270048146140617,0.0001,True,constrained_regularized_mve
2011-05-04,gaussian,13,-0.018395809757426759,0.0001,True,constrained_regularized_mve
2011-05-05,gaussian,13,0.00078413833274047784,0.0001,True,constrained_regularized_mve
2011-05-06,gaussian,13,0,0.0001,True,constrained_regularized_mve
2011-05-09,gaussian,13,0.01489977208088651,0.0001,True,constrained_regularized_mve
2011-05-10,gaussian,13,-0.0093122551860070901,0.0001,True,constrained_regularized_mve
2011-05-11,gaussian,13,-0.0085715691653614427,0.0001,True,constrained_regularized_mve
2011-05-12,gaussian,13,-0.016408284220511864,0.0001,True,constrained_regularized_mve
2011-05-13,gaussian,13,0,0.0001,True,constrained_regularized_mve
2011-05-16,gaussian,13,-0.0005864663086379609,0.0001,True,constrained_regularized_mve
2011-05-17,gaussian,13,0.008172562561841918,0.0001,True,constrained_regularized_mve
2011-05-18,gaussian,13,-0.00164822410039743,0.0001,True,constrained_regularized_mve
2011-05-19,gaussian,13,-0.011196456600007922,0.0001,True,constrained_regularized_mve
2011-05-20,gaussian,13,0,0.0001,True,constrained_regularized_mve
2011-05-23,gaussian,13,-0.0086207008381541678,0.0001,True,constrained_regularized_mve
2011-05-24,gaussian,13,0.017873326033194629,0.0001,True,constrained_regularized_mve
2011-05-25,gaussian,13,0.00063111506767506013,0.0001,True,constrained_regularized_mve
2011-05-26,gaussian,13,0.016395691826847147,0.0001,True,constrained_regularized_mve
2011-05-27,gaussian,13,0,0.0001,True,constrained_regularized_mve
2011-05-30,gaussian,13,0.015985378498788994,0.0001,True,constrained_regularized_mve
2011-05-31,gaussian,13,-0.021209773669826831,0.0001,True,constrained_regularized_mve
2011-06-01,gaussian,13,-0.0070185733917449882,0.0001,True,constrained_regularized_mve
2011-06-02,gaussian,13,0.011389599790473721,0.0001,True,constrained_regularized_mve
2011-06-03,gaussian,13,0,0.0001,True,constrained_regularized_mve
2011-06-06,gaussian,13,-0.0039945720767668455,0.0001,True,constrained_regularized_mve
2011-06-07,gaussian,13,-0.0041950587987225332,0.0001,True,constrained_regularized_mve
2011-06-08,gaussian,13,0.00021137731645992159,0.0001,True,constrained_regularized_mve
2011-06-09,gaussian,13,-0.013944527625557718,0.0001,True,constrained_regularized_mve
2011-06-10,gaussian,13,0,0.0001,True,constrained_regularized_mve
2011-06-13,gaussian,13,0.020948261102277637,0.0001,True,constrained_regularized_mve
2011-06-14,gaussian,13,-0.019673738271283558,0.0001,True,constrained_regularized_mve
2011-06-15,gaussian,13,-0.011384814999773609,0.0001,True,constrained_regularized_mve
2011-06-16,gaussian,13,0.019124970249315004,0.0001,True,constrained_regularized_mve
2011-06-17,gaussian,13,0,0.0001,True,constrained_regularized_mve
2011-06-20,gaussian,13,0.020012053626070062,0.0001,True,constrained_regularized_mve
2011-06-21,gaussian,13,-0.0024611569232965611,0.0001,True,constrained_regularized_mve
2011-06-22,gaussian,13,-0.028339959703199833,0.0001,True,constrained_regularized_mve
2011-06-23,gaussian,13,-0.024562654978103917,0.0001,True,constrained_regularized_mve
2011-06-24,gaussian,13,0,0.0001,True,constrained_regularized_mve
2011-06-27,gaussian,13,0.017573468895235232,0.0001,True,constrained_regularized_mve
2011-06-28,gaussian,13,0.021317435829170669,0.0001,True,constrained_regularized_mve
2011-06-29,gaussian,13,0.02165802364355094,0.0001,True,constrained_regularized_mve
2011-06-30,gaussian,13,0.025035627337208998,0.0001,True,constrained_regularized_mve
2011-07-01,gaussian,14,0,9.9999999999999995e-07,True,constrained_regularized_mve
2011-07-04,gaussian,14,-0.0044406436026150093,9.9999999999999995e-07,True,constrained_regularized_mve
2011-07-05,gaussian,14,-0.019615324031600097,9.9999999999999995e-07,True,constrained_regularized_mve
2011-07-06,gaussian,14,-0.0027721142982840099,9.9999999999999995e-07,True,constrained_regularized_mve
2011-07-07,gaussian,14,-0.016264010506352282,9.9999999999999995e-07,True,constrained_regularized_mve
2011-07-08,gaussian,14,0,9.9999999999999995e-07,True,constrained_regularized_mve
2011-07-11,gaussian,14,-0.0066811290651607388,9.9999999999999995e-07,True,constrained_regularized_mve
2011-07-12,gaussian,14,0.0062717288699607725,9.9999999999999995e-07,True,constrained_regularized_mve
2011-07-13,gaussian,14,0.00063734300739562053,9.9999999999999995e-07,True,constrained_regularized_mve
2011-07-14,gaussian,14,-0.012628337889091151,9.9999999999999995e-07,True,constrained_regularized_mve
2011-07-15,gaussian,14,0,9.9999999999999995e-07,True,constrained_regularized_mve
2011-07-18,gaussian,14,0.018974744852529851,9.9999999999999995e-07,True,constrained_regularized_mve
2011-07-19,gaussian,14,0.037076408480629687,9.9999999999999995e-07,True,constrained_regularized_mve
2011-07-20,gaussian,14,0.061052280320775122,9.9999999999999995e-07,True,constrained_regularized_mve
2011-07-21,gaussian,14,0.0027038247499919332,9.9999999999999995e-07,True,constrained_regularized_mve
2011-07-22,gaussian,14,0,9.9999999999999995e-07,True,constrained_regularized_mve
2011-07-25,gaussian,14,0.0023185699429661933,9.9999999999999995e-07,True,constrained_regularized_mve
2011-07-26,gaussian,14,-0.022202988790172552,9.9999999999999995e-07,True,constrained_regularized_mve
2011-07-27,gaussian,14,0.0079000588271042546,9.9999999999999995e-07,True,constrained_regularized_mve
2011-07-28,gaussian,14,-0.0063780346006977505,9.9999999999999995e-07,True,constrained_regularized_mve
2011-07-29,gaussian,14,0,9.9999999999999995e-07,True,constrained_regularized_mve
2011-08-01,gaussian,14,-0.034896467585924684,9.9999999999999995e-07,True,constrained_regularized_mve
2011-08-02,gaussian,14,-0.013347299122685601,9.9999999999999995e-07,True,constrained_regularized_mve
2011-08-03,gaussian,14,-0.044596022777181492,9.9999999999999995e-07,True,constrained_regularized_mve
2011-08-04,gaussian,14,-0.02207824925293261,9.9999999999999995e-07,True,constrained_regularized_mve
2011-08-05,gaussian,14,0,9.9999999999999995e-07,True,constrained_regularized_mve
2011-08-08,gaussian,14,0.048971864781443102,9.9999999999999995e-07,True,constrained_regularized_mve
2011-08-09,gaussian,14,-0.061846229832548179,9.9999999999999995e-07,True,constrained_regularized_mve
2011-08-10,gaussian,14,0.045185973330643607,9.9999999999999995e-07,True,constrained_regularized_mve
2011-08-11,gaussian,14,0.03584318580110666,9.9999999999999995e-07,True,constrained_regularized_mve
2011-08-12,gaussian,14,0,9.9999999999999995e-07,True,constrained_regularized_mve
2011-08-15,gaussian,14,-0.013927782890257177,9.9999999999999995e-07,True,constrained_regularized_mve
2011-08-16,gaussian,14,-0.00045693301900393999,9.9999999999999995e-07,True,constrained_regularized_mve
2011-08-17,gaussian,14,-0.066470556345105208,9.9999999999999995e-07,True,constrained_regularized_mve
2011-08-18,gaussian,14,-0.030299518370810942,9.9999999999999995e-07,True,constrained_regularized_mve
2011-08-19,gaussian,14,0,9.9999999999999995e-07,True,constrained_regularized_mve
2011-08-22,gaussian,14,0.017351232276491303,9.9999999999999995e-07,True,constrained_regularized_mve
2011-08-23,gaussian,14,0.028459691299252046,9.9999999999999995e-07,True,constrained_regularized_mve
2011-08-24,gaussian,14,0.018872543238722041,9.9999999999999995e-07,True,constrained_regularized_mve
2011-08-25,gaussian,14,-0.010841135560009348,9.9999999999999995e-07,True,constrained_regularized_mve
2011-08-26,gaussian,14,0,9.9999999999999995e-07,True,constrained_regularized_mve
2011-08-29,gaussian,14,-0.0029386010862563722,9.9999999999999995e-07,True,constrained_regularized_mve
2011-08-30,gaussian,14,0.016853907345128961,9.9999999999999995e-07,True,constrained_regularized_mve
2011-08-31,gaussian,14,-0.01037418521466273,9.9999999999999995e-07,True,constrained_regularized_mve
2011-09-01,gaussian,14,-0.051731722199454641,9.9999999999999995e-07,True,constrained_regularized_mve
2011-09-02,gaussian,14,0,9.9999999999999995e-07,True,constrained_regularized_mve
2011-09-05,gaussian,14,-0.032387388561023252,9.9999999999999995e-07,True,constrained_regularized_mve
2011-09-06,gaussian,14,0.038842506368655008,9.9999999999999995e-07,True,constrained_regularized_mve
2011-09-07,gaussian,14,-0.0037260986094159562,9.9999999999999995e-07,True,constrained_regularized_mve
2011-09-08,gaussian,14,-0.051623927591313845,9.9999999999999995e-07,True,constrained_regularized_mve
2011-09-09,gaussian,14,0,9.9999999999999995e-07,True,constrained_regularized_mve
2011-09-12,gaussian,14,0.053067319286184779,9.9999999999999995e-07,True,constrained_regularized_mve
2011-09-13,gaussian,14,0.0067944092479464034,9.9999999999999995e-07,True,constrained_regularized_mve
2011-09-14,gaussian,14,0.044875039212828795,9.9999999999999995e-07,True,constrained_regularized_mve
2011-09-15,gaussian,14,-0.00023901890840184777,9.9999999999999995e-07,True,constrained_regularized_mve
2011-09-16,gaussian,14,0,9.9999999999999995e-07,True,constrained_regularized_mve
2011-09-19,gaussian,14,-0.002705197308458166,9.9999999999999995e-07,True,constrained_regularized_mve
2011-09-20,gaussian,14,-0.025212064020750772,9.9999999999999995e-07,True,constrained_regularized_mve
2011-09-21,gaussian,14,-0.047627685867558105,9.9999999999999995e-07,True,constrained_regularized_mve
2011-09-22,gaussian,14,0.03764434804963207,9.9999999999999995e-07,True,constrained_regularized_mve
2011-09-23,gaussian,14,0,9.9999999999999995e-07,True,constrained_regularized_mve
2011-09-26,gaussian,14,0.045653751885883199,9.9999999999999995e-07,True,constrained_regularized_mve
2011-09-27,gaussian,14,-0.017530404475304445,9.9999999999999995e-07,True,constrained_regularized_mve
2011-09-28,gaussian,14,0.035050444773834302,9.9999999999999995e-07,True,constrained_regularized_mve
2011-09-29,gaussian,14,-0.039051124787655982,9.9999999999999995e-07,True,constrained_regularized_mve
2011-09-30,gaussian,14,0,9.9999999999999995e-07,True,constrained_regularized_mve
2011-10-03,gaussian,14,-0.0020220068745925887,9.9999999999999995e-07,True,constrained_regularized_mve
2011-10-04,gaussian,14,0.055371723784900496,9.9999999999999995e-07,True,constrained_regularized_mve
2011-10-05,gaussian,14,0.043027580797823387,9.9999999999999995e-07,True,constrained_regularized_mve
2011-10-06,gaussian,14,-0.026425600856154269,9.9999999999999995e-07,True,constrained_regularized_mve
2011-10-07,gaussian,14,0,9.9999999999999995e-07,True,constrained_regularized_mve
2011-10-10,gaussian,14,0.017181702151639392,9.9999999999999995e-07,True,constrained_regularized_mve
2011-10-11,gaussian,14,0.026893548211986681,9.9999999999999995e-07,True,constrained_regularized_mve
2011-10-12,gaussian,14,-0.03882750708311733,9.9999999999999995e-07,True,constrained_regularized_mve
2011-10-13,gaussian,14,-0.0055136562094039486,9.9999999999999995e-07,True,constrained_regularized_mve
2011-10-14,gaussian,14,0,9.9999999999999995e-07,True,constrained_regularized_mve
2011-10-17,gaussian,14,0.018348242991660779,9.9999999999999995e-07,True,constrained_regularized_mve
2011-10-18,gaussian,14,0.010800867551617511,9.9999999999999995e-07,True,constrained_regularized_mve
2011-10-19,gaussian,14,-0.018457844529176152,9.9999999999999995e-07,True,constrained_regularized_mve
2011-10-20,gaussian,14,0.03154533395375201,9.9999999999999995e-07,True,constrained_regularized_mve
2011-10-21,gaussian,14,0,9.9999999999999995e-07,True,constrained_regularized_mve
2011-10-24,gaussian,14,-0.017993257156858074,9.9999999999999995e-07,True,constrained_regularized_mve
2011-10-25,gaussian,14,0.0078253947201573325,9.9999999999999995e-07,True,constrained_regularized_mve
2011-10-26,gaussian,14,0.077827185506220226,9.9999999999999995e-07,True,constrained_regularized_mve
2011-10-27,gaussian,14,0.0051173468932513956,9.9999999999999995e-07,True,constrained_regularized_mve
2011-10-28,gaussian,14,0,9.9999999999999995e-07,True,constrained_regularized_mve
2011-10-31,gaussian,14,-0.099425304118721677,9.9999999999999995e-07,True,constrained_regularized_mve
2011-11-01,gaussian,14,0.015602230037661959,9.9999999999999995e-07,True,constrained_regularized_mve
2011-11-02,gaussian,14,0.015864594052742036,9.9999999999999995e-07,True,constrained_regularized_mve
2011-11-03,gaussian,14,-0.011862322877475365,9.9999999999999995e-07,True,constrained_regularized_mve
2011-11-04,gaussian,14,0,9.9999999999999995e-07,True,constrained_regularized_mve
2011-11-07,gaussian,14,0.020689687751812409,9.9999999999999995e-07,True,constrained_regularized_mve
2011-11-08,gaussian,14,-0.049230176016888505,9.9999999999999995e-07,True,constrained_regularized_mve
2011-11-09,gaussian,14,-0.0051493687793361994,9.9999999999999995e-07,True,constrained_regularized_mve
2011-11-10,gaussian,14,0.037992721844646936,9.9999999999999995e-07,True,constrained_regularized_mve
2011-11-11,gaussian,14,0,9.9999999999999995e-07,True,constrained_regularized_mve
2011-11-14,gaussian,14,-0.0090280281826245323,9.9999999999999995e-07,True,constrained_regularized_mve
2011-11-15,gaussian,14,-0.0048844098166195924,9.9999999999999995e-07,True,constrained_regularized_mve
2011-11-16,gaussian,14,-0.028377145273126063,9.9999999999999995e-07,True,constrained_regularized_mve
2011-11-17,gaussian,14,-0.00080288220699962435,9.9999999999999995e-07,True,constrained_regularized_mve
2011-11-18,gaussian,14,0,9.9999999999999995e-07,True,constrained_regularized_mve
2011-11-21,gaussian,14,-0.039516092547605831,9.9999999999999995e-07,True,constrained_regularized_mve
2011-11-22,gaussian,14,-0.029332028641070033,9.9999999999999995e-07,True,constrained_regularized_mve
2011-11-23,gaussian,14,0.0062164055999780537,9.9999999999999995e-07,True,constrained_regularized_mve
2011-11-24,gaussian,14,0.0078277311408488908,9.9999999999999995e-07,True,constrained_regularized_mve
2011-11-25,gaussian,14,0,9.9999999999999995e-07,True,constrained_regularized_mve
2011-11-28,gaussian,14,-0.0023620414719636436,9.9999999999999995e-07,True,constrained_regularized_mve
2011-11-29,gaussian,14,0.053517416653569259,9.9999999999999995e-07,True,constrained_regularized_mve
2011-11-30,gaussian,14,-0.0013380384998632031,9.9999999999999995e-07,True,constrained_regularized_mve
2011-12-01,gaussian,14,0.03893957779268209,9.9999999999999995e-07,True,constrained_regularized_mve
2011-12-02,gaussian,14,0,9.9999999999999995e-07,True,constrained_regularized_mve
2011-12-05,gaussian,14,-0.003077365167413003,9.9999999999999995e-07,True,constrained_regularized_mve
2011-12-06,gaussian,14,0.0068530354518357454,9.9999999999999995e-07,True,constrained_regularized_mve
2011-12-07,gaussian,14,-0.050530837334315945,9.9999999999999995e-07,True,constrained_regularized_mve
2011-12-08,gaussian,14,0.037085820302996793,9.9999999999999995e-07,True,constrained_regularized_mve
2011-12-09,gaussian,14,0,9.9999999999999995e-07,True,constrained_regularized_mve
2011-12-12,gaussian,14,-0.02603224750069999,9.9999999999999995e-07,True,constrained_regularized_mve
2011-12-13,gaussian,14,-0.024706927915326617,9.9999999999999995e-07,True,constrained_regularized_mve
2011-12-14,gaussian,14,0.0054250116375831351,9.9999999999999995e-07,True,constrained_regularized_mve
2011-12-15,gaussian,14,-0.00045276492595963517,9.9999999999999995e-07,True,constrained_regularized_mve
2011-12-16,gaussian,14,0,9.9999999999999995e-07,True,constrained_regularized_mve
2011-12-19,gaussian,14,0.029010259500148794,9.9999999999999995e-07,True,constrained_regularized_mve
2011-12-20,gaussian,14,0.0013983858391329168,9.9999999999999995e-07,True,constrained_regularized_mve
2011-12-21,gaussian,14,0.023013195261590864,9.9999999999999995e-07,True,constrained_regularized_mve
2011-12-22,gaussian,14,0.0031812384463586725,9.9999999999999995e-07,True,constrained_regularized_mve
2011-12-23,gaussian,14,0,9.9999999999999995e-07,True,constrained_regularized_mve
2011-12-26,gaussian,14,-0.0062984555033533639,9.9999999999999995e-07,True,constrained_regularized_mve
2011-12-27,gaussian,14,-0.019539658377196407,9.9999999999999995e-07,True,constrained_regularized_mve
2011-12-28,gaussian,14,0.010293442953338131,9.9999999999999995e-07,True,constrained_regularized_mve
2011-12-29,gaussian,14,0.0034618747642601107,9.9999999999999995e-07,True,constrained_regularized_mve
2011-12-30,gaussian,14,0,9.9999999999999995e-07,True,constrained_regularized_mve
2012-01-02,gaussian,15,0.03452721678731524,0.01,True,constrained_regularized_mve
2012-01-03,gaussian,15,-0.01857254179685755,0.01,True,constrained_regularized_mve
2012-01-04,gaussian,15,-0.034715376104229652,0.01,True,constrained_regularized_mve
2012-01-05,gaussian,15,-0.029238021440261431,0.01,True,constrained_regularized_mve
2012-01-06,gaussian,15,0,0.01,True,constrained_regularized_mve
2012-01-09,gaussian,15,0.050427870781407799,0.01,True,constrained_regularized_mve
2012-01-10,gaussian,15,0.019387042313258464,0.01,True,constrained_regularized_mve
2012-01-11,gaussian,15,0.018253965072057236,0.01,True,constrained_regularized_mve
2012-01-12,gaussian,15,0.0071521595101226689,0.01,True,constrained_regularized_mve
2012-01-13,gaussian,15,0,0.01,True,constrained_regularized_mve
2012-01-16,gaussian,15,0.0035109137975954455,0.01,True,constrained_regularized_mve
2012-01-17,gaussian,15,0.017324862901741296,0.01,True,constrained_regularized_mve
2012-01-18,gaussian,15,0.056298148226525499,0.01,True,constrained_regularized_mve
2012-01-19,gaussian,15,0.017852161130844018,0.01,True,constrained_regularized_mve
2012-01-20,gaussian,15,0,0.01,True,constrained_regularized_mve
2012-01-23,gaussian,15,-0.0035324623188026038,0.01,True,constrained_regularized_mve
2012-01-24,gaussian,15,-0.0005500615314403864,0.01,True,constrained_regularized_mve
2012-01-25,gaussian,15,0.012775176291653006,0.01,True,constrained_regularized_mve
2012-01-26,gaussian,15,-0.00022626096133064759,0.01,True,constrained_regularized_mve
2012-01-27,gaussian,15,0,0.01,True,constrained_regularized_mve
2012-01-30,gaussian,15,0.0098986878413099121,0.01,True,constrained_regularized_mve
2012-01-31,gaussian,15,0.031611981154484631,0.01,True,constrained_regularized_mve
2012-02-01,gaussian,15,0.017706073229313196,0.01,True,constrained_regularized_mve
2012-02-02,gaussian,15,0.022492493448890732,0.01,True,constrained_regularized_mve
2012-02-03,gaussian,15,0,0.01,True,constrained_regularized_mve
2012-02-06,gaussian,15,0.0055823099322530245,0.01,True,constrained_regularized_mve
2012-02-07,gaussian,15,0.019040361691827441,0.01,True,constrained_regularized_mve
2012-02-08,gaussian,15,-0.0023097136849599812,0.01,True,constrained_regularized_mve
2012-02-09,gaussian,15,-0.030596499554333113,0.01,True,constrained_regularized_mve
2012-02-10,gaussian,15,0,0.01,True,constrained_regularized_mve
2012-02-13,gaussian,15,-0.016524337804019986,0.01,True,constrained_regularized_mve
2012-02-14,gaussian,15,0.0053556396137503922,0.01,True,constrained_regularized_mve
2012-02-15,gaussian,15,0.0067282110800438938,0.01,True,constrained_regularized_mve
2012-02-16,gaussian,15,0.017477012744284513,0.01,True,constrained_regularized_mve
2012-02-17,gaussian,15,0,0.01,True,constrained_regularized_mve
2012-02-20,gaussian,15,-0.002511755158157691,0.01,True,constrained_regularized_mve
2012-02-21,gaussian,15,-0.021075772554764501,0.01,True,constrained_regularized_mve
2012-02-22,gaussian,15,-0.0028092455613004338,0.01,True,constrained_regularized_mve
2012-02-23,gaussian,15,0.0071277224728523124,0.01,True,constrained_regularized_mve
2012-02-24,gaussian,15,0,0.01,True,constrained_regularized_mve
2012-02-27,gaussian,15,0.0036759598042739204,0.01,True,constrained_regularized_mve
2012-02-28,gaussian,15,-0.002199065727956803,0.01,True,constrained_regularized_mve
2012-02-29,gaussian,15,0.016853189926800551,0.01,True,constrained_regularized_mve
2012-03-01,gaussian,15,0.0045383019837135921,0.01,True,constrained_regularized_mve
2012-03-02,gaussian,15,0,0.01,True,constrained_regularized_mve
2012-03-05,gaussian,15,-0.047254926747739769,0.01,True,constrained_regularized_mve
2012-03-06,gaussian,15,0.0093395750394067896,0.01,True,constrained_regularized_mve
2012-03-07,gaussian,15,0.020583691124430377,0.01,True,constrained_regularized_mve
2012-03-08,gaussian,15,0.0025626389555479414,0.01,True,constrained_regularized_mve
2012-03-09,gaussian,15,0,0.01,True,constrained_regularized_mve
2012-03-12,gaussian,15,0.032907675689747791,0.01,True,constrained_regularized_mve
2012-03-13,gaussian,15,0.0031884012231715299,0.01,True,constrained_regularized_mve
2012-03-14,gaussian,15,0.0099660951791844948,0.01,True,constrained_regularized_mve
2012-03-15,gaussian,15,0.016489183793768163,0.01,True,constrained_regularized_mve
2012-03-16,gaussian,15,0,0.01,True,constrained_regularized_mve
2012-03-19,gaussian,15,-0.0036901385311550656,0.01,True,constrained_regularized_mve
2012-03-20,gaussian,15,-0.00922782672138368,0.01,True,constrained_regularized_mve
2012-03-21,gaussian,15,-0.017140441644142267,0.01,True,constrained_regularized_mve
2012-03-22,gaussian,15,0.0084802012918308942,0.01,True,constrained_regularized_mve
2012-03-23,gaussian,15,0,0.01,True,constrained_regularized_mve
2012-03-26,gaussian,15,-0.0025667932604754059,0.01,True,constrained_regularized_mve
2012-03-27,gaussian,15,-0.0047914646966794429,0.01,True,constrained_regularized_mve
2012-03-28,gaussian,15,-0.029636310112325294,0.01,True,constrained_regularized_mve
2012-03-29,gaussian,15,0.0053276924530462197,0.01,True,constrained_regularized_mve
2012-03-30,gaussian,15,0,0.01,True,constrained_regularized_mve
2012-04-02,gaussian,15,-0.021253330755034439,0.01,True,constrained_regularized_mve
2012-04-03,gaussian,15,-0.026866182390702643,0.01,True,constrained_regularized_mve
2012-04-04,gaussian,15,-0.010151146041756718,0.01,True,constrained_regularized_mve
2012-04-05,gaussian,15,-0.0039546631261702667,0.01,True,constrained_regularized_mve
2012-04-06,gaussian,15,0,0.01,True,constrained_regularized_mve
2012-04-09,gaussian,15,-0.032333037913454023,0.01,True,constrained_regularized_mve
2012-04-10,gaussian,15,0.022917448560638105,0.01,True,constrained_regularized_mve
2012-04-11,gaussian,15,0.019242660276814285,0.01,True,constrained_regularized_mve
2012-04-12,gaussian,15,-0.027096224218085684,0.01,True,constrained_regularized_mve
2012-04-13,gaussian,15,0,0.01,True,constrained_regularized_mve
2012-04-16,gaussian,15,0.045883769906683157,0.01,True,constrained_regularized_mve
2012-04-17,gaussian,15,-0.027644060344621801,0.01,True,constrained_regularized_mve
2012-04-18,gaussian,15,-0.019828736927125903,0.01,True,constrained_regularized_mve
2012-04-19,gaussian,15,0.012994806483244496,0.01,True,constrained_regularized_mve
2012-04-20,gaussian,15,0,0.01,True,constrained_regularized_mve
2012-04-23,gaussian,15,0.014499423947116634,0.01,True,constrained_regularized_mve
2012-04-24,gaussian,15,0.017841851033208751,0.01,True,constrained_regularized_mve
2012-04-25,gaussian,15,-0.0057400493629712569,0.01,True,constrained_regularized_mve
2012-04-26,gaussian,15,0.0076918646842581689,0.01,True,constrained_regularized_mve
2012-04-27,gaussian,15,0,0.01,True,constrained_regularized_mve
2012-04-30,gaussian,15,0.0076720837309372609,0.01,True,constrained_regularized_mve
2012-05-01,gaussian,15,-0.01934779740495253,0.01,True,constrained_regularized_mve
2012-05-02,gaussian,15,-0.020809834313017549,0.01,True,constrained_regularized_mve
2012-05-03,gaussian,15,-0.007617484075489362,0.01,True,constrained_regularized_mve
2012-05-04,gaussian,15,0,0.01,True,constrained_regularized_mve
2012-05-07,gaussian,15,-0.016517767715012826,0.01,True,constrained_regularized_mve
2012-05-08,gaussian,15,-0.016905927247352882,0.01,True,constrained_regularized_mve
2012-05-09,gaussian,15,0.027083504928722118,0.01,True,constrained_regularized_mve
2012-05-10,gaussian,15,-0.020057351089164462,0.01,True,constrained_regularized_mve
2012-05-11,gaussian,15,0,0.01,True,constrained_regularized_mve
2012-05-14,gaussian,15,-0.015978871228257578,0.01,True,constrained_regularized_mve
2012-05-15,gaussian,15,-0.0089983058235228001,0.01,True,constrained_regularized_mve
2012-05-16,gaussian,15,-0.018926849803773096,0.01,True,constrained_regularized_mve
2012-05-17,gaussian,15,-0.010439781262084766,0.01,True,constrained_regularized_mve
2012-05-18,gaussian,15,0,0.01,True,constrained_regularized_mve
2012-05-21,gaussian,15,0.025423955396746353,0.01,True,constrained_regularized_mve
2012-05-22,gaussian,15,-0.028551626670128259,0.01,True,constrained_regularized_mve
2012-05-23,gaussian,15,0.0070423029649380985,0.01,True,constrained_regularized_mve
2012-05-24,gaussian,15,-0.0060166036685765202,0.01,True,constrained_regularized_mve
2012-05-25,gaussian,15,0,0.01,True,constrained_regularized_mve
2012-05-28,gaussian,15,-0.0011245493871787789,0.01,True,constrained_regularized_mve
2012-05-29,gaussian,15,-0.018845949021686306,0.01,True,constrained_regularized_mve
2012-05-30,gaussian,15,0.00053659153345012782,0.01,True,constrained_regularized_mve
2012-05-31,gaussian,15,-0.019706896025109184,0.01,True,constrained_regularized_mve
2012-06-01,gaussian,15,0,0.01,True,constrained_regularized_mve
2012-06-04,gaussian,15,0.020454161365472217,0.01,True,constrained_regularized_mve
2012-06-05,gaussian,15,0.040267754026873659,0.01,True,constrained_regularized_mve
2012-06-06,gaussian,15,0.0083135727363547723,0.01,True,constrained_regularized_mve
2012-06-07,gaussian,15,0.00080155508585447188,0.01,True,constrained_regularized_mve
2012-06-08,gaussian,15,0,0.01,True,constrained_regularized_mve
2012-06-11,gaussian,15,0.0030149729555208025,0.01,True,constrained_regularized_mve
2012-06-12,gaussian,15,0.00048395965521693014,0.01,True,constrained_regularized_mve
2012-06-13,gaussian,15,0.013000292706742779,0.01,True,constrained_regularized_mve
2012-06-14,gaussian,15,0.02953703070787797,0.01,True,constrained_regularized_mve
2012-06-15,gaussian,15,0,0.01,True,constrained_regularized_mve
2012-06-18,gaussian,15,0.023459691240657582,0.01,True,constrained_regularized_mve
2012-06-19,gaussian,15,0.01750542034969281,0.01,True,constrained_regularized_mve
2012-06-20,gaussian,15,-0.01261337312277115,0.01,True,constrained_regularized_mve
2012-06-21,gaussian,15,-0.0017565017135243537,0.01,True,constrained_regularized_mve
2012-06-22,gaussian,15,0,0.01,True,constrained_regularized_mve
2012-06-25,gaussian,15,-0.0089726234170824978,0.01,True,constrained_regularized_mve
2012-06-26,gaussian,15,0.023255752694762055,0.01,True,constrained_regularized_mve
2012-06-27,gaussian,15,-0.015551474477812322,0.01,True,constrained_regularized_mve
2012-06-28,gaussian,15,0.040636367353052837,0.01,True,constrained_regularized_mve
2012-06-29,gaussian,15,0,0.01,True,constrained_regularized_mve
2012-07-02,gaussian,16,0.0016551807161783684,0.001,True,constrained_regularized_mve
2012-07-03,gaussian,16,-0.0032851226880662027,0.001,True,constrained_regularized_mve
2012-07-04,gaussian,16,-0.022783952899082839,0.001,True,constrained_regularized_mve
2012-07-05,gaussian,16,-0.032514102612138031,0.001,True,constrained_regularized_mve
2012-07-06,gaussian,16,0,0.001,True,constrained_regularized_mve
2012-07-09,gaussian,16,0.0017966970939058641,0.001,True,constrained_regularized_mve
2012-07-10,gaussian,16,0.0056795906794391924,0.001,True,constrained_regularized_mve
2012-07-11,gaussian,16,-0.017401176596956485,0.001,True,constrained_regularized_mve
2012-07-12,gaussian,16,0.010854097213137699,0.001,True,constrained_regularized_mve
2012-07-13,gaussian,16,0,0.001,True,constrained_regularized_mve
2012-07-16,gaussian,16,-0.0021448533067658804,0.001,True,constrained_regularized_mve
2012-07-17,gaussian,16,-0.002811876695161281,0.001,True,constrained_regularized_mve
2012-07-18,gaussian,16,0.0035071251141857288,0.001,True,constrained_regularized_mve
2012-07-19,gaussian,16,-0.034550427882807176,0.001,True,constrained_regularized_mve
2012-07-20,gaussian,16,0,0.001,True,constrained_regularized_mve
2012-07-23,gaussian,16,-0.011138109916992909,0.001,True,constrained_regularized_mve
2012-07-24,gaussian,16,0.0078232302140828717,0.001,True,constrained_regularized_mve
2012-07-25,gaussian,16,0.040999204529460161,0.001,True,constrained_regularized_mve
2012-07-26,gaussian,16,0.028669297520427323,0.001,True,constrained_regularized_mve
2012-07-27,gaussian,16,0,0.001,True,constrained_regularized_mve
2012-07-30,gaussian,16,-0.0059985248425822521,0.001,True,constrained_regularized_mve
2012-07-31,gaussian,16,0.0055909089745502846,0.001,True,constrained_regularized_mve
2012-08-01,gaussian,16,-0.028774698375849578,0.001,True,constrained_regularized_mve
2012-08-02,gaussian,16,0.057445859001569684,0.001,True,constrained_regularized_mve
2012-08-03,gaussian,16,0,0.001,True,constrained_regularized_mve
2012-08-06,gaussian,16,-0.0012852139962396269,0.001,True,constrained_regularized_mve
2012-08-07,gaussian,16,0.0034552670645596026,0.001,True,constrained_regularized_mve
2012-08-08,gaussian,16,0.0042397603898536012,0.001,True,constrained_regularized_mve
2012-08-09,gaussian,16,-0.0067565202205517819,0.001,True,constrained_regularized_mve
2012-08-10,gaussian,16,0,0.001,True,constrained_regularized_mve
2012-08-13,gaussian,16,0.0039121474770008446,0.001,True,constrained_regularized_mve
2012-08-14,gaussian,16,-0.0020047466647914324,0.001,True,constrained_regularized_mve
2012-08-15,gaussian,16,0.012947702696342281,0.001,True,constrained_regularized_mve
2012-08-16,gaussian,16,0.013625536818904891,0.001,True,constrained_regularized_mve
2012-08-17,gaussian,16,0,0.001,True,constrained_regularized_mve
2012-08-20,gaussian,16,0.021851723134284802,0.001,True,constrained_regularized_mve
2012-08-21,gaussian,16,-0.0050543350572877449,0.001,True,constrained_regularized_mve
2012-08-22,gaussian,16,-0.0093375103561079906,0.001,True,constrained_regularized_mve
2012-08-23,gaussian,16,-0.0036712299515240876,0.001,True,constrained_regularized_mve
2012-08-24,gaussian,16,0,0.001,True,constrained_regularized_mve
2012-08-27,gaussian,16,-0.0031081299408731622,0.001,True,constrained_regularized_mve
2012-08-28,gaussian,16,0.0057588508269614666,0.001,True,constrained_regularized_mve
2012-08-29,gaussian,16,-0.010731860025352136,0.001,True,constrained_regularized_mve
2012-08-30,gaussian,16,0.018141664922354316,0.001,True,constrained_regularized_mve
2012-08-31,gaussian,16,0,0.001,True,constrained_regularized_mve
2012-09-03,gaussian,16,-0.0076013649957223694,0.001,True,constrained_regularized_mve
2012-09-04,gaussian,16,0.002052530229902985,0.001,True,constrained_regularized_mve
2012-09-05,gaussian,16,0.042564665106862291,0.001,True,constrained_regularized_mve
2012-09-06,gaussian,16,0.036642340616361492,0.001,True,constrained_regularized_mve
2012-09-07,gaussian,16,0,0.001,True,constrained_regularized_mve
2012-09-10,gaussian,16,0.011356314424599221,0.001,True,constrained_regularized_mve
2012-09-11,gaussian,16,0.017581017179139534,0.001,True,constrained_regularized_mve
2012-09-12,gaussian,16,0.0018133801810248124,0.001,True,constrained_regularized_mve
2012-09-13,gaussian,16,0.034399668090864005,0.001,True,constrained_regularized_mve
2012-09-14,gaussian,16,0,0.001,True,constrained_regularized_mve
2012-09-17,gaussian,16,-0.0096336213024985282,0.001,True,constrained_regularized_mve
2012-09-18,gaussian,16,0.0038630150120965347,0.001,True,constrained_regularized_mve
2012-09-19,gaussian,16,-0.011432585951082206,0.001,True,constrained_regularized_mve
2012-09-20,gaussian,16,0.0066070555376355833,0.001,True,constrained_regularized_mve
2012-09-21,gaussian,16,0,0.001,True,constrained_regularized_mve
2012-09-24,gaussian,16,-0.00053487303046180859,0.001,True,constrained_regularized_mve
2012-09-25,gaussian,16,-0.02742270191526033,0.001,True,constrained_regularized_mve
2012-09-26,gaussian,16,0.0069627419497617533,0.001,True,constrained_regularized_mve
2012-09-27,gaussian,16,-0.012561052992186638,0.001,True,constrained_regularized_mve
2012-09-28,gaussian,16,0,0.001,True,constrained_regularized_mve
2012-10-01,gaussian,16,0.0034138517078932382,0.001,True,constrained_regularized_mve
2012-10-02,gaussian,16,0.0055025462050970917,0.001,True,constrained_regularized_mve
2012-10-03,gaussian,16,0.010697478156364447,0.001,True,constrained_regularized_mve
2012-10-04,gaussian,16,0.014793820974822066,0.001,True,constrained_regularized_mve
2012-10-05,gaussian,16,0,0.001,True,constrained_regularized_mve
2012-10-08,gaussian,16,-0.008367267614084373,0.001,True,constrained_regularized_mve
2012-10-09,gaussian,16,-0.0042109660063196488,0.001,True,constrained_regularized_mve
2012-10-10,gaussian,16,0.021031466318132852,0.001,True,constrained_regularized_mve
2012-10-11,gaussian,16,-0.0064345514072424378,0.001,True,constrained_regularized_mve
2012-10-12,gaussian,16,0,0.001,True,constrained_regularized_mve
2012-10-15,gaussian,16,0.014141241161857127,0.001,True,constrained_regularized_mve
2012-10-16,gaussian,16,0.025915420540847844,0.001,True,constrained_regularized_mve
2012-10-17,gaussian,16,0.00018142774031228233,0.001,True,constrained_regularized_mve
2012-10-18,gaussian,16,-0.02114099728213498,0.001,True,constrained_regularized_mve
2012-10-19,gaussian,16,0,0.001,True,constrained_regularized_mve
2012-10-22,gaussian,16,-0.015548757567077087,0.001,True,constrained_regularized_mve
2012-10-23,gaussian,16,-0.0012039422719827193,0.001,True,constrained_regularized_mve
2012-10-24,gaussian,16,0.0016095896378243563,0.001,True,constrained_regularized_mve
2012-10-25,gaussian,16,-0.0060907093245778435,0.001,True,constrained_regularized_mve
2012-10-26,gaussian,16,0,0.001,True,constrained_regularized_mve
2012-10-29,gaussian,16,0.009973803521851024,0.001,True,constrained_regularized_mve
2012-10-30,gaussian,16,0.0067115686111817487,0.001,True,constrained_regularized_mve
2012-10-31,gaussian,16,0.020186836299862763,0.001,True,constrained_regularized_mve
2012-11-01,gaussian,16,-0.00033224556536877632,0.001,True,constrained_regularized_mve
2012-11-02,gaussian,16,0,0.001,True,constrained_regularized_mve
2012-11-05,gaussian,16,0.01112408408893578,0.001,True,constrained_regularized_mve
2012-11-06,gaussian,16,-0.041041774842278729,0.001,True,constrained_regularized_mve
2012-11-07,gaussian,16,-0.0084912262056057539,0.001,True,constrained_regularized_mve
2012-11-08,gaussian,16,-0.0090272525799395351,0.001,True,constrained_regularized_mve
2012-11-09,gaussian,16,0,0.001,True,constrained_regularized_mve
2012-11-12,gaussian,16,0.0032861069583263033,0.001,True,constrained_regularized_mve
2012-11-13,gaussian,16,-0.017249884847147002,0.001,True,constrained_regularized_mve
2012-11-14,gaussian,16,0.0049394246341888598,0.001,True,constrained_regularized_mve
2012-11-15,gaussian,16,-0.010657181456597557,0.001,True,constrained_regularized_mve
2012-11-16,gaussian,16,0,0.001,True,constrained_regularized_mve
2012-11-19,gaussian,16,-0.0023791482519443766,0.001,True,constrained_regularized_mve
2012-11-20,gaussian,16,0.0028979301496662481,0.001,True,constrained_regularized_mve
2012-11-21,gaussian,16,0.0054286112630663056,0.001,True,constrained_regularized_mve
2012-11-22,gaussian,16,0.010172888370673188,0.001,True,constrained_regularized_mve
2012-11-23,gaussian,16,0,0.001,True,constrained_regularized_mve
2012-11-26,gaussian,16,0.0061559862273970643,0.001,True,constrained_regularized_mve
2012-11-27,gaussian,16,-0.0046494767965154097,0.001,True,constrained_regularized_mve
2012-11-28,gaussian,16,0.019482975034357291,0.001,True,constrained_regularized_mve
2012-11-29,gaussian,16,0.00063090852545180404,0.001,True,constrained_regularized_mve
2012-11-30,gaussian,16,0,0.001,True,constrained_regularized_mve
2012-12-03,gaussian,16,0.0043187639789347967,0.001,True,constrained_regularized_mve
2012-12-04,gaussian,16,0.011870278150295189,0.001,True,constrained_regularized_mve
2012-12-05,gaussian,16,0.0018994966925834967,0.001,True,constrained_regularized_mve
2012-12-06,gaussian,16,-0.0002610568305657052,0.001,True,constrained_regularized_mve
2012-12-07,gaussian,16,0,0.001,True,constrained_regularized_mve
2012-12-10,gaussian,16,0.0084293330894925148,0.001,True,constrained_regularized_mve
2012-12-11,gaussian,16,0.008784223312181122,0.001,True,constrained_regularized_mve
2012-12-12,gaussian,16,0.0039126061320448142,0.001,True,constrained_regularized_mve
2012-12-13,gaussian,16,-0.0011294982029347077,0.001,True,constrained_regularized_mve
2012-12-14,gaussian,16,0,0.001,True,constrained_regularized_mve
2012-12-17,gaussian,16,0.020857806993535448,0.001,True,constrained_regularized_mve
2012-12-18,gaussian,16,0.010030696401153503,0.001,True,constrained_regularized_mve
2012-12-19,gaussian,16,0.0070791759040827948,0.001,True,constrained_regularized_mve
2012-12-20,gaussian,16,-0.014237676137519131,0.001,True,constrained_regularized_mve
2012-12-21,gaussian,16,0,0.001,True,constrained_regularized_mve
2012-12-24,gaussian,16,-0.00045556742562029518,0.001,True,constrained_regularized_mve
2012-12-25,gaussian,16,-0.00015745604280964376,0.001,True,constrained_regularized_mve
2012-12-26,gaussian,16,-0.0018595283194355278,0.001,True,constrained_regularized_mve
2012-12-27,gaussian,16,-0.0054829401541068926,0.001,True,constrained_regularized_mve
2012-12-28,gaussian,16,0,0.001,True,constrained_regularized_mve
2012-12-31,gaussian,16,-0.00028950447428886881,0.001,True,constrained_regularized_mve
2013-01-01,gaussian,17,0.030811215826569528,0.01,True,constrained_regularized_mve
2013-01-02,gaussian,17,-0.00022406358408437639,0.01,True,constrained_regularized_mve
2013-01-03,gaussian,17,0.0067036683902149171,0.01,True,constrained_regularized_mve
2013-01-04,gaussian,17,0,0.01,True,constrained_regularized_mve
2013-01-07,gaussian,17,0.0018640407013049299,0.01,True,constrained_regularized_mve
2013-01-08,gaussian,17,0.01670995707551531,0.01,True,constrained_regularized_mve
2013-01-09,gaussian,17,0.013899623184269884,0.01,True,constrained_regularized_mve
2013-01-10,gaussian,17,0.012627499954831129,0.01,True,constrained_regularized_mve
2013-01-11,gaussian,17,0,0.01,True,constrained_regularized_mve
2013-01-14,gaussian,17,-0.00072810437634814517,0.01,True,constrained_regularized_mve
2013-01-15,gaussian,17,-0.0056548654611144932,0.01,True,constrained_regularized_mve
2013-01-16,gaussian,17,0.00085615723990580428,0.01,True,constrained_regularized_mve
2013-01-17,gaussian,17,0.0045870012889195387,0.01,True,constrained_regularized_mve
2013-01-18,gaussian,17,0,0.01,True,constrained_regularized_mve
2013-01-21,gaussian,17,-0.0025460769628151301,0.01,True,constrained_regularized_mve
2013-01-22,gaussian,17,-0.0058032365843708744,0.01,True,constrained_regularized_mve
2013-01-23,gaussian,17,0.010962325778100123,0.01,True,constrained_regularized_mve
2013-01-24,gaussian,17,0.0028017334079679787,0.01,True,constrained_regularized_mve
2013-01-25,gaussian,17,0,0.01,True,constrained_regularized_mve
2013-01-28,gaussian,17,0.0034262202051336425,0.01,True,constrained_regularized_mve
2013-01-29,gaussian,17,-0.0040825062776413635,0.01,True,constrained_regularized_mve
2013-01-30,gaussian,17,0.0028316333092555769,0.01,True,constrained_regularized_mve
2013-01-31,gaussian,17,0.0060673963185374083,0.01,True,constrained_regularized_mve
2013-02-01,gaussian,17,0,0.01,True,constrained_regularized_mve
2013-02-04,gaussian,17,0.011125409906460697,0.01,True,constrained_regularized_mve
2013-02-05,gaussian,17,-0.0012073887765358146,0.01,True,constrained_regularized_mve
2013-02-06,gaussian,17,-0.012449018292192705,0.01,True,constrained_regularized_mve
2013-02-07,gaussian,17,0.010626577253738213,0.01,True,constrained_regularized_mve
2013-02-08,gaussian,17,0,0.01,True,constrained_regularized_mve
2013-02-11,gaussian,17,0.018021311103169232,0.01,True,constrained_regularized_mve
2013-02-12,gaussian,17,-0.0061147226727675851,0.01,True,constrained_regularized_mve
2013-02-13,gaussian,17,-0.0049323471609044956,0.01,True,constrained_regularized_mve
2013-02-14,gaussian,17,-0.010921556228698023,0.01,True,constrained_regularized_mve
2013-02-15,gaussian,17,0,0.01,True,constrained_regularized_mve
2013-02-18,gaussian,17,0.0098572003065416219,0.01,True,constrained_regularized_mve
2013-02-19,gaussian,17,-0.0084856754928777246,0.01,True,constrained_regularized_mve
2013-02-20,gaussian,17,-0.034492452359239298,0.01,True,constrained_regularized_mve
2013-02-21,gaussian,17,0.0092952484444327275,0.01,True,constrained_regularized_mve
2013-02-22,gaussian,17,0,0.01,True,constrained_regularized_mve
2013-02-25,gaussian,17,-0.008371006148289525,0.01,True,constrained_regularized_mve
2013-02-26,gaussian,17,0.011684737926771485,0.01,True,constrained_regularized_mve
2013-02-27,gaussian,17,0.0070641857896545958,0.01,True,constrained_regularized_mve
2013-02-28,gaussian,17,-0.0067312001071975205,0.01,True,constrained_regularized_mve
2013-03-01,gaussian,17,0,0.01,True,constrained_regularized_mve
2013-03-04,gaussian,17,0.019918458503179786,0.01,True,constrained_regularized_mve
2013-03-05,gaussian,17,0.004168732598656689,0.01,True,constrained_regularized_mve
2013-03-06,gaussian,17,-0.0016491475955265433,0.01,True,constrained_regularized_mve
2013-03-07,gaussian,17,0.025783076719726343,0.01,True,constrained_regularized_mve
2013-03-08,gaussian,17,0,0.01,True,constrained_regularized_mve
2013-03-11,gaussian,17,-0.0057114760150681577,0.01,True,constrained_regularized_mve
2013-03-12,gaussian,17,-0.0079853521394417076,0.01,True,constrained_regularized_mve
2013-03-13,gaussian,17,0.0084020493916432768,0.01,True,constrained_regularized_mve
2013-03-14,gaussian,17,0.0060076630964025967,0.01,True,constrained_regularized_mve
2013-03-15,gaussian,17,0,0.01,True,constrained_regularized_mve
2013-03-18,gaussian,17,-0.020430478970015372,0.01,True,constrained_regularized_mve
2013-03-19,gaussian,17,0.010562466348694462,0.01,True,constrained_regularized_mve
2013-03-20,gaussian,17,-0.0071447442362916735,0.01,True,constrained_regularized_mve
2013-03-21,gaussian,17,-0.0015165089960932246,0.01,True,constrained_regularized_mve
2013-03-22,gaussian,17,0,0.01,True,constrained_regularized_mve
2013-03-25,gaussian,17,-0.0060740855389579997,0.01,True,constrained_regularized_mve
2013-03-26,gaussian,17,-0.0046254560980251045,0.01,True,constrained_regularized_mve
2013-03-27,gaussian,17,-0.003811787692141726,0.01,True,constrained_regularized_mve
2013-03-28,gaussian,17,-3.1539304934655438e-05,0.01,True,constrained_regularized_mve
2013-03-29,gaussian,17,0,0.01,True,constrained_regularized_mve
2013-04-01,gaussian,17,0.020106679645029431,0.01,True,constrained_regularized_mve
2013-04-02,gaussian,17,-0.022592612421665721,0.01,True,constrained_regularized_mve
2013-04-03,gaussian,17,0.0036561294664183216,0.01,True,constrained_regularized_mve
2013-04-04,gaussian,17,-0.0020435244857755675,0.01,True,constrained_regularized_mve
2013-04-05,gaussian,17,0,0.01,True,constrained_regularized_mve
2013-04-08,gaussian,17,0.00834583022611903,0.01,True,constrained_regularized_mve
2013-04-09,gaussian,17,0.028016213215051988,0.01,True,constrained_regularized_mve
2013-04-10,gaussian,17,0.0024239282378404835,0.01,True,constrained_regularized_mve
2013-04-11,gaussian,17,-0.010345503695644482,0.01,True,constrained_regularized_mve
2013-04-12,gaussian,17,0,0.01,True,constrained_regularized_mve
2013-04-15,gaussian,17,0.002509143669946833,0.01,True,constrained_regularized_mve
2013-04-16,gaussian,17,-0.013089458804267018,0.01,True,constrained_regularized_mve
2013-04-17,gaussian,17,-0.019999669342933724,0.01,True,constrained_regularized_mve
2013-04-18,gaussian,17,0.014645244320499939,0.01,True,constrained_regularized_mve
2013-04-19,gaussian,17,0,0.01,True,constrained_regularized_mve
2013-04-22,gaussian,17,0.023934525293517122,0.01,True,constrained_regularized_mve
2013-04-23,gaussian,17,0.0028777360887338788,0.01,True,constrained_regularized_mve
2013-04-24,gaussian,17,0.0061005546349485271,0.01,True,constrained_regularized_mve
2013-04-25,gaussian,17,-0.0030106602102832015,0.01,True,constrained_regularized_mve
2013-04-26,gaussian,17,0,0.01,True,constrained_regularized_mve
2013-04-29,gaussian,17,0.0046645054765611449,0.01,True,constrained_regularized_mve
2013-04-30,gaussian,17,0.0010615527868170274,0.01,True,constrained_regularized_mve
2013-05-01,gaussian,17,0.0057534660950883934,0.01,True,constrained_regularized_mve
2013-05-02,gaussian,17,0.0035338495229594114,0.01,True,constrained_regularized_mve
2013-05-03,gaussian,17,0,0.01,True,constrained_regularized_mve
2013-05-06,gaussian,17,0.015135902743405328,0.01,True,constrained_regularized_mve
2013-05-07,gaussian,17,0.0035729805827823947,0.01,True,constrained_regularized_mve
2013-05-08,gaussian,17,-2.5322959805095061e-05,0.01,True,constrained_regularized_mve
2013-05-09,gaussian,17,-0.0015215295621174144,0.01,True,constrained_regularized_mve
2013-05-10,gaussian,17,0,0.01,True,constrained_regularized_mve
2013-05-13,gaussian,17,0.0064745613813621808,0.01,True,constrained_regularized_mve
2013-05-14,gaussian,17,0.0094938701948641176,0.01,True,constrained_regularized_mve
2013-05-15,gaussian,17,-0.0047040895042166908,0.01,True,constrained_regularized_mve
2013-05-16,gaussian,17,0.018207171529097416,0.01,True,constrained_regularized_mve
2013-05-17,gaussian,17,0,0.01,True,constrained_regularized_mve
2013-05-20,gaussian,17,-0.0017099902839446269,0.01,True,constrained_regularized_mve
2013-05-21,gaussian,17,0.0014002989080727664,0.01,True,constrained_regularized_mve
2013-05-22,gaussian,17,-0.032139435204425915,0.01,True,constrained_regularized_mve
2013-05-23,gaussian,17,-0.0040441607109321194,0.01,True,constrained_regularized_mve
2013-05-24,gaussian,17,0,0.01,True,constrained_regularized_mve
2013-05-27,gaussian,17,0.015531473117918814,0.01,True,constrained_regularized_mve
2013-05-28,gaussian,17,-0.0097997765391944682,0.01,True,constrained_regularized_mve
2013-05-29,gaussian,17,0.016100181099405003,0.01,True,constrained_regularized_mve
2013-05-30,gaussian,17,-0.0017846890400079983,0.01,True,constrained_regularized_mve
2013-05-31,gaussian,17,0,0.01,True,constrained_regularized_mve
2013-06-03,gaussian,17,0.018887533235866082,0.01,True,constrained_regularized_mve
2013-06-04,gaussian,17,-0.021364273708004259,0.01,True,constrained_regularized_mve
2013-06-05,gaussian,17,-0.0064124468537182476,0.01,True,constrained_regularized_mve
2013-06-06,gaussian,17,0.022543552957765535,0.01,True,constrained_regularized_mve
2013-06-07,gaussian,17,0,0.01,True,constrained_regularized_mve
2013-06-10,gaussian,17,-0.015191078127058956,0.01,True,constrained_regularized_mve
2013-06-11,gaussian,17,-0.011461787653711747,0.01,True,constrained_regularized_mve
2013-06-12,gaussian,17,0.0079504596992832771,0.01,True,constrained_regularized_mve
2013-06-13,gaussian,17,-0.0033778618825939743,0.01,True,constrained_regularized_mve
2013-06-14,gaussian,17,0,0.01,True,constrained_regularized_mve
2013-06-17,gaussian,17,0.0078512745093115427,0.01,True,constrained_regularized_mve
2013-06-18,gaussian,17,-0.0037187298002438205,0.01,True,constrained_regularized_mve
2013-06-19,gaussian,17,-0.034557820326122063,0.01,True,constrained_regularized_mve
2013-06-20,gaussian,17,-0.022623222891202086,0.01,True,constrained_regularized_mve
2013-06-21,gaussian,17,0,0.01,True,constrained_regularized_mve
2013-06-24,gaussian,17,0.018228139090852368,0.01,True,constrained_regularized_mve
2013-06-25,gaussian,17,0.0093823960699600806,0.01,True,constrained_regularized_mve
2013-06-26,gaussian,17,0.0020805839493804731,0.01,True,constrained_regularized_mve
2013-06-27,gaussian,17,-0.011978513731235509,0.01,True,constrained_regularized_mve
2013-06-28,gaussian,17,0,0.01,True,constrained_regularized_mve
2013-07-01,gaussian,18,-0.0046232344944713549,9.9999999999999995e-07,True,constrained_regularized_mve
2013-07-02,gaussian,18,-0.012656916523595827,9.9999999999999995e-07,True,constrained_regularized_mve
2013-07-03,gaussian,18,0.031898252962230041,9.9999999999999995e-07,True,constrained_regularized_mve
2013-07-04,gaussian,18,0.0054328175074234613,9.9999999999999995e-07,True,constrained_regularized_mve
2013-07-05,gaussian,18,0,9.9999999999999995e-07,True,constrained_regularized_mve
2013-07-08,gaussian,18,0.01525988917620019,9.9999999999999995e-07,True,constrained_regularized_mve
2013-07-09,gaussian,18,-0.011643946491959465,9.9999999999999995e-07,True,constrained_regularized_mve
2013-07-10,gaussian,18,0.022769261016311791,9.9999999999999995e-07,True,constrained_regularized_mve
2013-07-11,gaussian,18,0.0076413592590110586,9.9999999999999995e-07,True,constrained_regularized_mve
2013-07-12,gaussian,18,0,9.9999999999999995e-07,True,constrained_regularized_mve
2013-07-15,gaussian,18,-0.0075795642411323376,9.9999999999999995e-07,True,constrained_regularized_mve
2013-07-16,gaussian,18,0.0077661412517929344,9.9999999999999995e-07,True,constrained_regularized_mve
2013-07-17,gaussian,18,0.023005014124205261,9.9999999999999995e-07,True,constrained_regularized_mve
2013-07-18,gaussian,18,-0.00068144384857766051,9.9999999999999995e-07,True,constrained_regularized_mve
2013-07-19,gaussian,18,0,9.9999999999999995e-07,True,constrained_regularized_mve
2013-07-22,gaussian,18,0.0059088431109580244,9.9999999999999995e-07,True,constrained_regularized_mve
2013-07-23,gaussian,18,0.0035250910259173049,9.9999999999999995e-07,True,constrained_regularized_mve
2013-07-24,gaussian,18,-0.0067039530129562111,9.9999999999999995e-07,True,constrained_regularized_mve
2013-07-25,gaussian,18,-0.0026457927574373773,9.9999999999999995e-07,True,constrained_regularized_mve
2013-07-26,gaussian,18,0,9.9999999999999995e-07,True,constrained_regularized_mve
2013-07-29,gaussian,18,-0.0034810644391621167,9.9999999999999995e-07,True,constrained_regularized_mve
2013-07-30,gaussian,18,0.0011941562301291864,9.9999999999999995e-07,True,constrained_regularized_mve
2013-07-31,gaussian,18,0.034064704624692403,9.9999999999999995e-07,True,constrained_regularized_mve
2013-08-01,gaussian,18,-0.0010804169950151764,9.9999999999999995e-07,True,constrained_regularized_mve
2013-08-02,gaussian,18,0,9.9999999999999995e-07,True,constrained_regularized_mve
2013-08-05,gaussian,18,-0.0050183773725667449,9.9999999999999995e-07,True,constrained_regularized_mve
2013-08-06,gaussian,18,-0.0046248171106338179,9.9999999999999995e-07,True,constrained_regularized_mve
2013-08-07,gaussian,18,0.008019640936611859,9.9999999999999995e-07,True,constrained_regularized_mve
2013-08-08,gaussian,18,0.0032365386481604933,9.9999999999999995e-07,True,constrained_regularized_mve
2013-08-09,gaussian,18,0,9.9999999999999995e-07,True,constrained_regularized_mve
2013-08-12,gaussian,18,0.0014162749694301825,9.9999999999999995e-07,True,constrained_regularized_mve
2013-08-13,gaussian,18,0.00047317558213623656,9.9999999999999995e-07,True,constrained_regularized_mve
2013-08-14,gaussian,18,-0.010882202797262907,9.9999999999999995e-07,True,constrained_regularized_mve
2013-08-15,gaussian,18,0.0088430840209778178,9.9999999999999995e-07,True,constrained_regularized_mve
2013-08-16,gaussian,18,0,9.9999999999999995e-07,True,constrained_regularized_mve
2013-08-19,gaussian,18,-0.0051883273258271478,9.9999999999999995e-07,True,constrained_regularized_mve
2013-08-20,gaussian,18,-0.0067197842797877575,9.9999999999999995e-07,True,constrained_regularized_mve
2013-08-21,gaussian,18,0.012387258542650586,9.9999999999999995e-07,True,constrained_regularized_mve
2013-08-22,gaussian,18,0.003637380332819619,9.9999999999999995e-07,True,constrained_regularized_mve
2013-08-23,gaussian,18,0,9.9999999999999995e-07,True,constrained_regularized_mve
2013-08-26,gaussian,18,-0.029015984242083712,9.9999999999999995e-07,True,constrained_regularized_mve
2013-08-27,gaussian,18,0.0070681570733624943,9.9999999999999995e-07,True,constrained_regularized_mve
2013-08-28,gaussian,18,-0.00023697025253105927,9.9999999999999995e-07,True,constrained_regularized_mve
2013-08-29,gaussian,18,-0.011409746127302714,9.9999999999999995e-07,True,constrained_regularized_mve
2013-08-30,gaussian,18,0,9.9999999999999995e-07,True,constrained_regularized_mve
2013-09-02,gaussian,18,0.0074397478624526007,9.9999999999999995e-07,True,constrained_regularized_mve
2013-09-03,gaussian,18,0.00068138850676081734,9.9999999999999995e-07,True,constrained_regularized_mve
2013-09-04,gaussian,18,0.013279383887764484,9.9999999999999995e-07,True,constrained_regularized_mve
2013-09-05,gaussian,18,-0.00012859271403069521,9.9999999999999995e-07,True,constrained_regularized_mve
2013-09-06,gaussian,18,0,9.9999999999999995e-07,True,constrained_regularized_mve
2013-09-09,gaussian,18,0.021799005055302866,9.9999999999999995e-07,True,constrained_regularized_mve
2013-09-10,gaussian,18,0.00035403610687106073,9.9999999999999995e-07,True,constrained_regularized_mve
2013-09-11,gaussian,18,-0.0033938337534265561,9.9999999999999995e-07,True,constrained_regularized_mve
2013-09-12,gaussian,18,-0.00085581152511790993,9.9999999999999995e-07,True,constrained_regularized_mve
2013-09-13,gaussian,18,0,9.9999999999999995e-07,True,constrained_regularized_mve
2013-09-16,gaussian,18,-0.0015646210772521923,9.9999999999999995e-07,True,constrained_regularized_mve
2013-09-17,gaussian,18,0.0086881269898561684,9.9999999999999995e-07,True,constrained_regularized_mve
2013-09-18,gaussian,18,0.012311780609472326,9.9999999999999995e-07,True,constrained_regularized_mve
2013-09-19,gaussian,18,-0.0072063395256892118,9.9999999999999995e-07,True,constrained_regularized_mve
2013-09-20,gaussian,18,0,9.9999999999999995e-07,True,constrained_regularized_mve
2013-09-23,gaussian,18,-0.001931331770421609,9.9999999999999995e-07,True,constrained_regularized_mve
2013-09-24,gaussian,18,-0.001267802114380268,9.9999999999999995e-07,True,constrained_regularized_mve
2013-09-25,gaussian,18,-0.0030773321139264645,9.9999999999999995e-07,True,constrained_regularized_mve
2013-09-26,gaussian,18,-0.0062354786310484531,9.9999999999999995e-07,True,constrained_regularized_mve
2013-09-27,gaussian,18,0,9.9999999999999995e-07,True,constrained_regularized_mve
2013-09-30,gaussian,18,0.0077964057842500704,9.9999999999999995e-07,True,constrained_regularized_mve
2013-10-01,gaussian,18,0.00028608210463834443,9.9999999999999995e-07,True,constrained_regularized_mve
2013-10-02,gaussian,18,-0.0018554956424362565,9.9999999999999995e-07,True,constrained_regularized_mve
2013-10-03,gaussian,18,0.010216521270737767,9.9999999999999995e-07,True,constrained_regularized_mve
2013-10-04,gaussian,18,0,9.9999999999999995e-07,True,constrained_regularized_mve
2013-10-07,gaussian,18,-0.0089596674554104725,9.9999999999999995e-07,True,constrained_regularized_mve
2013-10-08,gaussian,18,0.0089086828073701978,9.9999999999999995e-07,True,constrained_regularized_mve
2013-10-09,gaussian,18,0.024687579417876446,9.9999999999999995e-07,True,constrained_regularized_mve
2013-10-10,gaussian,18,0.0070870946765250204,9.9999999999999995e-07,True,constrained_regularized_mve
2013-10-11,gaussian,18,0,9.9999999999999995e-07,True,constrained_regularized_mve
2013-10-14,gaussian,18,0.0021064420340544893,9.9999999999999995e-07,True,constrained_regularized_mve
2013-10-15,gaussian,18,0.016943696502043613,9.9999999999999995e-07,True,constrained_regularized_mve
2013-10-16,gaussian,18,0.003359787584314411,9.9999999999999995e-07,True,constrained_regularized_mve
2013-10-17,gaussian,18,0.013280363261835463,9.9999999999999995e-07,True,constrained_regularized_mve
2013-10-18,gaussian,18,0,9.9999999999999995e-07,True,constrained_regularized_mve
2013-10-21,gaussian,18,0.00069840701680525745,9.9999999999999995e-07,True,constrained_regularized_mve
2013-10-22,gaussian,18,-0.015948659893610974,9.9999999999999995e-07,True,constrained_regularized_mve
2013-10-23,gaussian,18,0.0051733463182656123,9.9999999999999995e-07,True,constrained_regularized_mve
2013-10-24,gaussian,18,-0.00194811921580067,9.9999999999999995e-07,True,constrained_regularized_mve
2013-10-25,gaussian,18,0,9.9999999999999995e-07,True,constrained_regularized_mve
2013-10-28,gaussian,18,0.0034935290621026594,9.9999999999999995e-07,True,constrained_regularized_mve
2013-10-29,gaussian,18,-0.0049209544837199746,9.9999999999999995e-07,True,constrained_regularized_mve
2013-10-30,gaussian,18,-0.0015330369693133982,9.9999999999999995e-07,True,constrained_regularized_mve
2013-10-31,gaussian,18,7.979042300920917e-05,9.9999999999999995e-07,True,constrained_regularized_mve
2013-11-01,gaussian,18,0,9.9999999999999995e-07,True,constrained_regularized_mve
2013-11-04,gaussian,18,-0.0096560247895717405,9.9999999999999995e-07,True,constrained_regularized_mve
2013-11-05,gaussian,18,0.0051410689174704368,9.9999999999999995e-07,True,constrained_regularized_mve
2013-11-06,gaussian,18,-0.0066003778533163769,9.9999999999999995e-07,True,constrained_regularized_mve
2013-11-07,gaussian,18,0.014863980073097579,9.9999999999999995e-07,True,constrained_regularized_mve
2013-11-08,gaussian,18,0,9.9999999999999995e-07,True,constrained_regularized_mve
2013-11-11,gaussian,18,-0.0055379033526435032,9.9999999999999995e-07,True,constrained_regularized_mve
2013-11-12,gaussian,18,-0.003993167374383608,9.9999999999999995e-07,True,constrained_regularized_mve
2013-11-13,gaussian,18,0.0084506000397880972,9.9999999999999995e-07,True,constrained_regularized_mve
2013-11-14,gaussian,18,0.0023391866893281168,9.9999999999999995e-07,True,constrained_regularized_mve
2013-11-15,gaussian,18,0,9.9999999999999995e-07,True,constrained_regularized_mve
2013-11-18,gaussian,18,-0.0029542981065486117,9.9999999999999995e-07,True,constrained_regularized_mve
2013-11-19,gaussian,18,-0.0014093832777201242,9.9999999999999995e-07,True,constrained_regularized_mve
2013-11-20,gaussian,18,0.0068251565677196124,9.9999999999999995e-07,True,constrained_regularized_mve
2013-11-21,gaussian,18,0.0033906378991468483,9.9999999999999995e-07,True,constrained_regularized_mve
2013-11-22,gaussian,18,0,9.9999999999999995e-07,True,constrained_regularized_mve
2013-11-25,gaussian,18,-0.0046334078291614617,9.9999999999999995e-07,True,constrained_regularized_mve
2013-11-26,gaussian,18,0.0064758165195164356,9.9999999999999995e-07,True,constrained_regularized_mve
2013-11-27,gaussian,18,0.0017626025617219912,9.9999999999999995e-07,True,constrained_regularized_mve
2013-11-28,gaussian,18,-0.0016811033964840116,9.9999999999999995e-07,True,constrained_regularized_mve
2013-11-29,gaussian,18,0,9.9999999999999995e-07,True,constrained_regularized_mve
2013-12-02,gaussian,18,-0.013653389235487617,9.9999999999999995e-07,True,constrained_regularized_mve
2013-12-03,gaussian,18,-0.00030555800316692846,9.9999999999999995e-07,True,constrained_regularized_mve
2013-12-04,gaussian,18,-0.013626967842063889,9.9999999999999995e-07,True,constrained_regularized_mve
2013-12-05,gaussian,18,0.011776487507446264,9.9999999999999995e-07,True,constrained_regularized_mve
2013-12-06,gaussian,18,0,9.9999999999999995e-07,True,constrained_regularized_mve
2013-12-09,gaussian,18,0.0010600236017439444,9.9999999999999995e-07,True,constrained_regularized_mve
2013-12-10,gaussian,18,-0.0076205085718629934,9.9999999999999995e-07,True,constrained_regularized_mve
2013-12-11,gaussian,18,-0.0052487285891312718,9.9999999999999995e-07,True,constrained_regularized_mve
2013-12-12,gaussian,18,-0.0034519698332328079,9.9999999999999995e-07,True,constrained_regularized_mve
2013-12-13,gaussian,18,0,9.9999999999999995e-07,True,constrained_regularized_mve
2013-12-16,gaussian,18,-0.0062136663223381463,9.9999999999999995e-07,True,constrained_regularized_mve
2013-12-17,gaussian,18,0.015493351893091915,9.9999999999999995e-07,True,constrained_regularized_mve
2013-12-18,gaussian,18,0.0090492269079864174,9.9999999999999995e-07,True,constrained_regularized_mve
2013-12-19,gaussian,18,0.0017061796739146306,9.9999999999999995e-07,True,constrained_regularized_mve
2013-12-20,gaussian,18,0,9.9999999999999995e-07,True,constrained_regularized_mve
2013-12-23,gaussian,18,0.0012138006835999296,9.9999999999999995e-07,True,constrained_regularized_mve
2013-12-24,gaussian,18,-7.8465041527606835e-05,9.9999999999999995e-07,True,constrained_regularized_mve
2013-12-25,gaussian,18,0.0010843388684102836,9.9999999999999995e-07,True,constrained_regularized_mve
2013-12-26,gaussian,18,0.0078572328878952456,9.9999999999999995e-07,True,constrained_regularized_mve
2013-12-27,gaussian,18,0,9.9999999999999995e-07,True,constrained_regularized_mve
2013-12-30,gaussian,18,0.0045519835084752913,9.9999999999999995e-07,True,constrained_regularized_mve
2013-12-31,gaussian,18,-0.00066897009809715015,9.9999999999999995e-07,True,constrained_regularized_mve
2014-01-01,gaussian,19,-0.0084763955188461946,0.001,True,constrained_regularized_mve
2014-01-02,gaussian,19,-0.0021785868605547543,0.001,True,constrained_regularized_mve
2014-01-03,gaussian,19,0,0.001,True,constrained_regularized_mve
2014-01-06,gaussian,19,0.015227793619127692,0.001,True,constrained_regularized_mve
2014-01-07,gaussian,19,0.0079233254808878748,0.001,True,constrained_regularized_mve
2014-01-08,gaussian,19,-0.0032791407493274823,0.001,True,constrained_regularized_mve
2014-01-09,gaussian,19,0.0039721611370703838,0.001,True,constrained_regularized_mve
2014-01-10,gaussian,19,0,0.001,True,constrained_regularized_mve
2014-01-13,gaussian,19,0.0016228238806945345,0.001,True,constrained_regularized_mve
2014-01-14,gaussian,19,0.021212392333583265,0.001,True,constrained_regularized_mve
2014-01-15,gaussian,19,-0.0094581725864292202,0.001,True,constrained_regularized_mve
2014-01-16,gaussian,19,-0.00030582038066074771,0.001,True,constrained_regularized_mve
2014-01-17,gaussian,19,0,0.001,True,constrained_regularized_mve
2014-01-20,gaussian,19,0.0010627453354388134,0.001,True,constrained_regularized_mve
2014-01-21,gaussian,19,-0.0033781677528970924,0.001,True,constrained_regularized_mve
2014-01-22,gaussian,19,-0.0092744380457523493,0.001,True,constrained_regularized_mve
2014-01-23,gaussian,19,-0.020465887824985225,0.001,True,constrained_regularized_mve
2014-01-24,gaussian,19,0,0.001,True,constrained_regularized_mve
2014-01-27,gaussian,19,0.014248341179303037,0.001,True,constrained_regularized_mve
2014-01-28,gaussian,19,-0.0064128711852784685,0.001,True,constrained_regularized_mve
2014-01-29,gaussian,19,0.0055484826229589591,0.001,True,constrained_regularized_mve
2014-01-30,gaussian,19,-0.015263078241800272,0.001,True,constrained_regularized_mve
2014-01-31,gaussian,19,0,0.001,True,constrained_regularized_mve
2014-02-03,gaussian,19,0.012861954077719779,0.001,True,constrained_regularized_mve
2014-02-04,gaussian,19,0.0069606007537795188,0.001,True,constrained_regularized_mve
2014-02-05,gaussian,19,0.015003182774540253,0.001,True,constrained_regularized_mve
2014-02-06,gaussian,19,0.0053919007859356827,0.001,True,constrained_regularized_mve
2014-02-07,gaussian,19,0,0.001,True,constrained_regularized_mve
2014-02-10,gaussian,19,0.013779440024032249,0.001,True,constrained_regularized_mve
2014-02-11,gaussian,19,0.0074535889892382926,0.001,True,constrained_regularized_mve
2014-02-12,gaussian,19,-0.0038659850494271696,0.001,True,constrained_regularized_mve
2014-02-13,gaussian,19,0.0013681449170988805,0.001,True,constrained_regularized_mve
2014-02-14,gaussian,19,0,0.001,True,constrained_regularized_mve
2014-02-17,gaussian,19,0.00096069104513037747,0.001,True,constrained_regularized_mve
2014-02-18,gaussian,19,-0.01205026218804486,0.001,True,constrained_regularized_mve
2014-02-19,gaussian,19,0.0021221800828742131,0.001,True,constrained_regularized_mve
2014-02-20,gaussian,19,0.0020783987030881246,0.001,True,constrained_regularized_mve
2014-02-21,gaussian,19,0,0.001,True,constrained_regularized_mve
2014-02-24,gaussian,19,-0.0037022196721192332,0.001,True,constrained_regularized_mve
2014-02-25,gaussian,19,4.9401596208669637e-05,0.001,True,constrained_regularized_mve
2014-02-26,gaussian,19,-0.0034450650378186841,0.001,True,constrained_regularized_mve
2014-02-27,gaussian,19,0.0011652020345873334,0.001,True,constrained_regularized_mve
2014-02-28,gaussian,19,0,0.001,True,constrained_regularized_mve
2014-03-03,gaussian,19,0.021079174149318963,0.001,True,constrained_regularized_mve
2014-03-04,gaussian,19,0.0024024849715411295,0.001,True,constrained_regularized_mve
2014-03-05,gaussian,19,0.0086225657501409533,0.001,True,constrained_regularized_mve
2014-03-06,gaussian,19,0.001231667161350905,0.001,True,constrained_regularized_mve
2014-03-07,gaussian,19,0,0.001,True,constrained_regularized_mve
2014-03-10,gaussian,19,-0.0078795445464167578,0.001,True,constrained_regularized_mve
2014-03-11,gaussian,19,-0.0054586084026735995,0.001,True,constrained_regularized_mve
2014-03-12,gaussian,19,-0.008051092125391986,0.001,True,constrained_regularized_mve
2014-03-13,gaussian,19,-0.014403476180652615,0.001,True,constrained_regularized_mve
2014-03-14,gaussian,19,0,0.001,True,constrained_regularized_mve
2014-03-17,gaussian,19,0.006735051106333865,0.001,True,constrained_regularized_mve
2014-03-18,gaussian,19,-0.00040689744462274891,0.001,True,constrained_regularized_mve
2014-03-19,gaussian,19,0.0030771480484866596,0.001,True,constrained_regularized_mve
2014-03-20,gaussian,19,-0.0025337905098446276,0.001,True,constrained_regularized_mve
2014-03-21,gaussian,19,0,0.001,True,constrained_regularized_mve
2014-03-24,gaussian,19,0.0039068695498649672,0.001,True,constrained_regularized_mve
2014-03-25,gaussian,19,-0.0010723704214112835,0.001,True,constrained_regularized_mve
2014-03-26,gaussian,19,-0.0076009698362544901,0.001,True,constrained_regularized_mve
2014-03-27,gaussian,19,0.0084228991867734953,0.001,True,constrained_regularized_mve
2014-03-28,gaussian,19,0,0.001,True,constrained_regularized_mve
2014-03-31,gaussian,19,0.014253978211580611,0.001,True,constrained_regularized_mve
2014-04-01,gaussian,19,0.0049934278464973027,0.001,True,constrained_regularized_mve
2014-04-02,gaussian,19,0.0056793286763692358,0.001,True,constrained_regularized_mve
2014-04-03,gaussian,19,-0.0048537821325990993,0.001,True,constrained_regularized_mve
2014-04-04,gaussian,19,0,0.001,True,constrained_regularized_mve
2014-04-07,gaussian,19,-0.0092272000834941869,0.001,True,constrained_regularized_mve
2014-04-08,gaussian,19,0.0015555714337998332,0.001,True,constrained_regularized_mve
2014-04-09,gaussian,19,-0.013740447728484517,0.001,True,constrained_regularized_mve
2014-04-10,gaussian,19,-0.012671358821375897,0.001,True,constrained_regularized_mve
2014-04-11,gaussian,19,0,0.001,True,constrained_regularized_mve
2014-04-14,gaussian,19,-0.012226760003151049,0.001,True,constrained_regularized_mve
2014-04-15,gaussian,19,0.01544558655871469,0.001,True,constrained_regularized_mve
2014-04-16,gaussian,19,0.0050813184160702074,0.001,True,constrained_regularized_mve
2014-04-17,gaussian,19,-0.000723385134004316,0.001,True,constrained_regularized_mve
2014-04-18,gaussian,19,0,0.001,True,constrained_regularized_mve
2014-04-21,gaussian,19,0.0043098104815122275,0.001,True,constrained_regularized_mve
2014-04-22,gaussian,19,0.0026715571514524927,0.001,True,constrained_regularized_mve
2014-04-23,gaussian,19,0.0053014061480845861,0.001,True,constrained_regularized_mve
2014-04-24,gaussian,19,-0.013545851620973763,0.001,True,constrained_regularized_mve
2014-04-25,gaussian,19,0,0.001,True,constrained_regularized_mve
2014-04-28,gaussian,19,0.012622316097694288,0.001,True,constrained_regularized_mve
2014-04-29,gaussian,19,0.00028106376698454859,0.001,True,constrained_regularized_mve
2014-04-30,gaussian,19,0.005411506458686972,0.001,True,constrained_regularized_mve
2014-05-01,gaussian,19,0.0003907011342591849,0.001,True,constrained_regularized_mve
2014-05-02,gaussian,19,0,0.001,True,constrained_regularized_mve
2014-05-05,gaussian,19,-0.012736797934806423,0.001,True,constrained_regularized_mve
2014-05-06,gaussian,19,0.0032313562606841469,0.001,True,constrained_regularized_mve
2014-05-07,gaussian,19,0.016317053830329529,0.001,True,constrained_regularized_mve
2014-05-08,gaussian,19,-0.006187082292351786,0.001,True,constrained_regularized_mve
2014-05-09,gaussian,19,0,0.001,True,constrained_regularized_mve
2014-05-12,gaussian,19,0.0031772129895661803,0.001,True,constrained_regularized_mve
2014-05-13,gaussian,19,-0.0097080373583573343,0.001,True,constrained_regularized_mve
2014-05-14,gaussian,19,-0.021197898177595102,0.001,True,constrained_regularized_mve
2014-05-15,gaussian,19,0.00090445825666266987,0.001,True,constrained_regularized_mve
2014-05-16,gaussian,19,0,0.001,True,constrained_regularized_mve
2014-05-19,gaussian,19,0.0047156161509096838,0.001,True,constrained_regularized_mve
2014-05-20,gaussian,19,0.0071228208647866427,0.001,True,constrained_regularized_mve
2014-05-21,gaussian,19,0.0058746170836317078,0.001,True,constrained_regularized_mve
2014-05-22,gaussian,19,0.0068400757262496604,0.001,True,constrained_regularized_mve
2014-05-23,gaussian,19,0,0.001,True,constrained_regularized_mve
2014-05-26,gaussian,19,0.0089939974501712511,0.001,True,constrained_regularized_mve
2014-05-27,gaussian,19,0.003441399220916535,0.001,True,constrained_regularized_mve
2014-05-28,gaussian,19,-0.0010793260425518215,0.001,True,constrained_regularized_mve
2014-05-29,gaussian,19,-0.00070836995054426464,0.001,True,constrained_regularized_mve
2014-05-30,gaussian,19,0,0.001,True,constrained_regularized_mve
2014-06-02,gaussian,19,-0.0023991218274210936,0.001,True,constrained_regularized_mve
2014-06-03,gaussian,19,0.0024071078853257206,0.001,True,constrained_regularized_mve
2014-06-04,gaussian,19,0.0049693669282176774,0.001,True,constrained_regularized_mve
2014-06-05,gaussian,19,0.015329621010954366,0.001,True,constrained_regularized_mve
2014-06-06,gaussian,19,0,0.001,True,constrained_regularized_mve
2014-06-09,gaussian,19,-0.0024832155550771357,0.001,True,constrained_regularized_mve
2014-06-10,gaussian,19,-0.007425298563363535,0.001,True,constrained_regularized_mve
2014-06-11,gaussian,19,-0.0050668130096104382,0.001,True,constrained_regularized_mve
2014-06-12,gaussian,19,-0.00068344591642843637,0.001,True,constrained_regularized_mve
2014-06-13,gaussian,19,0,0.001,True,constrained_regularized_mve
2014-06-16,gaussian,19,0.0054579242888958572,0.001,True,constrained_regularized_mve
2014-06-17,gaussian,19,0.00087321462726776061,0.001,True,constrained_regularized_mve
2014-06-18,gaussian,19,0.0053083891735593572,0.001,True,constrained_regularized_mve
2014-06-19,gaussian,19,-0.0013555358913485409,0.001,True,constrained_regularized_mve
2014-06-20,gaussian,19,0,0.001,True,constrained_regularized_mve
2014-06-23,gaussian,19,-0.007659920453351861,0.001,True,constrained_regularized_mve
2014-06-24,gaussian,19,-0.00089497661192791884,0.001,True,constrained_regularized_mve
2014-06-25,gaussian,19,-0.011414252245749178,0.001,True,constrained_regularized_mve
2014-06-26,gaussian,19,9.1739250555537008e-05,0.001,True,constrained_regularized_mve
2014-06-27,gaussian,19,0,0.001,True,constrained_regularized_mve
2014-06-30,gaussian,19,0.0139473521058398,0.001,True,constrained_regularized_mve
2014-07-01,gaussian,20,0.0025204480766094946,0.0001,True,constrained_regularized_mve
2014-07-02,gaussian,20,0.0081363535730436878,0.0001,True,constrained_regularized_mve
2014-07-03,gaussian,20,-0.0054462147297851694,0.0001,True,constrained_regularized_mve
2014-07-04,gaussian,20,0,0.0001,True,constrained_regularized_mve
2014-07-07,gaussian,20,-0.017970551552583081,0.0001,True,constrained_regularized_mve
2014-07-08,gaussian,20,0.0040334814066476515,0.0001,True,constrained_regularized_mve
2014-07-09,gaussian,20,-0.01071148246986252,0.0001,True,constrained_regularized_mve
2014-07-10,gaussian,20,-0.0018205614896131515,0.0001,True,constrained_regularized_mve
2014-07-11,gaussian,20,0,0.0001,True,constrained_regularized_mve
2014-07-14,gaussian,20,0.002932998315252382,0.0001,True,constrained_regularized_mve
2014-07-15,gaussian,20,0.013397178649517137,0.0001,True,constrained_regularized_mve
2014-07-16,gaussian,20,-0.015128213012706485,0.0001,True,constrained_regularized_mve
2014-07-17,gaussian,20,0.0051839954281346235,0.0001,True,constrained_regularized_mve
2014-07-18,gaussian,20,0,0.0001,True,constrained_regularized_mve
2014-07-21,gaussian,20,0.0092812221783275285,0.0001,True,constrained_regularized_mve
2014-07-22,gaussian,20,0.0027727824026211184,0.0001,True,constrained_regularized_mve
2014-07-23,gaussian,20,0.0090569715071090202,0.0001,True,constrained_regularized_mve
2014-07-24,gaussian,20,0.00087362033108105187,0.0001,True,constrained_regularized_mve
2014-07-25,gaussian,20,0,0.0001,True,constrained_regularized_mve
2014-07-28,gaussian,20,-0.002500151335339288,0.0001,True,constrained_regularized_mve
2014-07-29,gaussian,20,0.0028179732347801013,0.0001,True,constrained_regularized_mve
2014-07-30,gaussian,20,-0.020258908672630655,0.0001,True,constrained_regularized_mve
2014-07-31,gaussian,20,-0.013723526150554676,0.0001,True,constrained_regularized_mve
2014-08-01,gaussian,20,0,0.0001,True,constrained_regularized_mve
2014-08-04,gaussian,20,-0.0094906883399076616,0.0001,True,constrained_regularized_mve
2014-08-05,gaussian,20,-0.0074033496736564033,0.0001,True,constrained_regularized_mve
2014-08-06,gaussian,20,-0.0078762387134916154,0.0001,True,constrained_regularized_mve
2014-08-07,gaussian,20,0.0048382797493126571,0.0001,True,constrained_regularized_mve
2014-08-08,gaussian,20,0,0.0001,True,constrained_regularized_mve
2014-08-11,gaussian,20,0.00071635000155286421,0.0001,True,constrained_regularized_mve
2014-08-12,gaussian,20,0.0084782023163971383,0.0001,True,constrained_regularized_mve
2014-08-13,gaussian,20,0.0024345903621956467,0.0001,True,constrained_regularized_mve
2014-08-14,gaussian,20,-0.0045733686365959031,0.0001,True,constrained_regularized_mve
2014-08-15,gaussian,20,0,0.0001,True,constrained_regularized_mve
2014-08-18,gaussian,20,0.0045345878468807995,0.0001,True,constrained_regularized_mve
2014-08-19,gaussian,20,-0.0022421393068853481,0.0001,True,constrained_regularized_mve
2014-08-20,gaussian,20,0.0095031797573931452,0.0001,True,constrained_regularized_mve
2014-08-21,gaussian,20,0.00032359792980066009,0.0001,True,constrained_regularized_mve
2014-08-22,gaussian,20,0,0.0001,True,constrained_regularized_mve
2014-08-25,gaussian,20,0.0062350132014060708,0.0001,True,constrained_regularized_mve
2014-08-26,gaussian,20,-0.0016113092097108628,0.0001,True,constrained_regularized_mve
2014-08-27,gaussian,20,-0.0065414052860227907,0.0001,True,constrained_regularized_mve
2014-08-28,gaussian,20,0.0025255672032206511,0.0001,True,constrained_regularized_mve
2014-08-29,gaussian,20,0,0.0001,True,constrained_regularized_mve
2014-09-01,gaussian,20,0.0031082464864574072,0.0001,True,constrained_regularized_mve
2014-09-02,gaussian,20,0.0061908376562479399,0.0001,True,constrained_regularized_mve
2014-09-03,gaussian,20,0.0063399518199403256,0.0001,True,constrained_regularized_mve
2014-09-04,gaussian,20,-0.0070743314844287156,0.0001,True,constrained_regularized_mve
2014-09-05,gaussian,20,0,0.0001,True,constrained_regularized_mve
2014-09-08,gaussian,20,-0.0099055249565576774,0.0001,True,constrained_regularized_mve
2014-09-09,gaussian,20,0.01004120270221366,0.0001,True,constrained_regularized_mve
2014-09-10,gaussian,20,0.002958982572171703,0.0001,True,constrained_regularized_mve
2014-09-11,gaussian,20,0.0043321301364521603,0.0001,True,constrained_regularized_mve
2014-09-12,gaussian,20,0,0.0001,True,constrained_regularized_mve
2014-09-15,gaussian,20,-0.0028969591158853215,0.0001,True,constrained_regularized_mve
2014-09-16,gaussian,20,0.0081833370904323029,0.0001,True,constrained_regularized_mve
2014-09-17,gaussian,20,0.009701857252063217,0.0001,True,constrained_regularized_mve
2014-09-18,gaussian,20,0.0052288727192729969,0.0001,True,constrained_regularized_mve
2014-09-19,gaussian,20,0,0.0001,True,constrained_regularized_mve
2014-09-22,gaussian,20,-0.0095637547399485823,0.0001,True,constrained_regularized_mve
2014-09-23,gaussian,20,0.0069504788660293519,0.0001,True,constrained_regularized_mve
2014-09-24,gaussian,20,-0.012348176239078404,0.0001,True,constrained_regularized_mve
2014-09-25,gaussian,20,0.0082170691881815801,0.0001,True,constrained_regularized_mve
2014-09-26,gaussian,20,0,0.0001,True,constrained_regularized_mve
2014-09-29,gaussian,20,0.0080235663617087994,0.0001,True,constrained_regularized_mve
2014-09-30,gaussian,20,-0.010212280900886179,0.0001,True,constrained_regularized_mve
2014-10-01,gaussian,20,-0.013053636050501702,0.0001,True,constrained_regularized_mve
2014-10-02,gaussian,20,0.015373427125510481,0.0001,True,constrained_regularized_mve
2014-10-03,gaussian,20,0,0.0001,True,constrained_regularized_mve
2014-10-06,gaussian,20,-0.0096950982544646205,0.0001,True,constrained_regularized_mve
2014-10-07,gaussian,20,0.0035827666866481487,0.0001,True,constrained_regularized_mve
2014-10-08,gaussian,20,-0.011752221610851423,0.0001,True,constrained_regularized_mve
2014-10-09,gaussian,20,-0.012752836247496017,0.0001,True,constrained_regularized_mve
2014-10-10,gaussian,20,0,0.0001,True,constrained_regularized_mve
2014-10-13,gaussian,20,0.0016189176246117281,0.0001,True,constrained_regularized_mve
2014-10-14,gaussian,20,-0.035421534355681246,0.0001,True,constrained_regularized_mve
2014-10-15,gaussian,20,-0.0029564601926968708,0.0001,True,constrained_regularized_mve
2014-10-16,gaussian,20,0.023445520689238081,0.0001,True,constrained_regularized_mve
2014-10-17,gaussian,20,0,0.0001,True,constrained_regularized_mve
2014-10-20,gaussian,20,0.017272673914418248,0.0001,True,constrained_regularized_mve
2014-10-21,gaussian,20,-0.0013813374091090702,0.0001,True,constrained_regularized_mve
2014-10-22,gaussian,20,0.0094571969432902803,0.0001,True,constrained_regularized_mve
2014-10-23,gaussian,20,0.0046397773050192671,0.0001,True,constrained_regularized_mve
2014-10-24,gaussian,20,0,0.0001,True,constrained_regularized_mve
2014-10-27,gaussian,20,0.0071268655157093481,0.0001,True,constrained_regularized_mve
2014-10-28,gaussian,20,0.0022587088162801462,0.0001,True,constrained_regularized_mve
2014-10-29,gaussian,20,-0.0099214610733382429,0.0001,True,constrained_regularized_mve
2014-10-30,gaussian,20,0.027322324016499203,0.0001,True,constrained_regularized_mve
2014-10-31,gaussian,20,0,0.0001,True,constrained_regularized_mve
2014-11-03,gaussian,20,-0.0058796397677502946,0.0001,True,constrained_regularized_mve
2014-11-04,gaussian,20,0.017882638102851876,0.0001,True,constrained_regularized_mve
2014-11-05,gaussian,20,-0.0028427550278799889,0.0001,True,constrained_regularized_mve
2014-11-06,gaussian,20,-0.018007759961578482,0.0001,True,constrained_regularized_mve
2014-11-07,gaussian,20,0,0.0001,True,constrained_regularized_mve
2014-11-10,gaussian,20,-0.0023858783959343505,0.0001,True,constrained_regularized_mve
2014-11-11,gaussian,20,-0.0099957740415146136,0.0001,True,constrained_regularized_mve
2014-11-12,gaussian,20,-0.00024633929228381899,0.0001,True,constrained_regularized_mve
2014-11-13,gaussian,20,0.0024893228837754092,0.0001,True,constrained_regularized_mve
2014-11-14,gaussian,20,0,0.0001,True,constrained_regularized_mve
2014-11-17,gaussian,20,0.0022410302909125455,0.0001,True,constrained_regularized_mve
2014-11-18,gaussian,20,0.0018356332600497028,0.0001,True,constrained_regularized_mve
2014-11-19,gaussian,20,-0.0094411558884005386,0.0001,True,constrained_regularized_mve
2014-11-20,gaussian,20,0.024308846643025597,0.0001,True,constrained_regularized_mve
2014-11-21,gaussian,20,0,0.0001,True,constrained_regularized_mve
2014-11-24,gaussian,20,0.010583489146879814,0.0001,True,constrained_regularized_mve
2014-11-25,gaussian,20,0.00083810218966952268,0.0001,True,constrained_regularized_mve
2014-11-26,gaussian,20,0.0040029988120500667,0.0001,True,constrained_regularized_mve
2014-11-27,gaussian,20,9.4605788136528079e-05,0.0001,True,constrained_regularized_mve
2014-11-28,gaussian,20,0,0.0001,True,constrained_regularized_mve
2014-12-01,gaussian,20,0.01530488498559638,0.0001,True,constrained_regularized_mve
2014-12-02,gaussian,20,0.00079561692204517238,0.0001,True,constrained_regularized_mve
2014-12-03,gaussian,20,-0.00959208052602562,0.0001,True,constrained_regularized_mve
2014-12-04,gaussian,20,0.036101696417875979,0.0001,True,constrained_regularized_mve
2014-12-05,gaussian,20,0,0.0001,True,constrained_regularized_mve
2014-12-08,gaussian,20,-0.023408017105777119,0.0001,True,constrained_regularized_mve
2014-12-09,gaussian,20,-0.0047000454189271785,0.0001,True,constrained_regularized_mve
2014-12-10,gaussian,20,0.0011405907016928496,0.0001,True,constrained_regularized_mve
2014-12-11,gaussian,20,-0.022607764059643997,0.0001,True,constrained_regularized_mve
2014-12-12,gaussian,20,0,0.0001,True,constrained_regularized_mve
2014-12-15,gaussian,20,0.0071648183938857668,0.0001,True,constrained_regularized_mve
2014-12-16,gaussian,20,0.0144224201970518,0.0001,True,constrained_regularized_mve
2014-12-17,gaussian,20,0.015634021870895635,0.0001,True,constrained_regularized_mve
2014-12-18,gaussian,20,0.0063699297534775641,0.0001,True,constrained_regularized_mve
2014-12-19,gaussian,20,0,0.0001,True,constrained_regularized_mve
2014-12-22,gaussian,20,0.0089976991337125164,0.0001,True,constrained_regularized_mve
2014-12-23,gaussian,20,1.1096886810777325e-05,0.0001,True,constrained_regularized_mve
2014-12-24,gaussian,20,0.0014638246271628935,0.0001,True,constrained_regularized_mve
2014-12-25,gaussian,20,0.00057410448406946515,0.0001,True,constrained_regularized_mve
2014-12-26,gaussian,20,0,0.0001,True,constrained_regularized_mve
2014-12-29,gaussian,20,-0.0098549585245898807,0.0001,True,constrained_regularized_mve
2014-12-30,gaussian,20,0.0034555808906592319,0.0001,True,constrained_regularized_mve
2014-12-31,gaussian,20,-0.0019832805146782219,0.0001,True,constrained_regularized_mve
2015-01-01,gaussian,21,0.0056365935485595837,0.0001,True,constrained_regularized_mve
2015-01-02,gaussian,21,0,0.0001,True,constrained_regularized_mve
2015-01-05,gaussian,21,-0.017085531689106672,0.0001,True,constrained_regularized_mve
2015-01-06,gaussian,21,0.00068359528723848457,0.0001,True,constrained_regularized_mve
2015-01-07,gaussian,21,0.020226921578731911,0.0001,True,constrained_regularized_mve
2015-01-08,gaussian,21,-0.024043540841634761,0.0001,True,constrained_regularized_mve
2015-01-09,gaussian,21,0,0.0001,True,constrained_regularized_mve
2015-01-12,gaussian,21,0.0042136730109263035,0.0001,True,constrained_regularized_mve
2015-01-13,gaussian,21,-0.020467602005960414,0.0001,True,constrained_regularized_mve
2015-01-14,gaussian,21,-0.0060491567648397054,0.0001,True,constrained_regularized_mve
2015-01-15,gaussian,21,0.014387495098966752,0.0001,True,constrained_regularized_mve
2015-01-16,gaussian,21,0,0.0001,True,constrained_regularized_mve
2015-01-19,gaussian,21,0.002440157307929661,0.0001,True,constrained_regularized_mve
2015-01-20,gaussian,21,0.0073073240333611719,0.0001,True,constrained_regularized_mve
2015-01-21,gaussian,21,0.021751346373657467,0.0001,True,constrained_regularized_mve
2015-01-22,gaussian,21,-0.0092338892196021302,0.0001,True,constrained_regularized_mve
2015-01-23,gaussian,21,0,0.0001,True,constrained_regularized_mve
2015-01-26,gaussian,21,-0.0052094522050824456,0.0001,True,constrained_regularized_mve
2015-01-27,gaussian,21,-0.015812671758110346,0.0001,True,constrained_regularized_mve
2015-01-28,gaussian,21,0.0062382010664278143,0.0001,True,constrained_regularized_mve
2015-01-29,gaussian,21,-0.011307979551159388,0.0001,True,constrained_regularized_mve
2015-01-30,gaussian,21,0,0.0001,True,constrained_regularized_mve
2015-02-02,gaussian,21,0.024872337546276539,0.0001,True,constrained_regularized_mve
2015-02-03,gaussian,21,0.006747153489400793,0.0001,True,constrained_regularized_mve
2015-02-04,gaussian,21,-0.0011058757065704247,0.0001,True,constrained_regularized_mve
2015-02-05,gaussian,21,0.018064829568346482,0.0001,True,constrained_regularized_mve
2015-02-06,gaussian,21,0,0.0001,True,constrained_regularized_mve
2015-02-09,gaussian,21,0.0081048771529044928,0.0001,True,constrained_regularized_mve
2015-02-10,gaussian,21,-0.0055704095141313453,0.0001,True,constrained_regularized_mve
2015-02-11,gaussian,21,0.015043570988110431,0.0001,True,constrained_regularized_mve
2015-02-12,gaussian,21,0.019589181804497289,0.0001,True,constrained_regularized_mve
2015-02-13,gaussian,21,0,0.0001,True,constrained_regularized_mve
2015-02-16,gaussian,21,0.0018468406561603771,0.0001,True,constrained_regularized_mve
2015-02-17,gaussian,21,0.01495101574464683,0.0001,True,constrained_regularized_mve
2015-02-18,gaussian,21,0.0005573700765513582,0.0001,True,constrained_regularized_mve
2015-02-19,gaussian,21,0.0048854391866373342,0.0001,True,constrained_regularized_mve
2015-02-20,gaussian,21,0,0.0001,True,constrained_regularized_mve
2015-02-23,gaussian,21,0.010342613760159589,0.0001,True,constrained_regularized_mve
2015-02-24,gaussian,21,-0.0065517735543158054,0.0001,True,constrained_regularized_mve
2015-02-25,gaussian,21,0.014204054166877114,0.0001,True,constrained_regularized_mve
2015-02-26,gaussian,21,-0.011280824593143886,0.0001,True,constrained_regularized_mve
2015-02-27,gaussian,21,0,0.0001,True,constrained_regularized_mve
2015-03-02,gaussian,21,-0.012819520365624407,0.0001,True,constrained_regularized_mve
2015-03-03,gaussian,21,0.0060601661459749653,0.0001,True,constrained_regularized_mve
2015-03-04,gaussian,21,0.0035269484033121491,0.0001,True,constrained_regularized_mve
2015-03-05,gaussian,21,-0.0031800419504492182,0.0001,True,constrained_regularized_mve
2015-03-06,gaussian,21,0,0.0001,True,constrained_regularized_mve
2015-03-09,gaussian,21,-0.016283975983784581,0.0001,True,constrained_regularized_mve
2015-03-10,gaussian,21,0.0061672794309073162,0.0001,True,constrained_regularized_mve
2015-03-11,gaussian,21,0.0049101853785734105,0.0001,True,constrained_regularized_mve
2015-03-12,gaussian,21,0.0037406113177996664,0.0001,True,constrained_regularized_mve
2015-03-13,gaussian,21,0,0.0001,True,constrained_regularized_mve
2015-03-16,gaussian,21,0.0026690475465737827,0.0001,True,constrained_regularized_mve
2015-03-17,gaussian,21,0.001780704925389987,0.0001,True,constrained_regularized_mve
2015-03-18,gaussian,21,0.0099958858277504701,0.0001,True,constrained_regularized_mve
2015-03-19,gaussian,21,0.0077420944334952481,0.0001,True,constrained_regularized_mve
2015-03-20,gaussian,21,0,0.0001,True,constrained_regularized_mve
2015-03-23,gaussian,21,0.00093795162797843425,0.0001,True,constrained_regularized_mve
2015-03-24,gaussian,21,-0.012047810056558543,0.0001,True,constrained_regularized_mve
2015-03-25,gaussian,21,0.00020738014051782902,0.0001,True,constrained_regularized_mve
2015-03-26,gaussian,21,-0.0071206757520791645,0.0001,True,constrained_regularized_mve
2015-03-27,gaussian,21,0,0.0001,True,constrained_regularized_mve
2015-03-30,gaussian,21,-0.0140097279057107,0.0001,True,constrained_regularized_mve
2015-03-31,gaussian,21,0.0061844760513074786,0.0001,True,constrained_regularized_mve
2015-04-01,gaussian,21,0.010350806056534462,0.0001,True,constrained_regularized_mve
2015-04-02,gaussian,21,0.0019346382373754403,0.0001,True,constrained_regularized_mve
2015-04-03,gaussian,21,0,0.0001,True,constrained_regularized_mve
2015-04-06,gaussian,21,0.0040274575221309035,0.0001,True,constrained_regularized_mve
2015-04-07,gaussian,21,-0.0052048224698804865,0.0001,True,constrained_regularized_mve
2015-04-08,gaussian,21,0.0036341535776770548,0.0001,True,constrained_regularized_mve
2015-04-09,gaussian,21,-0.0088758764803518256,0.0001,True,constrained_regularized_mve
2015-04-10,gaussian,21,0,0.0001,True,constrained_regularized_mve
2015-04-13,gaussian,21,-0.0076280968771763888,0.0001,True,constrained_regularized_mve
2015-04-14,gaussian,21,0.012383141360191937,0.0001,True,constrained_regularized_mve
2015-04-15,gaussian,21,0.0015325195428598436,0.0001,True,constrained_regularized_mve
2015-04-16,gaussian,21,-0.014553072628878333,0.0001,True,constrained_regularized_mve
2015-04-17,gaussian,21,0,0.0001,True,constrained_regularized_mve
2015-04-20,gaussian,21,-0.0034707370621467506,0.0001,True,constrained_regularized_mve
2015-04-21,gaussian,21,0.012504052657454766,0.0001,True,constrained_regularized_mve
2015-04-22,gaussian,21,0.0060140309545930887,0.0001,True,constrained_regularized_mve
2015-04-23,gaussian,21,0.010457793471204445,0.0001,True,constrained_regularized_mve
2015-04-24,gaussian,21,0,0.0001,True,constrained_regularized_mve
2015-04-27,gaussian,21,-0.0018027595237032827,0.0001,True,constrained_regularized_mve
2015-04-28,gaussian,21,-0.0076918109632887147,0.0001,True,constrained_regularized_mve
2015-04-29,gaussian,21,0.0050932681207151052,0.0001,True,constrained_regularized_mve
2015-04-30,gaussian,21,0.002865383673012506,0.0001,True,constrained_regularized_mve
2015-05-01,gaussian,21,0,0.0001,True,constrained_regularized_mve
2015-05-04,gaussian,21,-0.018373889304881749,0.0001,True,constrained_regularized_mve
2015-05-05,gaussian,21,0.0073523820154420255,0.0001,True,constrained_regularized_mve
2015-05-06,gaussian,21,0.0042788985908310383,0.0001,True,constrained_regularized_mve
2015-05-07,gaussian,21,0.029255082335244896,0.0001,True,constrained_regularized_mve
2015-05-08,gaussian,21,0,0.0001,True,constrained_regularized_mve
2015-05-11,gaussian,21,-0.0069296726618592146,0.0001,True,constrained_regularized_mve
2015-05-12,gaussian,21,0.0057269468736520137,0.0001,True,constrained_regularized_mve
2015-05-13,gaussian,21,0.0074297356568018488,0.0001,True,constrained_regularized_mve
2015-05-14,gaussian,21,-0.0010478949407105921,0.0001,True,constrained_regularized_mve
2015-05-15,gaussian,21,0,0.0001,True,constrained_regularized_mve
2015-05-18,gaussian,21,0.00349028350722249,0.0001,True,constrained_regularized_mve
2015-05-19,gaussian,21,-0.0013696716414657608,0.0001,True,constrained_regularized_mve
2015-05-20,gaussian,21,-0.003428746297002272,0.0001,True,constrained_regularized_mve
2015-05-21,gaussian,21,0.002188636305933776,0.0001,True,constrained_regularized_mve
2015-05-22,gaussian,21,0,0.0001,True,constrained_regularized_mve
2015-05-25,gaussian,21,-0.012104685850848951,0.0001,True,constrained_regularized_mve
2015-05-26,gaussian,21,0.0096573012989511504,0.0001,True,constrained_regularized_mve
2015-05-27,gaussian,21,-0.00015195010148311226,0.0001,True,constrained_regularized_mve
2015-05-28,gaussian,21,-0.0091667011802937081,0.0001,True,constrained_regularized_mve
2015-05-29,gaussian,21,0,0.0001,True,constrained_regularized_mve
2015-06-01,gaussian,21,0.0040257428759414068,0.0001,True,constrained_regularized_mve
2015-06-02,gaussian,21,0.016488972457943656,0.0001,True,constrained_regularized_mve
2015-06-03,gaussian,21,-0.0034754150293273204,0.0001,True,constrained_regularized_mve
2015-06-04,gaussian,21,0.0017016783225587385,0.0001,True,constrained_regularized_mve
2015-06-05,gaussian,21,0,0.0001,True,constrained_regularized_mve
2015-06-08,gaussian,21,0.011263772701611248,0.0001,True,constrained_regularized_mve
2015-06-09,gaussian,21,0.01429783040719242,0.0001,True,constrained_regularized_mve
2015-06-10,gaussian,21,0.0043816299913207622,0.0001,True,constrained_regularized_mve
2015-06-11,gaussian,21,-0.0072349157434060344,0.0001,True,constrained_regularized_mve
2015-06-12,gaussian,21,0,0.0001,True,constrained_regularized_mve
2015-06-15,gaussian,21,0.0031943700423244675,0.0001,True,constrained_regularized_mve
2015-06-16,gaussian,21,-0.0043025912309865456,0.0001,True,constrained_regularized_mve
2015-06-17,gaussian,21,0.012062813201549826,0.0001,True,constrained_regularized_mve
2015-06-18,gaussian,21,-0.0021522394089726117,0.0001,True,constrained_regularized_mve
2015-06-19,gaussian,21,0,0.0001,True,constrained_regularized_mve
2015-06-22,gaussian,21,0.0040295342752651592,0.0001,True,constrained_regularized_mve
2015-06-23,gaussian,21,-0.012733144864287872,0.0001,True,constrained_regularized_mve
2015-06-24,gaussian,21,0.0044500018718497351,0.0001,True,constrained_regularized_mve
2015-06-25,gaussian,21,0.0011863217658797736,0.0001,True,constrained_regularized_mve
2015-06-26,gaussian,21,0,0.0001,True,constrained_regularized_mve
2015-06-29,gaussian,21,0.013083177172637961,0.0001,True,constrained_regularized_mve
2015-06-30,gaussian,21,0.013126281327357355,0.0001,True,constrained_regularized_mve
2015-07-01,gaussian,22,-0.0072477205254726307,1.0000000000000001e-05,True,constrained_regularized_mve
2015-07-02,gaussian,22,-0.0015873510638133705,1.0000000000000001e-05,True,constrained_regularized_mve
2015-07-03,gaussian,22,0,1.0000000000000001e-05,True,constrained_regularized_mve
2015-07-06,gaussian,22,-0.018480605915069215,1.0000000000000001e-05,True,constrained_regularized_mve
2015-07-07,gaussian,22,0.00053194031271331505,1.0000000000000001e-05,True,constrained_regularized_mve
2015-07-08,gaussian,22,0.012583584431945285,1.0000000000000001e-05,True,constrained_regularized_mve
2015-07-09,gaussian,22,0.013988314282303817,1.0000000000000001e-05,True,constrained_regularized_mve
2015-07-10,gaussian,22,0,1.0000000000000001e-05,True,constrained_regularized_mve
2015-07-13,gaussian,22,0.0028611088315594691,1.0000000000000001e-05,True,constrained_regularized_mve
2015-07-14,gaussian,22,0.010692730987121304,1.0000000000000001e-05,True,constrained_regularized_mve
2015-07-15,gaussian,22,0.0083717417313636903,1.0000000000000001e-05,True,constrained_regularized_mve
2015-07-16,gaussian,22,-0.00045020775015442989,1.0000000000000001e-05,True,constrained_regularized_mve
2015-07-17,gaussian,22,0,1.0000000000000001e-05,True,constrained_regularized_mve
2015-07-20,gaussian,22,-0.0036145090124294781,1.0000000000000001e-05,True,constrained_regularized_mve
2015-07-21,gaussian,22,0.004709144965518209,1.0000000000000001e-05,True,constrained_regularized_mve
2015-07-22,gaussian,22,-0.0025758167983005965,1.0000000000000001e-05,True,constrained_regularized_mve
2015-07-23,gaussian,22,-0.010949065864265814,1.0000000000000001e-05,True,constrained_regularized_mve
2015-07-24,gaussian,22,0,1.0000000000000001e-05,True,constrained_regularized_mve
2015-07-27,gaussian,22,0.021130977401640088,1.0000000000000001e-05,True,constrained_regularized_mve
2015-07-28,gaussian,22,0.0071351054780193655,1.0000000000000001e-05,True,constrained_regularized_mve
2015-07-29,gaussian,22,0.0014954082926186964,1.0000000000000001e-05,True,constrained_regularized_mve
2015-07-30,gaussian,22,-0.0026404117394912712,1.0000000000000001e-05,True,constrained_regularized_mve
2015-07-31,gaussian,22,0,1.0000000000000001e-05,True,constrained_regularized_mve
2015-08-03,gaussian,22,-0.0036324175743874701,1.0000000000000001e-05,True,constrained_regularized_mve
2015-08-04,gaussian,22,0.0077996443045257775,1.0000000000000001e-05,True,constrained_regularized_mve
2015-08-05,gaussian,22,-0.0016465475632647557,1.0000000000000001e-05,True,constrained_regularized_mve
2015-08-06,gaussian,22,-0.0071264193964923755,1.0000000000000001e-05,True,constrained_regularized_mve
2015-08-07,gaussian,22,0,1.0000000000000001e-05,True,constrained_regularized_mve
2015-08-10,gaussian,22,-0.0080897676582961861,1.0000000000000001e-05,True,constrained_regularized_mve
2015-08-11,gaussian,22,-0.020085306047758388,1.0000000000000001e-05,True,constrained_regularized_mve
2015-08-12,gaussian,22,0.010034886741959497,1.0000000000000001e-05,True,constrained_regularized_mve
2015-08-13,gaussian,22,0.0030406154537539879,1.0000000000000001e-05,True,constrained_regularized_mve
2015-08-14,gaussian,22,0,1.0000000000000001e-05,True,constrained_regularized_mve
2015-08-17,gaussian,22,0.00043241527994866788,1.0000000000000001e-05,True,constrained_regularized_mve
2015-08-18,gaussian,22,-0.016006056415807206,1.0000000000000001e-05,True,constrained_regularized_mve
2015-08-19,gaussian,22,-0.017425393966985243,1.0000000000000001e-05,True,constrained_regularized_mve
2015-08-20,gaussian,22,-0.033891290144134459,1.0000000000000001e-05,True,constrained_regularized_mve
2015-08-21,gaussian,22,0,1.0000000000000001e-05,True,constrained_regularized_mve
2015-08-24,gaussian,22,0.025181904848052553,1.0000000000000001e-05,True,constrained_regularized_mve
2015-08-25,gaussian,22,0.0227502780400601,1.0000000000000001e-05,True,constrained_regularized_mve
2015-08-26,gaussian,22,0.016416472608900032,1.0000000000000001e-05,True,constrained_regularized_mve
2015-08-27,gaussian,22,-0.0037813389205269203,1.0000000000000001e-05,True,constrained_regularized_mve
2015-08-28,gaussian,22,0,1.0000000000000001e-05,True,constrained_regularized_mve
2015-08-31,gaussian,22,-0.03347918632892697,1.0000000000000001e-05,True,constrained_regularized_mve
2015-09-01,gaussian,22,0.011237774252814119,1.0000000000000001e-05,True,constrained_regularized_mve
2015-09-02,gaussian,22,0.010687485895217456,1.0000000000000001e-05,True,constrained_regularized_mve
2015-09-03,gaussian,22,-0.026065651599020821,1.0000000000000001e-05,True,constrained_regularized_mve
2015-09-04,gaussian,22,0,1.0000000000000001e-05,True,constrained_regularized_mve
2015-09-07,gaussian,22,0.022944189042703282,1.0000000000000001e-05,True,constrained_regularized_mve
2015-09-08,gaussian,22,0.018661441491636926,1.0000000000000001e-05,True,constrained_regularized_mve
2015-09-09,gaussian,22,-0.0063010231221135608,1.0000000000000001e-05,True,constrained_regularized_mve
2015-09-10,gaussian,22,5.7741043077567902e-05,1.0000000000000001e-05,True,constrained_regularized_mve
2015-09-11,gaussian,22,0,1.0000000000000001e-05,True,constrained_regularized_mve
2015-09-14,gaussian,22,0.011024231974693927,1.0000000000000001e-05,True,constrained_regularized_mve
2015-09-15,gaussian,22,0.0023216801065954217,1.0000000000000001e-05,True,constrained_regularized_mve
2015-09-16,gaussian,22,-0.001752549649843431,1.0000000000000001e-05,True,constrained_regularized_mve
2015-09-17,gaussian,22,-0.022012141184650617,1.0000000000000001e-05,True,constrained_regularized_mve
2015-09-18,gaussian,22,0,1.0000000000000001e-05,True,constrained_regularized_mve
2015-09-21,gaussian,22,-0.027203602049545302,1.0000000000000001e-05,True,constrained_regularized_mve
2015-09-22,gaussian,22,-0.013622263392644406,1.0000000000000001e-05,True,constrained_regularized_mve
2015-09-23,gaussian,22,-0.011903117971110979,1.0000000000000001e-05,True,constrained_regularized_mve
2015-09-24,gaussian,22,0.024941221427573046,1.0000000000000001e-05,True,constrained_regularized_mve
2015-09-25,gaussian,22,0,1.0000000000000001e-05,True,constrained_regularized_mve
2015-09-28,gaussian,22,-0.0022397695165257761,1.0000000000000001e-05,True,constrained_regularized_mve
2015-09-29,gaussian,22,0.019774696337332347,1.0000000000000001e-05,True,constrained_regularized_mve
2015-09-30,gaussian,22,0.0033140161934086631,1.0000000000000001e-05,True,constrained_regularized_mve
2015-10-01,gaussian,22,0.0038922597327021697,1.0000000000000001e-05,True,constrained_regularized_mve
2015-10-02,gaussian,22,0,1.0000000000000001e-05,True,constrained_regularized_mve
2015-10-05,gaussian,22,0.00020621719787846309,1.0000000000000001e-05,True,constrained_regularized_mve
2015-10-06,gaussian,22,0.0087476198213104206,1.0000000000000001e-05,True,constrained_regularized_mve
2015-10-07,gaussian,22,-0.00087196747923442436,1.0000000000000001e-05,True,constrained_regularized_mve
2015-10-08,gaussian,22,0.010201967918517236,1.0000000000000001e-05,True,constrained_regularized_mve
2015-10-09,gaussian,22,0,1.0000000000000001e-05,True,constrained_regularized_mve
2015-10-12,gaussian,22,-0.01226828066807893,1.0000000000000001e-05,True,constrained_regularized_mve
2015-10-13,gaussian,22,-0.012872317509039099,1.0000000000000001e-05,True,constrained_regularized_mve
2015-10-14,gaussian,22,0.021876234555537721,1.0000000000000001e-05,True,constrained_regularized_mve
2015-10-15,gaussian,22,0.0079718050226356783,1.0000000000000001e-05,True,constrained_regularized_mve
2015-10-16,gaussian,22,0,1.0000000000000001e-05,True,constrained_regularized_mve
2015-10-19,gaussian,22,0.001257631935810127,1.0000000000000001e-05,True,constrained_regularized_mve
2015-10-20,gaussian,22,-0.0046899338486221884,1.0000000000000001e-05,True,constrained_regularized_mve
2015-10-21,gaussian,22,0.014191853689678031,1.0000000000000001e-05,True,constrained_regularized_mve
2015-10-22,gaussian,22,0.004822472384637972,1.0000000000000001e-05,True,constrained_regularized_mve
2015-10-23,gaussian,22,0,1.0000000000000001e-05,True,constrained_regularized_mve
2015-10-26,gaussian,22,-0.0047040629976266056,1.0000000000000001e-05,True,constrained_regularized_mve
2015-10-27,gaussian,22,0.01895790128050635,1.0000000000000001e-05,True,constrained_regularized_mve
2015-10-28,gaussian,22,-0.025398863767069967,1.0000000000000001e-05,True,constrained_regularized_mve
2015-10-29,gaussian,22,-0.00077531251665297117,1.0000000000000001e-05,True,constrained_regularized_mve
2015-10-30,gaussian,22,0,1.0000000000000001e-05,True,constrained_regularized_mve
2015-11-02,gaussian,22,-0.0064004095818036739,1.0000000000000001e-05,True,constrained_regularized_mve
2015-11-03,gaussian,22,0.00032432912963256151,1.0000000000000001e-05,True,constrained_regularized_mve
2015-11-04,gaussian,22,-0.0029285911870025917,1.0000000000000001e-05,True,constrained_regularized_mve
2015-11-05,gaussian,22,0.016502688592799721,1.0000000000000001e-05,True,constrained_regularized_mve
2015-11-06,gaussian,22,0,1.0000000000000001e-05,True,constrained_regularized_mve
2015-11-09,gaussian,22,0.001771920232687313,1.0000000000000001e-05,True,constrained_regularized_mve
2015-11-10,gaussian,22,0.00024831501377118621,1.0000000000000001e-05,True,constrained_regularized_mve
2015-11-11,gaussian,22,-0.021171197438058949,1.0000000000000001e-05,True,constrained_regularized_mve
2015-11-12,gaussian,22,-0.0043057709658664324,1.0000000000000001e-05,True,constrained_regularized_mve
2015-11-13,gaussian,22,0,1.0000000000000001e-05,True,constrained_regularized_mve
2015-11-16,gaussian,22,0.013207837606503858,1.0000000000000001e-05,True,constrained_regularized_mve
2015-11-17,gaussian,22,0.01219840871240129,1.0000000000000001e-05,True,constrained_regularized_mve
2015-11-18,gaussian,22,0.0089332088295222042,1.0000000000000001e-05,True,constrained_regularized_mve
2015-11-19,gaussian,22,-0.0065001435398409271,1.0000000000000001e-05,True,constrained_regularized_mve
2015-11-20,gaussian,22,0,1.0000000000000001e-05,True,constrained_regularized_mve
2015-11-23,gaussian,22,-0.0078749844999495677,1.0000000000000001e-05,True,constrained_regularized_mve
2015-11-24,gaussian,22,0.0069170377056901391,1.0000000000000001e-05,True,constrained_regularized_mve
2015-11-25,gaussian,22,0.0050555143350326827,1.0000000000000001e-05,True,constrained_regularized_mve
2015-11-26,gaussian,22,0.0024249943476162272,1.0000000000000001e-05,True,constrained_regularized_mve
2015-11-27,gaussian,22,0,1.0000000000000001e-05,True,constrained_regularized_mve
2015-11-30,gaussian,22,0.015301527022866079,1.0000000000000001e-05,True,constrained_regularized_mve
2015-12-01,gaussian,22,-0.0071109822909143292,1.0000000000000001e-05,True,constrained_regularized_mve
2015-12-02,gaussian,22,-0.021179297612533055,1.0000000000000001e-05,True,constrained_regularized_mve
2015-12-03,gaussian,22,0.020629959611472338,1.0000000000000001e-05,True,constrained_regularized_mve
2015-12-04,gaussian,22,0,1.0000000000000001e-05,True,constrained_regularized_mve
2015-12-07,gaussian,22,-0.024932603103013339,1.0000000000000001e-05,True,constrained_regularized_mve
2015-12-08,gaussian,22,-0.00038597084429545274,1.0000000000000001e-05,True,constrained_regularized_mve
2015-12-09,gaussian,22,0.0068566117457558567,1.0000000000000001e-05,True,constrained_regularized_mve
2015-12-10,gaussian,22,-0.022800373843405729,1.0000000000000001e-05,True,constrained_regularized_mve
2015-12-11,gaussian,22,0,1.0000000000000001e-05,True,constrained_regularized_mve
2015-12-14,gaussian,22,0.028635328480779529,1.0000000000000001e-05,True,constrained_regularized_mve
2015-12-15,gaussian,22,0.014855457914959826,1.0000000000000001e-05,True,constrained_regularized_mve
2015-12-16,gaussian,22,0.014433376140578739,1.0000000000000001e-05,True,constrained_regularized_mve
2015-12-17,gaussian,22,-0.022800414278529572,1.0000000000000001e-05,True,constrained_regularized_mve
2015-12-18,gaussian,22,0,1.0000000000000001e-05,True,constrained_regularized_mve
2015-12-21,gaussian,22,0.0069226034292213696,1.0000000000000001e-05,True,constrained_regularized_mve
2015-12-22,gaussian,22,0.016409619151137301,1.0000000000000001e-05,True,constrained_regularized_mve
2015-12-23,gaussian,22,-0.00099524694928726683,1.0000000000000001e-05,True,constrained_regularized_mve
2015-12-24,gaussian,22,0.0034792543910709614,1.0000000000000001e-05,True,constrained_regularized_mve
2015-12-25,gaussian,22,0,1.0000000000000001e-05,True,constrained_regularized_mve
2015-12-28,gaussian,22,0.012744726349000196,1.0000000000000001e-05,True,constrained_regularized_mve
2015-12-29,gaussian,22,-0.01188516611405648,1.0000000000000001e-05,True,constrained_regularized_mve
2015-12-30,gaussian,22,-0.0033237031901068724,1.0000000000000001e-05,True,constrained_regularized_mve
2015-12-31,gaussian,22,-0.0026395433220360114,1.0000000000000001e-05,True,constrained_regularized_mve
2016-01-01,gaussian,23,0,9.9999999999999995e-07,True,constrained_regularized_mve
2016-01-04,gaussian,23,0.002181952017967604,9.9999999999999995e-07,True,constrained_regularized_mve
2016-01-05,gaussian,23,-0.023123383296872545,9.9999999999999995e-07,True,constrained_regularized_mve
2016-01-06,gaussian,23,-0.024065733275066042,9.9999999999999995e-07,True,constrained_regularized_mve
2016-01-07,gaussian,23,-0.011066063479970344,9.9999999999999995e-07,True,constrained_regularized_mve
2016-01-08,gaussian,23,0,9.9999999999999995e-07,True,constrained_regularized_mve
2016-01-11,gaussian,23,0.00069946222450309524,9.9999999999999995e-07,True,constrained_regularized_mve
2016-01-12,gaussian,23,-0.0095453492552932812,9.9999999999999995e-07,True,constrained_regularized_mve
2016-01-13,gaussian,23,0.00023730377943930738,9.9999999999999995e-07,True,constrained_regularized_mve
2016-01-14,gaussian,23,-0.03394359782243004,9.9999999999999995e-07,True,constrained_regularized_mve
2016-01-15,gaussian,23,0,9.9999999999999995e-07,True,constrained_regularized_mve
2016-01-18,gaussian,23,-0.0034920226309687603,9.9999999999999995e-07,True,constrained_regularized_mve
2016-01-19,gaussian,23,-0.038530338520716897,9.9999999999999995e-07,True,constrained_regularized_mve
2016-01-20,gaussian,23,-0.00049115264183949639,9.9999999999999995e-07,True,constrained_regularized_mve
2016-01-21,gaussian,23,0.027891943791573844,9.9999999999999995e-07,True,constrained_regularized_mve
2016-01-22,gaussian,23,0,9.9999999999999995e-07,True,constrained_regularized_mve
2016-01-25,gaussian,23,0.025556665299446262,9.9999999999999995e-07,True,constrained_regularized_mve
2016-01-26,gaussian,23,0.0073392492081564929,9.9999999999999995e-07,True,constrained_regularized_mve
2016-01-27,gaussian,23,-0.018691060700221255,9.9999999999999995e-07,True,constrained_regularized_mve
2016-01-28,gaussian,23,0.028954679983149548,9.9999999999999995e-07,True,constrained_regularized_mve
2016-01-29,gaussian,23,0,9.9999999999999995e-07,True,constrained_regularized_mve
2016-02-01,gaussian,23,-0.036645654510239045,9.9999999999999995e-07,True,constrained_regularized_mve
2016-02-02,gaussian,23,-0.023247127716127598,9.9999999999999995e-07,True,constrained_regularized_mve
2016-02-03,gaussian,23,0.048218804646546529,9.9999999999999995e-07,True,constrained_regularized_mve
2016-02-04,gaussian,23,0.0073125544539923417,9.9999999999999995e-07,True,constrained_regularized_mve
2016-02-05,gaussian,23,0,9.9999999999999995e-07,True,constrained_regularized_mve
2016-02-08,gaussian,23,-0.036149814695526986,9.9999999999999995e-07,True,constrained_regularized_mve
2016-02-09,gaussian,23,0.043275264466097974,9.9999999999999995e-07,True,constrained_regularized_mve
2016-02-10,gaussian,23,-0.045341077729414626,9.9999999999999995e-07,True,constrained_regularized_mve
2016-02-11,gaussian,23,0.076061937091041129,9.9999999999999995e-07,True,constrained_regularized_mve
2016-02-12,gaussian,23,0,9.9999999999999995e-07,True,constrained_regularized_mve
2016-02-15,gaussian,23,0.0092042132440491309,9.9999999999999995e-07,True,constrained_regularized_mve
2016-02-16,gaussian,23,0.026928915609322077,9.9999999999999995e-07,True,constrained_regularized_mve
2016-02-17,gaussian,23,-0.019490670567518981,9.9999999999999995e-07,True,constrained_regularized_mve
2016-02-18,gaussian,23,-0.01370416319819078,9.9999999999999995e-07,True,constrained_regularized_mve
2016-02-19,gaussian,23,0,9.9999999999999995e-07,True,constrained_regularized_mve
2016-02-22,gaussian,23,-0.024821479248353973,9.9999999999999995e-07,True,constrained_regularized_mve
2016-02-23,gaussian,23,-0.013943188543306837,9.9999999999999995e-07,True,constrained_regularized_mve
2016-02-24,gaussian,23,0.031175367341537977,9.9999999999999995e-07,True,constrained_regularized_mve
2016-02-25,gaussian,23,0.018751828760813685,9.9999999999999995e-07,True,constrained_regularized_mve
2016-02-26,gaussian,23,0,9.9999999999999995e-07,True,constrained_regularized_mve
2016-02-29,gaussian,23,0.01946272056795113,9.9999999999999995e-07,True,constrained_regularized_mve
2016-03-01,gaussian,23,0.026529905618568918,9.9999999999999995e-07,True,constrained_regularized_mve
2016-03-02,gaussian,23,0.010250329904345453,9.9999999999999995e-07,True,constrained_regularized_mve
2016-03-03,gaussian,23,0.01175366413273746,9.9999999999999995e-07,True,constrained_regularized_mve
2016-03-04,gaussian,23,0,9.9999999999999995e-07,True,constrained_regularized_mve
2016-03-07,gaussian,23,-0.0098881825058134056,9.9999999999999995e-07,True,constrained_regularized_mve
2016-03-08,gaussian,23,-0.0054993729504878592,9.9999999999999995e-07,True,constrained_regularized_mve
2016-03-09,gaussian,23,-0.004079499362932359,9.9999999999999995e-07,True,constrained_regularized_mve
2016-03-10,gaussian,23,0.047471739137791957,9.9999999999999995e-07,True,constrained_regularized_mve
2016-03-11,gaussian,23,0,9.9999999999999995e-07,True,constrained_regularized_mve
2016-03-14,gaussian,23,-0.013841246697107972,9.9999999999999995e-07,True,constrained_regularized_mve
2016-03-15,gaussian,23,-0.015676720051496593,9.9999999999999995e-07,True,constrained_regularized_mve
2016-03-16,gaussian,23,0.0046388267647814426,9.9999999999999995e-07,True,constrained_regularized_mve
2016-03-17,gaussian,23,0.018545592809841804,9.9999999999999995e-07,True,constrained_regularized_mve
2016-03-18,gaussian,23,0,9.9999999999999995e-07,True,constrained_regularized_mve
2016-03-21,gaussian,23,-0.0086827843932341386,9.9999999999999995e-07,True,constrained_regularized_mve
2016-03-22,gaussian,23,-0.016408089390605261,9.9999999999999995e-07,True,constrained_regularized_mve
2016-03-23,gaussian,23,-0.019750203631131998,9.9999999999999995e-07,True,constrained_regularized_mve
2016-03-24,gaussian,23,0.0016881349220034024,9.9999999999999995e-07,True,constrained_regularized_mve
2016-03-25,gaussian,23,0,9.9999999999999995e-07,True,constrained_regularized_mve
2016-03-28,gaussian,23,-0.0025183842449809602,9.9999999999999995e-07,True,constrained_regularized_mve
2016-03-29,gaussian,23,0.003690633906504925,9.9999999999999995e-07,True,constrained_regularized_mve
2016-03-30,gaussian,23,-0.00079341712038498674,9.9999999999999995e-07,True,constrained_regularized_mve
2016-03-31,gaussian,23,-0.0053197008816466872,9.9999999999999995e-07,True,constrained_regularized_mve
2016-04-01,gaussian,23,0,9.9999999999999995e-07,True,constrained_regularized_mve
2016-04-04,gaussian,23,-0.02740753726497501,9.9999999999999995e-07,True,constrained_regularized_mve
2016-04-05,gaussian,23,0.0067099854546174443,9.9999999999999995e-07,True,constrained_regularized_mve
2016-04-06,gaussian,23,-0.019457190456981244,9.9999999999999995e-07,True,constrained_regularized_mve
2016-04-07,gaussian,23,0.016486446185385556,9.9999999999999995e-07,True,constrained_regularized_mve
2016-04-08,gaussian,23,0,9.9999999999999995e-07,True,constrained_regularized_mve
2016-04-11,gaussian,23,0.019513349014351138,9.9999999999999995e-07,True,constrained_regularized_mve
2016-04-12,gaussian,23,0.060997680974206457,9.9999999999999995e-07,True,constrained_regularized_mve
2016-04-13,gaussian,23,0.0076139904263164953,9.9999999999999995e-07,True,constrained_regularized_mve
2016-04-14,gaussian,23,-0.005488385146964877,9.9999999999999995e-07,True,constrained_regularized_mve
2016-04-15,gaussian,23,0,9.9999999999999995e-07,True,constrained_regularized_mve
2016-04-18,gaussian,23,0.019827722601422727,9.9999999999999995e-07,True,constrained_regularized_mve
2016-04-19,gaussian,23,0.02090945280510844,9.9999999999999995e-07,True,constrained_regularized_mve
2016-04-20,gaussian,23,0.0016878678124767424,9.9999999999999995e-07,True,constrained_regularized_mve
2016-04-21,gaussian,23,0.011243533362323364,9.9999999999999995e-07,True,constrained_regularized_mve
2016-04-22,gaussian,23,0,9.9999999999999995e-07,True,constrained_regularized_mve
2016-04-25,gaussian,23,0.025087327907649212,9.9999999999999995e-07,True,constrained_regularized_mve
2016-04-26,gaussian,23,9.8082621872528909e-05,9.9999999999999995e-07,True,constrained_regularized_mve
2016-04-27,gaussian,23,-0.011892109400568243,9.9999999999999995e-07,True,constrained_regularized_mve
2016-04-28,gaussian,23,-0.012504154328191387,9.9999999999999995e-07,True,constrained_regularized_mve
2016-04-29,gaussian,23,0,9.9999999999999995e-07,True,constrained_regularized_mve
2016-05-02,gaussian,23,-0.033159798388804548,9.9999999999999995e-07,True,constrained_regularized_mve
2016-05-03,gaussian,23,-0.016711964409806747,9.9999999999999995e-07,True,constrained_regularized_mve
2016-05-04,gaussian,23,-0.0071016894938516293,9.9999999999999995e-07,True,constrained_regularized_mve
2016-05-05,gaussian,23,6.2098618367633127e-05,9.9999999999999995e-07,True,constrained_regularized_mve
2016-05-06,gaussian,23,0,9.9999999999999995e-07,True,constrained_regularized_mve
2016-05-09,gaussian,23,0.015243241515833356,9.9999999999999995e-07,True,constrained_regularized_mve
2016-05-10,gaussian,23,-0.0081545660176099606,9.9999999999999995e-07,True,constrained_regularized_mve
2016-05-11,gaussian,23,-0.0016331963178459442,9.9999999999999995e-07,True,constrained_regularized_mve
2016-05-12,gaussian,23,0.0047887020514045565,9.9999999999999995e-07,True,constrained_regularized_mve
2016-05-13,gaussian,23,0,9.9999999999999995e-07,True,constrained_regularized_mve
2016-05-16,gaussian,23,0.00042831837807296059,9.9999999999999995e-07,True,constrained_regularized_mve
2016-05-17,gaussian,23,0.023293796026387894,9.9999999999999995e-07,True,constrained_regularized_mve
2016-05-18,gaussian,23,-0.0068511275050230315,9.9999999999999995e-07,True,constrained_regularized_mve
2016-05-19,gaussian,23,0.011268883933726472,9.9999999999999995e-07,True,constrained_regularized_mve
2016-05-20,gaussian,23,0,9.9999999999999995e-07,True,constrained_regularized_mve
2016-05-23,gaussian,23,0.022666177977699025,9.9999999999999995e-07,True,constrained_regularized_mve
2016-05-24,gaussian,23,0.019733956405333649,9.9999999999999995e-07,True,constrained_regularized_mve
2016-05-25,gaussian,23,-0.0065233514840881959,9.9999999999999995e-07,True,constrained_regularized_mve
2016-05-26,gaussian,23,0.0051753999093463307,9.9999999999999995e-07,True,constrained_regularized_mve
2016-05-27,gaussian,23,0,9.9999999999999995e-07,True,constrained_regularized_mve
2016-05-30,gaussian,23,-0.010141564457724411,9.9999999999999995e-07,True,constrained_regularized_mve
2016-05-31,gaussian,23,-0.020098681603748263,9.9999999999999995e-07,True,constrained_regularized_mve
2016-06-01,gaussian,23,-0.0030989727398627884,9.9999999999999995e-07,True,constrained_regularized_mve
2016-06-02,gaussian,23,-0.020224778764069279,9.9999999999999995e-07,True,constrained_regularized_mve
2016-06-03,gaussian,23,0,9.9999999999999995e-07,True,constrained_regularized_mve
2016-06-06,gaussian,23,0.00037291056301090223,9.9999999999999995e-07,True,constrained_regularized_mve
2016-06-07,gaussian,23,-0.0027873082171789923,9.9999999999999995e-07,True,constrained_regularized_mve
2016-06-08,gaussian,23,-0.012331117561750534,9.9999999999999995e-07,True,constrained_regularized_mve
2016-06-09,gaussian,23,-0.03489516281680561,9.9999999999999995e-07,True,constrained_regularized_mve
2016-06-10,gaussian,23,0,9.9999999999999995e-07,True,constrained_regularized_mve
2016-06-13,gaussian,23,-0.01991204400173139,9.9999999999999995e-07,True,constrained_regularized_mve
2016-06-14,gaussian,23,0.0056518491107760945,9.9999999999999995e-07,True,constrained_regularized_mve
2016-06-15,gaussian,23,-0.0032564215770560403,9.9999999999999995e-07,True,constrained_regularized_mve
2016-06-16,gaussian,23,0.042113017825483968,9.9999999999999995e-07,True,constrained_regularized_mve
2016-06-17,gaussian,23,0,9.9999999999999995e-07,True,constrained_regularized_mve
2016-06-20,gaussian,23,0.012919716347538714,9.9999999999999995e-07,True,constrained_regularized_mve
2016-06-21,gaussian,23,0.00063182556485558454,9.9999999999999995e-07,True,constrained_regularized_mve
2016-06-22,gaussian,23,0.030396360567071165,9.9999999999999995e-07,True,constrained_regularized_mve
2016-06-23,gaussian,23,-0.11659961733595323,9.9999999999999995e-07,True,constrained_regularized_mve
2016-06-24,gaussian,23,0,9.9999999999999995e-07,True,constrained_regularized_mve
2016-06-27,gaussian,23,0.014828965730299657,9.9999999999999995e-07,True,constrained_regularized_mve
2016-06-28,gaussian,23,0.027796993078433443,9.9999999999999995e-07,True,constrained_regularized_mve
2016-06-29,gaussian,23,0.0091208040977965293,9.9999999999999995e-07,True,constrained_regularized_mve
2016-06-30,gaussian,23,-0.00099025519121098368,9.9999999999999995e-07,True,constrained_regularized_mve
2016-07-01,gaussian,24,0,0.0001,True,constrained_regularized_mve
2016-07-04,gaussian,24,-0.020778744884892657,0.0001,True,constrained_regularized_mve
2016-07-05,gaussian,24,-0.018346572876355192,0.0001,True,constrained_regularized_mve
2016-07-06,gaussian,24,0.013989803227903101,0.0001,True,constrained_regularized_mve
2016-07-07,gaussian,24,0.025631057187097642,0.0001,True,constrained_regularized_mve
2016-07-08,gaussian,24,0,0.0001,True,constrained_regularized_mve
2016-07-11,gaussian,24,0.036082022550898568,0.0001,True,constrained_regularized_mve
2016-07-12,gaussian,24,-0.0017382328956369955,0.0001,True,constrained_regularized_mve
2016-07-13,gaussian,24,0.020167506171556264,0.0001,True,constrained_regularized_mve
2016-07-14,gaussian,24,0.0095550728268851918,0.0001,True,constrained_regularized_mve
2016-07-15,gaussian,24,0,0.0001,True,constrained_regularized_mve
2016-07-18,gaussian,24,-0.0024317814841712092,0.0001,True,constrained_regularized_mve
2016-07-19,gaussian,24,0.0040894455683834381,0.0001,True,constrained_regularized_mve
2016-07-20,gaussian,24,0.0026741910109816611,0.0001,True,constrained_regularized_mve
2016-07-21,gaussian,24,-0.0014860048923206058,0.0001,True,constrained_regularized_mve
2016-07-22,gaussian,24,0,0.0001,True,constrained_regularized_mve
2016-07-25,gaussian,24,-0.0046871511276675593,0.0001,True,constrained_regularized_mve
2016-07-26,gaussian,24,0.0076411354779710892,0.0001,True,constrained_regularized_mve
2016-07-27,gaussian,24,-0.0094817923179151917,0.0001,True,constrained_regularized_mve
2016-07-28,gaussian,24,0.028329498100917797,0.0001,True,constrained_regularized_mve
2016-07-29,gaussian,24,0,0.0001,True,constrained_regularized_mve
2016-08-01,gaussian,24,-0.035308619088263667,0.0001,True,constrained_regularized_mve
2016-08-02,gaussian,24,0.0096945827397388867,0.0001,True,constrained_regularized_mve
2016-08-03,gaussian,24,0.0078916657743775334,0.0001,True,constrained_regularized_mve
2016-08-04,gaussian,24,0.022198244033889661,0.0001,True,constrained_regularized_mve
2016-08-05,gaussian,24,0,0.0001,True,constrained_regularized_mve
2016-08-08,gaussian,24,0.0052137415578877534,0.0001,True,constrained_regularized_mve
2016-08-09,gaussian,24,-0.0040145520271606203,0.0001,True,constrained_regularized_mve
2016-08-10,gaussian,24,0.0074986060342893289,0.0001,True,constrained_regularized_mve
2016-08-11,gaussian,24,-0.0061328580699130915,0.0001,True,constrained_regularized_mve
2016-08-12,gaussian,24,0,0.0001,True,constrained_regularized_mve
2016-08-15,gaussian,24,-0.0084802440727177845,0.0001,True,constrained_regularized_mve
2016-08-16,gaussian,24,0.0024047045120923231,0.0001,True,constrained_regularized_mve
2016-08-17,gaussian,24,0.0038636418366190125,0.0001,True,constrained_regularized_mve
2016-08-18,gaussian,24,-0.0020361957351872789,0.0001,True,constrained_regularized_mve
2016-08-19,gaussian,24,0,0.0001,True,constrained_regularized_mve
2016-08-22,gaussian,24,0.019549177066552362,0.0001,True,constrained_regularized_mve
2016-08-23,gaussian,24,0.0052316127827561161,0.0001,True,constrained_regularized_mve
2016-08-24,gaussian,24,-0.0025516911058096549,0.0001,True,constrained_regularized_mve
2016-08-25,gaussian,24,0.0066775807083961115,0.0001,True,constrained_regularized_mve
2016-08-26,gaussian,24,0,0.0001,True,constrained_regularized_mve
2016-08-29,gaussian,24,0.019131452376730966,0.0001,True,constrained_regularized_mve
2016-08-30,gaussian,24,0.011488975666890545,0.0001,True,constrained_regularized_mve
2016-08-31,gaussian,24,0.0021030654778439245,0.0001,True,constrained_regularized_mve
2016-09-01,gaussian,24,0.011676558330522321,0.0001,True,constrained_regularized_mve
2016-09-02,gaussian,24,0,0.0001,True,constrained_regularized_mve
2016-09-05,gaussian,24,-0.012870102832353838,0.0001,True,constrained_regularized_mve
2016-09-06,gaussian,24,0.010348984044294338,0.0001,True,constrained_regularized_mve
2016-09-07,gaussian,24,0.0048513992618909848,0.0001,True,constrained_regularized_mve
2016-09-08,gaussian,24,-0.0039311934072066533,0.0001,True,constrained_regularized_mve
2016-09-09,gaussian,24,0,0.0001,True,constrained_regularized_mve
2016-09-12,gaussian,24,-0.014865971134724048,0.0001,True,constrained_regularized_mve
2016-09-13,gaussian,24,-0.0089125424410305201,0.0001,True,constrained_regularized_mve
2016-09-14,gaussian,24,-0.0014159139914761293,0.0001,True,constrained_regularized_mve
2016-09-15,gaussian,24,-0.015529805167636699,0.0001,True,constrained_regularized_mve
2016-09-16,gaussian,24,0,0.0001,True,constrained_regularized_mve
2016-09-19,gaussian,24,-0.0044663390462379281,0.0001,True,constrained_regularized_mve
2016-09-20,gaussian,24,0.015848532960505281,0.0001,True,constrained_regularized_mve
2016-09-21,gaussian,24,0.0070603851453887277,0.0001,True,constrained_regularized_mve
2016-09-22,gaussian,24,-0.0061527344679569223,0.0001,True,constrained_regularized_mve
2016-09-23,gaussian,24,0,0.0001,True,constrained_regularized_mve
2016-09-26,gaussian,24,-0.0043331395033117635,0.0001,True,constrained_regularized_mve
2016-09-27,gaussian,24,0.0047264383968199757,0.0001,True,constrained_regularized_mve
2016-09-28,gaussian,24,-0.0053655590208951829,0.0001,True,constrained_regularized_mve
2016-09-29,gaussian,24,0.0099310450428934244,0.0001,True,constrained_regularized_mve
2016-09-30,gaussian,24,0,0.0001,True,constrained_regularized_mve
2016-10-03,gaussian,24,0.0060926009142861616,0.0001,True,constrained_regularized_mve
2016-10-04,gaussian,24,0.018069878013193912,0.0001,True,constrained_regularized_mve
2016-10-05,gaussian,24,0.0033506365248034986,0.0001,True,constrained_regularized_mve
2016-10-06,gaussian,24,-0.0039938019320700817,0.0001,True,constrained_regularized_mve
2016-10-07,gaussian,24,0,0.0001,True,constrained_regularized_mve
2016-10-10,gaussian,24,-0.0068576337542328586,0.0001,True,constrained_regularized_mve
2016-10-11,gaussian,24,-0.0066135161175679439,0.0001,True,constrained_regularized_mve
2016-10-12,gaussian,24,-0.021603883102595488,0.0001,True,constrained_regularized_mve
2016-10-13,gaussian,24,0.021966071434569332,0.0001,True,constrained_regularized_mve
2016-10-14,gaussian,24,0,0.0001,True,constrained_regularized_mve
2016-10-17,gaussian,24,0.021424294941617752,0.0001,True,constrained_regularized_mve
2016-10-18,gaussian,24,0.010778838089720825,0.0001,True,constrained_regularized_mve
2016-10-19,gaussian,24,0.01111684520148791,0.0001,True,constrained_regularized_mve
2016-10-20,gaussian,24,0.0024179381285188732,0.0001,True,constrained_regularized_mve
2016-10-21,gaussian,24,0,0.0001,True,constrained_regularized_mve
2016-10-24,gaussian,24,0.0019506743624811019,0.0001,True,constrained_regularized_mve
2016-10-25,gaussian,24,0.0064247494818700278,0.0001,True,constrained_regularized_mve
2016-10-26,gaussian,24,0.017261811685402442,0.0001,True,constrained_regularized_mve
2016-10-27,gaussian,24,-0.0012085781350935651,0.0001,True,constrained_regularized_mve
2016-10-28,gaussian,24,0,0.0001,True,constrained_regularized_mve
2016-10-31,gaussian,24,-0.011508411822855067,0.0001,True,constrained_regularized_mve
2016-11-01,gaussian,24,-0.022193359905662971,0.0001,True,constrained_regularized_mve
2016-11-02,gaussian,24,0.017871411327429029,0.0001,True,constrained_regularized_mve
2016-11-03,gaussian,24,-0.002547652847515818,0.0001,True,constrained_regularized_mve
2016-11-04,gaussian,24,0,0.0001,True,constrained_regularized_mve
2016-11-07,gaussian,24,0.00016851135899356731,0.0001,True,constrained_regularized_mve
2016-11-08,gaussian,24,0.019944055132522495,0.0001,True,constrained_regularized_mve
2016-11-09,gaussian,24,0.032102699236819597,0.0001,True,constrained_regularized_mve
2016-11-10,gaussian,24,-0.005445300440859429,0.0001,True,constrained_regularized_mve
2016-11-11,gaussian,24,0,0.0001,True,constrained_regularized_mve
2016-11-14,gaussian,24,-0.0022375875317637477,0.0001,True,constrained_regularized_mve
2016-11-15,gaussian,24,-0.019626809121853665,0.0001,True,constrained_regularized_mve
2016-11-16,gaussian,24,0.0020876979745742532,0.0001,True,constrained_regularized_mve
2016-11-17,gaussian,24,-0.013033887764970432,0.0001,True,constrained_regularized_mve
2016-11-18,gaussian,24,0,0.0001,True,constrained_regularized_mve
2016-11-21,gaussian,24,0.015875336639576566,0.0001,True,constrained_regularized_mve
2016-11-22,gaussian,24,0.00047207338667676455,0.0001,True,constrained_regularized_mve
2016-11-23,gaussian,24,-0.010045578650211865,0.0001,True,constrained_regularized_mve
2016-11-24,gaussian,24,-0.0069275315366147732,0.0001,True,constrained_regularized_mve
2016-11-25,gaussian,24,0,0.0001,True,constrained_regularized_mve
2016-11-28,gaussian,24,0.010332886671056907,0.0001,True,constrained_regularized_mve
2016-11-29,gaussian,24,0.017514656782349265,0.0001,True,constrained_regularized_mve
2016-11-30,gaussian,24,0.011750757668728188,0.0001,True,constrained_regularized_mve
2016-12-01,gaussian,24,-0.0014294263704623502,0.0001,True,constrained_regularized_mve
2016-12-02,gaussian,24,0,0.0001,True,constrained_regularized_mve
2016-12-05,gaussian,24,0.047676445511742778,0.0001,True,constrained_regularized_mve
2016-12-06,gaussian,24,0.023238760284532246,0.0001,True,constrained_regularized_mve
2016-12-07,gaussian,24,0.022400099366371006,0.0001,True,constrained_regularized_mve
2016-12-08,gaussian,24,-0.0085392263581290494,0.0001,True,constrained_regularized_mve
2016-12-09,gaussian,24,0,0.0001,True,constrained_regularized_mve
2016-12-12,gaussian,24,0.020919694574354341,0.0001,True,constrained_regularized_mve
2016-12-13,gaussian,24,-0.0076094030006898543,0.0001,True,constrained_regularized_mve
2016-12-14,gaussian,24,0.021395952615732475,0.0001,True,constrained_regularized_mve
2016-12-15,gaussian,24,-0.0067900787280793821,0.0001,True,constrained_regularized_mve
2016-12-16,gaussian,24,0,0.0001,True,constrained_regularized_mve
2016-12-19,gaussian,24,0.0086626433944697739,0.0001,True,constrained_regularized_mve
2016-12-20,gaussian,24,-0.0031696806953849114,0.0001,True,constrained_regularized_mve
2016-12-21,gaussian,24,-0.0023647344599755028,0.0001,True,constrained_regularized_mve
2016-12-22,gaussian,24,-0.0009757780679846438,0.0001,True,constrained_regularized_mve
2016-12-23,gaussian,24,0,0.0001,True,constrained_regularized_mve
2016-12-26,gaussian,24,0.00091990068516460428,0.0001,True,constrained_regularized_mve
2016-12-27,gaussian,24,-0.0050435594380899224,0.0001,True,constrained_regularized_mve
2016-12-28,gaussian,24,-0.013304032605909726,0.0001,True,constrained_regularized_mve
2016-12-29,gaussian,24,0.01452682957072148,0.0001,True,constrained_regularized_mve
2016-12-30,gaussian,24,0,0.0001,True,constrained_regularized_mve
2017-01-02,gaussian,25,0.014594997753168963,0.0001,True,constrained_regularized_mve
2017-01-03,gaussian,25,0.009446814866825165,0.0001,True,constrained_regularized_mve
2017-01-04,gaussian,25,-0.0017272101566670737,0.0001,True,constrained_regularized_mve
2017-01-05,gaussian,25,0.0091777575388031045,0.0001,True,constrained_regularized_mve
2017-01-06,gaussian,25,0,0.0001,True,constrained_regularized_mve
2017-01-09,gaussian,25,0.0017447712715048167,0.0001,True,constrained_regularized_mve
2017-01-10,gaussian,25,0.0015408656012523929,0.0001,True,constrained_regularized_mve
2017-01-11,gaussian,25,-0.0063684289330929048,0.0001,True,constrained_regularized_mve
2017-01-12,gaussian,25,0.014566538163614627,0.0001,True,constrained_regularized_mve
2017-01-13,gaussian,25,0,0.0001,True,constrained_regularized_mve
2017-01-16,gaussian,25,-0.0022132617794227085,0.0001,True,constrained_regularized_mve
2017-01-17,gaussian,25,0.01072588947679641,0.0001,True,constrained_regularized_mve
2017-01-18,gaussian,25,-0.0028424502468748715,0.0001,True,constrained_regularized_mve
2017-01-19,gaussian,25,0.0068325375795334825,0.0001,True,constrained_regularized_mve
2017-01-20,gaussian,25,0,0.0001,True,constrained_regularized_mve
2017-01-23,gaussian,25,0.015796171953458761,0.0001,True,constrained_regularized_mve
2017-01-24,gaussian,25,0.017696922738405903,0.0001,True,constrained_regularized_mve
2017-01-25,gaussian,25,0.009473959443747796,0.0001,True,constrained_regularized_mve
2017-01-26,gaussian,25,-0.0083694190030641491,0.0001,True,constrained_regularized_mve
2017-01-27,gaussian,25,0,0.0001,True,constrained_regularized_mve
2017-01-30,gaussian,25,-0.015429190965330046,0.0001,True,constrained_regularized_mve
2017-01-31,gaussian,25,0.016188088547598158,0.0001,True,constrained_regularized_mve
2017-02-01,gaussian,25,-0.0084545518297678788,0.0001,True,constrained_regularized_mve
2017-02-02,gaussian,25,0.020168470504705799,0.0001,True,constrained_regularized_mve
2017-02-03,gaussian,25,0,0.0001,True,constrained_regularized_mve
2017-02-06,gaussian,25,-0.011636809238000265,0.0001,True,constrained_regularized_mve
2017-02-07,gaussian,25,-0.013492923746391623,0.0001,True,constrained_regularized_mve
2017-02-08,gaussian,25,0.013141413576457494,0.0001,True,constrained_regularized_mve
2017-02-09,gaussian,25,-0.0057182530850324398,0.0001,True,constrained_regularized_mve
2017-02-10,gaussian,25,0,0.0001,True,constrained_regularized_mve
2017-02-13,gaussian,25,0.0088898223384915789,0.0001,True,constrained_regularized_mve
2017-02-14,gaussian,25,0.011774033675398527,0.0001,True,constrained_regularized_mve
2017-02-15,gaussian,25,-0.0030429532087899534,0.0001,True,constrained_regularized_mve
2017-02-16,gaussian,25,-0.0041223726712879315,0.0001,True,constrained_regularized_mve
2017-02-17,gaussian,25,0,0.0001,True,constrained_regularized_mve
2017-02-20,gaussian,25,-0.0019427394920154466,0.0001,True,constrained_regularized_mve
2017-02-21,gaussian,25,-0.0013698340228099507,0.0001,True,constrained_regularized_mve
2017-02-22,gaussian,25,-0.0040955543282574858,0.0001,True,constrained_regularized_mve
2017-02-23,gaussian,25,-0.010468122897761591,0.0001,True,constrained_regularized_mve
2017-02-24,gaussian,25,0,0.0001,True,constrained_regularized_mve
2017-02-27,gaussian,25,0.0035997747661878758,0.0001,True,constrained_regularized_mve
2017-02-28,gaussian,25,0.024632884883993018,0.0001,True,constrained_regularized_mve
2017-03-01,gaussian,25,-0.0096661529264262924,0.0001,True,constrained_regularized_mve
2017-03-02,gaussian,25,0.0060318275910440219,0.0001,True,constrained_regularized_mve
2017-03-03,gaussian,25,0,0.0001,True,constrained_regularized_mve
2017-03-06,gaussian,25,-0.0060064434704015096,0.0001,True,constrained_regularized_mve
2017-03-07,gaussian,25,0.0023534115494792717,0.0001,True,constrained_regularized_mve
2017-03-08,gaussian,25,0.0039852022876021393,0.0001,True,constrained_regularized_mve
2017-03-09,gaussian,25,0.0019872144043578187,0.0001,True,constrained_regularized_mve
2017-03-10,gaussian,25,0,0.0001,True,constrained_regularized_mve
2017-03-13,gaussian,25,-0.0067148827428354096,0.0001,True,constrained_regularized_mve
2017-03-14,gaussian,25,0.0042958237541219592,0.0001,True,constrained_regularized_mve
2017-03-15,gaussian,25,0.0094217130699875799,0.0001,True,constrained_regularized_mve
2017-03-16,gaussian,25,-0.0076487201665934442,0.0001,True,constrained_regularized_mve
2017-03-17,gaussian,25,0,0.0001,True,constrained_regularized_mve
2017-03-20,gaussian,25,-0.010599939533705987,0.0001,True,constrained_regularized_mve
2017-03-21,gaussian,25,-0.0057935096173290408,0.0001,True,constrained_regularized_mve
2017-03-22,gaussian,25,0.0038688820754081781,0.0001,True,constrained_regularized_mve
2017-03-23,gaussian,25,0.0013182688168446469,0.0001,True,constrained_regularized_mve
2017-03-24,gaussian,25,0,0.0001,True,constrained_regularized_mve
2017-03-27,gaussian,25,0.016818068820265854,0.0001,True,constrained_regularized_mve
2017-03-28,gaussian,25,-0.0070494488333513166,0.0001,True,constrained_regularized_mve
2017-03-29,gaussian,25,0.0012896815794044096,0.0001,True,constrained_regularized_mve
2017-03-30,gaussian,25,-0.0059644203825105734,0.0001,True,constrained_regularized_mve
2017-03-31,gaussian,25,0,0.0001,True,constrained_regularized_mve
2017-04-03,gaussian,25,-0.00521145089391775,0.0001,True,constrained_regularized_mve
2017-04-04,gaussian,25,-0.0015377296612827784,0.0001,True,constrained_regularized_mve
2017-04-05,gaussian,25,-0.00010044755791489584,0.0001,True,constrained_regularized_mve
2017-04-06,gaussian,25,-0.0046969053002211547,0.0001,True,constrained_regularized_mve
2017-04-07,gaussian,25,0,0.0001,True,constrained_regularized_mve
2017-04-10,gaussian,25,-0.006502027762774555,0.0001,True,constrained_regularized_mve
2017-04-11,gaussian,25,-0.0086428328888606808,0.0001,True,constrained_regularized_mve
2017-04-12,gaussian,25,-0.011031054789090099,0.0001,True,constrained_regularized_mve
2017-04-13,gaussian,25,-0.0020833447543558725,0.0001,True,constrained_regularized_mve
2017-04-14,gaussian,25,0,0.0001,True,constrained_regularized_mve
2017-04-17,gaussian,25,-0.010764940913370984,0.0001,True,constrained_regularized_mve
2017-04-18,gaussian,25,0.022099260747865036,0.0001,True,constrained_regularized_mve
2017-04-19,gaussian,25,0.011650106272651199,0.0001,True,constrained_regularized_mve
2017-04-20,gaussian,25,0.0034690964504979567,0.0001,True,constrained_regularized_mve
2017-04-21,gaussian,25,0,0.0001,True,constrained_regularized_mve
2017-04-24,gaussian,25,0.011930628569720594,0.0001,True,constrained_regularized_mve
2017-04-25,gaussian,25,0.0063977620879164029,0.0001,True,constrained_regularized_mve
2017-04-26,gaussian,25,-0.011814522476923651,0.0001,True,constrained_regularized_mve
2017-04-27,gaussian,25,-0.0068109158490794993,0.0001,True,constrained_regularized_mve
2017-04-28,gaussian,25,0,0.0001,True,constrained_regularized_mve
2017-05-01,gaussian,25,-0.00049583085842183812,0.0001,True,constrained_regularized_mve
2017-05-02,gaussian,25,0.0073021542162971026,0.0001,True,constrained_regularized_mve
2017-05-03,gaussian,25,0.0041599627266871971,0.0001,True,constrained_regularized_mve
2017-05-04,gaussian,25,0.0049324537462838366,0.0001,True,constrained_regularized_mve
2017-05-05,gaussian,25,0,0.0001,True,constrained_regularized_mve
2017-05-08,gaussian,25,-0.0089036591618911042,0.0001,True,constrained_regularized_mve
2017-05-09,gaussian,25,0.00026780290108148767,0.0001,True,constrained_regularized_mve
2017-05-10,gaussian,25,-0.0073751993917878849,0.0001,True,constrained_regularized_mve
2017-05-11,gaussian,25,-0.0028777053909001299,0.0001,True,constrained_regularized_mve
2017-05-12,gaussian,25,0,0.0001,True,constrained_regularized_mve
2017-05-15,gaussian,25,0.001010569925798277,0.0001,True,constrained_regularized_mve
2017-05-16,gaussian,25,-0.028527832985655702,0.0001,True,constrained_regularized_mve
2017-05-17,gaussian,25,0.0017845365895211107,0.0001,True,constrained_regularized_mve
2017-05-18,gaussian,25,0.010757474163960491,0.0001,True,constrained_regularized_mve
2017-05-19,gaussian,25,0,0.0001,True,constrained_regularized_mve
2017-05-22,gaussian,25,0.011383429378949166,0.0001,True,constrained_regularized_mve
2017-05-23,gaussian,25,-0.0011854285753749583,0.0001,True,constrained_regularized_mve
2017-05-24,gaussian,25,-0.00028705581914015689,0.0001,True,constrained_regularized_mve
2017-05-25,gaussian,25,-0.006785651420653213,0.0001,True,constrained_regularized_mve
2017-05-26,gaussian,25,0,0.0001,True,constrained_regularized_mve
2017-05-29,gaussian,25,-0.0096125204611214304,0.0001,True,constrained_regularized_mve
2017-05-30,gaussian,25,-0.0092447319746892312,0.0001,True,constrained_regularized_mve
2017-05-31,gaussian,25,0.010251433614696499,0.0001,True,constrained_regularized_mve
2017-06-01,gaussian,25,-0.00056912675470627088,0.0001,True,constrained_regularized_mve
2017-06-02,gaussian,25,0,0.0001,True,constrained_regularized_mve
2017-06-05,gaussian,25,-0.0032252151309651697,0.0001,True,constrained_regularized_mve
2017-06-06,gaussian,25,0.011715950169295377,0.0001,True,constrained_regularized_mve
2017-06-07,gaussian,25,0.012429382147071,0.0001,True,constrained_regularized_mve
2017-06-08,gaussian,25,0.0075753480616827743,0.0001,True,constrained_regularized_mve
2017-06-09,gaussian,25,0,0.0001,True,constrained_regularized_mve
2017-06-12,gaussian,25,0.0023865240262881319,0.0001,True,constrained_regularized_mve
2017-06-13,gaussian,25,-0.006225879932621619,0.0001,True,constrained_regularized_mve
2017-06-14,gaussian,25,-0.0032878190399907555,0.0001,True,constrained_regularized_mve
2017-06-15,gaussian,25,-0.0047239717962506101,0.0001,True,constrained_regularized_mve
2017-06-16,gaussian,25,0,0.0001,True,constrained_regularized_mve
2017-06-19,gaussian,25,-0.011324413553453191,0.0001,True,constrained_regularized_mve
2017-06-20,gaussian,25,-0.0053930240545545039,0.0001,True,constrained_regularized_mve
2017-06-21,gaussian,25,-0.0067205621341147482,0.0001,True,constrained_regularized_mve
2017-06-22,gaussian,25,-0.0054597673820759784,0.0001,True,constrained_regularized_mve
2017-06-23,gaussian,25,0,0.0001,True,constrained_regularized_mve
2017-06-26,gaussian,25,0.0084142890895128261,0.0001,True,constrained_regularized_mve
2017-06-27,gaussian,25,0.020009026444893725,0.0001,True,constrained_regularized_mve
2017-06-28,gaussian,25,0.015773367908995372,0.0001,True,constrained_regularized_mve
2017-06-29,gaussian,25,-0.0035086142888766246,0.0001,True,constrained_regularized_mve
2017-06-30,gaussian,25,0,0.0001,True,constrained_regularized_mve
2017-07-03,gaussian,26,-0.0043757871528827454,0.01,True,constrained_regularized_mve
2017-07-04,gaussian,26,0.0019916199682428193,0.01,True,constrained_regularized_mve
2017-07-05,gaussian,26,0.0051490126827042557,0.01,True,constrained_regularized_mve
2017-07-06,gaussian,26,0.0013934859527163204,0.01,True,constrained_regularized_mve
2017-07-07,gaussian,26,0,0.01,True,constrained_regularized_mve
2017-07-10,gaussian,26,-0.0054334480150318625,0.01,True,constrained_regularized_mve
2017-07-11,gaussian,26,0.0025057957720110244,0.01,True,constrained_regularized_mve
2017-07-12,gaussian,26,0.0064192741240423337,0.01,True,constrained_regularized_mve
2017-07-13,gaussian,26,-0.006538308111557002,0.01,True,constrained_regularized_mve
2017-07-14,gaussian,26,0,0.01,True,constrained_regularized_mve
2017-07-17,gaussian,26,-0.010652360334227652,0.01,True,constrained_regularized_mve
2017-07-18,gaussian,26,0.0043237135929962327,0.01,True,constrained_regularized_mve
2017-07-19,gaussian,26,0.00010267403928640249,0.01,True,constrained_regularized_mve
2017-07-20,gaussian,26,-0.0074983629778355484,0.01,True,constrained_regularized_mve
2017-07-21,gaussian,26,0,0.01,True,constrained_regularized_mve
2017-07-24,gaussian,26,0.016054769712181127,0.01,True,constrained_regularized_mve
2017-07-25,gaussian,26,-0.00027670044112616598,0.01,True,constrained_regularized_mve
2017-07-26,gaussian,26,0.0013706555807658279,0.01,True,constrained_regularized_mve
2017-07-27,gaussian,26,-0.0086928244836468691,0.01,True,constrained_regularized_mve
2017-07-28,gaussian,26,0,0.01,True,constrained_regularized_mve
2017-07-31,gaussian,26,0.012902925625170331,0.01,True,constrained_regularized_mve
2017-08-01,gaussian,26,-0.0053489953188054721,0.01,True,constrained_regularized_mve
2017-08-02,gaussian,26,0.0051983944919182408,0.01,True,constrained_regularized_mve
2017-08-03,gaussian,26,0.010509274610238359,0.01,True,constrained_regularized_mve
2017-08-04,gaussian,26,0,0.01,True,constrained_regularized_mve
2017-08-07,gaussian,26,0.0018414401778662421,0.01,True,constrained_regularized_mve
2017-08-08,gaussian,26,-0.013513369356513661,0.01,True,constrained_regularized_mve
2017-08-09,gaussian,26,-0.015073423764655132,0.01,True,constrained_regularized_mve
2017-08-10,gaussian,26,-0.0099844797678016739,0.01,True,constrained_regularized_mve
2017-08-11,gaussian,26,0,0.01,True,constrained_regularized_mve
2017-08-14,gaussian,26,0.0024889714374480981,0.01,True,constrained_regularized_mve
2017-08-15,gaussian,26,-0.0028571561493399671,0.01,True,constrained_regularized_mve
2017-08-16,gaussian,26,-0.014161576648874801,0.01,True,constrained_regularized_mve
2017-08-17,gaussian,26,-0.0024879319624184449,0.01,True,constrained_regularized_mve
2017-08-18,gaussian,26,0,0.01,True,constrained_regularized_mve
2017-08-21,gaussian,26,0.0075683663622787148,0.01,True,constrained_regularized_mve
2017-08-22,gaussian,26,-0.0069642346623874475,0.01,True,constrained_regularized_mve
2017-08-23,gaussian,26,0.0051931525732202494,0.01,True,constrained_regularized_mve
2017-08-24,gaussian,26,0.00038778414304983794,0.01,True,constrained_regularized_mve
2017-08-25,gaussian,26,0,0.01,True,constrained_regularized_mve
2017-08-28,gaussian,26,-0.0070837505617292115,0.01,True,constrained_regularized_mve
2017-08-29,gaussian,26,0.0019131194811867203,0.01,True,constrained_regularized_mve
2017-08-30,gaussian,26,0.0016862606012880157,0.01,True,constrained_regularized_mve
2017-08-31,gaussian,26,0.006352523474283325,0.01,True,constrained_regularized_mve
2017-09-01,gaussian,26,0,0.01,True,constrained_regularized_mve
2017-09-04,gaussian,26,-0.0146098220922428,0.01,True,constrained_regularized_mve
2017-09-05,gaussian,26,0.0029362406274190526,0.01,True,constrained_regularized_mve
2017-09-06,gaussian,26,-0.01054011046477459,0.01,True,constrained_regularized_mve
2017-09-07,gaussian,26,0.0069514819857139157,0.01,True,constrained_regularized_mve
2017-09-08,gaussian,26,0,0.01,True,constrained_regularized_mve
2017-09-11,gaussian,26,0.014027930725219694,0.01,True,constrained_regularized_mve
2017-09-12,gaussian,26,0.0056043960830516491,0.01,True,constrained_regularized_mve
2017-09-13,gaussian,26,-0.0049165838813638903,0.01,True,constrained_regularized_mve
2017-09-14,gaussian,26,-0.00086094411450428788,0.01,True,constrained_regularized_mve
2017-09-15,gaussian,26,0,0.01,True,constrained_regularized_mve
2017-09-18,gaussian,26,0.0063895179208880125,0.01,True,constrained_regularized_mve
2017-09-19,gaussian,26,0.001053636087282114,0.01,True,constrained_regularized_mve
2017-09-20,gaussian,26,0.0079507221289223783,0.01,True,constrained_regularized_mve
2017-09-21,gaussian,26,0.0049178841590335294,0.01,True,constrained_regularized_mve
2017-09-22,gaussian,26,0,0.01,True,constrained_regularized_mve
2017-09-25,gaussian,26,-0.004868927578315068,0.01,True,constrained_regularized_mve
2017-09-26,gaussian,26,0.01465353233973314,0.01,True,constrained_regularized_mve
2017-09-27,gaussian,26,0.0011681339338219751,0.01,True,constrained_regularized_mve
2017-09-28,gaussian,26,0.0088608780475594347,0.01,True,constrained_regularized_mve
2017-09-29,gaussian,26,0,0.01,True,constrained_regularized_mve
2017-10-02,gaussian,26,-0.0011942478075402353,0.01,True,constrained_regularized_mve
2017-10-03,gaussian,26,-0.0081601760592736172,0.01,True,constrained_regularized_mve
2017-10-04,gaussian,26,0.012267145373914467,0.01,True,constrained_regularized_mve
2017-10-05,gaussian,26,-0.0032696530250219641,0.01,True,constrained_regularized_mve
2017-10-06,gaussian,26,0,0.01,True,constrained_regularized_mve
2017-10-09,gaussian,26,0.0024894389063733861,0.01,True,constrained_regularized_mve
2017-10-10,gaussian,26,0.0046795492638549239,0.01,True,constrained_regularized_mve
2017-10-11,gaussian,26,-0.0074308814263486598,0.01,True,constrained_regularized_mve
2017-10-12,gaussian,26,-0.0047599720608734342,0.01,True,constrained_regularized_mve
2017-10-13,gaussian,26,0,0.01,True,constrained_regularized_mve
2017-10-16,gaussian,26,-0.00088384677968306972,0.01,True,constrained_regularized_mve
2017-10-17,gaussian,26,0.0057255076575850475,0.01,True,constrained_regularized_mve
2017-10-18,gaussian,26,-0.0028102943930406491,0.01,True,constrained_regularized_mve
2017-10-19,gaussian,26,0.012563918897280866,0.01,True,constrained_regularized_mve
2017-10-20,gaussian,26,0,0.01,True,constrained_regularized_mve
2017-10-23,gaussian,26,0.01488415104907528,0.01,True,constrained_regularized_mve
2017-10-24,gaussian,26,-0.0040925981776994596,0.01,True,constrained_regularized_mve
2017-10-25,gaussian,26,0.0056516041586464711,0.01,True,constrained_regularized_mve
2017-10-26,gaussian,26,-0.0075304813288284769,0.01,True,constrained_regularized_mve
2017-10-27,gaussian,26,0,0.01,True,constrained_regularized_mve
2017-10-30,gaussian,26,0.00071154003243786791,0.01,True,constrained_regularized_mve
2017-10-31,gaussian,26,-2.2055888730867414e-05,0.01,True,constrained_regularized_mve
2017-11-01,gaussian,26,0.0060298898392947111,0.01,True,constrained_regularized_mve
2017-11-02,gaussian,26,-0.010608765171002706,0.01,True,constrained_regularized_mve
2017-11-03,gaussian,26,0,0.01,True,constrained_regularized_mve
2017-11-06,gaussian,26,-0.0041030776443073238,0.01,True,constrained_regularized_mve
2017-11-07,gaussian,26,-0.0046335656417578388,0.01,True,constrained_regularized_mve
2017-11-08,gaussian,26,-0.0040705411358914843,0.01,True,constrained_regularized_mve
2017-11-09,gaussian,26,0.0036800610181553215,0.01,True,constrained_regularized_mve
2017-11-10,gaussian,26,0,0.01,True,constrained_regularized_mve
2017-11-13,gaussian,26,-0.0033198182051317545,0.01,True,constrained_regularized_mve
2017-11-14,gaussian,26,0.0091973287555506301,0.01,True,constrained_regularized_mve
2017-11-15,gaussian,26,0.0033672438584959412,0.01,True,constrained_regularized_mve
2017-11-16,gaussian,26,-0.00095085117616093291,0.01,True,constrained_regularized_mve
2017-11-17,gaussian,26,0,0.01,True,constrained_regularized_mve
2017-11-20,gaussian,26,-0.0006148523516541891,0.01,True,constrained_regularized_mve
2017-11-21,gaussian,26,0.00062307591313449191,0.01,True,constrained_regularized_mve
2017-11-22,gaussian,26,0.0032587450266778413,0.01,True,constrained_regularized_mve
2017-11-23,gaussian,26,0.0035118680176952307,0.01,True,constrained_regularized_mve
2017-11-24,gaussian,26,0,0.01,True,constrained_regularized_mve
2017-11-27,gaussian,26,0.010620941791467681,0.01,True,constrained_regularized_mve
2017-11-28,gaussian,26,0.017670621532917655,0.01,True,constrained_regularized_mve
2017-11-29,gaussian,26,-0.0024640901065195006,0.01,True,constrained_regularized_mve
2017-11-30,gaussian,26,-0.0051510093502762297,0.01,True,constrained_regularized_mve
2017-12-01,gaussian,26,0,0.01,True,constrained_regularized_mve
2017-12-04,gaussian,26,0.00023611873359236232,0.01,True,constrained_regularized_mve
2017-12-05,gaussian,26,-0.0087160304173668143,0.01,True,constrained_regularized_mve
2017-12-06,gaussian,26,0.0059875033121496776,0.01,True,constrained_regularized_mve
2017-12-07,gaussian,26,0.015890176279575129,0.01,True,constrained_regularized_mve
2017-12-08,gaussian,26,0,0.01,True,constrained_regularized_mve
2017-12-11,gaussian,26,0.010966622230560089,0.01,True,constrained_regularized_mve
2017-12-12,gaussian,26,-0.0053406549240000451,0.01,True,constrained_regularized_mve
2017-12-13,gaussian,26,-0.0060860851475263667,0.01,True,constrained_regularized_mve
2017-12-14,gaussian,26,0.00045346592451026528,0.01,True,constrained_regularized_mve
2017-12-15,gaussian,26,0,0.01,True,constrained_regularized_mve
2017-12-18,gaussian,26,-1.9024042630822456e-05,0.01,True,constrained_regularized_mve
2017-12-19,gaussian,26,-0.0007367857503322024,0.01,True,constrained_regularized_mve
2017-12-20,gaussian,26,0.0078766850093881496,0.01,True,constrained_regularized_mve
2017-12-21,gaussian,26,-0.0024296726803435947,0.01,True,constrained_regularized_mve
2017-12-22,gaussian,26,0,0.01,True,constrained_regularized_mve
2017-12-25,gaussian,26,-0.0018313474354409492,0.01,True,constrained_regularized_mve
2017-12-26,gaussian,26,-0.0015196448953723261,0.01,True,constrained_regularized_mve
2017-12-27,gaussian,26,-0.00036890112765904147,0.01,True,constrained_regularized_mve
2017-12-28,gaussian,26,-0.00043142492992226205,0.01,True,constrained_regularized_mve
2017-12-29,gaussian,26,0,0.01,True,constrained_regularized_mve
2018-01-01,gaussian,27,0.0020775997642347934,0.001,True,constrained_regularized_mve
2018-01-02,gaussian,27,0.0040881085269602628,0.001,True,constrained_regularized_mve
2018-01-03,gaussian,27,0.012143231891594997,0.001,True,constrained_regularized_mve
2018-01-04,gaussian,27,9.8290349834950636e-05,0.001,True,constrained_regularized_mve
2018-01-05,gaussian,27,0,0.001,True,constrained_regularized_mve
2018-01-08,gaussian,27,0.0026636388958375724,0.001,True,constrained_regularized_mve
2018-01-09,gaussian,27,0.019115340331155018,0.001,True,constrained_regularized_mve
2018-01-10,gaussian,27,0.0054072758444604022,0.001,True,constrained_regularized_mve
2018-01-11,gaussian,27,0.0032882493028828295,0.001,True,constrained_regularized_mve
2018-01-12,gaussian,27,0,0.001,True,constrained_regularized_mve
2018-01-15,gaussian,27,0.0053423220521080419,0.001,True,constrained_regularized_mve
2018-01-16,gaussian,27,-0.001392827328501572,0.001,True,constrained_regularized_mve
2018-01-17,gaussian,27,-0.0044850992012606169,0.001,True,constrained_regularized_mve
2018-01-18,gaussian,27,0.0099571992774354547,0.001,True,constrained_regularized_mve
2018-01-19,gaussian,27,0,0.001,True,constrained_regularized_mve
2018-01-22,gaussian,27,0.0025044731609898127,0.001,True,constrained_regularized_mve
2018-01-23,gaussian,27,0.00093798508717169772,0.001,True,constrained_regularized_mve
2018-01-24,gaussian,27,0.0072979225821399093,0.001,True,constrained_regularized_mve
2018-01-25,gaussian,27,-0.00043675289855390375,0.001,True,constrained_regularized_mve
2018-01-26,gaussian,27,0,0.001,True,constrained_regularized_mve
2018-01-29,gaussian,27,-0.019317613828918612,0.001,True,constrained_regularized_mve
2018-01-30,gaussian,27,-0.0053873747276014031,0.001,True,constrained_regularized_mve
2018-01-31,gaussian,27,0.0078289155266029649,0.001,True,constrained_regularized_mve
2018-02-01,gaussian,27,-0.015005224439500513,0.001,True,constrained_regularized_mve
2018-02-02,gaussian,27,0,0.001,True,constrained_regularized_mve
2018-02-05,gaussian,27,-0.0026350168272064531,0.001,True,constrained_regularized_mve
2018-02-06,gaussian,27,0.016276072949855506,0.001,True,constrained_regularized_mve
2018-02-07,gaussian,27,-0.026927857923252776,0.001,True,constrained_regularized_mve
2018-02-08,gaussian,27,0.00044962828615730948,0.001,True,constrained_regularized_mve
2018-02-09,gaussian,27,0,0.001,True,constrained_regularized_mve
2018-02-12,gaussian,27,-0.0015202639195382782,0.001,True,constrained_regularized_mve
2018-02-13,gaussian,27,0.013798776890393549,0.001,True,constrained_regularized_mve
2018-02-14,gaussian,27,0.014153592715404048,0.001,True,constrained_regularized_mve
2018-02-15,gaussian,27,0.0067359662186714849,0.001,True,constrained_regularized_mve
2018-02-16,gaussian,27,0,0.001,True,constrained_regularized_mve
2018-02-19,gaussian,27,-0.0025798832684913535,0.001,True,constrained_regularized_mve
2018-02-20,gaussian,27,0.0016015639730581823,0.001,True,constrained_regularized_mve
2018-02-21,gaussian,27,-0.010373976230896217,0.001,True,constrained_regularized_mve
2018-02-22,gaussian,27,0.0056644139364980537,0.001,True,constrained_regularized_mve
2018-02-23,gaussian,27,0,0.001,True,constrained_regularized_mve
2018-02-26,gaussian,27,0.0029441758449920189,0.001,True,constrained_regularized_mve
2018-02-27,gaussian,27,-0.013727477730145404,0.001,True,constrained_regularized_mve
2018-02-28,gaussian,27,-0.017643853890825276,0.001,True,constrained_regularized_mve
2018-03-01,gaussian,27,-0.01075705712562282,0.001,True,constrained_regularized_mve
2018-03-02,gaussian,27,0,0.001,True,constrained_regularized_mve
2018-03-05,gaussian,27,0.0060212044284145396,0.001,True,constrained_regularized_mve
2018-03-06,gaussian,27,0.0027608937112535686,0.001,True,constrained_regularized_mve
2018-03-07,gaussian,27,0.00094675771343915248,0.001,True,constrained_regularized_mve
2018-03-08,gaussian,27,0.0054926236169302919,0.001,True,constrained_regularized_mve
2018-03-09,gaussian,27,0,0.001,True,constrained_regularized_mve
2018-03-12,gaussian,27,-0.0078816674330260614,0.001,True,constrained_regularized_mve
2018-03-13,gaussian,27,-0.010794027625313748,0.001,True,constrained_regularized_mve
2018-03-14,gaussian,27,0.001202049569668353,0.001,True,constrained_regularized_mve
2018-03-15,gaussian,27,0.0039067779968791645,0.001,True,constrained_regularized_mve
2018-03-16,gaussian,27,0,0.001,True,constrained_regularized_mve
2018-03-19,gaussian,27,0.0064991288912649107,0.001,True,constrained_regularized_mve
2018-03-20,gaussian,27,-0.0065626782168805835,0.001,True,constrained_regularized_mve
2018-03-21,gaussian,27,-0.018018441752975688,0.001,True,constrained_regularized_mve
2018-03-22,gaussian,27,-0.027357233592028695,0.001,True,constrained_regularized_mve
2018-03-23,gaussian,27,0,0.001,True,constrained_regularized_mve
2018-03-26,gaussian,27,-0.0028352293352645673,0.001,True,constrained_regularized_mve
2018-03-27,gaussian,27,0.00043323519973326559,0.001,True,constrained_regularized_mve
2018-03-28,gaussian,27,0.00030161144698622177,0.001,True,constrained_regularized_mve
2018-03-29,gaussian,27,-0.0010325485472456675,0.001,True,constrained_regularized_mve
2018-03-30,gaussian,27,0,0.001,True,constrained_regularized_mve
2018-04-02,gaussian,27,0.0042111116947695579,0.001,True,constrained_regularized_mve
2018-04-03,gaussian,27,-0.0043997134664235504,0.001,True,constrained_regularized_mve
2018-04-04,gaussian,27,0.022412493044383343,0.001,True,constrained_regularized_mve
2018-04-05,gaussian,27,-0.017123648873634285,0.001,True,constrained_regularized_mve
2018-04-06,gaussian,27,0,0.001,True,constrained_regularized_mve
2018-04-09,gaussian,27,0.010879742554223581,0.001,True,constrained_regularized_mve
2018-04-10,gaussian,27,-0.0058071506569200571,0.001,True,constrained_regularized_mve
2018-04-11,gaussian,27,0.016937600822472122,0.001,True,constrained_regularized_mve
2018-04-12,gaussian,27,-0.0017983985103785538,0.001,True,constrained_regularized_mve
2018-04-13,gaussian,27,0,0.001,True,constrained_regularized_mve
2018-04-16,gaussian,27,0.0016349004505434325,0.001,True,constrained_regularized_mve
2018-04-17,gaussian,27,-0.001141371317850443,0.001,True,constrained_regularized_mve
2018-04-18,gaussian,27,0.0094501735529460267,0.001,True,constrained_regularized_mve
2018-04-19,gaussian,27,-0.00035042385122976337,0.001,True,constrained_regularized_mve
2018-04-20,gaussian,27,0,0.001,True,constrained_regularized_mve
2018-04-23,gaussian,27,-0.0026371742493851644,0.001,True,constrained_regularized_mve
2018-04-24,gaussian,27,-0.0062753956373814337,0.001,True,constrained_regularized_mve
2018-04-25,gaussian,27,-0.0046596068843844244,0.001,True,constrained_regularized_mve
2018-04-26,gaussian,27,-0.0045198302163152208,0.001,True,constrained_regularized_mve
2018-04-27,gaussian,27,0,0.001,True,constrained_regularized_mve
2018-04-30,gaussian,27,-0.00094007832318327193,0.001,True,constrained_regularized_mve
2018-05-01,gaussian,27,-0.0070492434927593274,0.001,True,constrained_regularized_mve
2018-05-02,gaussian,27,-0.0081946650141543863,0.001,True,constrained_regularized_mve
2018-05-03,gaussian,27,0.0070000461830040358,0.001,True,constrained_regularized_mve
2018-05-04,gaussian,27,0,0.001,True,constrained_regularized_mve
2018-05-07,gaussian,27,0.0031341731264953841,0.001,True,constrained_regularized_mve
2018-05-08,gaussian,27,0.0072272151493297616,0.001,True,constrained_regularized_mve
2018-05-09,gaussian,27,0.0037373316217004945,0.001,True,constrained_regularized_mve
2018-05-10,gaussian,27,0.0064581923124008385,0.001,True,constrained_regularized_mve
2018-05-11,gaussian,27,0,0.001,True,constrained_regularized_mve
2018-05-14,gaussian,27,0.0028412419273191034,0.001,True,constrained_regularized_mve
2018-05-15,gaussian,27,-0.015449600846521935,0.001,True,constrained_regularized_mve
2018-05-16,gaussian,27,0.00073860874592855804,0.001,True,constrained_regularized_mve
2018-05-17,gaussian,27,-0.013681418695904373,0.001,True,constrained_regularized_mve
2018-05-18,gaussian,27,0,0.001,True,constrained_regularized_mve
2018-05-21,gaussian,27,0.0094402723730860529,0.001,True,constrained_regularized_mve
2018-05-22,gaussian,27,-0.0086872991717755668,0.001,True,constrained_regularized_mve
2018-05-23,gaussian,27,-0.0199095901480815,0.001,True,constrained_regularized_mve
2018-05-24,gaussian,27,-0.0043389758423991913,0.001,True,constrained_regularized_mve
2018-05-25,gaussian,27,0,0.001,True,constrained_regularized_mve
2018-05-28,gaussian,27,-0.037982161180894203,0.001,True,constrained_regularized_mve
2018-05-29,gaussian,27,0.0086938604209140045,0.001,True,constrained_regularized_mve
2018-05-30,gaussian,27,-0.0073992248878874817,0.001,True,constrained_regularized_mve
2018-05-31,gaussian,27,0.0182179291801512,0.001,True,constrained_regularized_mve
2018-06-01,gaussian,27,0,0.001,True,constrained_regularized_mve
2018-06-04,gaussian,27,-0.015420716108571243,0.001,True,constrained_regularized_mve
2018-06-05,gaussian,27,0.017657013037129677,0.001,True,constrained_regularized_mve
2018-06-06,gaussian,27,0.0044515875873379421,0.001,True,constrained_regularized_mve
2018-06-07,gaussian,27,-0.0073135336276335412,0.001,True,constrained_regularized_mve
2018-06-08,gaussian,27,0,0.001,True,constrained_regularized_mve
2018-06-11,gaussian,27,-0.0046160754218248536,0.001,True,constrained_regularized_mve
2018-06-12,gaussian,27,-0.0029003803684357673,0.001,True,constrained_regularized_mve
2018-06-13,gaussian,27,0.0011966079686172291,0.001,True,constrained_regularized_mve
2018-06-14,gaussian,27,-0.01355067020443426,0.001,True,constrained_regularized_mve
2018-06-15,gaussian,27,0,0.001,True,constrained_regularized_mve
2018-06-18,gaussian,27,-0.0023235152906185049,0.001,True,constrained_regularized_mve
2018-06-19,gaussian,27,-0.0011134981981044121,0.001,True,constrained_regularized_mve
2018-06-20,gaussian,27,-0.015265772321372757,0.001,True,constrained_regularized_mve
2018-06-21,gaussian,27,0.011103991790407788,0.001,True,constrained_regularized_mve
2018-06-22,gaussian,27,0,0.001,True,constrained_regularized_mve
2018-06-25,gaussian,27,0.00051450600465650454,0.001,True,constrained_regularized_mve
2018-06-26,gaussian,27,-0.0090906602753310951,0.001,True,constrained_regularized_mve
2018-06-27,gaussian,27,0.0043009621472745634,0.001,True,constrained_regularized_mve
2018-06-28,gaussian,27,0.0022962767678965665,0.001,True,constrained_regularized_mve
2018-06-29,gaussian,27,0,0.001,True,constrained_regularized_mve
2018-07-02,gaussian,28,-0.0050334314057513142,0.0001,True,constrained_regularized_mve
2018-07-03,gaussian,28,0.0020526742702121395,0.0001,True,constrained_regularized_mve
2018-07-04,gaussian,28,0.0080218974772490494,0.0001,True,constrained_regularized_mve
2018-07-05,gaussian,28,0.0072912498346627578,0.0001,True,constrained_regularized_mve
2018-07-06,gaussian,28,0,0.0001,True,constrained_regularized_mve
2018-07-09,gaussian,28,-0.0067225900662134805,0.0001,True,constrained_regularized_mve
2018-07-10,gaussian,28,-0.010889644951563958,0.0001,True,constrained_regularized_mve
2018-07-11,gaussian,28,-0.0026255607114760628,0.0001,True,constrained_regularized_mve
2018-07-12,gaussian,28,-0.0026007459668741452,0.0001,True,constrained_regularized_mve
2018-07-13,gaussian,28,0,0.0001,True,constrained_regularized_mve
2018-07-16,gaussian,28,0.00064702994053240806,0.0001,True,constrained_regularized_mve
2018-07-17,gaussian,28,-0.0015972000278464326,0.0001,True,constrained_regularized_mve
2018-07-18,gaussian,28,-0.0049923266891369776,0.0001,True,constrained_regularized_mve
2018-07-19,gaussian,28,0.002447419477068463,0.0001,True,constrained_regularized_mve
2018-07-20,gaussian,28,0,0.0001,True,constrained_regularized_mve
2018-07-23,gaussian,28,0.0097714771232599931,0.0001,True,constrained_regularized_mve
2018-07-24,gaussian,28,-0.00043651848920455729,0.0001,True,constrained_regularized_mve
2018-07-25,gaussian,28,0.012449540730511044,0.0001,True,constrained_regularized_mve
2018-07-26,gaussian,28,0.0027594633221444138,0.0001,True,constrained_regularized_mve
2018-07-27,gaussian,28,0,0.0001,True,constrained_regularized_mve
2018-07-30,gaussian,28,0.0008962232202247638,0.0001,True,constrained_regularized_mve
2018-07-31,gaussian,28,-0.0024831092377942902,0.0001,True,constrained_regularized_mve
2018-08-01,gaussian,28,-0.01742811894422059,0.0001,True,constrained_regularized_mve
2018-08-02,gaussian,28,0.00037914937306756372,0.0001,True,constrained_regularized_mve
2018-08-03,gaussian,28,0,0.0001,True,constrained_regularized_mve
2018-08-06,gaussian,28,0.0030536473723107747,0.0001,True,constrained_regularized_mve
2018-08-07,gaussian,28,0.0037727953914545162,0.0001,True,constrained_regularized_mve
2018-08-08,gaussian,28,-0.0066412326374601224,0.0001,True,constrained_regularized_mve
2018-08-09,gaussian,28,-0.026961165736387353,0.0001,True,constrained_regularized_mve
2018-08-10,gaussian,28,0,0.0001,True,constrained_regularized_mve
2018-08-13,gaussian,28,-0.0012021445841173272,0.0001,True,constrained_regularized_mve
2018-08-14,gaussian,28,-0.011376065759432889,0.0001,True,constrained_regularized_mve
2018-08-15,gaussian,28,0.0067778071086397763,0.0001,True,constrained_regularized_mve
2018-08-16,gaussian,28,-0.00065769947361600349,0.0001,True,constrained_regularized_mve
2018-08-17,gaussian,28,0,0.0001,True,constrained_regularized_mve
2018-08-20,gaussian,28,0.010565670848468345,0.0001,True,constrained_regularized_mve
2018-08-21,gaussian,28,0.0075561158287171725,0.0001,True,constrained_regularized_mve
2018-08-22,gaussian,28,-0.0052231501475748345,0.0001,True,constrained_regularized_mve
2018-08-23,gaussian,28,-0.002082903715797542,0.0001,True,constrained_regularized_mve
2018-08-24,gaussian,28,0,0.0001,True,constrained_regularized_mve
2018-08-27,gaussian,28,-0.0030372303191296109,0.0001,True,constrained_regularized_mve
2018-08-28,gaussian,28,0.0017202929040749278,0.0001,True,constrained_regularized_mve
2018-08-29,gaussian,28,-0.0072024564503164251,0.0001,True,constrained_regularized_mve
2018-08-30,gaussian,28,-0.0096991743137134299,0.0001,True,constrained_regularized_mve
2018-08-31,gaussian,28,0,0.0001,True,constrained_regularized_mve
2018-09-03,gaussian,28,0.0039077038801200179,0.0001,True,constrained_regularized_mve
2018-09-04,gaussian,28,-0.00061024666243604335,0.0001,True,constrained_regularized_mve
2018-09-05,gaussian,28,-0.0080614438326485783,0.0001,True,constrained_regularized_mve
2018-09-06,gaussian,28,-0.0074025510732687941,0.0001,True,constrained_regularized_mve
2018-09-07,gaussian,28,0,0.0001,True,constrained_regularized_mve
2018-09-10,gaussian,28,0.00037283194392964062,0.0001,True,constrained_regularized_mve
2018-09-11,gaussian,28,-0.0068977134589505466,0.0001,True,constrained_regularized_mve
2018-09-12,gaussian,28,0.0042538525950785704,0.0001,True,constrained_regularized_mve
2018-09-13,gaussian,28,0.0057499016609916563,0.0001,True,constrained_regularized_mve
2018-09-14,gaussian,28,0,0.0001,True,constrained_regularized_mve
2018-09-17,gaussian,28,0.0034487258225490056,0.0001,True,constrained_regularized_mve
2018-09-18,gaussian,28,0.022751097949828582,0.0001,True,constrained_regularized_mve
2018-09-19,gaussian,28,0.013088187341983587,0.0001,True,constrained_regularized_mve
2018-09-20,gaussian,28,0.010430246372161623,0.0001,True,constrained_regularized_mve
2018-09-21,gaussian,28,0,0.0001,True,constrained_regularized_mve
2018-09-24,gaussian,28,0.0014337897687773892,0.0001,True,constrained_regularized_mve
2018-09-25,gaussian,28,-0.0084129833148495464,0.0001,True,constrained_regularized_mve
2018-09-26,gaussian,28,-0.0051502749111197845,0.0001,True,constrained_regularized_mve
2018-09-27,gaussian,28,-0.028004453958284093,0.0001,True,constrained_regularized_mve
2018-09-28,gaussian,28,0,0.0001,True,constrained_regularized_mve
2018-10-01,gaussian,28,-0.0095171762937647751,0.0001,True,constrained_regularized_mve
2018-10-02,gaussian,28,0.0036419663746968915,0.0001,True,constrained_regularized_mve
2018-10-03,gaussian,28,0.004845037788865407,0.0001,True,constrained_regularized_mve
2018-10-04,gaussian,28,-0.0030882708798430037,0.0001,True,constrained_regularized_mve
2018-10-05,gaussian,28,0,0.0001,True,constrained_regularized_mve
2018-10-08,gaussian,28,-0.00061009763949161264,0.0001,True,constrained_regularized_mve
2018-10-09,gaussian,28,-0.0048946002575691551,0.0001,True,constrained_regularized_mve
2018-10-10,gaussian,28,-0.023802282628342657,0.0001,True,constrained_regularized_mve
2018-10-11,gaussian,28,-0.0058896090411901369,0.0001,True,constrained_regularized_mve
2018-10-12,gaussian,28,0,0.0001,True,constrained_regularized_mve
2018-10-15,gaussian,28,0.0086904203092763414,0.0001,True,constrained_regularized_mve
2018-10-16,gaussian,28,0.0060974716200771061,0.0001,True,constrained_regularized_mve
2018-10-17,gaussian,28,-0.019528191448138003,0.0001,True,constrained_regularized_mve
2018-10-18,gaussian,28,-0.0028511519176886565,0.0001,True,constrained_regularized_mve
2018-10-19,gaussian,28,0,0.0001,True,constrained_regularized_mve
2018-10-22,gaussian,28,-0.011448251993122317,0.0001,True,constrained_regularized_mve
2018-10-23,gaussian,28,-0.021646178928625706,0.0001,True,constrained_regularized_mve
2018-10-24,gaussian,28,0.01122734882943228,0.0001,True,constrained_regularized_mve
2018-10-25,gaussian,28,-0.016232138791707974,0.0001,True,constrained_regularized_mve
2018-10-26,gaussian,28,0,0.0001,True,constrained_regularized_mve
2018-10-29,gaussian,28,0.0027945165896488579,0.0001,True,constrained_regularized_mve
2018-10-30,gaussian,28,0.011148790804430412,0.0001,True,constrained_regularized_mve
2018-10-31,gaussian,28,0.010875448501731505,0.0001,True,constrained_regularized_mve
2018-11-01,gaussian,28,0.011808638513387855,0.0001,True,constrained_regularized_mve
2018-11-02,gaussian,28,0,0.0001,True,constrained_regularized_mve
2018-11-05,gaussian,28,-0.0031292650674248452,0.0001,True,constrained_regularized_mve
2018-11-06,gaussian,28,0.013500797105963698,0.0001,True,constrained_regularized_mve
2018-11-07,gaussian,28,0.012409687719751704,0.0001,True,constrained_regularized_mve
2018-11-08,gaussian,28,-0.014231825735001348,0.0001,True,constrained_regularized_mve
2018-11-09,gaussian,28,0,0.0001,True,constrained_regularized_mve
2018-11-12,gaussian,28,0.007522863348783047,0.0001,True,constrained_regularized_mve
2018-11-13,gaussian,28,-0.0036697076573081865,0.0001,True,constrained_regularized_mve
2018-11-14,gaussian,28,0.003154259307275913,0.0001,True,constrained_regularized_mve
2018-11-15,gaussian,28,-0.01261522511629961,0.0001,True,constrained_regularized_mve
2018-11-16,gaussian,28,0,0.0001,True,constrained_regularized_mve
2018-11-19,gaussian,28,-0.020544536550708169,0.0001,True,constrained_regularized_mve
2018-11-20,gaussian,28,0.011363469302682401,0.0001,True,constrained_regularized_mve
2018-11-21,gaussian,28,-0.0029299244287597317,0.0001,True,constrained_regularized_mve
2018-11-22,gaussian,28,0.0030938186137154408,0.0001,True,constrained_regularized_mve
2018-11-23,gaussian,28,0,0.0001,True,constrained_regularized_mve
2018-11-26,gaussian,28,-0.0041731301371709601,0.0001,True,constrained_regularized_mve
2018-11-27,gaussian,28,0.0025194504263198318,0.0001,True,constrained_regularized_mve
2018-11-28,gaussian,28,0.00050062352314350915,0.0001,True,constrained_regularized_mve
2018-11-29,gaussian,28,-0.005240467488064799,0.0001,True,constrained_regularized_mve
2018-11-30,gaussian,28,0,0.0001,True,constrained_regularized_mve
2018-12-03,gaussian,28,-0.033951581842634027,0.0001,True,constrained_regularized_mve
2018-12-04,gaussian,28,-0.0027980173126572697,0.0001,True,constrained_regularized_mve
2018-12-05,gaussian,28,-0.037304987458177327,0.0001,True,constrained_regularized_mve
2018-12-06,gaussian,28,-0.0020527492242988759,0.0001,True,constrained_regularized_mve
2018-12-07,gaussian,28,0,0.0001,True,constrained_regularized_mve
2018-12-10,gaussian,28,-0.0053194433664561615,0.0001,True,constrained_regularized_mve
2018-12-11,gaussian,28,0.0093995777778952006,0.0001,True,constrained_regularized_mve
2018-12-12,gaussian,28,0.0049666895349046508,0.0001,True,constrained_regularized_mve
2018-12-13,gaussian,28,-0.010221298175741468,0.0001,True,constrained_regularized_mve
2018-12-14,gaussian,28,0,0.0001,True,constrained_regularized_mve
2018-12-17,gaussian,28,0.0015071171307104354,0.0001,True,constrained_regularized_mve
2018-12-18,gaussian,28,-0.0060262443008135937,0.0001,True,constrained_regularized_mve
2018-12-19,gaussian,28,-0.019866708982480403,0.0001,True,constrained_regularized_mve
2018-12-20,gaussian,28,-0.0005169128167971925,0.0001,True,constrained_regularized_mve
2018-12-21,gaussian,28,0,0.0001,True,constrained_regularized_mve
2018-12-24,gaussian,28,0.0011220189671383462,0.0001,True,constrained_regularized_mve
2018-12-25,gaussian,28,0.025886882443104452,0.0001,True,constrained_regularized_mve
2018-12-26,gaussian,28,0.0020576700299008927,0.0001,True,constrained_regularized_mve
2018-12-27,gaussian,28,0.024586043255518567,0.0001,True,constrained_regularized_mve
2018-12-28,gaussian,28,0,0.0001,True,constrained_regularized_mve
2018-12-31,gaussian,28,0.0036470587766617075,0.0001,True,constrained_regularized_mve
2019-01-01,gaussian,29,0.0096377364437882102,0.001,True,constrained_regularized_mve
2019-01-02,gaussian,29,-0.013198967834576828,0.001,True,constrained_regularized_mve
2019-01-03,gaussian,29,0.037147105522374164,0.001,True,constrained_regularized_mve
2019-01-04,gaussian,29,0,0.001,True,constrained_regularized_mve
2019-01-07,gaussian,29,0.0088335932014240153,0.001,True,constrained_regularized_mve
2019-01-08,gaussian,29,0.0015345976571725514,0.001,True,constrained_regularized_mve
2019-01-09,gaussian,29,0.0099761112768791873,0.001,True,constrained_regularized_mve
2019-01-10,gaussian,29,0.0001903047400639441,0.001,True,constrained_regularized_mve
2019-01-11,gaussian,29,0,0.001,True,constrained_regularized_mve
2019-01-14,gaussian,29,0.0018017765140750028,0.001,True,constrained_regularized_mve
2019-01-15,gaussian,29,0.023770636162377533,0.001,True,constrained_regularized_mve
2019-01-16,gaussian,29,-0.0025925931718967315,0.001,True,constrained_regularized_mve
2019-01-17,gaussian,29,0.024655616806415519,0.001,True,constrained_regularized_mve
2019-01-18,gaussian,29,0,0.001,True,constrained_regularized_mve
2019-01-21,gaussian,29,-0.010972778277890905,0.001,True,constrained_regularized_mve
2019-01-22,gaussian,29,0.0020315600815864585,0.001,True,constrained_regularized_mve
2019-01-23,gaussian,29,0.0037941262133027042,0.001,True,constrained_regularized_mve
2019-01-24,gaussian,29,0.01442673201122322,0.001,True,constrained_regularized_mve
2019-01-25,gaussian,29,0,0.001,True,constrained_regularized_mve
2019-01-28,gaussian,29,-0.00049549553788077788,0.001,True,constrained_regularized_mve
2019-01-29,gaussian,29,0.0027868449327173007,0.001,True,constrained_regularized_mve
2019-01-30,gaussian,29,-0.011195381813209112,0.001,True,constrained_regularized_mve
2019-01-31,gaussian,29,-0.0072375931585809154,0.001,True,constrained_regularized_mve
2019-02-01,gaussian,29,0,0.001,True,constrained_regularized_mve
2019-02-04,gaussian,29,0.011828961608460925,0.001,True,constrained_regularized_mve
2019-02-05,gaussian,29,0.011222872042420964,0.001,True,constrained_regularized_mve
2019-02-06,gaussian,29,-0.022638263805722911,0.001,True,constrained_regularized_mve
2019-02-07,gaussian,29,-0.01245167956985011,0.001,True,constrained_regularized_mve
2019-02-08,gaussian,29,0,0.001,True,constrained_regularized_mve
2019-02-11,gaussian,29,0.011118934710644799,0.001,True,constrained_regularized_mve
2019-02-12,gaussian,29,0.00364036813930347,0.001,True,constrained_regularized_mve
2019-02-13,gaussian,29,-0.012663063979509661,0.001,True,constrained_regularized_mve
2019-02-14,gaussian,29,0.029382819261733507,0.001,True,constrained_regularized_mve
2019-02-15,gaussian,29,0,0.001,True,constrained_regularized_mve
2019-02-18,gaussian,29,-0.003029107153459346,0.001,True,constrained_regularized_mve
2019-02-19,gaussian,29,0.0075353299362202275,0.001,True,constrained_regularized_mve
2019-02-20,gaussian,29,-0.0093938404211401094,0.001,True,constrained_regularized_mve
2019-02-21,gaussian,29,0.0013694912017469822,0.001,True,constrained_regularized_mve
2019-02-22,gaussian,29,0,0.001,True,constrained_regularized_mve
2019-02-25,gaussian,29,0.0013765682381515528,0.001,True,constrained_regularized_mve
2019-02-26,gaussian,29,0.011922740771884334,0.001,True,constrained_regularized_mve
2019-02-27,gaussian,29,-0.00073592612676006428,0.001,True,constrained_regularized_mve
2019-02-28,gaussian,29,0.0022826306416383691,0.001,True,constrained_regularized_mve
2019-03-01,gaussian,29,0,0.001,True,constrained_regularized_mve
2019-03-04,gaussian,29,-0.0056646394549371357,0.001,True,constrained_regularized_mve
2019-03-05,gaussian,29,-0.0036325160144170337,0.001,True,constrained_regularized_mve
2019-03-06,gaussian,29,-0.017424573933331817,0.001,True,constrained_regularized_mve
2019-03-07,gaussian,29,-0.023017897384746133,0.001,True,constrained_regularized_mve
2019-03-08,gaussian,29,0,0.001,True,constrained_regularized_mve
2019-03-11,gaussian,29,0.0053332995750372094,0.001,True,constrained_regularized_mve
2019-03-12,gaussian,29,0.010563436680184861,0.001,True,constrained_regularized_mve
2019-03-13,gaussian,29,0.0089838174066285588,0.001,True,constrained_regularized_mve
2019-03-14,gaussian,29,0.0055240402100014008,0.001,True,constrained_regularized_mve
2019-03-15,gaussian,29,0,0.001,True,constrained_regularized_mve
2019-03-18,gaussian,29,-0.001353610213992325,0.001,True,constrained_regularized_mve
2019-03-19,gaussian,29,-0.015632368644091559,0.001,True,constrained_regularized_mve
2019-03-20,gaussian,29,-0.01591395448088424,0.001,True,constrained_regularized_mve
2019-03-21,gaussian,29,-0.028100645388159144,0.001,True,constrained_regularized_mve
2019-03-22,gaussian,29,0,0.001,True,constrained_regularized_mve
2019-03-25,gaussian,29,0.0067591246475222225,0.001,True,constrained_regularized_mve
2019-03-26,gaussian,29,0.010943324486118138,0.001,True,constrained_regularized_mve
2019-03-27,gaussian,29,-0.00084288497107764214,0.001,True,constrained_regularized_mve
2019-03-28,gaussian,29,0.0025166554263436622,0.001,True,constrained_regularized_mve
2019-03-29,gaussian,29,0,0.001,True,constrained_regularized_mve
2019-04-01,gaussian,29,0.0037094708342959829,0.001,True,constrained_regularized_mve
2019-04-02,gaussian,29,0.012834867446565812,0.001,True,constrained_regularized_mve
2019-04-03,gaussian,29,0.0048470571931810234,0.001,True,constrained_regularized_mve
2019-04-04,gaussian,29,-0.0053308887849170244,0.001,True,constrained_regularized_mve
2019-04-05,gaussian,29,0,0.001,True,constrained_regularized_mve
2019-04-08,gaussian,29,-0.00042274193977468306,0.001,True,constrained_regularized_mve
2019-04-09,gaussian,29,-0.00092308952517871138,0.001,True,constrained_regularized_mve
2019-04-10,gaussian,29,0.010315734179746818,0.001,True,constrained_regularized_mve
2019-04-11,gaussian,29,0.017830196510942881,0.001,True,constrained_regularized_mve
2019-04-12,gaussian,29,0,0.001,True,constrained_regularized_mve
2019-04-15,gaussian,29,0.011199573243168724,0.001,True,constrained_regularized_mve
2019-04-16,gaussian,29,0.0084267448297846992,0.001,True,constrained_regularized_mve
2019-04-17,gaussian,29,-0.0019264780373025802,0.001,True,constrained_regularized_mve
2019-04-18,gaussian,29,-0.0026729804374632455,0.001,True,constrained_regularized_mve
2019-04-19,gaussian,29,0,0.001,True,constrained_regularized_mve
2019-04-22,gaussian,29,-0.0027020731344506643,0.001,True,constrained_regularized_mve
2019-04-23,gaussian,29,-0.015616312026174022,0.001,True,constrained_regularized_mve
2019-04-24,gaussian,29,-0.0081901060883635569,0.001,True,constrained_regularized_mve
2019-04-25,gaussian,29,0.00095387596434270863,0.001,True,constrained_regularized_mve
2019-04-26,gaussian,29,0,0.001,True,constrained_regularized_mve
2019-04-29,gaussian,29,0.00094152579698264505,0.001,True,constrained_regularized_mve
2019-04-30,gaussian,29,0.0019276140035015936,0.001,True,constrained_regularized_mve
2019-05-01,gaussian,29,0.00060707070184611435,0.001,True,constrained_regularized_mve
2019-05-02,gaussian,29,-0.00027342103039335307,0.001,True,constrained_regularized_mve
2019-05-03,gaussian,29,0,0.001,True,constrained_regularized_mve
2019-05-06,gaussian,29,-0.022799019545313999,0.001,True,constrained_regularized_mve
2019-05-07,gaussian,29,-0.003581294580017557,0.001,True,constrained_regularized_mve
2019-05-08,gaussian,29,-0.013288186366849608,0.001,True,constrained_regularized_mve
2019-05-09,gaussian,29,0.0026301102766262087,0.001,True,constrained_regularized_mve
2019-05-10,gaussian,29,0,0.001,True,constrained_regularized_mve
2019-05-13,gaussian,29,0.0067607393168219853,0.001,True,constrained_regularized_mve
2019-05-14,gaussian,29,-0.0037243014953133955,0.001,True,constrained_regularized_mve
2019-05-15,gaussian,29,0.010530060783978631,0.001,True,constrained_regularized_mve
2019-05-16,gaussian,29,-0.01055487950729901,0.001,True,constrained_regularized_mve
2019-05-17,gaussian,29,0,0.001,True,constrained_regularized_mve
2019-05-20,gaussian,29,0.0070265050413512052,0.001,True,constrained_regularized_mve
2019-05-21,gaussian,29,-0.0099375021621082756,0.001,True,constrained_regularized_mve
2019-05-22,gaussian,29,-0.019729596872476267,0.001,True,constrained_regularized_mve
2019-05-23,gaussian,29,0.0071947231882839449,0.001,True,constrained_regularized_mve
2019-05-24,gaussian,29,0,0.001,True,constrained_regularized_mve
2019-05-27,gaussian,29,-0.012606136884589371,0.001,True,constrained_regularized_mve
2019-05-28,gaussian,29,-0.0052558228429168798,0.001,True,constrained_regularized_mve
2019-05-29,gaussian,29,0.00035789263267406706,0.001,True,constrained_regularized_mve
2019-05-30,gaussian,29,-0.014315665333275798,0.001,True,constrained_regularized_mve
2019-05-31,gaussian,29,0,0.001,True,constrained_regularized_mve
2019-06-03,gaussian,29,0.028439674152490428,0.001,True,constrained_regularized_mve
2019-06-04,gaussian,29,0.00049292077305087298,0.001,True,constrained_regularized_mve
2019-06-05,gaussian,29,-0.009004416683062462,0.001,True,constrained_regularized_mve
2019-06-06,gaussian,29,0.0023519992316255733,0.001,True,constrained_regularized_mve
2019-06-07,gaussian,29,0,0.001,True,constrained_regularized_mve
2019-06-10,gaussian,29,0.0047781266596547698,0.001,True,constrained_regularized_mve
2019-06-11,gaussian,29,-0.012314299033120885,0.001,True,constrained_regularized_mve
2019-06-12,gaussian,29,-0.0016340314801201207,0.001,True,constrained_regularized_mve
2019-06-13,gaussian,29,-0.0048066782637887608,0.001,True,constrained_regularized_mve
2019-06-14,gaussian,29,0,0.001,True,constrained_regularized_mve
2019-06-17,gaussian,29,0.015123607041541197,0.001,True,constrained_regularized_mve
2019-06-18,gaussian,29,0.009003080389510483,0.001,True,constrained_regularized_mve
2019-06-19,gaussian,29,-0.0005810015405964831,0.001,True,constrained_regularized_mve
2019-06-20,gaussian,29,0.0019997916312122863,0.001,True,constrained_regularized_mve
2019-06-21,gaussian,29,0,0.001,True,constrained_regularized_mve
2019-06-24,gaussian,29,-0.0048415292613945846,0.001,True,constrained_regularized_mve
2019-06-25,gaussian,29,0.0072280126181257518,0.001,True,constrained_regularized_mve
2019-06-26,gaussian,29,0.0079963352916322637,0.001,True,constrained_regularized_mve
2019-06-27,gaussian,29,0.0071778408213016833,0.001,True,constrained_regularized_mve
2019-06-28,gaussian,29,0,0.001,True,constrained_regularized_mve
2019-07-01,gaussian,30,-0.0058561170715448682,0.01,True,constrained_regularized_mve
2019-07-02,gaussian,30,0.011385577299953821,0.01,True,constrained_regularized_mve
2019-07-03,gaussian,30,0.0030977147804550787,0.01,True,constrained_regularized_mve
2019-07-04,gaussian,30,0.0051365874259621117,0.01,True,constrained_regularized_mve
2019-07-05,gaussian,30,0,0.01,True,constrained_regularized_mve
2019-07-08,gaussian,30,-0.0016205740291034868,0.01,True,constrained_regularized_mve
2019-07-09,gaussian,30,0.0018951607546761711,0.01,True,constrained_regularized_mve
2019-07-10,gaussian,30,0.0073499206171330047,0.01,True,constrained_regularized_mve
2019-07-11,gaussian,30,0.0015616828036863783,0.01,True,constrained_regularized_mve
2019-07-12,gaussian,30,0,0.01,True,constrained_regularized_mve
2019-07-15,gaussian,30,0.0053585715390995596,0.01,True,constrained_regularized_mve
2019-07-16,gaussian,30,-0.010501059391346428,0.01,True,constrained_regularized_mve
2019-07-17,gaussian,30,0.0018179494978394872,0.01,True,constrained_regularized_mve
2019-07-18,gaussian,30,-0.0049592746875890079,0.01,True,constrained_regularized_mve
2019-07-19,gaussian,30,0,0.01,True,constrained_regularized_mve
2019-07-22,gaussian,30,0.01487573185973926,0.01,True,constrained_regularized_mve
2019-07-23,gaussian,30,-0.0030385188143185644,0.01,True,constrained_regularized_mve
2019-07-24,gaussian,30,-0.00092220529277116793,0.01,True,constrained_regularized_mve
2019-07-25,gaussian,30,0.0034614678286159243,0.01,True,constrained_regularized_mve
2019-07-26,gaussian,30,0,0.01,True,constrained_regularized_mve
2019-07-29,gaussian,30,-0.01608151777075369,0.01,True,constrained_regularized_mve
2019-07-30,gaussian,30,-0.0027812458477964493,0.01,True,constrained_regularized_mve
2019-07-31,gaussian,30,-0.012654021359335646,0.01,True,constrained_regularized_mve
2019-08-01,gaussian,30,-0.021586170696626879,0.01,True,constrained_regularized_mve
2019-08-02,gaussian,30,0,0.01,True,constrained_regularized_mve
2019-08-05,gaussian,30,0.0082747612092731442,0.01,True,constrained_regularized_mve
2019-08-06,gaussian,30,-0.01367449757744228,0.01,True,constrained_regularized_mve
2019-08-07,gaussian,30,0.010554469646209126,0.01,True,constrained_regularized_mve
2019-08-08,gaussian,30,-0.013511956278886255,0.01,True,constrained_regularized_mve
2019-08-09,gaussian,30,0,0.01,True,constrained_regularized_mve
2019-08-12,gaussian,30,0.012778471807657465,0.01,True,constrained_regularized_mve
2019-08-13,gaussian,30,-0.033525837637923279,0.01,True,constrained_regularized_mve
2019-08-14,gaussian,30,-0.013181141683940946,0.01,True,constrained_regularized_mve
2019-08-15,gaussian,30,0.021190326438571563,0.01,True,constrained_regularized_mve
2019-08-16,gaussian,30,0,0.01,True,constrained_regularized_mve
2019-08-19,gaussian,30,-0.01164907242512999,0.01,True,constrained_regularized_mve
2019-08-20,gaussian,30,0.0028050295662113969,0.01,True,constrained_regularized_mve
2019-08-21,gaussian,30,0.0078726101920363924,0.01,True,constrained_regularized_mve
2019-08-22,gaussian,30,-0.015575112751891008,0.01,True,constrained_regularized_mve
2019-08-23,gaussian,30,0,0.01,True,constrained_regularized_mve
2019-08-26,gaussian,30,-0.0053280036637278951,0.01,True,constrained_regularized_mve
2019-08-27,gaussian,30,0.0048642343657869713,0.01,True,constrained_regularized_mve
2019-08-28,gaussian,30,0.01602478211876238,0.01,True,constrained_regularized_mve
2019-08-29,gaussian,30,0.0014742881083154322,0.01,True,constrained_regularized_mve
2019-08-30,gaussian,30,0,0.01,True,constrained_regularized_mve
2019-09-02,gaussian,30,-0.010436257785814041,0.01,True,constrained_regularized_mve
2019-09-03,gaussian,30,0.012032452303339903,0.01,True,constrained_regularized_mve
2019-09-04,gaussian,30,0.028877345390469746,0.01,True,constrained_regularized_mve
2019-09-05,gaussian,30,0.00087550377762624131,0.01,True,constrained_regularized_mve
2019-09-06,gaussian,30,0,0.01,True,constrained_regularized_mve
2019-09-09,gaussian,30,0.02418608935468277,0.01,True,constrained_regularized_mve
2019-09-10,gaussian,30,0.0077832816099189699,0.01,True,constrained_regularized_mve
2019-09-11,gaussian,30,0.00051599618101582051,0.01,True,constrained_regularized_mve
2019-09-12,gaussian,30,0.020346750641566901,0.01,True,constrained_regularized_mve
2019-09-13,gaussian,30,0,0.01,True,constrained_regularized_mve
2019-09-16,gaussian,30,-0.021225988221971619,0.01,True,constrained_regularized_mve
2019-09-17,gaussian,30,0.0028146647052967174,0.01,True,constrained_regularized_mve
2019-09-18,gaussian,30,0.0076313554597284882,0.01,True,constrained_regularized_mve
2019-09-19,gaussian,30,0.0095451836403375699,0.01,True,constrained_regularized_mve
2019-09-20,gaussian,30,0,0.01,True,constrained_regularized_mve
2019-09-23,gaussian,30,-0.013204327263671149,0.01,True,constrained_regularized_mve
2019-09-24,gaussian,30,0.0056114194339967165,0.01,True,constrained_regularized_mve
2019-09-25,gaussian,30,-0.0042869074303103676,0.01,True,constrained_regularized_mve
2019-09-26,gaussian,30,0.0076504711653842513,0.01,True,constrained_regularized_mve
2019-09-27,gaussian,30,0,0.01,True,constrained_regularized_mve
2019-09-30,gaussian,30,-0.021356321135967162,0.01,True,constrained_regularized_mve
2019-10-01,gaussian,30,-0.025170477789760368,0.01,True,constrained_regularized_mve
2019-10-02,gaussian,30,-0.0022629653252961841,0.01,True,constrained_regularized_mve
2019-10-03,gaussian,30,0.0092564665923620931,0.01,True,constrained_regularized_mve
2019-10-04,gaussian,30,0,0.01,True,constrained_regularized_mve
2019-10-07,gaussian,30,-0.016677479426951605,0.01,True,constrained_regularized_mve
2019-10-08,gaussian,30,0.0024184622379919197,0.01,True,constrained_regularized_mve
2019-10-09,gaussian,30,0.019970609054606583,0.01,True,constrained_regularized_mve
2019-10-10,gaussian,30,0.028479204638185984,0.01,True,constrained_regularized_mve
2019-10-11,gaussian,30,0,0.01,True,constrained_regularized_mve
2019-10-14,gaussian,30,0.021388461065867719,0.01,True,constrained_regularized_mve
2019-10-15,gaussian,30,0.0053971385063603184,0.01,True,constrained_regularized_mve
2019-10-16,gaussian,30,0.0017876736195135111,0.01,True,constrained_regularized_mve
2019-10-17,gaussian,30,0.0030087963555946715,0.01,True,constrained_regularized_mve
2019-10-18,gaussian,30,0,0.01,True,constrained_regularized_mve
2019-10-21,gaussian,30,0.0028596829230813857,0.01,True,constrained_regularized_mve
2019-10-22,gaussian,30,0.00045465782385093828,0.01,True,constrained_regularized_mve
2019-10-23,gaussian,30,-0.00013555664824530246,0.01,True,constrained_regularized_mve
2019-10-24,gaussian,30,0.0035718185651956212,0.01,True,constrained_regularized_mve
2019-10-25,gaussian,30,0,0.01,True,constrained_regularized_mve
2019-10-28,gaussian,30,0.0019468784301091119,0.01,True,constrained_regularized_mve
2019-10-29,gaussian,30,-0.016052046308983697,0.01,True,constrained_regularized_mve
2019-10-30,gaussian,30,-0.0054964954393828267,0.01,True,constrained_regularized_mve
2019-10-31,gaussian,30,0.0133831335250749,0.01,True,constrained_regularized_mve
2019-11-01,gaussian,30,0,0.01,True,constrained_regularized_mve
2019-11-04,gaussian,30,0.0070269025315386731,0.01,True,constrained_regularized_mve
2019-11-05,gaussian,30,0.0011676502708742986,0.01,True,constrained_regularized_mve
2019-11-06,gaussian,30,0.01322030828864105,0.01,True,constrained_regularized_mve
2019-11-07,gaussian,30,-0.0097979999278427869,0.01,True,constrained_regularized_mve
2019-11-08,gaussian,30,0,0.01,True,constrained_regularized_mve
2019-11-11,gaussian,30,0.0049863667330234977,0.01,True,constrained_regularized_mve
2019-11-12,gaussian,30,-0.015550532687206077,0.01,True,constrained_regularized_mve
2019-11-13,gaussian,30,-0.0036147841464502081,0.01,True,constrained_regularized_mve
2019-11-14,gaussian,30,0.0077672287421893275,0.01,True,constrained_regularized_mve
2019-11-15,gaussian,30,0,0.01,True,constrained_regularized_mve
2019-11-18,gaussian,30,0.0028389330272090086,0.01,True,constrained_regularized_mve
2019-11-19,gaussian,30,-0.0060670858929457406,0.01,True,constrained_regularized_mve
2019-11-20,gaussian,30,0.00029159017580917835,0.01,True,constrained_regularized_mve
2019-11-21,gaussian,30,0.0082463129578794325,0.01,True,constrained_regularized_mve
2019-11-22,gaussian,30,0,0.01,True,constrained_regularized_mve
2019-11-25,gaussian,30,-0.0030426412920999987,0.01,True,constrained_regularized_mve
2019-11-26,gaussian,30,0.0031263934052804749,0.01,True,constrained_regularized_mve
2019-11-27,gaussian,30,-0.0028056152409786633,0.01,True,constrained_regularized_mve
2019-11-28,gaussian,30,-0.0038059728270653389,0.01,True,constrained_regularized_mve
2019-11-29,gaussian,30,0,0.01,True,constrained_regularized_mve
2019-12-02,gaussian,30,-0.013313331827476167,0.01,True,constrained_regularized_mve
2019-12-03,gaussian,30,0.017388421517552433,0.01,True,constrained_regularized_mve
2019-12-04,gaussian,30,0.002700535859987082,0.01,True,constrained_regularized_mve
2019-12-05,gaussian,30,0.014700375691584543,0.01,True,constrained_regularized_mve
2019-12-06,gaussian,30,0,0.01,True,constrained_regularized_mve
2019-12-09,gaussian,30,-0.0013005827400419184,0.01,True,constrained_regularized_mve
2019-12-10,gaussian,30,-0.0013462984548407628,0.01,True,constrained_regularized_mve
2019-12-11,gaussian,30,0.024622314475191556,0.01,True,constrained_regularized_mve
2019-12-12,gaussian,30,0.015287096465520539,0.01,True,constrained_regularized_mve
2019-12-13,gaussian,30,0,0.01,True,constrained_regularized_mve
2019-12-16,gaussian,30,-0.0076974526298096502,0.01,True,constrained_regularized_mve
2019-12-17,gaussian,30,-0.0021456909749582465,0.01,True,constrained_regularized_mve
2019-12-18,gaussian,30,-0.00053656206028219675,0.01,True,constrained_regularized_mve
2019-12-19,gaussian,30,-0.0029624741239464886,0.01,True,constrained_regularized_mve
2019-12-20,gaussian,30,0,0.01,True,constrained_regularized_mve
2019-12-23,gaussian,30,0.00027088146479471411,0.01,True,constrained_regularized_mve
2019-12-24,gaussian,30,-0.0010775813474608203,0.01,True,constrained_regularized_mve
2019-12-25,gaussian,30,0.0036485733675897148,0.01,True,constrained_regularized_mve
2019-12-26,gaussian,30,-0.0018126073378079248,0.01,True,constrained_regularized_mve
2019-12-27,gaussian,30,0,0.01,True,constrained_regularized_mve
2019-12-30,gaussian,30,0.00086948743021421663,0.01,True,constrained_regularized_mve
2019-12-31,gaussian,30,0.002159795857703276,0.01,True,constrained_regularized_mve
2020-01-01,gaussian,31,0.016958898802550606,0.01,True,constrained_regularized_mve
2020-01-02,gaussian,31,-0.010316856062522081,0.01,True,constrained_regularized_mve
2020-01-03,gaussian,31,0,0.01,True,constrained_regularized_mve
2020-01-06,gaussian,31,0.0043445862783923518,0.01,True,constrained_regularized_mve
2020-01-07,gaussian,31,0.0019578306061528842,0.01,True,constrained_regularized_mve
2020-01-08,gaussian,31,0.0018947647879429211,0.01,True,constrained_regularized_mve
2020-01-09,gaussian,31,-0.0099826677475748082,0.01,True,constrained_regularized_mve
2020-01-10,gaussian,31,0,0.01,True,constrained_regularized_mve
2020-01-13,gaussian,31,-0.0029956641750866551,0.01,True,constrained_regularized_mve
2020-01-14,gaussian,31,-0.015043413688870265,0.01,True,constrained_regularized_mve
2020-01-15,gaussian,31,0.0028723872439572373,0.01,True,constrained_regularized_mve
2020-01-16,gaussian,31,0.0024503400576948806,0.01,True,constrained_regularized_mve
2020-01-17,gaussian,31,0,0.01,True,constrained_regularized_mve
2020-01-20,gaussian,31,-0.0060521298120880173,0.01,True,constrained_regularized_mve
2020-01-21,gaussian,31,-0.0014116289400847803,0.01,True,constrained_regularized_mve
2020-01-22,gaussian,31,-0.0052127622517373498,0.01,True,constrained_regularized_mve
2020-01-23,gaussian,31,-0.0038001219175204724,0.01,True,constrained_regularized_mve
2020-01-24,gaussian,31,0,0.01,True,constrained_regularized_mve
2020-01-27,gaussian,31,0.010853722371696486,0.01,True,constrained_regularized_mve
2020-01-28,gaussian,31,0.00066651900664777518,0.01,True,constrained_regularized_mve
2020-01-29,gaussian,31,0.0011318614878492313,0.01,True,constrained_regularized_mve
2020-01-30,gaussian,31,-0.013117225532011426,0.01,True,constrained_regularized_mve
2020-01-31,gaussian,31,0,0.01,True,constrained_regularized_mve
2020-02-03,gaussian,31,0.012447205569550533,0.01,True,constrained_regularized_mve
2020-02-04,gaussian,31,0.017195275761999116,0.01,True,constrained_regularized_mve
2020-02-05,gaussian,31,0.013190209253401924,0.01,True,constrained_regularized_mve
2020-02-06,gaussian,31,-0.00012005599299080857,0.01,True,constrained_regularized_mve
2020-02-07,gaussian,31,0,0.01,True,constrained_regularized_mve
2020-02-10,gaussian,31,0.0084329242188950233,0.01,True,constrained_regularized_mve
2020-02-11,gaussian,31,0.0088468536541540868,0.01,True,constrained_regularized_mve
2020-02-12,gaussian,31,-0.0016233737062544579,0.01,True,constrained_regularized_mve
2020-02-13,gaussian,31,-0.0056980883297997019,0.01,True,constrained_regularized_mve
2020-02-14,gaussian,31,0,0.01,True,constrained_regularized_mve
2020-02-17,gaussian,31,-0.01563276390033486,0.01,True,constrained_regularized_mve
2020-02-18,gaussian,31,-0.00052789980371672346,0.01,True,constrained_regularized_mve
2020-02-19,gaussian,31,-0.0055383259052414644,0.01,True,constrained_regularized_mve
2020-02-20,gaussian,31,-0.012185678407261032,0.01,True,constrained_regularized_mve
2020-02-21,gaussian,31,0,0.01,True,constrained_regularized_mve
2020-02-24,gaussian,31,-0.034235145766737307,0.01,True,constrained_regularized_mve
2020-02-25,gaussian,31,-0.0046079728438643353,0.01,True,constrained_regularized_mve
2020-02-26,gaussian,31,-0.047006001680476368,0.01,True,constrained_regularized_mve
2020-02-27,gaussian,31,-0.02749534076955475,0.01,True,constrained_regularized_mve
2020-02-28,gaussian,31,0,0.01,True,constrained_regularized_mve
2020-03-02,gaussian,31,-0.022325411311556059,0.01,True,constrained_regularized_mve
2020-03-03,gaussian,31,0.0082357451514808912,0.01,True,constrained_regularized_mve
2020-03-04,gaussian,31,-0.039673122955782791,0.01,True,constrained_regularized_mve
2020-03-05,gaussian,31,-0.035254717044111199,0.01,True,constrained_regularized_mve
2020-03-06,gaussian,31,0,0.01,True,constrained_regularized_mve
2020-03-09,gaussian,31,0.03899932419381643,0.01,True,constrained_regularized_mve
2020-03-10,gaussian,31,-0.00093031813713253067,0.01,True,constrained_regularized_mve
2020-03-11,gaussian,31,-0.1316162891735769,0.01,True,constrained_regularized_mve
2020-03-12,gaussian,31,0.06223117612847176,0.01,True,constrained_regularized_mve
2020-03-13,gaussian,31,0,0.01,True,constrained_regularized_mve
2020-03-16,gaussian,31,0.044445641805864619,0.01,True,constrained_regularized_mve
2020-03-17,gaussian,31,-0.063665567522520755,0.01,True,constrained_regularized_mve
2020-03-18,gaussian,31,0.013696603802150079,0.01,True,constrained_regularized_mve
2020-03-19,gaussian,31,-0.020788595334018663,0.01,True,constrained_regularized_mve
2020-03-20,gaussian,31,0,0.01,True,constrained_regularized_mve
2020-03-23,gaussian,31,0.11641588388719773,0.01,True,constrained_regularized_mve
2020-03-24,gaussian,31,0.051262128327081102,0.01,True,constrained_regularized_mve
2020-03-25,gaussian,31,0.022388518129407467,0.01,True,constrained_regularized_mve
2020-03-26,gaussian,31,-0.040542690182302492,0.01,True,constrained_regularized_mve
2020-03-27,gaussian,31,0,0.01,True,constrained_regularized_mve
2020-03-30,gaussian,31,-0.032992463464473959,0.01,True,constrained_regularized_mve
2020-03-31,gaussian,31,-0.060969730270398252,0.01,True,constrained_regularized_mve
2020-04-01,gaussian,31,0.0085467762390027367,0.01,True,constrained_regularized_mve
2020-04-02,gaussian,31,-0.026520274346923462,0.01,True,constrained_regularized_mve
2020-04-03,gaussian,31,0,0.01,True,constrained_regularized_mve
2020-04-06,gaussian,31,0.025807329723984796,0.01,True,constrained_regularized_mve
2020-04-07,gaussian,31,0.011916664403726449,0.01,True,constrained_regularized_mve
2020-04-08,gaussian,31,0.037064917079772816,0.01,True,constrained_regularized_mve
2020-04-09,gaussian,31,0.003245580617742422,0.01,True,constrained_regularized_mve
2020-04-10,gaussian,31,0,0.01,True,constrained_regularized_mve
2020-04-13,gaussian,31,-0.023478059842027658,0.01,True,constrained_regularized_mve
2020-04-14,gaussian,31,-0.052057084989932494,0.01,True,constrained_regularized_mve
2020-04-15,gaussian,31,-0.023106982133619603,0.01,True,constrained_regularized_mve
2020-04-16,gaussian,31,0.046857880777120699,0.01,True,constrained_regularized_mve
2020-04-17,gaussian,31,0,0.01,True,constrained_regularized_mve
2020-04-20,gaussian,31,-0.040746820933421399,0.01,True,constrained_regularized_mve
2020-04-21,gaussian,31,0.014639627093290114,0.01,True,constrained_regularized_mve
2020-04-22,gaussian,31,0.023566009029727931,0.01,True,constrained_regularized_mve
2020-04-23,gaussian,31,-0.022897431926057098,0.01,True,constrained_regularized_mve
2020-04-24,gaussian,31,0,0.01,True,constrained_regularized_mve
2020-04-27,gaussian,31,0.035889951421920696,0.01,True,constrained_regularized_mve
2020-04-28,gaussian,31,0.054826991632968093,0.01,True,constrained_regularized_mve
2020-04-29,gaussian,31,-0.047419250009316752,0.01,True,constrained_regularized_mve
2020-04-30,gaussian,31,-0.0030033374519626722,0.01,True,constrained_regularized_mve
2020-05-01,gaussian,31,0,0.01,True,constrained_regularized_mve
2020-05-04,gaussian,31,0.0088540568092245649,0.01,True,constrained_regularized_mve
2020-05-05,gaussian,31,-0.022229839193774949,0.01,True,constrained_regularized_mve
2020-05-06,gaussian,31,0.019442819169254558,0.01,True,constrained_regularized_mve
2020-05-07,gaussian,31,0.017126823081604677,0.01,True,constrained_regularized_mve
2020-05-08,gaussian,31,0,0.01,True,constrained_regularized_mve
2020-05-11,gaussian,31,-0.015479971153313711,0.01,True,constrained_regularized_mve
2020-05-12,gaussian,31,-0.03267275752127264,0.01,True,constrained_regularized_mve
2020-05-13,gaussian,31,0.011620416311906722,0.01,True,constrained_regularized_mve
2020-05-14,gaussian,31,-0.0062522763041533277,0.01,True,constrained_regularized_mve
2020-05-15,gaussian,31,0,0.01,True,constrained_regularized_mve
2020-05-18,gaussian,31,-0.01242741845323847,0.01,True,constrained_regularized_mve
2020-05-19,gaussian,31,0.021072321141278771,0.01,True,constrained_regularized_mve
2020-05-20,gaussian,31,-0.015086443195144345,0.01,True,constrained_regularized_mve
2020-05-21,gaussian,31,-0.004964847183321879,0.01,True,constrained_regularized_mve
2020-05-22,gaussian,31,0,0.01,True,constrained_regularized_mve
2020-05-25,gaussian,31,0.058455015732188642,0.01,True,constrained_regularized_mve
2020-05-26,gaussian,31,0.059568674891162687,0.01,True,constrained_regularized_mve
2020-05-27,gaussian,31,-0.011880368682152155,0.01,True,constrained_regularized_mve
2020-05-28,gaussian,31,-0.02826163008918036,0.01,True,constrained_regularized_mve
2020-05-29,gaussian,31,0,0.01,True,constrained_regularized_mve
2020-06-01,gaussian,31,0.025498917251732138,0.01,True,constrained_regularized_mve
2020-06-02,gaussian,31,0.043239971637628181,0.01,True,constrained_regularized_mve
2020-06-03,gaussian,31,0.015812577044383509,0.01,True,constrained_regularized_mve
2020-06-04,gaussian,31,0.060059580985972985,0.01,True,constrained_regularized_mve
2020-06-05,gaussian,31,0,0.01,True,constrained_regularized_mve
2020-06-08,gaussian,31,-0.031091931864127249,0.01,True,constrained_regularized_mve
2020-06-09,gaussian,31,-0.022812297671397891,0.01,True,constrained_regularized_mve
2020-06-10,gaussian,31,-0.081765763418493148,0.01,True,constrained_regularized_mve
2020-06-11,gaussian,31,0.023003981748974622,0.01,True,constrained_regularized_mve
2020-06-12,gaussian,31,0,0.01,True,constrained_regularized_mve
2020-06-15,gaussian,31,0.041938804284205912,0.01,True,constrained_regularized_mve
2020-06-16,gaussian,31,-0.012875509693427867,0.01,True,constrained_regularized_mve
2020-06-17,gaussian,31,-0.009980301442026376,0.01,True,constrained_regularized_mve
2020-06-18,gaussian,31,-0.01037395657400654,0.01,True,constrained_regularized_mve
2020-06-19,gaussian,31,0,0.01,True,constrained_regularized_mve
2020-06-22,gaussian,31,0.026883660428948429,0.01,True,constrained_regularized_mve
2020-06-23,gaussian,31,-0.037213397850809377,0.01,True,constrained_regularized_mve
2020-06-24,gaussian,31,0.021070541624300703,0.01,True,constrained_regularized_mve
2020-06-25,gaussian,31,-0.037375938071133395,0.01,True,constrained_regularized_mve
2020-06-26,gaussian,31,0,0.01,True,constrained_regularized_mve
2020-06-29,gaussian,31,0.0020004641983497186,0.01,True,constrained_regularized_mve
2020-06-30,gaussian,31,-0.011960720977173794,0.01,True,constrained_regularized_mve
2020-07-01,gaussian,32,0.027330710467913615,0.001,True,constrained_regularized_mve
2020-07-02,gaussian,32,-0.0043367930663853523,0.001,True,constrained_regularized_mve
2020-07-03,gaussian,32,0,0.001,True,constrained_regularized_mve
2020-07-06,gaussian,32,-0.015122641027121133,0.001,True,constrained_regularized_mve
2020-07-07,gaussian,32,-0.0024259040772097182,0.001,True,constrained_regularized_mve
2020-07-08,gaussian,32,-0.016270299884601103,0.001,True,constrained_regularized_mve
2020-07-09,gaussian,32,0.038052051809001938,0.001,True,constrained_regularized_mve
2020-07-10,gaussian,32,0,0.001,True,constrained_regularized_mve
2020-07-13,gaussian,32,-0.0051727171709780402,0.001,True,constrained_regularized_mve
2020-07-14,gaussian,32,0.018358680004472834,0.001,True,constrained_regularized_mve
2020-07-15,gaussian,32,0.0047044871989124952,0.001,True,constrained_regularized_mve
2020-07-16,gaussian,32,-0.016928610305847146,0.001,True,constrained_regularized_mve
2020-07-17,gaussian,32,0,0.001,True,constrained_regularized_mve
2020-07-20,gaussian,32,0.015475328531778503,0.001,True,constrained_regularized_mve
2020-07-21,gaussian,32,-0.0058041920173955274,0.001,True,constrained_regularized_mve
2020-07-22,gaussian,32,-0.008570578027812116,0.001,True,constrained_regularized_mve
2020-07-23,gaussian,32,-0.005768634378907924,0.001,True,constrained_regularized_mve
2020-07-24,gaussian,32,0,0.001,True,constrained_regularized_mve
2020-07-27,gaussian,32,0.00090240051800745066,0.001,True,constrained_regularized_mve
2020-07-28,gaussian,32,-0.015203139852056657,0.001,True,constrained_regularized_mve
2020-07-29,gaussian,32,-0.031554651932553017,0.001,True,constrained_regularized_mve
2020-07-30,gaussian,32,-0.0038323506548645732,0.001,True,constrained_regularized_mve
2020-07-31,gaussian,32,0,0.001,True,constrained_regularized_mve
2020-08-03,gaussian,32,0.012190106381740137,0.001,True,constrained_regularized_mve
2020-08-04,gaussian,32,0.0066781092767891617,0.001,True,constrained_regularized_mve
2020-08-05,gaussian,32,-3.8797748528364022e-06,0.001,True,constrained_regularized_mve
2020-08-06,gaussian,32,0.003155135099001307,0.001,True,constrained_regularized_mve
2020-08-07,gaussian,32,0,0.001,True,constrained_regularized_mve
2020-08-10,gaussian,32,0.032097595154150151,0.001,True,constrained_regularized_mve
2020-08-11,gaussian,32,0.001078541022051514,0.001,True,constrained_regularized_mve
2020-08-12,gaussian,32,-0.015334777316500424,0.001,True,constrained_regularized_mve
2020-08-13,gaussian,32,-0.0011115790686612574,0.001,True,constrained_regularized_mve
2020-08-14,gaussian,32,0,0.001,True,constrained_regularized_mve
2020-08-17,gaussian,32,-0.011233632252664917,0.001,True,constrained_regularized_mve
2020-08-18,gaussian,32,0.01771457785797706,0.001,True,constrained_regularized_mve
2020-08-19,gaussian,32,-0.021314463484336348,0.001,True,constrained_regularized_mve
2020-08-20,gaussian,32,-0.0025695169638484,0.001,True,constrained_regularized_mve
2020-08-21,gaussian,32,0,0.001,True,constrained_regularized_mve
2020-08-24,gaussian,32,-0.00048309996226881624,0.001,True,constrained_regularized_mve
2020-08-25,gaussian,32,0.0081268974673936838,0.001,True,constrained_regularized_mve
2020-08-26,gaussian,32,-0.0060761491528276371,0.001,True,constrained_regularized_mve
2020-08-27,gaussian,32,0.0089140937321685754,0.001,True,constrained_regularized_mve
2020-08-28,gaussian,32,0,0.001,True,constrained_regularized_mve
2020-08-31,gaussian,32,-0.01843720532326696,0.001,True,constrained_regularized_mve
2020-09-01,gaussian,32,-0.0010747059354210993,0.001,True,constrained_regularized_mve
2020-09-02,gaussian,32,-0.0064497804501063814,0.001,True,constrained_regularized_mve
2020-09-03,gaussian,32,0.019837216361579757,0.001,True,constrained_regularized_mve
2020-09-04,gaussian,32,0,0.001,True,constrained_regularized_mve
2020-09-07,gaussian,32,-0.030650422398108446,0.001,True,constrained_regularized_mve
2020-09-08,gaussian,32,0.0054367819994670186,0.001,True,constrained_regularized_mve
2020-09-09,gaussian,32,0.0007173646281108659,0.001,True,constrained_regularized_mve
2020-09-10,gaussian,32,-0.0015312201822301386,0.001,True,constrained_regularized_mve
2020-09-11,gaussian,32,0,0.001,True,constrained_regularized_mve
2020-09-14,gaussian,32,-0.0141555303263369,0.001,True,constrained_regularized_mve
2020-09-15,gaussian,32,0.0051368426380157496,0.001,True,constrained_regularized_mve
2020-09-16,gaussian,32,-0.015226084650236029,0.001,True,constrained_regularized_mve
2020-09-17,gaussian,32,-0.018475171612740073,0.001,True,constrained_regularized_mve
2020-09-18,gaussian,32,0,0.001,True,constrained_regularized_mve
2020-09-21,gaussian,32,-0.010642289737237052,0.001,True,constrained_regularized_mve
2020-09-22,gaussian,32,-0.017116347997868382,0.001,True,constrained_regularized_mve
2020-09-23,gaussian,32,0.0049284466906644262,0.001,True,constrained_regularized_mve
2020-09-24,gaussian,32,-0.0015153842843461198,0.001,True,constrained_regularized_mve
2020-09-25,gaussian,32,0,0.001,True,constrained_regularized_mve
2020-09-28,gaussian,32,-0.018036305401511334,0.001,True,constrained_regularized_mve
2020-09-29,gaussian,32,0.014674668198242449,0.001,True,constrained_regularized_mve
2020-09-30,gaussian,32,-0.0030208208786461229,0.001,True,constrained_regularized_mve
2020-10-01,gaussian,32,0.0082686101024111672,0.001,True,constrained_regularized_mve
2020-10-02,gaussian,32,0,0.001,True,constrained_regularized_mve
2020-10-05,gaussian,32,0.024388072692387495,0.001,True,constrained_regularized_mve
2020-10-06,gaussian,32,0.0024443766348379108,0.001,True,constrained_regularized_mve
2020-10-07,gaussian,32,0.012308950155879919,0.001,True,constrained_regularized_mve
2020-10-08,gaussian,32,-0.0067627955973087244,0.001,True,constrained_regularized_mve
2020-10-09,gaussian,32,0,0.001,True,constrained_regularized_mve
2020-10-12,gaussian,32,-0.028226406055381327,0.001,True,constrained_regularized_mve
2020-10-13,gaussian,32,-0.010075218210578425,0.001,True,constrained_regularized_mve
2020-10-14,gaussian,32,-0.0066085825696104075,0.001,True,constrained_regularized_mve
2020-10-15,gaussian,32,0.0075605194085235691,0.001,True,constrained_regularized_mve
2020-10-16,gaussian,32,0,0.001,True,constrained_regularized_mve
2020-10-19,gaussian,32,0.016751579918907408,0.001,True,constrained_regularized_mve
2020-10-20,gaussian,32,-0.011594709840000854,0.001,True,constrained_regularized_mve
2020-10-21,gaussian,32,0.017494721183826497,0.001,True,constrained_regularized_mve
2020-10-22,gaussian,32,0.018759282558047815,0.001,True,constrained_regularized_mve
2020-10-23,gaussian,32,0,0.001,True,constrained_regularized_mve
2020-10-26,gaussian,32,-0.025267593084810368,0.001,True,constrained_regularized_mve
2020-10-27,gaussian,32,-0.031646992960575798,0.001,True,constrained_regularized_mve
2020-10-28,gaussian,32,-0.0040740941555862144,0.001,True,constrained_regularized_mve
2020-10-29,gaussian,32,0.01068667202570483,0.001,True,constrained_regularized_mve
2020-10-30,gaussian,32,0,0.001,True,constrained_regularized_mve
2020-11-02,gaussian,32,0.035603758935524928,0.001,True,constrained_regularized_mve
2020-11-03,gaussian,32,-0.0073318075346784197,0.001,True,constrained_regularized_mve
2020-11-04,gaussian,32,0.0037614620019645419,0.001,True,constrained_regularized_mve
2020-11-05,gaussian,32,-0.0048443858071750825,0.001,True,constrained_regularized_mve
2020-11-06,gaussian,32,0,0.001,True,constrained_regularized_mve
2020-11-09,gaussian,32,0.021247206899353041,0.001,True,constrained_regularized_mve
2020-11-10,gaussian,32,0.0018924551843149072,0.001,True,constrained_regularized_mve
2020-11-11,gaussian,32,-0.017471762367778677,0.001,True,constrained_regularized_mve
2020-11-12,gaussian,32,0.01106637402182107,0.001,True,constrained_regularized_mve
2020-11-13,gaussian,32,0,0.001,True,constrained_regularized_mve
2020-11-16,gaussian,32,0.0040324090387514853,0.001,True,constrained_regularized_mve
2020-11-17,gaussian,32,0.0049862094342745097,0.001,True,constrained_regularized_mve
2020-11-18,gaussian,32,-0.0061178900327122174,0.001,True,constrained_regularized_mve
2020-11-19,gaussian,32,-0.0015724347851949463,0.001,True,constrained_regularized_mve
2020-11-20,gaussian,32,0,0.001,True,constrained_regularized_mve
2020-11-23,gaussian,32,0.052326669258772482,0.001,True,constrained_regularized_mve
2020-11-24,gaussian,32,-0.0081058944888385935,0.001,True,constrained_regularized_mve
2020-11-25,gaussian,32,-0.0065259430220901832,0.001,True,constrained_regularized_mve
2020-11-26,gaussian,32,0.0035499595371684231,0.001,True,constrained_regularized_mve
2020-11-27,gaussian,32,0,0.001,True,constrained_regularized_mve
2020-11-30,gaussian,32,0.025725992982940461,0.001,True,constrained_regularized_mve
2020-12-01,gaussian,32,0.025141277333359593,0.001,True,constrained_regularized_mve
2020-12-02,gaussian,32,0.0077842691052183227,0.001,True,constrained_regularized_mve
2020-12-03,gaussian,32,0.013407869805720445,0.001,True,constrained_regularized_mve
2020-12-04,gaussian,32,0,0.001,True,constrained_regularized_mve
2020-12-07,gaussian,32,-0.0077275156336424093,0.001,True,constrained_regularized_mve
2020-12-08,gaussian,32,0.0013611184119185138,0.001,True,constrained_regularized_mve
2020-12-09,gaussian,32,-0.0072982845603671472,0.001,True,constrained_regularized_mve
2020-12-10,gaussian,32,-0.021153441716982812,0.001,True,constrained_regularized_mve
2020-12-11,gaussian,32,0,0.001,True,constrained_regularized_mve
2020-12-14,gaussian,32,0.018316266966178163,0.001,True,constrained_regularized_mve
2020-12-15,gaussian,32,0.0003714783283961517,0.001,True,constrained_regularized_mve
2020-12-16,gaussian,32,0.0027478131903427233,0.001,True,constrained_regularized_mve
2020-12-17,gaussian,32,-0.0068887976476269489,0.001,True,constrained_regularized_mve
2020-12-18,gaussian,32,0,0.001,True,constrained_regularized_mve
2020-12-21,gaussian,32,0.0096196567816005853,0.001,True,constrained_regularized_mve
2020-12-22,gaussian,32,0.020165267521235486,0.001,True,constrained_regularized_mve
2020-12-23,gaussian,32,0.0038537425477211057,0.001,True,constrained_regularized_mve
2020-12-24,gaussian,32,-0.00023001483208856261,0.001,True,constrained_regularized_mve
2020-12-25,gaussian,32,0,0.001,True,constrained_regularized_mve
2020-12-28,gaussian,32,-0.014940960109238321,0.001,True,constrained_regularized_mve
2020-12-29,gaussian,32,0.0037627923769024936,0.001,True,constrained_regularized_mve
2020-12-30,gaussian,32,0.0038289880193733126,0.001,True,constrained_regularized_mve
2020-12-31,gaussian,32,-0.0061729016306885671,0.001,True,constrained_regularized_mve
2021-01-01,gaussian,33,0,0.001,True,constrained_regularized_mve
2021-01-04,gaussian,33,0.00064414176411451362,0.001,True,constrained_regularized_mve
2021-01-05,gaussian,33,0.062313225610288826,0.001,True,constrained_regularized_mve
2021-01-06,gaussian,33,0.018387821156841431,0.001,True,constrained_regularized_mve
2021-01-07,gaussian,33,-0.014164413230698003,0.001,True,constrained_regularized_mve
2021-01-08,gaussian,33,0,0.001,True,constrained_regularized_mve
2021-01-11,gaussian,33,0.006205473264179695,0.001,True,constrained_regularized_mve
2021-01-12,gaussian,33,-0.0017368494812430529,0.001,True,constrained_regularized_mve
2021-01-13,gaussian,33,0.0047583418724141428,0.001,True,constrained_regularized_mve
2021-01-14,gaussian,33,-0.017677957982880389,0.001,True,constrained_regularized_mve
2021-01-15,gaussian,33,0,0.001,True,constrained_regularized_mve
2021-01-18,gaussian,33,-0.0099672228673250221,0.001,True,constrained_regularized_mve
2021-01-19,gaussian,33,-0.00054683174955511655,0.001,True,constrained_regularized_mve
2021-01-20,gaussian,33,-0.0051328719891335153,0.001,True,constrained_regularized_mve
2021-01-21,gaussian,33,-0.010876436550111423,0.001,True,constrained_regularized_mve
2021-01-22,gaussian,33,0,0.001,True,constrained_regularized_mve
2021-01-25,gaussian,33,0.015035380853866961,0.001,True,constrained_regularized_mve
2021-01-26,gaussian,33,-0.025226336345890388,0.001,True,constrained_regularized_mve
2021-01-27,gaussian,33,0.016070500324096713,0.001,True,constrained_regularized_mve
2021-01-28,gaussian,33,-0.021528797373064252,0.001,True,constrained_regularized_mve
2021-01-29,gaussian,33,0,0.001,True,constrained_regularized_mve
2021-02-01,gaussian,33,0.028797335314300818,0.001,True,constrained_regularized_mve
2021-02-02,gaussian,33,0.014891037267720906,0.001,True,constrained_regularized_mve
2021-02-03,gaussian,33,0.027094561861308503,0.001,True,constrained_regularized_mve
2021-02-04,gaussian,33,0.0024386102328452751,0.001,True,constrained_regularized_mve
2021-02-05,gaussian,33,0,0.001,True,constrained_regularized_mve
2021-02-08,gaussian,33,-0.0024106997153167304,0.001,True,constrained_regularized_mve
2021-02-09,gaussian,33,0.0097172156693107487,0.001,True,constrained_regularized_mve
2021-02-10,gaussian,33,-0.0093730327164877527,0.001,True,constrained_regularized_mve
2021-02-11,gaussian,33,0.0088208322141657448,0.001,True,constrained_regularized_mve
2021-02-12,gaussian,33,0,0.001,True,constrained_regularized_mve
2021-02-15,gaussian,33,0.020081291320764399,0.001,True,constrained_regularized_mve
2021-02-16,gaussian,33,-0.0067691555131478695,0.001,True,constrained_regularized_mve
2021-02-17,gaussian,33,-0.019151881538862676,0.001,True,constrained_regularized_mve
2021-02-18,gaussian,33,0.02687932180547066,0.001,True,constrained_regularized_mve
2021-02-19,gaussian,33,0,0.001,True,constrained_regularized_mve
2021-02-22,gaussian,33,0.013060612694474925,0.001,True,constrained_regularized_mve
2021-02-23,gaussian,33,0.01611706868884822,0.001,True,constrained_regularized_mve
2021-02-24,gaussian,33,0.001391357440790879,0.001,True,constrained_regularized_mve
2021-02-25,gaussian,33,-0.027073308487265926,0.001,True,constrained_regularized_mve
2021-02-26,gaussian,33,0,0.001,True,constrained_regularized_mve
2021-03-01,gaussian,33,0.00042827862414229051,0.001,True,constrained_regularized_mve
2021-03-02,gaussian,33,0.023585933010824959,0.001,True,constrained_regularized_mve
2021-03-03,gaussian,33,-0.010254789445917026,0.001,True,constrained_regularized_mve
2021-03-04,gaussian,33,0.0071375901641994562,0.001,True,constrained_regularized_mve
2021-03-05,gaussian,33,0,0.001,True,constrained_regularized_mve
2021-03-08,gaussian,33,-0.013040423352094375,0.001,True,constrained_regularized_mve
2021-03-09,gaussian,33,0.0054680761732068955,0.001,True,constrained_regularized_mve
2021-03-10,gaussian,33,-0.0096302489250209202,0.001,True,constrained_regularized_mve
2021-03-11,gaussian,33,0.01782927924084619,0.001,True,constrained_regularized_mve
2021-03-12,gaussian,33,0,0.001,True,constrained_regularized_mve
2021-03-15,gaussian,33,-0.0057649967293198134,0.001,True,constrained_regularized_mve
2021-03-16,gaussian,33,0.0093153558515086214,0.001,True,constrained_regularized_mve
2021-03-17,gaussian,33,0.026384956249961462,0.001,True,constrained_regularized_mve
2021-03-18,gaussian,33,-0.0172642350076984,0.001,True,constrained_regularized_mve
2021-03-19,gaussian,33,0,0.001,True,constrained_regularized_mve
2021-03-22,gaussian,33,-0.0075875727158524996,0.001,True,constrained_regularized_mve
2021-03-23,gaussian,33,-0.0050849541677078112,0.001,True,constrained_regularized_mve
2021-03-24,gaussian,33,0.0051610145155409374,0.001,True,constrained_regularized_mve
2021-03-25,gaussian,33,0.0079029599335139252,0.001,True,constrained_regularized_mve
2021-03-26,gaussian,33,0,0.001,True,constrained_regularized_mve
2021-03-29,gaussian,33,0.021776229346608611,0.001,True,constrained_regularized_mve
2021-03-30,gaussian,33,-0.016056107510652159,0.001,True,constrained_regularized_mve
2021-03-31,gaussian,33,0.00030978461278666008,0.001,True,constrained_regularized_mve
2021-04-01,gaussian,33,0.0017373186199406466,0.001,True,constrained_regularized_mve
2021-04-02,gaussian,33,0,0.001,True,constrained_regularized_mve
2021-04-05,gaussian,33,0.0081113538999997865,0.001,True,constrained_regularized_mve
2021-04-06,gaussian,33,0.0049025607395016451,0.001,True,constrained_regularized_mve
2021-04-07,gaussian,33,-0.005016534936101583,0.001,True,constrained_regularized_mve
2021-04-08,gaussian,33,-0.00023656179459100737,0.001,True,constrained_regularized_mve
2021-04-09,gaussian,33,0,0.001,True,constrained_regularized_mve
2021-04-12,gaussian,33,-0.0066418509274608776,0.001,True,constrained_regularized_mve
2021-04-13,gaussian,33,0.0060589019887933417,0.001,True,constrained_regularized_mve
2021-04-14,gaussian,33,-0.006140582610962766,0.001,True,constrained_regularized_mve
2021-04-15,gaussian,33,0.0093900534987199254,0.001,True,constrained_regularized_mve
2021-04-16,gaussian,33,0,0.001,True,constrained_regularized_mve
2021-04-19,gaussian,33,-0.023509562293633157,0.001,True,constrained_regularized_mve
2021-04-20,gaussian,33,-0.0051543869359613461,0.001,True,constrained_regularized_mve
2021-04-21,gaussian,33,0.0029546431502068212,0.001,True,constrained_regularized_mve
2021-04-22,gaussian,33,0.013750093782845078,0.001,True,constrained_regularized_mve
2021-04-23,gaussian,33,0,0.001,True,constrained_regularized_mve
2021-04-26,gaussian,33,0.012381353162813245,0.001,True,constrained_regularized_mve
2021-04-27,gaussian,33,0.012807619608886064,0.001,True,constrained_regularized_mve
2021-04-28,gaussian,33,0.019696581956745271,0.001,True,constrained_regularized_mve
2021-04-29,gaussian,33,-0.012441285078874244,0.001,True,constrained_regularized_mve
2021-04-30,gaussian,33,0,0.001,True,constrained_regularized_mve
2021-05-03,gaussian,33,-0.0085104293823220125,0.001,True,constrained_regularized_mve
2021-05-04,gaussian,33,0.017801553552581447,0.001,True,constrained_regularized_mve
2021-05-05,gaussian,33,0.01666869884847778,0.001,True,constrained_regularized_mve
2021-05-06,gaussian,33,0.0063879297575325572,0.001,True,constrained_regularized_mve
2021-05-07,gaussian,33,0,0.001,True,constrained_regularized_mve
2021-05-10,gaussian,33,-0.017870487252897773,0.001,True,constrained_regularized_mve
2021-05-11,gaussian,33,0.0031824919198233446,0.001,True,constrained_regularized_mve
2021-05-12,gaussian,33,0.0077722633846306257,0.001,True,constrained_regularized_mve
2021-05-13,gaussian,33,0.015472191240237033,0.001,True,constrained_regularized_mve
2021-05-14,gaussian,33,0,0.001,True,constrained_regularized_mve
2021-05-17,gaussian,33,0.0050560533088164598,0.001,True,constrained_regularized_mve
2021-05-18,gaussian,33,-0.0089416668688109199,0.001,True,constrained_regularized_mve
2021-05-19,gaussian,33,-0.0015764495965651397,0.001,True,constrained_regularized_mve
2021-05-20,gaussian,33,0.01042466602225635,0.001,True,constrained_regularized_mve
2021-05-21,gaussian,33,0,0.001,True,constrained_regularized_mve
2021-05-24,gaussian,33,0.0055788466152926781,0.001,True,constrained_regularized_mve
2021-05-25,gaussian,33,-0.002869001589953546,0.001,True,constrained_regularized_mve
2021-05-26,gaussian,33,0.011161985373325146,0.001,True,constrained_regularized_mve
2021-05-27,gaussian,33,0.00617783261897774,0.001,True,constrained_regularized_mve
2021-05-28,gaussian,33,0,0.001,True,constrained_regularized_mve
2021-05-31,gaussian,33,0.011253892157299409,0.001,True,constrained_regularized_mve
2021-06-01,gaussian,33,0.0012999849438846292,0.001,True,constrained_regularized_mve
2021-06-02,gaussian,33,0.00202504297601261,0.001,True,constrained_regularized_mve
2021-06-03,gaussian,33,-0.0094819490049851043,0.001,True,constrained_regularized_mve
2021-06-04,gaussian,33,0,0.001,True,constrained_regularized_mve
2021-06-07,gaussian,33,-0.0047497534591800436,0.001,True,constrained_regularized_mve
2021-06-08,gaussian,33,-0.011520009856838192,0.001,True,constrained_regularized_mve
2021-06-09,gaussian,33,-0.0069283367823738673,0.001,True,constrained_regularized_mve
2021-06-10,gaussian,33,0.0011739435204864074,0.001,True,constrained_regularized_mve
2021-06-11,gaussian,33,0,0.001,True,constrained_regularized_mve
2021-06-14,gaussian,33,-0.00099269749515627911,0.001,True,constrained_regularized_mve
2021-06-15,gaussian,33,-0.0084744821253896017,0.001,True,constrained_regularized_mve
2021-06-16,gaussian,33,-0.0090554492207382889,0.001,True,constrained_regularized_mve
2021-06-17,gaussian,33,-0.02932017722760865,0.001,True,constrained_regularized_mve
2021-06-18,gaussian,33,0,0.001,True,constrained_regularized_mve
2021-06-21,gaussian,33,0.0071346788486836453,0.001,True,constrained_regularized_mve
2021-06-22,gaussian,33,-0.0010717474576847717,0.001,True,constrained_regularized_mve
2021-06-23,gaussian,33,0.01145348186259974,0.001,True,constrained_regularized_mve
2021-06-24,gaussian,33,0.0064268946357163128,0.001,True,constrained_regularized_mve
2021-06-25,gaussian,33,0,0.001,True,constrained_regularized_mve
2021-06-28,gaussian,33,0.0034774681197264888,0.001,True,constrained_regularized_mve
2021-06-29,gaussian,33,-0.0023382507652585428,0.001,True,constrained_regularized_mve
2021-06-30,gaussian,33,0.012065827889327847,0.001,True,constrained_regularized_mve
2021-07-01,gaussian,34,-0.0079974076830201541,0.001,True,constrained_regularized_mve
2021-07-02,gaussian,34,0,0.001,True,constrained_regularized_mve
2021-07-05,gaussian,34,-0.018745772941318291,0.001,True,constrained_regularized_mve
2021-07-06,gaussian,34,-0.0077226297503267217,0.001,True,constrained_regularized_mve
2021-07-07,gaussian,34,-0.026612942795717166,0.001,True,constrained_regularized_mve
2021-07-08,gaussian,34,0.030744059586312999,0.001,True,constrained_regularized_mve
2021-07-09,gaussian,34,0,0.001,True,constrained_regularized_mve
2021-07-12,gaussian,34,-0.0091984607208844237,0.001,True,constrained_regularized_mve
2021-07-13,gaussian,34,-0.0013287646475967272,0.001,True,constrained_regularized_mve
2021-07-14,gaussian,34,0.0015308779865851937,0.001,True,constrained_regularized_mve
2021-07-15,gaussian,34,-0.016436130213616732,0.001,True,constrained_regularized_mve
2021-07-16,gaussian,34,0,0.001,True,constrained_regularized_mve
2021-07-19,gaussian,34,0.012249420653870437,0.001,True,constrained_regularized_mve
2021-07-20,gaussian,34,0.023256946658586072,0.001,True,constrained_regularized_mve
2021-07-21,gaussian,34,-0.0062909048943300492,0.001,True,constrained_regularized_mve
2021-07-22,gaussian,34,0.0076284016587658083,0.001,True,constrained_regularized_mve
2021-07-23,gaussian,34,0,0.001,True,constrained_regularized_mve
2021-07-26,gaussian,34,0.0016286317757100927,0.001,True,constrained_regularized_mve
2021-07-27,gaussian,34,-0.0018505927512307311,0.001,True,constrained_regularized_mve
2021-07-28,gaussian,34,0.012583950682402286,0.001,True,constrained_regularized_mve
2021-07-29,gaussian,34,-0.0055348695180994873,0.001,True,constrained_regularized_mve
2021-07-30,gaussian,34,0,0.001,True,constrained_regularized_mve
2021-08-02,gaussian,34,0.010235397983740476,0.001,True,constrained_regularized_mve
2021-08-03,gaussian,34,0.0036048661361502503,0.001,True,constrained_regularized_mve
2021-08-04,gaussian,34,0.0090442164796788148,0.001,True,constrained_regularized_mve
2021-08-05,gaussian,34,0.019024821689328501,0.001,True,constrained_regularized_mve
2021-08-06,gaussian,34,0,0.001,True,constrained_regularized_mve
2021-08-09,gaussian,34,0.0034054136899015325,0.001,True,constrained_regularized_mve
2021-08-10,gaussian,34,0.009957934983495181,0.001,True,constrained_regularized_mve
2021-08-11,gaussian,34,-0.0014737862701588093,0.001,True,constrained_regularized_mve
2021-08-12,gaussian,34,-0.0033084477133819138,0.001,True,constrained_regularized_mve
2021-08-13,gaussian,34,0,0.001,True,constrained_regularized_mve
2021-08-16,gaussian,34,-0.010857253894355347,0.001,True,constrained_regularized_mve
2021-08-17,gaussian,34,-0.0023638823349083097,0.001,True,constrained_regularized_mve
2021-08-18,gaussian,34,-0.016467860996179955,0.001,True,constrained_regularized_mve
2021-08-19,gaussian,34,-0.0010697469565247801,0.001,True,constrained_regularized_mve
2021-08-20,gaussian,34,0,0.001,True,constrained_regularized_mve
2021-08-23,gaussian,34,0.0061862153621862264,0.001,True,constrained_regularized_mve
2021-08-24,gaussian,34,0.016872064861880101,0.001,True,constrained_regularized_mve
2021-08-25,gaussian,34,-0.0029402338022375086,0.001,True,constrained_regularized_mve
2021-08-26,gaussian,34,0.0012937821577194775,0.001,True,constrained_regularized_mve
2021-08-27,gaussian,34,0,0.001,True,constrained_regularized_mve
2021-08-30,gaussian,34,-0.0030480916133164993,0.001,True,constrained_regularized_mve
2021-08-31,gaussian,34,0.00042312426452297621,0.001,True,constrained_regularized_mve
2021-09-01,gaussian,34,0.004266327702921186,0.001,True,constrained_regularized_mve
2021-09-02,gaussian,34,-0.0023954695572524446,0.001,True,constrained_regularized_mve
2021-09-03,gaussian,34,0,0.001,True,constrained_regularized_mve
2021-09-06,gaussian,34,0.0010631534669668615,0.001,True,constrained_regularized_mve
2021-09-07,gaussian,34,-0.013241924089884876,0.001,True,constrained_regularized_mve
2021-09-08,gaussian,34,-0.0040075695627840051,0.001,True,constrained_regularized_mve
2021-09-09,gaussian,34,0.00038698383940891768,0.001,True,constrained_regularized_mve
2021-09-10,gaussian,34,0,0.001,True,constrained_regularized_mve
2021-09-13,gaussian,34,-0.010783373233975798,0.001,True,constrained_regularized_mve
2021-09-14,gaussian,34,0.0012708573792895614,0.001,True,constrained_regularized_mve
2021-09-15,gaussian,34,0.0053833212363618528,0.001,True,constrained_regularized_mve
2021-09-16,gaussian,34,-0.0044749070165457346,0.001,True,constrained_regularized_mve
2021-09-17,gaussian,34,0,0.001,True,constrained_regularized_mve
2021-09-20,gaussian,34,-0.002073721728791261,0.001,True,constrained_regularized_mve
2021-09-21,gaussian,34,0.024697328750726912,0.001,True,constrained_regularized_mve
2021-09-22,gaussian,34,0.017173606691721546,0.001,True,constrained_regularized_mve
2021-09-23,gaussian,34,0.0094195170085236337,0.001,True,constrained_regularized_mve
2021-09-24,gaussian,34,0,0.001,True,constrained_regularized_mve
2021-09-27,gaussian,34,-0.010151384763947249,0.001,True,constrained_regularized_mve
2021-09-28,gaussian,34,0.009042630284425035,0.001,True,constrained_regularized_mve
2021-09-29,gaussian,34,-0.013361744119133103,0.001,True,constrained_regularized_mve
2021-09-30,gaussian,34,0.0015225748661237973,0.001,True,constrained_regularized_mve
2021-10-01,gaussian,34,0,0.001,True,constrained_regularized_mve
2021-10-04,gaussian,34,0.027584158757829848,0.001,True,constrained_regularized_mve
2021-10-05,gaussian,34,0.0015761152094861555,0.001,True,constrained_regularized_mve
2021-10-06,gaussian,34,0.013612862932974094,0.001,True,constrained_regularized_mve
2021-10-07,gaussian,34,0.0043911429541664306,0.001,True,constrained_regularized_mve
2021-10-08,gaussian,34,0,0.001,True,constrained_regularized_mve
2021-10-11,gaussian,34,-0.0033714460856817141,0.001,True,constrained_regularized_mve
2021-10-12,gaussian,34,-0.016873527922549862,0.001,True,constrained_regularized_mve
2021-10-13,gaussian,34,0.0078951919391014938,0.001,True,constrained_regularized_mve
2021-10-14,gaussian,34,0.016083091876367847,0.001,True,constrained_regularized_mve
2021-10-15,gaussian,34,0,0.001,True,constrained_regularized_mve
2021-10-18,gaussian,34,0.0019010266427549282,0.001,True,constrained_regularized_mve
2021-10-19,gaussian,34,0.003477301850609371,0.001,True,constrained_regularized_mve
2021-10-20,gaussian,34,-0.0043353315818590891,0.001,True,constrained_regularized_mve
2021-10-21,gaussian,34,0.0042427324343873507,0.001,True,constrained_regularized_mve
2021-10-22,gaussian,34,0,0.001,True,constrained_regularized_mve
2021-10-25,gaussian,34,0.0042461014243561209,0.001,True,constrained_regularized_mve
2021-10-26,gaussian,34,-0.013844963014540671,0.001,True,constrained_regularized_mve
2021-10-27,gaussian,34,0.0024243569330303248,0.001,True,constrained_regularized_mve
2021-10-28,gaussian,34,0.0061141216871010507,0.001,True,constrained_regularized_mve
2021-10-29,gaussian,34,0,0.001,True,constrained_regularized_mve
2021-11-01,gaussian,34,-0.0012161145025782454,0.001,True,constrained_regularized_mve
2021-11-02,gaussian,34,0.00023076111193787665,0.001,True,constrained_regularized_mve
2021-11-03,gaussian,34,-0.01334424787929683,0.001,True,constrained_regularized_mve
2021-11-04,gaussian,34,0.00045889853143275041,0.001,True,constrained_regularized_mve
2021-11-05,gaussian,34,0,0.001,True,constrained_regularized_mve
2021-11-08,gaussian,34,-0.0073538563770469256,0.001,True,constrained_regularized_mve
2021-11-09,gaussian,34,0.0096193014847844802,0.001,True,constrained_regularized_mve
2021-11-10,gaussian,34,0.00033049267294342862,0.001,True,constrained_regularized_mve
2021-11-11,gaussian,34,-0.0032540850782273221,0.001,True,constrained_regularized_mve
2021-11-12,gaussian,34,0,0.001,True,constrained_regularized_mve
2021-11-15,gaussian,34,-0.0058988900310463482,0.001,True,constrained_regularized_mve
2021-11-16,gaussian,34,-0.0068667516198296025,0.001,True,constrained_regularized_mve
2021-11-17,gaussian,34,-0.0073288671434741373,0.001,True,constrained_regularized_mve
2021-11-18,gaussian,34,-0.018030282857789803,0.001,True,constrained_regularized_mve
2021-11-19,gaussian,34,0,0.001,True,constrained_regularized_mve
2021-11-22,gaussian,34,-0.00055132472231810958,0.001,True,constrained_regularized_mve
2021-11-23,gaussian,34,-0.00046174459916001505,0.001,True,constrained_regularized_mve
2021-11-24,gaussian,34,0.00030869729445021701,0.001,True,constrained_regularized_mve
2021-11-25,gaussian,34,-0.053232250973223129,0.001,True,constrained_regularized_mve
2021-11-26,gaussian,34,0,0.001,True,constrained_regularized_mve
2021-11-29,gaussian,34,-0.0085228283374207611,0.001,True,constrained_regularized_mve
2021-11-30,gaussian,34,0.0058641875024121239,0.001,True,constrained_regularized_mve
2021-12-01,gaussian,34,0.017720080459051869,0.001,True,constrained_regularized_mve
2021-12-02,gaussian,34,-0.0024932584209610481,0.001,True,constrained_regularized_mve
2021-12-03,gaussian,34,0,0.001,True,constrained_regularized_mve
2021-12-06,gaussian,34,0.015880319829746099,0.001,True,constrained_regularized_mve
2021-12-07,gaussian,34,-0.0054672633268574343,0.001,True,constrained_regularized_mve
2021-12-08,gaussian,34,0.0039296846174172086,0.001,True,constrained_regularized_mve
2021-12-09,gaussian,34,-0.0069429035923393332,0.001,True,constrained_regularized_mve
2021-12-10,gaussian,34,0,0.001,True,constrained_regularized_mve
2021-12-13,gaussian,34,0.0092061260213429971,0.001,True,constrained_regularized_mve
2021-12-14,gaussian,34,-0.0058483251065581023,0.001,True,constrained_regularized_mve
2021-12-15,gaussian,34,0.020337407029568703,0.001,True,constrained_regularized_mve
2021-12-16,gaussian,34,-0.015083675749700032,0.001,True,constrained_regularized_mve
2021-12-17,gaussian,34,0,0.001,True,constrained_regularized_mve
2021-12-20,gaussian,34,0.022133955378642451,0.001,True,constrained_regularized_mve
2021-12-21,gaussian,34,0.0036624281013139946,0.001,True,constrained_regularized_mve
2021-12-22,gaussian,34,0.012281934024206168,0.001,True,constrained_regularized_mve
2021-12-23,gaussian,34,0.00018473196925340547,0.001,True,constrained_regularized_mve
2021-12-24,gaussian,34,0,0.001,True,constrained_regularized_mve
2021-12-27,gaussian,34,0.0032530388351015029,0.001,True,constrained_regularized_mve
2021-12-28,gaussian,34,-0.0018830356883972506,0.001,True,constrained_regularized_mve
2021-12-29,gaussian,34,0.00013931266143364147,0.001,True,constrained_regularized_mve
2021-12-30,gaussian,34,-0.0028451535508430253,0.001,True,constrained_regularized_mve
2021-12-31,gaussian,34,0,0.001,True,constrained_regularized_mve
2022-01-03,gaussian,35,0.030203588378647995,9.9999999999999995e-07,True,constrained_regularized_mve
2022-01-04,gaussian,35,0.0011259570881036005,9.9999999999999995e-07,True,constrained_regularized_mve
2022-01-05,gaussian,35,0.018237807539616291,9.9999999999999995e-07,True,constrained_regularized_mve
2022-01-06,gaussian,35,0.012684823078224092,9.9999999999999995e-07,True,constrained_regularized_mve
2022-01-07,gaussian,35,0,9.9999999999999995e-07,True,constrained_regularized_mve
2022-01-10,gaussian,35,0.0026691255746838175,9.9999999999999995e-07,True,constrained_regularized_mve
2022-01-11,gaussian,35,0.0073751649630674444,9.9999999999999995e-07,True,constrained_regularized_mve
2022-01-12,gaussian,35,0.015215625594633568,9.9999999999999995e-07,True,constrained_regularized_mve
2022-01-13,gaussian,35,-0.0093699996297524294,9.9999999999999995e-07,True,constrained_regularized_mve
2022-01-14,gaussian,35,0,9.9999999999999995e-07,True,constrained_regularized_mve
2022-01-17,gaussian,35,-0.01976322670689621,9.9999999999999995e-07,True,constrained_regularized_mve
2022-01-18,gaussian,35,-0.014261405337232599,9.9999999999999995e-07,True,constrained_regularized_mve
2022-01-19,gaussian,35,-0.0035793822093459489,9.9999999999999995e-07,True,constrained_regularized_mve
2022-01-20,gaussian,35,-0.019052132940777611,9.9999999999999995e-07,True,constrained_regularized_mve
2022-01-21,gaussian,35,0,9.9999999999999995e-07,True,constrained_regularized_mve
2022-01-24,gaussian,35,0.02338624590695761,9.9999999999999995e-07,True,constrained_regularized_mve
2022-01-25,gaussian,35,0.013546886390665834,9.9999999999999995e-07,True,constrained_regularized_mve
2022-01-26,gaussian,35,-0.0033193488676793999,9.9999999999999995e-07,True,constrained_regularized_mve
2022-01-27,gaussian,35,0.00020225613685988581,9.9999999999999995e-07,True,constrained_regularized_mve
2022-01-28,gaussian,35,0,9.9999999999999995e-07,True,constrained_regularized_mve
2022-01-31,gaussian,35,0.024531518109921033,9.9999999999999995e-07,True,constrained_regularized_mve
2022-02-01,gaussian,35,0.014381781305577697,9.9999999999999995e-07,True,constrained_regularized_mve
2022-02-02,gaussian,35,0.002739407503647861,9.9999999999999995e-07,True,constrained_regularized_mve
2022-02-03,gaussian,35,0.013283412974048921,9.9999999999999995e-07,True,constrained_regularized_mve
2022-02-04,gaussian,35,0,9.9999999999999995e-07,True,constrained_regularized_mve
2022-02-07,gaussian,35,0.016082059775720043,9.9999999999999995e-07,True,constrained_regularized_mve
2022-02-08,gaussian,35,0.0026924868676209582,9.9999999999999995e-07,True,constrained_regularized_mve
2022-02-09,gaussian,35,-0.00091470456288345286,9.9999999999999995e-07,True,constrained_regularized_mve
2022-02-10,gaussian,35,-0.012297456089555275,9.9999999999999995e-07,True,constrained_regularized_mve
2022-02-11,gaussian,35,0,9.9999999999999995e-07,True,constrained_regularized_mve
2022-02-14,gaussian,35,0.012756765852750098,9.9999999999999995e-07,True,constrained_regularized_mve
2022-02-15,gaussian,35,-0.0039346203797357687,9.9999999999999995e-07,True,constrained_regularized_mve
2022-02-16,gaussian,35,-0.014756113221692305,9.9999999999999995e-07,True,constrained_regularized_mve
2022-02-17,gaussian,35,-0.0046393807438913004,9.9999999999999995e-07,True,constrained_regularized_mve
2022-02-18,gaussian,35,0,9.9999999999999995e-07,True,constrained_regularized_mve
2022-02-21,gaussian,35,-0.0035719014609482472,9.9999999999999995e-07,True,constrained_regularized_mve
2022-02-22,gaussian,35,-0.012075746018895016,9.9999999999999995e-07,True,constrained_regularized_mve
2022-02-23,gaussian,35,-0.064484167375761944,9.9999999999999995e-07,True,constrained_regularized_mve
2022-02-24,gaussian,35,0.036938523774315841,9.9999999999999995e-07,True,constrained_regularized_mve
2022-02-25,gaussian,35,0,9.9999999999999995e-07,True,constrained_regularized_mve
2022-02-28,gaussian,35,-0.061065366584818072,9.9999999999999995e-07,True,constrained_regularized_mve
2022-03-01,gaussian,35,0.015081135414018542,9.9999999999999995e-07,True,constrained_regularized_mve
2022-03-02,gaussian,35,-0.011262017559107865,9.9999999999999995e-07,True,constrained_regularized_mve
2022-03-03,gaussian,35,-0.073187339295210707,9.9999999999999995e-07,True,constrained_regularized_mve
2022-03-04,gaussian,35,0,9.9999999999999995e-07,True,constrained_regularized_mve
2022-03-07,gaussian,35,0.020755876551965851,9.9999999999999995e-07,True,constrained_regularized_mve
2022-03-08,gaussian,35,0.052817223501883934,9.9999999999999995e-07,True,constrained_regularized_mve
2022-03-09,gaussian,35,-0.0066476229440551732,9.9999999999999995e-07,True,constrained_regularized_mve
2022-03-10,gaussian,35,-0.0066874978889773411,9.9999999999999995e-07,True,constrained_regularized_mve
2022-03-11,gaussian,35,0,9.9999999999999995e-07,True,constrained_regularized_mve
2022-03-14,gaussian,35,0.0010795479406617531,9.9999999999999995e-07,True,constrained_regularized_mve
2022-03-15,gaussian,35,0.047081284532569975,9.9999999999999995e-07,True,constrained_regularized_mve
2022-03-16,gaussian,35,0.002529767580593735,9.9999999999999995e-07,True,constrained_regularized_mve
2022-03-17,gaussian,35,0.0071394625208278393,9.9999999999999995e-07,True,constrained_regularized_mve
2022-03-18,gaussian,35,0,9.9999999999999995e-07,True,constrained_regularized_mve
2022-03-21,gaussian,35,0.022970622735679347,9.9999999999999995e-07,True,constrained_regularized_mve
2022-03-22,gaussian,35,-0.018200359085138309,9.9999999999999995e-07,True,constrained_regularized_mve
2022-03-23,gaussian,35,-0.0048891343764884713,9.9999999999999995e-07,True,constrained_regularized_mve
2022-03-24,gaussian,35,-0.0021037966067462529,9.9999999999999995e-07,True,constrained_regularized_mve
2022-03-25,gaussian,35,0,9.9999999999999995e-07,True,constrained_regularized_mve
2022-03-28,gaussian,35,0.012494474370647298,9.9999999999999995e-07,True,constrained_regularized_mve
2022-03-29,gaussian,35,-0.014248814578067266,9.9999999999999995e-07,True,constrained_regularized_mve
2022-03-30,gaussian,35,-0.020503350692271431,9.9999999999999995e-07,True,constrained_regularized_mve
2022-03-31,gaussian,35,0.0042000520044726966,9.9999999999999995e-07,True,constrained_regularized_mve
2022-04-01,gaussian,35,0,9.9999999999999995e-07,True,constrained_regularized_mve
2022-04-04,gaussian,35,-0.018201778362219981,9.9999999999999995e-07,True,constrained_regularized_mve
2022-04-05,gaussian,35,-0.025434713411504235,9.9999999999999995e-07,True,constrained_regularized_mve
2022-04-06,gaussian,35,-0.0094085112548815009,9.9999999999999995e-07,True,constrained_regularized_mve
2022-04-07,gaussian,35,0.013487825122403979,9.9999999999999995e-07,True,constrained_regularized_mve
2022-04-08,gaussian,35,0,9.9999999999999995e-07,True,constrained_regularized_mve
2022-04-11,gaussian,35,-0.014245213206191572,9.9999999999999995e-07,True,constrained_regularized_mve
2022-04-12,gaussian,35,-0.0016928731902920318,9.9999999999999995e-07,True,constrained_regularized_mve
2022-04-13,gaussian,35,0.0098472343852459999,9.9999999999999995e-07,True,constrained_regularized_mve
2022-04-14,gaussian,35,-0.0029677251244725738,9.9999999999999995e-07,True,constrained_regularized_mve
2022-04-15,gaussian,35,0,9.9999999999999995e-07,True,constrained_regularized_mve
2022-04-18,gaussian,35,0.0045135076922098796,9.9999999999999995e-07,True,constrained_regularized_mve
2022-04-19,gaussian,35,0.016156503003173648,9.9999999999999995e-07,True,constrained_regularized_mve
2022-04-20,gaussian,35,0.0016127512764056281,9.9999999999999995e-07,True,constrained_regularized_mve
2022-04-21,gaussian,35,-0.027224050785564044,9.9999999999999995e-07,True,constrained_regularized_mve
2022-04-22,gaussian,35,0,9.9999999999999995e-07,True,constrained_regularized_mve
2022-04-25,gaussian,35,-0.029361508654330772,9.9999999999999995e-07,True,constrained_regularized_mve
2022-04-26,gaussian,35,-0.0057766903716565147,9.9999999999999995e-07,True,constrained_regularized_mve
2022-04-27,gaussian,35,0.012481652279846996,9.9999999999999995e-07,True,constrained_regularized_mve
2022-04-28,gaussian,35,-0.0019292352939600311,9.9999999999999995e-07,True,constrained_regularized_mve
2022-04-29,gaussian,35,0,9.9999999999999995e-07,True,constrained_regularized_mve
2022-05-02,gaussian,35,0.019224941650342435,9.9999999999999995e-07,True,constrained_regularized_mve
2022-05-03,gaussian,35,0.0038544821504165458,9.9999999999999995e-07,True,constrained_regularized_mve
2022-05-04,gaussian,35,-0.0078261648669453697,9.9999999999999995e-07,True,constrained_regularized_mve
2022-05-05,gaussian,35,-0.011986028660625581,9.9999999999999995e-07,True,constrained_regularized_mve
2022-05-06,gaussian,35,0,9.9999999999999995e-07,True,constrained_regularized_mve
2022-05-09,gaussian,35,0.0070114023128514452,9.9999999999999995e-07,True,constrained_regularized_mve
2022-05-10,gaussian,35,-0.0070578100803245338,9.9999999999999995e-07,True,constrained_regularized_mve
2022-05-11,gaussian,35,-0.0060401109635220378,9.9999999999999995e-07,True,constrained_regularized_mve
2022-05-12,gaussian,35,0.014783556548775898,9.9999999999999995e-07,True,constrained_regularized_mve
2022-05-13,gaussian,35,0,9.9999999999999995e-07,True,constrained_regularized_mve
2022-05-16,gaussian,35,0.023966331657889604,9.9999999999999995e-07,True,constrained_regularized_mve
2022-05-17,gaussian,35,0.0053969612799072766,9.9999999999999995e-07,True,constrained_regularized_mve
2022-05-18,gaussian,35,-0.0081000193243355237,9.9999999999999995e-07,True,constrained_regularized_mve
2022-05-19,gaussian,35,0.0066419125925868848,9.9999999999999995e-07,True,constrained_regularized_mve
2022-05-20,gaussian,35,0,9.9999999999999995e-07,True,constrained_regularized_mve
2022-05-23,gaussian,35,0.0074068212627774856,9.9999999999999995e-07,True,constrained_regularized_mve
2022-05-24,gaussian,35,0.0092996387096199139,9.9999999999999995e-07,True,constrained_regularized_mve
2022-05-25,gaussian,35,0.019694736472465713,9.9999999999999995e-07,True,constrained_regularized_mve
2022-05-26,gaussian,35,0.0095938381166725678,9.9999999999999995e-07,True,constrained_regularized_mve
2022-05-27,gaussian,35,0,9.9999999999999995e-07,True,constrained_regularized_mve
2022-05-30,gaussian,35,0.00026387872143215408,9.9999999999999995e-07,True,constrained_regularized_mve
2022-05-31,gaussian,35,-0.0079990999793270838,9.9999999999999995e-07,True,constrained_regularized_mve
2022-06-01,gaussian,35,-5.5772270627859363e-05,9.9999999999999995e-07,True,constrained_regularized_mve
2022-06-02,gaussian,35,0.0039617190544396505,9.9999999999999995e-07,True,constrained_regularized_mve
2022-06-03,gaussian,35,0,9.9999999999999995e-07,True,constrained_regularized_mve
2022-06-06,gaussian,35,0.00056317315045384343,9.9999999999999995e-07,True,constrained_regularized_mve
2022-06-07,gaussian,35,-0.011442936197632916,9.9999999999999995e-07,True,constrained_regularized_mve
2022-06-08,gaussian,35,-0.023380953490664366,9.9999999999999995e-07,True,constrained_regularized_mve
2022-06-09,gaussian,35,-0.049941333999540753,9.9999999999999995e-07,True,constrained_regularized_mve
2022-06-10,gaussian,35,0,9.9999999999999995e-07,True,constrained_regularized_mve
2022-06-13,gaussian,35,-0.0012467215259570445,9.9999999999999995e-07,True,constrained_regularized_mve
2022-06-14,gaussian,35,0.02173917957125103,9.9999999999999995e-07,True,constrained_regularized_mve
2022-06-15,gaussian,35,-0.020547905733502441,9.9999999999999995e-07,True,constrained_regularized_mve
2022-06-16,gaussian,35,0.0090241169646707291,9.9999999999999995e-07,True,constrained_regularized_mve
2022-06-17,gaussian,35,0,9.9999999999999995e-07,True,constrained_regularized_mve
2022-06-20,gaussian,35,0.017566362978416118,9.9999999999999995e-07,True,constrained_regularized_mve
2022-06-21,gaussian,35,0.0011285288867936367,9.9999999999999995e-07,True,constrained_regularized_mve
2022-06-22,gaussian,35,-0.02707705419031552,9.9999999999999995e-07,True,constrained_regularized_mve
2022-06-23,gaussian,35,0.022632665794182102,9.9999999999999995e-07,True,constrained_regularized_mve
2022-06-24,gaussian,35,0,9.9999999999999995e-07,True,constrained_regularized_mve
2022-06-27,gaussian,35,0.0030095589659909425,9.9999999999999995e-07,True,constrained_regularized_mve
2022-06-28,gaussian,35,-0.013709057274333178,9.9999999999999995e-07,True,constrained_regularized_mve
2022-06-29,gaussian,35,-0.032787773106822557,9.9999999999999995e-07,True,constrained_regularized_mve
2022-06-30,gaussian,35,-0.0029606860818255647,9.9999999999999995e-07,True,constrained_regularized_mve
2022-07-01,gaussian,36,0,9.9999999999999995e-07,True,constrained_regularized_mve
2022-07-04,gaussian,36,-0.015019846379584203,9.9999999999999995e-07,True,constrained_regularized_mve
2022-07-05,gaussian,36,-0.022456196443523466,9.9999999999999995e-07,True,constrained_regularized_mve
2022-07-06,gaussian,36,0.022669786871633978,9.9999999999999995e-07,True,constrained_regularized_mve
2022-07-07,gaussian,36,0.011524939745830303,9.9999999999999995e-07,True,constrained_regularized_mve
2022-07-08,gaussian,36,0,9.9999999999999995e-07,True,constrained_regularized_mve
2022-07-11,gaussian,36,-0.016023279612396257,9.9999999999999995e-07,True,constrained_regularized_mve
2022-07-12,gaussian,36,-0.012478255042490028,9.9999999999999995e-07,True,constrained_regularized_mve
2022-07-13,gaussian,36,-0.029428191600016734,9.9999999999999995e-07,True,constrained_regularized_mve
2022-07-14,gaussian,36,0.029438215457784175,9.9999999999999995e-07,True,constrained_regularized_mve
2022-07-15,gaussian,36,0,9.9999999999999995e-07,True,constrained_regularized_mve
2022-07-18,gaussian,36,0.035470438381801701,9.9999999999999995e-07,True,constrained_regularized_mve
2022-07-19,gaussian,36,-0.00094303047593129793,9.9999999999999995e-07,True,constrained_regularized_mve
2022-07-20,gaussian,36,-0.0018478185326379396,9.9999999999999995e-07,True,constrained_regularized_mve
2022-07-21,gaussian,36,-0.0075735599769821242,9.9999999999999995e-07,True,constrained_regularized_mve
2022-07-22,gaussian,36,0,9.9999999999999995e-07,True,constrained_regularized_mve
2022-07-25,gaussian,36,-0.011956081281453279,9.9999999999999995e-07,True,constrained_regularized_mve
2022-07-26,gaussian,36,0.0077632268598709234,9.9999999999999995e-07,True,constrained_regularized_mve
2022-07-27,gaussian,36,0.0033306032509965965,9.9999999999999995e-07,True,constrained_regularized_mve
2022-07-28,gaussian,36,0.018483107419543336,9.9999999999999995e-07,True,constrained_regularized_mve
2022-07-29,gaussian,36,0,9.9999999999999995e-07,True,constrained_regularized_mve
2022-08-01,gaussian,36,-0.00034534180160512618,9.9999999999999995e-07,True,constrained_regularized_mve
2022-08-02,gaussian,36,0.0092396726041874613,9.9999999999999995e-07,True,constrained_regularized_mve
2022-08-03,gaussian,36,4.5287728527933525e-05,9.9999999999999995e-07,True,constrained_regularized_mve
2022-08-04,gaussian,36,0.012165943000943395,9.9999999999999995e-07,True,constrained_regularized_mve
2022-08-05,gaussian,36,0,9.9999999999999995e-07,True,constrained_regularized_mve
2022-08-08,gaussian,36,0.0014416939277542399,9.9999999999999995e-07,True,constrained_regularized_mve
2022-08-09,gaussian,36,0.010578103434929076,9.9999999999999995e-07,True,constrained_regularized_mve
2022-08-10,gaussian,36,0.014468092212607704,9.9999999999999995e-07,True,constrained_regularized_mve
2022-08-11,gaussian,36,0.014868333056955205,9.9999999999999995e-07,True,constrained_regularized_mve
2022-08-12,gaussian,36,0,9.9999999999999995e-07,True,constrained_regularized_mve
2022-08-15,gaussian,36,-0.0023498117023882281,9.9999999999999995e-07,True,constrained_regularized_mve
2022-08-16,gaussian,36,-0.0070394799219304525,9.9999999999999995e-07,True,constrained_regularized_mve
2022-08-17,gaussian,36,-0.0014644369620322591,9.9999999999999995e-07,True,constrained_regularized_mve
2022-08-18,gaussian,36,-0.029010208035358302,9.9999999999999995e-07,True,constrained_regularized_mve
2022-08-19,gaussian,36,0,9.9999999999999995e-07,True,constrained_regularized_mve
2022-08-22,gaussian,36,-0.0034154867681357648,9.9999999999999995e-07,True,constrained_regularized_mve
2022-08-23,gaussian,36,0.0022762631629340176,9.9999999999999995e-07,True,constrained_regularized_mve
2022-08-24,gaussian,36,0.0012522271371892715,9.9999999999999995e-07,True,constrained_regularized_mve
2022-08-25,gaussian,36,-0.020927978991103845,9.9999999999999995e-07,True,constrained_regularized_mve
2022-08-26,gaussian,36,0,9.9999999999999995e-07,True,constrained_regularized_mve
2022-08-29,gaussian,36,-0.0013330280994143847,9.9999999999999995e-07,True,constrained_regularized_mve
2022-08-30,gaussian,36,0.00093597044752311638,9.9999999999999995e-07,True,constrained_regularized_mve
2022-08-31,gaussian,36,-0.0089744651371326187,9.9999999999999995e-07,True,constrained_regularized_mve
2022-09-01,gaussian,36,0.025288837091303699,9.9999999999999995e-07,True,constrained_regularized_mve
2022-09-02,gaussian,36,0,9.9999999999999995e-07,True,constrained_regularized_mve
2022-09-05,gaussian,36,0.013575498300386043,9.9999999999999995e-07,True,constrained_regularized_mve
2022-09-06,gaussian,36,-0.0042481616402497242,9.9999999999999995e-07,True,constrained_regularized_mve
2022-09-07,gaussian,36,0.028727653757363435,9.9999999999999995e-07,True,constrained_regularized_mve
2022-09-08,gaussian,36,0.015429971759731133,9.9999999999999995e-07,True,constrained_regularized_mve
2022-09-09,gaussian,36,0,9.9999999999999995e-07,True,constrained_regularized_mve
2022-09-12,gaussian,36,-0.022551275791275513,9.9999999999999995e-07,True,constrained_regularized_mve
2022-09-13,gaussian,36,-0.0059473066183520747,9.9999999999999995e-07,True,constrained_regularized_mve
2022-09-14,gaussian,36,0.015693531378195902,9.9999999999999995e-07,True,constrained_regularized_mve
2022-09-15,gaussian,36,-0.0074060596645871314,9.9999999999999995e-07,True,constrained_regularized_mve
2022-09-16,gaussian,36,0,9.9999999999999995e-07,True,constrained_regularized_mve
2022-09-19,gaussian,36,-0.0052443805852343903,9.9999999999999995e-07,True,constrained_regularized_mve
2022-09-20,gaussian,36,-0.01608768658893257,9.9999999999999995e-07,True,constrained_regularized_mve
2022-09-21,gaussian,36,-0.015035299085507336,9.9999999999999995e-07,True,constrained_regularized_mve
2022-09-22,gaussian,36,-0.029259981109433043,9.9999999999999995e-07,True,constrained_regularized_mve
2022-09-23,gaussian,36,0,9.9999999999999995e-07,True,constrained_regularized_mve
2022-09-26,gaussian,36,-0.014876103629431319,9.9999999999999995e-07,True,constrained_regularized_mve
2022-09-27,gaussian,36,-0.019242517764683352,9.9999999999999995e-07,True,constrained_regularized_mve
2022-09-28,gaussian,36,-0.0080975380829235426,9.9999999999999995e-07,True,constrained_regularized_mve
2022-09-29,gaussian,36,0.011661994910747276,9.9999999999999995e-07,True,constrained_regularized_mve
2022-09-30,gaussian,36,0,9.9999999999999995e-07,True,constrained_regularized_mve
2022-10-03,gaussian,36,0.048342898943269368,9.9999999999999995e-07,True,constrained_regularized_mve
2022-10-04,gaussian,36,-0.0081798616852750729,9.9999999999999995e-07,True,constrained_regularized_mve
2022-10-05,gaussian,36,-0.01825758979901685,9.9999999999999995e-07,True,constrained_regularized_mve
2022-10-06,gaussian,36,-0.018271647897037165,9.9999999999999995e-07,True,constrained_regularized_mve
2022-10-07,gaussian,36,0,9.9999999999999995e-07,True,constrained_regularized_mve
2022-10-10,gaussian,36,-0.022471813569668767,9.9999999999999995e-07,True,constrained_regularized_mve
2022-10-11,gaussian,36,-0.0060714604863701194,9.9999999999999995e-07,True,constrained_regularized_mve
2022-10-12,gaussian,36,0.03115787981292965,9.9999999999999995e-07,True,constrained_regularized_mve
2022-10-13,gaussian,36,0.016116004737665446,9.9999999999999995e-07,True,constrained_regularized_mve
2022-10-14,gaussian,36,0,9.9999999999999995e-07,True,constrained_regularized_mve
2022-10-17,gaussian,36,0.019594742024540427,9.9999999999999995e-07,True,constrained_regularized_mve
2022-10-18,gaussian,36,-0.0078770782675284187,9.9999999999999995e-07,True,constrained_regularized_mve
2022-10-19,gaussian,36,-0.0049823232060325429,9.9999999999999995e-07,True,constrained_regularized_mve
2022-10-20,gaussian,36,0.014569402360048177,9.9999999999999995e-07,True,constrained_regularized_mve
2022-10-21,gaussian,36,0,9.9999999999999995e-07,True,constrained_regularized_mve
2022-10-24,gaussian,36,0.013945292973679017,9.9999999999999995e-07,True,constrained_regularized_mve
2022-10-25,gaussian,36,0.0043814357787350282,9.9999999999999995e-07,True,constrained_regularized_mve
2022-10-26,gaussian,36,0.013796909126679375,9.9999999999999995e-07,True,constrained_regularized_mve
2022-10-27,gaussian,36,-0.022315580774274618,9.9999999999999995e-07,True,constrained_regularized_mve
2022-10-28,gaussian,36,0,9.9999999999999995e-07,True,constrained_regularized_mve
2022-10-31,gaussian,36,0.006807392999062592,9.9999999999999995e-07,True,constrained_regularized_mve
2022-11-01,gaussian,36,0.00069392370813376532,9.9999999999999995e-07,True,constrained_regularized_mve
2022-11-02,gaussian,36,-0.0042416826072432957,9.9999999999999995e-07,True,constrained_regularized_mve
2022-11-03,gaussian,36,0.015973505109803606,9.9999999999999995e-07,True,constrained_regularized_mve
2022-11-04,gaussian,36,0,9.9999999999999995e-07,True,constrained_regularized_mve
2022-11-07,gaussian,36,0.012652118263637126,9.9999999999999995e-07,True,constrained_regularized_mve
2022-11-08,gaussian,36,-0.0068874647132778381,9.9999999999999995e-07,True,constrained_regularized_mve
2022-11-09,gaussian,36,0.026294604694299003,9.9999999999999995e-07,True,constrained_regularized_mve
2022-11-10,gaussian,36,0.022133801035822943,9.9999999999999995e-07,True,constrained_regularized_mve
2022-11-11,gaussian,36,0,9.9999999999999995e-07,True,constrained_regularized_mve
2022-11-14,gaussian,36,0.0067574728003108328,9.9999999999999995e-07,True,constrained_regularized_mve
2022-11-15,gaussian,36,-0.0020915932012178871,9.9999999999999995e-07,True,constrained_regularized_mve
2022-11-16,gaussian,36,0.00037731512612131801,9.9999999999999995e-07,True,constrained_regularized_mve
2022-11-17,gaussian,36,0.0062915396436364632,9.9999999999999995e-07,True,constrained_regularized_mve
2022-11-18,gaussian,36,0,9.9999999999999995e-07,True,constrained_regularized_mve
2022-11-21,gaussian,36,0.001598923436287796,9.9999999999999995e-07,True,constrained_regularized_mve
2022-11-22,gaussian,36,0.0048130056628579755,9.9999999999999995e-07,True,constrained_regularized_mve
2022-11-23,gaussian,36,0.016631423239715195,9.9999999999999995e-07,True,constrained_regularized_mve
2022-11-24,gaussian,36,0.00027705348934838455,9.9999999999999995e-07,True,constrained_regularized_mve
2022-11-25,gaussian,36,0,9.9999999999999995e-07,True,constrained_regularized_mve
2022-11-28,gaussian,36,0.010507285023347393,9.9999999999999995e-07,True,constrained_regularized_mve
2022-11-29,gaussian,36,0.0040514510659757849,9.9999999999999995e-07,True,constrained_regularized_mve
2022-11-30,gaussian,36,-0.01245936370737857,9.9999999999999995e-07,True,constrained_regularized_mve
2022-12-01,gaussian,36,0.0038981754963638244,9.9999999999999995e-07,True,constrained_regularized_mve
2022-12-02,gaussian,36,0,9.9999999999999995e-07,True,constrained_regularized_mve
2022-12-05,gaussian,36,-0.013226061070550223,9.9999999999999995e-07,True,constrained_regularized_mve
2022-12-06,gaussian,36,-0.005189716712301248,9.9999999999999995e-07,True,constrained_regularized_mve
2022-12-07,gaussian,36,0.002877410902977059,9.9999999999999995e-07,True,constrained_regularized_mve
2022-12-08,gaussian,36,0.0060231688734907118,9.9999999999999995e-07,True,constrained_regularized_mve
2022-12-09,gaussian,36,0,9.9999999999999995e-07,True,constrained_regularized_mve
2022-12-12,gaussian,36,0.013672760286813213,9.9999999999999995e-07,True,constrained_regularized_mve
2022-12-13,gaussian,36,-0.0043278520777268658,9.9999999999999995e-07,True,constrained_regularized_mve
2022-12-14,gaussian,36,-0.01780331751891517,9.9999999999999995e-07,True,constrained_regularized_mve
2022-12-15,gaussian,36,-0.0032929694227453983,9.9999999999999995e-07,True,constrained_regularized_mve
2022-12-16,gaussian,36,0,9.9999999999999995e-07,True,constrained_regularized_mve
2022-12-19,gaussian,36,0.021731253450054298,9.9999999999999995e-07,True,constrained_regularized_mve
2022-12-20,gaussian,36,0.024065741733037094,9.9999999999999995e-07,True,constrained_regularized_mve
2022-12-21,gaussian,36,-0.0060755105791318398,9.9999999999999995e-07,True,constrained_regularized_mve
2022-12-22,gaussian,36,0.002535876849184738,9.9999999999999995e-07,True,constrained_regularized_mve
2022-12-23,gaussian,36,0,9.9999999999999995e-07,True,constrained_regularized_mve
2022-12-26,gaussian,36,0.00022787402151623704,9.9999999999999995e-07,True,constrained_regularized_mve
2022-12-27,gaussian,36,-0.0017819267758312095,9.9999999999999995e-07,True,constrained_regularized_mve
2022-12-28,gaussian,36,0.0050609769070933501,9.9999999999999995e-07,True,constrained_regularized_mve
2022-12-29,gaussian,36,-0.0026004524732332161,9.9999999999999995e-07,True,constrained_regularized_mve
2022-12-30,gaussian,36,0,9.9999999999999995e-07,True,constrained_regularized_mve
2023-01-02,gaussian,37,0.017384184014233649,0.01,True,constrained_regularized_mve
2023-01-03,gaussian,37,0.017395471302847732,0.01,True,constrained_regularized_mve
2023-01-04,gaussian,37,0.0035322968455852727,0.01,True,constrained_regularized_mve
2023-01-05,gaussian,37,-0.0012491896303342871,0.01,True,constrained_regularized_mve
2023-01-06,gaussian,37,0,0.01,True,constrained_regularized_mve
2023-01-09,gaussian,37,0.0049316136241397716,0.01,True,constrained_regularized_mve
2023-01-10,gaussian,37,0.005578828969395563,0.01,True,constrained_regularized_mve
2023-01-11,gaussian,37,0.016101324394988993,0.01,True,constrained_regularized_mve
2023-01-12,gaussian,37,0.017454776061686651,0.01,True,constrained_regularized_mve
2023-01-13,gaussian,37,0,0.01,True,constrained_regularized_mve
2023-01-16,gaussian,37,-0.004294342928408754,0.01,True,constrained_regularized_mve
2023-01-17,gaussian,37,-0.0032078839057671418,0.01,True,constrained_regularized_mve
2023-01-18,gaussian,37,-0.016449606049886861,0.01,True,constrained_regularized_mve
2023-01-19,gaussian,37,0.013789822874099394,0.01,True,constrained_regularized_mve
2023-01-20,gaussian,37,0,0.01,True,constrained_regularized_mve
2023-01-23,gaussian,37,0.0028833669745395125,0.01,True,constrained_regularized_mve
2023-01-24,gaussian,37,0.0023067695103746819,0.01,True,constrained_regularized_mve
2023-01-25,gaussian,37,0.014786429371020879,0.01,True,constrained_regularized_mve
2023-01-26,gaussian,37,0.0042654039319412239,0.01,True,constrained_regularized_mve
2023-01-27,gaussian,37,0,0.01,True,constrained_regularized_mve
2023-01-30,gaussian,37,0.0086832027743454776,0.01,True,constrained_regularized_mve
2023-01-31,gaussian,37,0.0044092448040042283,0.01,True,constrained_regularized_mve
2023-02-01,gaussian,37,0.0064626692577548651,0.01,True,constrained_regularized_mve
2023-02-02,gaussian,37,-0.0044304649182112079,0.01,True,constrained_regularized_mve
2023-02-03,gaussian,37,0,0.01,True,constrained_regularized_mve
2023-02-06,gaussian,37,0.0078460790647645676,0.01,True,constrained_regularized_mve
2023-02-07,gaussian,37,0.0082353117087576779,0.01,True,constrained_regularized_mve
2023-02-08,gaussian,37,-0.0020079441819687419,0.01,True,constrained_regularized_mve
2023-02-09,gaussian,37,-0.006123229515752341,0.01,True,constrained_regularized_mve
2023-02-10,gaussian,37,0,0.01,True,constrained_regularized_mve
2023-02-13,gaussian,37,0.0097513202821895208,0.01,True,constrained_regularized_mve
2023-02-14,gaussian,37,-0.0041493839739825652,0.01,True,constrained_regularized_mve
2023-02-15,gaussian,37,0.009183024129040521,0.01,True,constrained_regularized_mve
2023-02-16,gaussian,37,-0.0096499296003593228,0.01,True,constrained_regularized_mve
2023-02-17,gaussian,37,0,0.01,True,constrained_regularized_mve
2023-02-20,gaussian,37,-0.006624050123575146,0.01,True,constrained_regularized_mve
2023-02-21,gaussian,37,-0.015525229042056434,0.01,True,constrained_regularized_mve
2023-02-22,gaussian,37,0.004112522390351982,0.01,True,constrained_regularized_mve
2023-02-23,gaussian,37,-0.0071628022223502626,0.01,True,constrained_regularized_mve
2023-02-24,gaussian,37,0,0.01,True,constrained_regularized_mve
2023-02-27,gaussian,37,0.0091464584709064628,0.01,True,constrained_regularized_mve
2023-02-28,gaussian,37,-0.013267655970978998,0.01,True,constrained_regularized_mve
2023-03-01,gaussian,37,-0.0032600470308745281,0.01,True,constrained_regularized_mve
2023-03-02,gaussian,37,0.012427178605710507,0.01,True,constrained_regularized_mve
2023-03-03,gaussian,37,0,0.01,True,constrained_regularized_mve
2023-03-06,gaussian,37,-0.020176777461745964,0.01,True,constrained_regularized_mve
2023-03-07,gaussian,37,-0.0094635592898761316,0.01,True,constrained_regularized_mve
2023-03-08,gaussian,37,-0.017428433056482426,0.01,True,constrained_regularized_mve
2023-03-09,gaussian,37,-0.031156068060378694,0.01,True,constrained_regularized_mve
2023-03-10,gaussian,37,0,0.01,True,constrained_regularized_mve
2023-03-13,gaussian,37,0.014200623726058317,0.01,True,constrained_regularized_mve
2023-03-14,gaussian,37,-0.075604395738040439,0.01,True,constrained_regularized_mve
2023-03-15,gaussian,37,0.008809835766639287,0.01,True,constrained_regularized_mve
2023-03-16,gaussian,37,-0.022619624055730873,0.01,True,constrained_regularized_mve
2023-03-17,gaussian,37,0,0.01,True,constrained_regularized_mve
2023-03-20,gaussian,37,0.052244019761172218,0.01,True,constrained_regularized_mve
2023-03-21,gaussian,37,-0.012634035594305024,0.01,True,constrained_regularized_mve
2023-03-22,gaussian,37,-0.011096417000202221,0.01,True,constrained_regularized_mve
2023-03-23,gaussian,37,-0.029161180946357824,0.01,True,constrained_regularized_mve
2023-03-24,gaussian,37,0,0.01,True,constrained_regularized_mve
2023-03-27,gaussian,37,0.0069645454769667473,0.01,True,constrained_regularized_mve
2023-03-28,gaussian,37,0.018631056006062949,0.01,True,constrained_regularized_mve
2023-03-29,gaussian,37,0.007188831102456052,0.01,True,constrained_regularized_mve
2023-03-30,gaussian,37,0.0088840772707298368,0.01,True,constrained_regularized_mve
2023-03-31,gaussian,37,0,0.01,True,constrained_regularized_mve
2023-04-03,gaussian,37,0.0017813709293451122,0.01,True,constrained_regularized_mve
2023-04-04,gaussian,37,0.00097427925572603387,0.01,True,constrained_regularized_mve
2023-04-05,gaussian,37,0.012831913087520288,0.01,True,constrained_regularized_mve
2023-04-06,gaussian,37,0.00084808421874368021,0.01,True,constrained_regularized_mve
2023-04-07,gaussian,37,0,0.01,True,constrained_regularized_mve
2023-04-10,gaussian,37,0.002962032603028943,0.01,True,constrained_regularized_mve
2023-04-11,gaussian,37,0.0052476642319825868,0.01,True,constrained_regularized_mve
2023-04-12,gaussian,37,0.0038038160671703468,0.01,True,constrained_regularized_mve
2023-04-13,gaussian,37,0.032507441661984396,0.01,True,constrained_regularized_mve
2023-04-14,gaussian,37,0,0.01,True,constrained_regularized_mve
2023-04-17,gaussian,37,0.0058679991716651062,0.01,True,constrained_regularized_mve
2023-04-18,gaussian,37,0.013185105169489396,0.01,True,constrained_regularized_mve
2023-04-19,gaussian,37,-0.009295950471604409,0.01,True,constrained_regularized_mve
2023-04-20,gaussian,37,-0.0052996240911383635,0.01,True,constrained_regularized_mve
2023-04-21,gaussian,37,0,0.01,True,constrained_regularized_mve
2023-04-24,gaussian,37,-0.019776502765567819,0.01,True,constrained_regularized_mve
2023-04-25,gaussian,37,-0.0024955456488419177,0.01,True,constrained_regularized_mve
2023-04-26,gaussian,37,0.016573561090686327,0.01,True,constrained_regularized_mve
2023-04-27,gaussian,37,-0.0069079471811738027,0.01,True,constrained_regularized_mve
2023-04-28,gaussian,37,0,0.01,True,constrained_regularized_mve
2023-05-01,gaussian,37,-0.023179633249126155,0.01,True,constrained_regularized_mve
2023-05-02,gaussian,37,-0.0080563375456299529,0.01,True,constrained_regularized_mve
2023-05-03,gaussian,37,-0.013433834002707664,0.01,True,constrained_regularized_mve
2023-05-04,gaussian,37,0.023255710036868635,0.01,True,constrained_regularized_mve
2023-05-05,gaussian,37,0,0.01,True,constrained_regularized_mve
2023-05-08,gaussian,37,-0.0008809767374338308,0.01,True,constrained_regularized_mve
2023-05-09,gaussian,37,-0.0043591109216231617,0.01,True,constrained_regularized_mve
2023-05-10,gaussian,37,0.00049827969786447413,0.01,True,constrained_regularized_mve
2023-05-11,gaussian,37,-0.005446177862476735,0.01,True,constrained_regularized_mve
2023-05-12,gaussian,37,0,0.01,True,constrained_regularized_mve
2023-05-15,gaussian,37,-0.0096591603145425881,0.01,True,constrained_regularized_mve
2023-05-16,gaussian,37,0.012428922655069181,0.01,True,constrained_regularized_mve
2023-05-17,gaussian,37,0.0055592748148562956,0.01,True,constrained_regularized_mve
2023-05-18,gaussian,37,-0.0078094950551810911,0.01,True,constrained_regularized_mve
2023-05-19,gaussian,37,0,0.01,True,constrained_regularized_mve
2023-05-22,gaussian,37,0.0046874221158974628,0.01,True,constrained_regularized_mve
2023-05-23,gaussian,37,-0.021770959141492192,0.01,True,constrained_regularized_mve
2023-05-24,gaussian,37,-0.0015757202528026151,0.01,True,constrained_regularized_mve
2023-05-25,gaussian,37,0.0037980437808514196,0.01,True,constrained_regularized_mve
2023-05-26,gaussian,37,0,0.01,True,constrained_regularized_mve
2023-05-29,gaussian,37,-0.0066682699073082191,0.01,True,constrained_regularized_mve
2023-05-30,gaussian,37,-0.016688385358945249,0.01,True,constrained_regularized_mve
2023-05-31,gaussian,37,0.014978093689937343,0.01,True,constrained_regularized_mve
2023-06-01,gaussian,37,0.026555505595668365,0.01,True,constrained_regularized_mve
2023-06-02,gaussian,37,0,0.01,True,constrained_regularized_mve
2023-06-05,gaussian,37,0.012175857763548742,0.01,True,constrained_regularized_mve
2023-06-06,gaussian,37,0.0027992019761551262,0.01,True,constrained_regularized_mve
2023-06-07,gaussian,37,0.0042947639740613759,0.01,True,constrained_regularized_mve
2023-06-08,gaussian,37,0.0016532158082185773,0.01,True,constrained_regularized_mve
2023-06-09,gaussian,37,0,0.01,True,constrained_regularized_mve
2023-06-12,gaussian,37,0.005559029864222173,0.01,True,constrained_regularized_mve
2023-06-13,gaussian,37,0.00072740962845864335,0.01,True,constrained_regularized_mve
2023-06-14,gaussian,37,-0.0032352498675138441,0.01,True,constrained_regularized_mve
2023-06-15,gaussian,37,0.0043344694737233302,0.01,True,constrained_regularized_mve
2023-06-16,gaussian,37,0,0.01,True,constrained_regularized_mve
2023-06-19,gaussian,37,-0.0086698621358329286,0.01,True,constrained_regularized_mve
2023-06-20,gaussian,37,0.00087047751881465783,0.01,True,constrained_regularized_mve
2023-06-21,gaussian,37,-0.010394268517818786,0.01,True,constrained_regularized_mve
2023-06-22,gaussian,37,-0.018471165125610076,0.01,True,constrained_regularized_mve
2023-06-23,gaussian,37,0,0.01,True,constrained_regularized_mve
2023-06-26,gaussian,37,0.010954429731913302,0.01,True,constrained_regularized_mve
2023-06-27,gaussian,37,0.004351557413286221,0.01,True,constrained_regularized_mve
2023-06-28,gaussian,37,0.013249210929749289,0.01,True,constrained_regularized_mve
2023-06-29,gaussian,37,0.0051251047960371972,0.01,True,constrained_regularized_mve
2023-06-30,gaussian,37,0,0.01,True,constrained_regularized_mve
2023-07-03,gaussian,38,-0.00060644934379203695,0.01,True,constrained_regularized_mve
2023-07-04,gaussian,38,-0.0063453486925497855,0.01,True,constrained_regularized_mve
2023-07-05,gaussian,38,-0.027838386558952478,0.01,True,constrained_regularized_mve
2023-07-06,gaussian,38,0.010924815805434345,0.01,True,constrained_regularized_mve
2023-07-07,gaussian,38,0,0.01,True,constrained_regularized_mve
2023-07-10,gaussian,38,0.011660285671474001,0.01,True,constrained_regularized_mve
2023-07-11,gaussian,38,0.019252062693098839,0.01,True,constrained_regularized_mve
2023-07-12,gaussian,38,0.013789294836600808,0.01,True,constrained_regularized_mve
2023-07-13,gaussian,38,-0.0035422460553126583,0.01,True,constrained_regularized_mve
2023-07-14,gaussian,38,0,0.01,True,constrained_regularized_mve
2023-07-17,gaussian,38,0.017223130218699988,0.01,True,constrained_regularized_mve
2023-07-18,gaussian,38,0.0094464117926481312,0.01,True,constrained_regularized_mve
2023-07-19,gaussian,38,0.0048508069816635378,0.01,True,constrained_regularized_mve
2023-07-20,gaussian,38,-0.0053632875330123682,0.01,True,constrained_regularized_mve
2023-07-21,gaussian,38,0,0.01,True,constrained_regularized_mve
2023-07-24,gaussian,38,-0.003656896318635903,0.01,True,constrained_regularized_mve
2023-07-25,gaussian,38,0.0031729680725181724,0.01,True,constrained_regularized_mve
2023-07-26,gaussian,38,-0.0041405306742383907,0.01,True,constrained_regularized_mve
2023-07-27,gaussian,38,0.0046408972214202759,0.01,True,constrained_regularized_mve
2023-07-28,gaussian,38,0,0.01,True,constrained_regularized_mve
2023-07-31,gaussian,38,-0.016214234401802953,0.01,True,constrained_regularized_mve
2023-08-01,gaussian,38,-0.019360793483086787,0.01,True,constrained_regularized_mve
2023-08-02,gaussian,38,0.002458885739969695,0.01,True,constrained_regularized_mve
2023-08-03,gaussian,38,0.0062047392880142114,0.01,True,constrained_regularized_mve
2023-08-04,gaussian,38,0,0.01,True,constrained_regularized_mve
2023-08-07,gaussian,38,-0.021019599587552593,0.01,True,constrained_regularized_mve
2023-08-08,gaussian,38,-0.00072023518746811965,0.01,True,constrained_regularized_mve
2023-08-09,gaussian,38,0.0048623444942596317,0.01,True,constrained_regularized_mve
2023-08-10,gaussian,38,0.0010956316280392529,0.01,True,constrained_regularized_mve
2023-08-11,gaussian,38,0,0.01,True,constrained_regularized_mve
2023-08-14,gaussian,38,-0.016014241113772532,0.01,True,constrained_regularized_mve
2023-08-15,gaussian,38,-0.010728420329747294,0.01,True,constrained_regularized_mve
2023-08-16,gaussian,38,0.0017821585017758716,0.01,True,constrained_regularized_mve
2023-08-17,gaussian,38,-0.0045339382345333523,0.01,True,constrained_regularized_mve
2023-08-18,gaussian,38,0,0.01,True,constrained_regularized_mve
2023-08-21,gaussian,38,-0.0053937949604345491,0.01,True,constrained_regularized_mve
2023-08-22,gaussian,38,0.00052354181943645238,0.01,True,constrained_regularized_mve
2023-08-23,gaussian,38,0.0032874000850414945,0.01,True,constrained_regularized_mve
2023-08-24,gaussian,38,-0.0082425370428299075,0.01,True,constrained_regularized_mve
2023-08-25,gaussian,38,0,0.01,True,constrained_regularized_mve
2023-08-28,gaussian,38,0.016295274236064864,0.01,True,constrained_regularized_mve
2023-08-29,gaussian,38,0.0031825269033641276,0.01,True,constrained_regularized_mve
2023-08-30,gaussian,38,-0.00039786662214160194,0.01,True,constrained_regularized_mve
2023-08-31,gaussian,38,0.00072319781485041118,0.01,True,constrained_regularized_mve
2023-09-01,gaussian,38,0,0.01,True,constrained_regularized_mve
2023-09-04,gaussian,38,-0.0081168124146167586,0.01,True,constrained_regularized_mve
2023-09-05,gaussian,38,-0.015202711104258181,0.01,True,constrained_regularized_mve
2023-09-06,gaussian,38,-0.0093757479872337065,0.01,True,constrained_regularized_mve
2023-09-07,gaussian,38,0.0017438440487412886,0.01,True,constrained_regularized_mve
2023-09-08,gaussian,38,0,0.01,True,constrained_regularized_mve
2023-09-11,gaussian,38,0.017569963551314259,0.01,True,constrained_regularized_mve
2023-09-12,gaussian,38,0.0025069121677561436,0.01,True,constrained_regularized_mve
2023-09-13,gaussian,38,0.016567155170949345,0.01,True,constrained_regularized_mve
2023-09-14,gaussian,38,-0.01086227545287638,0.01,True,constrained_regularized_mve
2023-09-15,gaussian,38,0,0.01,True,constrained_regularized_mve
2023-09-18,gaussian,38,0.0059195939638612078,0.01,True,constrained_regularized_mve
2023-09-19,gaussian,38,0.0065247228129215818,0.01,True,constrained_regularized_mve
2023-09-20,gaussian,38,-0.01079168895964462,0.01,True,constrained_regularized_mve
2023-09-21,gaussian,38,-0.010092898054893993,0.01,True,constrained_regularized_mve
2023-09-22,gaussian,38,0,0.01,True,constrained_regularized_mve
2023-09-25,gaussian,38,-0.0087029416155618086,0.01,True,constrained_regularized_mve
2023-09-26,gaussian,38,-0.0017637154945362873,0.01,True,constrained_regularized_mve
2023-09-27,gaussian,38,0.0040456394773658701,0.01,True,constrained_regularized_mve
2023-09-28,gaussian,38,0.010140040132967279,0.01,True,constrained_regularized_mve
2023-09-29,gaussian,38,0,0.01,True,constrained_regularized_mve
2023-10-02,gaussian,38,-0.018833219779265893,0.01,True,constrained_regularized_mve
2023-10-03,gaussian,38,-0.0041322878215440464,0.01,True,constrained_regularized_mve
2023-10-04,gaussian,38,0.0098444228625045906,0.01,True,constrained_regularized_mve
2023-10-05,gaussian,38,0.014086261162588803,0.01,True,constrained_regularized_mve
2023-10-06,gaussian,38,0,0.01,True,constrained_regularized_mve
2023-10-09,gaussian,38,0.02249953487114853,0.01,True,constrained_regularized_mve
2023-10-10,gaussian,38,0.00034861354049584134,0.01,True,constrained_regularized_mve
2023-10-11,gaussian,38,-0.0043087944299994765,0.01,True,constrained_regularized_mve
2023-10-12,gaussian,38,-0.01670487592438211,0.01,True,constrained_regularized_mve
2023-10-13,gaussian,38,0,0.01,True,constrained_regularized_mve
2023-10-16,gaussian,38,0.0064076844763773563,0.01,True,constrained_regularized_mve
2023-10-17,gaussian,38,-0.014533499426403416,0.01,True,constrained_regularized_mve
2023-10-18,gaussian,38,-0.014723187610337293,0.01,True,constrained_regularized_mve
2023-10-19,gaussian,38,-0.016574605680719747,0.01,True,constrained_regularized_mve
2023-10-20,gaussian,38,0,0.01,True,constrained_regularized_mve
2023-10-23,gaussian,38,-0.0057020556370465641,0.01,True,constrained_regularized_mve
2023-10-24,gaussian,38,0.00047622558447842062,0.01,True,constrained_regularized_mve
2023-10-25,gaussian,38,-0.0053317481676615867,0.01,True,constrained_regularized_mve
2023-10-26,gaussian,38,-0.013766936166915282,0.01,True,constrained_regularized_mve
2023-10-27,gaussian,38,0,0.01,True,constrained_regularized_mve
2023-10-30,gaussian,38,0.0098542000515684323,0.01,True,constrained_regularized_mve
2023-10-31,gaussian,38,0.0051811363759331356,0.01,True,constrained_regularized_mve
2023-11-01,gaussian,38,0.028607373051048501,0.01,True,constrained_regularized_mve
2023-11-02,gaussian,38,0.015583849689700778,0.01,True,constrained_regularized_mve
2023-11-03,gaussian,38,0,0.01,True,constrained_regularized_mve
2023-11-06,gaussian,38,-0.0040679010956702006,0.01,True,constrained_regularized_mve
2023-11-07,gaussian,38,-0.0058451140880652393,0.01,True,constrained_regularized_mve
2023-11-08,gaussian,38,-0.00082139658599988854,0.01,True,constrained_regularized_mve
2023-11-09,gaussian,38,-0.0029430892801233393,0.01,True,constrained_regularized_mve
2023-11-10,gaussian,38,0,0.01,True,constrained_regularized_mve
2023-11-13,gaussian,38,0.024645077270904342,0.01,True,constrained_regularized_mve
2023-11-14,gaussian,38,0.024462277601880023,0.01,True,constrained_regularized_mve
2023-11-15,gaussian,38,-0.0014868517820662266,0.01,True,constrained_regularized_mve
2023-11-16,gaussian,38,0.014184649164958376,0.01,True,constrained_regularized_mve
2023-11-17,gaussian,38,0,0.01,True,constrained_regularized_mve
2023-11-20,gaussian,38,-0.0049575692962718389,0.01,True,constrained_regularized_mve
2023-11-21,gaussian,38,-0.00051305421574969782,0.01,True,constrained_regularized_mve
2023-11-22,gaussian,38,0.00054167472904547548,0.01,True,constrained_regularized_mve
2023-11-23,gaussian,38,0.0042326016624064742,0.01,True,constrained_regularized_mve
2023-11-24,gaussian,38,0,0.01,True,constrained_regularized_mve
2023-11-27,gaussian,38,0.004156207367437637,0.01,True,constrained_regularized_mve
2023-11-28,gaussian,38,0.010561993011933717,0.01,True,constrained_regularized_mve
2023-11-29,gaussian,38,0.0054368829114714197,0.01,True,constrained_regularized_mve
2023-11-30,gaussian,38,0.0089775050023372556,0.01,True,constrained_regularized_mve
2023-12-01,gaussian,38,0,0.01,True,constrained_regularized_mve
2023-12-04,gaussian,38,-0.0084110619179445182,0.01,True,constrained_regularized_mve
2023-12-05,gaussian,38,0.0059668498211325801,0.01,True,constrained_regularized_mve
2023-12-06,gaussian,38,-0.0020004063448052431,0.01,True,constrained_regularized_mve
2023-12-07,gaussian,38,0.016553865036159666,0.01,True,constrained_regularized_mve
2023-12-08,gaussian,38,0,0.01,True,constrained_regularized_mve
2023-12-11,gaussian,38,-0.0043249395026865268,0.01,True,constrained_regularized_mve
2023-12-12,gaussian,38,0.010427863725249668,0.01,True,constrained_regularized_mve
2023-12-13,gaussian,38,0.021661091182091002,0.01,True,constrained_regularized_mve
2023-12-14,gaussian,38,-0.0028972026808222651,0.01,True,constrained_regularized_mve
2023-12-15,gaussian,38,0,0.01,True,constrained_regularized_mve
2023-12-18,gaussian,38,0.0081312966104205679,0.01,True,constrained_regularized_mve
2023-12-19,gaussian,38,0.00044251659243823926,0.01,True,constrained_regularized_mve
2023-12-20,gaussian,38,0.0028707978026031242,0.01,True,constrained_regularized_mve
2023-12-21,gaussian,38,0.010717856477752571,0.01,True,constrained_regularized_mve
2023-12-22,gaussian,38,0,0.01,True,constrained_regularized_mve
2023-12-25,gaussian,38,0.0034364365224877763,0.01,True,constrained_regularized_mve
2023-12-26,gaussian,38,0.0044141566721680563,0.01,True,constrained_regularized_mve
2023-12-27,gaussian,38,0.0015808788406434869,0.01,True,constrained_regularized_mve
2023-12-28,gaussian,38,-0.0018263762177603529,0.01,True,constrained_regularized_mve
2023-12-29,gaussian,38,0,0.01,True,constrained_regularized_mve
2024-01-01,gaussian,39,0.0075354935015510818,9.9999999999999995e-07,True,constrained_regularized_mve
2024-01-02,gaussian,39,-0.016729403070273034,9.9999999999999995e-07,True,constrained_regularized_mve
2024-01-03,gaussian,39,0.012590737286206223,9.9999999999999995e-07,True,constrained_regularized_mve
2024-01-04,gaussian,39,0.010976476973118056,9.9999999999999995e-07,True,constrained_regularized_mve
2024-01-05,gaussian,39,0,9.9999999999999995e-07,True,constrained_regularized_mve
2024-01-08,gaussian,39,-0.0094060253568446512,9.9999999999999995e-07,True,constrained_regularized_mve
2024-01-09,gaussian,39,-0.0052588260990762787,9.9999999999999995e-07,True,constrained_regularized_mve
2024-01-10,gaussian,39,-0.015812254194897377,9.9999999999999995e-07,True,constrained_regularized_mve
2024-01-11,gaussian,39,-0.0036152855086819301,9.9999999999999995e-07,True,constrained_regularized_mve
2024-01-12,gaussian,39,0,9.9999999999999995e-07,True,constrained_regularized_mve
2024-01-15,gaussian,39,-0.010998239515733841,9.9999999999999995e-07,True,constrained_regularized_mve
2024-01-16,gaussian,39,-0.012980042713945568,9.9999999999999995e-07,True,constrained_regularized_mve
2024-01-17,gaussian,39,0.0022074357632911839,9.9999999999999995e-07,True,constrained_regularized_mve
2024-01-18,gaussian,39,0.013637642470212423,9.9999999999999995e-07,True,constrained_regularized_mve
2024-01-19,gaussian,39,0,9.9999999999999995e-07,True,constrained_regularized_mve
2024-01-22,gaussian,39,0.0019216912222544723,9.9999999999999995e-07,True,constrained_regularized_mve
2024-01-23,gaussian,39,0.012127385891976096,9.9999999999999995e-07,True,constrained_regularized_mve
2024-01-24,gaussian,39,0.00088231678200275201,9.9999999999999995e-07,True,constrained_regularized_mve
2024-01-25,gaussian,39,0.0019517860382560663,9.9999999999999995e-07,True,constrained_regularized_mve
2024-01-26,gaussian,39,0,9.9999999999999995e-07,True,constrained_regularized_mve
2024-01-29,gaussian,39,0.01322318816637341,9.9999999999999995e-07,True,constrained_regularized_mve
2024-01-30,gaussian,39,-0.0023968631326788882,9.9999999999999995e-07,True,constrained_regularized_mve
2024-01-31,gaussian,39,-0.014500438360616768,9.9999999999999995e-07,True,constrained_regularized_mve
2024-02-01,gaussian,39,0.0092054095321133962,9.9999999999999995e-07,True,constrained_regularized_mve
2024-02-02,gaussian,39,0,9.9999999999999995e-07,True,constrained_regularized_mve
2024-02-05,gaussian,39,-0.0002286226422220007,9.9999999999999995e-07,True,constrained_regularized_mve
2024-02-06,gaussian,39,-0.0053589389698698508,9.9999999999999995e-07,True,constrained_regularized_mve
2024-02-07,gaussian,39,-0.0029629464179476194,9.9999999999999995e-07,True,constrained_regularized_mve
2024-02-08,gaussian,39,-0.0052107335220298668,9.9999999999999995e-07,True,constrained_regularized_mve
2024-02-09,gaussian,39,0,9.9999999999999995e-07,True,constrained_regularized_mve
2024-02-12,gaussian,39,-0.010595243386625226,9.9999999999999995e-07,True,constrained_regularized_mve
2024-02-13,gaussian,39,0.0062426232800810661,9.9999999999999995e-07,True,constrained_regularized_mve
2024-02-14,gaussian,39,0.0099054818658864986,9.9999999999999995e-07,True,constrained_regularized_mve
2024-02-15,gaussian,39,0.014953057861325893,9.9999999999999995e-07,True,constrained_regularized_mve
2024-02-16,gaussian,39,0,9.9999999999999995e-07,True,constrained_regularized_mve
2024-02-19,gaussian,39,0.00069567726403679385,9.9999999999999995e-07,True,constrained_regularized_mve
2024-02-20,gaussian,39,0.0014993883861341394,9.9999999999999995e-07,True,constrained_regularized_mve
2024-02-21,gaussian,39,0.0083703573763759878,9.9999999999999995e-07,True,constrained_regularized_mve
2024-02-22,gaussian,39,0.0070944500664004472,9.9999999999999995e-07,True,constrained_regularized_mve
2024-02-23,gaussian,39,0,9.9999999999999995e-07,True,constrained_regularized_mve
2024-02-26,gaussian,39,0.0074314866474767651,9.9999999999999995e-07,True,constrained_regularized_mve
2024-02-27,gaussian,39,0.0012898013146078148,9.9999999999999995e-07,True,constrained_regularized_mve
2024-02-28,gaussian,39,0.00092420949523608505,9.9999999999999995e-07,True,constrained_regularized_mve
2024-02-29,gaussian,39,0.010875425517633699,9.9999999999999995e-07,True,constrained_regularized_mve
2024-03-01,gaussian,39,0,9.9999999999999995e-07,True,constrained_regularized_mve
2024-03-04,gaussian,39,0.0093633807062827382,9.9999999999999995e-07,True,constrained_regularized_mve
2024-03-05,gaussian,39,0.0028952978465004229,9.9999999999999995e-07,True,constrained_regularized_mve
2024-03-06,gaussian,39,0.0050618160157974842,9.9999999999999995e-07,True,constrained_regularized_mve
2024-03-07,gaussian,39,0.0067563654578314909,9.9999999999999995e-07,True,constrained_regularized_mve
2024-03-08,gaussian,39,0,9.9999999999999995e-07,True,constrained_regularized_mve
2024-03-11,gaussian,39,0.0074426199748181708,9.9999999999999995e-07,True,constrained_regularized_mve
2024-03-12,gaussian,39,0.0062394045987943254,9.9999999999999995e-07,True,constrained_regularized_mve
2024-03-13,gaussian,39,-0.0093790010705749067,9.9999999999999995e-07,True,constrained_regularized_mve
2024-03-14,gaussian,39,0.0017993574724998419,9.9999999999999995e-07,True,constrained_regularized_mve
2024-03-15,gaussian,39,0,9.9999999999999995e-07,True,constrained_regularized_mve
2024-03-18,gaussian,39,0.0070543714824945177,9.9999999999999995e-07,True,constrained_regularized_mve
2024-03-19,gaussian,39,0.008608542715318147,9.9999999999999995e-07,True,constrained_regularized_mve
2024-03-20,gaussian,39,0.024671539387538178,9.9999999999999995e-07,True,constrained_regularized_mve
2024-03-21,gaussian,39,-0.0047025524582062807,9.9999999999999995e-07,True,constrained_regularized_mve
2024-03-22,gaussian,39,0,9.9999999999999995e-07,True,constrained_regularized_mve
2024-03-25,gaussian,39,0.0056946467524044602,9.9999999999999995e-07,True,constrained_regularized_mve
2024-03-26,gaussian,39,0.012543361253829611,9.9999999999999995e-07,True,constrained_regularized_mve
2024-03-27,gaussian,39,0.0056736853794437728,9.9999999999999995e-07,True,constrained_regularized_mve
2024-03-28,gaussian,39,0.0014150036898175175,9.9999999999999995e-07,True,constrained_regularized_mve
2024-03-29,gaussian,39,0,9.9999999999999995e-07,True,constrained_regularized_mve
2024-04-01,gaussian,39,-0.0067366481389592777,9.9999999999999995e-07,True,constrained_regularized_mve
2024-04-02,gaussian,39,0.01076716916279344,9.9999999999999995e-07,True,constrained_regularized_mve
2024-04-03,gaussian,39,0.0044196800172117438,9.9999999999999995e-07,True,constrained_regularized_mve
2024-04-04,gaussian,39,-0.0018952076005307732,9.9999999999999995e-07,True,constrained_regularized_mve
2024-04-05,gaussian,39,0,9.9999999999999995e-07,True,constrained_regularized_mve
2024-04-08,gaussian,39,-0.0074055353518997389,9.9999999999999995e-07,True,constrained_regularized_mve
2024-04-09,gaussian,39,-5.7084534518532291e-05,9.9999999999999995e-07,True,constrained_regularized_mve
2024-04-10,gaussian,39,-0.014547048027437703,9.9999999999999995e-07,True,constrained_regularized_mve
2024-04-11,gaussian,39,-0.00053582756250567616,9.9999999999999995e-07,True,constrained_regularized_mve
2024-04-12,gaussian,39,0,9.9999999999999995e-07,True,constrained_regularized_mve
2024-04-15,gaussian,39,-0.02351947413313165,9.9999999999999995e-07,True,constrained_regularized_mve
2024-04-16,gaussian,39,0.0059716820747220505,9.9999999999999995e-07,True,constrained_regularized_mve
2024-04-17,gaussian,39,0.015039308107636059,9.9999999999999995e-07,True,constrained_regularized_mve
2024-04-18,gaussian,39,0.0077659070059122965,9.9999999999999995e-07,True,constrained_regularized_mve
2024-04-19,gaussian,39,0,9.9999999999999995e-07,True,constrained_regularized_mve
2024-04-22,gaussian,39,0.011118311780178422,9.9999999999999995e-07,True,constrained_regularized_mve
2024-04-23,gaussian,39,0.0020506958076959149,9.9999999999999995e-07,True,constrained_regularized_mve
2024-04-24,gaussian,39,-0.0040774543199084724,9.9999999999999995e-07,True,constrained_regularized_mve
2024-04-25,gaussian,39,0.0058379850126382485,9.9999999999999995e-07,True,constrained_regularized_mve
2024-04-26,gaussian,39,0,9.9999999999999995e-07,True,constrained_regularized_mve
2024-04-29,gaussian,39,-0.0036526953625001845,9.9999999999999995e-07,True,constrained_regularized_mve
2024-04-30,gaussian,39,-0.00051977433197471538,9.9999999999999995e-07,True,constrained_regularized_mve
2024-05-01,gaussian,39,0.0088404085144765804,9.9999999999999995e-07,True,constrained_regularized_mve
2024-05-02,gaussian,39,0.0055804147877719663,9.9999999999999995e-07,True,constrained_regularized_mve
2024-05-03,gaussian,39,0,9.9999999999999995e-07,True,constrained_regularized_mve
2024-05-06,gaussian,39,0.014128311333063607,9.9999999999999995e-07,True,constrained_regularized_mve
2024-05-07,gaussian,39,-2.9256162247270404e-05,9.9999999999999995e-07,True,constrained_regularized_mve
2024-05-08,gaussian,39,0.0032551413385864037,9.9999999999999995e-07,True,constrained_regularized_mve
2024-05-09,gaussian,39,0.0082441164037027788,9.9999999999999995e-07,True,constrained_regularized_mve
2024-05-10,gaussian,39,0,9.9999999999999995e-07,True,constrained_regularized_mve
2024-05-13,gaussian,39,0.012309690299981177,9.9999999999999995e-07,True,constrained_regularized_mve
2024-05-14,gaussian,39,0.011101333718011875,9.9999999999999995e-07,True,constrained_regularized_mve
2024-05-15,gaussian,39,0.0056627561554381239,9.9999999999999995e-07,True,constrained_regularized_mve
2024-05-16,gaussian,39,0.0027701115752516853,9.9999999999999995e-07,True,constrained_regularized_mve
2024-05-17,gaussian,39,0,9.9999999999999995e-07,True,constrained_regularized_mve
2024-05-20,gaussian,39,0.0064036059712443286,9.9999999999999995e-07,True,constrained_regularized_mve
2024-05-21,gaussian,39,-0.0066481244725156395,9.9999999999999995e-07,True,constrained_regularized_mve
2024-05-22,gaussian,39,-0.0074895259530537821,9.9999999999999995e-07,True,constrained_regularized_mve
2024-05-23,gaussian,39,0.0028429571714511793,9.9999999999999995e-07,True,constrained_regularized_mve
2024-05-24,gaussian,39,0,9.9999999999999995e-07,True,constrained_regularized_mve
2024-05-27,gaussian,39,-0.0019573789290697014,9.9999999999999995e-07,True,constrained_regularized_mve
2024-05-28,gaussian,39,-0.011770388447868428,9.9999999999999995e-07,True,constrained_regularized_mve
2024-05-29,gaussian,39,0.0090586304852068068,9.9999999999999995e-07,True,constrained_regularized_mve
2024-05-30,gaussian,39,0.014379753165724775,9.9999999999999995e-07,True,constrained_regularized_mve
2024-05-31,gaussian,39,0,9.9999999999999995e-07,True,constrained_regularized_mve
2024-06-03,gaussian,39,-0.012167304989324862,9.9999999999999995e-07,True,constrained_regularized_mve
2024-06-04,gaussian,39,-0.0030714929051042484,9.9999999999999995e-07,True,constrained_regularized_mve
2024-06-05,gaussian,39,0.0085378833895475639,9.9999999999999995e-07,True,constrained_regularized_mve
2024-06-06,gaussian,39,0.0037834131078562658,9.9999999999999995e-07,True,constrained_regularized_mve
2024-06-07,gaussian,39,0,9.9999999999999995e-07,True,constrained_regularized_mve
2024-06-10,gaussian,39,-0.025799147560523244,9.9999999999999995e-07,True,constrained_regularized_mve
2024-06-11,gaussian,39,0.0090939058411686983,9.9999999999999995e-07,True,constrained_regularized_mve
2024-06-12,gaussian,39,-0.012363391092037575,9.9999999999999995e-07,True,constrained_regularized_mve
2024-06-13,gaussian,39,-0.018114193118782741,9.9999999999999995e-07,True,constrained_regularized_mve
2024-06-14,gaussian,39,0,9.9999999999999995e-07,True,constrained_regularized_mve
2024-06-17,gaussian,39,0.010172848339291283,9.9999999999999995e-07,True,constrained_regularized_mve
2024-06-18,gaussian,39,0.00098420792744594423,9.9999999999999995e-07,True,constrained_regularized_mve
2024-06-19,gaussian,39,0.0056731369360733946,9.9999999999999995e-07,True,constrained_regularized_mve
2024-06-20,gaussian,39,-0.013250825101895052,9.9999999999999995e-07,True,constrained_regularized_mve
2024-06-21,gaussian,39,0,9.9999999999999995e-07,True,constrained_regularized_mve
2024-06-24,gaussian,39,-0.0020356088034916664,9.9999999999999995e-07,True,constrained_regularized_mve
2024-06-25,gaussian,39,-0.003939404809559943,9.9999999999999995e-07,True,constrained_regularized_mve
2024-06-26,gaussian,39,-0.0024168079004084461,9.9999999999999995e-07,True,constrained_regularized_mve
2024-06-27,gaussian,39,0.0062909323097779116,9.9999999999999995e-07,True,constrained_regularized_mve
2024-06-28,gaussian,39,0,9.9999999999999995e-07,True,constrained_regularized_mve
2024-07-01,gaussian,40,0.0045158737960388096,9.9999999999999995e-07,True,constrained_regularized_mve
2024-07-02,gaussian,40,0.015108152141735113,9.9999999999999995e-07,True,constrained_regularized_mve
2024-07-03,gaussian,40,0.0060141454801816109,9.9999999999999995e-07,True,constrained_regularized_mve
2024-07-04,gaussian,40,-0.0087217297065097302,9.9999999999999995e-07,True,constrained_regularized_mve
2024-07-05,gaussian,40,0,9.9999999999999995e-07,True,constrained_regularized_mve
2024-07-08,gaussian,40,-0.004773738997750545,9.9999999999999995e-07,True,constrained_regularized_mve
2024-07-09,gaussian,40,0.0080775857625265644,9.9999999999999995e-07,True,constrained_regularized_mve
2024-07-10,gaussian,40,0.0042990657936057405,9.9999999999999995e-07,True,constrained_regularized_mve
2024-07-11,gaussian,40,0.0035721401880441095,9.9999999999999995e-07,True,constrained_regularized_mve
2024-07-12,gaussian,40,0,9.9999999999999995e-07,True,constrained_regularized_mve
2024-07-15,gaussian,40,0.0099016232211463877,9.9999999999999995e-07,True,constrained_regularized_mve
2024-07-16,gaussian,40,0.0074134321388654653,9.9999999999999995e-07,True,constrained_regularized_mve
2024-07-17,gaussian,40,-0.0026512234020086584,9.9999999999999995e-07,True,constrained_regularized_mve
2024-07-18,gaussian,40,-0.0055863384185821461,9.9999999999999995e-07,True,constrained_regularized_mve
2024-07-19,gaussian,40,0,9.9999999999999995e-07,True,constrained_regularized_mve
2024-07-22,gaussian,40,0.006911673652352175,9.9999999999999995e-07,True,constrained_regularized_mve
2024-07-23,gaussian,40,-0.010837641641025927,9.9999999999999995e-07,True,constrained_regularized_mve
2024-07-24,gaussian,40,-0.005332115686721357,9.9999999999999995e-07,True,constrained_regularized_mve
2024-07-25,gaussian,40,0.0034631480091042379,9.9999999999999995e-07,True,constrained_regularized_mve
2024-07-26,gaussian,40,0,9.9999999999999995e-07,True,constrained_regularized_mve
2024-07-29,gaussian,40,0.0097492939372612226,9.9999999999999995e-07,True,constrained_regularized_mve
2024-07-30,gaussian,40,0.0038168148322176147,9.9999999999999995e-07,True,constrained_regularized_mve
2024-07-31,gaussian,40,-0.025958631404369745,9.9999999999999995e-07,True,constrained_regularized_mve
2024-08-01,gaussian,40,-0.054919156821245395,9.9999999999999995e-07,True,constrained_regularized_mve
2024-08-02,gaussian,40,0,9.9999999999999995e-07,True,constrained_regularized_mve
2024-08-05,gaussian,40,0.005705990997492737,9.9999999999999995e-07,True,constrained_regularized_mve
2024-08-06,gaussian,40,0.030329924564762651,9.9999999999999995e-07,True,constrained_regularized_mve
2024-08-07,gaussian,40,0.0047922081780734241,9.9999999999999995e-07,True,constrained_regularized_mve
2024-08-08,gaussian,40,0.0097484955793955431,9.9999999999999995e-07,True,constrained_regularized_mve
2024-08-09,gaussian,40,0,9.9999999999999995e-07,True,constrained_regularized_mve
2024-08-12,gaussian,40,0.011771458196856883,9.9999999999999995e-07,True,constrained_regularized_mve
2024-08-13,gaussian,40,0.011996518141852599,9.9999999999999995e-07,True,constrained_regularized_mve
2024-08-14,gaussian,40,0.018791655242785393,9.9999999999999995e-07,True,constrained_regularized_mve
2024-08-15,gaussian,40,0.012442215265562939,9.9999999999999995e-07,True,constrained_regularized_mve
2024-08-16,gaussian,40,0,9.9999999999999995e-07,True,constrained_regularized_mve
2024-08-19,gaussian,40,-0.0046885020874211768,9.9999999999999995e-07,True,constrained_regularized_mve
2024-08-20,gaussian,40,0.0024015128693290547,9.9999999999999995e-07,True,constrained_regularized_mve
2024-08-21,gaussian,40,0.0085133589363343681,9.9999999999999995e-07,True,constrained_regularized_mve
2024-08-22,gaussian,40,0.010322500336532188,9.9999999999999995e-07,True,constrained_regularized_mve
2024-08-23,gaussian,40,0,9.9999999999999995e-07,True,constrained_regularized_mve
2024-08-26,gaussian,40,0.0027664267749147832,9.9999999999999995e-07,True,constrained_regularized_mve
2024-08-27,gaussian,40,0.00072561781350544694,9.9999999999999995e-07,True,constrained_regularized_mve
2024-08-28,gaussian,40,0.001270374572009111,9.9999999999999995e-07,True,constrained_regularized_mve
2024-08-29,gaussian,40,0.0025431189362303927,9.9999999999999995e-07,True,constrained_regularized_mve
2024-08-30,gaussian,40,0,9.9999999999999995e-07,True,constrained_regularized_mve
2024-09-02,gaussian,40,-0.007967515675828955,9.9999999999999995e-07,True,constrained_regularized_mve
2024-09-03,gaussian,40,-0.0071300594228523948,9.9999999999999995e-07,True,constrained_regularized_mve
2024-09-04,gaussian,40,0.0042453661861110419,9.9999999999999995e-07,True,constrained_regularized_mve
2024-09-05,gaussian,40,-0.022994264793752845,9.9999999999999995e-07,True,constrained_regularized_mve
2024-09-06,gaussian,40,0,9.9999999999999995e-07,True,constrained_regularized_mve
2024-09-09,gaussian,40,-0.023202720966429342,9.9999999999999995e-07,True,constrained_regularized_mve
2024-09-10,gaussian,40,0.011481268881213818,9.9999999999999995e-07,True,constrained_regularized_mve
2024-09-11,gaussian,40,0.003592600165748003,9.9999999999999995e-07,True,constrained_regularized_mve
2024-09-12,gaussian,40,0.0087475467695666814,9.9999999999999995e-07,True,constrained_regularized_mve
2024-09-13,gaussian,40,0,9.9999999999999995e-07,True,constrained_regularized_mve
2024-09-16,gaussian,40,0.01152791956918337,9.9999999999999995e-07,True,constrained_regularized_mve
2024-09-17,gaussian,40,-0.0011992390977536148,9.9999999999999995e-07,True,constrained_regularized_mve
2024-09-18,gaussian,40,0.018264898801375173,9.9999999999999995e-07,True,constrained_regularized_mve
2024-09-19,gaussian,40,0.0015116482866006655,9.9999999999999995e-07,True,constrained_regularized_mve
2024-09-20,gaussian,40,0,9.9999999999999995e-07,True,constrained_regularized_mve
2024-09-23,gaussian,40,0.0024576941170939984,9.9999999999999995e-07,True,constrained_regularized_mve
2024-09-24,gaussian,40,-0.0087804857213999981,9.9999999999999995e-07,True,constrained_regularized_mve
2024-09-25,gaussian,40,0.019234020231456327,9.9999999999999995e-07,True,constrained_regularized_mve
2024-09-26,gaussian,40,0.0038601779260251192,9.9999999999999995e-07,True,constrained_regularized_mve
2024-09-27,gaussian,40,0,9.9999999999999995e-07,True,constrained_regularized_mve
2024-09-30,gaussian,40,-0.018819070899508513,9.9999999999999995e-07,True,constrained_regularized_mve
2024-10-01,gaussian,40,-0.0051732223385053365,9.9999999999999995e-07,True,constrained_regularized_mve
2024-10-02,gaussian,40,-0.0079050921869541838,9.9999999999999995e-07,True,constrained_regularized_mve
2024-10-03,gaussian,40,0.020392640309759659,9.9999999999999995e-07,True,constrained_regularized_mve
2024-10-04,gaussian,40,0,9.9999999999999995e-07,True,constrained_regularized_mve
2024-10-07,gaussian,40,-0.0068569264762202197,9.9999999999999995e-07,True,constrained_regularized_mve
2024-10-08,gaussian,40,0.0042608872538412289,9.9999999999999995e-07,True,constrained_regularized_mve
2024-10-09,gaussian,40,0.00010434129651334035,9.9999999999999995e-07,True,constrained_regularized_mve
2024-10-10,gaussian,40,0.018880827184756217,9.9999999999999995e-07,True,constrained_regularized_mve
2024-10-11,gaussian,40,0,9.9999999999999995e-07,True,constrained_regularized_mve
2024-10-14,gaussian,40,0.0023470856026749079,9.9999999999999995e-07,True,constrained_regularized_mve
2024-10-15,gaussian,40,0.0096546977863224623,9.9999999999999995e-07,True,constrained_regularized_mve
2024-10-16,gaussian,40,0.0051870526143512879,9.9999999999999995e-07,True,constrained_regularized_mve
2024-10-17,gaussian,40,0.0021916930118321518,9.9999999999999995e-07,True,constrained_regularized_mve
2024-10-18,gaussian,40,0,9.9999999999999995e-07,True,constrained_regularized_mve
2024-10-21,gaussian,40,8.9481857065969132e-06,9.9999999999999995e-07,True,constrained_regularized_mve
2024-10-22,gaussian,40,-0.0072755871044666584,9.9999999999999995e-07,True,constrained_regularized_mve
2024-10-23,gaussian,40,-0.0012029274113062093,9.9999999999999995e-07,True,constrained_regularized_mve
2024-10-24,gaussian,40,-0.0016882349927160002,9.9999999999999995e-07,True,constrained_regularized_mve
2024-10-25,gaussian,40,0,9.9999999999999995e-07,True,constrained_regularized_mve
2024-10-28,gaussian,40,0.00035129117684244861,9.9999999999999995e-07,True,constrained_regularized_mve
2024-10-29,gaussian,40,0.0016339828904238913,9.9999999999999995e-07,True,constrained_regularized_mve
2024-10-30,gaussian,40,0.0031110341593397484,9.9999999999999995e-07,True,constrained_regularized_mve
2024-10-31,gaussian,40,0.010817007751342806,9.9999999999999995e-07,True,constrained_regularized_mve
2024-11-01,gaussian,40,0,9.9999999999999995e-07,True,constrained_regularized_mve
2024-11-04,gaussian,40,0.010712357893028053,9.9999999999999995e-07,True,constrained_regularized_mve
2024-11-05,gaussian,40,0.047390654836701157,9.9999999999999995e-07,True,constrained_regularized_mve
2024-11-06,gaussian,40,-0.022594394956353452,9.9999999999999995e-07,True,constrained_regularized_mve
2024-11-07,gaussian,40,0.0002722587784870121,9.9999999999999995e-07,True,constrained_regularized_mve
2024-11-08,gaussian,40,0,9.9999999999999995e-07,True,constrained_regularized_mve
2024-11-11,gaussian,40,-0.015913801103268784,9.9999999999999995e-07,True,constrained_regularized_mve
2024-11-12,gaussian,40,-0.0060105199480884478,9.9999999999999995e-07,True,constrained_regularized_mve
2024-11-13,gaussian,40,0.0040692793359005577,9.9999999999999995e-07,True,constrained_regularized_mve
2024-11-14,gaussian,40,0.0057962737791783479,9.9999999999999995e-07,True,constrained_regularized_mve
2024-11-15,gaussian,40,0,9.9999999999999995e-07,True,constrained_regularized_mve
2024-11-18,gaussian,40,-0.0041643607520497157,9.9999999999999995e-07,True,constrained_regularized_mve
2024-11-19,gaussian,40,-0.003626855064267949,9.9999999999999995e-07,True,constrained_regularized_mve
2024-11-20,gaussian,40,0.0035203627685192569,9.9999999999999995e-07,True,constrained_regularized_mve
2024-11-21,gaussian,40,-0.011892536254978246,9.9999999999999995e-07,True,constrained_regularized_mve
2024-11-22,gaussian,40,0,9.9999999999999995e-07,True,constrained_regularized_mve
2024-11-25,gaussian,40,-0.014111774424274056,9.9999999999999995e-07,True,constrained_regularized_mve
2024-11-26,gaussian,40,-0.0025609910743534126,9.9999999999999995e-07,True,constrained_regularized_mve
2024-11-27,gaussian,40,0.010927912601752129,9.9999999999999995e-07,True,constrained_regularized_mve
2024-11-28,gaussian,40,0.0023091996383020666,9.9999999999999995e-07,True,constrained_regularized_mve
2024-11-29,gaussian,40,0,9.9999999999999995e-07,True,constrained_regularized_mve
2024-12-02,gaussian,40,0.0005421572859644401,9.9999999999999995e-07,True,constrained_regularized_mve
2024-12-03,gaussian,40,0.00060873226296877031,9.9999999999999995e-07,True,constrained_regularized_mve
2024-12-04,gaussian,40,0.011264438772655793,9.9999999999999995e-07,True,constrained_regularized_mve
2024-12-05,gaussian,40,0.00084839672571636153,9.9999999999999995e-07,True,constrained_regularized_mve
2024-12-06,gaussian,40,0,9.9999999999999995e-07,True,constrained_regularized_mve
2024-12-09,gaussian,40,-0.006265787401923296,9.9999999999999995e-07,True,constrained_regularized_mve
2024-12-10,gaussian,40,0.004913233870705731,9.9999999999999995e-07,True,constrained_regularized_mve
2024-12-11,gaussian,40,-0.002168487461482732,9.9999999999999995e-07,True,constrained_regularized_mve
2024-12-12,gaussian,40,-0.0063489451685237045,9.9999999999999995e-07,True,constrained_regularized_mve
2024-12-13,gaussian,40,0,9.9999999999999995e-07,True,constrained_regularized_mve
2024-12-16,gaussian,40,-0.013067371890850233,9.9999999999999995e-07,True,constrained_regularized_mve
2024-12-17,gaussian,40,-0.0077584793772782394,9.9999999999999995e-07,True,constrained_regularized_mve
2024-12-18,gaussian,40,-0.02284561165864421,9.9999999999999995e-07,True,constrained_regularized_mve
2024-12-19,gaussian,40,-0.0068321421177109029,9.9999999999999995e-07,True,constrained_regularized_mve
2024-12-20,gaussian,40,0,9.9999999999999995e-07,True,constrained_regularized_mve
2024-12-23,gaussian,40,0.0052237877167398026,9.9999999999999995e-07,True,constrained_regularized_mve
2024-12-24,gaussian,40,-0.0012797376232558753,9.9999999999999995e-07,True,constrained_regularized_mve
2024-12-25,gaussian,40,0.0011398366444371245,9.9999999999999995e-07,True,constrained_regularized_mve
2024-12-26,gaussian,40,0.0092725430193131408,9.9999999999999995e-07,True,constrained_regularized_mve
2024-12-27,gaussian,40,0,9.9999999999999995e-07,True,constrained_regularized_mve
2024-12-30,gaussian,40,0.0016826241371080632,9.9999999999999995e-07,True,constrained_regularized_mve
2024-12-31,gaussian,40,0,9.9999999999999995e-07,True,constrained_regularized_mve
2025-01-02,gaussian,41,-0.0022918575808028017,0.0001,True,constrained_regularized_mve
2025-01-03,gaussian,41,0,0.0001,True,constrained_regularized_mve
2025-01-06,gaussian,41,0.0039644437995608618,0.0001,True,constrained_regularized_mve
2025-01-07,gaussian,41,0.00072285132968882631,0.0001,True,constrained_regularized_mve
2025-01-08,gaussian,41,-0.00069197114408823613,0.0001,True,constrained_regularized_mve
2025-01-09,gaussian,41,-0.017265545110542648,0.0001,True,constrained_regularized_mve
2025-01-10,gaussian,41,0,0.0001,True,constrained_regularized_mve
2025-01-13,gaussian,41,0.013872189203943844,0.0001,True,constrained_regularized_mve
2025-01-14,gaussian,41,0.031776768243580118,0.0001,True,constrained_regularized_mve
2025-01-15,gaussian,41,0.0052958856197560461,0.0001,True,constrained_regularized_mve
2025-01-16,gaussian,41,0.0081438569576935543,0.0001,True,constrained_regularized_mve
2025-01-17,gaussian,41,0,0.0001,True,constrained_regularized_mve
2025-01-20,gaussian,41,0.013998250867849263,0.0001,True,constrained_regularized_mve
2025-01-21,gaussian,41,-0.0067087112572077542,0.0001,True,constrained_regularized_mve
2025-01-22,gaussian,41,0.012098676656272721,0.0001,True,constrained_regularized_mve
2025-01-23,gaussian,41,0.00073676294830456721,0.0001,True,constrained_regularized_mve
2025-01-24,gaussian,41,0,0.0001,True,constrained_regularized_mve
2025-01-27,gaussian,41,0.0067759428358726854,0.0001,True,constrained_regularized_mve
2025-01-28,gaussian,41,0.0045117324347661312,0.0001,True,constrained_regularized_mve
2025-01-29,gaussian,41,0.005450723465603431,0.0001,True,constrained_regularized_mve
2025-01-30,gaussian,41,-0.0026763128312589724,0.0001,True,constrained_regularized_mve
2025-01-31,gaussian,41,0,0.0001,True,constrained_regularized_mve
2025-02-03,gaussian,41,0.019115887185363303,0.0001,True,constrained_regularized_mve
2025-02-04,gaussian,41,0.0095171739268517675,0.0001,True,constrained_regularized_mve
2025-02-05,gaussian,41,0.024951250696830192,0.0001,True,constrained_regularized_mve
2025-02-06,gaussian,41,-0.00097503687708161207,0.0001,True,constrained_regularized_mve
2025-02-07,gaussian,41,0,0.0001,True,constrained_regularized_mve
2025-02-10,gaussian,41,0.011421825600569332,0.0001,True,constrained_regularized_mve
2025-02-11,gaussian,41,0.003509825539280561,0.0001,True,constrained_regularized_mve
2025-02-12,gaussian,41,0.00020485882750438734,0.0001,True,constrained_regularized_mve
2025-02-13,gaussian,41,0.01127107533094941,0.0001,True,constrained_regularized_mve
2025-02-14,gaussian,41,0,0.0001,True,constrained_regularized_mve
2025-02-17,gaussian,41,0.01332137773577533,0.0001,True,constrained_regularized_mve
2025-02-18,gaussian,41,-0.0076014203776040195,0.0001,True,constrained_regularized_mve
2025-02-19,gaussian,41,-0.0071250782802480478,0.0001,True,constrained_regularized_mve
2025-02-20,gaussian,41,0.00072722500953492587,0.0001,True,constrained_regularized_mve
2025-02-21,gaussian,41,0,0.0001,True,constrained_regularized_mve
2025-02-24,gaussian,41,0.0027695411416193958,0.0001,True,constrained_regularized_mve
2025-02-25,gaussian,41,0.011415576579768539,0.0001,True,constrained_regularized_mve
2025-02-26,gaussian,41,0.0014255774033588998,0.0001,True,constrained_regularized_mve
2025-02-27,gaussian,41,0.0055374817024000994,0.0001,True,constrained_regularized_mve
2025-02-28,gaussian,41,0,0.0001,True,constrained_regularized_mve
2025-03-03,gaussian,41,-0.039675647931720667,0.0001,True,constrained_regularized_mve
2025-03-04,gaussian,41,0.034900046778222331,0.0001,True,constrained_regularized_mve
2025-03-05,gaussian,41,-0.0067665956610449248,0.0001,True,constrained_regularized_mve
2025-03-06,gaussian,41,-0.006873361195046993,0.0001,True,constrained_regularized_mve
2025-03-07,gaussian,41,0,0.0001,True,constrained_regularized_mve
2025-03-10,gaussian,41,-0.011442336389344922,0.0001,True,constrained_regularized_mve
2025-03-11,gaussian,41,0.019991432527468253,0.0001,True,constrained_regularized_mve
2025-03-12,gaussian,41,-0.0059601800008612709,0.0001,True,constrained_regularized_mve
2025-03-13,gaussian,41,0.025511671496676505,0.0001,True,constrained_regularized_mve
2025-03-14,gaussian,41,0,0.0001,True,constrained_regularized_mve
2025-03-17,gaussian,41,0.01980636905561842,0.0001,True,constrained_regularized_mve
2025-03-18,gaussian,41,0.0075200605998023504,0.0001,True,constrained_regularized_mve
2025-03-19,gaussian,41,-0.014421354773153598,0.0001,True,constrained_regularized_mve
2025-03-20,gaussian,41,-0.0032383545371162505,0.0001,True,constrained_regularized_mve
2025-03-21,gaussian,41,0,0.0001,True,constrained_regularized_mve
2025-03-24,gaussian,41,0.011972031109538482,0.0001,True,constrained_regularized_mve
2025-03-25,gaussian,41,-0.0055312330493603916,0.0001,True,constrained_regularized_mve
2025-03-26,gaussian,41,-0.015979373151659041,0.0001,True,constrained_regularized_mve
2025-03-27,gaussian,41,-0.021772211708822778,0.0001,True,constrained_regularized_mve
2025-03-28,gaussian,41,0,0.0001,True,constrained_regularized_mve
2025-03-31,gaussian,41,0.010083209180090877,0.0001,True,constrained_regularized_mve
2025-04-01,gaussian,41,0.0070932949125596745,0.0001,True,constrained_regularized_mve
2025-04-02,gaussian,41,-0.055195017338120524,0.0001,True,constrained_regularized_mve
2025-04-03,gaussian,41,-0.067006911638403999,0.0001,True,constrained_regularized_mve
2025-04-04,gaussian,41,0,0.0001,True,constrained_regularized_mve
2025-04-07,gaussian,41,0.02573755578370511,0.0001,True,constrained_regularized_mve
2025-04-08,gaussian,41,0.034258646612866553,0.0001,True,constrained_regularized_mve
2025-04-09,gaussian,41,-0.0001533388553694698,0.0001,True,constrained_regularized_mve
2025-04-10,gaussian,41,0.016697278532012996,0.0001,True,constrained_regularized_mve
2025-04-11,gaussian,41,0,0.0001,True,constrained_regularized_mve
2025-04-14,gaussian,41,0.018348523975094566,0.0001,True,constrained_regularized_mve
2025-04-15,gaussian,41,-0.0061431857273331969,0.0001,True,constrained_regularized_mve
2025-04-16,gaussian,41,0.010468466841938348,0.0001,True,constrained_regularized_mve
2025-04-17,gaussian,41,0.00041411581804418372,0.0001,True,constrained_regularized_mve
2025-04-18,gaussian,41,0,0.0001,True,constrained_regularized_mve
2025-04-21,gaussian,41,0.02516110868708437,0.0001,True,constrained_regularized_mve
2025-04-22,gaussian,41,0.024123231160624894,0.0001,True,constrained_regularized_mve
2025-04-23,gaussian,41,0.0061820514535333845,0.0001,True,constrained_regularized_mve
2025-04-24,gaussian,41,0.016425087840273002,0.0001,True,constrained_regularized_mve
2025-04-25,gaussian,41,0,0.0001,True,constrained_regularized_mve
2025-04-28,gaussian,41,0.019023827251024215,0.0001,True,constrained_regularized_mve
2025-04-29,gaussian,41,-0.005495864711969967,0.0001,True,constrained_regularized_mve
2025-04-30,gaussian,41,-0.004471767785190337,0.0001,True,constrained_regularized_mve
2025-05-01,gaussian,41,0.010008197993793431,0.0001,True,constrained_regularized_mve
2025-05-02,gaussian,41,0,0.0001,True,constrained_regularized_mve
2025-05-05,gaussian,41,-0.0078081110001770341,0.0001,True,constrained_regularized_mve
2025-05-06,gaussian,41,0.0012611260765642831,0.0001,True,constrained_regularized_mve
2025-05-07,gaussian,41,0.012558541817377989,0.0001,True,constrained_regularized_mve
2025-05-08,gaussian,41,0.0052124092674873225,0.0001,True,constrained_regularized_mve
2025-05-09,gaussian,41,0,0.0001,True,constrained_regularized_mve
2025-05-12,gaussian,41,-0.0019313503730842342,0.0001,True,constrained_regularized_mve
2025-05-13,gaussian,41,0.016049992347901772,0.0001,True,constrained_regularized_mve
2025-05-14,gaussian,41,0.00097058500560046664,0.0001,True,constrained_regularized_mve
2025-05-15,gaussian,41,0.0030169786408759478,0.0001,True,constrained_regularized_mve
2025-05-16,gaussian,41,0,0.0001,True,constrained_regularized_mve
2025-05-19,gaussian,41,0.0058155119738558889,0.0001,True,constrained_regularized_mve
2025-05-20,gaussian,41,-0.01396386051492543,0.0001,True,constrained_regularized_mve
2025-05-21,gaussian,41,0.0017644161642841429,0.0001,True,constrained_regularized_mve
2025-05-22,gaussian,41,-0.015977006464845275,0.0001,True,constrained_regularized_mve
2025-05-23,gaussian,41,0,0.0001,True,constrained_regularized_mve
2025-05-26,gaussian,41,0.016895048601963645,0.0001,True,constrained_regularized_mve
2025-05-27,gaussian,41,-0.014092621897908405,0.0001,True,constrained_regularized_mve
2025-05-28,gaussian,41,-0.0013024693481634801,0.0001,True,constrained_regularized_mve
2025-05-29,gaussian,41,0.010752331134184064,0.0001,True,constrained_regularized_mve
2025-05-30,gaussian,41,0,0.0001,True,constrained_regularized_mve
2025-06-02,gaussian,41,0.01411665304948199,0.0001,True,constrained_regularized_mve
2025-06-03,gaussian,41,-0.0080171893873759153,0.0001,True,constrained_regularized_mve
2025-06-04,gaussian,41,0.010144488699620882,0.0001,True,constrained_regularized_mve
2025-06-05,gaussian,41,0.012641298805730299,0.0001,True,constrained_regularized_mve
2025-06-06,gaussian,41,0,0.0001,True,constrained_regularized_mve
2025-06-09,gaussian,41,-0.016222670902339077,0.0001,True,constrained_regularized_mve
2025-06-10,gaussian,41,0.00045969610802715135,0.0001,True,constrained_regularized_mve
2025-06-11,gaussian,41,0.0060276257814186286,0.0001,True,constrained_regularized_mve
2025-06-12,gaussian,41,-0.011478819642257901,0.0001,True,constrained_regularized_mve
2025-06-13,gaussian,41,0,0.0001,True,constrained_regularized_mve
2025-06-16,gaussian,41,-0.011455518553609335,0.0001,True,constrained_regularized_mve
2025-06-17,gaussian,41,0.0039062448324183917,0.0001,True,constrained_regularized_mve
2025-06-18,gaussian,41,-0.014009530556984331,0.0001,True,constrained_regularized_mve
2025-06-19,gaussian,41,0.0092874361517646699,0.0001,True,constrained_regularized_mve
2025-06-20,gaussian,41,0,0.0001,True,constrained_regularized_mve
2025-06-23,gaussian,41,0.032337085631129699,0.0001,True,constrained_regularized_mve
2025-06-24,gaussian,41,0.0039704526905607754,0.0001,True,constrained_regularized_mve
2025-06-25,gaussian,41,0.0079793619474052453,0.0001,True,constrained_regularized_mve
2025-06-26,gaussian,41,0.015910549247223453,0.0001,True,constrained_regularized_mve
2025-06-27,gaussian,41,0,0.0001,True,constrained_regularized_mve
2025-06-30,gaussian,41,-0.0042027847134556238,0.0001,True,constrained_regularized_mve
2025-07-01,gaussian,42,0.0051761459858078382,0.001,True,constrained_regularized_mve
2025-07-02,gaussian,42,0.0080900707312320796,0.001,True,constrained_regularized_mve
2025-07-03,gaussian,42,-0.0068660799751957477,0.001,True,constrained_regularized_mve
2025-07-04,gaussian,42,0,0.001,True,constrained_regularized_mve
2025-07-07,gaussian,42,-0.0088818691247217474,0.001,True,constrained_regularized_mve
2025-07-08,gaussian,42,0.0091250118715756681,0.001,True,constrained_regularized_mve
2025-07-09,gaussian,42,0.0045445532204462591,0.001,True,constrained_regularized_mve
2025-07-10,gaussian,42,-0.013602690797168422,0.001,True,constrained_regularized_mve
2025-07-11,gaussian,42,0,0.001,True,constrained_regularized_mve
2025-07-14,gaussian,42,-0.011101534362347856,0.001,True,constrained_regularized_mve
2025-07-15,gaussian,42,-0.0038893164185868716,0.001,True,constrained_regularized_mve
2025-07-16,gaussian,42,0.016954316998290416,0.001,True,constrained_regularized_mve
2025-07-17,gaussian,42,0.0013183113104065626,0.001,True,constrained_regularized_mve
2025-07-18,gaussian,42,0,0.001,True,constrained_regularized_mve
2025-07-21,gaussian,42,0.0056309715169046166,0.001,True,constrained_regularized_mve
2025-07-22,gaussian,42,0.021450245822048276,0.001,True,constrained_regularized_mve
2025-07-23,gaussian,42,0.019928924143290623,0.001,True,constrained_regularized_mve
2025-07-24,gaussian,42,0.0016085736364793953,0.001,True,constrained_regularized_mve
2025-07-25,gaussian,42,0,0.001,True,constrained_regularized_mve
2025-07-28,gaussian,42,0.0018553800688840309,0.001,True,constrained_regularized_mve
2025-07-29,gaussian,42,0.0053320076821979827,0.001,True,constrained_regularized_mve
2025-07-30,gaussian,42,-0.0062668971381760977,0.001,True,constrained_regularized_mve
2025-07-31,gaussian,42,-0.026326875288398895,0.001,True,constrained_regularized_mve
2025-08-01,gaussian,42,0,0.001,True,constrained_regularized_mve
2025-08-04,gaussian,42,-0.0038521585281808511,0.001,True,constrained_regularized_mve
2025-08-05,gaussian,42,0.0071793535648904993,0.001,True,constrained_regularized_mve
2025-08-06,gaussian,42,0.0022936958595527073,0.001,True,constrained_regularized_mve
2025-08-07,gaussian,42,0.018562424437666463,0.001,True,constrained_regularized_mve
2025-08-08,gaussian,42,0,0.001,True,constrained_regularized_mve
2025-08-11,gaussian,42,0.01549745443451085,0.001,True,constrained_regularized_mve
2025-08-12,gaussian,42,0.0095750680089798385,0.001,True,constrained_regularized_mve
2025-08-13,gaussian,42,0.013842903714205745,0.001,True,constrained_regularized_mve
2025-08-14,gaussian,42,-0.013700651020146582,0.001,True,constrained_regularized_mve
2025-08-15,gaussian,42,0,0.001,True,constrained_regularized_mve
2025-08-18,gaussian,42,-0.0015591633485107876,0.001,True,constrained_regularized_mve
2025-08-19,gaussian,42,0.00029612757591799627,0.001,True,constrained_regularized_mve
2025-08-20,gaussian,42,0.0057567234504006942,0.001,True,constrained_regularized_mve
2025-08-21,gaussian,42,0.016370070155641101,0.001,True,constrained_regularized_mve
2025-08-22,gaussian,42,0,0.001,True,constrained_regularized_mve
2025-08-25,gaussian,42,-0.011042728718039498,0.001,True,constrained_regularized_mve
2025-08-26,gaussian,42,-0.007801850370270369,0.001,True,constrained_regularized_mve
2025-08-27,gaussian,42,0.0015064876411601494,0.001,True,constrained_regularized_mve
2025-08-28,gaussian,42,-0.0040079236158085856,0.001,True,constrained_regularized_mve
2025-08-29,gaussian,42,0,0.001,True,constrained_regularized_mve
2025-09-01,gaussian,42,-0.0070159927768987818,0.001,True,constrained_regularized_mve
2025-09-02,gaussian,42,-0.0042042664015714175,0.001,True,constrained_regularized_mve
2025-09-03,gaussian,42,0.019809016321407396,0.001,True,constrained_regularized_mve
2025-09-04,gaussian,42,-0.011491704850230121,0.001,True,constrained_regularized_mve
2025-09-05,gaussian,42,0,0.001,True,constrained_regularized_mve
2025-09-08,gaussian,42,0.0099950529833312211,0.001,True,constrained_regularized_mve
2025-09-09,gaussian,42,0.0025871304091390247,0.001,True,constrained_regularized_mve
2025-09-10,gaussian,42,0.010470346254774008,0.001,True,constrained_regularized_mve
2025-09-11,gaussian,42,0.004258340073558041,0.001,True,constrained_regularized_mve
2025-09-12,gaussian,42,0,0.001,True,constrained_regularized_mve
2025-09-15,gaussian,42,-0.0080474586916482252,0.001,True,constrained_regularized_mve
2025-09-16,gaussian,42,0.0041150327801923832,0.001,True,constrained_regularized_mve
2025-09-17,gaussian,42,0.0076449411767822648,0.001,True,constrained_regularized_mve
2025-09-18,gaussian,42,0.0016461530936397188,0.001,True,constrained_regularized_mve
2025-09-19,gaussian,42,0,0.001,True,constrained_regularized_mve
2025-09-22,gaussian,42,0.0035203076291447123,0.001,True,constrained_regularized_mve
2025-09-23,gaussian,42,4.9610015338348241e-05,0.001,True,constrained_regularized_mve
2025-09-24,gaussian,42,-0.0069126911599191364,0.001,True,constrained_regularized_mve
2025-09-25,gaussian,42,0.0080779934139310634,0.001,True,constrained_regularized_mve
2025-09-26,gaussian,42,0,0.001,True,constrained_regularized_mve
2025-09-29,gaussian,42,0.0015728947264661579,0.001,True,constrained_regularized_mve
2025-09-30,gaussian,42,-0.0073121412034986202,0.001,True,constrained_regularized_mve
2025-10-01,gaussian,42,-0.0063269323322248201,0.001,True,constrained_regularized_mve
2025-10-02,gaussian,42,0.0085674354590972255,0.001,True,constrained_regularized_mve
2025-10-03,gaussian,42,0,0.001,True,constrained_regularized_mve
2025-10-06,gaussian,42,-0.0074283440536609411,0.001,True,constrained_regularized_mve
2025-10-07,gaussian,42,0.0047555116375697128,0.001,True,constrained_regularized_mve
2025-10-08,gaussian,42,-0.0074323416856467272,0.001,True,constrained_regularized_mve
2025-10-09,gaussian,42,-0.017496333946006901,0.001,True,constrained_regularized_mve
2025-10-10,gaussian,42,0,0.001,True,constrained_regularized_mve
2025-10-13,gaussian,42,0.0060338473808831993,0.001,True,constrained_regularized_mve
2025-10-14,gaussian,42,0.0018102262790035098,0.001,True,constrained_regularized_mve
2025-10-15,gaussian,42,0.0020281331641763458,0.001,True,constrained_regularized_mve
2025-10-16,gaussian,42,-0.022736061992075767,0.001,True,constrained_regularized_mve
2025-10-17,gaussian,42,0,0.001,True,constrained_regularized_mve
2025-10-20,gaussian,42,-0.0039073041869271199,0.001,True,constrained_regularized_mve
2025-10-21,gaussian,42,-0.0088924309962827505,0.001,True,constrained_regularized_mve
2025-10-22,gaussian,42,0.0039606300852651133,0.001,True,constrained_regularized_mve
2025-10-23,gaussian,42,0.012331010114109073,0.001,True,constrained_regularized_mve
2025-10-24,gaussian,42,0,0.001,True,constrained_regularized_mve
2025-10-27,gaussian,42,0.0079811387241055382,0.001,True,constrained_regularized_mve
2025-10-28,gaussian,42,0.00052917193761779769,0.001,True,constrained_regularized_mve
2025-10-29,gaussian,42,0.0049161515194033247,0.001,True,constrained_regularized_mve
2025-10-30,gaussian,42,-0.0013583400831185936,0.001,True,constrained_regularized_mve
2025-10-31,gaussian,42,0,0.001,True,constrained_regularized_mve
2025-11-03,gaussian,42,0.00058464770914509669,0.001,True,constrained_regularized_mve
2025-11-04,gaussian,42,-0.002579629304244482,0.001,True,constrained_regularized_mve
2025-11-05,gaussian,42,-0.0003935083853678683,0.001,True,constrained_regularized_mve
2025-11-06,gaussian,42,0.00018062076891620001,0.001,True,constrained_regularized_mve
2025-11-07,gaussian,42,0,0.001,True,constrained_regularized_mve
2025-11-10,gaussian,42,0.006728596795559991,0.001,True,constrained_regularized_mve
2025-11-11,gaussian,42,0.016712331282398935,0.001,True,constrained_regularized_mve
2025-11-12,gaussian,42,-0.0088815532547889316,0.001,True,constrained_regularized_mve
2025-11-13,gaussian,42,-0.013912098796931909,0.001,True,constrained_regularized_mve
2025-11-14,gaussian,42,0,0.001,True,constrained_regularized_mve
2025-11-17,gaussian,42,-0.017625413813912107,0.001,True,constrained_regularized_mve
2025-11-18,gaussian,42,0.0046448691788621667,0.001,True,constrained_regularized_mve
2025-11-19,gaussian,42,-0.0021431027126992365,0.001,True,constrained_regularized_mve
2025-11-20,gaussian,42,0.00126121042626571,0.001,True,constrained_regularized_mve
2025-11-21,gaussian,42,0,0.001,True,constrained_regularized_mve
2025-11-24,gaussian,42,0.013908298405994463,0.001,True,constrained_regularized_mve
2025-11-25,gaussian,42,0.019942034406072548,0.001,True,constrained_regularized_mve
2025-11-26,gaussian,42,0.0048070386316942347,0.001,True,constrained_regularized_mve
2025-11-27,gaussian,42,0.0020711800176365248,0.001,True,constrained_regularized_mve
2025-11-28,gaussian,42,0,0.001,True,constrained_regularized_mve
2025-12-01,gaussian,42,0.010211768507920875,0.001,True,constrained_regularized_mve
2025-12-02,gaussian,42,0.0050853464839167436,0.001,True,constrained_regularized_mve
2025-12-03,gaussian,42,0.017600548606462475,0.001,True,constrained_regularized_mve
2025-12-04,gaussian,42,-0.00080978489930129524,0.001,True,constrained_regularized_mve
2025-12-05,gaussian,42,0,0.001,True,constrained_regularized_mve
2025-12-08,gaussian,42,0.00061476096451453606,0.001,True,constrained_regularized_mve
2025-12-09,gaussian,42,0.0073496136339090577,0.001,True,constrained_regularized_mve
2025-12-10,gaussian,42,0.016851055574319932,0.001,True,constrained_regularized_mve
2025-12-11,gaussian,42,-0.0037690443728563253,0.001,True,constrained_regularized_mve
2025-12-12,gaussian,42,0,0.001,True,constrained_regularized_mve
2025-12-15,gaussian,42,-0.0025364754551335635,0.001,True,constrained_regularized_mve
2025-12-16,gaussian,42,0.0036738250956795675,0.001,True,constrained_regularized_mve
2025-12-17,gaussian,42,0.0019060972778379925,0.001,True,constrained_regularized_mve
2025-12-18,gaussian,42,0.016146568062455506,0.001,True,constrained_regularized_mve
2025-12-19,gaussian,42,0,0.001,True,constrained_regularized_mve
2025-12-22,gaussian,42,0.0096293475468749116,0.001,True,constrained_regularized_mve
2025-12-23,gaussian,42,0.0027944748417191956,0.001,True,constrained_regularized_mve
2025-12-24,gaussian,42,-0.00018581375978888473,0.001,True,constrained_regularized_mve
2025-12-25,gaussian,42,-0.0015273863739323967,0.001,True,constrained_regularized_mve
2025-12-26,gaussian,42,0,0.001,True,constrained_regularized_mve
2025-12-29,gaussian,42,0.0042535242727462733,0.001,True,constrained_regularized_mve
2025-12-30,gaussian,42,-0.0057979758064655301,0.001,True,constrained_regularized_mve
