Date,strategy,weight_sum
2005-01-03,gaussian,1.0000000000000002
2005-01-04,gaussian,0.99999999999999989
2005-01-05,gaussian,1.0000000000000002
2005-01-06,gaussian,1
2005-01-07,gaussian,1
2005-01-10,gaussian,1
2005-01-11,gaussian,1.0000000000000002
2005-01-12,gaussian,1
2005-01-13,gaussian,1
2005-01-14,gaussian,1.0000000000000002
2005-01-17,gaussian,1.0000000000000002
2005-01-18,gaussian,1.0000000000000002
2005-01-19,gaussian,1.0000000000000002
2005-01-20,gaussian,1
2005-01-21,gaussian,1.0000000000000002
2005-01-24,gaussian,1
2005-01-25,gaussian,1.0000000000000002
2005-01-26,gaussian,0.99999999999999989
2005-01-27,gaussian,1.0000000000000002
2005-01-28,gaussian,1.0000000000000002
2005-01-31,gaussian,1
2005-02-01,gaussian,1.0000000000000002
2005-02-02,gaussian,1.0000000000000002
2005-02-03,gaussian,1
2005-02-04,gaussian,1
2005-02-07,gaussian,1.0000000000000002
2005-02-08,gaussian,1.0000000000000002
2005-02-09,gaussian,0.99999999999999989
2005-02-10,gaussian,1.0000000000000002
2005-02-11,gaussian,1.0000000000000002
2005-02-14,gaussian,1
2005-02-15,gaussian,1.0000000000000002
2005-02-16,gaussian,1
2005-02-17,gaussian,1
2005-02-18,gaussian,1.0000000000000002
2005-02-21,gaussian,1
2005-02-22,gaussian,1
2005-02-23,gaussian,0.99999999999999989
2005-02-24,gaussian,1.0000000000000002
2005-02-25,gaussian,1.0000000000000002
2005-02-28,gaussian,1.0000000000000002
2005-03-01,gaussian,1
2005-03-02,gaussian,1.0000000000000002
2005-03-03,gaussian,1
2005-03-04,gaussian,1
2005-03-07,gaussian,1.0000000000000002
2005-03-08,gaussian,0.99999999999999989
2005-03-09,gaussian,0.99999999999999989
2005-03-10,gaussian,1.0000000000000002
2005-03-11,gaussian,1
2005-03-14,gaussian,1
2005-03-15,gaussian,1
2005-03-16,gaussian,1.0000000000000002
2005-03-17,gaussian,1
2005-03-18,gaussian,1
2005-03-21,gaussian,1.0000000000000002
2005-03-22,gaussian,0.99999999999999989
2005-03-23,gaussian,1.0000000000000002
2005-03-24,gaussian,1.0000000000000002
2005-03-25,gaussian,1
2005-03-28,gaussian,1.0000000000000002
2005-03-29,gaussian,1
2005-03-30,gaussian,1
2005-03-31,gaussian,1.0000000000000002
2005-04-01,gaussian,1.0000000000000002
2005-04-04,gaussian,1.0000000000000002
2005-04-05,gaussian,1.0000000000000002
2005-04-06,gaussian,1.0000000000000002
2005-04-07,gaussian,1
2005-04-08,gaussian,1.0000000000000002
2005-04-11,gaussian,1
2005-04-12,gaussian,1.0000000000000002
2005-04-13,gaussian,1.0000000000000002
2005-04-14,gaussian,1
2005-04-15,gaussian,1.0000000000000002
2005-04-18,gaussian,1
2005-04-19,gaussian,1.0000000000000002
2005-04-20,gaussian,1
2005-04-21,gaussian,1.0000000000000002
2005-04-22,gaussian,1.0000000000000002
2005-04-25,gaussian,1.0000000000000002
2005-04-26,gaussian,1.0000000000000002
2005-04-27,gaussian,1.0000000000000002
2005-04-28,gaussian,1.0000000000000002
2005-04-29,gaussian,1
2005-05-02,gaussian,0.99999999999999989
2005-05-03,gaussian,1
2005-05-04,gaussian,1
2005-05-05,gaussian,1
2005-05-06,gaussian,1.0000000000000002
2005-05-09,gaussian,1
2005-05-10,gaussian,1
2005-05-11,gaussian,1.0000000000000002
2005-05-12,gaussian,1
2005-05-13,gaussian,1.0000000000000002
2005-05-16,gaussian,1.0000000000000002
2005-05-17,gaussian,1.0000000000000002
2005-05-18,gaussian,1
2005-05-19,gaussian,1
2005-05-20,gaussian,1
2005-05-23,gaussian,1.0000000000000002
2005-05-24,gaussian,1.0000000000000002
2005-05-25,gaussian,1
2005-05-26,gaussian,1
2005-05-27,gaussian,1.0000000000000002
2005-05-30,gaussian,1
2005-05-31,gaussian,1.0000000000000002
2005-06-01,gaussian,1.0000000000000002
2005-06-02,gaussian,1
2005-06-03,gaussian,1.0000000000000002
2005-06-06,gaussian,1.0000000000000002
2005-06-07,gaussian,1
2005-06-08,gaussian,1.0000000000000002
2005-06-09,gaussian,1.0000000000000002
2005-06-10,gaussian,1
2005-06-13,gaussian,1.0000000000000002
2005-06-14,gaussian,1.0000000000000002
2005-06-15,gaussian,1
2005-06-16,gaussian,1.0000000000000002
2005-06-17,gaussian,1.0000000000000002
2005-06-20,gaussian,1
2005-06-21,gaussian,1.0000000000000002
2005-06-22,gaussian,1
2005-06-23,gaussian,1.0000000000000004
2005-06-24,gaussian,1
2005-06-27,gaussian,1.0000000000000002
2005-06-28,gaussian,1.0000000000000002
2005-06-29,gaussian,1.0000000000000002
2005-06-30,gaussian,0.99999999999999989
2005-07-01,gaussian,1
2005-07-04,gaussian,1
2005-07-05,gaussian,1.0000000000000002
2005-07-06,gaussian,1
2005-07-07,gaussian,1
2005-07-08,gaussian,1
2005-07-11,gaussian,1
2005-07-12,gaussian,1
2005-07-13,gaussian,1
2005-07-14,gaussian,1.0000000000000002
2005-07-15,gaussian,1
2005-07-18,gaussian,1
2005-07-19,gaussian,1
2005-07-20,gaussian,1
2005-07-21,gaussian,1.0000000000000002
2005-07-22,gaussian,1
2005-07-25,gaussian,1.0000000000000002
2005-07-26,gaussian,1.0000000000000002
2005-07-27,gaussian,1
2005-07-28,gaussian,1
2005-07-29,gaussian,1
2005-08-01,gaussian,1
2005-08-02,gaussian,1
2005-08-03,gaussian,1
2005-08-04,gaussian,1
2005-08-05,gaussian,1
2005-08-08,gaussian,1.0000000000000002
2005-08-09,gaussian,1
2005-08-10,gaussian,1
2005-08-11,gaussian,1.0000000000000002
2005-08-12,gaussian,1
2005-08-15,gaussian,1.0000000000000002
2005-08-16,gaussian,1
2005-08-17,gaussian,1.0000000000000002
2005-08-18,gaussian,1.0000000000000002
2005-08-19,gaussian,1
2005-08-22,gaussian,1
2005-08-23,gaussian,1
2005-08-24,gaussian,1
2005-08-25,gaussian,1
2005-08-26,gaussian,1
2005-08-29,gaussian,1.0000000000000002
2005-08-30,gaussian,1
2005-08-31,gaussian,1
2005-09-01,gaussian,1.0000000000000002
2005-09-02,gaussian,1
2005-09-05,gaussian,1
2005-09-06,gaussian,1
2005-09-07,gaussian,1
2005-09-08,gaussian,1
2005-09-09,gaussian,1
2005-09-12,gaussian,1.0000000000000002
2005-09-13,gaussian,1
2005-09-14,gaussian,1
2005-09-15,gaussian,1
2005-09-16,gaussian,1.0000000000000002
2005-09-19,gaussian,1.0000000000000002
2005-09-20,gaussian,1
2005-09-21,gaussian,1
2005-09-22,gaussian,1.0000000000000002
2005-09-23,gaussian,1
2005-09-26,gaussian,1
2005-09-27,gaussian,1.0000000000000002
2005-09-28,gaussian,1
2005-09-29,gaussian,1
2005-09-30,gaussian,1
2005-10-03,gaussian,1
2005-10-04,gaussian,1
2005-10-05,gaussian,1.0000000000000002
2005-10-06,gaussian,1.0000000000000002
2005-10-07,gaussian,1
2005-10-10,gaussian,1
2005-10-11,gaussian,1
2005-10-12,gaussian,1
2005-10-13,gaussian,1.0000000000000002
2005-10-14,gaussian,1
2005-10-17,gaussian,1
2005-10-18,gaussian,1
2005-10-19,gaussian,1.0000000000000002
2005-10-20,gaussian,0.99999999999999989
2005-10-21,gaussian,1.0000000000000002
2005-10-24,gaussian,1
2005-10-25,gaussian,1
2005-10-26,gaussian,1
2005-10-27,gaussian,1
2005-10-28,gaussian,1
2005-10-31,gaussian,1
2005-11-01,gaussian,1
2005-11-02,gaussian,1
2005-11-03,gaussian,1
2005-11-04,gaussian,1.0000000000000002
2005-11-07,gaussian,1
2005-11-08,gaussian,1
2005-11-09,gaussian,1.0000000000000002
2005-11-10,gaussian,1
2005-11-11,gaussian,1
2005-11-14,gaussian,1
2005-11-15,gaussian,1
2005-11-16,gaussian,1
2005-11-17,gaussian,1
2005-11-18,gaussian,1.0000000000000002
2005-11-21,gaussian,1
2005-11-22,gaussian,1.0000000000000002
2005-11-23,gaussian,1
2005-11-24,gaussian,1.0000000000000002
2005-11-25,gaussian,1.0000000000000002
2005-11-28,gaussian,1.0000000000000002
2005-11-29,gaussian,1.0000000000000002
2005-11-30,gaussian,1
2005-12-01,gaussian,1
2005-12-02,gaussian,1
2005-12-05,gaussian,1
2005-12-06,gaussian,1
2005-12-07,gaussian,1.0000000000000002
2005-12-08,gaussian,1
2005-12-09,gaussian,1
2005-12-12,gaussian,1.0000000000000002
2005-12-13,gaussian,1
2005-12-14,gaussian,1
2005-12-15,gaussian,1
2005-12-16,gaussian,1.0000000000000002
2005-12-19,gaussian,1
2005-12-20,gaussian,1
2005-12-21,gaussian,1.0000000000000002
2005-12-22,gaussian,1
2005-12-23,gaussian,1
2005-12-26,gaussian,1
2005-12-27,gaussian,1.0000000000000002
2005-12-28,gaussian,1
2005-12-29,gaussian,1.0000000000000002
2005-12-30,gaussian,1.0000000000000002
2006-01-02,gaussian,1
2006-01-03,gaussian,1.0000000000000002
2006-01-04,gaussian,1
2006-01-05,gaussian,1
2006-01-06,gaussian,1
2006-01-09,gaussian,1.0000000000000002
2006-01-10,gaussian,1
2006-01-11,gaussian,1
2006-01-12,gaussian,1
2006-01-13,gaussian,1
2006-01-16,gaussian,1.0000000000000002
2006-01-17,gaussian,1.0000000000000004
2006-01-18,gaussian,0.99999999999999989
2006-01-19,gaussian,1
2006-01-20,gaussian,1
2006-01-23,gaussian,1
2006-01-24,gaussian,1
2006-01-25,gaussian,1
2006-01-26,gaussian,1
2006-01-27,gaussian,1
2006-01-30,gaussian,0.99999999999999989
2006-01-31,gaussian,1.0000000000000002
2006-02-01,gaussian,1
2006-02-02,gaussian,1
2006-02-03,gaussian,1
2006-02-06,gaussian,1
2006-02-07,gaussian,1
2006-02-08,gaussian,0.99999999999999989
2006-02-09,gaussian,1
2006-02-10,gaussian,1.0000000000000002
2006-02-13,gaussian,1
2006-02-14,gaussian,1
2006-02-15,gaussian,1.0000000000000002
2006-02-16,gaussian,1
2006-02-17,gaussian,1
2006-02-20,gaussian,1
2006-02-21,gaussian,1
2006-02-22,gaussian,1.0000000000000002
2006-02-23,gaussian,1
2006-02-24,gaussian,1
2006-02-27,gaussian,1
2006-02-28,gaussian,1.0000000000000002
2006-03-01,gaussian,1
2006-03-02,gaussian,1
2006-03-03,gaussian,1
2006-03-06,gaussian,1.0000000000000002
2006-03-07,gaussian,1
2006-03-08,gaussian,1.0000000000000002
2006-03-09,gaussian,1
2006-03-10,gaussian,1
2006-03-13,gaussian,1
2006-03-14,gaussian,1.0000000000000002
2006-03-15,gaussian,1
2006-03-16,gaussian,1
2006-03-17,gaussian,1
2006-03-20,gaussian,1
2006-03-21,gaussian,1
2006-03-22,gaussian,1.0000000000000002
2006-03-23,gaussian,1.0000000000000002
2006-03-24,gaussian,1.0000000000000002
2006-03-27,gaussian,1
2006-03-28,gaussian,1.0000000000000002
2006-03-29,gaussian,1.0000000000000002
2006-03-30,gaussian,1
2006-03-31,gaussian,1
2006-04-03,gaussian,1
2006-04-04,gaussian,1
2006-04-05,gaussian,1
2006-04-06,gaussian,1
2006-04-07,gaussian,1.0000000000000002
2006-04-10,gaussian,1
2006-04-11,gaussian,1
2006-04-12,gaussian,1.0000000000000002
2006-04-13,gaussian,1.0000000000000002
2006-04-14,gaussian,1.0000000000000002
2006-04-17,gaussian,1.0000000000000002
2006-04-18,gaussian,1
2006-04-19,gaussian,1
2006-04-20,gaussian,1
2006-04-21,gaussian,1
2006-04-24,gaussian,1.0000000000000002
2006-04-25,gaussian,1.0000000000000002
2006-04-26,gaussian,1
2006-04-27,gaussian,1.0000000000000002
2006-04-28,gaussian,1.0000000000000002
2006-05-01,gaussian,1.0000000000000002
2006-05-02,gaussian,1.0000000000000002
2006-05-03,gaussian,1.0000000000000002
2006-05-04,gaussian,1
2006-05-05,gaussian,1.0000000000000002
2006-05-08,gaussian,1.0000000000000002
2006-05-09,gaussian,1
2006-05-10,gaussian,1
2006-05-11,gaussian,1
2006-05-12,gaussian,1
2006-05-15,gaussian,1
2006-05-16,gaussian,1
2006-05-17,gaussian,1.0000000000000004
2006-05-18,gaussian,1
2006-05-19,gaussian,1
2006-05-22,gaussian,1.0000000000000007
2006-05-23,gaussian,1
2006-05-24,gaussian,0.99999999999999989
2006-05-25,gaussian,1.0000000000000002
2006-05-26,gaussian,1
2006-05-29,gaussian,0.99999999999999978
2006-05-30,gaussian,1
2006-05-31,gaussian,1.0000000000000002
2006-06-01,gaussian,1
2006-06-02,gaussian,1
2006-06-05,gaussian,0.99999999999999956
2006-06-06,gaussian,1
2006-06-07,gaussian,1.0000000000000002
2006-06-08,gaussian,1.0000000000000004
2006-06-09,gaussian,1.0000000000000002
2006-06-12,gaussian,1
2006-06-13,gaussian,1.0000000000000002
2006-06-14,gaussian,1.0000000000000002
2006-06-15,gaussian,1.0000000000000004
2006-06-16,gaussian,1.0000000000000002
2006-06-19,gaussian,1.0000000000000002
2006-06-20,gaussian,1.0000000000000002
2006-06-21,gaussian,1
2006-06-22,gaussian,1.0000000000000002
2006-06-23,gaussian,1.0000000000000002
2006-06-26,gaussian,1
2006-06-27,gaussian,1
2006-06-28,gaussian,1
2006-06-29,gaussian,1
2006-06-30,gaussian,1.0000000000000002
2006-07-03,gaussian,1.0000000000000002
2006-07-04,gaussian,1.0000000000000004
2006-07-05,gaussian,0.99999999999999989
2006-07-06,gaussian,1.0000000000000002
2006-07-07,gaussian,1
2006-07-10,gaussian,1.0000000000000002
2006-07-11,gaussian,1
2006-07-12,gaussian,1
2006-07-13,gaussian,1
2006-07-14,gaussian,1.0000000000000002
2006-07-17,gaussian,1
2006-07-18,gaussian,0.99999999999999989
2006-07-19,gaussian,0.999999999999999
2006-07-20,gaussian,1
2006-07-21,gaussian,1
2006-07-24,gaussian,1
2006-07-25,gaussian,1.0000000000000004
2006-07-26,gaussian,1.0000000000000002
2006-07-27,gaussian,1
2006-07-28,gaussian,0.99999999999999989
2006-07-31,gaussian,1
2006-08-01,gaussian,1
2006-08-02,gaussian,0.99999999999999956
2006-08-03,gaussian,1.0000000000000002
2006-08-04,gaussian,1.0000000000000002
2006-08-07,gaussian,1.0000000000000002
2006-08-08,gaussian,1.0000000000000002
2006-08-09,gaussian,1.0000000000000002
2006-08-10,gaussian,1
2006-08-11,gaussian,1.0000000000000002
2006-08-14,gaussian,1
2006-08-15,gaussian,0.99999999999999978
2006-08-16,gaussian,1.0000000000000004
2006-08-17,gaussian,1
2006-08-18,gaussian,0.99999999999999967
2006-08-21,gaussian,1.0000000000000002
2006-08-22,gaussian,1
2006-08-23,gaussian,1
2006-08-24,gaussian,1
2006-08-25,gaussian,1
2006-08-28,gaussian,0.99999999999999933
2006-08-29,gaussian,1
2006-08-30,gaussian,1
2006-08-31,gaussian,1
2006-09-01,gaussian,1.0000000000000002
2006-09-04,gaussian,1
2006-09-05,gaussian,1.0000000000000004
2006-09-06,gaussian,1.0000000000000002
2006-09-07,gaussian,1.0000000000000002
2006-09-08,gaussian,1
2006-09-11,gaussian,1.0000000000000002
2006-09-12,gaussian,1.0000000000000002
2006-09-13,gaussian,0.99999999999999967
2006-09-14,gaussian,1
2006-09-15,gaussian,1
2006-09-18,gaussian,1
2006-09-19,gaussian,1
2006-09-20,gaussian,1.0000000000000002
2006-09-21,gaussian,1.0000000000000002
2006-09-22,gaussian,1
2006-09-25,gaussian,0.99999999999999922
2006-09-26,gaussian,1
2006-09-27,gaussian,1
2006-09-28,gaussian,1
2006-09-29,gaussian,1.0000000000000002
2006-10-02,gaussian,1.0000000000000002
2006-10-03,gaussian,1.0000000000000004
2006-10-04,gaussian,1.0000000000000004
2006-10-05,gaussian,1
2006-10-06,gaussian,1
2006-10-09,gaussian,1
2006-10-10,gaussian,1.0000000000000002
2006-10-11,gaussian,1
2006-10-12,gaussian,1.0000000000000004
2006-10-13,gaussian,1.0000000000000004
2006-10-16,gaussian,1.0000000000000002
2006-10-17,gaussian,1.0000000000000002
2006-10-18,gaussian,1.0000000000000002
2006-10-19,gaussian,1.0000000000000002
2006-10-20,gaussian,0.99999999999999978
2006-10-23,gaussian,1
2006-10-24,gaussian,1.0000000000000002
2006-10-25,gaussian,1.0000000000000002
2006-10-26,gaussian,1.0000000000000002
2006-10-27,gaussian,1
2006-10-30,gaussian,1.0000000000000002
2006-10-31,gaussian,1
2006-11-01,gaussian,0.99999999999999922
2006-11-02,gaussian,1
2006-11-03,gaussian,1.0000000000000002
2006-11-06,gaussian,1.0000000000000002
2006-11-07,gaussian,1.0000000000000002
2006-11-08,gaussian,1.0000000000000002
2006-11-09,gaussian,1.0000000000000002
2006-11-10,gaussian,1
2006-11-13,gaussian,1
2006-11-14,gaussian,1.0000000000000011
2006-11-15,gaussian,1
2006-11-16,gaussian,1
2006-11-17,gaussian,1.0000000000000002
2006-11-20,gaussian,1
2006-11-21,gaussian,1.0000000000000004
2006-11-22,gaussian,1.0000000000000002
2006-11-23,gaussian,1.0000000000000004
2006-11-24,gaussian,1
2006-11-27,gaussian,0.99999999999999989
2006-11-28,gaussian,0.99999999999999956
2006-11-29,gaussian,1.0000000000000002
2006-11-30,gaussian,1.0000000000000004
2006-12-01,gaussian,1
2006-12-04,gaussian,0.99999999999999967
2006-12-05,gaussian,1.0000000000000002
2006-12-06,gaussian,1
2006-12-07,gaussian,1.0000000000000002
2006-12-08,gaussian,1.0000000000000002
2006-12-11,gaussian,1.0000000000000002
2006-12-12,gaussian,1.0000000000000002
2006-12-13,gaussian,1.0000000000000002
2006-12-14,gaussian,1.0000000000000002
2006-12-15,gaussian,1.0000000000000002
2006-12-18,gaussian,0.99999999999999989
2006-12-19,gaussian,1.0000000000000004
2006-12-20,gaussian,1.0000000000000002
2006-12-21,gaussian,1.0000000000000002
2006-12-22,gaussian,1
2006-12-25,gaussian,0.99999999999999889
2006-12-26,gaussian,1.0000000000000004
2006-12-27,gaussian,1.0000000000000002
2006-12-28,gaussian,1.0000000000000002
2006-12-29,gaussian,1.0000000000000002
2007-01-01,gaussian,1.0000000000000002
2007-01-02,gaussian,1
2007-01-03,gaussian,1
2007-01-04,gaussian,1
2007-01-05,gaussian,1.0000000000000002
2007-01-08,gaussian,1
2007-01-09,gaussian,1.0000000000000002
2007-01-10,gaussian,0.99999999999999978
2007-01-11,gaussian,1
2007-01-12,gaussian,1
2007-01-15,gaussian,0.99999999999999978
2007-01-16,gaussian,1.0000000000000002
2007-01-17,gaussian,1
2007-01-18,gaussian,1
2007-01-19,gaussian,1
2007-01-22,gaussian,1
2007-01-23,gaussian,1
2007-01-24,gaussian,1.0000000000000002
2007-01-25,gaussian,0.99999999999999756
2007-01-26,gaussian,1.0000000000000002
2007-01-29,gaussian,1
2007-01-30,gaussian,1.0000000000000004
2007-01-31,gaussian,1
2007-02-01,gaussian,1.0000000000000002
2007-02-02,gaussian,1.0000000000000002
2007-02-05,gaussian,1.0000000000000002
2007-02-06,gaussian,1
2007-02-07,gaussian,1.0000000000000002
2007-02-08,gaussian,1
2007-02-09,gaussian,0.99999999999999989
2007-02-12,gaussian,1
2007-02-13,gaussian,1
2007-02-14,gaussian,1
2007-02-15,gaussian,1
2007-02-16,gaussian,1
2007-02-19,gaussian,1.0000000000000002
2007-02-20,gaussian,1.0000000000000002
2007-02-21,gaussian,1.0000000000000002
2007-02-22,gaussian,1
2007-02-23,gaussian,1.0000000000000002
2007-02-26,gaussian,1.0000000000000002
2007-02-27,gaussian,1
2007-02-28,gaussian,0.99999999999999989
2007-03-01,gaussian,1.0000000000000002
2007-03-02,gaussian,1
2007-03-05,gaussian,0.99999999999999956
2007-03-06,gaussian,1.0000000000000002
2007-03-07,gaussian,1.0000000000000002
2007-03-08,gaussian,1.0000000000000002
2007-03-09,gaussian,1
2007-03-12,gaussian,1.0000000000000002
2007-03-13,gaussian,1
2007-03-14,gaussian,0.99999999999999989
2007-03-15,gaussian,1.0000000000000002
2007-03-16,gaussian,1
2007-03-19,gaussian,1.0000000000000002
2007-03-20,gaussian,1
2007-03-21,gaussian,1
2007-03-22,gaussian,1.0000000000000002
2007-03-23,gaussian,1.0000000000000002
2007-03-26,gaussian,1
2007-03-27,gaussian,1.0000000000000002
2007-03-28,gaussian,1
2007-03-29,gaussian,0.99999999999999978
2007-03-30,gaussian,1
2007-04-02,gaussian,1
2007-04-03,gaussian,1.0000000000000002
2007-04-04,gaussian,0.99999999999999989
2007-04-05,gaussian,1.0000000000000004
2007-04-06,gaussian,1.0000000000000002
2007-04-09,gaussian,1.0000000000000002
2007-04-10,gaussian,1
2007-04-11,gaussian,0.99999999999999989
2007-04-12,gaussian,1
2007-04-13,gaussian,1
2007-04-16,gaussian,1
2007-04-17,gaussian,1.0000000000000002
2007-04-18,gaussian,1.0000000000000004
2007-04-19,gaussian,1.0000000000000002
2007-04-20,gaussian,1.0000000000000002
2007-04-23,gaussian,1
2007-04-24,gaussian,1
2007-04-25,gaussian,1
2007-04-26,gaussian,1.0000000000000002
2007-04-27,gaussian,1
2007-04-30,gaussian,0.99999999999999967
2007-05-01,gaussian,1.0000000000000004
2007-05-02,gaussian,0.99999999999999978
2007-05-03,gaussian,1.0000000000000002
2007-05-04,gaussian,1.0000000000000002
2007-05-07,gaussian,1.0000000000000002
2007-05-08,gaussian,1.0000000000000002
2007-05-09,gaussian,0.99999999999999978
2007-05-10,gaussian,1
2007-05-11,gaussian,1.0000000000000002
2007-05-14,gaussian,1.0000000000000002
2007-05-15,gaussian,1.0000000000000002
2007-05-16,gaussian,1
2007-05-17,gaussian,1.0000000000000007
2007-05-18,gaussian,1.0000000000000004
2007-05-21,gaussian,1
2007-05-22,gaussian,1.0000000000000002
2007-05-23,gaussian,1.0000000000000002
2007-05-24,gaussian,1
2007-05-25,gaussian,0.99999999999999989
2007-05-28,gaussian,1.0000000000000007
2007-05-29,gaussian,1.0000000000000004
2007-05-30,gaussian,1.0000000000000004
2007-05-31,gaussian,0.99999999999999967
2007-06-01,gaussian,1
2007-06-04,gaussian,1.0000000000000002
2007-06-05,gaussian,0.99999999999999989
2007-06-06,gaussian,0.99999999999999989
2007-06-07,gaussian,1.0000000000000004
2007-06-08,gaussian,1.0000000000000004
2007-06-11,gaussian,1.0000000000000002
2007-06-12,gaussian,1
2007-06-13,gaussian,1.0000000000000002
2007-06-14,gaussian,1.0000000000000002
2007-06-15,gaussian,1
2007-06-18,gaussian,0.99999999999999978
2007-06-19,gaussian,1
2007-06-20,gaussian,1
2007-06-21,gaussian,0.99999999999999989
2007-06-22,gaussian,1
2007-06-25,gaussian,1
2007-06-26,gaussian,1
2007-06-27,gaussian,1.0000000000000007
2007-06-28,gaussian,1
2007-06-29,gaussian,1.0000000000000002
2007-07-02,gaussian,1
2007-07-03,gaussian,1.0000000000000002
2007-07-04,gaussian,1.0000000000000002
2007-07-05,gaussian,1
2007-07-06,gaussian,1.0000000000000004
2007-07-09,gaussian,1
2007-07-10,gaussian,1.0000000000000007
2007-07-11,gaussian,0.99999999999999978
2007-07-12,gaussian,1
2007-07-13,gaussian,1
2007-07-16,gaussian,1.0000000000000002
2007-07-17,gaussian,1.0000000000000002
2007-07-18,gaussian,1
2007-07-19,gaussian,1
2007-07-20,gaussian,1
2007-07-23,gaussian,1
2007-07-24,gaussian,1.0000000000000002
2007-07-25,gaussian,1.0000000000000002
2007-07-26,gaussian,1.0000000000000002
2007-07-27,gaussian,1.0000000000000007
2007-07-30,gaussian,1.0000000000000002
2007-07-31,gaussian,1
2007-08-01,gaussian,0.99999999999999989
2007-08-02,gaussian,0.99999999999999811
2007-08-03,gaussian,1.0000000000000002
2007-08-06,gaussian,1.0000000000000004
2007-08-07,gaussian,1.0000000000000002
2007-08-08,gaussian,1.0000000000000002
2007-08-09,gaussian,1
2007-08-10,gaussian,1.0000000000000002
2007-08-13,gaussian,1
2007-08-14,gaussian,0.99999999999999978
2007-08-15,gaussian,1.0000000000000004
2007-08-16,gaussian,1
2007-08-17,gaussian,1
2007-08-20,gaussian,1.0000000000000004
2007-08-21,gaussian,1
2007-08-22,gaussian,0.99999999999999989
2007-08-23,gaussian,1.0000000000000004
2007-08-24,gaussian,1.0000000000000002
2007-08-27,gaussian,0.99999999999999978
2007-08-28,gaussian,0.99999999999999867
2007-08-29,gaussian,1.0000000000000002
2007-08-30,gaussian,0.99999999999999989
2007-08-31,gaussian,0.99999999999999967
2007-09-03,gaussian,1.0000000000000002
2007-09-04,gaussian,1.0000000000000002
2007-09-05,gaussian,0.99999999999999967
2007-09-06,gaussian,1.0000000000000002
2007-09-07,gaussian,0.99999999999999978
2007-09-10,gaussian,1.0000000000000002
2007-09-11,gaussian,0.99999999999999967
2007-09-12,gaussian,1
2007-09-13,gaussian,1.0000000000000002
2007-09-14,gaussian,1.0000000000000002
2007-09-17,gaussian,1
2007-09-18,gaussian,1.0000000000000002
2007-09-19,gaussian,1
2007-09-20,gaussian,1
2007-09-21,gaussian,0.99999999999999978
2007-09-24,gaussian,1.0000000000000002
2007-09-25,gaussian,1.0000000000000002
2007-09-26,gaussian,1.0000000000000002
2007-09-27,gaussian,1
2007-09-28,gaussian,1
2007-10-01,gaussian,0.99999999999999989
2007-10-02,gaussian,1
2007-10-03,gaussian,1
2007-10-04,gaussian,1.0000000000000002
2007-10-05,gaussian,0.99999999999999978
2007-10-08,gaussian,1.0000000000000002
2007-10-09,gaussian,1.0000000000000004
2007-10-10,gaussian,1
2007-10-11,gaussian,1.0000000000000004
2007-10-12,gaussian,1.0000000000000002
2007-10-15,gaussian,1.0000000000000007
2007-10-16,gaussian,1
2007-10-17,gaussian,1
2007-10-18,gaussian,1
2007-10-19,gaussian,0.99999999999999967
2007-10-22,gaussian,1
2007-10-23,gaussian,1.0000000000000004
2007-10-24,gaussian,1
2007-10-25,gaussian,1.0000000000000002
2007-10-26,gaussian,1
2007-10-29,gaussian,0.99999999999999956
2007-10-30,gaussian,1
2007-10-31,gaussian,1
2007-11-01,gaussian,1.0000000000000002
2007-11-02,gaussian,1.0000000000000002
2007-11-05,gaussian,1.0000000000000002
2007-11-06,gaussian,1
2007-11-07,gaussian,1.0000000000000004
2007-11-08,gaussian,1
2007-11-09,gaussian,1
2007-11-12,gaussian,1.0000000000000002
2007-11-13,gaussian,1.0000000000000002
2007-11-14,gaussian,1.0000000000000002
2007-11-15,gaussian,1
2007-11-16,gaussian,1
2007-11-19,gaussian,1.0000000000000004
2007-11-20,gaussian,1.0000000000000004
2007-11-21,gaussian,0.99999999999999989
2007-11-22,gaussian,1
2007-11-23,gaussian,1
2007-11-26,gaussian,1
2007-11-27,gaussian,1
2007-11-28,gaussian,1
2007-11-29,gaussian,1.0000000000000002
2007-11-30,gaussian,1.0000000000000002
2007-12-03,gaussian,1.0000000000000002
2007-12-04,gaussian,1
2007-12-05,gaussian,1.0000000000000002
2007-12-06,gaussian,1
2007-12-07,gaussian,1.0000000000000002
2007-12-10,gaussian,0.99999999999999978
2007-12-11,gaussian,1.0000000000000002
2007-12-12,gaussian,1.0000000000000002
2007-12-13,gaussian,1
2007-12-14,gaussian,1.0000000000000002
2007-12-17,gaussian,1
2007-12-18,gaussian,1
2007-12-19,gaussian,1.0000000000000002
2007-12-20,gaussian,1
2007-12-21,gaussian,0.99999999999999978
2007-12-24,gaussian,1
2007-12-25,gaussian,1
2007-12-26,gaussian,1.0000000000000002
2007-12-27,gaussian,1.0000000000000002
2007-12-28,gaussian,1
2007-12-31,gaussian,1.0000000000000002
2008-01-01,gaussian,1.0000000000000002
2008-01-02,gaussian,1
2008-01-03,gaussian,1.0000000000000002
2008-01-04,gaussian,1
2008-01-07,gaussian,1.0000000000000004
2008-01-08,gaussian,1.0000000000000002
2008-01-09,gaussian,0.99999999999999989
2008-01-10,gaussian,1
2008-01-11,gaussian,1.0000000000000002
2008-01-14,gaussian,1.0000000000000002
2008-01-15,gaussian,1
2008-01-16,gaussian,1
2008-01-17,gaussian,0.99999999999999978
2008-01-18,gaussian,1
2008-01-21,gaussian,1
2008-01-22,gaussian,1.0000000000000002
2008-01-23,gaussian,0.99999999999999989
2008-01-24,gaussian,1.0000000000000007
2008-01-25,gaussian,1.0000000000000002
2008-01-28,gaussian,1.0000000000000002
2008-01-29,gaussian,1.0000000000000002
2008-01-30,gaussian,0.99999999999999989
2008-01-31,gaussian,1
2008-02-01,gaussian,1.0000000000000002
2008-02-04,gaussian,0.99999999999999933
2008-02-05,gaussian,1.0000000000000002
2008-02-06,gaussian,1
2008-02-07,gaussian,1.0000000000000007
2008-02-08,gaussian,1
2008-02-11,gaussian,1.0000000000000022
2008-02-12,gaussian,0.99999999999999989
2008-02-13,gaussian,1.0000000000000002
2008-02-14,gaussian,1.0000000000000007
2008-02-15,gaussian,1.0000000000000007
2008-02-18,gaussian,1.0000000000000002
2008-02-19,gaussian,1
2008-02-20,gaussian,0.99999999999999889
2008-02-21,gaussian,1
2008-02-22,gaussian,1.0000000000000007
2008-02-25,gaussian,1
2008-02-26,gaussian,1.0000000000000002
2008-02-27,gaussian,1.0000000000000002
2008-02-28,gaussian,1.0000000000000002
2008-02-29,gaussian,1
2008-03-03,gaussian,0.99999999999999978
2008-03-04,gaussian,1
2008-03-05,gaussian,1
2008-03-06,gaussian,1.0000000000000013
2008-03-07,gaussian,0.99999999999999989
2008-03-10,gaussian,1
2008-03-11,gaussian,1
2008-03-12,gaussian,0.99999999999999978
2008-03-13,gaussian,1.0000000000000002
2008-03-14,gaussian,1.0000000000000002
2008-03-17,gaussian,0.99999999999999956
2008-03-18,gaussian,1
2008-03-19,gaussian,1.0000000000000002
2008-03-20,gaussian,1.0000000000000002
2008-03-21,gaussian,1.0000000000000004
2008-03-24,gaussian,1
2008-03-25,gaussian,0.99999999999999989
2008-03-26,gaussian,1.0000000000000002
2008-03-27,gaussian,1.0000000000000002
2008-03-28,gaussian,0.99999999999999967
2008-03-31,gaussian,1
2008-04-01,gaussian,0.99999999999999989
2008-04-02,gaussian,1.0000000000000002
2008-04-03,gaussian,1
2008-04-04,gaussian,1
2008-04-07,gaussian,0.99999999999999978
2008-04-08,gaussian,1.0000000000000002
2008-04-09,gaussian,1.0000000000000004
2008-04-10,gaussian,1.0000000000000007
2008-04-11,gaussian,1.0000000000000004
2008-04-14,gaussian,0.99999999999999967
2008-04-15,gaussian,1.0000000000000007
2008-04-16,gaussian,0.99999999999999933
2008-04-17,gaussian,1.0000000000000002
2008-04-18,gaussian,1
2008-04-21,gaussian,1.0000000000000004
2008-04-22,gaussian,1.0000000000000002
2008-04-23,gaussian,1.0000000000000018
2008-04-24,gaussian,1.0000000000000009
2008-04-25,gaussian,1.0000000000000002
2008-04-28,gaussian,1
2008-04-29,gaussian,0.99999999999999933
2008-04-30,gaussian,1
2008-05-01,gaussian,1.0000000000000002
2008-05-02,gaussian,1.0000000000000007
2008-05-05,gaussian,1.0000000000000007
2008-05-06,gaussian,1.0000000000000002
2008-05-07,gaussian,1.0000000000000011
2008-05-08,gaussian,0.999999999999999
2008-05-09,gaussian,1.0000000000000013
2008-05-12,gaussian,1.0000000000000002
2008-05-13,gaussian,0.99999999999999978
2008-05-14,gaussian,1
2008-05-15,gaussian,1.0000000000000002
2008-05-16,gaussian,0.99999999999999967
2008-05-19,gaussian,1.0000000000000002
2008-05-20,gaussian,0.99999999999999989
2008-05-21,gaussian,1.0000000000000002
2008-05-22,gaussian,1.0000000000000002
2008-05-23,gaussian,1.0000000000000002
2008-05-26,gaussian,0.99999999999999978
2008-05-27,gaussian,0.99999999999999944
2008-05-28,gaussian,1
2008-05-29,gaussian,1.0000000000000009
2008-05-30,gaussian,1
2008-06-02,gaussian,1.0000000000000004
2008-06-03,gaussian,1.0000000000000002
2008-06-04,gaussian,1.0000000000000007
2008-06-05,gaussian,1.0000000000000002
2008-06-06,gaussian,1.000000000000002
2008-06-09,gaussian,0.99999999999999978
2008-06-10,gaussian,1.0000000000000007
2008-06-11,gaussian,1
2008-06-12,gaussian,1
2008-06-13,gaussian,0.99999999999999933
2008-06-16,gaussian,1.0000000000000004
2008-06-17,gaussian,1.0000000000000002
2008-06-18,gaussian,1
2008-06-19,gaussian,1
2008-06-20,gaussian,1
2008-06-23,gaussian,0.99999999999999956
2008-06-24,gaussian,1
2008-06-25,gaussian,1
2008-06-26,gaussian,1.0000000000000004
2008-06-27,gaussian,1
2008-06-30,gaussian,0.99999999999999978
2008-07-01,gaussian,1
2008-07-02,gaussian,1
2008-07-03,gaussian,1
2008-07-04,gaussian,1.0000000000000002
2008-07-07,gaussian,1
2008-07-08,gaussian,1
2008-07-09,gaussian,1.0000000000000004
2008-07-10,gaussian,1
2008-07-11,gaussian,1.0000000000000002
2008-07-14,gaussian,0.99999999999999989
2008-07-15,gaussian,1
2008-07-16,gaussian,1.0000000000000002
2008-07-17,gaussian,1
2008-07-18,gaussian,1
2008-07-21,gaussian,1
2008-07-22,gaussian,1.0000000000000002
2008-07-23,gaussian,1
2008-07-24,gaussian,1
2008-07-25,gaussian,1.0000000000000002
2008-07-28,gaussian,0.99999999999999989
2008-07-29,gaussian,1
2008-07-30,gaussian,1.0000000000000002
2008-07-31,gaussian,1.0000000000000002
2008-08-01,gaussian,1
2008-08-04,gaussian,1.0000000000000002
2008-08-05,gaussian,1
2008-08-06,gaussian,1.0000000000000002
2008-08-07,gaussian,0.99999999999999967
2008-08-08,gaussian,1.0000000000000002
2008-08-11,gaussian,1
2008-08-12,gaussian,1
2008-08-13,gaussian,1.0000000000000002
2008-08-14,gaussian,1.0000000000000002
2008-08-15,gaussian,1
2008-08-18,gaussian,0.99999999999999956
2008-08-19,gaussian,1
2008-08-20,gaussian,1.0000000000000002
2008-08-21,gaussian,1.0000000000000002
2008-08-22,gaussian,1.0000000000000002
2008-08-25,gaussian,0.99999999999999978
2008-08-26,gaussian,1
2008-08-27,gaussian,1
2008-08-28,gaussian,1
2008-08-29,gaussian,1
2008-09-01,gaussian,0.99999999999999989
2008-09-02,gaussian,1.0000000000000002
2008-09-03,gaussian,1
2008-09-04,gaussian,1
2008-09-05,gaussian,1
2008-09-08,gaussian,1
2008-09-09,gaussian,0.99999999999999967
2008-09-10,gaussian,1.0000000000000002
2008-09-11,gaussian,1.0000000000000002
2008-09-12,gaussian,1
2008-09-15,gaussian,0.99999999999999956
2008-09-16,gaussian,0.99999999999999989
2008-09-17,gaussian,1.0000000000000002
2008-09-18,gaussian,1
2008-09-19,gaussian,1
2008-09-22,gaussian,1.0000000000000002
2008-09-23,gaussian,1
2008-09-24,gaussian,1
2008-09-25,gaussian,1.0000000000000002
2008-09-26,gaussian,1.0000000000000002
2008-09-29,gaussian,1
2008-09-30,gaussian,0.99999999999999989
2008-10-01,gaussian,1
2008-10-02,gaussian,1.0000000000000002
2008-10-03,gaussian,1.0000000000000002
2008-10-06,gaussian,1.0000000000000013
2008-10-07,gaussian,1
2008-10-08,gaussian,1.0000000000000002
2008-10-09,gaussian,1
2008-10-10,gaussian,1.0000000000000002
2008-10-13,gaussian,1
2008-10-14,gaussian,1
2008-10-15,gaussian,1.0000000000000007
2008-10-16,gaussian,1
2008-10-17,gaussian,1.0000000000000002
2008-10-20,gaussian,1
2008-10-21,gaussian,1
2008-10-22,gaussian,1.0000000000000013
2008-10-23,gaussian,1.0000000000000002
2008-10-24,gaussian,1.0000000000000022
2008-10-27,gaussian,1.0000000000000009
2008-10-28,gaussian,1.0000000000000002
2008-10-29,gaussian,1
2008-10-30,gaussian,1.0000000000000004
2008-10-31,gaussian,1
2008-11-03,gaussian,1.0000000000000007
2008-11-04,gaussian,1
2008-11-05,gaussian,1.0000000000000004
2008-11-06,gaussian,1.0000000000000011
2008-11-07,gaussian,1.0000000000000002
2008-11-10,gaussian,1.0000000000000002
2008-11-11,gaussian,1
2008-11-12,gaussian,0.99999999999999911
2008-11-13,gaussian,1.0000000000000002
2008-11-14,gaussian,1
2008-11-17,gaussian,1.0000000000000002
2008-11-18,gaussian,1
2008-11-19,gaussian,1.0000000000000002
2008-11-20,gaussian,1.0000000000000009
2008-11-21,gaussian,1.0000000000000007
2008-11-24,gaussian,1.0000000000000002
2008-11-25,gaussian,1.0000000000000002
2008-11-26,gaussian,1
2008-11-27,gaussian,0.99999999999999989
2008-11-28,gaussian,1
2008-12-01,gaussian,0.99999999999999944
2008-12-02,gaussian,1.0000000000000002
2008-12-03,gaussian,1.0000000000000002
2008-12-04,gaussian,0.99999999999999978
2008-12-05,gaussian,1
2008-12-08,gaussian,1
2008-12-09,gaussian,1
2008-12-10,gaussian,1
2008-12-11,gaussian,1.0000000000000007
2008-12-12,gaussian,1
2008-12-15,gaussian,1.0000000000000007
2008-12-16,gaussian,1
2008-12-17,gaussian,1.0000000000000002
2008-12-18,gaussian,1
2008-12-19,gaussian,0.99999999999999989
2008-12-22,gaussian,1
2008-12-23,gaussian,1
2008-12-24,gaussian,1.0000000000000002
2008-12-25,gaussian,1
2008-12-26,gaussian,1
2008-12-29,gaussian,1.0000000000000002
2008-12-30,gaussian,1.0000000000000002
2008-12-31,gaussian,1.0000000000000002
2009-01-01,gaussian,1.0000000000000004
2009-01-02,gaussian,1.0000000000000002
2009-01-05,gaussian,1.0000000000000002
2009-01-06,gaussian,1.0000000000000002
2009-01-07,gaussian,1.0000000000000002
2009-01-08,gaussian,1
2009-01-09,gaussian,1
2009-01-12,gaussian,1
2009-01-13,gaussian,1
2009-01-14,gaussian,1
2009-01-15,gaussian,1
2009-01-16,gaussian,1
2009-01-19,gaussian,1.0000000000000002
2009-01-20,gaussian,1
2009-01-21,gaussian,1
2009-01-22,gaussian,1
2009-01-23,gaussian,1.0000000000000002
2009-01-26,gaussian,1
2009-01-27,gaussian,1.0000000000000002
2009-01-28,gaussian,1
2009-01-29,gaussian,1
2009-01-30,gaussian,1.0000000000000002
2009-02-02,gaussian,1
2009-02-03,gaussian,0.99999999999999967
2009-02-04,gaussian,1
2009-02-05,gaussian,1
2009-02-06,gaussian,1.0000000000000002
2009-02-09,gaussian,1.0000000000000002
2009-02-10,gaussian,1.0000000000000002
2009-02-11,gaussian,1
2009-02-12,gaussian,1
2009-02-13,gaussian,1
2009-02-16,gaussian,1.0000000000000002
2009-02-17,gaussian,1.0000000000000002
2009-02-18,gaussian,1.0000000000000002
2009-02-19,gaussian,1.0000000000000002
2009-02-20,gaussian,1
2009-02-23,gaussian,1
2009-02-24,gaussian,1
2009-02-25,gaussian,0.99999999999999978
2009-02-26,gaussian,1.0000000000000002
2009-02-27,gaussian,1.0000000000000004
2009-03-02,gaussian,1
2009-03-03,gaussian,1
2009-03-04,gaussian,1
2009-03-05,gaussian,1
2009-03-06,gaussian,1.0000000000000002
2009-03-09,gaussian,1.0000000000000002
2009-03-10,gaussian,1.0000000000000002
2009-03-11,gaussian,1
2009-03-12,gaussian,1.0000000000000002
2009-03-13,gaussian,1.0000000000000002
2009-03-16,gaussian,1
2009-03-17,gaussian,1
2009-03-18,gaussian,1
2009-03-19,gaussian,0.99999999999999989
2009-03-20,gaussian,1.0000000000000002
2009-03-23,gaussian,1
2009-03-24,gaussian,1.0000000000000002
2009-03-25,gaussian,1
2009-03-26,gaussian,1.0000000000000002
2009-03-27,gaussian,1
2009-03-30,gaussian,1.0000000000000002
2009-03-31,gaussian,1.0000000000000002
2009-04-01,gaussian,1.0000000000000002
2009-04-02,gaussian,1
2009-04-03,gaussian,1
2009-04-06,gaussian,1
2009-04-07,gaussian,1
2009-04-08,gaussian,1.0000000000000002
2009-04-09,gaussian,1
2009-04-10,gaussian,0.99999999999999944
2009-04-13,gaussian,0.99999999999999989
2009-04-14,gaussian,1
2009-04-15,gaussian,1.0000000000000002
2009-04-16,gaussian,1
2009-04-17,gaussian,1
2009-04-20,gaussian,1
2009-04-21,gaussian,1
2009-04-22,gaussian,1
2009-04-23,gaussian,1
2009-04-24,gaussian,1
2009-04-27,gaussian,1
2009-04-28,gaussian,1
2009-04-29,gaussian,1.0000000000000002
2009-04-30,gaussian,1
2009-05-01,gaussian,1.0000000000000002
2009-05-04,gaussian,1
2009-05-05,gaussian,1
2009-05-06,gaussian,1
2009-05-07,gaussian,1.0000000000000002
2009-05-08,gaussian,1
2009-05-11,gaussian,1
2009-05-12,gaussian,1.0000000000000002
2009-05-13,gaussian,1.0000000000000002
2009-05-14,gaussian,1.0000000000000002
2009-05-15,gaussian,1.0000000000000002
2009-05-18,gaussian,1.0000000000000002
2009-05-19,gaussian,1.0000000000000002
2009-05-20,gaussian,1
2009-05-21,gaussian,1
2009-05-22,gaussian,1
2009-05-25,gaussian,0.99999999999999989
2009-05-26,gaussian,1
2009-05-27,gaussian,1
2009-05-28,gaussian,1
2009-05-29,gaussian,1.0000000000000002
2009-06-01,gaussian,1.0000000000000002
2009-06-02,gaussian,1
2009-06-03,gaussian,0.99999999999999978
2009-06-04,gaussian,1
2009-06-05,gaussian,0.99999999999999989
2009-06-08,gaussian,1.0000000000000002
2009-06-09,gaussian,1
2009-06-10,gaussian,1
2009-06-11,gaussian,1
2009-06-12,gaussian,1
2009-06-15,gaussian,1.0000000000000002
2009-06-16,gaussian,1
2009-06-17,gaussian,1
2009-06-18,gaussian,1
2009-06-19,gaussian,1
2009-06-22,gaussian,1
2009-06-23,gaussian,1
2009-06-24,gaussian,1
2009-06-25,gaussian,1.0000000000000002
2009-06-26,gaussian,1
2009-06-29,gaussian,1.0000000000000002
2009-06-30,gaussian,1.0000000000000004
2009-07-01,gaussian,1
2009-07-02,gaussian,1
2009-07-03,gaussian,1.0000000000000002
2009-07-06,gaussian,1
2009-07-07,gaussian,1
2009-07-08,gaussian,1.0000000000000002
2009-07-09,gaussian,1.0000000000000002
2009-07-10,gaussian,1.0000000000000002
2009-07-13,gaussian,1.0000000000000002
2009-07-14,gaussian,1.0000000000000002
2009-07-15,gaussian,1
2009-07-16,gaussian,1
2009-07-17,gaussian,1
2009-07-20,gaussian,1.0000000000000002
2009-07-21,gaussian,1
2009-07-22,gaussian,1
2009-07-23,gaussian,1
2009-07-24,gaussian,1.0000000000000002
2009-07-27,gaussian,1.0000000000000002
2009-07-28,gaussian,1
2009-07-29,gaussian,1
2009-07-30,gaussian,1.0000000000000002
2009-07-31,gaussian,1.0000000000000002
2009-08-03,gaussian,0.99999999999999978
2009-08-04,gaussian,1
2009-08-05,gaussian,1
2009-08-06,gaussian,1.0000000000000004
2009-08-07,gaussian,1
2009-08-10,gaussian,1
2009-08-11,gaussian,1.0000000000000002
2009-08-12,gaussian,1
2009-08-13,gaussian,1.0000000000000004
2009-08-14,gaussian,1
2009-08-17,gaussian,1.0000000000000002
2009-08-18,gaussian,1.0000000000000002
2009-08-19,gaussian,1.0000000000000002
2009-08-20,gaussian,1
2009-08-21,gaussian,1
2009-08-24,gaussian,0.99999999999999989
2009-08-25,gaussian,1.0000000000000002
2009-08-26,gaussian,1.0000000000000002
2009-08-27,gaussian,1.0000000000000002
2009-08-28,gaussian,1.0000000000000002
2009-08-31,gaussian,0.99999999999999978
2009-09-01,gaussian,1
2009-09-02,gaussian,0.99999999999999978
2009-09-03,gaussian,1.0000000000000002
2009-09-04,gaussian,1
2009-09-07,gaussian,1
2009-09-08,gaussian,1
2009-09-09,gaussian,1.0000000000000002
2009-09-10,gaussian,1.0000000000000002
2009-09-11,gaussian,1.0000000000000002
2009-09-14,gaussian,1.0000000000000002
2009-09-15,gaussian,1.0000000000000002
2009-09-16,gaussian,0.99999999999999989
2009-09-17,gaussian,1.0000000000000002
2009-09-18,gaussian,1
2009-09-21,gaussian,1
2009-09-22,gaussian,1
2009-09-23,gaussian,1.0000000000000004
2009-09-24,gaussian,1
2009-09-25,gaussian,0.99999999999999978
2009-09-28,gaussian,1.0000000000000002
2009-09-29,gaussian,0.99999999999999978
2009-09-30,gaussian,0.99999999999999989
2009-10-01,gaussian,1
2009-10-02,gaussian,1.0000000000000002
2009-10-05,gaussian,1
2009-10-06,gaussian,1
2009-10-07,gaussian,1.0000000000000004
2009-10-08,gaussian,0.99999999999999989
2009-10-09,gaussian,1
2009-10-12,gaussian,1.0000000000000002
2009-10-13,gaussian,0.99999999999999989
2009-10-14,gaussian,1.0000000000000002
2009-10-15,gaussian,1.0000000000000002
2009-10-16,gaussian,0.99999999999999978
2009-10-19,gaussian,1.0000000000000002
2009-10-20,gaussian,1.0000000000000004
2009-10-21,gaussian,0.99999999999999967
2009-10-22,gaussian,1
2009-10-23,gaussian,1
2009-10-26,gaussian,1.0000000000000002
2009-10-27,gaussian,1.0000000000000002
2009-10-28,gaussian,1.0000000000000002
2009-10-29,gaussian,1.0000000000000002
2009-10-30,gaussian,1.0000000000000002
2009-11-02,gaussian,1
2009-11-03,gaussian,1
2009-11-04,gaussian,1.0000000000000002
2009-11-05,gaussian,1
2009-11-06,gaussian,1.0000000000000002
2009-11-09,gaussian,1
2009-11-10,gaussian,1
2009-11-11,gaussian,1.0000000000000002
2009-11-12,gaussian,1.0000000000000004
2009-11-13,gaussian,0.99999999999999989
2009-11-16,gaussian,0.99999999999999967
2009-11-17,gaussian,1
2009-11-18,gaussian,1
2009-11-19,gaussian,1
2009-11-20,gaussian,1.0000000000000002
2009-11-23,gaussian,1
2009-11-24,gaussian,0.99999999999999967
2009-11-25,gaussian,1
2009-11-26,gaussian,1
2009-11-27,gaussian,1
2009-11-30,gaussian,1
2009-12-01,gaussian,1
2009-12-02,gaussian,1.0000000000000004
2009-12-03,gaussian,1
2009-12-04,gaussian,1.0000000000000002
2009-12-07,gaussian,1
2009-12-08,gaussian,1.0000000000000002
2009-12-09,gaussian,1
2009-12-10,gaussian,1
2009-12-11,gaussian,1.0000000000000002
2009-12-14,gaussian,1.0000000000000004
2009-12-15,gaussian,1
2009-12-16,gaussian,1.0000000000000004
2009-12-17,gaussian,1.0000000000000004
2009-12-18,gaussian,1
2009-12-21,gaussian,1.0000000000000002
2009-12-22,gaussian,1
2009-12-23,gaussian,1
2009-12-24,gaussian,1.0000000000000004
2009-12-25,gaussian,1.0000000000000004
2009-12-28,gaussian,1
2009-12-29,gaussian,1
2009-12-30,gaussian,1
2009-12-31,gaussian,1.0000000000000002
2010-01-01,gaussian,1.0000000000000002
2010-01-04,gaussian,0.99999999999999989
2010-01-05,gaussian,1.0000000000000002
2010-01-06,gaussian,1.0000000000000002
2010-01-07,gaussian,1.0000000000000002
2010-01-08,gaussian,1
2010-01-11,gaussian,1.0000000000000002
2010-01-12,gaussian,1
2010-01-13,gaussian,1.0000000000000002
2010-01-14,gaussian,1.0000000000000002
2010-01-15,gaussian,1
2010-01-18,gaussian,1.0000000000000002
2010-01-19,gaussian,1.0000000000000002
2010-01-20,gaussian,1.0000000000000002
2010-01-21,gaussian,1
2010-01-22,gaussian,1
2010-01-25,gaussian,1
2010-01-26,gaussian,1
2010-01-27,gaussian,1.0000000000000002
2010-01-28,gaussian,1.0000000000000002
2010-01-29,gaussian,1.0000000000000002
2010-02-01,gaussian,1
2010-02-02,gaussian,1
2010-02-03,gaussian,1.0000000000000002
2010-02-04,gaussian,1.0000000000000002
2010-02-05,gaussian,1.0000000000000002
2010-02-08,gaussian,0.99999999999999989
2010-02-09,gaussian,1
2010-02-10,gaussian,1.0000000000000002
2010-02-11,gaussian,1.0000000000000002
2010-02-12,gaussian,1.0000000000000002
2010-02-15,gaussian,1.0000000000000002
2010-02-16,gaussian,1.0000000000000002
2010-02-17,gaussian,1
2010-02-18,gaussian,1
2010-02-19,gaussian,1
2010-02-22,gaussian,1.0000000000000002
2010-02-23,gaussian,1
2010-02-24,gaussian,1
2010-02-25,gaussian,1
2010-02-26,gaussian,1.0000000000000004
2010-03-01,gaussian,1.0000000000000002
2010-03-02,gaussian,1.0000000000000002
2010-03-03,gaussian,1.0000000000000002
2010-03-04,gaussian,1
2010-03-05,gaussian,1
2010-03-08,gaussian,1.0000000000000002
2010-03-09,gaussian,1.0000000000000002
2010-03-10,gaussian,1.0000000000000002
2010-03-11,gaussian,1
2010-03-12,gaussian,1
2010-03-15,gaussian,1.0000000000000002
2010-03-16,gaussian,1
2010-03-17,gaussian,1
2010-03-18,gaussian,1
2010-03-19,gaussian,1
2010-03-22,gaussian,1.0000000000000002
2010-03-23,gaussian,1.0000000000000002
2010-03-24,gaussian,1.0000000000000002
2010-03-25,gaussian,1
2010-03-26,gaussian,1.0000000000000002
2010-03-29,gaussian,1
2010-03-30,gaussian,1
2010-03-31,gaussian,1.0000000000000002
2010-04-01,gaussian,1
2010-04-02,gaussian,1.0000000000000002
2010-04-05,gaussian,1.0000000000000002
2010-04-06,gaussian,1
2010-04-07,gaussian,1
2010-04-08,gaussian,1
2010-04-09,gaussian,1
2010-04-12,gaussian,1.0000000000000002
2010-04-13,gaussian,1
2010-04-14,gaussian,1.0000000000000002
2010-04-15,gaussian,1.0000000000000002
2010-04-16,gaussian,1.0000000000000002
2010-04-19,gaussian,1.0000000000000002
2010-04-20,gaussian,1.0000000000000002
2010-04-21,gaussian,1
2010-04-22,gaussian,1
2010-04-23,gaussian,1.0000000000000002
2010-04-26,gaussian,1
2010-04-27,gaussian,1.0000000000000002
2010-04-28,gaussian,1
2010-04-29,gaussian,1.0000000000000002
2010-04-30,gaussian,1.0000000000000002
2010-05-03,gaussian,1.0000000000000002
2010-05-04,gaussian,1
2010-05-05,gaussian,1.0000000000000002
2010-05-06,gaussian,1
2010-05-07,gaussian,1.0000000000000002
2010-05-10,gaussian,1
2010-05-11,gaussian,1
2010-05-12,gaussian,1
2010-05-13,gaussian,1.0000000000000002
2010-05-14,gaussian,1.0000000000000002
2010-05-17,gaussian,1.0000000000000002
2010-05-18,gaussian,0.99999999999999989
2010-05-19,gaussian,1.0000000000000002
2010-05-20,gaussian,1.0000000000000002
2010-05-21,gaussian,1.0000000000000002
2010-05-24,gaussian,1.0000000000000002
2010-05-25,gaussian,1.0000000000000002
2010-05-26,gaussian,1
2010-05-27,gaussian,1.0000000000000002
2010-05-28,gaussian,1
2010-05-31,gaussian,1.0000000000000002
2010-06-01,gaussian,1.0000000000000002
2010-06-02,gaussian,1.0000000000000002
2010-06-03,gaussian,1.0000000000000002
2010-06-04,gaussian,1
2010-06-07,gaussian,1
2010-06-08,gaussian,1
2010-06-09,gaussian,1.0000000000000002
2010-06-10,gaussian,1.0000000000000002
2010-06-11,gaussian,1
2010-06-14,gaussian,1.0000000000000002
2010-06-15,gaussian,1
2010-06-16,gaussian,1.0000000000000002
2010-06-17,gaussian,1
2010-06-18,gaussian,1.0000000000000002
2010-06-21,gaussian,1
2010-06-22,gaussian,1
2010-06-23,gaussian,0.99999999999999989
2010-06-24,gaussian,1.0000000000000002
2010-06-25,gaussian,1
2010-06-28,gaussian,1.0000000000000002
2010-06-29,gaussian,1.0000000000000002
2010-06-30,gaussian,1
2010-07-01,gaussian,1
2010-07-02,gaussian,1
2010-07-05,gaussian,1.0000000000000002
2010-07-06,gaussian,1
2010-07-07,gaussian,1.0000000000000002
2010-07-08,gaussian,1.0000000000000002
2010-07-09,gaussian,1
2010-07-12,gaussian,1
2010-07-13,gaussian,1
2010-07-14,gaussian,1
2010-07-15,gaussian,1.0000000000000002
2010-07-16,gaussian,1.0000000000000002
2010-07-19,gaussian,1.0000000000000002
2010-07-20,gaussian,1
2010-07-21,gaussian,1
2010-07-22,gaussian,1.0000000000000002
2010-07-23,gaussian,1
2010-07-26,gaussian,1.0000000000000002
2010-07-27,gaussian,1
2010-07-28,gaussian,1
2010-07-29,gaussian,1
2010-07-30,gaussian,1.0000000000000002
2010-08-02,gaussian,1
2010-08-03,gaussian,1
2010-08-04,gaussian,1
2010-08-05,gaussian,1.0000000000000002
2010-08-06,gaussian,1.0000000000000002
2010-08-09,gaussian,1.0000000000000002
2010-08-10,gaussian,1
2010-08-11,gaussian,1
2010-08-12,gaussian,1
2010-08-13,gaussian,1
2010-08-16,gaussian,1
2010-08-17,gaussian,1.0000000000000002
2010-08-18,gaussian,1
2010-08-19,gaussian,1.0000000000000002
2010-08-20,gaussian,1.0000000000000002
2010-08-23,gaussian,1
2010-08-24,gaussian,1
2010-08-25,gaussian,1.0000000000000002
2010-08-26,gaussian,1.0000000000000002
2010-08-27,gaussian,1.0000000000000002
2010-08-30,gaussian,1
2010-08-31,gaussian,1.0000000000000002
2010-09-01,gaussian,1
2010-09-02,gaussian,1.0000000000000002
2010-09-03,gaussian,1
2010-09-06,gaussian,1
2010-09-07,gaussian,1.0000000000000002
2010-09-08,gaussian,1.0000000000000002
2010-09-09,gaussian,1
2010-09-10,gaussian,1
2010-09-13,gaussian,1.0000000000000002
2010-09-14,gaussian,1
2010-09-15,gaussian,1
2010-09-16,gaussian,1.0000000000000002
2010-09-17,gaussian,1.0000000000000002
2010-09-20,gaussian,1.0000000000000002
2010-09-21,gaussian,1
2010-09-22,gaussian,1.0000000000000002
2010-09-23,gaussian,1
2010-09-24,gaussian,1.0000000000000002
2010-09-27,gaussian,1
2010-09-28,gaussian,1
2010-09-29,gaussian,1.0000000000000002
2010-09-30,gaussian,1.0000000000000002
2010-10-01,gaussian,1.0000000000000002
2010-10-04,gaussian,1.0000000000000002
2010-10-05,gaussian,1
2010-10-06,gaussian,1
2010-10-07,gaussian,1
2010-10-08,gaussian,1
2010-10-11,gaussian,1.0000000000000002
2010-10-12,gaussian,1
2010-10-13,gaussian,1.0000000000000002
2010-10-14,gaussian,1.0000000000000002
2010-10-15,gaussian,1.0000000000000002
2010-10-18,gaussian,1.0000000000000002
2010-10-19,gaussian,1
2010-10-20,gaussian,1.0000000000000002
2010-10-21,gaussian,1
2010-10-22,gaussian,1.0000000000000002
2010-10-25,gaussian,1
2010-10-26,gaussian,1
2010-10-27,gaussian,1
2010-10-28,gaussian,1.0000000000000002
2010-10-29,gaussian,1
2010-11-01,gaussian,1.0000000000000002
2010-11-02,gaussian,1.0000000000000002
2010-11-03,gaussian,1
2010-11-04,gaussian,1
2010-11-05,gaussian,1.0000000000000002
2010-11-08,gaussian,1.0000000000000002
2010-11-09,gaussian,1
2010-11-10,gaussian,1.0000000000000002
2010-11-11,gaussian,1
2010-11-12,gaussian,1.0000000000000002
2010-11-15,gaussian,1
2010-11-16,gaussian,1.0000000000000002
2010-11-17,gaussian,1
2010-11-18,gaussian,1.0000000000000002
2010-11-19,gaussian,1
2010-11-22,gaussian,1.0000000000000002
2010-11-23,gaussian,1
2010-11-24,gaussian,1.0000000000000002
2010-11-25,gaussian,1.0000000000000002
2010-11-26,gaussian,1
2010-11-29,gaussian,1
2010-11-30,gaussian,1
2010-12-01,gaussian,1.0000000000000002
2010-12-02,gaussian,1.0000000000000002
2010-12-03,gaussian,1.0000000000000002
2010-12-06,gaussian,1.0000000000000002
2010-12-07,gaussian,1
2010-12-08,gaussian,1.0000000000000002
2010-12-09,gaussian,1
2010-12-10,gaussian,1
2010-12-13,gaussian,1.0000000000000002
2010-12-14,gaussian,1.0000000000000002
2010-12-15,gaussian,1.0000000000000002
2010-12-16,gaussian,1.0000000000000002
2010-12-17,gaussian,1
2010-12-20,gaussian,1
2010-12-21,gaussian,1.0000000000000002
2010-12-22,gaussian,1.0000000000000002
2010-12-23,gaussian,1
2010-12-24,gaussian,1
2010-12-27,gaussian,1
2010-12-28,gaussian,1.0000000000000002
2010-12-29,gaussian,1
2010-12-30,gaussian,1.0000000000000002
2010-12-31,gaussian,1.0000000000000002
2011-01-03,gaussian,1
2011-01-04,gaussian,1.0000000000000002
2011-01-05,gaussian,1
2011-01-06,gaussian,1.0000000000000002
2011-01-07,gaussian,1.0000000000000002
2011-01-10,gaussian,1.0000000000000002
2011-01-11,gaussian,1.0000000000000002
2011-01-12,gaussian,1
2011-01-13,gaussian,1
2011-01-14,gaussian,1.0000000000000002
2011-01-17,gaussian,1.0000000000000002
2011-01-18,gaussian,1
2011-01-19,gaussian,1
2011-01-20,gaussian,1
2011-01-21,gaussian,1.0000000000000002
2011-01-24,gaussian,1.0000000000000002
2011-01-25,gaussian,1.0000000000000002
2011-01-26,gaussian,1.0000000000000002
2011-01-27,gaussian,1.0000000000000002
2011-01-28,gaussian,1
2011-01-31,gaussian,1.0000000000000002
2011-02-01,gaussian,1.0000000000000002
2011-02-02,gaussian,1.0000000000000002
2011-02-03,gaussian,1
2011-02-04,gaussian,1.0000000000000002
2011-02-07,gaussian,1
2011-02-08,gaussian,1.0000000000000002
2011-02-09,gaussian,1
2011-02-10,gaussian,1
2011-02-11,gaussian,1
2011-02-14,gaussian,1.0000000000000002
2011-02-15,gaussian,1
2011-02-16,gaussian,1
2011-02-17,gaussian,1.0000000000000002
2011-02-18,gaussian,1.0000000000000002
2011-02-21,gaussian,1.0000000000000002
2011-02-22,gaussian,1
2011-02-23,gaussian,1.0000000000000002
2011-02-24,gaussian,1.0000000000000002
2011-02-25,gaussian,1
2011-02-28,gaussian,1
2011-03-01,gaussian,1.0000000000000002
2011-03-02,gaussian,1
2011-03-03,gaussian,1
2011-03-04,gaussian,1
2011-03-07,gaussian,1
2011-03-08,gaussian,1.0000000000000002
2011-03-09,gaussian,1
2011-03-10,gaussian,1.0000000000000002
2011-03-11,gaussian,1.0000000000000002
2011-03-14,gaussian,1.0000000000000002
2011-03-15,gaussian,1
2011-03-16,gaussian,1
2011-03-17,gaussian,1
2011-03-18,gaussian,1
2011-03-21,gaussian,1.0000000000000002
2011-03-22,gaussian,1.0000000000000002
2011-03-23,gaussian,1.0000000000000002
2011-03-24,gaussian,1
2011-03-25,gaussian,1
2011-03-28,gaussian,1
2011-03-29,gaussian,1
2011-03-30,gaussian,1.0000000000000002
2011-03-31,gaussian,1
2011-04-01,gaussian,1.0000000000000002
2011-04-04,gaussian,1
2011-04-05,gaussian,1.0000000000000002
2011-04-06,gaussian,1
2011-04-07,gaussian,1.0000000000000002
2011-04-08,gaussian,1.0000000000000002
2011-04-11,gaussian,1.0000000000000002
2011-04-12,gaussian,1.0000000000000002
2011-04-13,gaussian,1.0000000000000002
2011-04-14,gaussian,1
2011-04-15,gaussian,1.0000000000000002
2011-04-18,gaussian,1
2011-04-19,gaussian,1.0000000000000002
2011-04-20,gaussian,1
2011-04-21,gaussian,1
2011-04-22,gaussian,1
2011-04-25,gaussian,1.0000000000000002
2011-04-26,gaussian,1.0000000000000002
2011-04-27,gaussian,1.0000000000000002
2011-04-28,gaussian,1
2011-04-29,gaussian,1
2011-05-02,gaussian,1
2011-05-03,gaussian,1.0000000000000002
2011-05-04,gaussian,1
2011-05-05,gaussian,1.0000000000000002
2011-05-06,gaussian,1
2011-05-09,gaussian,1
2011-05-10,gaussian,1
2011-05-11,gaussian,1
2011-05-12,gaussian,1.0000000000000002
2011-05-13,gaussian,1.0000000000000002
2011-05-16,gaussian,1.0000000000000002
2011-05-17,gaussian,1.0000000000000002
2011-05-18,gaussian,1.0000000000000002
2011-05-19,gaussian,1.0000000000000002
2011-05-20,gaussian,1.0000000000000002
2011-05-23,gaussian,1.0000000000000002
2011-05-24,gaussian,1
2011-05-25,gaussian,1.0000000000000002
2011-05-26,gaussian,1.0000000000000002
2011-05-27,gaussian,1.0000000000000002
2011-05-30,gaussian,1
2011-05-31,gaussian,1
2011-06-01,gaussian,1.0000000000000002
2011-06-02,gaussian,1.0000000000000002
2011-06-03,gaussian,1.0000000000000002
2011-06-06,gaussian,1.0000000000000002
2011-06-07,gaussian,1.0000000000000002
2011-06-08,gaussian,1.0000000000000002
2011-06-09,gaussian,1
2011-06-10,gaussian,1.0000000000000002
2011-06-13,gaussian,1.0000000000000002
2011-06-14,gaussian,1.0000000000000002
2011-06-15,gaussian,1.0000000000000002
2011-06-16,gaussian,1
2011-06-17,gaussian,1
2011-06-20,gaussian,1.0000000000000002
2011-06-21,gaussian,1
2011-06-22,gaussian,1
2011-06-23,gaussian,1.0000000000000002
2011-06-24,gaussian,1.0000000000000002
2011-06-27,gaussian,1.0000000000000002
2011-06-28,gaussian,1.0000000000000002
2011-06-29,gaussian,1.0000000000000002
2011-06-30,gaussian,1.0000000000000002
2011-07-01,gaussian,1.0000000000000002
2011-07-04,gaussian,1.0000000000000002
2011-07-05,gaussian,1
2011-07-06,gaussian,1
2011-07-07,gaussian,1
2011-07-08,gaussian,1.0000000000000002
2011-07-11,gaussian,1
2011-07-12,gaussian,1.0000000000000002
2011-07-13,gaussian,1
2011-07-14,gaussian,1
2011-07-15,gaussian,1
2011-07-18,gaussian,1.0000000000000002
2011-07-19,gaussian,1
2011-07-20,gaussian,1.0000000000000002
2011-07-21,gaussian,1.0000000000000002
2011-07-22,gaussian,1.0000000000000002
2011-07-25,gaussian,1.0000000000000002
2011-07-26,gaussian,1.0000000000000002
2011-07-27,gaussian,1.0000000000000002
2011-07-28,gaussian,1
2011-07-29,gaussian,1.0000000000000002
2011-08-01,gaussian,1
2011-08-02,gaussian,1
2011-08-03,gaussian,1.0000000000000002
2011-08-04,gaussian,1
2011-08-05,gaussian,1
2011-08-08,gaussian,1
2011-08-09,gaussian,1
2011-08-10,gaussian,1
2011-08-11,gaussian,1
2011-08-12,gaussian,1
2011-08-15,gaussian,1
2011-08-16,gaussian,1
2011-08-17,gaussian,1
2011-08-18,gaussian,1
2011-08-19,gaussian,1.0000000000000002
2011-08-22,gaussian,1.0000000000000002
2011-08-23,gaussian,1
2011-08-24,gaussian,1.0000000000000002
2011-08-25,gaussian,1.0000000000000002
2011-08-26,gaussian,1
2011-08-29,gaussian,1
2011-08-30,gaussian,1.0000000000000002
2011-08-31,gaussian,1.0000000000000002
2011-09-01,gaussian,1
2011-09-02,gaussian,1.0000000000000002
2011-09-05,gaussian,1.0000000000000002
2011-09-06,gaussian,1.0000000000000002
2011-09-07,gaussian,1.0000000000000002
2011-09-08,gaussian,1
2011-09-09,gaussian,1
2011-09-12,gaussian,1.0000000000000002
2011-09-13,gaussian,1.0000000000000002
2011-09-14,gaussian,1
2011-09-15,gaussian,1.0000000000000002
2011-09-16,gaussian,1.0000000000000002
2011-09-19,gaussian,1.0000000000000002
2011-09-20,gaussian,1
2011-09-21,gaussian,1.0000000000000002
2011-09-22,gaussian,1
2011-09-23,gaussian,1.0000000000000002
2011-09-26,gaussian,1.0000000000000002
2011-09-27,gaussian,1.0000000000000002
2011-09-28,gaussian,1
2011-09-29,gaussian,1
2011-09-30,gaussian,1.0000000000000002
2011-10-03,gaussian,1.0000000000000002
2011-10-04,gaussian,1
2011-10-05,gaussian,1
2011-10-06,gaussian,1
2011-10-07,gaussian,1
2011-10-10,gaussian,1
2011-10-11,gaussian,1.0000000000000002
2011-10-12,gaussian,1
2011-10-13,gaussian,1
2011-10-14,gaussian,1
2011-10-17,gaussian,1
2011-10-18,gaussian,1.0000000000000002
2011-10-19,gaussian,1.0000000000000002
2011-10-20,gaussian,1.0000000000000002
2011-10-21,gaussian,1.0000000000000002
2011-10-24,gaussian,1
2011-10-25,gaussian,1
2011-10-26,gaussian,1
2011-10-27,gaussian,1.0000000000000002
2011-10-28,gaussian,1
2011-10-31,gaussian,1.0000000000000002
2011-11-01,gaussian,0.99999999999999989
2011-11-02,gaussian,1.0000000000000002
2011-11-03,gaussian,1.0000000000000002
2011-11-04,gaussian,1
2011-11-07,gaussian,1.0000000000000002
2011-11-08,gaussian,1
2011-11-09,gaussian,1.0000000000000002
2011-11-10,gaussian,1.0000000000000002
2011-11-11,gaussian,1.0000000000000002
2011-11-14,gaussian,1
2011-11-15,gaussian,1.0000000000000002
2011-11-16,gaussian,1
2011-11-17,gaussian,1
2011-11-18,gaussian,1
2011-11-21,gaussian,1.0000000000000002
2011-11-22,gaussian,1.0000000000000002
2011-11-23,gaussian,1
2011-11-24,gaussian,1.0000000000000002
2011-11-25,gaussian,1.0000000000000002
2011-11-28,gaussian,1.0000000000000002
2011-11-29,gaussian,1.0000000000000002
2011-11-30,gaussian,1
2011-12-01,gaussian,1.0000000000000002
2011-12-02,gaussian,1.0000000000000002
2011-12-05,gaussian,1.0000000000000002
2011-12-06,gaussian,1
2011-12-07,gaussian,1
2011-12-08,gaussian,1.0000000000000002
2011-12-09,gaussian,0.99999999999999989
2011-12-12,gaussian,1
2011-12-13,gaussian,1
2011-12-14,gaussian,1
2011-12-15,gaussian,1
2011-12-16,gaussian,1.0000000000000002
2011-12-19,gaussian,1
2011-12-20,gaussian,1
2011-12-21,gaussian,1.0000000000000002
2011-12-22,gaussian,1.0000000000000002
2011-12-23,gaussian,1
2011-12-26,gaussian,1
2011-12-27,gaussian,1.0000000000000002
2011-12-28,gaussian,1
2011-12-29,gaussian,1
2011-12-30,gaussian,1.0000000000000002
2012-01-02,gaussian,0.99999999999999989
2012-01-03,gaussian,1.0000000000000002
2012-01-04,gaussian,1.0000000000000002
2012-01-05,gaussian,1.0000000000000002
2012-01-06,gaussian,1.0000000000000002
2012-01-09,gaussian,1
2012-01-10,gaussian,1.0000000000000002
2012-01-11,gaussian,1.0000000000000002
2012-01-12,gaussian,1.0000000000000002
2012-01-13,gaussian,1.0000000000000002
2012-01-16,gaussian,1.0000000000000002
2012-01-17,gaussian,1.0000000000000007
2012-01-18,gaussian,1.0000000000000002
2012-01-19,gaussian,1.0000000000000002
2012-01-20,gaussian,1
2012-01-23,gaussian,1.0000000000000002
2012-01-24,gaussian,1
2012-01-25,gaussian,1
2012-01-26,gaussian,0.99999999999999989
2012-01-27,gaussian,1
2012-01-30,gaussian,1
2012-01-31,gaussian,1
2012-02-01,gaussian,1
2012-02-02,gaussian,1.0000000000000002
2012-02-03,gaussian,1
2012-02-06,gaussian,1.0000000000000002
2012-02-07,gaussian,1
2012-02-08,gaussian,1.0000000000000002
2012-02-09,gaussian,1.0000000000000002
2012-02-10,gaussian,1
2012-02-13,gaussian,1
2012-02-14,gaussian,1.0000000000000002
2012-02-15,gaussian,1.0000000000000007
2012-02-16,gaussian,1.0000000000000002
2012-02-17,gaussian,1.0000000000000002
2012-02-20,gaussian,1.0000000000000002
2012-02-21,gaussian,1.0000000000000002
2012-02-22,gaussian,1.0000000000000002
2012-02-23,gaussian,1
2012-02-24,gaussian,1.0000000000000002
2012-02-27,gaussian,1.0000000000000002
2012-02-28,gaussian,0.99999999999999978
2012-02-29,gaussian,1.0000000000000002
2012-03-01,gaussian,0.99999999999999989
2012-03-02,gaussian,1.0000000000000002
2012-03-05,gaussian,1
2012-03-06,gaussian,1
2012-03-07,gaussian,1.0000000000000002
2012-03-08,gaussian,1.0000000000000002
2012-03-09,gaussian,1.0000000000000002
2012-03-12,gaussian,0.99999999999999989
2012-03-13,gaussian,1.0000000000000002
2012-03-14,gaussian,0.99999999999999989
2012-03-15,gaussian,1.0000000000000004
2012-03-16,gaussian,1
2012-03-19,gaussian,0.99999999999999989
2012-03-20,gaussian,1.0000000000000002
2012-03-21,gaussian,1.0000000000000002
2012-03-22,gaussian,1.0000000000000004
2012-03-23,gaussian,1
2012-03-26,gaussian,1.0000000000000002
2012-03-27,gaussian,1.0000000000000002
2012-03-28,gaussian,1.0000000000000004
2012-03-29,gaussian,1.0000000000000002
2012-03-30,gaussian,1
2012-04-02,gaussian,1
2012-04-03,gaussian,1
2012-04-04,gaussian,1.0000000000000002
2012-04-05,gaussian,1.0000000000000002
2012-04-06,gaussian,1.0000000000000002
2012-04-09,gaussian,1
2012-04-10,gaussian,1.0000000000000002
2012-04-11,gaussian,1.0000000000000002
2012-04-12,gaussian,1.0000000000000002
2012-04-13,gaussian,1
2012-04-16,gaussian,1
2012-04-17,gaussian,1
2012-04-18,gaussian,1.0000000000000004
2012-04-19,gaussian,1
2012-04-20,gaussian,1
2012-04-23,gaussian,1.0000000000000002
2012-04-24,gaussian,1
2012-04-25,gaussian,0.99999999999999989
2012-04-26,gaussian,1.0000000000000002
2012-04-27,gaussian,1
2012-04-30,gaussian,1
2012-05-01,gaussian,0.99999999999999978
2012-05-02,gaussian,1.0000000000000002
2012-05-03,gaussian,1.0000000000000002
2012-05-04,gaussian,1.0000000000000002
2012-05-07,gaussian,1
2012-05-08,gaussian,1
2012-05-09,gaussian,1.0000000000000002
2012-05-10,gaussian,1.0000000000000002
2012-05-11,gaussian,1.0000000000000002
2012-05-14,gaussian,1.0000000000000004
2012-05-15,gaussian,1.0000000000000002
2012-05-16,gaussian,1
2012-05-17,gaussian,0.99999999999999978
2012-05-18,gaussian,1
2012-05-21,gaussian,1.0000000000000002
2012-05-22,gaussian,1.0000000000000002
2012-05-23,gaussian,1.0000000000000002
2012-05-24,gaussian,1
2012-05-25,gaussian,1
2012-05-28,gaussian,1.0000000000000002
2012-05-29,gaussian,1.0000000000000004
2012-05-30,gaussian,1.0000000000000002
2012-05-31,gaussian,1.0000000000000002
2012-06-01,gaussian,1
2012-06-04,gaussian,1
2012-06-05,gaussian,1.0000000000000002
2012-06-06,gaussian,1.0000000000000002
2012-06-07,gaussian,1
2012-06-08,gaussian,1.0000000000000002
2012-06-11,gaussian,1.0000000000000002
2012-06-12,gaussian,1.0000000000000002
2012-06-13,gaussian,1.0000000000000002
2012-06-14,gaussian,1
2012-06-15,gaussian,1
2012-06-18,gaussian,1
2012-06-19,gaussian,1.0000000000000002
2012-06-20,gaussian,1.0000000000000002
2012-06-21,gaussian,1
2012-06-22,gaussian,1
2012-06-25,gaussian,1.0000000000000002
2012-06-26,gaussian,1.0000000000000002
2012-06-27,gaussian,1
2012-06-28,gaussian,1
2012-06-29,gaussian,1
2012-07-02,gaussian,1.0000000000000002
2012-07-03,gaussian,1.0000000000000002
2012-07-04,gaussian,1.0000000000000002
2012-07-05,gaussian,1.0000000000000002
2012-07-06,gaussian,1
2012-07-09,gaussian,1.0000000000000002
2012-07-10,gaussian,1.0000000000000002
2012-07-11,gaussian,1
2012-07-12,gaussian,1.0000000000000002
2012-07-13,gaussian,1
2012-07-16,gaussian,1.0000000000000002
2012-07-17,gaussian,1
2012-07-18,gaussian,1
2012-07-19,gaussian,1
2012-07-20,gaussian,1
2012-07-23,gaussian,1.0000000000000002
2012-07-24,gaussian,1
2012-07-25,gaussian,1.0000000000000002
2012-07-26,gaussian,1
2012-07-27,gaussian,1.0000000000000002
2012-07-30,gaussian,1
2012-07-31,gaussian,1
2012-08-01,gaussian,1.0000000000000002
2012-08-02,gaussian,1
2012-08-03,gaussian,1.0000000000000002
2012-08-06,gaussian,1
2012-08-07,gaussian,1
2012-08-08,gaussian,1
2012-08-09,gaussian,1
2012-08-10,gaussian,1.0000000000000002
2012-08-13,gaussian,1.0000000000000002
2012-08-14,gaussian,1
2012-08-15,gaussian,1
2012-08-16,gaussian,1.0000000000000002
2012-08-17,gaussian,1.0000000000000002
2012-08-20,gaussian,1.0000000000000002
2012-08-21,gaussian,1
2012-08-22,gaussian,1
2012-08-23,gaussian,1.0000000000000002
2012-08-24,gaussian,1.0000000000000002
2012-08-27,gaussian,1
2012-08-28,gaussian,1.0000000000000002
2012-08-29,gaussian,1
2012-08-30,gaussian,1
2012-08-31,gaussian,1.0000000000000002
2012-09-03,gaussian,1
2012-09-04,gaussian,1
2012-09-05,gaussian,1
2012-09-06,gaussian,1
2012-09-07,gaussian,1
2012-09-10,gaussian,1.0000000000000002
2012-09-11,gaussian,1.0000000000000002
2012-09-12,gaussian,1.0000000000000002
2012-09-13,gaussian,1.0000000000000002
2012-09-14,gaussian,1
2012-09-17,gaussian,1.0000000000000002
2012-09-18,gaussian,1
2012-09-19,gaussian,1.0000000000000002
2012-09-20,gaussian,1.0000000000000002
2012-09-21,gaussian,1
2012-09-24,gaussian,1.0000000000000002
2012-09-25,gaussian,1
2012-09-26,gaussian,0.99999999999999989
2012-09-27,gaussian,1.0000000000000002
2012-09-28,gaussian,1.0000000000000002
2012-10-01,gaussian,1
2012-10-02,gaussian,1
2012-10-03,gaussian,1
2012-10-04,gaussian,1
2012-10-05,gaussian,1
2012-10-08,gaussian,1.0000000000000002
2012-10-09,gaussian,1.0000000000000002
2012-10-10,gaussian,1.0000000000000002
2012-10-11,gaussian,1
2012-10-12,gaussian,1
2012-10-15,gaussian,1
2012-10-16,gaussian,1.0000000000000002
2012-10-17,gaussian,1
2012-10-18,gaussian,1.0000000000000002
2012-10-19,gaussian,1
2012-10-22,gaussian,1
2012-10-23,gaussian,1.0000000000000002
2012-10-24,gaussian,1
2012-10-25,gaussian,1
2012-10-26,gaussian,1.0000000000000002
2012-10-29,gaussian,1.0000000000000002
2012-10-30,gaussian,1.0000000000000002
2012-10-31,gaussian,1
2012-11-01,gaussian,1
2012-11-02,gaussian,1
2012-11-05,gaussian,1.0000000000000002
2012-11-06,gaussian,1.0000000000000002
2012-11-07,gaussian,1
2012-11-08,gaussian,1
2012-11-09,gaussian,1
2012-11-12,gaussian,1
2012-11-13,gaussian,1
2012-11-14,gaussian,1
2012-11-15,gaussian,1.0000000000000002
2012-11-16,gaussian,1.0000000000000002
2012-11-19,gaussian,1.0000000000000002
2012-11-20,gaussian,1
2012-11-21,gaussian,1.0000000000000002
2012-11-22,gaussian,1
2012-11-23,gaussian,1.0000000000000002
2012-11-26,gaussian,1
2012-11-27,gaussian,1.0000000000000002
2012-11-28,gaussian,1
2012-11-29,gaussian,1.0000000000000002
2012-11-30,gaussian,1
2012-12-03,gaussian,1
2012-12-04,gaussian,1.0000000000000002
2012-12-05,gaussian,1.0000000000000002
2012-12-06,gaussian,1.0000000000000002
2012-12-07,gaussian,1.0000000000000002
2012-12-10,gaussian,1
2012-12-11,gaussian,1.0000000000000002
2012-12-12,gaussian,1
2012-12-13,gaussian,1
2012-12-14,gaussian,1
2012-12-17,gaussian,1.0000000000000002
2012-12-18,gaussian,1
2012-12-19,gaussian,1
2012-12-20,gaussian,1
2012-12-21,gaussian,1.0000000000000002
2012-12-24,gaussian,1.0000000000000002
2012-12-25,gaussian,1.0000000000000002
2012-12-26,gaussian,1
2012-12-27,gaussian,1.0000000000000002
2012-12-28,gaussian,1
2012-12-31,gaussian,1
2013-01-01,gaussian,1
2013-01-02,gaussian,1.0000000000000002
2013-01-03,gaussian,1.0000000000000002
2013-01-04,gaussian,1.0000000000000002
2013-01-07,gaussian,1.0000000000000002
2013-01-08,gaussian,1
2013-01-09,gaussian,1
2013-01-10,gaussian,1.0000000000000002
2013-01-11,gaussian,1.0000000000000002
2013-01-14,gaussian,1
2013-01-15,gaussian,1.0000000000000002
2013-01-16,gaussian,1.0000000000000002
2013-01-17,gaussian,1
2013-01-18,gaussian,1.0000000000000002
2013-01-21,gaussian,1
2013-01-22,gaussian,1
2013-01-23,gaussian,1.0000000000000002
2013-01-24,gaussian,1.0000000000000002
2013-01-25,gaussian,1.0000000000000002
2013-01-28,gaussian,1.0000000000000002
2013-01-29,gaussian,1
2013-01-30,gaussian,1.0000000000000002
2013-01-31,gaussian,1
2013-02-01,gaussian,1
2013-02-04,gaussian,1
2013-02-05,gaussian,1.0000000000000002
2013-02-06,gaussian,1.0000000000000002
2013-02-07,gaussian,1.0000000000000002
2013-02-08,gaussian,1.0000000000000002
2013-02-11,gaussian,1.0000000000000002
2013-02-12,gaussian,1.0000000000000002
2013-02-13,gaussian,1.0000000000000002
2013-02-14,gaussian,1
2013-02-15,gaussian,1.0000000000000002
2013-02-18,gaussian,1
2013-02-19,gaussian,1
2013-02-20,gaussian,1
2013-02-21,gaussian,1.0000000000000002
2013-02-22,gaussian,1
2013-02-25,gaussian,1.0000000000000002
2013-02-26,gaussian,1
2013-02-27,gaussian,1.0000000000000002
2013-02-28,gaussian,1.0000000000000004
2013-03-01,gaussian,1
2013-03-04,gaussian,1
2013-03-05,gaussian,1
2013-03-06,gaussian,1.0000000000000004
2013-03-07,gaussian,1.0000000000000002
2013-03-08,gaussian,1.0000000000000002
2013-03-11,gaussian,1
2013-03-12,gaussian,1
2013-03-13,gaussian,1.0000000000000002
2013-03-14,gaussian,1.0000000000000002
2013-03-15,gaussian,0.99999999999999978
2013-03-18,gaussian,1.0000000000000004
2013-03-19,gaussian,1.0000000000000002
2013-03-20,gaussian,1.0000000000000002
2013-03-21,gaussian,1.0000000000000002
2013-03-22,gaussian,1
2013-03-25,gaussian,1.0000000000000002
2013-03-26,gaussian,1
2013-03-27,gaussian,1.0000000000000002
2013-03-28,gaussian,1.0000000000000002
2013-03-29,gaussian,1.0000000000000002
2013-04-01,gaussian,1
2013-04-02,gaussian,1.0000000000000002
2013-04-03,gaussian,1.0000000000000002
2013-04-04,gaussian,1.0000000000000002
2013-04-05,gaussian,1
2013-04-08,gaussian,1.0000000000000002
2013-04-09,gaussian,1
2013-04-10,gaussian,1
2013-04-11,gaussian,1
2013-04-12,gaussian,1
2013-04-15,gaussian,1.0000000000000002
2013-04-16,gaussian,1
2013-04-17,gaussian,1.0000000000000002
2013-04-18,gaussian,1.0000000000000002
2013-04-19,gaussian,1.0000000000000002
2013-04-22,gaussian,1
2013-04-23,gaussian,1
2013-04-24,gaussian,1
2013-04-25,gaussian,1
2013-04-26,gaussian,1.0000000000000002
2013-04-29,gaussian,1.0000000000000002
2013-04-30,gaussian,1.0000000000000002
2013-05-01,gaussian,1.0000000000000004
2013-05-02,gaussian,1
2013-05-03,gaussian,1.0000000000000002
2013-05-06,gaussian,1.0000000000000002
2013-05-07,gaussian,1.0000000000000002
2013-05-08,gaussian,1.0000000000000002
2013-05-09,gaussian,1
2013-05-10,gaussian,1.0000000000000004
2013-05-13,gaussian,1
2013-05-14,gaussian,1.0000000000000002
2013-05-15,gaussian,1.0000000000000002
2013-05-16,gaussian,1.0000000000000004
2013-05-17,gaussian,1.0000000000000002
2013-05-20,gaussian,1.0000000000000002
2013-05-21,gaussian,1
2013-05-22,gaussian,1
2013-05-23,gaussian,1
2013-05-24,gaussian,1.0000000000000002
2013-05-27,gaussian,1.0000000000000002
2013-05-28,gaussian,1
2013-05-29,gaussian,1.0000000000000002
2013-05-30,gaussian,1
2013-05-31,gaussian,1.0000000000000002
2013-06-03,gaussian,1.0000000000000002
2013-06-04,gaussian,1.0000000000000002
2013-06-05,gaussian,1
2013-06-06,gaussian,1
2013-06-07,gaussian,1.0000000000000002
2013-06-10,gaussian,1
2013-06-11,gaussian,1.0000000000000002
2013-06-12,gaussian,1
2013-06-13,gaussian,1
2013-06-14,gaussian,0.99999999999999989
2013-06-17,gaussian,1.0000000000000002
2013-06-18,gaussian,1
2013-06-19,gaussian,1.0000000000000002
2013-06-20,gaussian,1.0000000000000002
2013-06-21,gaussian,1
2013-06-24,gaussian,1.0000000000000002
2013-06-25,gaussian,1
2013-06-26,gaussian,1.0000000000000002
2013-06-27,gaussian,1
2013-06-28,gaussian,1.0000000000000004
2013-07-01,gaussian,1
2013-07-02,gaussian,1.0000000000000002
2013-07-03,gaussian,1.0000000000000002
2013-07-04,gaussian,1
2013-07-05,gaussian,1.0000000000000002
2013-07-08,gaussian,1.0000000000000002
2013-07-09,gaussian,1
2013-07-10,gaussian,1
2013-07-11,gaussian,1
2013-07-12,gaussian,1.0000000000000002
2013-07-15,gaussian,1.0000000000000002
2013-07-16,gaussian,1
2013-07-17,gaussian,1
2013-07-18,gaussian,1.0000000000000002
2013-07-19,gaussian,1
2013-07-22,gaussian,1
2013-07-23,gaussian,1.0000000000000002
2013-07-24,gaussian,1.0000000000000002
2013-07-25,gaussian,1
2013-07-26,gaussian,1
2013-07-29,gaussian,1
2013-07-30,gaussian,1
2013-07-31,gaussian,1
2013-08-01,gaussian,1
2013-08-02,gaussian,1.0000000000000002
2013-08-05,gaussian,1
2013-08-06,gaussian,1
2013-08-07,gaussian,1
2013-08-08,gaussian,1
2013-08-09,gaussian,1.0000000000000002
2013-08-12,gaussian,1
2013-08-13,gaussian,1
2013-08-14,gaussian,1
2013-08-15,gaussian,1
2013-08-16,gaussian,1.0000000000000002
2013-08-19,gaussian,1.0000000000000002
2013-08-20,gaussian,1.0000000000000002
2013-08-21,gaussian,1
2013-08-22,gaussian,1
2013-08-23,gaussian,1.0000000000000002
2013-08-26,gaussian,1
2013-08-27,gaussian,1
2013-08-28,gaussian,1.0000000000000002
2013-08-29,gaussian,1
2013-08-30,gaussian,1.0000000000000002
2013-09-02,gaussian,1
2013-09-03,gaussian,1.0000000000000002
2013-09-04,gaussian,1
2013-09-05,gaussian,1
2013-09-06,gaussian,1
2013-09-09,gaussian,1
2013-09-10,gaussian,1
2013-09-11,gaussian,1
2013-09-12,gaussian,1
2013-09-13,gaussian,1
2013-09-16,gaussian,1
2013-09-17,gaussian,1
2013-09-18,gaussian,1
2013-09-19,gaussian,1
2013-09-20,gaussian,1.0000000000000002
2013-09-23,gaussian,1
2013-09-24,gaussian,1
2013-09-25,gaussian,1
2013-09-26,gaussian,1
2013-09-27,gaussian,1
2013-09-30,gaussian,1
2013-10-01,gaussian,1
2013-10-02,gaussian,1
2013-10-03,gaussian,1
2013-10-04,gaussian,1
2013-10-07,gaussian,1
2013-10-08,gaussian,1
2013-10-09,gaussian,1
2013-10-10,gaussian,1
2013-10-11,gaussian,1
2013-10-14,gaussian,1
2013-10-15,gaussian,1
2013-10-16,gaussian,1
2013-10-17,gaussian,1
2013-10-18,gaussian,1
2013-10-21,gaussian,1.0000000000000002
2013-10-22,gaussian,1
2013-10-23,gaussian,1.0000000000000002
2013-10-24,gaussian,1
2013-10-25,gaussian,1
2013-10-28,gaussian,1.0000000000000002
2013-10-29,gaussian,1
2013-10-30,gaussian,1.0000000000000002
2013-10-31,gaussian,1
2013-11-01,gaussian,1
2013-11-04,gaussian,1
2013-11-05,gaussian,1
2013-11-06,gaussian,1
2013-11-07,gaussian,1.0000000000000002
2013-11-08,gaussian,1
2013-11-11,gaussian,1
2013-11-12,gaussian,1
2013-11-13,gaussian,1.0000000000000002
2013-11-14,gaussian,1.0000000000000002
2013-11-15,gaussian,1
2013-11-18,gaussian,1
2013-11-19,gaussian,1
2013-11-20,gaussian,1
2013-11-21,gaussian,1
2013-11-22,gaussian,1.0000000000000002
2013-11-25,gaussian,1
2013-11-26,gaussian,1
2013-11-27,gaussian,1
2013-11-28,gaussian,1
2013-11-29,gaussian,1
2013-12-02,gaussian,1.0000000000000002
2013-12-03,gaussian,1
2013-12-04,gaussian,1
2013-12-05,gaussian,1
2013-12-06,gaussian,1.0000000000000002
2013-12-09,gaussian,1
2013-12-10,gaussian,1
2013-12-11,gaussian,1
2013-12-12,gaussian,1
2013-12-13,gaussian,1.0000000000000002
2013-12-16,gaussian,1
2013-12-17,gaussian,1
2013-12-18,gaussian,1
2013-12-19,gaussian,1.0000000000000002
2013-12-20,gaussian,1
2013-12-23,gaussian,1
2013-12-24,gaussian,1.0000000000000002
2013-12-25,gaussian,1
2013-12-26,gaussian,1
2013-12-27,gaussian,1
2013-12-30,gaussian,1
2013-12-31,gaussian,1
2014-01-01,gaussian,1
2014-01-02,gaussian,1.0000000000000002
2014-01-03,gaussian,1.0000000000000002
2014-01-06,gaussian,1.0000000000000002
2014-01-07,gaussian,1
2014-01-08,gaussian,1.0000000000000002
2014-01-09,gaussian,1.0000000000000002
2014-01-10,gaussian,1
2014-01-13,gaussian,1.0000000000000002
2014-01-14,gaussian,1.0000000000000002
2014-01-15,gaussian,1
2014-01-16,gaussian,1
2014-01-17,gaussian,1.0000000000000002
2014-01-20,gaussian,1.0000000000000004
2014-01-21,gaussian,1
2014-01-22,gaussian,1
2014-01-23,gaussian,1
2014-01-24,gaussian,1.0000000000000002
2014-01-27,gaussian,1.0000000000000002
2014-01-28,gaussian,1
2014-01-29,gaussian,1
2014-01-30,gaussian,1
2014-01-31,gaussian,1
2014-02-03,gaussian,1.0000000000000002
2014-02-04,gaussian,1
2014-02-05,gaussian,1.0000000000000002
2014-02-06,gaussian,1
2014-02-07,gaussian,1
2014-02-10,gaussian,1.0000000000000002
2014-02-11,gaussian,1
2014-02-12,gaussian,1
2014-02-13,gaussian,1.0000000000000002
2014-02-14,gaussian,1
2014-02-17,gaussian,1
2014-02-18,gaussian,0.99999999999999989
2014-02-19,gaussian,1
2014-02-20,gaussian,1
2014-02-21,gaussian,1
2014-02-24,gaussian,1
2014-02-25,gaussian,1
2014-02-26,gaussian,1
2014-02-27,gaussian,1.0000000000000002
2014-02-28,gaussian,1.0000000000000002
2014-03-03,gaussian,1.0000000000000002
2014-03-04,gaussian,1.0000000000000002
2014-03-05,gaussian,1
2014-03-06,gaussian,1
2014-03-07,gaussian,1.0000000000000002
2014-03-10,gaussian,1
2014-03-11,gaussian,1
2014-03-12,gaussian,1.0000000000000002
2014-03-13,gaussian,1
2014-03-14,gaussian,1
2014-03-17,gaussian,1.0000000000000002
2014-03-18,gaussian,1
2014-03-19,gaussian,1
2014-03-20,gaussian,1.0000000000000002
2014-03-21,gaussian,1.0000000000000002
2014-03-24,gaussian,1
2014-03-25,gaussian,1
2014-03-26,gaussian,1
2014-03-27,gaussian,1
2014-03-28,gaussian,1
2014-03-31,gaussian,1.0000000000000002
2014-04-01,gaussian,1
2014-04-02,gaussian,1
2014-04-03,gaussian,1
2014-04-04,gaussian,1
2014-04-07,gaussian,1.0000000000000002
2014-04-08,gaussian,1.0000000000000004
2014-04-09,gaussian,1
2014-04-10,gaussian,1.0000000000000004
2014-04-11,gaussian,1
2014-04-14,gaussian,1
2014-04-15,gaussian,1
2014-04-16,gaussian,1
2014-04-17,gaussian,1
2014-04-18,gaussian,1
2014-04-21,gaussian,1.0000000000000002
2014-04-22,gaussian,1
2014-04-23,gaussian,1.0000000000000002
2014-04-24,gaussian,1
2014-04-25,gaussian,1
2014-04-28,gaussian,1.0000000000000002
2014-04-29,gaussian,1
2014-04-30,gaussian,1
2014-05-01,gaussian,1
2014-05-02,gaussian,1
2014-05-05,gaussian,1.0000000000000002
2014-05-06,gaussian,1.0000000000000002
2014-05-07,gaussian,1.0000000000000002
2014-05-08,gaussian,1.0000000000000002
2014-05-09,gaussian,1.0000000000000002
2014-05-12,gaussian,1.0000000000000002
2014-05-13,gaussian,1.0000000000000002
2014-05-14,gaussian,1.0000000000000002
2014-05-15,gaussian,1.0000000000000002
2014-05-16,gaussian,1
2014-05-19,gaussian,1
2014-05-20,gaussian,1
2014-05-21,gaussian,1.0000000000000002
2014-05-22,gaussian,1
2014-05-23,gaussian,1
2014-05-26,gaussian,1
2014-05-27,gaussian,1
2014-05-28,gaussian,1
2014-05-29,gaussian,1
2014-05-30,gaussian,1.0000000000000002
2014-06-02,gaussian,1.0000000000000002
2014-06-03,gaussian,1
2014-06-04,gaussian,1
2014-06-05,gaussian,1
2014-06-06,gaussian,1
2014-06-09,gaussian,1
2014-06-10,gaussian,1
2014-06-11,gaussian,1.0000000000000002
2014-06-12,gaussian,1
2014-06-13,gaussian,1
2014-06-16,gaussian,1
2014-06-17,gaussian,1
2014-06-18,gaussian,1.0000000000000002
2014-06-19,gaussian,1
2014-06-20,gaussian,1
2014-06-23,gaussian,1
2014-06-24,gaussian,1
2014-06-25,gaussian,1
2014-06-26,gaussian,1
2014-06-27,gaussian,1
2014-06-30,gaussian,1
2014-07-01,gaussian,1
2014-07-02,gaussian,1.0000000000000002
2014-07-03,gaussian,1
2014-07-04,gaussian,1
2014-07-07,gaussian,1
2014-07-08,gaussian,1.0000000000000002
2014-07-09,gaussian,1
2014-07-10,gaussian,1.0000000000000002
2014-07-11,gaussian,1
2014-07-14,gaussian,1
2014-07-15,gaussian,1
2014-07-16,gaussian,1
2014-07-17,gaussian,1.0000000000000002
2014-07-18,gaussian,1
2014-07-21,gaussian,1
2014-07-22,gaussian,1
2014-07-23,gaussian,1
2014-07-24,gaussian,1
2014-07-25,gaussian,1
2014-07-28,gaussian,1
2014-07-29,gaussian,1.0000000000000002
2014-07-30,gaussian,1.0000000000000002
2014-07-31,gaussian,0.99999999999999978
2014-08-01,gaussian,1.0000000000000002
2014-08-04,gaussian,1
2014-08-05,gaussian,1
2014-08-06,gaussian,1
2014-08-07,gaussian,1.0000000000000002
2014-08-08,gaussian,1
2014-08-11,gaussian,1
2014-08-12,gaussian,1
2014-08-13,gaussian,1
2014-08-14,gaussian,1.0000000000000002
2014-08-15,gaussian,1
2014-08-18,gaussian,1.0000000000000002
2014-08-19,gaussian,1
2014-08-20,gaussian,1.0000000000000002
2014-08-21,gaussian,1
2014-08-22,gaussian,1
2014-08-25,gaussian,1
2014-08-26,gaussian,1
2014-08-27,gaussian,1
2014-08-28,gaussian,1.0000000000000002
2014-08-29,gaussian,1.0000000000000002
2014-09-01,gaussian,1.0000000000000002
2014-09-02,gaussian,1.0000000000000002
2014-09-03,gaussian,1
2014-09-04,gaussian,1
2014-09-05,gaussian,1
2014-09-08,gaussian,1
2014-09-09,gaussian,1
2014-09-10,gaussian,1
2014-09-11,gaussian,1
2014-09-12,gaussian,1
2014-09-15,gaussian,1.0000000000000002
2014-09-16,gaussian,1.0000000000000002
2014-09-17,gaussian,1.0000000000000002
2014-09-18,gaussian,1
2014-09-19,gaussian,1
2014-09-22,gaussian,1
2014-09-23,gaussian,1
2014-09-24,gaussian,1
2014-09-25,gaussian,1
2014-09-26,gaussian,1.0000000000000002
2014-09-29,gaussian,1.0000000000000002
2014-09-30,gaussian,1
2014-10-01,gaussian,1
2014-10-02,gaussian,1.0000000000000002
2014-10-03,gaussian,1
2014-10-06,gaussian,1.0000000000000002
2014-10-07,gaussian,1
2014-10-08,gaussian,1.0000000000000002
2014-10-09,gaussian,1.0000000000000002
2014-10-10,gaussian,1
2014-10-13,gaussian,1
2014-10-14,gaussian,1
2014-10-15,gaussian,1
2014-10-16,gaussian,1.0000000000000002
2014-10-17,gaussian,0.99999999999999989
2014-10-20,gaussian,1
2014-10-21,gaussian,1.0000000000000002
2014-10-22,gaussian,1
2014-10-23,gaussian,1
2014-10-24,gaussian,1.0000000000000002
2014-10-27,gaussian,1.0000000000000002
2014-10-28,gaussian,1.0000000000000002
2014-10-29,gaussian,1
2014-10-30,gaussian,1.0000000000000002
2014-10-31,gaussian,1.0000000000000002
2014-11-03,gaussian,1
2014-11-04,gaussian,1.0000000000000002
2014-11-05,gaussian,1
2014-11-06,gaussian,1.0000000000000002
2014-11-07,gaussian,1.0000000000000002
2014-11-10,gaussian,1
2014-11-11,gaussian,1
2014-11-12,gaussian,1
2014-11-13,gaussian,1
2014-11-14,gaussian,1
2014-11-17,gaussian,1
2014-11-18,gaussian,1
2014-11-19,gaussian,1
2014-11-20,gaussian,1.0000000000000002
2014-11-21,gaussian,1
2014-11-24,gaussian,1
2014-11-25,gaussian,1
2014-11-26,gaussian,1.0000000000000002
2014-11-27,gaussian,1
2014-11-28,gaussian,1.0000000000000002
2014-12-01,gaussian,1.0000000000000002
2014-12-02,gaussian,1
2014-12-03,gaussian,1
2014-12-04,gaussian,1.0000000000000002
2014-12-05,gaussian,1
2014-12-08,gaussian,1
2014-12-09,gaussian,1.0000000000000002
2014-12-10,gaussian,1.0000000000000002
2014-12-11,gaussian,1.0000000000000002
2014-12-12,gaussian,1.0000000000000002
2014-12-15,gaussian,1.0000000000000002
2014-12-16,gaussian,1.0000000000000002
2014-12-17,gaussian,1.0000000000000002
2014-12-18,gaussian,1.0000000000000002
2014-12-19,gaussian,1.0000000000000002
2014-12-22,gaussian,1.0000000000000002
2014-12-23,gaussian,1
2014-12-24,gaussian,1
2014-12-25,gaussian,1
2014-12-26,gaussian,1
2014-12-29,gaussian,1.0000000000000002
2014-12-30,gaussian,1
2014-12-31,gaussian,1
2015-01-01,gaussian,1.0000000000000002
2015-01-02,gaussian,1
2015-01-05,gaussian,1.0000000000000002
2015-01-06,gaussian,1.0000000000000002
2015-01-07,gaussian,1
2015-01-08,gaussian,1.0000000000000002
2015-01-09,gaussian,1
2015-01-12,gaussian,1
2015-01-13,gaussian,1
2015-01-14,gaussian,1
2015-01-15,gaussian,1
2015-01-16,gaussian,1
2015-01-19,gaussian,1
2015-01-20,gaussian,1
2015-01-21,gaussian,1.0000000000000002
2015-01-22,gaussian,1
2015-01-23,gaussian,1.0000000000000002
2015-01-26,gaussian,1
2015-01-27,gaussian,1.0000000000000002
2015-01-28,gaussian,1.0000000000000002
2015-01-29,gaussian,1
2015-01-30,gaussian,1
2015-02-02,gaussian,1
2015-02-03,gaussian,1.0000000000000002
2015-02-04,gaussian,1
2015-02-05,gaussian,0.99999999999999989
2015-02-06,gaussian,1
2015-02-09,gaussian,1.0000000000000002
2015-02-10,gaussian,1.0000000000000002
2015-02-11,gaussian,1.0000000000000002
2015-02-12,gaussian,1.0000000000000002
2015-02-13,gaussian,1
2015-02-16,gaussian,1.0000000000000002
2015-02-17,gaussian,1
2015-02-18,gaussian,1
2015-02-19,gaussian,1.0000000000000002
2015-02-20,gaussian,1
2015-02-23,gaussian,1
2015-02-24,gaussian,1.0000000000000002
2015-02-25,gaussian,1
2015-02-26,gaussian,1
2015-02-27,gaussian,1
2015-03-02,gaussian,1.0000000000000002
2015-03-03,gaussian,1.0000000000000002
2015-03-04,gaussian,1
2015-03-05,gaussian,1.0000000000000002
2015-03-06,gaussian,1
2015-03-09,gaussian,1
2015-03-10,gaussian,1
2015-03-11,gaussian,1.0000000000000002
2015-03-12,gaussian,1
2015-03-13,gaussian,1
2015-03-16,gaussian,1
2015-03-17,gaussian,1
2015-03-18,gaussian,1
2015-03-19,gaussian,1
2015-03-20,gaussian,0.99999999999999989
2015-03-23,gaussian,1
2015-03-24,gaussian,1
2015-03-25,gaussian,1
2015-03-26,gaussian,1.0000000000000002
2015-03-27,gaussian,1.0000000000000002
2015-03-30,gaussian,1
2015-03-31,gaussian,1
2015-04-01,gaussian,1
2015-04-02,gaussian,1
2015-04-03,gaussian,1
2015-04-06,gaussian,1
2015-04-07,gaussian,1
2015-04-08,gaussian,1
2015-04-09,gaussian,1
2015-04-10,gaussian,1.0000000000000002
2015-04-13,gaussian,1.0000000000000002
2015-04-14,gaussian,1
2015-04-15,gaussian,1.0000000000000002
2015-04-16,gaussian,1.0000000000000002
2015-04-17,gaussian,1
2015-04-20,gaussian,1
2015-04-21,gaussian,1.0000000000000002
2015-04-22,gaussian,1
2015-04-23,gaussian,1
2015-04-24,gaussian,1
2015-04-27,gaussian,1
2015-04-28,gaussian,1.0000000000000002
2015-04-29,gaussian,1.0000000000000002
2015-04-30,gaussian,1
2015-05-01,gaussian,1
2015-05-04,gaussian,1.0000000000000002
2015-05-05,gaussian,1.0000000000000002
2015-05-06,gaussian,1
2015-05-07,gaussian,1
2015-05-08,gaussian,1.0000000000000002
2015-05-11,gaussian,1
2015-05-12,gaussian,1
2015-05-13,gaussian,1
2015-05-14,gaussian,1
2015-05-15,gaussian,1.0000000000000002
2015-05-18,gaussian,1
2015-05-19,gaussian,1
2015-05-20,gaussian,1
2015-05-21,gaussian,1
2015-05-22,gaussian,1
2015-05-25,gaussian,1.0000000000000002
2015-05-26,gaussian,1.0000000000000002
2015-05-27,gaussian,1
2015-05-28,gaussian,1.0000000000000002
2015-05-29,gaussian,1
2015-06-01,gaussian,1
2015-06-02,gaussian,1
2015-06-03,gaussian,1
2015-06-04,gaussian,0.99999999999999989
2015-06-05,gaussian,1.0000000000000002
2015-06-08,gaussian,1
2015-06-09,gaussian,1
2015-06-10,gaussian,1
2015-06-11,gaussian,1
2015-06-12,gaussian,1.0000000000000002
2015-06-15,gaussian,1.0000000000000002
2015-06-16,gaussian,1
2015-06-17,gaussian,1.0000000000000002
2015-06-18,gaussian,1
2015-06-19,gaussian,1
2015-06-22,gaussian,1.0000000000000002
2015-06-23,gaussian,1
2015-06-24,gaussian,1.0000000000000002
2015-06-25,gaussian,1
2015-06-26,gaussian,1.0000000000000002
2015-06-29,gaussian,1.0000000000000002
2015-06-30,gaussian,1
2015-07-01,gaussian,1
2015-07-02,gaussian,1.0000000000000002
2015-07-03,gaussian,1.0000000000000002
2015-07-06,gaussian,1.0000000000000002
2015-07-07,gaussian,1.0000000000000004
2015-07-08,gaussian,1
2015-07-09,gaussian,1
2015-07-10,gaussian,1
2015-07-13,gaussian,0.99999999999999989
2015-07-14,gaussian,1.0000000000000002
2015-07-15,gaussian,1
2015-07-16,gaussian,1
2015-07-17,gaussian,1
2015-07-20,gaussian,1
2015-07-21,gaussian,1
2015-07-22,gaussian,1
2015-07-23,gaussian,1
2015-07-24,gaussian,1.0000000000000002
2015-07-27,gaussian,1.0000000000000002
2015-07-28,gaussian,1
2015-07-29,gaussian,1.0000000000000002
2015-07-30,gaussian,1
2015-07-31,gaussian,1
2015-08-03,gaussian,1
2015-08-04,gaussian,1.0000000000000002
2015-08-05,gaussian,1
2015-08-06,gaussian,1
2015-08-07,gaussian,1
2015-08-10,gaussian,1.0000000000000002
2015-08-11,gaussian,1
2015-08-12,gaussian,1
2015-08-13,gaussian,1
2015-08-14,gaussian,1.0000000000000002
2015-08-17,gaussian,1
2015-08-18,gaussian,1.0000000000000002
2015-08-19,gaussian,1.0000000000000002
2015-08-20,gaussian,1
2015-08-21,gaussian,1
2015-08-24,gaussian,1
2015-08-25,gaussian,1
2015-08-26,gaussian,1.0000000000000002
2015-08-27,gaussian,1.0000000000000002
2015-08-28,gaussian,1
2015-08-31,gaussian,1
2015-09-01,gaussian,1
2015-09-02,gaussian,1.0000000000000002
2015-09-03,gaussian,1
2015-09-04,gaussian,1.0000000000000002
2015-09-07,gaussian,1
2015-09-08,gaussian,1.0000000000000002
2015-09-09,gaussian,1.0000000000000002
2015-09-10,gaussian,1.0000000000000002
2015-09-11,gaussian,1.0000000000000002
2015-09-14,gaussian,1.0000000000000002
2015-09-15,gaussian,1
2015-09-16,gaussian,1.0000000000000002
2015-09-17,gaussian,1.0000000000000002
2015-09-18,gaussian,1
2015-09-21,gaussian,1.0000000000000002
2015-09-22,gaussian,1.0000000000000002
2015-09-23,gaussian,1.0000000000000002
2015-09-24,gaussian,1
2015-09-25,gaussian,1
2015-09-28,gaussian,1.0000000000000002
2015-09-29,gaussian,1.0000000000000002
2015-09-30,gaussian,1
2015-10-01,gaussian,1.0000000000000002
2015-10-02,gaussian,1
2015-10-05,gaussian,1.0000000000000002
2015-10-06,gaussian,1
2015-10-07,gaussian,1.0000000000000002
2015-10-08,gaussian,1
2015-10-09,gaussian,1
2015-10-12,gaussian,1.0000000000000002
2015-10-13,gaussian,1
2015-10-14,gaussian,1.0000000000000002
2015-10-15,gaussian,1
2015-10-16,gaussian,1
2015-10-19,gaussian,1
2015-10-20,gaussian,1.0000000000000002
2015-10-21,gaussian,1
2015-10-22,gaussian,1.0000000000000002
2015-10-23,gaussian,1.0000000000000002
2015-10-26,gaussian,1
2015-10-27,gaussian,1
2015-10-28,gaussian,1.0000000000000002
2015-10-29,gaussian,1.0000000000000002
2015-10-30,gaussian,1
2015-11-02,gaussian,1.0000000000000002
2015-11-03,gaussian,1.0000000000000002
2015-11-04,gaussian,1
2015-11-05,gaussian,1
2015-11-06,gaussian,1
2015-11-09,gaussian,1
2015-11-10,gaussian,1.0000000000000002
2015-11-11,gaussian,1
2015-11-12,gaussian,1.0000000000000002
2015-11-13,gaussian,1
2015-11-16,gaussian,1.0000000000000002
2015-11-17,gaussian,1
2015-11-18,gaussian,1
2015-11-19,gaussian,1
2015-11-20,gaussian,1
2015-11-23,gaussian,1.0000000000000002
2015-11-24,gaussian,1.0000000000000002
2015-11-25,gaussian,1
2015-11-26,gaussian,1
2015-11-27,gaussian,1
2015-11-30,gaussian,1
2015-12-01,gaussian,1.0000000000000002
2015-12-02,gaussian,1
2015-12-03,gaussian,1
2015-12-04,gaussian,1
2015-12-07,gaussian,1
2015-12-08,gaussian,1.0000000000000002
2015-12-09,gaussian,1
2015-12-10,gaussian,1.0000000000000002
2015-12-11,gaussian,1.0000000000000002
2015-12-14,gaussian,0.99999999999999967
2015-12-15,gaussian,1
2015-12-16,gaussian,1.0000000000000002
2015-12-17,gaussian,1
2015-12-18,gaussian,1
2015-12-21,gaussian,1.0000000000000002
2015-12-22,gaussian,1
2015-12-23,gaussian,1.0000000000000002
2015-12-24,gaussian,1
2015-12-25,gaussian,1
2015-12-28,gaussian,1.0000000000000002
2015-12-29,gaussian,1.0000000000000002
2015-12-30,gaussian,1.0000000000000002
2015-12-31,gaussian,1
2016-01-01,gaussian,1
2016-01-04,gaussian,1
2016-01-05,gaussian,1
2016-01-06,gaussian,1.0000000000000002
2016-01-07,gaussian,0.99999999999999989
2016-01-08,gaussian,0.99999999999999989
2016-01-11,gaussian,0.99999999999999989
2016-01-12,gaussian,1.0000000000000002
2016-01-13,gaussian,1
2016-01-14,gaussian,1
2016-01-15,gaussian,1
2016-01-18,gaussian,1
2016-01-19,gaussian,1
2016-01-20,gaussian,1.0000000000000004
2016-01-21,gaussian,1
2016-01-22,gaussian,1
2016-01-25,gaussian,1.0000000000000002
2016-01-26,gaussian,1
2016-01-27,gaussian,1.0000000000000002
2016-01-28,gaussian,1.0000000000000002
2016-01-29,gaussian,1.0000000000000002
2016-02-01,gaussian,1.0000000000000002
2016-02-02,gaussian,1
2016-02-03,gaussian,1
2016-02-04,gaussian,1.0000000000000002
2016-02-05,gaussian,0.99999999999999989
2016-02-08,gaussian,1.0000000000000002
2016-02-09,gaussian,0.99999999999999967
2016-02-10,gaussian,1
2016-02-11,gaussian,1.0000000000000004
2016-02-12,gaussian,1
2016-02-15,gaussian,1
2016-02-16,gaussian,1.0000000000000002
2016-02-17,gaussian,1
2016-02-18,gaussian,1
2016-02-19,gaussian,1
2016-02-22,gaussian,1.0000000000000002
2016-02-23,gaussian,1
2016-02-24,gaussian,0.99999999999999989
2016-02-25,gaussian,1
2016-02-26,gaussian,1
2016-02-29,gaussian,1.0000000000000002
2016-03-01,gaussian,1.0000000000000002
2016-03-02,gaussian,1
2016-03-03,gaussian,1.0000000000000002
2016-03-04,gaussian,1.0000000000000002
2016-03-07,gaussian,1
2016-03-08,gaussian,1
2016-03-09,gaussian,1
2016-03-10,gaussian,1
2016-03-11,gaussian,1
2016-03-14,gaussian,1
2016-03-15,gaussian,1
2016-03-16,gaussian,1.0000000000000002
2016-03-17,gaussian,1.0000000000000002
2016-03-18,gaussian,0.99999999999999989
2016-03-21,gaussian,1.0000000000000002
2016-03-22,gaussian,1
2016-03-23,gaussian,1
2016-03-24,gaussian,1
2016-03-25,gaussian,1.0000000000000002
2016-03-28,gaussian,1
2016-03-29,gaussian,1
2016-03-30,gaussian,1.0000000000000002
2016-03-31,gaussian,1
2016-04-01,gaussian,1
2016-04-04,gaussian,1
2016-04-05,gaussian,1.0000000000000002
2016-04-06,gaussian,1
2016-04-07,gaussian,1.0000000000000002
2016-04-08,gaussian,1.0000000000000002
2016-04-11,gaussian,1.0000000000000002
2016-04-12,gaussian,1.0000000000000002
2016-04-13,gaussian,1
2016-04-14,gaussian,1
2016-04-15,gaussian,1.0000000000000002
2016-04-18,gaussian,1.0000000000000002
2016-04-19,gaussian,1
2016-04-20,gaussian,1.0000000000000002
2016-04-21,gaussian,0.99999999999999989
2016-04-22,gaussian,1.0000000000000002
2016-04-25,gaussian,1.0000000000000002
2016-04-26,gaussian,1
2016-04-27,gaussian,1
2016-04-28,gaussian,1.0000000000000002
2016-04-29,gaussian,1.0000000000000004
2016-05-02,gaussian,1
2016-05-03,gaussian,1
2016-05-04,gaussian,1
2016-05-05,gaussian,1
2016-05-06,gaussian,1
2016-05-09,gaussian,1
2016-05-10,gaussian,1
2016-05-11,gaussian,1
2016-05-12,gaussian,1.0000000000000002
2016-05-13,gaussian,1
2016-05-16,gaussian,1.0000000000000002
2016-05-17,gaussian,1
2016-05-18,gaussian,1.0000000000000002
2016-05-19,gaussian,1.0000000000000002
2016-05-20,gaussian,1
2016-05-23,gaussian,1
2016-05-24,gaussian,1
2016-05-25,gaussian,1
2016-05-26,gaussian,1.0000000000000002
2016-05-27,gaussian,1
2016-05-30,gaussian,1.0000000000000002
2016-05-31,gaussian,1.0000000000000002
2016-06-01,gaussian,1
2016-06-02,gaussian,1
2016-06-03,gaussian,1.0000000000000002
2016-06-06,gaussian,1.0000000000000002
2016-06-07,gaussian,0.99999999999999989
2016-06-08,gaussian,1.0000000000000002
2016-06-09,gaussian,1
2016-06-10,gaussian,1
2016-06-13,gaussian,1
2016-06-14,gaussian,1
2016-06-15,gaussian,1.0000000000000002
2016-06-16,gaussian,1
2016-06-17,gaussian,1
2016-06-20,gaussian,1.0000000000000002
2016-06-21,gaussian,1
2016-06-22,gaussian,1.0000000000000002
2016-06-23,gaussian,1
2016-06-24,gaussian,1
2016-06-27,gaussian,1.0000000000000004
2016-06-28,gaussian,1
2016-06-29,gaussian,1
2016-06-30,gaussian,1
2016-07-01,gaussian,1.0000000000000002
2016-07-04,gaussian,1.0000000000000002
2016-07-05,gaussian,1.0000000000000002
2016-07-06,gaussian,1.0000000000000002
2016-07-07,gaussian,1
2016-07-08,gaussian,1
2016-07-11,gaussian,1
2016-07-12,gaussian,1
2016-07-13,gaussian,1
2016-07-14,gaussian,1
2016-07-15,gaussian,1
2016-07-18,gaussian,1.0000000000000002
2016-07-19,gaussian,1.0000000000000002
2016-07-20,gaussian,1
2016-07-21,gaussian,1.0000000000000002
2016-07-22,gaussian,1
2016-07-25,gaussian,1.0000000000000002
2016-07-26,gaussian,1.0000000000000002
2016-07-27,gaussian,1
2016-07-28,gaussian,1
2016-07-29,gaussian,1
2016-08-01,gaussian,1
2016-08-02,gaussian,1
2016-08-03,gaussian,1
2016-08-04,gaussian,1
2016-08-05,gaussian,1.0000000000000002
2016-08-08,gaussian,1
2016-08-09,gaussian,1
2016-08-10,gaussian,1
2016-08-11,gaussian,1.0000000000000002
2016-08-12,gaussian,1
2016-08-15,gaussian,1
2016-08-16,gaussian,1
2016-08-17,gaussian,1
2016-08-18,gaussian,1
2016-08-19,gaussian,1.0000000000000002
2016-08-22,gaussian,1.0000000000000002
2016-08-23,gaussian,1
2016-08-24,gaussian,1
2016-08-25,gaussian,1
2016-08-26,gaussian,1
2016-08-29,gaussian,1.0000000000000002
2016-08-30,gaussian,1.0000000000000002
2016-08-31,gaussian,1
2016-09-01,gaussian,1
2016-09-02,gaussian,1
2016-09-05,gaussian,1
2016-09-06,gaussian,1.0000000000000002
2016-09-07,gaussian,1
2016-09-08,gaussian,1
2016-09-09,gaussian,0.99999999999999978
2016-09-12,gaussian,1
2016-09-13,gaussian,1.0000000000000002
2016-09-14,gaussian,1
2016-09-15,gaussian,1.0000000000000002
2016-09-16,gaussian,1
2016-09-19,gaussian,1.0000000000000002
2016-09-20,gaussian,1
2016-09-21,gaussian,1
2016-09-22,gaussian,1
2016-09-23,gaussian,1
2016-09-26,gaussian,1.0000000000000002
2016-09-27,gaussian,1.0000000000000002
2016-09-28,gaussian,1
2016-09-29,gaussian,1.0000000000000002
2016-09-30,gaussian,1
2016-10-03,gaussian,1
2016-10-04,gaussian,1
2016-10-05,gaussian,1
2016-10-06,gaussian,1
2016-10-07,gaussian,1
2016-10-10,gaussian,1.0000000000000002
2016-10-11,gaussian,1
2016-10-12,gaussian,1.0000000000000002
2016-10-13,gaussian,1.0000000000000002
2016-10-14,gaussian,1
2016-10-17,gaussian,1
2016-10-18,gaussian,1.0000000000000002
2016-10-19,gaussian,1
2016-10-20,gaussian,1
2016-10-21,gaussian,1
2016-10-24,gaussian,1
2016-10-25,gaussian,1.0000000000000002
2016-10-26,gaussian,1.0000000000000002
2016-10-27,gaussian,1
2016-10-28,gaussian,1
2016-10-31,gaussian,1
2016-11-01,gaussian,1
2016-11-02,gaussian,1.0000000000000002
2016-11-03,gaussian,1
2016-11-04,gaussian,1.0000000000000002
2016-11-07,gaussian,1
2016-11-08,gaussian,1
2016-11-09,gaussian,1
2016-11-10,gaussian,1.0000000000000002
2016-11-11,gaussian,1
2016-11-14,gaussian,1
2016-11-15,gaussian,1
2016-11-16,gaussian,1.0000000000000002
2016-11-17,gaussian,1
2016-11-18,gaussian,1.0000000000000002
2016-11-21,gaussian,1
2016-11-22,gaussian,1
2016-11-23,gaussian,1
2016-11-24,gaussian,1.0000000000000002
2016-11-25,gaussian,1.0000000000000002
2016-11-28,gaussian,1
2016-11-29,gaussian,1
2016-11-30,gaussian,1
2016-12-01,gaussian,1
2016-12-02,gaussian,1.0000000000000002
2016-12-05,gaussian,1.0000000000000002
2016-12-06,gaussian,1
2016-12-07,gaussian,1.0000000000000002
2016-12-08,gaussian,1
2016-12-09,gaussian,1
2016-12-12,gaussian,1
2016-12-13,gaussian,1
2016-12-14,gaussian,1
2016-12-15,gaussian,1
2016-12-16,gaussian,1.0000000000000002
2016-12-19,gaussian,1
2016-12-20,gaussian,1
2016-12-21,gaussian,1.0000000000000002
2016-12-22,gaussian,1.0000000000000002
2016-12-23,gaussian,1.0000000000000002
2016-12-26,gaussian,1
2016-12-27,gaussian,1
2016-12-28,gaussian,1.0000000000000002
2016-12-29,gaussian,1
2016-12-30,gaussian,1
2017-01-02,gaussian,1
2017-01-03,gaussian,1
2017-01-04,gaussian,1.0000000000000002
2017-01-05,gaussian,1
2017-01-06,gaussian,1.0000000000000002
2017-01-09,gaussian,1
2017-01-10,gaussian,1.0000000000000002
2017-01-11,gaussian,1
2017-01-12,gaussian,1
2017-01-13,gaussian,1
2017-01-16,gaussian,1.0000000000000002
2017-01-17,gaussian,1
2017-01-18,gaussian,1.0000000000000002
2017-01-19,gaussian,1
2017-01-20,gaussian,1.0000000000000002
2017-01-23,gaussian,1
2017-01-24,gaussian,1.0000000000000002
2017-01-25,gaussian,1.0000000000000002
2017-01-26,gaussian,1.0000000000000002
2017-01-27,gaussian,1
2017-01-30,gaussian,1
2017-01-31,gaussian,1.0000000000000002
2017-02-01,gaussian,1
2017-02-02,gaussian,1
2017-02-03,gaussian,1.0000000000000002
2017-02-06,gaussian,1
2017-02-07,gaussian,1
2017-02-08,gaussian,1
2017-02-09,gaussian,1
2017-02-10,gaussian,1.0000000000000002
2017-02-13,gaussian,1
2017-02-14,gaussian,1
2017-02-15,gaussian,1
2017-02-16,gaussian,1
2017-02-17,gaussian,1
2017-02-20,gaussian,1
2017-02-21,gaussian,1.0000000000000002
2017-02-22,gaussian,1
2017-02-23,gaussian,1.0000000000000002
2017-02-24,gaussian,1
2017-02-27,gaussian,1.0000000000000002
2017-02-28,gaussian,1
2017-03-01,gaussian,1
2017-03-02,gaussian,1
2017-03-03,gaussian,1
2017-03-06,gaussian,1
2017-03-07,gaussian,1.0000000000000002
2017-03-08,gaussian,1
2017-03-09,gaussian,1.0000000000000002
2017-03-10,gaussian,1.0000000000000002
2017-03-13,gaussian,1
2017-03-14,gaussian,1.0000000000000002
2017-03-15,gaussian,1
2017-03-16,gaussian,1
2017-03-17,gaussian,1
2017-03-20,gaussian,1
2017-03-21,gaussian,1
2017-03-22,gaussian,1.0000000000000002
2017-03-23,gaussian,1
2017-03-24,gaussian,1
2017-03-27,gaussian,1
2017-03-28,gaussian,1
2017-03-29,gaussian,1
2017-03-30,gaussian,1.0000000000000002
2017-03-31,gaussian,1
2017-04-03,gaussian,1.0000000000000002
2017-04-04,gaussian,1.0000000000000002
2017-04-05,gaussian,1
2017-04-06,gaussian,1.0000000000000002
2017-04-07,gaussian,1
2017-04-10,gaussian,1
2017-04-11,gaussian,1
2017-04-12,gaussian,1
2017-04-13,gaussian,1
2017-04-14,gaussian,1.0000000000000002
2017-04-17,gaussian,1
2017-04-18,gaussian,1
2017-04-19,gaussian,1
2017-04-20,gaussian,1
2017-04-21,gaussian,1
2017-04-24,gaussian,1
2017-04-25,gaussian,1.0000000000000002
2017-04-26,gaussian,1
2017-04-27,gaussian,1.0000000000000002
2017-04-28,gaussian,1
2017-05-01,gaussian,1.0000000000000002
2017-05-02,gaussian,1.0000000000000002
2017-05-03,gaussian,1.0000000000000002
2017-05-04,gaussian,1
2017-05-05,gaussian,1
2017-05-08,gaussian,1
2017-05-09,gaussian,1
2017-05-10,gaussian,1.0000000000000002
2017-05-11,gaussian,1
2017-05-12,gaussian,1
2017-05-15,gaussian,1
2017-05-16,gaussian,1
2017-05-17,gaussian,1
2017-05-18,gaussian,1
2017-05-19,gaussian,1
2017-05-22,gaussian,1.0000000000000002
2017-05-23,gaussian,1.0000000000000002
2017-05-24,gaussian,1.0000000000000002
2017-05-25,gaussian,1.0000000000000002
2017-05-26,gaussian,1
2017-05-29,gaussian,1
2017-05-30,gaussian,1.0000000000000002
2017-05-31,gaussian,1
2017-06-01,gaussian,1.0000000000000002
2017-06-02,gaussian,1.0000000000000002
2017-06-05,gaussian,1
2017-06-06,gaussian,1.0000000000000002
2017-06-07,gaussian,1.0000000000000002
2017-06-08,gaussian,1.0000000000000002
2017-06-09,gaussian,1
2017-06-12,gaussian,1
2017-06-13,gaussian,1
2017-06-14,gaussian,1.0000000000000002
2017-06-15,gaussian,1
2017-06-16,gaussian,1
2017-06-19,gaussian,1
2017-06-20,gaussian,1.0000000000000002
2017-06-21,gaussian,1
2017-06-22,gaussian,1
2017-06-23,gaussian,1
2017-06-26,gaussian,1
2017-06-27,gaussian,1
2017-06-28,gaussian,1
2017-06-29,gaussian,1.0000000000000002
2017-06-30,gaussian,1
2017-07-03,gaussian,1
2017-07-04,gaussian,1
2017-07-05,gaussian,1
2017-07-06,gaussian,1
2017-07-07,gaussian,1
2017-07-10,gaussian,1
2017-07-11,gaussian,1
2017-07-12,gaussian,1.0000000000000002
2017-07-13,gaussian,1
2017-07-14,gaussian,1.0000000000000002
2017-07-17,gaussian,1.0000000000000002
2017-07-18,gaussian,1.0000000000000002
2017-07-19,gaussian,1
2017-07-20,gaussian,1.0000000000000002
2017-07-21,gaussian,1
2017-07-24,gaussian,1.0000000000000002
2017-07-25,gaussian,1
2017-07-26,gaussian,1
2017-07-27,gaussian,1
2017-07-28,gaussian,1
2017-07-31,gaussian,1
2017-08-01,gaussian,1
2017-08-02,gaussian,1.0000000000000002
2017-08-03,gaussian,1.0000000000000002
2017-08-04,gaussian,1
2017-08-07,gaussian,1.0000000000000002
2017-08-08,gaussian,1
2017-08-09,gaussian,1
2017-08-10,gaussian,1.0000000000000002
2017-08-11,gaussian,1
2017-08-14,gaussian,1
2017-08-15,gaussian,1
2017-08-16,gaussian,1.0000000000000002
2017-08-17,gaussian,1.0000000000000002
2017-08-18,gaussian,1
2017-08-21,gaussian,1.0000000000000002
2017-08-22,gaussian,1.0000000000000002
2017-08-23,gaussian,1.0000000000000002
2017-08-24,gaussian,1.0000000000000002
2017-08-25,gaussian,1.0000000000000002
2017-08-28,gaussian,1.0000000000000002
2017-08-29,gaussian,1
2017-08-30,gaussian,1.0000000000000002
2017-08-31,gaussian,1.0000000000000002
2017-09-01,gaussian,1
2017-09-04,gaussian,1.0000000000000002
2017-09-05,gaussian,1.0000000000000002
2017-09-06,gaussian,1
2017-09-07,gaussian,1.0000000000000002
2017-09-08,gaussian,1
2017-09-11,gaussian,1
2017-09-12,gaussian,1
2017-09-13,gaussian,1
2017-09-14,gaussian,1.0000000000000002
2017-09-15,gaussian,1
2017-09-18,gaussian,1.0000000000000002
2017-09-19,gaussian,1
2017-09-20,gaussian,1
2017-09-21,gaussian,1.0000000000000002
2017-09-22,gaussian,1.0000000000000002
2017-09-25,gaussian,1
2017-09-26,gaussian,1
2017-09-27,gaussian,1
2017-09-28,gaussian,1.0000000000000002
2017-09-29,gaussian,1.0000000000000002
2017-10-02,gaussian,1
2017-10-03,gaussian,1
2017-10-04,gaussian,1
2017-10-05,gaussian,1
2017-10-06,gaussian,1
2017-10-09,gaussian,1
2017-10-10,gaussian,1
2017-10-11,gaussian,1
2017-10-12,gaussian,1.0000000000000002
2017-10-13,gaussian,1
2017-10-16,gaussian,1
2017-10-17,gaussian,1.0000000000000002
2017-10-18,gaussian,1
2017-10-19,gaussian,1.0000000000000004
2017-10-20,gaussian,1
2017-10-23,gaussian,1.0000000000000002
2017-10-24,gaussian,1.0000000000000002
2017-10-25,gaussian,1
2017-10-26,gaussian,1
2017-10-27,gaussian,1
2017-10-30,gaussian,1.0000000000000002
2017-10-31,gaussian,1
2017-11-01,gaussian,1.0000000000000002
2017-11-02,gaussian,1
2017-11-03,gaussian,1
2017-11-06,gaussian,1.0000000000000002
2017-11-07,gaussian,1
2017-11-08,gaussian,1
2017-11-09,gaussian,1
2017-11-10,gaussian,1.0000000000000002
2017-11-13,gaussian,1.0000000000000002
2017-11-14,gaussian,1.0000000000000002
2017-11-15,gaussian,1.0000000000000002
2017-11-16,gaussian,1
2017-11-17,gaussian,1.0000000000000002
2017-11-20,gaussian,1.0000000000000002
2017-11-21,gaussian,1.0000000000000002
2017-11-22,gaussian,1.0000000000000002
2017-11-23,gaussian,1.0000000000000002
2017-11-24,gaussian,1.0000000000000002
2017-11-27,gaussian,1.0000000000000002
2017-11-28,gaussian,1.0000000000000002
2017-11-29,gaussian,1
2017-11-30,gaussian,1.0000000000000002
2017-12-01,gaussian,1.0000000000000002
2017-12-04,gaussian,1
2017-12-05,gaussian,1
2017-12-06,gaussian,1.0000000000000002
2017-12-07,gaussian,1.0000000000000002
2017-12-08,gaussian,1
2017-12-11,gaussian,1.0000000000000002
2017-12-12,gaussian,1.0000000000000002
2017-12-13,gaussian,1
2017-12-14,gaussian,1
2017-12-15,gaussian,0.99999999999999989
2017-12-18,gaussian,1
2017-12-19,gaussian,1
2017-12-20,gaussian,1.0000000000000002
2017-12-21,gaussian,1
2017-12-22,gaussian,1
2017-12-25,gaussian,1
2017-12-26,gaussian,1
2017-12-27,gaussian,1
2017-12-28,gaussian,1
2017-12-29,gaussian,1.0000000000000002
2018-01-01,gaussian,1.0000000000000002
2018-01-02,gaussian,1.0000000000000002
2018-01-03,gaussian,1
2018-01-04,gaussian,1
2018-01-05,gaussian,1.0000000000000002
2018-01-08,gaussian,1
2018-01-09,gaussian,1
2018-01-10,gaussian,1.0000000000000002
2018-01-11,gaussian,1
2018-01-12,gaussian,1
2018-01-15,gaussian,1
2018-01-16,gaussian,1
2018-01-17,gaussian,1.0000000000000002
2018-01-18,gaussian,1.0000000000000002
2018-01-19,gaussian,1
2018-01-22,gaussian,1.0000000000000002
2018-01-23,gaussian,1.0000000000000002
2018-01-24,gaussian,1
2018-01-25,gaussian,1
2018-01-26,gaussian,1.0000000000000002
2018-01-29,gaussian,1
2018-01-30,gaussian,1.0000000000000002
2018-01-31,gaussian,1.0000000000000002
2018-02-01,gaussian,1
2018-02-02,gaussian,1
2018-02-05,gaussian,1
2018-02-06,gaussian,1
2018-02-07,gaussian,1
2018-02-08,gaussian,1
2018-02-09,gaussian,1.0000000000000002
2018-02-12,gaussian,1
2018-02-13,gaussian,1
2018-02-14,gaussian,1.0000000000000002
2018-02-15,gaussian,1.0000000000000002
2018-02-16,gaussian,1
2018-02-19,gaussian,1.0000000000000002
2018-02-20,gaussian,1
2018-02-21,gaussian,1
2018-02-22,gaussian,1
2018-02-23,gaussian,1
2018-02-26,gaussian,1
2018-02-27,gaussian,1.0000000000000002
2018-02-28,gaussian,1
2018-03-01,gaussian,1
2018-03-02,gaussian,1.0000000000000002
2018-03-05,gaussian,1
2018-03-06,gaussian,1
2018-03-07,gaussian,1
2018-03-08,gaussian,1
2018-03-09,gaussian,1
2018-03-12,gaussian,1
2018-03-13,gaussian,1
2018-03-14,gaussian,1
2018-03-15,gaussian,1.0000000000000002
2018-03-16,gaussian,1
2018-03-19,gaussian,1.0000000000000002
2018-03-20,gaussian,1
2018-03-21,gaussian,1
2018-03-22,gaussian,1
2018-03-23,gaussian,1
2018-03-26,gaussian,1
2018-03-27,gaussian,1
2018-03-28,gaussian,1.0000000000000002
2018-03-29,gaussian,1.0000000000000002
2018-03-30,gaussian,1
2018-04-02,gaussian,1
2018-04-03,gaussian,1
2018-04-04,gaussian,1.0000000000000002
2018-04-05,gaussian,1
2018-04-06,gaussian,1
2018-04-09,gaussian,1
2018-04-10,gaussian,1
2018-04-11,gaussian,1
2018-04-12,gaussian,1
2018-04-13,gaussian,1
2018-04-16,gaussian,1.0000000000000002
2018-04-17,gaussian,1
2018-04-18,gaussian,1
2018-04-19,gaussian,1
2018-04-20,gaussian,1
2018-04-23,gaussian,1
2018-04-24,gaussian,1
2018-04-25,gaussian,1.0000000000000002
2018-04-26,gaussian,1
2018-04-27,gaussian,1.0000000000000002
2018-04-30,gaussian,1
2018-05-01,gaussian,1
2018-05-02,gaussian,1.0000000000000002
2018-05-03,gaussian,1.0000000000000002
2018-05-04,gaussian,1
2018-05-07,gaussian,1
2018-05-08,gaussian,1.0000000000000002
2018-05-09,gaussian,1
2018-05-10,gaussian,1.0000000000000002
2018-05-11,gaussian,1
2018-05-14,gaussian,1.0000000000000002
2018-05-15,gaussian,1
2018-05-16,gaussian,1.0000000000000002
2018-05-17,gaussian,1.0000000000000002
2018-05-18,gaussian,1
2018-05-21,gaussian,1.0000000000000002
2018-05-22,gaussian,1
2018-05-23,gaussian,1
2018-05-24,gaussian,1
2018-05-25,gaussian,1.0000000000000002
2018-05-28,gaussian,1.0000000000000002
2018-05-29,gaussian,1
2018-05-30,gaussian,1
2018-05-31,gaussian,1.0000000000000002
2018-06-01,gaussian,1
2018-06-04,gaussian,1
2018-06-05,gaussian,1
2018-06-06,gaussian,1
2018-06-07,gaussian,1.0000000000000002
2018-06-08,gaussian,1.0000000000000002
2018-06-11,gaussian,1.0000000000000002
2018-06-12,gaussian,1
2018-06-13,gaussian,1
2018-06-14,gaussian,1
2018-06-15,gaussian,1.0000000000000002
2018-06-18,gaussian,1.0000000000000002
2018-06-19,gaussian,1.0000000000000002
2018-06-20,gaussian,1
2018-06-21,gaussian,1.0000000000000002
2018-06-22,gaussian,1.0000000000000002
2018-06-25,gaussian,1.0000000000000002
2018-06-26,gaussian,1
2018-06-27,gaussian,1.0000000000000002
2018-06-28,gaussian,1.0000000000000002
2018-06-29,gaussian,1.0000000000000002
2018-07-02,gaussian,1
2018-07-03,gaussian,1
2018-07-04,gaussian,1
2018-07-05,gaussian,1
2018-07-06,gaussian,1.0000000000000002
2018-07-09,gaussian,1.0000000000000002
2018-07-10,gaussian,1.0000000000000002
2018-07-11,gaussian,1.0000000000000002
2018-07-12,gaussian,1
2018-07-13,gaussian,1
2018-07-16,gaussian,0.99999999999999989
2018-07-17,gaussian,1
2018-07-18,gaussian,1
2018-07-19,gaussian,1
2018-07-20,gaussian,1.0000000000000002
2018-07-23,gaussian,1
2018-07-24,gaussian,1
2018-07-25,gaussian,1.0000000000000002
2018-07-26,gaussian,1.0000000000000002
2018-07-27,gaussian,1
2018-07-30,gaussian,1
2018-07-31,gaussian,1
2018-08-01,gaussian,1.0000000000000002
2018-08-02,gaussian,1.0000000000000002
2018-08-03,gaussian,1
2018-08-06,gaussian,1
2018-08-07,gaussian,1
2018-08-08,gaussian,1.0000000000000002
2018-08-09,gaussian,1
2018-08-10,gaussian,1
2018-08-13,gaussian,1
2018-08-14,gaussian,1.0000000000000002
2018-08-15,gaussian,1.0000000000000002
2018-08-16,gaussian,0.99999999999999989
2018-08-17,gaussian,1.0000000000000002
2018-08-20,gaussian,1
2018-08-21,gaussian,1
2018-08-22,gaussian,1.0000000000000002
2018-08-23,gaussian,1
2018-08-24,gaussian,1.0000000000000002
2018-08-27,gaussian,1
2018-08-28,gaussian,1.0000000000000002
2018-08-29,gaussian,1.0000000000000002
2018-08-30,gaussian,1
2018-08-31,gaussian,1
2018-09-03,gaussian,1.0000000000000002
2018-09-04,gaussian,1
2018-09-05,gaussian,1.0000000000000002
2018-09-06,gaussian,1.0000000000000002
2018-09-07,gaussian,1
2018-09-10,gaussian,1.0000000000000002
2018-09-11,gaussian,1
2018-09-12,gaussian,1.0000000000000002
2018-09-13,gaussian,1
2018-09-14,gaussian,1
2018-09-17,gaussian,1
2018-09-18,gaussian,1
2018-09-19,gaussian,1.0000000000000002
2018-09-20,gaussian,1
2018-09-21,gaussian,1
2018-09-24,gaussian,1
2018-09-25,gaussian,1.0000000000000002
2018-09-26,gaussian,1
2018-09-27,gaussian,1
2018-09-28,gaussian,1.0000000000000002
2018-10-01,gaussian,1.0000000000000002
2018-10-02,gaussian,1
2018-10-03,gaussian,1.0000000000000002
2018-10-04,gaussian,1.0000000000000002
2018-10-05,gaussian,1
2018-10-08,gaussian,1.0000000000000002
2018-10-09,gaussian,1.0000000000000002
2018-10-10,gaussian,1
2018-10-11,gaussian,1
2018-10-12,gaussian,1.0000000000000002
2018-10-15,gaussian,1.0000000000000002
2018-10-16,gaussian,1
2018-10-17,gaussian,1
2018-10-18,gaussian,0.99999999999999989
2018-10-19,gaussian,1.0000000000000002
2018-10-22,gaussian,1
2018-10-23,gaussian,1.0000000000000002
2018-10-24,gaussian,1
2018-10-25,gaussian,1
2018-10-26,gaussian,1
2018-10-29,gaussian,1
2018-10-30,gaussian,1
2018-10-31,gaussian,1
2018-11-01,gaussian,1
2018-11-02,gaussian,1.0000000000000002
2018-11-05,gaussian,1.0000000000000002
2018-11-06,gaussian,1.0000000000000002
2018-11-07,gaussian,1
2018-11-08,gaussian,1.0000000000000002
2018-11-09,gaussian,1
2018-11-12,gaussian,1
2018-11-13,gaussian,1
2018-11-14,gaussian,1
2018-11-15,gaussian,1.0000000000000002
2018-11-16,gaussian,1
2018-11-19,gaussian,1.0000000000000002
2018-11-20,gaussian,1.0000000000000002
2018-11-21,gaussian,1
2018-11-22,gaussian,1.0000000000000002
2018-11-23,gaussian,1
2018-11-26,gaussian,1
2018-11-27,gaussian,1.0000000000000002
2018-11-28,gaussian,1
2018-11-29,gaussian,0.99999999999999989
2018-11-30,gaussian,1.0000000000000002
2018-12-03,gaussian,1.0000000000000002
2018-12-04,gaussian,1
2018-12-05,gaussian,1.0000000000000002
2018-12-06,gaussian,1
2018-12-07,gaussian,1
2018-12-10,gaussian,1.0000000000000002
2018-12-11,gaussian,1.0000000000000002
2018-12-12,gaussian,1
2018-12-13,gaussian,1
2018-12-14,gaussian,1
2018-12-17,gaussian,1
2018-12-18,gaussian,1
2018-12-19,gaussian,1
2018-12-20,gaussian,1
2018-12-21,gaussian,1
2018-12-24,gaussian,1
2018-12-25,gaussian,1
2018-12-26,gaussian,1
2018-12-27,gaussian,1
2018-12-28,gaussian,1
2018-12-31,gaussian,1.0000000000000002
2019-01-01,gaussian,1
2019-01-02,gaussian,1.0000000000000002
2019-01-03,gaussian,1.0000000000000007
2019-01-04,gaussian,1
2019-01-07,gaussian,1.0000000000000002
2019-01-08,gaussian,1.0000000000000002
2019-01-09,gaussian,1.0000000000000002
2019-01-10,gaussian,1
2019-01-11,gaussian,1
2019-01-14,gaussian,1.0000000000000002
2019-01-15,gaussian,1
2019-01-16,gaussian,1
2019-01-17,gaussian,1.0000000000000002
2019-01-18,gaussian,1.0000000000000002
2019-01-21,gaussian,1.0000000000000002
2019-01-22,gaussian,1
2019-01-23,gaussian,1.0000000000000002
2019-01-24,gaussian,1
2019-01-25,gaussian,1
2019-01-28,gaussian,1
2019-01-29,gaussian,0.99999999999999978
2019-01-30,gaussian,0.99999999999999989
2019-01-31,gaussian,1.0000000000000002
2019-02-01,gaussian,1.0000000000000004
2019-02-04,gaussian,1
2019-02-05,gaussian,1.0000000000000002
2019-02-06,gaussian,0.99999999999999978
2019-02-07,gaussian,1
2019-02-08,gaussian,1
2019-02-11,gaussian,1.0000000000000004
2019-02-12,gaussian,1.0000000000000002
2019-02-13,gaussian,1.0000000000000004
2019-02-14,gaussian,1
2019-02-15,gaussian,1.0000000000000002
2019-02-18,gaussian,1
2019-02-19,gaussian,1.0000000000000002
2019-02-20,gaussian,1.0000000000000004
2019-02-21,gaussian,1.0000000000000002
2019-02-22,gaussian,1.0000000000000002
2019-02-25,gaussian,1.0000000000000002
2019-02-26,gaussian,1
2019-02-27,gaussian,1
2019-02-28,gaussian,1
2019-03-01,gaussian,1.0000000000000002
2019-03-04,gaussian,1
2019-03-05,gaussian,0.99999999999999978
2019-03-06,gaussian,1.0000000000000002
2019-03-07,gaussian,1
2019-03-08,gaussian,1.0000000000000002
2019-03-11,gaussian,1
2019-03-12,gaussian,1.0000000000000002
2019-03-13,gaussian,1
2019-03-14,gaussian,1.0000000000000002
2019-03-15,gaussian,1
2019-03-18,gaussian,1
2019-03-19,gaussian,0.99999999999999989
2019-03-20,gaussian,1
2019-03-21,gaussian,1
2019-03-22,gaussian,1
2019-03-25,gaussian,1
2019-03-26,gaussian,1
2019-03-27,gaussian,1
2019-03-28,gaussian,1.0000000000000002
2019-03-29,gaussian,1
2019-04-01,gaussian,1
2019-04-02,gaussian,1
2019-04-03,gaussian,1.0000000000000002
2019-04-04,gaussian,1
2019-04-05,gaussian,0.99999999999999989
2019-04-08,gaussian,1.0000000000000002
2019-04-09,gaussian,1
2019-04-10,gaussian,1
2019-04-11,gaussian,1
2019-04-12,gaussian,1
2019-04-15,gaussian,1
2019-04-16,gaussian,1
2019-04-17,gaussian,1
2019-04-18,gaussian,1.0000000000000002
2019-04-19,gaussian,1.0000000000000002
2019-04-22,gaussian,1
2019-04-23,gaussian,1
2019-04-24,gaussian,1
2019-04-25,gaussian,1.0000000000000002
2019-04-26,gaussian,1
2019-04-29,gaussian,1.0000000000000002
2019-04-30,gaussian,1
2019-05-01,gaussian,1.0000000000000002
2019-05-02,gaussian,1.0000000000000002
2019-05-03,gaussian,1
2019-05-06,gaussian,1.0000000000000004
2019-05-07,gaussian,0.99999999999999978
2019-05-08,gaussian,1.0000000000000002
2019-05-09,gaussian,1.0000000000000002
2019-05-10,gaussian,1.0000000000000002
2019-05-13,gaussian,0.99999999999999944
2019-05-14,gaussian,1.0000000000000004
2019-05-15,gaussian,1.0000000000000002
2019-05-16,gaussian,1
2019-05-17,gaussian,1.0000000000000002
2019-05-20,gaussian,1
2019-05-21,gaussian,1.0000000000000002
2019-05-22,gaussian,1.0000000000000002
2019-05-23,gaussian,1.0000000000000002
2019-05-24,gaussian,1.0000000000000004
2019-05-27,gaussian,1.0000000000000002
2019-05-28,gaussian,1
2019-05-29,gaussian,1
2019-05-30,gaussian,1.0000000000000002
2019-05-31,gaussian,0.99999999999999989
2019-06-03,gaussian,1
2019-06-04,gaussian,1
2019-06-05,gaussian,1.0000000000000002
2019-06-06,gaussian,1
2019-06-07,gaussian,1
2019-06-10,gaussian,1.0000000000000002
2019-06-11,gaussian,1.0000000000000002
2019-06-12,gaussian,1
2019-06-13,gaussian,1.0000000000000002
2019-06-14,gaussian,1.0000000000000002
2019-06-17,gaussian,1.0000000000000002
2019-06-18,gaussian,1.0000000000000002
2019-06-19,gaussian,1
2019-06-20,gaussian,1
2019-06-21,gaussian,1
2019-06-24,gaussian,1
2019-06-25,gaussian,1
2019-06-26,gaussian,1
2019-06-27,gaussian,1.0000000000000002
2019-06-28,gaussian,1.0000000000000002
2019-07-01,gaussian,1
2019-07-02,gaussian,1
2019-07-03,gaussian,1.0000000000000002
2019-07-04,gaussian,1
2019-07-05,gaussian,1
2019-07-08,gaussian,1.0000000000000002
2019-07-09,gaussian,1.0000000000000002
2019-07-10,gaussian,1.0000000000000002
2019-07-11,gaussian,1.0000000000000002
2019-07-12,gaussian,1
2019-07-15,gaussian,1
2019-07-16,gaussian,1.0000000000000002
2019-07-17,gaussian,1
2019-07-18,gaussian,1.0000000000000002
2019-07-19,gaussian,1
2019-07-22,gaussian,1.0000000000000002
2019-07-23,gaussian,1
2019-07-24,gaussian,1
2019-07-25,gaussian,1.0000000000000002
2019-07-26,gaussian,1
2019-07-29,gaussian,1.0000000000000002
2019-07-30,gaussian,1
2019-07-31,gaussian,1
2019-08-01,gaussian,1.0000000000000002
2019-08-02,gaussian,1.0000000000000002
2019-08-05,gaussian,1.0000000000000002
2019-08-06,gaussian,1.0000000000000002
2019-08-07,gaussian,1.0000000000000002
2019-08-08,gaussian,1
2019-08-09,gaussian,1.0000000000000002
2019-08-12,gaussian,1
2019-08-13,gaussian,1.0000000000000002
2019-08-14,gaussian,1
2019-08-15,gaussian,1
2019-08-16,gaussian,1
2019-08-19,gaussian,1.0000000000000004
2019-08-20,gaussian,1
2019-08-21,gaussian,1.0000000000000002
2019-08-22,gaussian,1.0000000000000007
2019-08-23,gaussian,1
2019-08-26,gaussian,1
2019-08-27,gaussian,0.99999999999999989
2019-08-28,gaussian,1
2019-08-29,gaussian,1
2019-08-30,gaussian,1
2019-09-02,gaussian,1
2019-09-03,gaussian,0.99999999999999978
2019-09-04,gaussian,1.0000000000000002
2019-09-05,gaussian,1
2019-09-06,gaussian,1.0000000000000002
2019-09-09,gaussian,1.0000000000000002
2019-09-10,gaussian,1
2019-09-11,gaussian,1
2019-09-12,gaussian,1.0000000000000002
2019-09-13,gaussian,1.0000000000000002
2019-09-16,gaussian,1
2019-09-17,gaussian,1.0000000000000002
2019-09-18,gaussian,1
2019-09-19,gaussian,1.0000000000000002
2019-09-20,gaussian,1
2019-09-23,gaussian,1
2019-09-24,gaussian,1
2019-09-25,gaussian,1.0000000000000002
2019-09-26,gaussian,1
2019-09-27,gaussian,1.0000000000000002
2019-09-30,gaussian,1
2019-10-01,gaussian,1.0000000000000002
2019-10-02,gaussian,1.0000000000000002
2019-10-03,gaussian,1
2019-10-04,gaussian,1.0000000000000002
2019-10-07,gaussian,1.0000000000000002
2019-10-08,gaussian,0.99999999999999978
2019-10-09,gaussian,1
2019-10-10,gaussian,1
2019-10-11,gaussian,1
2019-10-14,gaussian,1
2019-10-15,gaussian,1
2019-10-16,gaussian,1.0000000000000002
2019-10-17,gaussian,1
2019-10-18,gaussian,1.0000000000000002
2019-10-21,gaussian,1
2019-10-22,gaussian,1.0000000000000002
2019-10-23,gaussian,1
2019-10-24,gaussian,1
2019-10-25,gaussian,1
2019-10-28,gaussian,0.99999999999999978
2019-10-29,gaussian,1.0000000000000002
2019-10-30,gaussian,1.0000000000000002
2019-10-31,gaussian,1
2019-11-01,gaussian,1.0000000000000002
2019-11-04,gaussian,0.99999999999999978
2019-11-05,gaussian,0.99999999999999989
2019-11-06,gaussian,1
2019-11-07,gaussian,1.0000000000000002
2019-11-08,gaussian,0.99999999999999989
2019-11-11,gaussian,1.0000000000000002
2019-11-12,gaussian,1
2019-11-13,gaussian,1.0000000000000002
2019-11-14,gaussian,1.0000000000000002
2019-11-15,gaussian,1
2019-11-18,gaussian,1
2019-11-19,gaussian,1.0000000000000002
2019-11-20,gaussian,1
2019-11-21,gaussian,1.0000000000000002
2019-11-22,gaussian,1
2019-11-25,gaussian,1.0000000000000004
2019-11-26,gaussian,1
2019-11-27,gaussian,1
2019-11-28,gaussian,1
2019-11-29,gaussian,1
2019-12-02,gaussian,1.0000000000000002
2019-12-03,gaussian,1.0000000000000002
2019-12-04,gaussian,1.0000000000000002
2019-12-05,gaussian,1.0000000000000002
2019-12-06,gaussian,1.0000000000000002
2019-12-09,gaussian,1
2019-12-10,gaussian,1
2019-12-11,gaussian,1
2019-12-12,gaussian,1.0000000000000002
2019-12-13,gaussian,1.0000000000000002
2019-12-16,gaussian,1.0000000000000002
2019-12-17,gaussian,1.0000000000000002
2019-12-18,gaussian,1.0000000000000002
2019-12-19,gaussian,1.0000000000000002
2019-12-20,gaussian,1.0000000000000002
2019-12-23,gaussian,1.0000000000000002
2019-12-24,gaussian,1
2019-12-25,gaussian,1.0000000000000002
2019-12-26,gaussian,1.0000000000000002
2019-12-27,gaussian,1.0000000000000002
2019-12-30,gaussian,1
2019-12-31,gaussian,1
2020-01-01,gaussian,1
2020-01-02,gaussian,1.0000000000000002
2020-01-03,gaussian,0.99999999999999989
2020-01-06,gaussian,1
2020-01-07,gaussian,1
2020-01-08,gaussian,1.0000000000000002
2020-01-09,gaussian,1.0000000000000002
2020-01-10,gaussian,1.0000000000000002
2020-01-13,gaussian,1.0000000000000002
2020-01-14,gaussian,1.0000000000000002
2020-01-15,gaussian,1.0000000000000002
2020-01-16,gaussian,1.0000000000000002
2020-01-17,gaussian,1.0000000000000002
2020-01-20,gaussian,1
2020-01-21,gaussian,1.0000000000000002
2020-01-22,gaussian,1
2020-01-23,gaussian,1
2020-01-24,gaussian,1
2020-01-27,gaussian,1.0000000000000002
2020-01-28,gaussian,1
2020-01-29,gaussian,1.0000000000000002
2020-01-30,gaussian,1.0000000000000002
2020-01-31,gaussian,0.99999999999999989
2020-02-03,gaussian,1
2020-02-04,gaussian,1
2020-02-05,gaussian,1
2020-02-06,gaussian,1.0000000000000002
2020-02-07,gaussian,1
2020-02-10,gaussian,1.0000000000000002
2020-02-11,gaussian,1
2020-02-12,gaussian,1.0000000000000002
2020-02-13,gaussian,1.0000000000000002
2020-02-14,gaussian,0.99999999999999978
2020-02-17,gaussian,1.0000000000000002
2020-02-18,gaussian,1.0000000000000002
2020-02-19,gaussian,1
2020-02-20,gaussian,1
2020-02-21,gaussian,1.0000000000000002
2020-02-24,gaussian,1.0000000000000002
2020-02-25,gaussian,1
2020-02-26,gaussian,1
2020-02-27,gaussian,1.0000000000000002
2020-02-28,gaussian,1.0000000000000002
2020-03-02,gaussian,1
2020-03-03,gaussian,1
2020-03-04,gaussian,1
2020-03-05,gaussian,1
2020-03-06,gaussian,1.0000000000000002
2020-03-09,gaussian,1.0000000000000002
2020-03-10,gaussian,1
2020-03-11,gaussian,1.0000000000000002
2020-03-12,gaussian,1
2020-03-13,gaussian,0.99999999999999956
2020-03-16,gaussian,0.99999999999999989
2020-03-17,gaussian,1
2020-03-18,gaussian,1.0000000000000002
2020-03-19,gaussian,1.0000000000000002
2020-03-20,gaussian,1.0000000000000002
2020-03-23,gaussian,1
2020-03-24,gaussian,0.99999999999999989
2020-03-25,gaussian,1
2020-03-26,gaussian,1.0000000000000002
2020-03-27,gaussian,1.0000000000000002
2020-03-30,gaussian,1
2020-03-31,gaussian,1.0000000000000002
2020-04-01,gaussian,1
2020-04-02,gaussian,1
2020-04-03,gaussian,1.0000000000000002
2020-04-06,gaussian,1
2020-04-07,gaussian,1
2020-04-08,gaussian,1
2020-04-09,gaussian,1
2020-04-10,gaussian,1
2020-04-13,gaussian,1
2020-04-14,gaussian,1
2020-04-15,gaussian,1
2020-04-16,gaussian,1
2020-04-17,gaussian,1.0000000000000002
2020-04-20,gaussian,1.0000000000000004
2020-04-21,gaussian,1
2020-04-22,gaussian,1
2020-04-23,gaussian,1.0000000000000002
2020-04-24,gaussian,1.0000000000000002
2020-04-27,gaussian,1
2020-04-28,gaussian,1.0000000000000002
2020-04-29,gaussian,1.0000000000000002
2020-04-30,gaussian,1.0000000000000002
2020-05-01,gaussian,1.0000000000000002
2020-05-04,gaussian,0.99999999999999989
2020-05-05,gaussian,1.0000000000000002
2020-05-06,gaussian,1
2020-05-07,gaussian,1.0000000000000002
2020-05-08,gaussian,1.0000000000000002
2020-05-11,gaussian,1.0000000000000002
2020-05-12,gaussian,1.0000000000000004
2020-05-13,gaussian,1
2020-05-14,gaussian,0.99999999999999978
2020-05-15,gaussian,1.0000000000000002
2020-05-18,gaussian,1
2020-05-19,gaussian,1.0000000000000002
2020-05-20,gaussian,1
2020-05-21,gaussian,1.0000000000000002
2020-05-22,gaussian,1.0000000000000002
2020-05-25,gaussian,1.0000000000000002
2020-05-26,gaussian,1.0000000000000002
2020-05-27,gaussian,1.0000000000000002
2020-05-28,gaussian,0.99999999999999989
2020-05-29,gaussian,1
2020-06-01,gaussian,0.99999999999999989
2020-06-02,gaussian,1
2020-06-03,gaussian,1.0000000000000002
2020-06-04,gaussian,1.0000000000000002
2020-06-05,gaussian,1.0000000000000002
2020-06-08,gaussian,1.0000000000000002
2020-06-09,gaussian,1.0000000000000002
2020-06-10,gaussian,1.0000000000000002
2020-06-11,gaussian,1
2020-06-12,gaussian,1
2020-06-15,gaussian,1.0000000000000002
2020-06-16,gaussian,1
2020-06-17,gaussian,1.0000000000000002
2020-06-18,gaussian,1.0000000000000002
2020-06-19,gaussian,1.0000000000000002
2020-06-22,gaussian,0.99999999999999989
2020-06-23,gaussian,1.0000000000000002
2020-06-24,gaussian,1
2020-06-25,gaussian,1.0000000000000002
2020-06-26,gaussian,1
2020-06-29,gaussian,1
2020-06-30,gaussian,1.0000000000000002
2020-07-01,gaussian,1.0000000000000002
2020-07-02,gaussian,1
2020-07-03,gaussian,1.0000000000000002
2020-07-06,gaussian,1.0000000000000002
2020-07-07,gaussian,1.0000000000000002
2020-07-08,gaussian,0.99999999999999989
2020-07-09,gaussian,1.0000000000000002
2020-07-10,gaussian,1
2020-07-13,gaussian,1
2020-07-14,gaussian,1
2020-07-15,gaussian,1.0000000000000002
2020-07-16,gaussian,1
2020-07-17,gaussian,1
2020-07-20,gaussian,1
2020-07-21,gaussian,1.0000000000000002
2020-07-22,gaussian,1
2020-07-23,gaussian,1.0000000000000004
2020-07-24,gaussian,1.0000000000000002
2020-07-27,gaussian,1.0000000000000002
2020-07-28,gaussian,1
2020-07-29,gaussian,1
2020-07-30,gaussian,1
2020-07-31,gaussian,1
2020-08-03,gaussian,1.0000000000000004
2020-08-04,gaussian,0.99999999999999989
2020-08-05,gaussian,1.0000000000000002
2020-08-06,gaussian,1.0000000000000007
2020-08-07,gaussian,1
2020-08-10,gaussian,1
2020-08-11,gaussian,1
2020-08-12,gaussian,1.0000000000000002
2020-08-13,gaussian,1.0000000000000002
2020-08-14,gaussian,1.0000000000000002
2020-08-17,gaussian,0.99999999999999989
2020-08-18,gaussian,0.99999999999999956
2020-08-19,gaussian,1
2020-08-20,gaussian,1
2020-08-21,gaussian,1.0000000000000002
2020-08-24,gaussian,1
2020-08-25,gaussian,1
2020-08-26,gaussian,1
2020-08-27,gaussian,1
2020-08-28,gaussian,1
2020-08-31,gaussian,1.0000000000000002
2020-09-01,gaussian,1
2020-09-02,gaussian,1
2020-09-03,gaussian,1.0000000000000004
2020-09-04,gaussian,1
2020-09-07,gaussian,1
2020-09-08,gaussian,1
2020-09-09,gaussian,1.0000000000000002
2020-09-10,gaussian,1.0000000000000002
2020-09-11,gaussian,1.0000000000000002
2020-09-14,gaussian,1.0000000000000002
2020-09-15,gaussian,1.0000000000000002
2020-09-16,gaussian,1
2020-09-17,gaussian,1
2020-09-18,gaussian,1
2020-09-21,gaussian,1.0000000000000004
2020-09-22,gaussian,1.0000000000000002
2020-09-23,gaussian,1
2020-09-24,gaussian,1.0000000000000002
2020-09-25,gaussian,1.0000000000000004
2020-09-28,gaussian,1
2020-09-29,gaussian,1
2020-09-30,gaussian,1.0000000000000002
2020-10-01,gaussian,1
2020-10-02,gaussian,1.0000000000000002
2020-10-05,gaussian,1
2020-10-06,gaussian,1
2020-10-07,gaussian,1
2020-10-08,gaussian,0.99999999999999989
2020-10-09,gaussian,1
2020-10-12,gaussian,1
2020-10-13,gaussian,1
2020-10-14,gaussian,1.0000000000000002
2020-10-15,gaussian,1
2020-10-16,gaussian,1.0000000000000002
2020-10-19,gaussian,1
2020-10-20,gaussian,1.0000000000000002
2020-10-21,gaussian,1
2020-10-22,gaussian,1
2020-10-23,gaussian,1.0000000000000002
2020-10-26,gaussian,1.0000000000000002
2020-10-27,gaussian,1
2020-10-28,gaussian,1
2020-10-29,gaussian,1.0000000000000002
2020-10-30,gaussian,1
2020-11-02,gaussian,1
2020-11-03,gaussian,1.0000000000000002
2020-11-04,gaussian,1.0000000000000002
2020-11-05,gaussian,1
2020-11-06,gaussian,1.0000000000000002
2020-11-09,gaussian,1.0000000000000007
2020-11-10,gaussian,1.0000000000000002
2020-11-11,gaussian,1.0000000000000002
2020-11-12,gaussian,1
2020-11-13,gaussian,1
2020-11-16,gaussian,1.0000000000000002
2020-11-17,gaussian,1
2020-11-18,gaussian,1
2020-11-19,gaussian,1.0000000000000007
2020-11-20,gaussian,1
2020-11-23,gaussian,1.0000000000000002
2020-11-24,gaussian,1
2020-11-25,gaussian,1
2020-11-26,gaussian,1.0000000000000002
2020-11-27,gaussian,1
2020-11-30,gaussian,1.0000000000000002
2020-12-01,gaussian,1
2020-12-02,gaussian,1
2020-12-03,gaussian,1
2020-12-04,gaussian,1
2020-12-07,gaussian,1
2020-12-08,gaussian,1.0000000000000002
2020-12-09,gaussian,1
2020-12-10,gaussian,1.0000000000000002
2020-12-11,gaussian,1
2020-12-14,gaussian,1
2020-12-15,gaussian,1
2020-12-16,gaussian,1
2020-12-17,gaussian,1
2020-12-18,gaussian,1.0000000000000002
2020-12-21,gaussian,0.99999999999999989
2020-12-22,gaussian,0.99999999999999989
2020-12-23,gaussian,1
2020-12-24,gaussian,0.99999999999999978
2020-12-25,gaussian,0.99999999999999944
2020-12-28,gaussian,0.99999999999999989
2020-12-29,gaussian,1
2020-12-30,gaussian,1
2020-12-31,gaussian,1.0000000000000002
2021-01-01,gaussian,1.0000000000000002
2021-01-04,gaussian,1
2021-01-05,gaussian,1
2021-01-06,gaussian,1.0000000000000002
2021-01-07,gaussian,1
2021-01-08,gaussian,1
2021-01-11,gaussian,1.0000000000000002
2021-01-12,gaussian,1
2021-01-13,gaussian,0.99999999999999989
2021-01-14,gaussian,1
2021-01-15,gaussian,1
2021-01-18,gaussian,1.0000000000000002
2021-01-19,gaussian,1
2021-01-20,gaussian,1
2021-01-21,gaussian,1
2021-01-22,gaussian,1
2021-01-25,gaussian,1.0000000000000002
2021-01-26,gaussian,1
2021-01-27,gaussian,0.99999999999999989
2021-01-28,gaussian,1
2021-01-29,gaussian,1
2021-02-01,gaussian,1
2021-02-02,gaussian,1.0000000000000002
2021-02-03,gaussian,1.0000000000000002
2021-02-04,gaussian,1.0000000000000002
2021-02-05,gaussian,1
2021-02-08,gaussian,1
2021-02-09,gaussian,1.0000000000000002
2021-02-10,gaussian,1
2021-02-11,gaussian,1
2021-02-12,gaussian,1.0000000000000002
2021-02-15,gaussian,1.0000000000000002
2021-02-16,gaussian,1.0000000000000002
2021-02-17,gaussian,1
2021-02-18,gaussian,1.0000000000000002
2021-02-19,gaussian,1.0000000000000002
2021-02-22,gaussian,1.0000000000000002
2021-02-23,gaussian,1
2021-02-24,gaussian,1.0000000000000002
2021-02-25,gaussian,1
2021-02-26,gaussian,1
2021-03-01,gaussian,1
2021-03-02,gaussian,1.0000000000000002
2021-03-03,gaussian,1
2021-03-04,gaussian,1
2021-03-05,gaussian,1.0000000000000002
2021-03-08,gaussian,1
2021-03-09,gaussian,1
2021-03-10,gaussian,1
2021-03-11,gaussian,1
2021-03-12,gaussian,1.0000000000000002
2021-03-15,gaussian,1.0000000000000002
2021-03-16,gaussian,1.0000000000000002
2021-03-17,gaussian,1.0000000000000002
2021-03-18,gaussian,1
2021-03-19,gaussian,1.0000000000000002
2021-03-22,gaussian,1.0000000000000002
2021-03-23,gaussian,1
2021-03-24,gaussian,1
2021-03-25,gaussian,1
2021-03-26,gaussian,1
2021-03-29,gaussian,1
2021-03-30,gaussian,1
2021-03-31,gaussian,1.0000000000000002
2021-04-01,gaussian,1
2021-04-02,gaussian,1
2021-04-05,gaussian,1.0000000000000002
2021-04-06,gaussian,1.0000000000000002
2021-04-07,gaussian,0.99999999999999989
2021-04-08,gaussian,1
2021-04-09,gaussian,1.0000000000000002
2021-04-12,gaussian,1.0000000000000002
2021-04-13,gaussian,1.0000000000000002
2021-04-14,gaussian,1
2021-04-15,gaussian,1
2021-04-16,gaussian,1.0000000000000002
2021-04-19,gaussian,1
2021-04-20,gaussian,1.0000000000000002
2021-04-21,gaussian,1.0000000000000002
2021-04-22,gaussian,1
2021-04-23,gaussian,1
2021-04-26,gaussian,1.0000000000000002
2021-04-27,gaussian,1
2021-04-28,gaussian,1
2021-04-29,gaussian,1
2021-04-30,gaussian,1.0000000000000002
2021-05-03,gaussian,1
2021-05-04,gaussian,1.0000000000000002
2021-05-05,gaussian,1
2021-05-06,gaussian,1.0000000000000002
2021-05-07,gaussian,1
2021-05-10,gaussian,1
2021-05-11,gaussian,1
2021-05-12,gaussian,1
2021-05-13,gaussian,1
2021-05-14,gaussian,1
2021-05-17,gaussian,1
2021-05-18,gaussian,1
2021-05-19,gaussian,0.99999999999999989
2021-05-20,gaussian,1
2021-05-21,gaussian,1
2021-05-24,gaussian,1.0000000000000002
2021-05-25,gaussian,1
2021-05-26,gaussian,1
2021-05-27,gaussian,1
2021-05-28,gaussian,1.0000000000000002
2021-05-31,gaussian,1.0000000000000002
2021-06-01,gaussian,1
2021-06-02,gaussian,1
2021-06-03,gaussian,1
2021-06-04,gaussian,1
2021-06-07,gaussian,1.0000000000000002
2021-06-08,gaussian,1.0000000000000002
2021-06-09,gaussian,1.0000000000000002
2021-06-10,gaussian,1.0000000000000002
2021-06-11,gaussian,1
2021-06-14,gaussian,1
2021-06-15,gaussian,1
2021-06-16,gaussian,1.0000000000000002
2021-06-17,gaussian,1
2021-06-18,gaussian,1.0000000000000002
2021-06-21,gaussian,1
2021-06-22,gaussian,1.0000000000000002
2021-06-23,gaussian,1
2021-06-24,gaussian,1.0000000000000002
2021-06-25,gaussian,1.0000000000000002
2021-06-28,gaussian,1
2021-06-29,gaussian,1
2021-06-30,gaussian,1
2021-07-01,gaussian,1.0000000000000002
2021-07-02,gaussian,1.0000000000000002
2021-07-05,gaussian,1.0000000000000002
2021-07-06,gaussian,1
2021-07-07,gaussian,1
2021-07-08,gaussian,1
2021-07-09,gaussian,1.0000000000000002
2021-07-12,gaussian,1.0000000000000002
2021-07-13,gaussian,1
2021-07-14,gaussian,1
2021-07-15,gaussian,1.0000000000000002
2021-07-16,gaussian,1.0000000000000002
2021-07-19,gaussian,1
2021-07-20,gaussian,1
2021-07-21,gaussian,1
2021-07-22,gaussian,1.0000000000000002
2021-07-23,gaussian,1
2021-07-26,gaussian,1
2021-07-27,gaussian,1
2021-07-28,gaussian,1
2021-07-29,gaussian,1
2021-07-30,gaussian,1.0000000000000002
2021-08-02,gaussian,1
2021-08-03,gaussian,1
2021-08-04,gaussian,1
2021-08-05,gaussian,1.0000000000000002
2021-08-06,gaussian,1
2021-08-09,gaussian,1
2021-08-10,gaussian,1
2021-08-11,gaussian,1
2021-08-12,gaussian,1
2021-08-13,gaussian,1
2021-08-16,gaussian,1.0000000000000002
2021-08-17,gaussian,1
2021-08-18,gaussian,1
2021-08-19,gaussian,1.0000000000000002
2021-08-20,gaussian,1.0000000000000002
2021-08-23,gaussian,1
2021-08-24,gaussian,1
2021-08-25,gaussian,1
2021-08-26,gaussian,1
2021-08-27,gaussian,1
2021-08-30,gaussian,1
2021-08-31,gaussian,1
2021-09-01,gaussian,1.0000000000000002
2021-09-02,gaussian,1
2021-09-03,gaussian,1
2021-09-06,gaussian,1
2021-09-07,gaussian,1
2021-09-08,gaussian,1
2021-09-09,gaussian,1.0000000000000002
2021-09-10,gaussian,1.0000000000000002
2021-09-13,gaussian,1
2021-09-14,gaussian,1
2021-09-15,gaussian,1
2021-09-16,gaussian,1
2021-09-17,gaussian,1
2021-09-20,gaussian,1.0000000000000002
2021-09-21,gaussian,1
2021-09-22,gaussian,1.0000000000000002
2021-09-23,gaussian,1
2021-09-24,gaussian,1.0000000000000002
2021-09-27,gaussian,1
2021-09-28,gaussian,1
2021-09-29,gaussian,1.0000000000000002
2021-09-30,gaussian,1.0000000000000002
2021-10-01,gaussian,1.0000000000000002
2021-10-04,gaussian,1
2021-10-05,gaussian,1.0000000000000002
2021-10-06,gaussian,1
2021-10-07,gaussian,1
2021-10-08,gaussian,1
2021-10-11,gaussian,1
2021-10-12,gaussian,1
2021-10-13,gaussian,1
2021-10-14,gaussian,1.0000000000000002
2021-10-15,gaussian,1
2021-10-18,gaussian,1
2021-10-19,gaussian,1.0000000000000002
2021-10-20,gaussian,1
2021-10-21,gaussian,1
2021-10-22,gaussian,1.0000000000000002
2021-10-25,gaussian,1
2021-10-26,gaussian,1
2021-10-27,gaussian,1.0000000000000002
2021-10-28,gaussian,1.0000000000000002
2021-10-29,gaussian,1.0000000000000002
2021-11-01,gaussian,1
2021-11-02,gaussian,1
2021-11-03,gaussian,1.0000000000000002
2021-11-04,gaussian,1.0000000000000002
2021-11-05,gaussian,1.0000000000000002
2021-11-08,gaussian,1.0000000000000002
2021-11-09,gaussian,1
2021-11-10,gaussian,1.0000000000000002
2021-11-11,gaussian,1
2021-11-12,gaussian,1
2021-11-15,gaussian,1.0000000000000002
2021-11-16,gaussian,1
2021-11-17,gaussian,1.0000000000000002
2021-11-18,gaussian,1.0000000000000002
2021-11-19,gaussian,1
2021-11-22,gaussian,1.0000000000000002
2021-11-23,gaussian,1
2021-11-24,gaussian,1.0000000000000002
2021-11-25,gaussian,1.0000000000000002
2021-11-26,gaussian,1.0000000000000002
2021-11-29,gaussian,1.0000000000000002
2021-11-30,gaussian,1
2021-12-01,gaussian,1.0000000000000002
2021-12-02,gaussian,1.0000000000000002
2021-12-03,gaussian,1
2021-12-06,gaussian,1
2021-12-07,gaussian,1.0000000000000002
2021-12-08,gaussian,1.0000000000000002
2021-12-09,gaussian,1
2021-12-10,gaussian,1
2021-12-13,gaussian,1.0000000000000002
2021-12-14,gaussian,1.0000000000000002
2021-12-15,gaussian,1.0000000000000002
2021-12-16,gaussian,1.0000000000000002
2021-12-17,gaussian,1.0000000000000002
2021-12-20,gaussian,1.0000000000000002
2021-12-21,gaussian,1
2021-12-22,gaussian,1.0000000000000002
2021-12-23,gaussian,1.0000000000000002
2021-12-24,gaussian,1
2021-12-27,gaussian,1
2021-12-28,gaussian,1.0000000000000002
2021-12-29,gaussian,1.0000000000000002
2021-12-30,gaussian,1
2021-12-31,gaussian,1
2022-01-03,gaussian,1
2022-01-04,gaussian,1
2022-01-05,gaussian,1
2022-01-06,gaussian,1.0000000000000002
2022-01-07,gaussian,1.0000000000000002
2022-01-10,gaussian,1
2022-01-11,gaussian,1.0000000000000002
2022-01-12,gaussian,1
2022-01-13,gaussian,1
2022-01-14,gaussian,1.0000000000000002
2022-01-17,gaussian,1
2022-01-18,gaussian,1
2022-01-19,gaussian,1
2022-01-20,gaussian,1.0000000000000002
2022-01-21,gaussian,1
2022-01-24,gaussian,1
2022-01-25,gaussian,1
2022-01-26,gaussian,1
2022-01-27,gaussian,1
2022-01-28,gaussian,1.0000000000000002
2022-01-31,gaussian,1
2022-02-01,gaussian,1.0000000000000002
2022-02-02,gaussian,1.0000000000000002
2022-02-03,gaussian,1
2022-02-04,gaussian,1
2022-02-07,gaussian,1
2022-02-08,gaussian,1.0000000000000002
2022-02-09,gaussian,1
2022-02-10,gaussian,1
2022-02-11,gaussian,1.0000000000000002
2022-02-14,gaussian,1.0000000000000002
2022-02-15,gaussian,1
2022-02-16,gaussian,1
2022-02-17,gaussian,1
2022-02-18,gaussian,1
2022-02-21,gaussian,1.0000000000000002
2022-02-22,gaussian,1.0000000000000002
2022-02-23,gaussian,1
2022-02-24,gaussian,1.0000000000000002
2022-02-25,gaussian,1.0000000000000002
2022-02-28,gaussian,1.0000000000000002
2022-03-01,gaussian,1
2022-03-02,gaussian,1
2022-03-03,gaussian,1.0000000000000002
2022-03-04,gaussian,1.0000000000000002
2022-03-07,gaussian,1
2022-03-08,gaussian,1.0000000000000002
2022-03-09,gaussian,1.0000000000000002
2022-03-10,gaussian,1.0000000000000002
2022-03-11,gaussian,1
2022-03-14,gaussian,1
2022-03-15,gaussian,1
2022-03-16,gaussian,1
2022-03-17,gaussian,1
2022-03-18,gaussian,1
2022-03-21,gaussian,1
2022-03-22,gaussian,1.0000000000000002
2022-03-23,gaussian,1
2022-03-24,gaussian,1.0000000000000002
2022-03-25,gaussian,1
2022-03-28,gaussian,1
2022-03-29,gaussian,1
2022-03-30,gaussian,1
2022-03-31,gaussian,1.0000000000000002
2022-04-01,gaussian,1
2022-04-04,gaussian,1.0000000000000002
2022-04-05,gaussian,1.0000000000000002
2022-04-06,gaussian,1
2022-04-07,gaussian,1.0000000000000002
2022-04-08,gaussian,1
2022-04-11,gaussian,1
2022-04-12,gaussian,1
2022-04-13,gaussian,1.0000000000000002
2022-04-14,gaussian,1.0000000000000002
2022-04-15,gaussian,1.0000000000000002
2022-04-18,gaussian,1.0000000000000002
2022-04-19,gaussian,1.0000000000000002
2022-04-20,gaussian,1.0000000000000002
2022-04-21,gaussian,1
2022-04-22,gaussian,1
2022-04-25,gaussian,1.0000000000000002
2022-04-26,gaussian,1
2022-04-27,gaussian,1.0000000000000002
2022-04-28,gaussian,1.0000000000000002
2022-04-29,gaussian,1
2022-05-02,gaussian,1.0000000000000002
2022-05-03,gaussian,1
2022-05-04,gaussian,1.0000000000000002
2022-05-05,gaussian,1.0000000000000002
2022-05-06,gaussian,1.0000000000000002
2022-05-09,gaussian,1
2022-05-10,gaussian,1
2022-05-11,gaussian,1
2022-05-12,gaussian,1
2022-05-13,gaussian,1
2022-05-16,gaussian,1.0000000000000002
2022-05-17,gaussian,1
2022-05-18,gaussian,1.0000000000000002
2022-05-19,gaussian,1.0000000000000002
2022-05-20,gaussian,1
2022-05-23,gaussian,1
2022-05-24,gaussian,1.0000000000000002
2022-05-25,gaussian,1.0000000000000002
2022-05-26,gaussian,1.0000000000000002
2022-05-27,gaussian,1
2022-05-30,gaussian,1.0000000000000002
2022-05-31,gaussian,1
2022-06-01,gaussian,1
2022-06-02,gaussian,1
2022-06-03,gaussian,1
2022-06-06,gaussian,1
2022-06-07,gaussian,1
2022-06-08,gaussian,1
2022-06-09,gaussian,1
2022-06-10,gaussian,1.0000000000000002
2022-06-13,gaussian,1.0000000000000002
2022-06-14,gaussian,1
2022-06-15,gaussian,1.0000000000000002
2022-06-16,gaussian,1.0000000000000002
2022-06-17,gaussian,1.0000000000000002
2022-06-20,gaussian,1
2022-06-21,gaussian,1
2022-06-22,gaussian,1
2022-06-23,gaussian,1
2022-06-24,gaussian,1
2022-06-27,gaussian,1
2022-06-28,gaussian,1
2022-06-29,gaussian,1
2022-06-30,gaussian,1
2022-07-01,gaussian,1
2022-07-04,gaussian,1
2022-07-05,gaussian,1.0000000000000002
2022-07-06,gaussian,1
2022-07-07,gaussian,1.0000000000000002
2022-07-08,gaussian,1.0000000000000002
2022-07-11,gaussian,0.99999999999999989
2022-07-12,gaussian,1.0000000000000002
2022-07-13,gaussian,1.0000000000000002
2022-07-14,gaussian,1
2022-07-15,gaussian,1
2022-07-18,gaussian,1
2022-07-19,gaussian,1.0000000000000002
2022-07-20,gaussian,1
2022-07-21,gaussian,1.0000000000000002
2022-07-22,gaussian,1.0000000000000002
2022-07-25,gaussian,1
2022-07-26,gaussian,1.0000000000000002
2022-07-27,gaussian,1
2022-07-28,gaussian,1
2022-07-29,gaussian,1
2022-08-01,gaussian,1
2022-08-02,gaussian,1
2022-08-03,gaussian,1
2022-08-04,gaussian,1.0000000000000002
2022-08-05,gaussian,1.0000000000000002
2022-08-08,gaussian,1.0000000000000002
2022-08-09,gaussian,1.0000000000000002
2022-08-10,gaussian,1.0000000000000002
2022-08-11,gaussian,1.0000000000000002
2022-08-12,gaussian,1.0000000000000002
2022-08-15,gaussian,1
2022-08-16,gaussian,1.0000000000000002
2022-08-17,gaussian,1.0000000000000002
2022-08-18,gaussian,1.0000000000000002
2022-08-19,gaussian,1.0000000000000002
2022-08-22,gaussian,1.0000000000000002
2022-08-23,gaussian,1.0000000000000002
2022-08-24,gaussian,1
2022-08-25,gaussian,1
2022-08-26,gaussian,0.99999999999999989
2022-08-29,gaussian,1
2022-08-30,gaussian,1.0000000000000002
2022-08-31,gaussian,1.0000000000000002
2022-09-01,gaussian,1
2022-09-02,gaussian,1.0000000000000002
2022-09-05,gaussian,1.0000000000000002
2022-09-06,gaussian,1.0000000000000002
2022-09-07,gaussian,1
2022-09-08,gaussian,1.0000000000000002
2022-09-09,gaussian,1
2022-09-12,gaussian,1
2022-09-13,gaussian,1
2022-09-14,gaussian,1.0000000000000002
2022-09-15,gaussian,1.0000000000000002
2022-09-16,gaussian,1.0000000000000002
2022-09-19,gaussian,1.0000000000000002
2022-09-20,gaussian,1.0000000000000002
2022-09-21,gaussian,1.0000000000000002
2022-09-22,gaussian,1.0000000000000002
2022-09-23,gaussian,1
2022-09-26,gaussian,1
2022-09-27,gaussian,1.0000000000000002
2022-09-28,gaussian,1
2022-09-29,gaussian,1
2022-09-30,gaussian,1
2022-10-03,gaussian,1
2022-10-04,gaussian,1
2022-10-05,gaussian,1.0000000000000002
2022-10-06,gaussian,1
2022-10-07,gaussian,1.0000000000000002
2022-10-10,gaussian,1
2022-10-11,gaussian,1
2022-10-12,gaussian,1
2022-10-13,gaussian,1.0000000000000002
2022-10-14,gaussian,1
2022-10-17,gaussian,1
2022-10-18,gaussian,1
2022-10-19,gaussian,1.0000000000000002
2022-10-20,gaussian,1
2022-10-21,gaussian,1
2022-10-24,gaussian,1.0000000000000002
2022-10-25,gaussian,1
2022-10-26,gaussian,1.0000000000000002
2022-10-27,gaussian,1.0000000000000002
2022-10-28,gaussian,1
2022-10-31,gaussian,1.0000000000000002
2022-11-01,gaussian,1.0000000000000002
2022-11-02,gaussian,1.0000000000000002
2022-11-03,gaussian,1
2022-11-04,gaussian,1
2022-11-07,gaussian,1.0000000000000002
2022-11-08,gaussian,1.0000000000000002
2022-11-09,gaussian,1
2022-11-10,gaussian,0.99999999999999978
2022-11-11,gaussian,1
2022-11-14,gaussian,1
2022-11-15,gaussian,1.0000000000000002
2022-11-16,gaussian,1
2022-11-17,gaussian,1.0000000000000002
2022-11-18,gaussian,1.0000000000000002
2022-11-21,gaussian,1
2022-11-22,gaussian,1.0000000000000002
2022-11-23,gaussian,1
2022-11-24,gaussian,1
2022-11-25,gaussian,1.0000000000000002
2022-11-28,gaussian,0.99999999999999989
2022-11-29,gaussian,1
2022-11-30,gaussian,0.99999999999999989
2022-12-01,gaussian,1
2022-12-02,gaussian,1
2022-12-05,gaussian,0.99999999999999989
2022-12-06,gaussian,1.0000000000000002
2022-12-07,gaussian,1
2022-12-08,gaussian,1.0000000000000002
2022-12-09,gaussian,1
2022-12-12,gaussian,1.0000000000000002
2022-12-13,gaussian,1
2022-12-14,gaussian,1
2022-12-15,gaussian,1.0000000000000002
2022-12-16,gaussian,1
2022-12-19,gaussian,1.0000000000000002
2022-12-20,gaussian,1
2022-12-21,gaussian,1.0000000000000002
2022-12-22,gaussian,0.99999999999999978
2022-12-23,gaussian,1.0000000000000002
2022-12-26,gaussian,1.0000000000000002
2022-12-27,gaussian,1.0000000000000002
2022-12-28,gaussian,1
2022-12-29,gaussian,1.0000000000000002
2022-12-30,gaussian,1
2023-01-02,gaussian,1.0000000000000002
2023-01-03,gaussian,1.0000000000000002
2023-01-04,gaussian,1
2023-01-05,gaussian,1.0000000000000002
2023-01-06,gaussian,1.0000000000000002
2023-01-09,gaussian,1
2023-01-10,gaussian,1
2023-01-11,gaussian,1
2023-01-12,gaussian,1.0000000000000002
2023-01-13,gaussian,0.99999999999999978
2023-01-16,gaussian,1
2023-01-17,gaussian,1.0000000000000002
2023-01-18,gaussian,1.0000000000000002
2023-01-19,gaussian,1.0000000000000002
2023-01-20,gaussian,0.99999999999999989
2023-01-23,gaussian,1
2023-01-24,gaussian,1
2023-01-25,gaussian,1
2023-01-26,gaussian,1
2023-01-27,gaussian,1
2023-01-30,gaussian,1.0000000000000002
2023-01-31,gaussian,1.0000000000000002
2023-02-01,gaussian,1.0000000000000002
2023-02-02,gaussian,1
2023-02-03,gaussian,0.99999999999999989
2023-02-06,gaussian,1.0000000000000002
2023-02-07,gaussian,1.0000000000000002
2023-02-08,gaussian,1.0000000000000002
2023-02-09,gaussian,1.0000000000000002
2023-02-10,gaussian,1
2023-02-13,gaussian,1.0000000000000002
2023-02-14,gaussian,1
2023-02-15,gaussian,0.99999999999999989
2023-02-16,gaussian,1
2023-02-17,gaussian,1.0000000000000002
2023-02-20,gaussian,1
2023-02-21,gaussian,1.0000000000000002
2023-02-22,gaussian,1
2023-02-23,gaussian,1
2023-02-24,gaussian,1
2023-02-27,gaussian,0.99999999999999989
2023-02-28,gaussian,1
2023-03-01,gaussian,1.0000000000000002
2023-03-02,gaussian,1.0000000000000004
2023-03-03,gaussian,1.0000000000000002
2023-03-06,gaussian,1
2023-03-07,gaussian,1
2023-03-08,gaussian,1
2023-03-09,gaussian,1
2023-03-10,gaussian,1
2023-03-13,gaussian,1.0000000000000002
2023-03-14,gaussian,0.99999999999999989
2023-03-15,gaussian,1.0000000000000002
2023-03-16,gaussian,1.0000000000000002
2023-03-17,gaussian,1
2023-03-20,gaussian,1
2023-03-21,gaussian,1.0000000000000002
2023-03-22,gaussian,1.0000000000000002
2023-03-23,gaussian,1.0000000000000002
2023-03-24,gaussian,1
2023-03-27,gaussian,1.0000000000000002
2023-03-28,gaussian,1.0000000000000002
2023-03-29,gaussian,1
2023-03-30,gaussian,1
2023-03-31,gaussian,1
2023-04-03,gaussian,1
2023-04-04,gaussian,1
2023-04-05,gaussian,1
2023-04-06,gaussian,0.99999999999999989
2023-04-07,gaussian,1
2023-04-10,gaussian,1
2023-04-11,gaussian,1.0000000000000002
2023-04-12,gaussian,1.0000000000000002
2023-04-13,gaussian,1
2023-04-14,gaussian,1.0000000000000002
2023-04-17,gaussian,1.0000000000000002
2023-04-18,gaussian,1
2023-04-19,gaussian,1
2023-04-20,gaussian,1.0000000000000002
2023-04-21,gaussian,1.0000000000000002
2023-04-24,gaussian,1
2023-04-25,gaussian,1.0000000000000002
2023-04-26,gaussian,1.0000000000000002
2023-04-27,gaussian,1
2023-04-28,gaussian,1
2023-05-01,gaussian,1
2023-05-02,gaussian,1
2023-05-03,gaussian,1
2023-05-04,gaussian,1.0000000000000002
2023-05-05,gaussian,1
2023-05-08,gaussian,1.0000000000000002
2023-05-09,gaussian,1.0000000000000002
2023-05-10,gaussian,1
2023-05-11,gaussian,1
2023-05-12,gaussian,1.0000000000000002
2023-05-15,gaussian,1
2023-05-16,gaussian,1.0000000000000002
2023-05-17,gaussian,1.0000000000000002
2023-05-18,gaussian,1.0000000000000002
2023-05-19,gaussian,1
2023-05-22,gaussian,1.0000000000000002
2023-05-23,gaussian,1.0000000000000002
2023-05-24,gaussian,1.0000000000000002
2023-05-25,gaussian,1
2023-05-26,gaussian,1.0000000000000002
2023-05-29,gaussian,1
2023-05-30,gaussian,1.0000000000000002
2023-05-31,gaussian,1
2023-06-01,gaussian,1.0000000000000002
2023-06-02,gaussian,1.0000000000000002
2023-06-05,gaussian,1.0000000000000002
2023-06-06,gaussian,1
2023-06-07,gaussian,1.0000000000000002
2023-06-08,gaussian,1
2023-06-09,gaussian,1
2023-06-12,gaussian,1.0000000000000002
2023-06-13,gaussian,1
2023-06-14,gaussian,1
2023-06-15,gaussian,1
2023-06-16,gaussian,1.0000000000000004
2023-06-19,gaussian,1.0000000000000002
2023-06-20,gaussian,1.0000000000000002
2023-06-21,gaussian,1
2023-06-22,gaussian,1
2023-06-23,gaussian,1.0000000000000002
2023-06-26,gaussian,1
2023-06-27,gaussian,1.0000000000000002
2023-06-28,gaussian,1.0000000000000002
2023-06-29,gaussian,1.0000000000000002
2023-06-30,gaussian,1.0000000000000002
2023-07-03,gaussian,1.0000000000000002
2023-07-04,gaussian,1
2023-07-05,gaussian,1
2023-07-06,gaussian,1
2023-07-07,gaussian,1
2023-07-10,gaussian,1.0000000000000002
2023-07-11,gaussian,1.0000000000000002
2023-07-12,gaussian,1.0000000000000004
2023-07-13,gaussian,1
2023-07-14,gaussian,1
2023-07-17,gaussian,1
2023-07-18,gaussian,1
2023-07-19,gaussian,1
2023-07-20,gaussian,1
2023-07-21,gaussian,1
2023-07-24,gaussian,0.99999999999999989
2023-07-25,gaussian,1
2023-07-26,gaussian,1
2023-07-27,gaussian,1
2023-07-28,gaussian,1.0000000000000002
2023-07-31,gaussian,1.0000000000000004
2023-08-01,gaussian,0.99999999999999989
2023-08-02,gaussian,1.0000000000000002
2023-08-03,gaussian,1
2023-08-04,gaussian,0.99999999999999989
2023-08-07,gaussian,1.0000000000000002
2023-08-08,gaussian,1
2023-08-09,gaussian,0.99999999999999989
2023-08-10,gaussian,1
2023-08-11,gaussian,1.0000000000000002
2023-08-14,gaussian,1.0000000000000002
2023-08-15,gaussian,0.99999999999999967
2023-08-16,gaussian,1.0000000000000002
2023-08-17,gaussian,0.99999999999999978
2023-08-18,gaussian,1.0000000000000002
2023-08-21,gaussian,1
2023-08-22,gaussian,1
2023-08-23,gaussian,1
2023-08-24,gaussian,1
2023-08-25,gaussian,1.0000000000000002
2023-08-28,gaussian,1
2023-08-29,gaussian,1
2023-08-30,gaussian,1
2023-08-31,gaussian,1
2023-09-01,gaussian,1.0000000000000002
2023-09-04,gaussian,1.0000000000000002
2023-09-05,gaussian,1
2023-09-06,gaussian,1.0000000000000002
2023-09-07,gaussian,1.0000000000000002
2023-09-08,gaussian,1
2023-09-11,gaussian,1
2023-09-12,gaussian,1
2023-09-13,gaussian,1
2023-09-14,gaussian,1.0000000000000002
2023-09-15,gaussian,1
2023-09-18,gaussian,1.0000000000000002
2023-09-19,gaussian,1
2023-09-20,gaussian,1.0000000000000004
2023-09-21,gaussian,0.99999999999999978
2023-09-22,gaussian,1.0000000000000002
2023-09-25,gaussian,1
2023-09-26,gaussian,1.0000000000000002
2023-09-27,gaussian,1
2023-09-28,gaussian,1
2023-09-29,gaussian,1
2023-10-02,gaussian,1.0000000000000002
2023-10-03,gaussian,1.0000000000000002
2023-10-04,gaussian,1
2023-10-05,gaussian,1
2023-10-06,gaussian,1.0000000000000002
2023-10-09,gaussian,1.0000000000000002
2023-10-10,gaussian,0.99999999999999978
2023-10-11,gaussian,1.0000000000000002
2023-10-12,gaussian,1.0000000000000002
2023-10-13,gaussian,0.99999999999999978
2023-10-16,gaussian,1
2023-10-17,gaussian,1.0000000000000002
2023-10-18,gaussian,1.0000000000000004
2023-10-19,gaussian,0.99999999999999989
2023-10-20,gaussian,1
2023-10-23,gaussian,1
2023-10-24,gaussian,1.0000000000000002
2023-10-25,gaussian,1.0000000000000002
2023-10-26,gaussian,0.99999999999999989
2023-10-27,gaussian,1.0000000000000004
2023-10-30,gaussian,1
2023-10-31,gaussian,1.0000000000000002
2023-11-01,gaussian,1.0000000000000002
2023-11-02,gaussian,1
2023-11-03,gaussian,1.0000000000000002
2023-11-06,gaussian,1
2023-11-07,gaussian,1.0000000000000002
2023-11-08,gaussian,1.0000000000000002
2023-11-09,gaussian,1.0000000000000004
2023-11-10,gaussian,1.0000000000000002
2023-11-13,gaussian,1
2023-11-14,gaussian,1.0000000000000002
2023-11-15,gaussian,1
2023-11-16,gaussian,1
2023-11-17,gaussian,1
2023-11-20,gaussian,1
2023-11-21,gaussian,1
2023-11-22,gaussian,1.0000000000000002
2023-11-23,gaussian,1
2023-11-24,gaussian,1.0000000000000002
2023-11-27,gaussian,1.0000000000000002
2023-11-28,gaussian,1.0000000000000002
2023-11-29,gaussian,1.0000000000000002
2023-11-30,gaussian,1.0000000000000002
2023-12-01,gaussian,1.0000000000000002
2023-12-04,gaussian,1.0000000000000002
2023-12-05,gaussian,1.0000000000000002
2023-12-06,gaussian,1
2023-12-07,gaussian,0.99999999999999989
2023-12-08,gaussian,1
2023-12-11,gaussian,1.0000000000000002
2023-12-12,gaussian,1.0000000000000002
2023-12-13,gaussian,1.0000000000000002
2023-12-14,gaussian,0.99999999999999989
2023-12-15,gaussian,1.0000000000000002
2023-12-18,gaussian,1.0000000000000002
2023-12-19,gaussian,1.0000000000000002
2023-12-20,gaussian,1
2023-12-21,gaussian,0.99999999999999989
2023-12-22,gaussian,1.0000000000000002
2023-12-25,gaussian,1.0000000000000002
2023-12-26,gaussian,1
2023-12-27,gaussian,1
2023-12-28,gaussian,1
2023-12-29,gaussian,1.0000000000000002
2024-01-01,gaussian,1.0000000000000002
2024-01-02,gaussian,1
2024-01-03,gaussian,1.0000000000000002
2024-01-04,gaussian,1.0000000000000002
2024-01-05,gaussian,1.0000000000000002
2024-01-08,gaussian,1
2024-01-09,gaussian,1
2024-01-10,gaussian,1
2024-01-11,gaussian,1.0000000000000002
2024-01-12,gaussian,1.0000000000000002
2024-01-15,gaussian,1.0000000000000002
2024-01-16,gaussian,1
2024-01-17,gaussian,1
2024-01-18,gaussian,1
2024-01-19,gaussian,1.0000000000000002
2024-01-22,gaussian,1
2024-01-23,gaussian,1
2024-01-24,gaussian,1
2024-01-25,gaussian,1.0000000000000002
2024-01-26,gaussian,1.0000000000000002
2024-01-29,gaussian,1
2024-01-30,gaussian,1.0000000000000002
2024-01-31,gaussian,1
2024-02-01,gaussian,1
2024-02-02,gaussian,1.0000000000000002
2024-02-05,gaussian,1.0000000000000002
2024-02-06,gaussian,1
2024-02-07,gaussian,1
2024-02-08,gaussian,1.0000000000000002
2024-02-09,gaussian,1.0000000000000002
2024-02-12,gaussian,1
2024-02-13,gaussian,1.0000000000000002
2024-02-14,gaussian,1.0000000000000002
2024-02-15,gaussian,1
2024-02-16,gaussian,1
2024-02-19,gaussian,1
2024-02-20,gaussian,1
2024-02-21,gaussian,1
2024-02-22,gaussian,1
2024-02-23,gaussian,1
2024-02-26,gaussian,1.0000000000000002
2024-02-27,gaussian,1.0000000000000002
2024-02-28,gaussian,1.0000000000000002
2024-02-29,gaussian,1.0000000000000002
2024-03-01,gaussian,1
2024-03-04,gaussian,1.0000000000000002
2024-03-05,gaussian,1
2024-03-06,gaussian,1
2024-03-07,gaussian,1
2024-03-08,gaussian,1
2024-03-11,gaussian,1
2024-03-12,gaussian,1
2024-03-13,gaussian,1
2024-03-14,gaussian,1
2024-03-15,gaussian,1
2024-03-18,gaussian,1
2024-03-19,gaussian,1
2024-03-20,gaussian,1.0000000000000002
2024-03-21,gaussian,1
2024-03-22,gaussian,1
2024-03-25,gaussian,1.0000000000000002
2024-03-26,gaussian,1
2024-03-27,gaussian,1
2024-03-28,gaussian,1
2024-03-29,gaussian,1
2024-04-01,gaussian,1.0000000000000002
2024-04-02,gaussian,1.0000000000000002
2024-04-03,gaussian,1
2024-04-04,gaussian,1
2024-04-05,gaussian,1
2024-04-08,gaussian,1
2024-04-09,gaussian,1
2024-04-10,gaussian,1
2024-04-11,gaussian,1
2024-04-12,gaussian,1
2024-04-15,gaussian,1
2024-04-16,gaussian,1
2024-04-17,gaussian,1.0000000000000002
2024-04-18,gaussian,1.0000000000000002
2024-04-19,gaussian,1.0000000000000002
2024-04-22,gaussian,1
2024-04-23,gaussian,1
2024-04-24,gaussian,1
2024-04-25,gaussian,1
2024-04-26,gaussian,1.0000000000000002
2024-04-29,gaussian,1
2024-04-30,gaussian,1.0000000000000002
2024-05-01,gaussian,1.0000000000000002
2024-05-02,gaussian,1.0000000000000002
2024-05-03,gaussian,1
2024-05-06,gaussian,1
2024-05-07,gaussian,1
2024-05-08,gaussian,1
2024-05-09,gaussian,1
2024-05-10,gaussian,1
2024-05-13,gaussian,1
2024-05-14,gaussian,1.0000000000000002
2024-05-15,gaussian,1.0000000000000002
2024-05-16,gaussian,1
2024-05-17,gaussian,1
2024-05-20,gaussian,1
2024-05-21,gaussian,1
2024-05-22,gaussian,1
2024-05-23,gaussian,1.0000000000000002
2024-05-24,gaussian,1
2024-05-27,gaussian,1
2024-05-28,gaussian,1
2024-05-29,gaussian,1.0000000000000002
2024-05-30,gaussian,1
2024-05-31,gaussian,1
2024-06-03,gaussian,1
2024-06-04,gaussian,1
2024-06-05,gaussian,1.0000000000000002
2024-06-06,gaussian,1
2024-06-07,gaussian,1
2024-06-10,gaussian,1.0000000000000002
2024-06-11,gaussian,1.0000000000000002
2024-06-12,gaussian,1
2024-06-13,gaussian,1.0000000000000002
2024-06-14,gaussian,1
2024-06-17,gaussian,1
2024-06-18,gaussian,1.0000000000000002
2024-06-19,gaussian,1
2024-06-20,gaussian,1
2024-06-21,gaussian,1
2024-06-24,gaussian,1
2024-06-25,gaussian,1.0000000000000002
2024-06-26,gaussian,1
2024-06-27,gaussian,1
2024-06-28,gaussian,1.0000000000000002
2024-07-01,gaussian,1
2024-07-02,gaussian,1.0000000000000002
2024-07-03,gaussian,1
2024-07-04,gaussian,1
2024-07-05,gaussian,1
2024-07-08,gaussian,1.0000000000000002
2024-07-09,gaussian,1.0000000000000002
2024-07-10,gaussian,1
2024-07-11,gaussian,1.0000000000000002
2024-07-12,gaussian,1.0000000000000002
2024-07-15,gaussian,1
2024-07-16,gaussian,1.0000000000000002
2024-07-17,gaussian,1
2024-07-18,gaussian,1
2024-07-19,gaussian,1.0000000000000002
2024-07-22,gaussian,1.0000000000000002
2024-07-23,gaussian,1.0000000000000002
2024-07-24,gaussian,1.0000000000000002
2024-07-25,gaussian,1
2024-07-26,gaussian,1
2024-07-29,gaussian,1.0000000000000002
2024-07-30,gaussian,1
2024-07-31,gaussian,1
2024-08-01,gaussian,1
2024-08-02,gaussian,1.0000000000000002
2024-08-05,gaussian,1
2024-08-06,gaussian,1.0000000000000002
2024-08-07,gaussian,1
2024-08-08,gaussian,1.0000000000000002
2024-08-09,gaussian,1.0000000000000002
2024-08-12,gaussian,1.0000000000000002
2024-08-13,gaussian,1
2024-08-14,gaussian,1
2024-08-15,gaussian,1
2024-08-16,gaussian,1.0000000000000002
2024-08-19,gaussian,1
2024-08-20,gaussian,1
2024-08-21,gaussian,1
2024-08-22,gaussian,1.0000000000000002
2024-08-23,gaussian,1
2024-08-26,gaussian,1.0000000000000002
2024-08-27,gaussian,1
2024-08-28,gaussian,1
2024-08-29,gaussian,1.0000000000000002
2024-08-30,gaussian,1.0000000000000002
2024-09-02,gaussian,1.0000000000000002
2024-09-03,gaussian,1
2024-09-04,gaussian,1.0000000000000002
2024-09-05,gaussian,1.0000000000000002
2024-09-06,gaussian,1.0000000000000002
2024-09-09,gaussian,1.0000000000000002
2024-09-10,gaussian,1.0000000000000002
2024-09-11,gaussian,1.0000000000000002
2024-09-12,gaussian,1
2024-09-13,gaussian,1
2024-09-16,gaussian,1.0000000000000002
2024-09-17,gaussian,1.0000000000000002
2024-09-18,gaussian,1
2024-09-19,gaussian,1
2024-09-20,gaussian,1
2024-09-23,gaussian,1.0000000000000002
2024-09-24,gaussian,1
2024-09-25,gaussian,1
2024-09-26,gaussian,1.0000000000000002
2024-09-27,gaussian,1
2024-09-30,gaussian,1.0000000000000002
2024-10-01,gaussian,1
2024-10-02,gaussian,1
2024-10-03,gaussian,1
2024-10-04,gaussian,1
2024-10-07,gaussian,1
2024-10-08,gaussian,1.0000000000000002
2024-10-09,gaussian,1
2024-10-10,gaussian,1.0000000000000002
2024-10-11,gaussian,1
2024-10-14,gaussian,1
2024-10-15,gaussian,1.0000000000000002
2024-10-16,gaussian,1
2024-10-17,gaussian,1.0000000000000002
2024-10-18,gaussian,1
2024-10-21,gaussian,1
2024-10-22,gaussian,1
2024-10-23,gaussian,1.0000000000000002
2024-10-24,gaussian,1
2024-10-25,gaussian,1
2024-10-28,gaussian,1
2024-10-29,gaussian,1
2024-10-30,gaussian,1.0000000000000002
2024-10-31,gaussian,1
2024-11-01,gaussian,1.0000000000000002
2024-11-04,gaussian,1
2024-11-05,gaussian,1
2024-11-06,gaussian,1
2024-11-07,gaussian,1
2024-11-08,gaussian,1.0000000000000002
2024-11-11,gaussian,1.0000000000000002
2024-11-12,gaussian,1
2024-11-13,gaussian,1.0000000000000002
2024-11-14,gaussian,1
2024-11-15,gaussian,1
2024-11-18,gaussian,1
2024-11-19,gaussian,1.0000000000000002
2024-11-20,gaussian,1
2024-11-21,gaussian,1
2024-11-22,gaussian,1
2024-11-25,gaussian,1.0000000000000002
2024-11-26,gaussian,1.0000000000000002
2024-11-27,gaussian,1.0000000000000002
2024-11-28,gaussian,1
2024-11-29,gaussian,1.0000000000000002
2024-12-02,gaussian,1.0000000000000002
2024-12-03,gaussian,1.0000000000000002
2024-12-04,gaussian,1
2024-12-05,gaussian,1
2024-12-06,gaussian,1.0000000000000002
2024-12-09,gaussian,1.0000000000000002
2024-12-10,gaussian,1
2024-12-11,gaussian,1
2024-12-12,gaussian,1
2024-12-13,gaussian,1.0000000000000002
2024-12-16,gaussian,1.0000000000000002
2024-12-17,gaussian,1
2024-12-18,gaussian,1
2024-12-19,gaussian,1.0000000000000002
2024-12-20,gaussian,1.0000000000000002
2024-12-23,gaussian,1
2024-12-24,gaussian,1.0000000000000002
2024-12-25,gaussian,1.0000000000000002
2024-12-26,gaussian,1
2024-12-27,gaussian,1
2024-12-30,gaussian,1.0000000000000002
2024-12-31,gaussian,1
2025-01-02,gaussian,1
2025-01-03,gaussian,1.0000000000000002
2025-01-06,gaussian,1
2025-01-07,gaussian,1
2025-01-08,gaussian,1
2025-01-09,gaussian,1
2025-01-10,gaussian,1
2025-01-13,gaussian,1.0000000000000002
2025-01-14,gaussian,1.0000000000000002
2025-01-15,gaussian,1
2025-01-16,gaussian,1.0000000000000002
2025-01-17,gaussian,1
2025-01-20,gaussian,1
2025-01-21,gaussian,1.0000000000000002
2025-01-22,gaussian,1
2025-01-23,gaussian,1
2025-01-24,gaussian,1
2025-01-27,gaussian,1.0000000000000002
2025-01-28,gaussian,1
2025-01-29,gaussian,1
2025-01-30,gaussian,1
2025-01-31,gaussian,1.0000000000000002
2025-02-03,gaussian,1.0000000000000002
2025-02-04,gaussian,1
2025-02-05,gaussian,1.0000000000000002
2025-02-06,gaussian,1.0000000000000002
2025-02-07,gaussian,1.0000000000000004
2025-02-10,gaussian,1
2025-02-11,gaussian,1
2025-02-12,gaussian,1
2025-02-13,gaussian,1.0000000000000002
2025-02-14,gaussian,1
2025-02-17,gaussian,1
2025-02-18,gaussian,1
2025-02-19,gaussian,1
2025-02-20,gaussian,1
2025-02-21,gaussian,1
2025-02-24,gaussian,1
2025-02-25,gaussian,1
2025-02-26,gaussian,1
2025-02-27,gaussian,1
2025-02-28,gaussian,1
2025-03-03,gaussian,1
2025-03-04,gaussian,1
2025-03-05,gaussian,1
2025-03-06,gaussian,1
2025-03-07,gaussian,1
2025-03-10,gaussian,0.99999999999999989
2025-03-11,gaussian,1.0000000000000002
2025-03-12,gaussian,1.0000000000000002
2025-03-13,gaussian,1
2025-03-14,gaussian,1
2025-03-17,gaussian,1
2025-03-18,gaussian,1
2025-03-19,gaussian,1
2025-03-20,gaussian,1.0000000000000002
2025-03-21,gaussian,1
2025-03-24,gaussian,1.0000000000000002
2025-03-25,gaussian,1
2025-03-26,gaussian,1
2025-03-27,gaussian,1
2025-03-28,gaussian,1
2025-03-31,gaussian,1
2025-04-01,gaussian,1
2025-04-02,gaussian,1.0000000000000002
2025-04-03,gaussian,1
2025-04-04,gaussian,1
2025-04-07,gaussian,1.0000000000000002
2025-04-08,gaussian,1
2025-04-09,gaussian,0.99999999999999967
2025-04-10,gaussian,1.0000000000000004
2025-04-11,gaussian,1.0000000000000002
2025-04-14,gaussian,1
2025-04-15,gaussian,1
2025-04-16,gaussian,1
2025-04-17,gaussian,1
2025-04-18,gaussian,1.0000000000000002
2025-04-21,gaussian,1
2025-04-22,gaussian,1.0000000000000002
2025-04-23,gaussian,1.0000000000000002
2025-04-24,gaussian,1.0000000000000002
2025-04-25,gaussian,1
2025-04-28,gaussian,1
2025-04-29,gaussian,1
2025-04-30,gaussian,1
2025-05-01,gaussian,1
2025-05-02,gaussian,1.0000000000000002
2025-05-05,gaussian,1
2025-05-06,gaussian,1
2025-05-07,gaussian,1.0000000000000002
2025-05-08,gaussian,1
2025-05-09,gaussian,1
2025-05-12,gaussian,1
2025-05-13,gaussian,1.0000000000000002
2025-05-14,gaussian,1
2025-05-15,gaussian,1
2025-05-16,gaussian,1
2025-05-19,gaussian,1
2025-05-20,gaussian,1
2025-05-21,gaussian,1
2025-05-22,gaussian,1
2025-05-23,gaussian,1.0000000000000002
2025-05-26,gaussian,1
2025-05-27,gaussian,1.0000000000000002
2025-05-28,gaussian,1.0000000000000002
2025-05-29,gaussian,1.0000000000000002
2025-05-30,gaussian,1.0000000000000002
2025-06-02,gaussian,1
2025-06-03,gaussian,1.0000000000000002
2025-06-04,gaussian,1.0000000000000002
2025-06-05,gaussian,1
2025-06-06,gaussian,1
2025-06-09,gaussian,1.0000000000000002
2025-06-10,gaussian,1
2025-06-11,gaussian,1
2025-06-12,gaussian,1
2025-06-13,gaussian,1
2025-06-16,gaussian,1
2025-06-17,gaussian,1.0000000000000002
2025-06-18,gaussian,1.0000000000000002
2025-06-19,gaussian,1
2025-06-20,gaussian,1.0000000000000002
2025-06-23,gaussian,1
2025-06-24,gaussian,1.0000000000000002
2025-06-25,gaussian,1.0000000000000002
2025-06-26,gaussian,1.0000000000000002
2025-06-27,gaussian,1
2025-06-30,gaussian,1
2025-07-01,gaussian,1
2025-07-02,gaussian,1.0000000000000004
2025-07-03,gaussian,1.0000000000000002
2025-07-04,gaussian,1.0000000000000002
2025-07-07,gaussian,1.0000000000000002
2025-07-08,gaussian,1.0000000000000002
2025-07-09,gaussian,1
2025-07-10,gaussian,1.0000000000000002
2025-07-11,gaussian,1.0000000000000002
2025-07-14,gaussian,1.0000000000000002
2025-07-15,gaussian,1.0000000000000002
2025-07-16,gaussian,1.0000000000000002
2025-07-17,gaussian,1
2025-07-18,gaussian,1
2025-07-21,gaussian,1
2025-07-22,gaussian,1.0000000000000002
2025-07-23,gaussian,1.0000000000000002
2025-07-24,gaussian,1
2025-07-25,gaussian,1.0000000000000002
2025-07-28,gaussian,1
2025-07-29,gaussian,1.0000000000000002
2025-07-30,gaussian,1
2025-07-31,gaussian,0.99999999999999989
2025-08-01,gaussian,1.0000000000000002
2025-08-04,gaussian,0.99999999999999978
2025-08-05,gaussian,1.0000000000000002
2025-08-06,gaussian,1
2025-08-07,gaussian,1
2025-08-08,gaussian,1
2025-08-11,gaussian,1
2025-08-12,gaussian,1.0000000000000002
2025-08-13,gaussian,1.0000000000000002
2025-08-14,gaussian,1
2025-08-15,gaussian,1.0000000000000002
2025-08-18,gaussian,1
2025-08-19,gaussian,1.0000000000000002
2025-08-20,gaussian,1
2025-08-21,gaussian,1.0000000000000002
2025-08-22,gaussian,1
2025-08-25,gaussian,1.0000000000000004
2025-08-26,gaussian,1
2025-08-27,gaussian,1.0000000000000002
2025-08-28,gaussian,1
2025-08-29,gaussian,1
2025-09-01,gaussian,1
2025-09-02,gaussian,1.0000000000000002
2025-09-03,gaussian,1
2025-09-04,gaussian,1.0000000000000002
2025-09-05,gaussian,1.0000000000000002
2025-09-08,gaussian,1
2025-09-09,gaussian,1
2025-09-10,gaussian,1
2025-09-11,gaussian,1.0000000000000002
2025-09-12,gaussian,1
2025-09-15,gaussian,1.0000000000000002
2025-09-16,gaussian,1.0000000000000002
2025-09-17,gaussian,1.0000000000000004
2025-09-18,gaussian,1.0000000000000002
2025-09-19,gaussian,1
2025-09-22,gaussian,1.0000000000000002
2025-09-23,gaussian,1.0000000000000002
2025-09-24,gaussian,1
2025-09-25,gaussian,1
2025-09-26,gaussian,1.0000000000000004
2025-09-29,gaussian,1
2025-09-30,gaussian,1
2025-10-01,gaussian,1
2025-10-02,gaussian,1
2025-10-03,gaussian,1.0000000000000002
2025-10-06,gaussian,1.0000000000000002
2025-10-07,gaussian,1.0000000000000002
2025-10-08,gaussian,1
2025-10-09,gaussian,1.0000000000000002
2025-10-10,gaussian,1
2025-10-13,gaussian,1
2025-10-14,gaussian,1.0000000000000002
2025-10-15,gaussian,1.0000000000000002
2025-10-16,gaussian,1.0000000000000002
2025-10-17,gaussian,1
2025-10-20,gaussian,1
2025-10-21,gaussian,1
2025-10-22,gaussian,1
2025-10-23,gaussian,1
2025-10-24,gaussian,1.0000000000000002
2025-10-27,gaussian,1
2025-10-28,gaussian,1
2025-10-29,gaussian,1
2025-10-30,gaussian,1
2025-10-31,gaussian,1.0000000000000002
2025-11-03,gaussian,1.0000000000000002
2025-11-04,gaussian,1
2025-11-05,gaussian,1
2025-11-06,gaussian,0.99999999999999989
2025-11-07,gaussian,1
2025-11-10,gaussian,1.0000000000000002
2025-11-11,gaussian,1
2025-11-12,gaussian,1
2025-11-13,gaussian,1
2025-11-14,gaussian,1.0000000000000002
2025-11-17,gaussian,1
2025-11-18,gaussian,1
2025-11-19,gaussian,1.0000000000000002
2025-11-20,gaussian,1
2025-11-21,gaussian,1.0000000000000002
2025-11-24,gaussian,1
2025-11-25,gaussian,1.0000000000000004
2025-11-26,gaussian,1
2025-11-27,gaussian,1.0000000000000002
2025-11-28,gaussian,1.0000000000000002
2025-12-01,gaussian,1
2025-12-02,gaussian,1.0000000000000002
2025-12-03,gaussian,1.0000000000000002
2025-12-04,gaussian,1.0000000000000002
2025-12-05,gaussian,1
2025-12-08,gaussian,1
2025-12-09,gaussian,1.0000000000000002
2025-12-10,gaussian,1
2025-12-11,gaussian,1.0000000000000004
2025-12-12,gaussian,1.0000000000000002
2025-12-15,gaussian,1
2025-12-16,gaussian,1
2025-12-17,gaussian,1.0000000000000002
2025-12-18,gaussian,0.99999999999999989
2025-12-19,gaussian,1.0000000000000002
2025-12-22,gaussian,1
2025-12-23,gaussian,1
2025-12-24,gaussian,1.0000000000000002
2025-12-25,gaussian,1
2025-12-26,gaussian,1.0000000000000002
2025-12-29,gaussian,1
2025-12-30,gaussian,1.0000000000000002
2005-01-03,linear,1
2005-01-04,linear,1.0000000000000002
2005-01-05,linear,1.0000000000000002
2005-01-06,linear,1
2005-01-07,linear,1
2005-01-10,linear,1.0000000000000002
2005-01-11,linear,1.0000000000000002
2005-01-12,linear,1
2005-01-13,linear,1
2005-01-14,linear,1.0000000000000002
2005-01-17,linear,1
2005-01-18,linear,1.0000000000000002
2005-01-19,linear,1.0000000000000002
2005-01-20,linear,1
2005-01-21,linear,1
2005-01-24,linear,1
2005-01-25,linear,1.0000000000000002
2005-01-26,linear,0.99999999999999989
2005-01-27,linear,1.0000000000000002
2005-01-28,linear,1.0000000000000002
2005-01-31,linear,1.0000000000000002
2005-02-01,linear,1.0000000000000002
2005-02-02,linear,1
2005-02-03,linear,1.0000000000000002
2005-02-04,linear,1.0000000000000004
2005-02-07,linear,1
2005-02-08,linear,1
2005-02-09,linear,1.0000000000000002
2005-02-10,linear,1
2005-02-11,linear,1
2005-02-14,linear,1.0000000000000002
2005-02-15,linear,1
2005-02-16,linear,1.0000000000000002
2005-02-17,linear,1.0000000000000002
2005-02-18,linear,1
2005-02-21,linear,1.0000000000000002
2005-02-22,linear,1.0000000000000002
2005-02-23,linear,0.99999999999999978
2005-02-24,linear,1.0000000000000004
2005-02-25,linear,1
2005-02-28,linear,1.0000000000000002
2005-03-01,linear,1.0000000000000002
2005-03-02,linear,1
2005-03-03,linear,1.0000000000000002
2005-03-04,linear,1
2005-03-07,linear,1.0000000000000002
2005-03-08,linear,1
2005-03-09,linear,1.0000000000000002
2005-03-10,linear,1.0000000000000002
2005-03-11,linear,1.0000000000000002
2005-03-14,linear,1.0000000000000004
2005-03-15,linear,1.0000000000000002
2005-03-16,linear,1.0000000000000002
2005-03-17,linear,1.0000000000000002
2005-03-18,linear,1.0000000000000002
2005-03-21,linear,1.0000000000000002
2005-03-22,linear,1.0000000000000002
2005-03-23,linear,1
2005-03-24,linear,1.0000000000000002
2005-03-25,linear,1.0000000000000002
2005-03-28,linear,1
2005-03-29,linear,1
2005-03-30,linear,1.0000000000000004
2005-03-31,linear,1.0000000000000002
2005-04-01,linear,1.0000000000000002
2005-04-04,linear,0.99999999999999989
2005-04-05,linear,1.0000000000000002
2005-04-06,linear,1
2005-04-07,linear,1.0000000000000002
2005-04-08,linear,1.0000000000000002
2005-04-11,linear,1
2005-04-12,linear,1.0000000000000002
2005-04-13,linear,1.0000000000000002
2005-04-14,linear,1.0000000000000002
2005-04-15,linear,0.99999999999999989
2005-04-18,linear,1.0000000000000004
2005-04-19,linear,0.99999999999999989
2005-04-20,linear,1.0000000000000002
2005-04-21,linear,0.99999999999999956
2005-04-22,linear,1.0000000000000002
2005-04-25,linear,1
2005-04-26,linear,1
2005-04-27,linear,1.0000000000000004
2005-04-28,linear,1.0000000000000002
2005-04-29,linear,1
2005-05-02,linear,0.99999999999999989
2005-05-03,linear,1.0000000000000002
2005-05-04,linear,1
2005-05-05,linear,1
2005-05-06,linear,1.0000000000000002
2005-05-09,linear,1
2005-05-10,linear,1
2005-05-11,linear,1.0000000000000002
2005-05-12,linear,1.0000000000000002
2005-05-13,linear,1.0000000000000002
2005-05-16,linear,1
2005-05-17,linear,0.99999999999999989
2005-05-18,linear,1.0000000000000002
2005-05-19,linear,1
2005-05-20,linear,1
2005-05-23,linear,1
2005-05-24,linear,0.99999999999999989
2005-05-25,linear,1.0000000000000002
2005-05-26,linear,0.99999999999999989
2005-05-27,linear,1
2005-05-30,linear,1.0000000000000002
2005-05-31,linear,1.0000000000000004
2005-06-01,linear,0.99999999999999989
2005-06-02,linear,1
2005-06-03,linear,1
2005-06-06,linear,1.0000000000000002
2005-06-07,linear,1
2005-06-08,linear,1
2005-06-09,linear,1.0000000000000002
2005-06-10,linear,1
2005-06-13,linear,1
2005-06-14,linear,1
2005-06-15,linear,1
2005-06-16,linear,1
2005-06-17,linear,1.0000000000000002
2005-06-20,linear,1.0000000000000002
2005-06-21,linear,1
2005-06-22,linear,1
2005-06-23,linear,1
2005-06-24,linear,1
2005-06-27,linear,1.0000000000000002
2005-06-28,linear,0.99999999999999989
2005-06-29,linear,1.0000000000000002
2005-06-30,linear,1.0000000000000002
2005-07-01,linear,1
2005-07-04,linear,1.0000000000000002
2005-07-05,linear,1.0000000000000002
2005-07-06,linear,1
2005-07-07,linear,1
2005-07-08,linear,1
2005-07-11,linear,1
2005-07-12,linear,1
2005-07-13,linear,1
2005-07-14,linear,1.0000000000000002
2005-07-15,linear,1
2005-07-18,linear,1
2005-07-19,linear,1
2005-07-20,linear,1.0000000000000002
2005-07-21,linear,1
2005-07-22,linear,1
2005-07-25,linear,0.99999999999999989
2005-07-26,linear,1.0000000000000002
2005-07-27,linear,1
2005-07-28,linear,1
2005-07-29,linear,1
2005-08-01,linear,1
2005-08-02,linear,1.0000000000000002
2005-08-03,linear,1
2005-08-04,linear,1
2005-08-05,linear,1
2005-08-08,linear,1.0000000000000002
2005-08-09,linear,1
2005-08-10,linear,1
2005-08-11,linear,1.0000000000000002
2005-08-12,linear,1
2005-08-15,linear,1.0000000000000002
2005-08-16,linear,1
2005-08-17,linear,1
2005-08-18,linear,1.0000000000000004
2005-08-19,linear,1
2005-08-22,linear,1
2005-08-23,linear,1
2005-08-24,linear,1
2005-08-25,linear,1.0000000000000002
2005-08-26,linear,1
2005-08-29,linear,1.0000000000000004
2005-08-30,linear,1
2005-08-31,linear,1.0000000000000002
2005-09-01,linear,1.0000000000000002
2005-09-02,linear,1
2005-09-05,linear,1
2005-09-06,linear,1.0000000000000002
2005-09-07,linear,1
2005-09-08,linear,1
2005-09-09,linear,1
2005-09-12,linear,1.0000000000000002
2005-09-13,linear,1
2005-09-14,linear,1
2005-09-15,linear,1
2005-09-16,linear,0.99999999999999989
2005-09-19,linear,1.0000000000000002
2005-09-20,linear,1
2005-09-21,linear,1
2005-09-22,linear,1.0000000000000002
2005-09-23,linear,1
2005-09-26,linear,1
2005-09-27,linear,1.0000000000000002
2005-09-28,linear,1
2005-09-29,linear,1
2005-09-30,linear,1.0000000000000002
2005-10-03,linear,1
2005-10-04,linear,1
2005-10-05,linear,1.0000000000000002
2005-10-06,linear,1
2005-10-07,linear,1
2005-10-10,linear,1
2005-10-11,linear,1
2005-10-12,linear,1
2005-10-13,linear,0.99999999999999989
2005-10-14,linear,1.0000000000000002
2005-10-17,linear,1.0000000000000002
2005-10-18,linear,1
2005-10-19,linear,1
2005-10-20,linear,1.0000000000000002
2005-10-21,linear,1.0000000000000002
2005-10-24,linear,1.0000000000000002
2005-10-25,linear,1
2005-10-26,linear,1
2005-10-27,linear,1
2005-10-28,linear,1
2005-10-31,linear,1
2005-11-01,linear,1
2005-11-02,linear,1
2005-11-03,linear,1
2005-11-04,linear,1.0000000000000002
2005-11-07,linear,1
2005-11-08,linear,1
2005-11-09,linear,1.0000000000000002
2005-11-10,linear,1
2005-11-11,linear,1
2005-11-14,linear,1.0000000000000002
2005-11-15,linear,1
2005-11-16,linear,1
2005-11-17,linear,1
2005-11-18,linear,1.0000000000000002
2005-11-21,linear,1
2005-11-22,linear,1.0000000000000002
2005-11-23,linear,1
2005-11-24,linear,1.0000000000000002
2005-11-25,linear,1.0000000000000002
2005-11-28,linear,1
2005-11-29,linear,1.0000000000000002
2005-11-30,linear,1
2005-12-01,linear,1
2005-12-02,linear,1
2005-12-05,linear,1.0000000000000002
2005-12-06,linear,1
2005-12-07,linear,1.0000000000000002
2005-12-08,linear,1.0000000000000002
2005-12-09,linear,1
2005-12-12,linear,1
2005-12-13,linear,1.0000000000000002
2005-12-14,linear,1
2005-12-15,linear,1
2005-12-16,linear,1
2005-12-19,linear,1
2005-12-20,linear,1
2005-12-21,linear,1
2005-12-22,linear,1
2005-12-23,linear,1
2005-12-26,linear,1
2005-12-27,linear,1
2005-12-28,linear,1
2005-12-29,linear,1
2005-12-30,linear,1.0000000000000002
2006-01-02,linear,1.0000000000000002
2006-01-03,linear,1
2006-01-04,linear,1
2006-01-05,linear,1.0000000000000002
2006-01-06,linear,1.0000000000000002
2006-01-09,linear,1
2006-01-10,linear,1
2006-01-11,linear,1
2006-01-12,linear,1
2006-01-13,linear,1
2006-01-16,linear,1.0000000000000002
2006-01-17,linear,1
2006-01-18,linear,1
2006-01-19,linear,1.0000000000000002
2006-01-20,linear,0.99999999999999978
2006-01-23,linear,1
2006-01-24,linear,0.99999999999999978
2006-01-25,linear,1.0000000000000002
2006-01-26,linear,0.99999999999999989
2006-01-27,linear,1.0000000000000002
2006-01-30,linear,0.99999999999999978
2006-01-31,linear,1
2006-02-01,linear,1.0000000000000002
2006-02-02,linear,1.0000000000000002
2006-02-03,linear,1
2006-02-06,linear,1
2006-02-07,linear,1.0000000000000002
2006-02-08,linear,1.0000000000000007
2006-02-09,linear,1
2006-02-10,linear,1.0000000000000002
2006-02-13,linear,1.0000000000000002
2006-02-14,linear,1.0000000000000002
2006-02-15,linear,1
2006-02-16,linear,1.0000000000000002
2006-02-17,linear,1
2006-02-20,linear,0.99999999999999989
2006-02-21,linear,1.0000000000000002
2006-02-22,linear,1.0000000000000004
2006-02-23,linear,1
2006-02-24,linear,1
2006-02-27,linear,1
2006-02-28,linear,1.0000000000000002
2006-03-01,linear,1.0000000000000002
2006-03-02,linear,1.0000000000000002
2006-03-03,linear,1.0000000000000004
2006-03-06,linear,1
2006-03-07,linear,1.0000000000000002
2006-03-08,linear,1.0000000000000002
2006-03-09,linear,1
2006-03-10,linear,1
2006-03-13,linear,1
2006-03-14,linear,1.0000000000000002
2006-03-15,linear,1.0000000000000002
2006-03-16,linear,1
2006-03-17,linear,1
2006-03-20,linear,1
2006-03-21,linear,1.0000000000000002
2006-03-22,linear,1
2006-03-23,linear,1.0000000000000002
2006-03-24,linear,1.0000000000000002
2006-03-27,linear,1
2006-03-28,linear,1.0000000000000002
2006-03-29,linear,1.0000000000000002
2006-03-30,linear,1.0000000000000002
2006-03-31,linear,1
2006-04-03,linear,1.0000000000000002
2006-04-04,linear,1
2006-04-05,linear,1
2006-04-06,linear,1.0000000000000002
2006-04-07,linear,1
2006-04-10,linear,1.0000000000000002
2006-04-11,linear,1.0000000000000002
2006-04-12,linear,1.0000000000000002
2006-04-13,linear,1.0000000000000002
2006-04-14,linear,1.0000000000000002
2006-04-17,linear,1.0000000000000002
2006-04-18,linear,1.0000000000000004
2006-04-19,linear,1.0000000000000002
2006-04-20,linear,1.0000000000000002
2006-04-21,linear,1
2006-04-24,linear,1
2006-04-25,linear,1.0000000000000002
2006-04-26,linear,1.0000000000000002
2006-04-27,linear,1
2006-04-28,linear,1.0000000000000002
2006-05-01,linear,1.0000000000000002
2006-05-02,linear,1
2006-05-03,linear,0.99999999999999989
2006-05-04,linear,1.0000000000000002
2006-05-05,linear,1
2006-05-08,linear,1
2006-05-09,linear,1.0000000000000002
2006-05-10,linear,1
2006-05-11,linear,1.0000000000000002
2006-05-12,linear,1.0000000000000002
2006-05-15,linear,0.99999999999999989
2006-05-16,linear,1
2006-05-17,linear,1
2006-05-18,linear,1
2006-05-19,linear,0.99999999999999989
2006-05-22,linear,1
2006-05-23,linear,1.0000000000000002
2006-05-24,linear,0.99999999999999989
2006-05-25,linear,1
2006-05-26,linear,1
2006-05-29,linear,1.0000000000000007
2006-05-30,linear,1
2006-05-31,linear,1
2006-06-01,linear,1
2006-06-02,linear,1
2006-06-05,linear,1.0000000000000002
2006-06-06,linear,1.0000000000000002
2006-06-07,linear,1.0000000000000002
2006-06-08,linear,1.0000000000000009
2006-06-09,linear,1.0000000000000002
2006-06-12,linear,1
2006-06-13,linear,1
2006-06-14,linear,0.99999999999999978
2006-06-15,linear,1
2006-06-16,linear,1.0000000000000004
2006-06-19,linear,1.0000000000000002
2006-06-20,linear,1
2006-06-21,linear,1.0000000000000007
2006-06-22,linear,1
2006-06-23,linear,0.99999999999999989
2006-06-26,linear,1.0000000000000002
2006-06-27,linear,1.0000000000000002
2006-06-28,linear,1.0000000000000002
2006-06-29,linear,1
2006-06-30,linear,1
2006-07-03,linear,1
2006-07-04,linear,1
2006-07-05,linear,1.0000000000000002
2006-07-06,linear,1.0000000000000002
2006-07-07,linear,1.0000000000000002
2006-07-10,linear,1.0000000000000002
2006-07-11,linear,1
2006-07-12,linear,1.0000000000000004
2006-07-13,linear,1
2006-07-14,linear,1.0000000000000002
2006-07-17,linear,1
2006-07-18,linear,1
2006-07-19,linear,0.99999999999999989
2006-07-20,linear,1.0000000000000002
2006-07-21,linear,1
2006-07-24,linear,1
2006-07-25,linear,1
2006-07-26,linear,1
2006-07-27,linear,1
2006-07-28,linear,1.0000000000000002
2006-07-31,linear,1
2006-08-01,linear,1
2006-08-02,linear,1
2006-08-03,linear,1.0000000000000004
2006-08-04,linear,1
2006-08-07,linear,1.0000000000000002
2006-08-08,linear,1
2006-08-09,linear,1
2006-08-10,linear,1.0000000000000002
2006-08-11,linear,1.0000000000000002
2006-08-14,linear,1
2006-08-15,linear,1
2006-08-16,linear,0.99999999999999989
2006-08-17,linear,1.0000000000000004
2006-08-18,linear,1.0000000000000002
2006-08-21,linear,1.0000000000000002
2006-08-22,linear,1
2006-08-23,linear,1
2006-08-24,linear,1
2006-08-25,linear,1
2006-08-28,linear,1.0000000000000002
2006-08-29,linear,1
2006-08-30,linear,1
2006-08-31,linear,0.99999999999999989
2006-09-01,linear,1
2006-09-04,linear,1
2006-09-05,linear,1
2006-09-06,linear,1
2006-09-07,linear,1
2006-09-08,linear,1
2006-09-11,linear,1.0000000000000002
2006-09-12,linear,0.99999999999999989
2006-09-13,linear,1
2006-09-14,linear,1.0000000000000002
2006-09-15,linear,1
2006-09-18,linear,1.0000000000000002
2006-09-19,linear,1
2006-09-20,linear,1.0000000000000002
2006-09-21,linear,1
2006-09-22,linear,1
2006-09-25,linear,1.0000000000000002
2006-09-26,linear,1
2006-09-27,linear,1
2006-09-28,linear,1
2006-09-29,linear,1.0000000000000002
2006-10-02,linear,1
2006-10-03,linear,1.0000000000000002
2006-10-04,linear,1
2006-10-05,linear,1
2006-10-06,linear,1.0000000000000002
2006-10-09,linear,1.0000000000000002
2006-10-10,linear,1
2006-10-11,linear,1
2006-10-12,linear,0.99999999999999978
2006-10-13,linear,1.0000000000000002
2006-10-16,linear,1
2006-10-17,linear,1.0000000000000002
2006-10-18,linear,1
2006-10-19,linear,1
2006-10-20,linear,0.99999999999999989
2006-10-23,linear,1
2006-10-24,linear,1
2006-10-25,linear,1
2006-10-26,linear,1.0000000000000002
2006-10-27,linear,1
2006-10-30,linear,1.0000000000000002
2006-10-31,linear,1
2006-11-01,linear,1.0000000000000002
2006-11-02,linear,1
2006-11-03,linear,1.0000000000000002
2006-11-06,linear,1
2006-11-07,linear,1
2006-11-08,linear,1.0000000000000002
2006-11-09,linear,1.0000000000000002
2006-11-10,linear,1
2006-11-13,linear,1
2006-11-14,linear,1.0000000000000002
2006-11-15,linear,1
2006-11-16,linear,1.0000000000000002
2006-11-17,linear,1
2006-11-20,linear,1.0000000000000002
2006-11-21,linear,1
2006-11-22,linear,1.0000000000000002
2006-11-23,linear,1.0000000000000004
2006-11-24,linear,0.99999999999999989
2006-11-27,linear,1.0000000000000002
2006-11-28,linear,1.0000000000000004
2006-11-29,linear,1.0000000000000002
2006-11-30,linear,1
2006-12-01,linear,1
2006-12-04,linear,1.0000000000000002
2006-12-05,linear,1
2006-12-06,linear,1
2006-12-07,linear,1
2006-12-08,linear,1
2006-12-11,linear,1
2006-12-12,linear,1
2006-12-13,linear,1
2006-12-14,linear,1
2006-12-15,linear,1
2006-12-18,linear,1.0000000000000002
2006-12-19,linear,1.0000000000000002
2006-12-20,linear,1
2006-12-21,linear,1
2006-12-22,linear,1.0000000000000002
2006-12-25,linear,1
2006-12-26,linear,1
2006-12-27,linear,0.99999999999999989
2006-12-28,linear,1
2006-12-29,linear,1.0000000000000002
2007-01-01,linear,1
2007-01-02,linear,1
2007-01-03,linear,1.0000000000000002
2007-01-04,linear,0.99999999999999989
2007-01-05,linear,1.0000000000000002
2007-01-08,linear,1
2007-01-09,linear,1
2007-01-10,linear,1
2007-01-11,linear,1
2007-01-12,linear,1.0000000000000002
2007-01-15,linear,1
2007-01-16,linear,1
2007-01-17,linear,1.0000000000000002
2007-01-18,linear,1
2007-01-19,linear,1
2007-01-22,linear,1.0000000000000002
2007-01-23,linear,1.0000000000000002
2007-01-24,linear,1.0000000000000002
2007-01-25,linear,1.0000000000000002
2007-01-26,linear,1
2007-01-29,linear,1
2007-01-30,linear,1
2007-01-31,linear,1
2007-02-01,linear,1
2007-02-02,linear,1.0000000000000002
2007-02-05,linear,1
2007-02-06,linear,1
2007-02-07,linear,1
2007-02-08,linear,1
2007-02-09,linear,1
2007-02-12,linear,1.0000000000000002
2007-02-13,linear,1
2007-02-14,linear,1
2007-02-15,linear,1.0000000000000002
2007-02-16,linear,1.0000000000000002
2007-02-19,linear,1
2007-02-20,linear,1
2007-02-21,linear,1.0000000000000002
2007-02-22,linear,1.0000000000000002
2007-02-23,linear,1
2007-02-26,linear,1.0000000000000002
2007-02-27,linear,1
2007-02-28,linear,1.0000000000000007
2007-03-01,linear,1
2007-03-02,linear,1.0000000000000004
2007-03-05,linear,1.0000000000000002
2007-03-06,linear,1.0000000000000004
2007-03-07,linear,1.0000000000000002
2007-03-08,linear,1
2007-03-09,linear,1
2007-03-12,linear,1
2007-03-13,linear,0.99999999999999989
2007-03-14,linear,1.0000000000000004
2007-03-15,linear,1.0000000000000002
2007-03-16,linear,1.0000000000000002
2007-03-19,linear,1.0000000000000002
2007-03-20,linear,1
2007-03-21,linear,1.0000000000000002
2007-03-22,linear,1
2007-03-23,linear,1
2007-03-26,linear,1.0000000000000002
2007-03-27,linear,1.0000000000000002
2007-03-28,linear,1
2007-03-29,linear,1
2007-03-30,linear,1
2007-04-02,linear,1
2007-04-03,linear,1.0000000000000002
2007-04-04,linear,1
2007-04-05,linear,1
2007-04-06,linear,1
2007-04-09,linear,1.0000000000000002
2007-04-10,linear,1
2007-04-11,linear,1
2007-04-12,linear,1.0000000000000002
2007-04-13,linear,1.0000000000000002
2007-04-16,linear,1
2007-04-17,linear,1.0000000000000002
2007-04-18,linear,1.0000000000000002
2007-04-19,linear,1.0000000000000002
2007-04-20,linear,1
2007-04-23,linear,1
2007-04-24,linear,1
2007-04-25,linear,1.0000000000000002
2007-04-26,linear,1.0000000000000002
2007-04-27,linear,1
2007-04-30,linear,1
2007-05-01,linear,1.0000000000000004
2007-05-02,linear,1
2007-05-03,linear,1
2007-05-04,linear,1
2007-05-07,linear,1.0000000000000002
2007-05-08,linear,1.0000000000000002
2007-05-09,linear,1
2007-05-10,linear,0.99999999999999989
2007-05-11,linear,1.0000000000000002
2007-05-14,linear,1
2007-05-15,linear,1
2007-05-16,linear,1
2007-05-17,linear,1.0000000000000002
2007-05-18,linear,1
2007-05-21,linear,1
2007-05-22,linear,1
2007-05-23,linear,1
2007-05-24,linear,1.0000000000000002
2007-05-25,linear,1
2007-05-28,linear,1
2007-05-29,linear,1
2007-05-30,linear,1
2007-05-31,linear,1
2007-06-01,linear,1
2007-06-04,linear,1
2007-06-05,linear,1.0000000000000002
2007-06-06,linear,1
2007-06-07,linear,1
2007-06-08,linear,1.0000000000000002
2007-06-11,linear,1.0000000000000002
2007-06-12,linear,1
2007-06-13,linear,0.99999999999999989
2007-06-14,linear,1
2007-06-15,linear,1
2007-06-18,linear,1
2007-06-19,linear,1
2007-06-20,linear,1
2007-06-21,linear,1.0000000000000002
2007-06-22,linear,0.99999999999999989
2007-06-25,linear,1.0000000000000002
2007-06-26,linear,1.0000000000000002
2007-06-27,linear,1
2007-06-28,linear,1
2007-06-29,linear,1
2007-07-02,linear,1
2007-07-03,linear,1.0000000000000002
2007-07-04,linear,1
2007-07-05,linear,1
2007-07-06,linear,1.0000000000000002
2007-07-09,linear,1
2007-07-10,linear,1
2007-07-11,linear,1.0000000000000002
2007-07-12,linear,0.99999999999999967
2007-07-13,linear,1.0000000000000004
2007-07-16,linear,1.0000000000000002
2007-07-17,linear,1
2007-07-18,linear,1
2007-07-19,linear,1
2007-07-20,linear,1
2007-07-23,linear,0.99999999999999989
2007-07-24,linear,1
2007-07-25,linear,1.0000000000000002
2007-07-26,linear,1
2007-07-27,linear,1
2007-07-30,linear,1.0000000000000009
2007-07-31,linear,1.0000000000000004
2007-08-01,linear,1.0000000000000007
2007-08-02,linear,0.99999999999999956
2007-08-03,linear,1.0000000000000002
2007-08-06,linear,0.99999999999999989
2007-08-07,linear,1.0000000000000002
2007-08-08,linear,0.99999999999999956
2007-08-09,linear,0.99999999999999978
2007-08-10,linear,1
2007-08-13,linear,1
2007-08-14,linear,1.0000000000000002
2007-08-15,linear,1.0000000000000002
2007-08-16,linear,1.0000000000000002
2007-08-17,linear,1.0000000000000004
2007-08-20,linear,0.99999999999999989
2007-08-21,linear,1.0000000000000002
2007-08-22,linear,0.99999999999999989
2007-08-23,linear,1.0000000000000002
2007-08-24,linear,1.0000000000000002
2007-08-27,linear,1
2007-08-28,linear,1
2007-08-29,linear,1.0000000000000009
2007-08-30,linear,1
2007-08-31,linear,1.0000000000000007
2007-09-03,linear,1.0000000000000002
2007-09-04,linear,1
2007-09-05,linear,1.0000000000000002
2007-09-06,linear,1
2007-09-07,linear,1.0000000000000002
2007-09-10,linear,1.0000000000000002
2007-09-11,linear,1.0000000000000004
2007-09-12,linear,0.99999999999999989
2007-09-13,linear,0.99999999999999922
2007-09-14,linear,1.0000000000000002
2007-09-17,linear,1.0000000000000002
2007-09-18,linear,1
2007-09-19,linear,1
2007-09-20,linear,1
2007-09-21,linear,1.0000000000000002
2007-09-24,linear,1
2007-09-25,linear,1.0000000000000002
2007-09-26,linear,0.99999999999999956
2007-09-27,linear,1.0000000000000002
2007-09-28,linear,1
2007-10-01,linear,1
2007-10-02,linear,1
2007-10-03,linear,1.0000000000000002
2007-10-04,linear,1
2007-10-05,linear,1.0000000000000002
2007-10-08,linear,1
2007-10-09,linear,1
2007-10-10,linear,1
2007-10-11,linear,1
2007-10-12,linear,1
2007-10-15,linear,1.0000000000000002
2007-10-16,linear,1
2007-10-17,linear,0.99999999999999989
2007-10-18,linear,0.99999999999999989
2007-10-19,linear,1
2007-10-22,linear,1
2007-10-23,linear,0.99999999999999989
2007-10-24,linear,1.0000000000000002
2007-10-25,linear,1.0000000000000002
2007-10-26,linear,1
2007-10-29,linear,1.0000000000000002
2007-10-30,linear,1.0000000000000002
2007-10-31,linear,1.0000000000000002
2007-11-01,linear,0.99999999999999978
2007-11-02,linear,1
2007-11-05,linear,1.0000000000000002
2007-11-06,linear,0.99999999999999956
2007-11-07,linear,1.0000000000000002
2007-11-08,linear,1.0000000000000002
2007-11-09,linear,1
2007-11-12,linear,1.0000000000000002
2007-11-13,linear,0.99999999999999989
2007-11-14,linear,1
2007-11-15,linear,1.0000000000000002
2007-11-16,linear,1
2007-11-19,linear,1.0000000000000002
2007-11-20,linear,1.0000000000000004
2007-11-21,linear,1.0000000000000002
2007-11-22,linear,1
2007-11-23,linear,1.0000000000000002
2007-11-26,linear,1
2007-11-27,linear,1
2007-11-28,linear,0.99999999999999922
2007-11-29,linear,0.99999999999999989
2007-11-30,linear,1.0000000000000002
2007-12-03,linear,1.0000000000000002
2007-12-04,linear,0.99999999999999978
2007-12-05,linear,1
2007-12-06,linear,1.0000000000000004
2007-12-07,linear,1
2007-12-10,linear,1.0000000000000002
2007-12-11,linear,1
2007-12-12,linear,1.0000000000000007
2007-12-13,linear,0.99999999999999978
2007-12-14,linear,1
2007-12-17,linear,1.0000000000000002
2007-12-18,linear,1.0000000000000004
2007-12-19,linear,0.99999999999999989
2007-12-20,linear,1
2007-12-21,linear,1.0000000000000002
2007-12-24,linear,0.99999999999999989
2007-12-25,linear,1.0000000000000002
2007-12-26,linear,1
2007-12-27,linear,1
2007-12-28,linear,1
2007-12-31,linear,1
2008-01-01,linear,1.0000000000000002
2008-01-02,linear,1
2008-01-03,linear,1
2008-01-04,linear,1.0000000000000002
2008-01-07,linear,1
2008-01-08,linear,1
2008-01-09,linear,0.99999999999999978
2008-01-10,linear,1
2008-01-11,linear,1.0000000000000002
2008-01-14,linear,1.0000000000000002
2008-01-15,linear,1
2008-01-16,linear,1
2008-01-17,linear,1
2008-01-18,linear,1
2008-01-21,linear,1.0000000000000002
2008-01-22,linear,0.99999999999999944
2008-01-23,linear,0.99999999999999978
2008-01-24,linear,0.99999999999999956
2008-01-25,linear,1
2008-01-28,linear,1
2008-01-29,linear,1.0000000000000002
2008-01-30,linear,1.0000000000000002
2008-01-31,linear,1
2008-02-01,linear,1
2008-02-04,linear,1.0000000000000002
2008-02-05,linear,1.0000000000000007
2008-02-06,linear,1
2008-02-07,linear,1
2008-02-08,linear,1.0000000000000011
2008-02-11,linear,0.99999999999999956
2008-02-12,linear,0.99999999999999989
2008-02-13,linear,1
2008-02-14,linear,0.99999999999999967
2008-02-15,linear,1.0000000000000002
2008-02-18,linear,1.0000000000000007
2008-02-19,linear,1.0000000000000002
2008-02-20,linear,1
2008-02-21,linear,0.99999999999999978
2008-02-22,linear,1.0000000000000002
2008-02-25,linear,1.0000000000000002
2008-02-26,linear,1.0000000000000002
2008-02-27,linear,1
2008-02-28,linear,1.0000000000000002
2008-02-29,linear,1.0000000000000007
2008-03-03,linear,1
2008-03-04,linear,1.0000000000000002
2008-03-05,linear,0.99999999999999989
2008-03-06,linear,1
2008-03-07,linear,1
2008-03-10,linear,1.0000000000000002
2008-03-11,linear,1.0000000000000002
2008-03-12,linear,1.0000000000000002
2008-03-13,linear,1.0000000000000002
2008-03-14,linear,0.99999999999999989
2008-03-17,linear,0.99999999999999989
2008-03-18,linear,1
2008-03-19,linear,1.0000000000000004
2008-03-20,linear,1.0000000000000002
2008-03-21,linear,1.0000000000000002
2008-03-24,linear,0.99999999999999989
2008-03-25,linear,1
2008-03-26,linear,1.0000000000000002
2008-03-27,linear,1
2008-03-28,linear,1.0000000000000002
2008-03-31,linear,1.0000000000000002
2008-04-01,linear,1.0000000000000004
2008-04-02,linear,1.0000000000000007
2008-04-03,linear,1.0000000000000002
2008-04-04,linear,1
2008-04-07,linear,1.0000000000000004
2008-04-08,linear,0.99999999999999967
2008-04-09,linear,1.0000000000000002
2008-04-10,linear,1
2008-04-11,linear,1.0000000000000004
2008-04-14,linear,1.0000000000000002
2008-04-15,linear,1
2008-04-16,linear,1
2008-04-17,linear,0.99999999999999978
2008-04-18,linear,1.0000000000000004
2008-04-21,linear,1
2008-04-22,linear,1.0000000000000002
2008-04-23,linear,1.0000000000000002
2008-04-24,linear,1.0000000000000002
2008-04-25,linear,1
2008-04-28,linear,1.0000000000000004
2008-04-29,linear,1.0000000000000002
2008-04-30,linear,1.0000000000000007
2008-05-01,linear,1.0000000000000002
2008-05-02,linear,1
2008-05-05,linear,1.0000000000000002
2008-05-06,linear,1.0000000000000004
2008-05-07,linear,1.0000000000000002
2008-05-08,linear,0.99999999999999989
2008-05-09,linear,0.99999999999999978
2008-05-12,linear,1.0000000000000002
2008-05-13,linear,1
2008-05-14,linear,1
2008-05-15,linear,1.0000000000000002
2008-05-16,linear,1
2008-05-19,linear,0.99999999999999967
2008-05-20,linear,1
2008-05-21,linear,1.0000000000000004
2008-05-22,linear,0.99999999999999989
2008-05-23,linear,0.99999999999999989
2008-05-26,linear,0.99999999999999989
2008-05-27,linear,1.0000000000000004
2008-05-28,linear,0.99999999999999989
2008-05-29,linear,1.0000000000000004
2008-05-30,linear,1
2008-06-02,linear,1
2008-06-03,linear,0.99999999999999978
2008-06-04,linear,1.0000000000000002
2008-06-05,linear,1
2008-06-06,linear,1.0000000000000007
2008-06-09,linear,1.0000000000000002
2008-06-10,linear,0.99999999999999989
2008-06-11,linear,0.99999999999999978
2008-06-12,linear,1
2008-06-13,linear,1
2008-06-16,linear,1.0000000000000004
2008-06-17,linear,0.99999999999999978
2008-06-18,linear,1
2008-06-19,linear,1.0000000000000002
2008-06-20,linear,1.0000000000000002
2008-06-23,linear,1.0000000000000002
2008-06-24,linear,1.0000000000000002
2008-06-25,linear,1.0000000000000002
2008-06-26,linear,0.99999999999999978
2008-06-27,linear,0.99999999999999989
2008-06-30,linear,0.99999999999999989
2008-07-01,linear,1
2008-07-02,linear,0.99999999999999989
2008-07-03,linear,1.0000000000000002
2008-07-04,linear,1
2008-07-07,linear,1
2008-07-08,linear,1
2008-07-09,linear,0.99999999999999967
2008-07-10,linear,1
2008-07-11,linear,1.0000000000000002
2008-07-14,linear,0.99999999999999989
2008-07-15,linear,1
2008-07-16,linear,1.0000000000000004
2008-07-17,linear,1
2008-07-18,linear,1
2008-07-21,linear,1
2008-07-22,linear,1.0000000000000002
2008-07-23,linear,1
2008-07-24,linear,0.99999999999999989
2008-07-25,linear,1.0000000000000002
2008-07-28,linear,1
2008-07-29,linear,0.99999999999999989
2008-07-30,linear,1
2008-07-31,linear,1
2008-08-01,linear,1
2008-08-04,linear,1
2008-08-05,linear,1
2008-08-06,linear,1
2008-08-07,linear,1
2008-08-08,linear,0.99999999999999989
2008-08-11,linear,1.0000000000000002
2008-08-12,linear,1
2008-08-13,linear,1.0000000000000002
2008-08-14,linear,1
2008-08-15,linear,1
2008-08-18,linear,1
2008-08-19,linear,1.0000000000000002
2008-08-20,linear,1
2008-08-21,linear,1.0000000000000002
2008-08-22,linear,1
2008-08-25,linear,1
2008-08-26,linear,1.0000000000000002
2008-08-27,linear,1
2008-08-28,linear,1
2008-08-29,linear,1
2008-09-01,linear,1
2008-09-02,linear,1.0000000000000002
2008-09-03,linear,1
2008-09-04,linear,1.0000000000000002
2008-09-05,linear,0.99999999999999989
2008-09-08,linear,1
2008-09-09,linear,1
2008-09-10,linear,0.99999999999999978
2008-09-11,linear,0.99999999999999989
2008-09-12,linear,1.0000000000000004
2008-09-15,linear,1
2008-09-16,linear,1
2008-09-17,linear,0.99999999999999989
2008-09-18,linear,1.0000000000000009
2008-09-19,linear,1
2008-09-22,linear,0.99999999999999989
2008-09-23,linear,1
2008-09-24,linear,1
2008-09-25,linear,1
2008-09-26,linear,1
2008-09-29,linear,1
2008-09-30,linear,1
2008-10-01,linear,1
2008-10-02,linear,1
2008-10-03,linear,1
2008-10-06,linear,1.0000000000000011
2008-10-07,linear,1
2008-10-08,linear,1.0000000000000002
2008-10-09,linear,1
2008-10-10,linear,1
2008-10-13,linear,1
2008-10-14,linear,1
2008-10-15,linear,1.0000000000000002
2008-10-16,linear,1.0000000000000004
2008-10-17,linear,1
2008-10-20,linear,1.0000000000000009
2008-10-21,linear,0.99999999999999989
2008-10-22,linear,1.0000000000000002
2008-10-23,linear,0.99999999999999967
2008-10-24,linear,0.99999999999999967
2008-10-27,linear,0.99999999999999967
2008-10-28,linear,1.0000000000000004
2008-10-29,linear,1
2008-10-30,linear,0.99999999999999989
2008-10-31,linear,1
2008-11-03,linear,1.0000000000000007
2008-11-04,linear,1
2008-11-05,linear,1
2008-11-06,linear,1.0000000000000002
2008-11-07,linear,0.99999999999999989
2008-11-10,linear,1
2008-11-11,linear,1
2008-11-12,linear,1
2008-11-13,linear,1
2008-11-14,linear,1
2008-11-17,linear,1.0000000000000002
2008-11-18,linear,1
2008-11-19,linear,1.0000000000000002
2008-11-20,linear,1
2008-11-21,linear,1.0000000000000009
2008-11-24,linear,0.99999999999999989
2008-11-25,linear,1.0000000000000004
2008-11-26,linear,1
2008-11-27,linear,0.99999999999999967
2008-11-28,linear,0.99999999999999967
2008-12-01,linear,1
2008-12-02,linear,1
2008-12-03,linear,1.0000000000000007
2008-12-04,linear,1
2008-12-05,linear,1
2008-12-08,linear,0.99999999999999989
2008-12-09,linear,0.99999999999999978
2008-12-10,linear,0.99999999999999967
2008-12-11,linear,1
2008-12-12,linear,1.0000000000000004
2008-12-15,linear,1.0000000000000002
2008-12-16,linear,1.0000000000000009
2008-12-17,linear,1.0000000000000004
2008-12-18,linear,1
2008-12-19,linear,1.0000000000000002
2008-12-22,linear,0.99999999999999967
2008-12-23,linear,1.0000000000000002
2008-12-24,linear,1.0000000000000007
2008-12-25,linear,0.99999999999999944
2008-12-26,linear,1.0000000000000004
2008-12-29,linear,1
2008-12-30,linear,1
2008-12-31,linear,1.0000000000000002
2009-01-01,linear,1
2009-01-02,linear,1.0000000000000002
2009-01-05,linear,1.0000000000000002
2009-01-06,linear,1
2009-01-07,linear,1
2009-01-08,linear,1
2009-01-09,linear,1
2009-01-12,linear,1
2009-01-13,linear,1.0000000000000002
2009-01-14,linear,1
2009-01-15,linear,1.0000000000000002
2009-01-16,linear,1
2009-01-19,linear,1
2009-01-20,linear,1
2009-01-21,linear,1
2009-01-22,linear,1.0000000000000002
2009-01-23,linear,1
2009-01-26,linear,1
2009-01-27,linear,1.0000000000000002
2009-01-28,linear,1.0000000000000002
2009-01-29,linear,0.99999999999999989
2009-01-30,linear,1
2009-02-02,linear,1
2009-02-03,linear,1.0000000000000002
2009-02-04,linear,1
2009-02-05,linear,1
2009-02-06,linear,1.0000000000000002
2009-02-09,linear,1
2009-02-10,linear,1
2009-02-11,linear,1.0000000000000002
2009-02-12,linear,1
2009-02-13,linear,1.0000000000000002
2009-02-16,linear,1.0000000000000002
2009-02-17,linear,1.0000000000000002
2009-02-18,linear,1
2009-02-19,linear,1.0000000000000002
2009-02-20,linear,1
2009-02-23,linear,1.0000000000000002
2009-02-24,linear,1.0000000000000002
2009-02-25,linear,1
2009-02-26,linear,1.0000000000000002
2009-02-27,linear,1
2009-03-02,linear,1.0000000000000002
2009-03-03,linear,1
2009-03-04,linear,1
2009-03-05,linear,1
2009-03-06,linear,1.0000000000000002
2009-03-09,linear,1
2009-03-10,linear,1.0000000000000004
2009-03-11,linear,1
2009-03-12,linear,1
2009-03-13,linear,1
2009-03-16,linear,1
2009-03-17,linear,1
2009-03-18,linear,1.0000000000000002
2009-03-19,linear,1
2009-03-20,linear,1
2009-03-23,linear,1.0000000000000002
2009-03-24,linear,1.0000000000000002
2009-03-25,linear,1.0000000000000002
2009-03-26,linear,1
2009-03-27,linear,1
2009-03-30,linear,1.0000000000000002
2009-03-31,linear,1
2009-04-01,linear,1
2009-04-02,linear,1
2009-04-03,linear,1
2009-04-06,linear,1
2009-04-07,linear,1
2009-04-08,linear,1
2009-04-09,linear,1.0000000000000002
2009-04-10,linear,1.0000000000000009
2009-04-13,linear,1.0000000000000002
2009-04-14,linear,1
2009-04-15,linear,1.0000000000000002
2009-04-16,linear,1
2009-04-17,linear,1.0000000000000002
2009-04-20,linear,1
2009-04-21,linear,1
2009-04-22,linear,1
2009-04-23,linear,1.0000000000000002
2009-04-24,linear,1.0000000000000002
2009-04-27,linear,1
2009-04-28,linear,1
2009-04-29,linear,1
2009-04-30,linear,1
2009-05-01,linear,1
2009-05-04,linear,1
2009-05-05,linear,1
2009-05-06,linear,1
2009-05-07,linear,1
2009-05-08,linear,1.0000000000000002
2009-05-11,linear,1
2009-05-12,linear,1.0000000000000002
2009-05-13,linear,0.99999999999999989
2009-05-14,linear,1.0000000000000002
2009-05-15,linear,1
2009-05-18,linear,1.0000000000000002
2009-05-19,linear,1
2009-05-20,linear,1
2009-05-21,linear,1
2009-05-22,linear,1
2009-05-25,linear,1.0000000000000002
2009-05-26,linear,1.0000000000000002
2009-05-27,linear,1
2009-05-28,linear,1
2009-05-29,linear,1.0000000000000002
2009-06-01,linear,1
2009-06-02,linear,1
2009-06-03,linear,1.0000000000000002
2009-06-04,linear,1.0000000000000002
2009-06-05,linear,1.0000000000000002
2009-06-08,linear,1
2009-06-09,linear,1.0000000000000002
2009-06-10,linear,1
2009-06-11,linear,1
2009-06-12,linear,1
2009-06-15,linear,1
2009-06-16,linear,1.0000000000000002
2009-06-17,linear,1
2009-06-18,linear,1
2009-06-19,linear,1.0000000000000002
2009-06-22,linear,0.99999999999999978
2009-06-23,linear,1.0000000000000002
2009-06-24,linear,1
2009-06-25,linear,1
2009-06-26,linear,1
2009-06-29,linear,1
2009-06-30,linear,1.0000000000000002
2009-07-01,linear,1
2009-07-02,linear,1
2009-07-03,linear,1
2009-07-06,linear,1.0000000000000002
2009-07-07,linear,1.0000000000000002
2009-07-08,linear,1
2009-07-09,linear,1.0000000000000002
2009-07-10,linear,1
2009-07-13,linear,1.0000000000000002
2009-07-14,linear,1
2009-07-15,linear,1.0000000000000002
2009-07-16,linear,1
2009-07-17,linear,1
2009-07-20,linear,1
2009-07-21,linear,1
2009-07-22,linear,1.0000000000000002
2009-07-23,linear,1.0000000000000002
2009-07-24,linear,1
2009-07-27,linear,1
2009-07-28,linear,1.0000000000000002
2009-07-29,linear,1
2009-07-30,linear,1
2009-07-31,linear,1
2009-08-03,linear,1.0000000000000002
2009-08-04,linear,1
2009-08-05,linear,1.0000000000000002
2009-08-06,linear,1
2009-08-07,linear,1
2009-08-10,linear,1
2009-08-11,linear,1
2009-08-12,linear,1
2009-08-13,linear,1.0000000000000002
2009-08-14,linear,1.0000000000000002
2009-08-17,linear,1
2009-08-18,linear,1
2009-08-19,linear,1
2009-08-20,linear,1
2009-08-21,linear,1.0000000000000002
2009-08-24,linear,1.0000000000000002
2009-08-25,linear,1
2009-08-26,linear,1
2009-08-27,linear,1
2009-08-28,linear,1
2009-08-31,linear,1.0000000000000002
2009-09-01,linear,1.0000000000000002
2009-09-02,linear,1.0000000000000002
2009-09-03,linear,1
2009-09-04,linear,1
2009-09-07,linear,1
2009-09-08,linear,1.0000000000000002
2009-09-09,linear,1.0000000000000002
2009-09-10,linear,1.0000000000000002
2009-09-11,linear,1.0000000000000002
2009-09-14,linear,1.0000000000000002
2009-09-15,linear,1
2009-09-16,linear,1
2009-09-17,linear,1.0000000000000002
2009-09-18,linear,1
2009-09-21,linear,1
2009-09-22,linear,1.0000000000000002
2009-09-23,linear,1
2009-09-24,linear,1.0000000000000002
2009-09-25,linear,1.0000000000000002
2009-09-28,linear,1
2009-09-29,linear,1
2009-09-30,linear,1
2009-10-01,linear,1
2009-10-02,linear,1
2009-10-05,linear,1
2009-10-06,linear,1
2009-10-07,linear,1.0000000000000002
2009-10-08,linear,1
2009-10-09,linear,1.0000000000000002
2009-10-12,linear,1.0000000000000002
2009-10-13,linear,1
2009-10-14,linear,1.0000000000000002
2009-10-15,linear,1.0000000000000002
2009-10-16,linear,1
2009-10-19,linear,1.0000000000000002
2009-10-20,linear,1.0000000000000002
2009-10-21,linear,1
2009-10-22,linear,1
2009-10-23,linear,1
2009-10-26,linear,1
2009-10-27,linear,1.0000000000000002
2009-10-28,linear,1.0000000000000002
2009-10-29,linear,1
2009-10-30,linear,1
2009-11-02,linear,1
2009-11-03,linear,1.0000000000000002
2009-11-04,linear,1
2009-11-05,linear,1
2009-11-06,linear,1
2009-11-09,linear,1.0000000000000002
2009-11-10,linear,1.0000000000000002
2009-11-11,linear,1.0000000000000002
2009-11-12,linear,1
2009-11-13,linear,1
2009-11-16,linear,1
2009-11-17,linear,1
2009-11-18,linear,1.0000000000000002
2009-11-19,linear,1
2009-11-20,linear,1
2009-11-23,linear,1.0000000000000002
2009-11-24,linear,1.0000000000000002
2009-11-25,linear,1
2009-11-26,linear,1.0000000000000002
2009-11-27,linear,1
2009-11-30,linear,1
2009-12-01,linear,1
2009-12-02,linear,1
2009-12-03,linear,1
2009-12-04,linear,1.0000000000000002
2009-12-07,linear,1
2009-12-08,linear,1
2009-12-09,linear,1.0000000000000002
2009-12-10,linear,1.0000000000000002
2009-12-11,linear,1
2009-12-14,linear,1
2009-12-15,linear,1
2009-12-16,linear,1
2009-12-17,linear,1.0000000000000002
2009-12-18,linear,1.0000000000000002
2009-12-21,linear,1
2009-12-22,linear,1.0000000000000002
2009-12-23,linear,1
2009-12-24,linear,1.0000000000000002
2009-12-25,linear,1
2009-12-28,linear,1
2009-12-29,linear,1.0000000000000002
2009-12-30,linear,1.0000000000000002
2009-12-31,linear,1
2010-01-01,linear,1.0000000000000002
2010-01-04,linear,1
2010-01-05,linear,1
2010-01-06,linear,1
2010-01-07,linear,1.0000000000000002
2010-01-08,linear,1
2010-01-11,linear,1.0000000000000002
2010-01-12,linear,1
2010-01-13,linear,1
2010-01-14,linear,1.0000000000000002
2010-01-15,linear,1
2010-01-18,linear,1.0000000000000002
2010-01-19,linear,1.0000000000000002
2010-01-20,linear,1
2010-01-21,linear,1.0000000000000002
2010-01-22,linear,1.0000000000000002
2010-01-25,linear,1.0000000000000002
2010-01-26,linear,1
2010-01-27,linear,1
2010-01-28,linear,1
2010-01-29,linear,1
2010-02-01,linear,1.0000000000000002
2010-02-02,linear,1
2010-02-03,linear,1
2010-02-04,linear,1.0000000000000002
2010-02-05,linear,1.0000000000000002
2010-02-08,linear,1
2010-02-09,linear,1
2010-02-10,linear,1.0000000000000002
2010-02-11,linear,1.0000000000000002
2010-02-12,linear,1
2010-02-15,linear,1
2010-02-16,linear,1
2010-02-17,linear,1.0000000000000002
2010-02-18,linear,1
2010-02-19,linear,1
2010-02-22,linear,1.0000000000000002
2010-02-23,linear,1
2010-02-24,linear,1
2010-02-25,linear,1.0000000000000002
2010-02-26,linear,1
2010-03-01,linear,1
2010-03-02,linear,1.0000000000000002
2010-03-03,linear,1.0000000000000002
2010-03-04,linear,1.0000000000000002
2010-03-05,linear,1.0000000000000002
2010-03-08,linear,1.0000000000000002
2010-03-09,linear,1.0000000000000002
2010-03-10,linear,1.0000000000000002
2010-03-11,linear,1.0000000000000002
2010-03-12,linear,1
2010-03-15,linear,1
2010-03-16,linear,1
2010-03-17,linear,1
2010-03-18,linear,1.0000000000000002
2010-03-19,linear,1.0000000000000002
2010-03-22,linear,1.0000000000000002
2010-03-23,linear,1.0000000000000002
2010-03-24,linear,1
2010-03-25,linear,1
2010-03-26,linear,1
2010-03-29,linear,1.0000000000000002
2010-03-30,linear,1
2010-03-31,linear,1
2010-04-01,linear,1.0000000000000002
2010-04-02,linear,1.0000000000000002
2010-04-05,linear,1.0000000000000002
2010-04-06,linear,1.0000000000000002
2010-04-07,linear,1
2010-04-08,linear,1.0000000000000002
2010-04-09,linear,1
2010-04-12,linear,1
2010-04-13,linear,1
2010-04-14,linear,1.0000000000000002
2010-04-15,linear,1
2010-04-16,linear,1.0000000000000002
2010-04-19,linear,1
2010-04-20,linear,1.0000000000000002
2010-04-21,linear,1
2010-04-22,linear,1.0000000000000002
2010-04-23,linear,1.0000000000000002
2010-04-26,linear,1
2010-04-27,linear,1
2010-04-28,linear,1.0000000000000002
2010-04-29,linear,1
2010-04-30,linear,1
2010-05-03,linear,1.0000000000000002
2010-05-04,linear,1.0000000000000002
2010-05-05,linear,1
2010-05-06,linear,1
2010-05-07,linear,1
2010-05-10,linear,1
2010-05-11,linear,1.0000000000000002
2010-05-12,linear,1.0000000000000002
2010-05-13,linear,1.0000000000000002
2010-05-14,linear,1
2010-05-17,linear,1.0000000000000002
2010-05-18,linear,1
2010-05-19,linear,1.0000000000000002
2010-05-20,linear,1.0000000000000002
2010-05-21,linear,1
2010-05-24,linear,1
2010-05-25,linear,1.0000000000000002
2010-05-26,linear,1
2010-05-27,linear,1.0000000000000002
2010-05-28,linear,1
2010-05-31,linear,1.0000000000000002
2010-06-01,linear,1
2010-06-02,linear,1.0000000000000002
2010-06-03,linear,1
2010-06-04,linear,1.0000000000000002
2010-06-07,linear,1
2010-06-08,linear,1.0000000000000002
2010-06-09,linear,1
2010-06-10,linear,1.0000000000000002
2010-06-11,linear,1
2010-06-14,linear,1
2010-06-15,linear,1
2010-06-16,linear,1.0000000000000002
2010-06-17,linear,1
2010-06-18,linear,1
2010-06-21,linear,1
2010-06-22,linear,1.0000000000000002
2010-06-23,linear,1.0000000000000002
2010-06-24,linear,1.0000000000000002
2010-06-25,linear,1
2010-06-28,linear,1.0000000000000002
2010-06-29,linear,1
2010-06-30,linear,1.0000000000000002
2010-07-01,linear,1
2010-07-02,linear,1
2010-07-05,linear,1.0000000000000002
2010-07-06,linear,1
2010-07-07,linear,1.0000000000000002
2010-07-08,linear,1
2010-07-09,linear,1.0000000000000002
2010-07-12,linear,1.0000000000000002
2010-07-13,linear,1.0000000000000002
2010-07-14,linear,1
2010-07-15,linear,1
2010-07-16,linear,1
2010-07-19,linear,1
2010-07-20,linear,1.0000000000000002
2010-07-21,linear,1.0000000000000002
2010-07-22,linear,1.0000000000000002
2010-07-23,linear,1
2010-07-26,linear,1.0000000000000002
2010-07-27,linear,1
2010-07-28,linear,1.0000000000000002
2010-07-29,linear,1
2010-07-30,linear,1.0000000000000002
2010-08-02,linear,1.0000000000000002
2010-08-03,linear,1
2010-08-04,linear,1
2010-08-05,linear,1.0000000000000002
2010-08-06,linear,1
2010-08-09,linear,1.0000000000000002
2010-08-10,linear,1
2010-08-11,linear,1
2010-08-12,linear,1
2010-08-13,linear,1
2010-08-16,linear,1
2010-08-17,linear,1
2010-08-18,linear,1.0000000000000002
2010-08-19,linear,1.0000000000000002
2010-08-20,linear,1.0000000000000002
2010-08-23,linear,1
2010-08-24,linear,1
2010-08-25,linear,1
2010-08-26,linear,1.0000000000000002
2010-08-27,linear,1
2010-08-30,linear,1
2010-08-31,linear,1
2010-09-01,linear,1.0000000000000002
2010-09-02,linear,1.0000000000000002
2010-09-03,linear,1.0000000000000002
2010-09-06,linear,1
2010-09-07,linear,1
2010-09-08,linear,1.0000000000000002
2010-09-09,linear,1.0000000000000002
2010-09-10,linear,1.0000000000000002
2010-09-13,linear,1
2010-09-14,linear,1
2010-09-15,linear,1
2010-09-16,linear,1.0000000000000002
2010-09-17,linear,1
2010-09-20,linear,1.0000000000000002
2010-09-21,linear,1
2010-09-22,linear,1
2010-09-23,linear,1
2010-09-24,linear,1.0000000000000002
2010-09-27,linear,1.0000000000000002
2010-09-28,linear,1.0000000000000002
2010-09-29,linear,1
2010-09-30,linear,1.0000000000000002
2010-10-01,linear,1.0000000000000002
2010-10-04,linear,1
2010-10-05,linear,1
2010-10-06,linear,1
2010-10-07,linear,1
2010-10-08,linear,1.0000000000000002
2010-10-11,linear,1
2010-10-12,linear,1
2010-10-13,linear,1.0000000000000002
2010-10-14,linear,1
2010-10-15,linear,1
2010-10-18,linear,1.0000000000000002
2010-10-19,linear,1.0000000000000002
2010-10-20,linear,1.0000000000000002
2010-10-21,linear,1
2010-10-22,linear,1
2010-10-25,linear,1
2010-10-26,linear,1.0000000000000002
2010-10-27,linear,1
2010-10-28,linear,1.0000000000000002
2010-10-29,linear,1.0000000000000002
2010-11-01,linear,1
2010-11-02,linear,1.0000000000000002
2010-11-03,linear,1.0000000000000002
2010-11-04,linear,1.0000000000000002
2010-11-05,linear,1.0000000000000002
2010-11-08,linear,1.0000000000000002
2010-11-09,linear,1
2010-11-10,linear,1
2010-11-11,linear,1
2010-11-12,linear,1
2010-11-15,linear,1
2010-11-16,linear,1.0000000000000002
2010-11-17,linear,1
2010-11-18,linear,1.0000000000000002
2010-11-19,linear,1
2010-11-22,linear,1.0000000000000002
2010-11-23,linear,1
2010-11-24,linear,1
2010-11-25,linear,1.0000000000000002
2010-11-26,linear,1
2010-11-29,linear,1.0000000000000002
2010-11-30,linear,1
2010-12-01,linear,1.0000000000000002
2010-12-02,linear,1
2010-12-03,linear,1
2010-12-06,linear,1
2010-12-07,linear,1
2010-12-08,linear,1
2010-12-09,linear,1.0000000000000002
2010-12-10,linear,1.0000000000000002
2010-12-13,linear,1.0000000000000002
2010-12-14,linear,1
2010-12-15,linear,1
2010-12-16,linear,1.0000000000000002
2010-12-17,linear,1.0000000000000002
2010-12-20,linear,1
2010-12-21,linear,1.0000000000000002
2010-12-22,linear,1.0000000000000002
2010-12-23,linear,1.0000000000000002
2010-12-24,linear,1.0000000000000002
2010-12-27,linear,1.0000000000000002
2010-12-28,linear,1
2010-12-29,linear,1.0000000000000002
2010-12-30,linear,1.0000000000000002
2010-12-31,linear,1
2011-01-03,linear,1.0000000000000002
2011-01-04,linear,1.0000000000000002
2011-01-05,linear,1
2011-01-06,linear,1
2011-01-07,linear,1
2011-01-10,linear,1.0000000000000002
2011-01-11,linear,1.0000000000000002
2011-01-12,linear,1.0000000000000002
2011-01-13,linear,0.99999999999999978
2011-01-14,linear,1.0000000000000002
2011-01-17,linear,1
2011-01-18,linear,1.0000000000000002
2011-01-19,linear,1
2011-01-20,linear,1.0000000000000002
2011-01-21,linear,1.0000000000000002
2011-01-24,linear,1.0000000000000002
2011-01-25,linear,1.0000000000000002
2011-01-26,linear,1
2011-01-27,linear,1.0000000000000002
2011-01-28,linear,1
2011-01-31,linear,1.0000000000000002
2011-02-01,linear,1
2011-02-02,linear,1.0000000000000002
2011-02-03,linear,1.0000000000000002
2011-02-04,linear,1
2011-02-07,linear,1
2011-02-08,linear,1.0000000000000002
2011-02-09,linear,1
2011-02-10,linear,1.0000000000000002
2011-02-11,linear,1.0000000000000002
2011-02-14,linear,1.0000000000000002
2011-02-15,linear,1.0000000000000002
2011-02-16,linear,1.0000000000000002
2011-02-17,linear,1.0000000000000002
2011-02-18,linear,1
2011-02-21,linear,1.0000000000000002
2011-02-22,linear,1
2011-02-23,linear,1.0000000000000002
2011-02-24,linear,1
2011-02-25,linear,1.0000000000000002
2011-02-28,linear,1
2011-03-01,linear,1
2011-03-02,linear,1
2011-03-03,linear,1.0000000000000002
2011-03-04,linear,1.0000000000000002
2011-03-07,linear,1
2011-03-08,linear,1
2011-03-09,linear,1.0000000000000002
2011-03-10,linear,1.0000000000000002
2011-03-11,linear,1.0000000000000002
2011-03-14,linear,1.0000000000000002
2011-03-15,linear,1
2011-03-16,linear,1
2011-03-17,linear,1.0000000000000002
2011-03-18,linear,1.0000000000000002
2011-03-21,linear,1.0000000000000002
2011-03-22,linear,1.0000000000000002
2011-03-23,linear,1
2011-03-24,linear,1
2011-03-25,linear,1
2011-03-28,linear,1.0000000000000002
2011-03-29,linear,1.0000000000000002
2011-03-30,linear,1.0000000000000002
2011-03-31,linear,1
2011-04-01,linear,1.0000000000000002
2011-04-04,linear,1.0000000000000002
2011-04-05,linear,1
2011-04-06,linear,1
2011-04-07,linear,1
2011-04-08,linear,1.0000000000000002
2011-04-11,linear,1.0000000000000002
2011-04-12,linear,1.0000000000000002
2011-04-13,linear,1
2011-04-14,linear,1.0000000000000002
2011-04-15,linear,1.0000000000000002
2011-04-18,linear,1.0000000000000002
2011-04-19,linear,1
2011-04-20,linear,1
2011-04-21,linear,1
2011-04-22,linear,1
2011-04-25,linear,1
2011-04-26,linear,1.0000000000000002
2011-04-27,linear,1
2011-04-28,linear,1.0000000000000002
2011-04-29,linear,1
2011-05-02,linear,1
2011-05-03,linear,1.0000000000000002
2011-05-04,linear,1
2011-05-05,linear,1
2011-05-06,linear,1.0000000000000002
2011-05-09,linear,1.0000000000000002
2011-05-10,linear,1.0000000000000002
2011-05-11,linear,1
2011-05-12,linear,1.0000000000000002
2011-05-13,linear,1.0000000000000002
2011-05-16,linear,1.0000000000000004
2011-05-17,linear,1.0000000000000002
2011-05-18,linear,1.0000000000000002
2011-05-19,linear,1.0000000000000002
2011-05-20,linear,1.0000000000000002
2011-05-23,linear,1
2011-05-24,linear,1
2011-05-25,linear,1
2011-05-26,linear,1
2011-05-27,linear,1.0000000000000002
2011-05-30,linear,1
2011-05-31,linear,1.0000000000000002
2011-06-01,linear,1
2011-06-02,linear,1
2011-06-03,linear,0.99999999999999989
2011-06-06,linear,1
2011-06-07,linear,1
2011-06-08,linear,1.0000000000000002
2011-06-09,linear,1.0000000000000002
2011-06-10,linear,1.0000000000000002
2011-06-13,linear,1.0000000000000002
2011-06-14,linear,1
2011-06-15,linear,1
2011-06-16,linear,1.0000000000000002
2011-06-17,linear,1
2011-06-20,linear,1
2011-06-21,linear,1
2011-06-22,linear,1
2011-06-23,linear,1.0000000000000002
2011-06-24,linear,1.0000000000000002
2011-06-27,linear,1.0000000000000002
2011-06-28,linear,1
2011-06-29,linear,1.0000000000000002
2011-06-30,linear,1
2011-07-01,linear,1.0000000000000002
2011-07-04,linear,0.99999999999999978
2011-07-05,linear,1.0000000000000002
2011-07-06,linear,0.99999999999999989
2011-07-07,linear,1
2011-07-08,linear,0.99999999999999956
2011-07-11,linear,1
2011-07-12,linear,1.0000000000000002
2011-07-13,linear,1.0000000000000002
2011-07-14,linear,0.99999999999999989
2011-07-15,linear,1.0000000000000002
2011-07-18,linear,1
2011-07-19,linear,1
2011-07-20,linear,1.0000000000000002
2011-07-21,linear,1.0000000000000002
2011-07-22,linear,1.0000000000000002
2011-07-25,linear,1.0000000000000002
2011-07-26,linear,1
2011-07-27,linear,1.0000000000000002
2011-07-28,linear,1.0000000000000002
2011-07-29,linear,1.0000000000000004
2011-08-01,linear,1
2011-08-02,linear,1.0000000000000002
2011-08-03,linear,1
2011-08-04,linear,1.0000000000000011
2011-08-05,linear,1.0000000000000002
2011-08-08,linear,0.99999999999999967
2011-08-09,linear,0.99999999999999956
2011-08-10,linear,0.99999999999999989
2011-08-11,linear,1.0000000000000004
2011-08-12,linear,1.0000000000000002
2011-08-15,linear,0.99999999999999989
2011-08-16,linear,1
2011-08-17,linear,1.0000000000000002
2011-08-18,linear,1.0000000000000002
2011-08-19,linear,1
2011-08-22,linear,1.0000000000000002
2011-08-23,linear,1.0000000000000002
2011-08-24,linear,1
2011-08-25,linear,0.99999999999999989
2011-08-26,linear,1.0000000000000002
2011-08-29,linear,1.0000000000000002
2011-08-30,linear,1
2011-08-31,linear,1.0000000000000002
2011-09-01,linear,1
2011-09-02,linear,1
2011-09-05,linear,1.0000000000000004
2011-09-06,linear,1.0000000000000002
2011-09-07,linear,0.99999999999999989
2011-09-08,linear,1.0000000000000002
2011-09-09,linear,1.0000000000000002
2011-09-12,linear,0.99999999999999989
2011-09-13,linear,1
2011-09-14,linear,1.0000000000000004
2011-09-15,linear,1
2011-09-16,linear,1.0000000000000002
2011-09-19,linear,1.0000000000000002
2011-09-20,linear,1
2011-09-21,linear,1.0000000000000002
2011-09-22,linear,1
2011-09-23,linear,1
2011-09-26,linear,0.99999999999999956
2011-09-27,linear,1.0000000000000002
2011-09-28,linear,1.0000000000000002
2011-09-29,linear,1
2011-09-30,linear,1
2011-10-03,linear,1
2011-10-04,linear,1
2011-10-05,linear,1.0000000000000002
2011-10-06,linear,0.99999999999999978
2011-10-07,linear,1
2011-10-10,linear,1
2011-10-11,linear,1
2011-10-12,linear,1.0000000000000004
2011-10-13,linear,1
2011-10-14,linear,1.0000000000000002
2011-10-17,linear,1
2011-10-18,linear,0.99999999999999978
2011-10-19,linear,1.0000000000000002
2011-10-20,linear,1.0000000000000004
2011-10-21,linear,0.99999999999999989
2011-10-24,linear,1.0000000000000002
2011-10-25,linear,1.0000000000000002
2011-10-26,linear,1.0000000000000002
2011-10-27,linear,1.0000000000000002
2011-10-28,linear,1.0000000000000002
2011-10-31,linear,1.0000000000000002
2011-11-01,linear,0.99999999999999989
2011-11-02,linear,0.99999999999999978
2011-11-03,linear,0.99999999999999956
2011-11-04,linear,1.0000000000000002
2011-11-07,linear,1
2011-11-08,linear,1.0000000000000002
2011-11-09,linear,1
2011-11-10,linear,1
2011-11-11,linear,0.99999999999999978
2011-11-14,linear,1.0000000000000002
2011-11-15,linear,1
2011-11-16,linear,1.0000000000000002
2011-11-17,linear,1.0000000000000002
2011-11-18,linear,1
2011-11-21,linear,1
2011-11-22,linear,1
2011-11-23,linear,1
2011-11-24,linear,1
2011-11-25,linear,1
2011-11-28,linear,1.0000000000000002
2011-11-29,linear,1.0000000000000002
2011-11-30,linear,0.99999999999999989
2011-12-01,linear,1
2011-12-02,linear,1
2011-12-05,linear,1.0000000000000002
2011-12-06,linear,1.0000000000000002
2011-12-07,linear,1
2011-12-08,linear,1.0000000000000002
2011-12-09,linear,1
2011-12-12,linear,1
2011-12-13,linear,1.0000000000000002
2011-12-14,linear,1.0000000000000002
2011-12-15,linear,1
2011-12-16,linear,1.0000000000000002
2011-12-19,linear,1.0000000000000002
2011-12-20,linear,1.0000000000000004
2011-12-21,linear,1
2011-12-22,linear,1.0000000000000004
2011-12-23,linear,1.0000000000000002
2011-12-26,linear,0.99999999999999989
2011-12-27,linear,1.0000000000000004
2011-12-28,linear,1
2011-12-29,linear,1
2011-12-30,linear,1.0000000000000002
2012-01-02,linear,0.99999999999999989
2012-01-03,linear,1.0000000000000002
2012-01-04,linear,1
2012-01-05,linear,1.0000000000000002
2012-01-06,linear,1
2012-01-09,linear,1.0000000000000002
2012-01-10,linear,0.99999999999999967
2012-01-11,linear,1
2012-01-12,linear,1.0000000000000002
2012-01-13,linear,1.0000000000000002
2012-01-16,linear,1.0000000000000004
2012-01-17,linear,1
2012-01-18,linear,1.0000000000000002
2012-01-19,linear,1.0000000000000002
2012-01-20,linear,1.0000000000000002
2012-01-23,linear,1.0000000000000002
2012-01-24,linear,1.0000000000000002
2012-01-25,linear,1
2012-01-26,linear,1
2012-01-27,linear,0.99999999999999989
2012-01-30,linear,1
2012-01-31,linear,0.99999999999999989
2012-02-01,linear,1.0000000000000002
2012-02-02,linear,1.0000000000000002
2012-02-03,linear,0.99999999999999978
2012-02-06,linear,1.0000000000000002
2012-02-07,linear,1.0000000000000002
2012-02-08,linear,1
2012-02-09,linear,1
2012-02-10,linear,1
2012-02-13,linear,1
2012-02-14,linear,0.99999999999999989
2012-02-15,linear,1.0000000000000002
2012-02-16,linear,1.0000000000000002
2012-02-17,linear,1
2012-02-20,linear,1
2012-02-21,linear,1
2012-02-22,linear,1.0000000000000002
2012-02-23,linear,1
2012-02-24,linear,1
2012-02-27,linear,1.0000000000000002
2012-02-28,linear,1.0000000000000004
2012-02-29,linear,1.0000000000000002
2012-03-01,linear,1.0000000000000002
2012-03-02,linear,1.0000000000000002
2012-03-05,linear,1.0000000000000002
2012-03-06,linear,1
2012-03-07,linear,1
2012-03-08,linear,1
2012-03-09,linear,1
2012-03-12,linear,1.0000000000000002
2012-03-13,linear,1
2012-03-14,linear,1.0000000000000002
2012-03-15,linear,1
2012-03-16,linear,1
2012-03-19,linear,1.0000000000000002
2012-03-20,linear,1
2012-03-21,linear,1.0000000000000002
2012-03-22,linear,1.0000000000000002
2012-03-23,linear,1.0000000000000002
2012-03-26,linear,1
2012-03-27,linear,1.0000000000000002
2012-03-28,linear,1.0000000000000002
2012-03-29,linear,1.0000000000000002
2012-03-30,linear,1
2012-04-02,linear,1.0000000000000002
2012-04-03,linear,1.0000000000000002
2012-04-04,linear,1.0000000000000002
2012-04-05,linear,1.0000000000000002
2012-04-06,linear,1.0000000000000002
2012-04-09,linear,1
2012-04-10,linear,1.0000000000000002
2012-04-11,linear,1
2012-04-12,linear,1
2012-04-13,linear,1
2012-04-16,linear,1.0000000000000002
2012-04-17,linear,1.0000000000000002
2012-04-18,linear,1
2012-04-19,linear,1.0000000000000002
2012-04-20,linear,1
2012-04-23,linear,1.0000000000000002
2012-04-24,linear,1
2012-04-25,linear,1.0000000000000002
2012-04-26,linear,1.0000000000000002
2012-04-27,linear,1
2012-04-30,linear,1
2012-05-01,linear,1.0000000000000004
2012-05-02,linear,1
2012-05-03,linear,1.0000000000000002
2012-05-04,linear,1.0000000000000004
2012-05-07,linear,0.99999999999999989
2012-05-08,linear,1.0000000000000002
2012-05-09,linear,1.0000000000000002
2012-05-10,linear,1.0000000000000002
2012-05-11,linear,1.0000000000000002
2012-05-14,linear,1.0000000000000002
2012-05-15,linear,1.0000000000000002
2012-05-16,linear,1.0000000000000002
2012-05-17,linear,1.0000000000000004
2012-05-18,linear,1
2012-05-21,linear,1
2012-05-22,linear,0.99999999999999989
2012-05-23,linear,1.0000000000000002
2012-05-24,linear,1
2012-05-25,linear,1.0000000000000002
2012-05-28,linear,1
2012-05-29,linear,1.0000000000000002
2012-05-30,linear,1
2012-05-31,linear,1.0000000000000002
2012-06-01,linear,1
2012-06-04,linear,1
2012-06-05,linear,1
2012-06-06,linear,1
2012-06-07,linear,1
2012-06-08,linear,1.0000000000000004
2012-06-11,linear,1
2012-06-12,linear,1
2012-06-13,linear,1
2012-06-14,linear,1.0000000000000002
2012-06-15,linear,0.99999999999999978
2012-06-18,linear,1.0000000000000002
2012-06-19,linear,1
2012-06-20,linear,1
2012-06-21,linear,1.0000000000000002
2012-06-22,linear,1.0000000000000002
2012-06-25,linear,1.0000000000000002
2012-06-26,linear,1.0000000000000002
2012-06-27,linear,1
2012-06-28,linear,1
2012-06-29,linear,1
2012-07-02,linear,1
2012-07-03,linear,1
2012-07-04,linear,1
2012-07-05,linear,1.0000000000000002
2012-07-06,linear,1
2012-07-09,linear,1.0000000000000002
2012-07-10,linear,1.0000000000000002
2012-07-11,linear,1.0000000000000002
2012-07-12,linear,1.0000000000000002
2012-07-13,linear,1.0000000000000002
2012-07-16,linear,1
2012-07-17,linear,1
2012-07-18,linear,1
2012-07-19,linear,1.0000000000000002
2012-07-20,linear,1.0000000000000002
2012-07-23,linear,1.0000000000000002
2012-07-24,linear,1
2012-07-25,linear,1
2012-07-26,linear,1
2012-07-27,linear,1
2012-07-30,linear,1
2012-07-31,linear,1
2012-08-01,linear,1
2012-08-02,linear,1
2012-08-03,linear,1
2012-08-06,linear,1.0000000000000002
2012-08-07,linear,1.0000000000000002
2012-08-08,linear,1
2012-08-09,linear,1
2012-08-10,linear,1
2012-08-13,linear,1.0000000000000002
2012-08-14,linear,1
2012-08-15,linear,1
2012-08-16,linear,1
2012-08-17,linear,1
2012-08-20,linear,1
2012-08-21,linear,1
2012-08-22,linear,1
2012-08-23,linear,1
2012-08-24,linear,1.0000000000000002
2012-08-27,linear,1.0000000000000002
2012-08-28,linear,1
2012-08-29,linear,1.0000000000000002
2012-08-30,linear,1.0000000000000002
2012-08-31,linear,1
2012-09-03,linear,1
2012-09-04,linear,1
2012-09-05,linear,1
2012-09-06,linear,1.0000000000000002
2012-09-07,linear,1
2012-09-10,linear,1.0000000000000002
2012-09-11,linear,1
2012-09-12,linear,1
2012-09-13,linear,1
2012-09-14,linear,1
2012-09-17,linear,1
2012-09-18,linear,1.0000000000000002
2012-09-19,linear,1
2012-09-20,linear,1.0000000000000002
2012-09-21,linear,1
2012-09-24,linear,1.0000000000000002
2012-09-25,linear,1.0000000000000002
2012-09-26,linear,1
2012-09-27,linear,1.0000000000000002
2012-09-28,linear,1.0000000000000002
2012-10-01,linear,1
2012-10-02,linear,1
2012-10-03,linear,1.0000000000000002
2012-10-04,linear,1
2012-10-05,linear,1
2012-10-08,linear,0.99999999999999989
2012-10-09,linear,1.0000000000000002
2012-10-10,linear,1.0000000000000002
2012-10-11,linear,1.0000000000000002
2012-10-12,linear,1
2012-10-15,linear,1.0000000000000002
2012-10-16,linear,1
2012-10-17,linear,1
2012-10-18,linear,1.0000000000000002
2012-10-19,linear,1.0000000000000002
2012-10-22,linear,1.0000000000000002
2012-10-23,linear,1
2012-10-24,linear,1
2012-10-25,linear,1.0000000000000002
2012-10-26,linear,1
2012-10-29,linear,1
2012-10-30,linear,1.0000000000000002
2012-10-31,linear,1
2012-11-01,linear,1
2012-11-02,linear,1
2012-11-05,linear,1.0000000000000002
2012-11-06,linear,1.0000000000000002
2012-11-07,linear,1
2012-11-08,linear,0.99999999999999989
2012-11-09,linear,1.0000000000000002
2012-11-12,linear,1
2012-11-13,linear,1
2012-11-14,linear,1
2012-11-15,linear,1.0000000000000002
2012-11-16,linear,1.0000000000000002
2012-11-19,linear,1
2012-11-20,linear,1.0000000000000002
2012-11-21,linear,1
2012-11-22,linear,1
2012-11-23,linear,1.0000000000000002
2012-11-26,linear,1
2012-11-27,linear,1.0000000000000002
2012-11-28,linear,1.0000000000000002
2012-11-29,linear,1
2012-11-30,linear,1
2012-12-03,linear,1
2012-12-04,linear,1
2012-12-05,linear,1
2012-12-06,linear,1.0000000000000002
2012-12-07,linear,1
2012-12-10,linear,1
2012-12-11,linear,1
2012-12-12,linear,1
2012-12-13,linear,1.0000000000000002
2012-12-14,linear,1
2012-12-17,linear,1
2012-12-18,linear,1
2012-12-19,linear,1
2012-12-20,linear,1
2012-12-21,linear,1
2012-12-24,linear,1.0000000000000002
2012-12-25,linear,1
2012-12-26,linear,1.0000000000000002
2012-12-27,linear,1
2012-12-28,linear,1
2012-12-31,linear,1
2013-01-01,linear,1.0000000000000002
2013-01-02,linear,1.0000000000000002
2013-01-03,linear,1
2013-01-04,linear,1
2013-01-07,linear,1
2013-01-08,linear,1
2013-01-09,linear,0.99999999999999989
2013-01-10,linear,1.0000000000000002
2013-01-11,linear,1
2013-01-14,linear,1
2013-01-15,linear,1
2013-01-16,linear,1.0000000000000002
2013-01-17,linear,1.0000000000000002
2013-01-18,linear,1
2013-01-21,linear,1
2013-01-22,linear,1.0000000000000002
2013-01-23,linear,1
2013-01-24,linear,1
2013-01-25,linear,1.0000000000000002
2013-01-28,linear,1
2013-01-29,linear,1.0000000000000002
2013-01-30,linear,1.0000000000000002
2013-01-31,linear,1.0000000000000002
2013-02-01,linear,1.0000000000000002
2013-02-04,linear,1.0000000000000002
2013-02-05,linear,1.0000000000000002
2013-02-06,linear,1.0000000000000004
2013-02-07,linear,1.0000000000000002
2013-02-08,linear,1.0000000000000002
2013-02-11,linear,1.0000000000000002
2013-02-12,linear,1.0000000000000002
2013-02-13,linear,1.0000000000000002
2013-02-14,linear,1
2013-02-15,linear,1.0000000000000002
2013-02-18,linear,0.99999999999999989
2013-02-19,linear,1.0000000000000002
2013-02-20,linear,1
2013-02-21,linear,1.0000000000000002
2013-02-22,linear,1
2013-02-25,linear,1
2013-02-26,linear,1.0000000000000002
2013-02-27,linear,1.0000000000000002
2013-02-28,linear,1.0000000000000002
2013-03-01,linear,0.99999999999999989
2013-03-04,linear,1.0000000000000002
2013-03-05,linear,1
2013-03-06,linear,1.0000000000000002
2013-03-07,linear,1.0000000000000002
2013-03-08,linear,1
2013-03-11,linear,1
2013-03-12,linear,1.0000000000000002
2013-03-13,linear,1
2013-03-14,linear,1.0000000000000004
2013-03-15,linear,1.0000000000000002
2013-03-18,linear,1.0000000000000002
2013-03-19,linear,1
2013-03-20,linear,1.0000000000000002
2013-03-21,linear,1.0000000000000002
2013-03-22,linear,1
2013-03-25,linear,1.0000000000000002
2013-03-26,linear,0.99999999999999978
2013-03-27,linear,1
2013-03-28,linear,1.0000000000000002
2013-03-29,linear,1
2013-04-01,linear,1.0000000000000002
2013-04-02,linear,1
2013-04-03,linear,1.0000000000000002
2013-04-04,linear,1
2013-04-05,linear,1.0000000000000004
2013-04-08,linear,1.0000000000000002
2013-04-09,linear,1.0000000000000002
2013-04-10,linear,1.0000000000000002
2013-04-11,linear,0.99999999999999989
2013-04-12,linear,1
2013-04-15,linear,1
2013-04-16,linear,1
2013-04-17,linear,1.0000000000000002
2013-04-18,linear,1.0000000000000002
2013-04-19,linear,1.0000000000000002
2013-04-22,linear,1
2013-04-23,linear,1
2013-04-24,linear,1.0000000000000004
2013-04-25,linear,1.0000000000000002
2013-04-26,linear,1.0000000000000002
2013-04-29,linear,1.0000000000000002
2013-04-30,linear,1
2013-05-01,linear,1
2013-05-02,linear,1
2013-05-03,linear,1.0000000000000002
2013-05-06,linear,1.0000000000000002
2013-05-07,linear,1.0000000000000002
2013-05-08,linear,1.0000000000000002
2013-05-09,linear,1
2013-05-10,linear,1
2013-05-13,linear,1.0000000000000002
2013-05-14,linear,1.0000000000000002
2013-05-15,linear,1
2013-05-16,linear,1.0000000000000002
2013-05-17,linear,1
2013-05-20,linear,1.0000000000000002
2013-05-21,linear,1
2013-05-22,linear,1
2013-05-23,linear,1.0000000000000002
2013-05-24,linear,1
2013-05-27,linear,1.0000000000000002
2013-05-28,linear,1
2013-05-29,linear,1.0000000000000002
2013-05-30,linear,1
2013-05-31,linear,1
2013-06-03,linear,1.0000000000000002
2013-06-04,linear,1
2013-06-05,linear,1.0000000000000002
2013-06-06,linear,1.0000000000000002
2013-06-07,linear,1.0000000000000002
2013-06-10,linear,1.0000000000000002
2013-06-11,linear,1.0000000000000002
2013-06-12,linear,1.0000000000000002
2013-06-13,linear,1.0000000000000007
2013-06-14,linear,1.0000000000000002
2013-06-17,linear,1
2013-06-18,linear,1.0000000000000002
2013-06-19,linear,1
2013-06-20,linear,1
2013-06-21,linear,1.0000000000000002
2013-06-24,linear,1
2013-06-25,linear,1.0000000000000002
2013-06-26,linear,1
2013-06-27,linear,1.0000000000000002
2013-06-28,linear,1.0000000000000002
2013-07-01,linear,1
2013-07-02,linear,1
2013-07-03,linear,1
2013-07-04,linear,1
2013-07-05,linear,1.0000000000000002
2013-07-08,linear,1
2013-07-09,linear,1
2013-07-10,linear,1
2013-07-11,linear,1
2013-07-12,linear,1.0000000000000002
2013-07-15,linear,1.0000000000000002
2013-07-16,linear,1.0000000000000002
2013-07-17,linear,1
2013-07-18,linear,1.0000000000000002
2013-07-19,linear,1
2013-07-22,linear,1.0000000000000002
2013-07-23,linear,1
2013-07-24,linear,1.0000000000000002
2013-07-25,linear,1
2013-07-26,linear,1
2013-07-29,linear,1
2013-07-30,linear,1
2013-07-31,linear,1
2013-08-01,linear,1
2013-08-02,linear,1
2013-08-05,linear,1.0000000000000002
2013-08-06,linear,1
2013-08-07,linear,1
2013-08-08,linear,1.0000000000000002
2013-08-09,linear,1
2013-08-12,linear,1
2013-08-13,linear,1
2013-08-14,linear,1
2013-08-15,linear,1.0000000000000002
2013-08-16,linear,1
2013-08-19,linear,1
2013-08-20,linear,1.0000000000000002
2013-08-21,linear,1
2013-08-22,linear,1
2013-08-23,linear,1.0000000000000002
2013-08-26,linear,1
2013-08-27,linear,1
2013-08-28,linear,1.0000000000000002
2013-08-29,linear,1
2013-08-30,linear,1.0000000000000002
2013-09-02,linear,1
2013-09-03,linear,1
2013-09-04,linear,1
2013-09-05,linear,1
2013-09-06,linear,1
2013-09-09,linear,1
2013-09-10,linear,1
2013-09-11,linear,1
2013-09-12,linear,1
2013-09-13,linear,1
2013-09-16,linear,1.0000000000000002
2013-09-17,linear,1
2013-09-18,linear,1
2013-09-19,linear,1
2013-09-20,linear,1.0000000000000002
2013-09-23,linear,1
2013-09-24,linear,1
2013-09-25,linear,1
2013-09-26,linear,1.0000000000000002
2013-09-27,linear,1
2013-09-30,linear,1
2013-10-01,linear,1
2013-10-02,linear,1
2013-10-03,linear,1
2013-10-04,linear,1
2013-10-07,linear,1
2013-10-08,linear,1.0000000000000002
2013-10-09,linear,1
2013-10-10,linear,1
2013-10-11,linear,1
2013-10-14,linear,1
2013-10-15,linear,1
2013-10-16,linear,1
2013-10-17,linear,1.0000000000000002
2013-10-18,linear,1
2013-10-21,linear,1
2013-10-22,linear,1.0000000000000002
2013-10-23,linear,1
2013-10-24,linear,1
2013-10-25,linear,1.0000000000000002
2013-10-28,linear,1.0000000000000002
2013-10-29,linear,1
2013-10-30,linear,1.0000000000000002
2013-10-31,linear,1.0000000000000002
2013-11-01,linear,1
2013-11-04,linear,1
2013-11-05,linear,1.0000000000000002
2013-11-06,linear,1.0000000000000002
2013-11-07,linear,1
2013-11-08,linear,1.0000000000000002
2013-11-11,linear,1.0000000000000002
2013-11-12,linear,1
2013-11-13,linear,1.0000000000000002
2013-11-14,linear,1
2013-11-15,linear,1
2013-11-18,linear,1
2013-11-19,linear,1.0000000000000002
2013-11-20,linear,1
2013-11-21,linear,1
2013-11-22,linear,1.0000000000000002
2013-11-25,linear,1
2013-11-26,linear,1.0000000000000002
2013-11-27,linear,1
2013-11-28,linear,1.0000000000000002
2013-11-29,linear,1
2013-12-02,linear,1.0000000000000002
2013-12-03,linear,1
2013-12-04,linear,1.0000000000000002
2013-12-05,linear,1.0000000000000002
2013-12-06,linear,1
2013-12-09,linear,1
2013-12-10,linear,1
2013-12-11,linear,1
2013-12-12,linear,1
2013-12-13,linear,1
2013-12-16,linear,1
2013-12-17,linear,1.0000000000000002
2013-12-18,linear,1.0000000000000002
2013-12-19,linear,1
2013-12-20,linear,1
2013-12-23,linear,1.0000000000000002
2013-12-24,linear,1.0000000000000002
2013-12-25,linear,1.0000000000000002
2013-12-26,linear,1
2013-12-27,linear,1
2013-12-30,linear,1
2013-12-31,linear,1
2014-01-01,linear,1
2014-01-02,linear,1
2014-01-03,linear,1.0000000000000002
2014-01-06,linear,1
2014-01-07,linear,1
2014-01-08,linear,1.0000000000000002
2014-01-09,linear,1.0000000000000002
2014-01-10,linear,1.0000000000000002
2014-01-13,linear,1
2014-01-14,linear,1.0000000000000004
2014-01-15,linear,1
2014-01-16,linear,1.0000000000000002
2014-01-17,linear,1
2014-01-20,linear,1
2014-01-21,linear,1
2014-01-22,linear,1
2014-01-23,linear,1
2014-01-24,linear,1
2014-01-27,linear,1.0000000000000002
2014-01-28,linear,0.99999999999999989
2014-01-29,linear,1
2014-01-30,linear,1
2014-01-31,linear,1
2014-02-03,linear,1
2014-02-04,linear,0.99999999999999989
2014-02-05,linear,1.0000000000000002
2014-02-06,linear,1.0000000000000002
2014-02-07,linear,1
2014-02-10,linear,1.0000000000000002
2014-02-11,linear,1.0000000000000002
2014-02-12,linear,1
2014-02-13,linear,1
2014-02-14,linear,1
2014-02-17,linear,1
2014-02-18,linear,1
2014-02-19,linear,1
2014-02-20,linear,0.99999999999999989
2014-02-21,linear,1
2014-02-24,linear,1
2014-02-25,linear,1
2014-02-26,linear,1.0000000000000002
2014-02-27,linear,1
2014-02-28,linear,1.0000000000000002
2014-03-03,linear,1.0000000000000002
2014-03-04,linear,1
2014-03-05,linear,1
2014-03-06,linear,1
2014-03-07,linear,1.0000000000000002
2014-03-10,linear,1.0000000000000002
2014-03-11,linear,1
2014-03-12,linear,1
2014-03-13,linear,1
2014-03-14,linear,1
2014-03-17,linear,1
2014-03-18,linear,1
2014-03-19,linear,1
2014-03-20,linear,1.0000000000000002
2014-03-21,linear,1
2014-03-24,linear,1
2014-03-25,linear,1
2014-03-26,linear,1
2014-03-27,linear,1
2014-03-28,linear,1
2014-03-31,linear,1
2014-04-01,linear,1
2014-04-02,linear,1
2014-04-03,linear,1
2014-04-04,linear,1
2014-04-07,linear,1
2014-04-08,linear,1.0000000000000002
2014-04-09,linear,1
2014-04-10,linear,1
2014-04-11,linear,1
2014-04-14,linear,1
2014-04-15,linear,1.0000000000000002
2014-04-16,linear,1
2014-04-17,linear,1.0000000000000002
2014-04-18,linear,1
2014-04-21,linear,1.0000000000000002
2014-04-22,linear,1
2014-04-23,linear,1.0000000000000002
2014-04-24,linear,1.0000000000000002
2014-04-25,linear,1
2014-04-28,linear,1
2014-04-29,linear,1
2014-04-30,linear,1
2014-05-01,linear,1
2014-05-02,linear,1
2014-05-05,linear,1
2014-05-06,linear,1
2014-05-07,linear,1.0000000000000004
2014-05-08,linear,1
2014-05-09,linear,1
2014-05-12,linear,1.0000000000000002
2014-05-13,linear,1.0000000000000002
2014-05-14,linear,1
2014-05-15,linear,1
2014-05-16,linear,1
2014-05-19,linear,1.0000000000000002
2014-05-20,linear,1
2014-05-21,linear,1
2014-05-22,linear,1
2014-05-23,linear,1
2014-05-26,linear,1
2014-05-27,linear,1
2014-05-28,linear,1
2014-05-29,linear,1.0000000000000002
2014-05-30,linear,1
2014-06-02,linear,1.0000000000000002
2014-06-03,linear,1
2014-06-04,linear,1
2014-06-05,linear,1
2014-06-06,linear,1
2014-06-09,linear,1
2014-06-10,linear,1
2014-06-11,linear,1
2014-06-12,linear,1
2014-06-13,linear,1.0000000000000002
2014-06-16,linear,1
2014-06-17,linear,1.0000000000000002
2014-06-18,linear,1
2014-06-19,linear,1
2014-06-20,linear,1.0000000000000002
2014-06-23,linear,1
2014-06-24,linear,1
2014-06-25,linear,1.0000000000000002
2014-06-26,linear,1
2014-06-27,linear,1.0000000000000002
2014-06-30,linear,1
2014-07-01,linear,1
2014-07-02,linear,1.0000000000000002
2014-07-03,linear,1
2014-07-04,linear,1
2014-07-07,linear,1
2014-07-08,linear,1.0000000000000002
2014-07-09,linear,1
2014-07-10,linear,1.0000000000000002
2014-07-11,linear,1
2014-07-14,linear,1.0000000000000002
2014-07-15,linear,1.0000000000000002
2014-07-16,linear,1
2014-07-17,linear,1
2014-07-18,linear,1
2014-07-21,linear,1
2014-07-22,linear,1
2014-07-23,linear,1
2014-07-24,linear,1
2014-07-25,linear,0.99999999999999978
2014-07-28,linear,1
2014-07-29,linear,1.0000000000000002
2014-07-30,linear,1
2014-07-31,linear,1.0000000000000002
2014-08-01,linear,1
2014-08-04,linear,1
2014-08-05,linear,1
2014-08-06,linear,1
2014-08-07,linear,1.0000000000000002
2014-08-08,linear,0.99999999999999989
2014-08-11,linear,1
2014-08-12,linear,1
2014-08-13,linear,1
2014-08-14,linear,1.0000000000000002
2014-08-15,linear,1.0000000000000002
2014-08-18,linear,1.0000000000000002
2014-08-19,linear,1
2014-08-20,linear,1
2014-08-21,linear,1
2014-08-22,linear,1
2014-08-25,linear,1
2014-08-26,linear,1
2014-08-27,linear,1
2014-08-28,linear,1.0000000000000002
2014-08-29,linear,1.0000000000000002
2014-09-01,linear,1
2014-09-02,linear,1
2014-09-03,linear,1
2014-09-04,linear,1.0000000000000002
2014-09-05,linear,1.0000000000000002
2014-09-08,linear,1
2014-09-09,linear,1
2014-09-10,linear,1
2014-09-11,linear,1
2014-09-12,linear,1
2014-09-15,linear,1.0000000000000002
2014-09-16,linear,1.0000000000000002
2014-09-17,linear,1.0000000000000002
2014-09-18,linear,1.0000000000000002
2014-09-19,linear,1
2014-09-22,linear,1
2014-09-23,linear,1
2014-09-24,linear,1
2014-09-25,linear,1.0000000000000002
2014-09-26,linear,1.0000000000000002
2014-09-29,linear,1
2014-09-30,linear,1
2014-10-01,linear,1
2014-10-02,linear,1.0000000000000002
2014-10-03,linear,1
2014-10-06,linear,1.0000000000000002
2014-10-07,linear,1
2014-10-08,linear,0.99999999999999989
2014-10-09,linear,1
2014-10-10,linear,1.0000000000000002
2014-10-13,linear,1
2014-10-14,linear,1.0000000000000002
2014-10-15,linear,1.0000000000000002
2014-10-16,linear,1.0000000000000002
2014-10-17,linear,1
2014-10-20,linear,1
2014-10-21,linear,1.0000000000000002
2014-10-22,linear,1
2014-10-23,linear,1.0000000000000002
2014-10-24,linear,1
2014-10-27,linear,1.0000000000000002
2014-10-28,linear,1
2014-10-29,linear,0.99999999999999989
2014-10-30,linear,1.0000000000000002
2014-10-31,linear,1
2014-11-03,linear,1
2014-11-04,linear,1.0000000000000002
2014-11-05,linear,1
2014-11-06,linear,1.0000000000000002
2014-11-07,linear,1.0000000000000002
2014-11-10,linear,1
2014-11-11,linear,1.0000000000000002
2014-11-12,linear,1.0000000000000002
2014-11-13,linear,0.99999999999999989
2014-11-14,linear,1.0000000000000002
2014-11-17,linear,1
2014-11-18,linear,1.0000000000000002
2014-11-19,linear,1
2014-11-20,linear,1.0000000000000002
2014-11-21,linear,1
2014-11-24,linear,1.0000000000000002
2014-11-25,linear,1
2014-11-26,linear,1.0000000000000002
2014-11-27,linear,1
2014-11-28,linear,1
2014-12-01,linear,1
2014-12-02,linear,1
2014-12-03,linear,1.0000000000000002
2014-12-04,linear,1.0000000000000004
2014-12-05,linear,1
2014-12-08,linear,1
2014-12-09,linear,1.0000000000000002
2014-12-10,linear,1
2014-12-11,linear,1.0000000000000002
2014-12-12,linear,1.0000000000000002
2014-12-15,linear,1
2014-12-16,linear,1
2014-12-17,linear,1.0000000000000002
2014-12-18,linear,1
2014-12-19,linear,1.0000000000000002
2014-12-22,linear,1
2014-12-23,linear,1.0000000000000002
2014-12-24,linear,1.0000000000000002
2014-12-25,linear,1
2014-12-26,linear,1
2014-12-29,linear,1.0000000000000002
2014-12-30,linear,1
2014-12-31,linear,1.0000000000000002
2015-01-01,linear,1
2015-01-02,linear,0.99999999999999978
2015-01-05,linear,0.99999999999999978
2015-01-06,linear,1.0000000000000002
2015-01-07,linear,1
2015-01-08,linear,1
2015-01-09,linear,1
2015-01-12,linear,1
2015-01-13,linear,1
2015-01-14,linear,1.0000000000000002
2015-01-15,linear,0.99999999999999967
2015-01-16,linear,1
2015-01-19,linear,1
2015-01-20,linear,1
2015-01-21,linear,1
2015-01-22,linear,1.0000000000000002
2015-01-23,linear,1
2015-01-26,linear,1.0000000000000002
2015-01-27,linear,0.99999999999999967
2015-01-28,linear,1.0000000000000002
2015-01-29,linear,1
2015-01-30,linear,1.0000000000000002
2015-02-02,linear,1.0000000000000002
2015-02-03,linear,1.0000000000000002
2015-02-04,linear,1.0000000000000002
2015-02-05,linear,1.0000000000000002
2015-02-06,linear,1
2015-02-09,linear,1
2015-02-10,linear,1.0000000000000004
2015-02-11,linear,1.0000000000000002
2015-02-12,linear,1
2015-02-13,linear,1
2015-02-16,linear,1
2015-02-17,linear,1
2015-02-18,linear,1.0000000000000002
2015-02-19,linear,1
2015-02-20,linear,1
2015-02-23,linear,1
2015-02-24,linear,1
2015-02-25,linear,1
2015-02-26,linear,1.0000000000000002
2015-02-27,linear,0.99999999999999989
2015-03-02,linear,1
2015-03-03,linear,1.0000000000000002
2015-03-04,linear,1
2015-03-05,linear,1
2015-03-06,linear,0.99999999999999989
2015-03-09,linear,1.0000000000000002
2015-03-10,linear,1.0000000000000002
2015-03-11,linear,1
2015-03-12,linear,1
2015-03-13,linear,1.0000000000000002
2015-03-16,linear,1.0000000000000002
2015-03-17,linear,0.99999999999999956
2015-03-18,linear,1
2015-03-19,linear,1
2015-03-20,linear,1
2015-03-23,linear,1.0000000000000002
2015-03-24,linear,1.0000000000000002
2015-03-25,linear,1
2015-03-26,linear,1
2015-03-27,linear,1
2015-03-30,linear,1
2015-03-31,linear,1.0000000000000002
2015-04-01,linear,1
2015-04-02,linear,1.0000000000000002
2015-04-03,linear,1.0000000000000002
2015-04-06,linear,1.0000000000000002
2015-04-07,linear,1.0000000000000002
2015-04-08,linear,1.0000000000000002
2015-04-09,linear,1.0000000000000002
2015-04-10,linear,1
2015-04-13,linear,1
2015-04-14,linear,1
2015-04-15,linear,1.0000000000000002
2015-04-16,linear,1.0000000000000002
2015-04-17,linear,1.0000000000000002
2015-04-20,linear,1
2015-04-21,linear,1.0000000000000002
2015-04-22,linear,1
2015-04-23,linear,1
2015-04-24,linear,1
2015-04-27,linear,1
2015-04-28,linear,1.0000000000000004
2015-04-29,linear,1
2015-04-30,linear,0.99999999999999956
2015-05-01,linear,1
2015-05-04,linear,1
2015-05-05,linear,1.0000000000000002
2015-05-06,linear,1
2015-05-07,linear,1.0000000000000002
2015-05-08,linear,1.0000000000000002
2015-05-11,linear,1
2015-05-12,linear,1.0000000000000004
2015-05-13,linear,1
2015-05-14,linear,1
2015-05-15,linear,1
2015-05-18,linear,1.0000000000000002
2015-05-19,linear,1
2015-05-20,linear,1
2015-05-21,linear,1
2015-05-22,linear,1
2015-05-25,linear,1
2015-05-26,linear,1.0000000000000002
2015-05-27,linear,1
2015-05-28,linear,1
2015-05-29,linear,1.0000000000000002
2015-06-01,linear,1
2015-06-02,linear,1
2015-06-03,linear,1
2015-06-04,linear,1
2015-06-05,linear,1.0000000000000002
2015-06-08,linear,1
2015-06-09,linear,1
2015-06-10,linear,1.0000000000000002
2015-06-11,linear,1
2015-06-12,linear,1
2015-06-15,linear,1.0000000000000002
2015-06-16,linear,1
2015-06-17,linear,1
2015-06-18,linear,1
2015-06-19,linear,1
2015-06-22,linear,1
2015-06-23,linear,1.0000000000000002
2015-06-24,linear,1.0000000000000002
2015-06-25,linear,1
2015-06-26,linear,1
2015-06-29,linear,1.0000000000000002
2015-06-30,linear,1
2015-07-01,linear,1.0000000000000002
2015-07-02,linear,1.0000000000000002
2015-07-03,linear,1
2015-07-06,linear,1.0000000000000002
2015-07-07,linear,1
2015-07-08,linear,1
2015-07-09,linear,1
2015-07-10,linear,1
2015-07-13,linear,1
2015-07-14,linear,1
2015-07-15,linear,0.99999999999999989
2015-07-16,linear,1
2015-07-17,linear,1
2015-07-20,linear,1
2015-07-21,linear,1
2015-07-22,linear,1
2015-07-23,linear,1
2015-07-24,linear,1.0000000000000002
2015-07-27,linear,1
2015-07-28,linear,1
2015-07-29,linear,1
2015-07-30,linear,1.0000000000000002
2015-07-31,linear,1
2015-08-03,linear,1
2015-08-04,linear,1.0000000000000002
2015-08-05,linear,1
2015-08-06,linear,1
2015-08-07,linear,1.0000000000000002
2015-08-10,linear,1.0000000000000002
2015-08-11,linear,1
2015-08-12,linear,1
2015-08-13,linear,1
2015-08-14,linear,1.0000000000000002
2015-08-17,linear,1
2015-08-18,linear,1
2015-08-19,linear,1.0000000000000002
2015-08-20,linear,1
2015-08-21,linear,1.0000000000000002
2015-08-24,linear,1.0000000000000007
2015-08-25,linear,1
2015-08-26,linear,1.0000000000000007
2015-08-27,linear,1
2015-08-28,linear,1
2015-08-31,linear,1
2015-09-01,linear,0.99999999999999978
2015-09-02,linear,1.0000000000000002
2015-09-03,linear,1
2015-09-04,linear,1.0000000000000002
2015-09-07,linear,1
2015-09-08,linear,1
2015-09-09,linear,1
2015-09-10,linear,1.0000000000000002
2015-09-11,linear,1.0000000000000002
2015-09-14,linear,1.0000000000000002
2015-09-15,linear,1
2015-09-16,linear,0.99999999999999989
2015-09-17,linear,1
2015-09-18,linear,1
2015-09-21,linear,1.0000000000000002
2015-09-22,linear,1.0000000000000002
2015-09-23,linear,1.0000000000000002
2015-09-24,linear,1.0000000000000002
2015-09-25,linear,1
2015-09-28,linear,1.0000000000000002
2015-09-29,linear,1.0000000000000002
2015-09-30,linear,1.0000000000000002
2015-10-01,linear,1.0000000000000007
2015-10-02,linear,1
2015-10-05,linear,1
2015-10-06,linear,1
2015-10-07,linear,1.0000000000000002
2015-10-08,linear,0.99999999999999989
2015-10-09,linear,1
2015-10-12,linear,1
2015-10-13,linear,1
2015-10-14,linear,1.0000000000000002
2015-10-15,linear,1
2015-10-16,linear,1
2015-10-19,linear,1
2015-10-20,linear,1.0000000000000002
2015-10-21,linear,1
2015-10-22,linear,0.99999999999999989
2015-10-23,linear,1
2015-10-26,linear,1
2015-10-27,linear,1.0000000000000002
2015-10-28,linear,1
2015-10-29,linear,1.0000000000000002
2015-10-30,linear,1
2015-11-02,linear,1.0000000000000002
2015-11-03,linear,1.0000000000000002
2015-11-04,linear,1
2015-11-05,linear,1.0000000000000002
2015-11-06,linear,1
2015-11-09,linear,1
2015-11-10,linear,1.0000000000000002
2015-11-11,linear,1
2015-11-12,linear,1.0000000000000002
2015-11-13,linear,1
2015-11-16,linear,1.0000000000000002
2015-11-17,linear,1
2015-11-18,linear,1
2015-11-19,linear,1
2015-11-20,linear,1
2015-11-23,linear,1.0000000000000002
2015-11-24,linear,1
2015-11-25,linear,1
2015-11-26,linear,1
2015-11-27,linear,1.0000000000000002
2015-11-30,linear,1
2015-12-01,linear,1
2015-12-02,linear,1
2015-12-03,linear,1
2015-12-04,linear,1.0000000000000007
2015-12-07,linear,1
2015-12-08,linear,1
2015-12-09,linear,1
2015-12-10,linear,1
2015-12-11,linear,1
2015-12-14,linear,1
2015-12-15,linear,1
2015-12-16,linear,1.0000000000000004
2015-12-17,linear,1.0000000000000002
2015-12-18,linear,1
2015-12-21,linear,1
2015-12-22,linear,1.0000000000000002
2015-12-23,linear,1.0000000000000002
2015-12-24,linear,1
2015-12-25,linear,1.0000000000000002
2015-12-28,linear,1
2015-12-29,linear,1
2015-12-30,linear,1
2015-12-31,linear,1
2016-01-01,linear,1.0000000000000002
2016-01-04,linear,1
2016-01-05,linear,1
2016-01-06,linear,1
2016-01-07,linear,1
2016-01-08,linear,1
2016-01-11,linear,1.0000000000000002
2016-01-12,linear,1.0000000000000002
2016-01-13,linear,1
2016-01-14,linear,1.0000000000000002
2016-01-15,linear,1
2016-01-18,linear,1
2016-01-19,linear,1
2016-01-20,linear,1
2016-01-21,linear,1
2016-01-22,linear,1
2016-01-25,linear,1.0000000000000002
2016-01-26,linear,1
2016-01-27,linear,1
2016-01-28,linear,1.0000000000000002
2016-01-29,linear,1
2016-02-01,linear,1.0000000000000002
2016-02-02,linear,1
2016-02-03,linear,1.0000000000000002
2016-02-04,linear,1.0000000000000002
2016-02-05,linear,1
2016-02-08,linear,1.0000000000000002
2016-02-09,linear,1.0000000000000002
2016-02-10,linear,1
2016-02-11,linear,1.0000000000000004
2016-02-12,linear,1
2016-02-15,linear,1
2016-02-16,linear,1.0000000000000002
2016-02-17,linear,1
2016-02-18,linear,1
2016-02-19,linear,1.0000000000000002
2016-02-22,linear,1
2016-02-23,linear,1.0000000000000002
2016-02-24,linear,1
2016-02-25,linear,1
2016-02-26,linear,1
2016-02-29,linear,1
2016-03-01,linear,1.0000000000000002
2016-03-02,linear,1
2016-03-03,linear,1
2016-03-04,linear,1
2016-03-07,linear,1.0000000000000002
2016-03-08,linear,1
2016-03-09,linear,1
2016-03-10,linear,1
2016-03-11,linear,1.0000000000000002
2016-03-14,linear,0.99999999999999989
2016-03-15,linear,1.0000000000000002
2016-03-16,linear,1
2016-03-17,linear,1
2016-03-18,linear,1.0000000000000002
2016-03-21,linear,1.0000000000000002
2016-03-22,linear,1.0000000000000002
2016-03-23,linear,1.0000000000000002
2016-03-24,linear,1
2016-03-25,linear,1
2016-03-28,linear,1
2016-03-29,linear,1
2016-03-30,linear,1.0000000000000002
2016-03-31,linear,1
2016-04-01,linear,1.0000000000000002
2016-04-04,linear,1
2016-04-05,linear,1.0000000000000002
2016-04-06,linear,1.0000000000000002
2016-04-07,linear,1
2016-04-08,linear,1
2016-04-11,linear,1
2016-04-12,linear,1.0000000000000002
2016-04-13,linear,1
2016-04-14,linear,1
2016-04-15,linear,1.0000000000000002
2016-04-18,linear,1
2016-04-19,linear,1.0000000000000002
2016-04-20,linear,1.0000000000000002
2016-04-21,linear,1
2016-04-22,linear,1
2016-04-25,linear,1
2016-04-26,linear,1
2016-04-27,linear,1
2016-04-28,linear,1
2016-04-29,linear,1.0000000000000002
2016-05-02,linear,1.0000000000000002
2016-05-03,linear,1
2016-05-04,linear,1.0000000000000002
2016-05-05,linear,1.0000000000000002
2016-05-06,linear,1
2016-05-09,linear,1
2016-05-10,linear,1.0000000000000002
2016-05-11,linear,1
2016-05-12,linear,1.0000000000000002
2016-05-13,linear,1
2016-05-16,linear,1.0000000000000002
2016-05-17,linear,1
2016-05-18,linear,1.0000000000000002
2016-05-19,linear,1.0000000000000002
2016-05-20,linear,1
2016-05-23,linear,1
2016-05-24,linear,1.0000000000000002
2016-05-25,linear,1
2016-05-26,linear,1
2016-05-27,linear,1
2016-05-30,linear,1.0000000000000002
2016-05-31,linear,1.0000000000000002
2016-06-01,linear,1
2016-06-02,linear,1
2016-06-03,linear,1
2016-06-06,linear,1
2016-06-07,linear,1
2016-06-08,linear,1
2016-06-09,linear,1
2016-06-10,linear,1.0000000000000002
2016-06-13,linear,1
2016-06-14,linear,1.0000000000000002
2016-06-15,linear,1
2016-06-16,linear,1
2016-06-17,linear,1
2016-06-20,linear,1.0000000000000002
2016-06-21,linear,1.0000000000000002
2016-06-22,linear,1
2016-06-23,linear,1
2016-06-24,linear,1.0000000000000002
2016-06-27,linear,1
2016-06-28,linear,0.99999999999999978
2016-06-29,linear,1
2016-06-30,linear,1
2016-07-01,linear,1
2016-07-04,linear,1.0000000000000002
2016-07-05,linear,1.0000000000000002
2016-07-06,linear,1
2016-07-07,linear,1
2016-07-08,linear,1
2016-07-11,linear,1
2016-07-12,linear,1
2016-07-13,linear,1
2016-07-14,linear,1.0000000000000002
2016-07-15,linear,1
2016-07-18,linear,1.0000000000000002
2016-07-19,linear,1.0000000000000002
2016-07-20,linear,1
2016-07-21,linear,1.0000000000000002
2016-07-22,linear,1
2016-07-25,linear,1
2016-07-26,linear,1.0000000000000002
2016-07-27,linear,1
2016-07-28,linear,1.0000000000000002
2016-07-29,linear,1
2016-08-01,linear,1
2016-08-02,linear,1.0000000000000002
2016-08-03,linear,1
2016-08-04,linear,1
2016-08-05,linear,1.0000000000000002
2016-08-08,linear,1.0000000000000002
2016-08-09,linear,1
2016-08-10,linear,1
2016-08-11,linear,1
2016-08-12,linear,1
2016-08-15,linear,1.0000000000000002
2016-08-16,linear,1
2016-08-17,linear,1.0000000000000002
2016-08-18,linear,1
2016-08-19,linear,1.0000000000000002
2016-08-22,linear,1
2016-08-23,linear,1
2016-08-24,linear,1
2016-08-25,linear,1
2016-08-26,linear,1.0000000000000002
2016-08-29,linear,1.0000000000000002
2016-08-30,linear,1
2016-08-31,linear,1.0000000000000002
2016-09-01,linear,1
2016-09-02,linear,1
2016-09-05,linear,1
2016-09-06,linear,1.0000000000000002
2016-09-07,linear,1
2016-09-08,linear,1
2016-09-09,linear,1
2016-09-12,linear,1
2016-09-13,linear,1.0000000000000002
2016-09-14,linear,1
2016-09-15,linear,1
2016-09-16,linear,1
2016-09-19,linear,1.0000000000000002
2016-09-20,linear,1
2016-09-21,linear,1
2016-09-22,linear,1.0000000000000002
2016-09-23,linear,1
2016-09-26,linear,1
2016-09-27,linear,1.0000000000000002
2016-09-28,linear,1
2016-09-29,linear,1
2016-09-30,linear,1.0000000000000002
2016-10-03,linear,1
2016-10-04,linear,1
2016-10-05,linear,1.0000000000000002
2016-10-06,linear,1
2016-10-07,linear,1
2016-10-10,linear,1
2016-10-11,linear,1
2016-10-12,linear,1.0000000000000002
2016-10-13,linear,1
2016-10-14,linear,1
2016-10-17,linear,1
2016-10-18,linear,1
2016-10-19,linear,1
2016-10-20,linear,1
2016-10-21,linear,1
2016-10-24,linear,1.0000000000000002
2016-10-25,linear,1.0000000000000002
2016-10-26,linear,1
2016-10-27,linear,1
2016-10-28,linear,1
2016-10-31,linear,1
2016-11-01,linear,1.0000000000000002
2016-11-02,linear,1.0000000000000002
2016-11-03,linear,1
2016-11-04,linear,1
2016-11-07,linear,1
2016-11-08,linear,1
2016-11-09,linear,1.0000000000000002
2016-11-10,linear,1
2016-11-11,linear,1
2016-11-14,linear,1
2016-11-15,linear,1
2016-11-16,linear,1
2016-11-17,linear,0.99999999999999989
2016-11-18,linear,1.0000000000000002
2016-11-21,linear,1
2016-11-22,linear,1
2016-11-23,linear,1.0000000000000002
2016-11-24,linear,1.0000000000000002
2016-11-25,linear,1.0000000000000002
2016-11-28,linear,1.0000000000000002
2016-11-29,linear,1
2016-11-30,linear,0.99999999999999989
2016-12-01,linear,0.99999999999999989
2016-12-02,linear,1
2016-12-05,linear,1.0000000000000002
2016-12-06,linear,0.99999999999999989
2016-12-07,linear,1.0000000000000002
2016-12-08,linear,1
2016-12-09,linear,1.0000000000000002
2016-12-12,linear,1.0000000000000002
2016-12-13,linear,1
2016-12-14,linear,1
2016-12-15,linear,0.99999999999999989
2016-12-16,linear,0.99999999999999978
2016-12-19,linear,1.0000000000000002
2016-12-20,linear,1
2016-12-21,linear,1.0000000000000002
2016-12-22,linear,1.0000000000000002
2016-12-23,linear,0.99999999999999967
2016-12-26,linear,0.99999999999999989
2016-12-27,linear,1.0000000000000002
2016-12-28,linear,1
2016-12-29,linear,0.99999999999999989
2016-12-30,linear,0.99999999999999989
2017-01-02,linear,1
2017-01-03,linear,1.0000000000000002
2017-01-04,linear,1.0000000000000002
2017-01-05,linear,1
2017-01-06,linear,1
2017-01-09,linear,1
2017-01-10,linear,1.0000000000000002
2017-01-11,linear,1
2017-01-12,linear,1
2017-01-13,linear,1
2017-01-16,linear,1
2017-01-17,linear,1
2017-01-18,linear,1.0000000000000002
2017-01-19,linear,1
2017-01-20,linear,1
2017-01-23,linear,1
2017-01-24,linear,1.0000000000000002
2017-01-25,linear,1.0000000000000002
2017-01-26,linear,1
2017-01-27,linear,1
2017-01-30,linear,1
2017-01-31,linear,1
2017-02-01,linear,1.0000000000000002
2017-02-02,linear,1
2017-02-03,linear,1
2017-02-06,linear,1.0000000000000002
2017-02-07,linear,1
2017-02-08,linear,1
2017-02-09,linear,1.0000000000000002
2017-02-10,linear,1.0000000000000002
2017-02-13,linear,1
2017-02-14,linear,1
2017-02-15,linear,1.0000000000000002
2017-02-16,linear,1
2017-02-17,linear,1
2017-02-20,linear,1.0000000000000002
2017-02-21,linear,1
2017-02-22,linear,1.0000000000000002
2017-02-23,linear,1
2017-02-24,linear,1
2017-02-27,linear,1.0000000000000002
2017-02-28,linear,1
2017-03-01,linear,1
2017-03-02,linear,1
2017-03-03,linear,1
2017-03-06,linear,1.0000000000000002
2017-03-07,linear,1.0000000000000002
2017-03-08,linear,1
2017-03-09,linear,1
2017-03-10,linear,1
2017-03-13,linear,1
2017-03-14,linear,1.0000000000000002
2017-03-15,linear,1
2017-03-16,linear,1
2017-03-17,linear,1
2017-03-20,linear,1.0000000000000002
2017-03-21,linear,1
2017-03-22,linear,1.0000000000000002
2017-03-23,linear,1
2017-03-24,linear,1.0000000000000002
2017-03-27,linear,1
2017-03-28,linear,1.0000000000000002
2017-03-29,linear,1
2017-03-30,linear,1
2017-03-31,linear,1
2017-04-03,linear,1.0000000000000002
2017-04-04,linear,1.0000000000000002
2017-04-05,linear,1
2017-04-06,linear,1.0000000000000002
2017-04-07,linear,1
2017-04-10,linear,1
2017-04-11,linear,1
2017-04-12,linear,1
2017-04-13,linear,1
2017-04-14,linear,1.0000000000000002
2017-04-17,linear,1
2017-04-18,linear,1
2017-04-19,linear,1
2017-04-20,linear,1
2017-04-21,linear,1
2017-04-24,linear,1
2017-04-25,linear,1.0000000000000002
2017-04-26,linear,1
2017-04-27,linear,1.0000000000000002
2017-04-28,linear,1
2017-05-01,linear,1
2017-05-02,linear,1
2017-05-03,linear,1.0000000000000002
2017-05-04,linear,1
2017-05-05,linear,1
2017-05-08,linear,1
2017-05-09,linear,1
2017-05-10,linear,1
2017-05-11,linear,1.0000000000000002
2017-05-12,linear,1
2017-05-15,linear,1
2017-05-16,linear,1.0000000000000002
2017-05-17,linear,1
2017-05-18,linear,1
2017-05-19,linear,1
2017-05-22,linear,1
2017-05-23,linear,1.0000000000000002
2017-05-24,linear,1
2017-05-25,linear,1
2017-05-26,linear,1
2017-05-29,linear,1
2017-05-30,linear,1.0000000000000002
2017-05-31,linear,1
2017-06-01,linear,1.0000000000000002
2017-06-02,linear,1
2017-06-05,linear,1
2017-06-06,linear,1.0000000000000002
2017-06-07,linear,1
2017-06-08,linear,1
2017-06-09,linear,1
2017-06-12,linear,1
2017-06-13,linear,1.0000000000000002
2017-06-14,linear,1.0000000000000002
2017-06-15,linear,1
2017-06-16,linear,1
2017-06-19,linear,1
2017-06-20,linear,1
2017-06-21,linear,1
2017-06-22,linear,1
2017-06-23,linear,1
2017-06-26,linear,1
2017-06-27,linear,1
2017-06-28,linear,1
2017-06-29,linear,1.0000000000000002
2017-06-30,linear,1.0000000000000002
2017-07-03,linear,1
2017-07-04,linear,1.0000000000000002
2017-07-05,linear,1
2017-07-06,linear,1.0000000000000002
2017-07-07,linear,1.0000000000000002
2017-07-10,linear,1.0000000000000002
2017-07-11,linear,1
2017-07-12,linear,1
2017-07-13,linear,1
2017-07-14,linear,1
2017-07-17,linear,1
2017-07-18,linear,1.0000000000000002
2017-07-19,linear,1.0000000000000002
2017-07-20,linear,1
2017-07-21,linear,1
2017-07-24,linear,1
2017-07-25,linear,1
2017-07-26,linear,1.0000000000000002
2017-07-27,linear,1
2017-07-28,linear,1.0000000000000002
2017-07-31,linear,0.99999999999999989
2017-08-01,linear,1
2017-08-02,linear,1
2017-08-03,linear,1
2017-08-04,linear,1
2017-08-07,linear,1.0000000000000002
2017-08-08,linear,1
2017-08-09,linear,1
2017-08-10,linear,0.99999999999999989
2017-08-11,linear,1
2017-08-14,linear,1.0000000000000002
2017-08-15,linear,1
2017-08-16,linear,1
2017-08-17,linear,1.0000000000000002
2017-08-18,linear,1
2017-08-21,linear,1.0000000000000002
2017-08-22,linear,1.0000000000000002
2017-08-23,linear,1.0000000000000002
2017-08-24,linear,1
2017-08-25,linear,1.0000000000000002
2017-08-28,linear,1.0000000000000002
2017-08-29,linear,1
2017-08-30,linear,1
2017-08-31,linear,1
2017-09-01,linear,1
2017-09-04,linear,1.0000000000000002
2017-09-05,linear,1.0000000000000002
2017-09-06,linear,1
2017-09-07,linear,1
2017-09-08,linear,1
2017-09-11,linear,1.0000000000000002
2017-09-12,linear,1
2017-09-13,linear,1
2017-09-14,linear,1.0000000000000002
2017-09-15,linear,1
2017-09-18,linear,1.0000000000000002
2017-09-19,linear,1.0000000000000002
2017-09-20,linear,1
2017-09-21,linear,1
2017-09-22,linear,1
2017-09-25,linear,1
2017-09-26,linear,1
2017-09-27,linear,1
2017-09-28,linear,1
2017-09-29,linear,1.0000000000000002
2017-10-02,linear,1.0000000000000002
2017-10-03,linear,1.0000000000000002
2017-10-04,linear,1
2017-10-05,linear,1
2017-10-06,linear,1.0000000000000002
2017-10-09,linear,1.0000000000000002
2017-10-10,linear,1
2017-10-11,linear,1.0000000000000002
2017-10-12,linear,1.0000000000000002
2017-10-13,linear,1
2017-10-16,linear,1.0000000000000002
2017-10-17,linear,1
2017-10-18,linear,1
2017-10-19,linear,1.0000000000000002
2017-10-20,linear,1.0000000000000002
2017-10-23,linear,1
2017-10-24,linear,1.0000000000000002
2017-10-25,linear,1
2017-10-26,linear,1.0000000000000002
2017-10-27,linear,1
2017-10-30,linear,1.0000000000000002
2017-10-31,linear,0.99999999999999989
2017-11-01,linear,1.0000000000000002
2017-11-02,linear,1
2017-11-03,linear,1.0000000000000002
2017-11-06,linear,1.0000000000000002
2017-11-07,linear,1
2017-11-08,linear,1
2017-11-09,linear,1
2017-11-10,linear,1
2017-11-13,linear,1
2017-11-14,linear,1.0000000000000002
2017-11-15,linear,1.0000000000000002
2017-11-16,linear,1
2017-11-17,linear,1
2017-11-20,linear,1.0000000000000002
2017-11-21,linear,1.0000000000000002
2017-11-22,linear,1.0000000000000002
2017-11-23,linear,1
2017-11-24,linear,1.0000000000000002
2017-11-27,linear,1.0000000000000002
2017-11-28,linear,1
2017-11-29,linear,1
2017-11-30,linear,1.0000000000000002
2017-12-01,linear,1
2017-12-04,linear,1
2017-12-05,linear,1
2017-12-06,linear,1.0000000000000002
2017-12-07,linear,1.0000000000000002
2017-12-08,linear,1.0000000000000002
2017-12-11,linear,1
2017-12-12,linear,1.0000000000000002
2017-12-13,linear,1
2017-12-14,linear,1
2017-12-15,linear,1
2017-12-18,linear,1.0000000000000002
2017-12-19,linear,1
2017-12-20,linear,1
2017-12-21,linear,1.0000000000000002
2017-12-22,linear,1
2017-12-25,linear,1.0000000000000002
2017-12-26,linear,1
2017-12-27,linear,1.0000000000000002
2017-12-28,linear,1
2017-12-29,linear,1.0000000000000002
2018-01-01,linear,1
2018-01-02,linear,1.0000000000000002
2018-01-03,linear,1
2018-01-04,linear,1
2018-01-05,linear,1.0000000000000002
2018-01-08,linear,1.0000000000000002
2018-01-09,linear,1
2018-01-10,linear,1
2018-01-11,linear,1
2018-01-12,linear,1
2018-01-15,linear,1
2018-01-16,linear,1
2018-01-17,linear,1.0000000000000002
2018-01-18,linear,1.0000000000000002
2018-01-19,linear,1.0000000000000002
2018-01-22,linear,1
2018-01-23,linear,1
2018-01-24,linear,1
2018-01-25,linear,1.0000000000000002
2018-01-26,linear,1
2018-01-29,linear,1.0000000000000002
2018-01-30,linear,1.0000000000000002
2018-01-31,linear,1.0000000000000002
2018-02-01,linear,1
2018-02-02,linear,1
2018-02-05,linear,1.0000000000000002
2018-02-06,linear,1
2018-02-07,linear,1
2018-02-08,linear,1
2018-02-09,linear,1
2018-02-12,linear,1
2018-02-13,linear,1
2018-02-14,linear,1
2018-02-15,linear,1
2018-02-16,linear,1
2018-02-19,linear,1
2018-02-20,linear,1.0000000000000002
2018-02-21,linear,1
2018-02-22,linear,1
2018-02-23,linear,1
2018-02-26,linear,1.0000000000000002
2018-02-27,linear,1
2018-02-28,linear,1
2018-03-01,linear,1
2018-03-02,linear,1.0000000000000002
2018-03-05,linear,1.0000000000000002
2018-03-06,linear,1
2018-03-07,linear,1
2018-03-08,linear,1
2018-03-09,linear,1
2018-03-12,linear,1.0000000000000002
2018-03-13,linear,1
2018-03-14,linear,1
2018-03-15,linear,1
2018-03-16,linear,1.0000000000000002
2018-03-19,linear,1
2018-03-20,linear,1.0000000000000002
2018-03-21,linear,1
2018-03-22,linear,1
2018-03-23,linear,1.0000000000000002
2018-03-26,linear,1
2018-03-27,linear,1.0000000000000002
2018-03-28,linear,1
2018-03-29,linear,1.0000000000000002
2018-03-30,linear,1
2018-04-02,linear,1.0000000000000002
2018-04-03,linear,1
2018-04-04,linear,1
2018-04-05,linear,1.0000000000000002
2018-04-06,linear,1
2018-04-09,linear,1
2018-04-10,linear,1
2018-04-11,linear,1
2018-04-12,linear,1
2018-04-13,linear,1
2018-04-16,linear,1
2018-04-17,linear,1
2018-04-18,linear,1
2018-04-19,linear,1
2018-04-20,linear,1.0000000000000002
2018-04-23,linear,1
2018-04-24,linear,1
2018-04-25,linear,1.0000000000000002
2018-04-26,linear,1
2018-04-27,linear,1
2018-04-30,linear,1
2018-05-01,linear,1
2018-05-02,linear,1.0000000000000002
2018-05-03,linear,1.0000000000000002
2018-05-04,linear,1
2018-05-07,linear,1.0000000000000002
2018-05-08,linear,1
2018-05-09,linear,1.0000000000000002
2018-05-10,linear,1.0000000000000002
2018-05-11,linear,1.0000000000000002
2018-05-14,linear,1.0000000000000002
2018-05-15,linear,1
2018-05-16,linear,1
2018-05-17,linear,1.0000000000000002
2018-05-18,linear,1.0000000000000002
2018-05-21,linear,1.0000000000000002
2018-05-22,linear,1
2018-05-23,linear,1.0000000000000002
2018-05-24,linear,1
2018-05-25,linear,1.0000000000000002
2018-05-28,linear,1
2018-05-29,linear,1.0000000000000002
2018-05-30,linear,1
2018-05-31,linear,1.0000000000000002
2018-06-01,linear,1
2018-06-04,linear,1.0000000000000002
2018-06-05,linear,1
2018-06-06,linear,1
2018-06-07,linear,1
2018-06-08,linear,1
2018-06-11,linear,1
2018-06-12,linear,1.0000000000000002
2018-06-13,linear,1
2018-06-14,linear,1
2018-06-15,linear,1.0000000000000002
2018-06-18,linear,1
2018-06-19,linear,1.0000000000000002
2018-06-20,linear,1
2018-06-21,linear,1.0000000000000002
2018-06-22,linear,1
2018-06-25,linear,1.0000000000000002
2018-06-26,linear,1
2018-06-27,linear,1
2018-06-28,linear,1.0000000000000002
2018-06-29,linear,1
2018-07-02,linear,0.99999999999999989
2018-07-03,linear,1
2018-07-04,linear,1.0000000000000002
2018-07-05,linear,1.0000000000000004
2018-07-06,linear,1
2018-07-09,linear,1
2018-07-10,linear,1
2018-07-11,linear,1
2018-07-12,linear,1.0000000000000002
2018-07-13,linear,1
2018-07-16,linear,1.0000000000000002
2018-07-17,linear,0.99999999999999989
2018-07-18,linear,1
2018-07-19,linear,1.0000000000000009
2018-07-20,linear,1.0000000000000002
2018-07-23,linear,1.0000000000000004
2018-07-24,linear,0.99999999999999978
2018-07-25,linear,0.99999999999999989
2018-07-26,linear,0.99999999999999978
2018-07-27,linear,1.0000000000000002
2018-07-30,linear,0.99999999999999989
2018-07-31,linear,1.0000000000000002
2018-08-01,linear,1.0000000000000002
2018-08-02,linear,1
2018-08-03,linear,1.0000000000000002
2018-08-06,linear,1
2018-08-07,linear,1.0000000000000002
2018-08-08,linear,1.0000000000000002
2018-08-09,linear,1.0000000000000002
2018-08-10,linear,0.99999999999999978
2018-08-13,linear,1.0000000000000004
2018-08-14,linear,0.99999999999999978
2018-08-15,linear,0.99999999999999978
2018-08-16,linear,1.0000000000000002
2018-08-17,linear,1.0000000000000002
2018-08-20,linear,1.0000000000000004
2018-08-21,linear,1.0000000000000002
2018-08-22,linear,1.0000000000000004
2018-08-23,linear,0.99999999999999989
2018-08-24,linear,0.99999999999999989
2018-08-27,linear,1.0000000000000002
2018-08-28,linear,1
2018-08-29,linear,1.0000000000000004
2018-08-30,linear,0.99999999999999978
2018-08-31,linear,1.0000000000000007
2018-09-03,linear,1.0000000000000002
2018-09-04,linear,1.0000000000000004
2018-09-05,linear,0.99999999999999989
2018-09-06,linear,1.0000000000000002
2018-09-07,linear,1.0000000000000007
2018-09-10,linear,1
2018-09-11,linear,1
2018-09-12,linear,1
2018-09-13,linear,1.0000000000000002
2018-09-14,linear,0.99999999999999989
2018-09-17,linear,0.99999999999999978
2018-09-18,linear,1
2018-09-19,linear,1
2018-09-20,linear,0.99999999999999978
2018-09-21,linear,0.99999999999999978
2018-09-24,linear,0.99999999999999967
2018-09-25,linear,0.99999999999999978
2018-09-26,linear,1
2018-09-27,linear,1.0000000000000002
2018-09-28,linear,0.99999999999999978
2018-10-01,linear,0.99999999999999989
2018-10-02,linear,1
2018-10-03,linear,1.0000000000000002
2018-10-04,linear,0.99999999999999978
2018-10-05,linear,1
2018-10-08,linear,1.0000000000000002
2018-10-09,linear,0.99999999999999989
2018-10-10,linear,0.99999999999999922
2018-10-11,linear,1.0000000000000004
2018-10-12,linear,1
2018-10-15,linear,0.99999999999999989
2018-10-16,linear,0.99999999999999989
2018-10-17,linear,1.0000000000000002
2018-10-18,linear,0.99999999999999956
2018-10-19,linear,0.99999999999999956
2018-10-22,linear,1.0000000000000004
2018-10-23,linear,1
2018-10-24,linear,0.99999999999999933
2018-10-25,linear,1.0000000000000002
2018-10-26,linear,1.0000000000000002
2018-10-29,linear,1.0000000000000007
2018-10-30,linear,1
2018-10-31,linear,0.99999999999999978
2018-11-01,linear,1.0000000000000002
2018-11-02,linear,1
2018-11-05,linear,1.0000000000000002
2018-11-06,linear,1.0000000000000002
2018-11-07,linear,1.0000000000000002
2018-11-08,linear,0.99999999999999967
2018-11-09,linear,1.0000000000000007
2018-11-12,linear,1.0000000000000009
2018-11-13,linear,1.0000000000000002
2018-11-14,linear,1.0000000000000007
2018-11-15,linear,1.0000000000000004
2018-11-16,linear,1
2018-11-19,linear,0.99999999999999989
2018-11-20,linear,0.99999999999999944
2018-11-21,linear,1.0000000000000004
2018-11-22,linear,1.0000000000000002
2018-11-23,linear,1.0000000000000002
2018-11-26,linear,1.0000000000000004
2018-11-27,linear,1.0000000000000004
2018-11-28,linear,0.99999999999999978
2018-11-29,linear,1.0000000000000004
2018-11-30,linear,1.0000000000000004
2018-12-03,linear,0.99999999999999978
2018-12-04,linear,1.0000000000000004
2018-12-05,linear,1.0000000000000009
2018-12-06,linear,1.0000000000000007
2018-12-07,linear,0.99999999999999978
2018-12-10,linear,1.0000000000000004
2018-12-11,linear,0.99999999999999978
2018-12-12,linear,1.0000000000000007
2018-12-13,linear,1.0000000000000002
2018-12-14,linear,1.0000000000000002
2018-12-17,linear,1.0000000000000004
2018-12-18,linear,1.0000000000000002
2018-12-19,linear,0.99999999999999978
2018-12-20,linear,0.99999999999999956
2018-12-21,linear,1.0000000000000009
2018-12-24,linear,1.0000000000000004
2018-12-25,linear,0.99999999999999956
2018-12-26,linear,0.99999999999999956
2018-12-27,linear,1.0000000000000004
2018-12-28,linear,1
2018-12-31,linear,0.99999999999999978
2019-01-01,linear,1.0000000000000002
2019-01-02,linear,1.0000000000000002
2019-01-03,linear,1
2019-01-04,linear,0.99999999999999989
2019-01-07,linear,1
2019-01-08,linear,1
2019-01-09,linear,1
2019-01-10,linear,1
2019-01-11,linear,1.0000000000000002
2019-01-14,linear,1
2019-01-15,linear,1.0000000000000002
2019-01-16,linear,1.0000000000000002
2019-01-17,linear,1.0000000000000002
2019-01-18,linear,1
2019-01-21,linear,1.0000000000000002
2019-01-22,linear,1.0000000000000002
2019-01-23,linear,1.0000000000000002
2019-01-24,linear,1
2019-01-25,linear,1.0000000000000002
2019-01-28,linear,1
2019-01-29,linear,1
2019-01-30,linear,1
2019-01-31,linear,1.0000000000000002
2019-02-01,linear,1.0000000000000002
2019-02-04,linear,1
2019-02-05,linear,1.0000000000000002
2019-02-06,linear,1
2019-02-07,linear,1
2019-02-08,linear,1
2019-02-11,linear,1
2019-02-12,linear,1.0000000000000004
2019-02-13,linear,1
2019-02-14,linear,1.0000000000000002
2019-02-15,linear,1
2019-02-18,linear,1
2019-02-19,linear,1.0000000000000002
2019-02-20,linear,1.0000000000000002
2019-02-21,linear,1.0000000000000002
2019-02-22,linear,1
2019-02-25,linear,1
2019-02-26,linear,1.0000000000000002
2019-02-27,linear,1
2019-02-28,linear,1
2019-03-01,linear,1
2019-03-04,linear,1.0000000000000002
2019-03-05,linear,1
2019-03-06,linear,1.0000000000000002
2019-03-07,linear,1.0000000000000002
2019-03-08,linear,1
2019-03-11,linear,1
2019-03-12,linear,1
2019-03-13,linear,1.0000000000000002
2019-03-14,linear,1
2019-03-15,linear,1
2019-03-18,linear,1
2019-03-19,linear,1.0000000000000002
2019-03-20,linear,1
2019-03-21,linear,1
2019-03-22,linear,1
2019-03-25,linear,1.0000000000000002
2019-03-26,linear,1
2019-03-27,linear,1
2019-03-28,linear,1
2019-03-29,linear,1.0000000000000002
2019-04-01,linear,1
2019-04-02,linear,1.0000000000000002
2019-04-03,linear,1
2019-04-04,linear,1
2019-04-05,linear,1.0000000000000002
2019-04-08,linear,1.0000000000000002
2019-04-09,linear,1
2019-04-10,linear,1
2019-04-11,linear,1.0000000000000002
2019-04-12,linear,1
2019-04-15,linear,1.0000000000000002
2019-04-16,linear,1.0000000000000002
2019-04-17,linear,1
2019-04-18,linear,1
2019-04-19,linear,1.0000000000000002
2019-04-22,linear,1.0000000000000002
2019-04-23,linear,1
2019-04-24,linear,1.0000000000000002
2019-04-25,linear,1.0000000000000002
2019-04-26,linear,1
2019-04-29,linear,1
2019-04-30,linear,1
2019-05-01,linear,1.0000000000000002
2019-05-02,linear,1
2019-05-03,linear,1
2019-05-06,linear,1
2019-05-07,linear,1
2019-05-08,linear,1.0000000000000002
2019-05-09,linear,1.0000000000000002
2019-05-10,linear,1.0000000000000002
2019-05-13,linear,1.0000000000000002
2019-05-14,linear,1.0000000000000002
2019-05-15,linear,1.0000000000000002
2019-05-16,linear,1.0000000000000002
2019-05-17,linear,1.0000000000000002
2019-05-20,linear,1
2019-05-21,linear,0.99999999999999989
2019-05-22,linear,1.0000000000000002
2019-05-23,linear,1.0000000000000002
2019-05-24,linear,1.0000000000000002
2019-05-27,linear,1.0000000000000002
2019-05-28,linear,1.0000000000000002
2019-05-29,linear,1.0000000000000002
2019-05-30,linear,1
2019-05-31,linear,1.0000000000000002
2019-06-03,linear,1
2019-06-04,linear,0.99999999999999989
2019-06-05,linear,1
2019-06-06,linear,1.0000000000000002
2019-06-07,linear,1
2019-06-10,linear,1
2019-06-11,linear,1.0000000000000002
2019-06-12,linear,1.0000000000000002
2019-06-13,linear,1.0000000000000002
2019-06-14,linear,1
2019-06-17,linear,1
2019-06-18,linear,0.99999999999999989
2019-06-19,linear,1.0000000000000002
2019-06-20,linear,1
2019-06-21,linear,1.0000000000000002
2019-06-24,linear,1
2019-06-25,linear,1.0000000000000002
2019-06-26,linear,1
2019-06-27,linear,1
2019-06-28,linear,1
2019-07-01,linear,1
2019-07-02,linear,1
2019-07-03,linear,1
2019-07-04,linear,1
2019-07-05,linear,1
2019-07-08,linear,1
2019-07-09,linear,1
2019-07-10,linear,1.0000000000000002
2019-07-11,linear,1.0000000000000002
2019-07-12,linear,1
2019-07-15,linear,1
2019-07-16,linear,1
2019-07-17,linear,1.0000000000000002
2019-07-18,linear,1.0000000000000002
2019-07-19,linear,1
2019-07-22,linear,1
2019-07-23,linear,1
2019-07-24,linear,1
2019-07-25,linear,1
2019-07-26,linear,1
2019-07-29,linear,1
2019-07-30,linear,1.0000000000000002
2019-07-31,linear,1
2019-08-01,linear,1
2019-08-02,linear,1.0000000000000002
2019-08-05,linear,1
2019-08-06,linear,1.0000000000000004
2019-08-07,linear,1
2019-08-08,linear,1
2019-08-09,linear,1.0000000000000002
2019-08-12,linear,1
2019-08-13,linear,1.0000000000000004
2019-08-14,linear,1
2019-08-15,linear,0.99999999999999989
2019-08-16,linear,1
2019-08-19,linear,1.0000000000000009
2019-08-20,linear,1
2019-08-21,linear,1.0000000000000002
2019-08-22,linear,1
2019-08-23,linear,1.0000000000000002
2019-08-26,linear,1.0000000000000002
2019-08-27,linear,1.0000000000000004
2019-08-28,linear,1.0000000000000002
2019-08-29,linear,1
2019-08-30,linear,1.0000000000000002
2019-09-02,linear,1
2019-09-03,linear,1
2019-09-04,linear,1
2019-09-05,linear,1
2019-09-06,linear,1.0000000000000004
2019-09-09,linear,1
2019-09-10,linear,1.0000000000000002
2019-09-11,linear,1.0000000000000002
2019-09-12,linear,1.0000000000000002
2019-09-13,linear,1.0000000000000002
2019-09-16,linear,1
2019-09-17,linear,1.0000000000000002
2019-09-18,linear,1.0000000000000002
2019-09-19,linear,1
2019-09-20,linear,1
2019-09-23,linear,1
2019-09-24,linear,1.0000000000000002
2019-09-25,linear,1.0000000000000002
2019-09-26,linear,1
2019-09-27,linear,1
2019-09-30,linear,1.0000000000000002
2019-10-01,linear,1
2019-10-02,linear,1
2019-10-03,linear,0.99999999999999989
2019-10-04,linear,0.99999999999999989
2019-10-07,linear,1
2019-10-08,linear,1
2019-10-09,linear,1.0000000000000002
2019-10-10,linear,1.0000000000000002
2019-10-11,linear,1.0000000000000004
2019-10-14,linear,1
2019-10-15,linear,1
2019-10-16,linear,1
2019-10-17,linear,1.0000000000000002
2019-10-18,linear,1.0000000000000002
2019-10-21,linear,0.99999999999999978
2019-10-22,linear,1.0000000000000002
2019-10-23,linear,1
2019-10-24,linear,1.0000000000000002
2019-10-25,linear,1
2019-10-28,linear,1
2019-10-29,linear,1
2019-10-30,linear,1.0000000000000002
2019-10-31,linear,1.0000000000000002
2019-11-01,linear,1
2019-11-04,linear,1
2019-11-05,linear,1
2019-11-06,linear,1.0000000000000002
2019-11-07,linear,1.0000000000000002
2019-11-08,linear,1.0000000000000002
2019-11-11,linear,0.99999999999999989
2019-11-12,linear,1
2019-11-13,linear,1.0000000000000002
2019-11-14,linear,1
2019-11-15,linear,1
2019-11-18,linear,1.0000000000000002
2019-11-19,linear,1
2019-11-20,linear,0.99999999999999989
2019-11-21,linear,1.0000000000000002
2019-11-22,linear,1
2019-11-25,linear,1
2019-11-26,linear,1
2019-11-27,linear,1
2019-11-28,linear,1.0000000000000002
2019-11-29,linear,1.0000000000000002
2019-12-02,linear,1.0000000000000002
2019-12-03,linear,1.0000000000000002
2019-12-04,linear,1
2019-12-05,linear,1
2019-12-06,linear,1
2019-12-09,linear,1
2019-12-10,linear,1
2019-12-11,linear,1
2019-12-12,linear,1.0000000000000002
2019-12-13,linear,1
2019-12-16,linear,1
2019-12-17,linear,1
2019-12-18,linear,1
2019-12-19,linear,1.0000000000000002
2019-12-20,linear,1
2019-12-23,linear,1
2019-12-24,linear,1
2019-12-25,linear,0.99999999999999989
2019-12-26,linear,1.0000000000000002
2019-12-27,linear,1.0000000000000002
2019-12-30,linear,1
2019-12-31,linear,1.0000000000000002
2020-01-01,linear,1
2020-01-02,linear,1
2020-01-03,linear,1
2020-01-06,linear,1
2020-01-07,linear,1
2020-01-08,linear,1
2020-01-09,linear,1
2020-01-10,linear,1
2020-01-13,linear,1
2020-01-14,linear,1
2020-01-15,linear,1.0000000000000002
2020-01-16,linear,1
2020-01-17,linear,1
2020-01-20,linear,1
2020-01-21,linear,1
2020-01-22,linear,1
2020-01-23,linear,1
2020-01-24,linear,1
2020-01-27,linear,1.0000000000000002
2020-01-28,linear,1
2020-01-29,linear,1
2020-01-30,linear,1
2020-01-31,linear,1
2020-02-03,linear,1
2020-02-04,linear,1
2020-02-05,linear,1
2020-02-06,linear,0.99999999999999989
2020-02-07,linear,1.0000000000000002
2020-02-10,linear,1.0000000000000002
2020-02-11,linear,1
2020-02-12,linear,1
2020-02-13,linear,1
2020-02-14,linear,1
2020-02-17,linear,1
2020-02-18,linear,1
2020-02-19,linear,1
2020-02-20,linear,1.0000000000000002
2020-02-21,linear,1.0000000000000002
2020-02-24,linear,1.0000000000000002
2020-02-25,linear,1
2020-02-26,linear,1.0000000000000002
2020-02-27,linear,1.0000000000000002
2020-02-28,linear,1.0000000000000002
2020-03-02,linear,1
2020-03-03,linear,1
2020-03-04,linear,1.0000000000000002
2020-03-05,linear,1
2020-03-06,linear,1
2020-03-09,linear,1.0000000000000002
2020-03-10,linear,1.0000000000000002
2020-03-11,linear,1
2020-03-12,linear,1
2020-03-13,linear,1.0000000000000002
2020-03-16,linear,1
2020-03-17,linear,1
2020-03-18,linear,1
2020-03-19,linear,1
2020-03-20,linear,0.99999999999999956
2020-03-23,linear,1
2020-03-24,linear,1.0000000000000002
2020-03-25,linear,1
2020-03-26,linear,0.99999999999999989
2020-03-27,linear,1.0000000000000004
2020-03-30,linear,1
2020-03-31,linear,0.99999999999999989
2020-04-01,linear,1
2020-04-02,linear,1.0000000000000002
2020-04-03,linear,1.0000000000000002
2020-04-06,linear,1
2020-04-07,linear,0.99999999999999989
2020-04-08,linear,1
2020-04-09,linear,1
2020-04-10,linear,1
2020-04-13,linear,1
2020-04-14,linear,1
2020-04-15,linear,1.0000000000000002
2020-04-16,linear,1
2020-04-17,linear,0.99999999999999967
2020-04-20,linear,1
2020-04-21,linear,0.99999999999999989
2020-04-22,linear,1.0000000000000002
2020-04-23,linear,1.0000000000000002
2020-04-24,linear,1
2020-04-27,linear,0.99999999999999967
2020-04-28,linear,1
2020-04-29,linear,1.0000000000000002
2020-04-30,linear,1
2020-05-01,linear,1
2020-05-04,linear,1.0000000000000002
2020-05-05,linear,1
2020-05-06,linear,1
2020-05-07,linear,0.99999999999999989
2020-05-08,linear,1
2020-05-11,linear,0.99999999999999989
2020-05-12,linear,1
2020-05-13,linear,1.0000000000000004
2020-05-14,linear,1
2020-05-15,linear,1
2020-05-18,linear,0.99999999999999978
2020-05-19,linear,1
2020-05-20,linear,1.0000000000000002
2020-05-21,linear,0.99999999999999989
2020-05-22,linear,1.0000000000000004
2020-05-25,linear,1.0000000000000002
2020-05-26,linear,1.0000000000000002
2020-05-27,linear,1.0000000000000004
2020-05-28,linear,1.0000000000000002
2020-05-29,linear,1.0000000000000002
2020-06-01,linear,1
2020-06-02,linear,1.0000000000000002
2020-06-03,linear,1
2020-06-04,linear,0.99999999999999989
2020-06-05,linear,1.0000000000000002
2020-06-08,linear,1.0000000000000002
2020-06-09,linear,1
2020-06-10,linear,1
2020-06-11,linear,1
2020-06-12,linear,1.0000000000000002
2020-06-15,linear,1.0000000000000002
2020-06-16,linear,1
2020-06-17,linear,0.99999999999999989
2020-06-18,linear,1.0000000000000004
2020-06-19,linear,1.0000000000000004
2020-06-22,linear,1
2020-06-23,linear,1
2020-06-24,linear,0.99999999999999978
2020-06-25,linear,1.0000000000000002
2020-06-26,linear,1
2020-06-29,linear,1.0000000000000002
2020-06-30,linear,1.0000000000000002
2020-07-01,linear,1
2020-07-02,linear,1
2020-07-03,linear,1.0000000000000002
2020-07-06,linear,1.0000000000000002
2020-07-07,linear,1
2020-07-08,linear,1
2020-07-09,linear,1.0000000000000002
2020-07-10,linear,1.0000000000000002
2020-07-13,linear,1
2020-07-14,linear,1.0000000000000002
2020-07-15,linear,1.0000000000000002
2020-07-16,linear,1
2020-07-17,linear,1
2020-07-20,linear,1
2020-07-21,linear,1
2020-07-22,linear,1.0000000000000002
2020-07-23,linear,1.0000000000000002
2020-07-24,linear,1.0000000000000002
2020-07-27,linear,1
2020-07-28,linear,1
2020-07-29,linear,1
2020-07-30,linear,1
2020-07-31,linear,1
2020-08-03,linear,1
2020-08-04,linear,1
2020-08-05,linear,1
2020-08-06,linear,1.0000000000000002
2020-08-07,linear,1
2020-08-10,linear,1
2020-08-11,linear,0.99999999999999989
2020-08-12,linear,1.0000000000000002
2020-08-13,linear,1.0000000000000002
2020-08-14,linear,1.0000000000000002
2020-08-17,linear,1
2020-08-18,linear,1
2020-08-19,linear,1
2020-08-20,linear,1
2020-08-21,linear,1
2020-08-24,linear,1
2020-08-25,linear,1
2020-08-26,linear,1
2020-08-27,linear,1
2020-08-28,linear,1
2020-08-31,linear,1
2020-09-01,linear,1
2020-09-02,linear,0.99999999999999989
2020-09-03,linear,1.0000000000000002
2020-09-04,linear,1
2020-09-07,linear,0.99999999999999978
2020-09-08,linear,1
2020-09-09,linear,0.99999999999999989
2020-09-10,linear,1
2020-09-11,linear,1
2020-09-14,linear,1.0000000000000002
2020-09-15,linear,1
2020-09-16,linear,1.0000000000000002
2020-09-17,linear,1
2020-09-18,linear,1
2020-09-21,linear,1.0000000000000002
2020-09-22,linear,1
2020-09-23,linear,1.0000000000000002
2020-09-24,linear,1.0000000000000002
2020-09-25,linear,1
2020-09-28,linear,1
2020-09-29,linear,1
2020-09-30,linear,1
2020-10-01,linear,1
2020-10-02,linear,1.0000000000000002
2020-10-05,linear,1.0000000000000002
2020-10-06,linear,1
2020-10-07,linear,1
2020-10-08,linear,1.0000000000000002
2020-10-09,linear,1
2020-10-12,linear,1
2020-10-13,linear,1
2020-10-14,linear,1
2020-10-15,linear,1.0000000000000002
2020-10-16,linear,1
2020-10-19,linear,1
2020-10-20,linear,1.0000000000000002
2020-10-21,linear,1
2020-10-22,linear,1.0000000000000002
2020-10-23,linear,1
2020-10-26,linear,1
2020-10-27,linear,1.0000000000000002
2020-10-28,linear,0.99999999999999978
2020-10-29,linear,1
2020-10-30,linear,1.0000000000000002
2020-11-02,linear,1
2020-11-03,linear,1.0000000000000004
2020-11-04,linear,1
2020-11-05,linear,1.0000000000000002
2020-11-06,linear,1
2020-11-09,linear,0.99999999999999989
2020-11-10,linear,1
2020-11-11,linear,1.0000000000000002
2020-11-12,linear,1.0000000000000004
2020-11-13,linear,1
2020-11-16,linear,1
2020-11-17,linear,1.0000000000000002
2020-11-18,linear,1
2020-11-19,linear,0.99999999999999989
2020-11-20,linear,1
2020-11-23,linear,1.0000000000000004
2020-11-24,linear,0.99999999999999978
2020-11-25,linear,1.0000000000000002
2020-11-26,linear,1.0000000000000002
2020-11-27,linear,1
2020-11-30,linear,1.0000000000000002
2020-12-01,linear,0.99999999999999989
2020-12-02,linear,1.0000000000000002
2020-12-03,linear,1
2020-12-04,linear,0.99999999999999967
2020-12-07,linear,0.99999999999999989
2020-12-08,linear,1
2020-12-09,linear,1
2020-12-10,linear,0.99999999999999989
2020-12-11,linear,1
2020-12-14,linear,1.0000000000000002
2020-12-15,linear,1.0000000000000002
2020-12-16,linear,1
2020-12-17,linear,1.0000000000000002
2020-12-18,linear,1
2020-12-21,linear,1.0000000000000002
2020-12-22,linear,1
2020-12-23,linear,1
2020-12-24,linear,1
2020-12-25,linear,1
2020-12-28,linear,1
2020-12-29,linear,1
2020-12-30,linear,1.0000000000000002
2020-12-31,linear,1
2021-01-01,linear,1.0000000000000002
2021-01-04,linear,1
2021-01-05,linear,1
2021-01-06,linear,1.0000000000000002
2021-01-07,linear,1.0000000000000002
2021-01-08,linear,1
2021-01-11,linear,1
2021-01-12,linear,1.0000000000000002
2021-01-13,linear,1
2021-01-14,linear,1.0000000000000002
2021-01-15,linear,1.0000000000000002
2021-01-18,linear,1.0000000000000004
2021-01-19,linear,1
2021-01-20,linear,0.99999999999999989
2021-01-21,linear,1
2021-01-22,linear,1.0000000000000002
2021-01-25,linear,1.0000000000000002
2021-01-26,linear,1.0000000000000002
2021-01-27,linear,1
2021-01-28,linear,1
2021-01-29,linear,1.0000000000000002
2021-02-01,linear,1.0000000000000002
2021-02-02,linear,1.0000000000000002
2021-02-03,linear,1
2021-02-04,linear,1.0000000000000002
2021-02-05,linear,1
2021-02-08,linear,1
2021-02-09,linear,1.0000000000000002
2021-02-10,linear,1
2021-02-11,linear,1
2021-02-12,linear,1.0000000000000002
2021-02-15,linear,1.0000000000000002
2021-02-16,linear,1
2021-02-17,linear,1
2021-02-18,linear,1
2021-02-19,linear,1.0000000000000002
2021-02-22,linear,1.0000000000000002
2021-02-23,linear,1.0000000000000002
2021-02-24,linear,1.0000000000000002
2021-02-25,linear,1.0000000000000002
2021-02-26,linear,1
2021-03-01,linear,1
2021-03-02,linear,1.0000000000000002
2021-03-03,linear,1.0000000000000002
2021-03-04,linear,0.99999999999999967
2021-03-05,linear,1
2021-03-08,linear,1
2021-03-09,linear,1
2021-03-10,linear,1.0000000000000002
2021-03-11,linear,1.0000000000000002
2021-03-12,linear,1.0000000000000002
2021-03-15,linear,1
2021-03-16,linear,1.0000000000000002
2021-03-17,linear,1.0000000000000002
2021-03-18,linear,1
2021-03-19,linear,1.0000000000000002
2021-03-22,linear,1
2021-03-23,linear,1.0000000000000002
2021-03-24,linear,1.0000000000000004
2021-03-25,linear,0.99999999999999989
2021-03-26,linear,1
2021-03-29,linear,1
2021-03-30,linear,1.0000000000000002
2021-03-31,linear,1.0000000000000002
2021-04-01,linear,1.0000000000000002
2021-04-02,linear,1.0000000000000002
2021-04-05,linear,1.0000000000000002
2021-04-06,linear,1
2021-04-07,linear,1.0000000000000002
2021-04-08,linear,1
2021-04-09,linear,1
2021-04-12,linear,1.0000000000000002
2021-04-13,linear,1
2021-04-14,linear,0.99999999999999989
2021-04-15,linear,1.0000000000000002
2021-04-16,linear,1.0000000000000002
2021-04-19,linear,1.0000000000000002
2021-04-20,linear,1.0000000000000002
2021-04-21,linear,1
2021-04-22,linear,1.0000000000000002
2021-04-23,linear,1
2021-04-26,linear,1
2021-04-27,linear,1.0000000000000002
2021-04-28,linear,1
2021-04-29,linear,1
2021-04-30,linear,1
2021-05-03,linear,1.0000000000000002
2021-05-04,linear,1
2021-05-05,linear,1.0000000000000002
2021-05-06,linear,1
2021-05-07,linear,1
2021-05-10,linear,1.0000000000000002
2021-05-11,linear,1.0000000000000002
2021-05-12,linear,0.99999999999999989
2021-05-13,linear,1.0000000000000002
2021-05-14,linear,1
2021-05-17,linear,1.0000000000000002
2021-05-18,linear,1.0000000000000002
2021-05-19,linear,1.0000000000000002
2021-05-20,linear,1.0000000000000002
2021-05-21,linear,1
2021-05-24,linear,1
2021-05-25,linear,1
2021-05-26,linear,1.0000000000000002
2021-05-27,linear,1
2021-05-28,linear,1
2021-05-31,linear,1
2021-06-01,linear,1.0000000000000002
2021-06-02,linear,1.0000000000000002
2021-06-03,linear,1.0000000000000002
2021-06-04,linear,1.0000000000000002
2021-06-07,linear,1.0000000000000002
2021-06-08,linear,1
2021-06-09,linear,1.0000000000000002
2021-06-10,linear,1
2021-06-11,linear,1.0000000000000002
2021-06-14,linear,1.0000000000000002
2021-06-15,linear,1.0000000000000002
2021-06-16,linear,1
2021-06-17,linear,1
2021-06-18,linear,1.0000000000000002
2021-06-21,linear,1
2021-06-22,linear,1
2021-06-23,linear,1.0000000000000002
2021-06-24,linear,1.0000000000000002
2021-06-25,linear,1
2021-06-28,linear,1
2021-06-29,linear,1
2021-06-30,linear,1.0000000000000002
2021-07-01,linear,1
2021-07-02,linear,1
2021-07-05,linear,1
2021-07-06,linear,1
2021-07-07,linear,1.0000000000000002
2021-07-08,linear,1.0000000000000002
2021-07-09,linear,1.0000000000000002
2021-07-12,linear,1
2021-07-13,linear,1.0000000000000002
2021-07-14,linear,1.0000000000000002
2021-07-15,linear,1
2021-07-16,linear,1.0000000000000002
2021-07-19,linear,1
2021-07-20,linear,1
2021-07-21,linear,1
2021-07-22,linear,1
2021-07-23,linear,1.0000000000000002
2021-07-26,linear,1
2021-07-27,linear,1.0000000000000002
2021-07-28,linear,1
2021-07-29,linear,1
2021-07-30,linear,1
2021-08-02,linear,1
2021-08-03,linear,1.0000000000000002
2021-08-04,linear,1
2021-08-05,linear,1.0000000000000002
2021-08-06,linear,1
2021-08-09,linear,1.0000000000000002
2021-08-10,linear,1.0000000000000002
2021-08-11,linear,1.0000000000000002
2021-08-12,linear,1
2021-08-13,linear,1
2021-08-16,linear,1
2021-08-17,linear,1
2021-08-18,linear,1.0000000000000002
2021-08-19,linear,1.0000000000000002
2021-08-20,linear,1.0000000000000002
2021-08-23,linear,1
2021-08-24,linear,1.0000000000000002
2021-08-25,linear,1.0000000000000002
2021-08-26,linear,1
2021-08-27,linear,1.0000000000000002
2021-08-30,linear,1
2021-08-31,linear,1
2021-09-01,linear,1
2021-09-02,linear,1.0000000000000002
2021-09-03,linear,1.0000000000000002
2021-09-06,linear,1
2021-09-07,linear,1.0000000000000002
2021-09-08,linear,1.0000000000000002
2021-09-09,linear,1.0000000000000002
2021-09-10,linear,1
2021-09-13,linear,1.0000000000000002
2021-09-14,linear,1.0000000000000002
2021-09-15,linear,1.0000000000000002
2021-09-16,linear,1
2021-09-17,linear,1.0000000000000002
2021-09-20,linear,1
2021-09-21,linear,1.0000000000000002
2021-09-22,linear,1
2021-09-23,linear,1
2021-09-24,linear,1
2021-09-27,linear,1
2021-09-28,linear,1.0000000000000002
2021-09-29,linear,1
2021-09-30,linear,1.0000000000000002
2021-10-01,linear,1.0000000000000002
2021-10-04,linear,1
2021-10-05,linear,1
2021-10-06,linear,1
2021-10-07,linear,1
2021-10-08,linear,1
2021-10-11,linear,1
2021-10-12,linear,1
2021-10-13,linear,1
2021-10-14,linear,1
2021-10-15,linear,1.0000000000000002
2021-10-18,linear,1.0000000000000002
2021-10-19,linear,1.0000000000000002
2021-10-20,linear,1
2021-10-21,linear,1.0000000000000002
2021-10-22,linear,1.0000000000000002
2021-10-25,linear,1
2021-10-26,linear,1
2021-10-27,linear,1.0000000000000002
2021-10-28,linear,1.0000000000000002
2021-10-29,linear,1
2021-11-01,linear,1
2021-11-02,linear,1
2021-11-03,linear,1.0000000000000002
2021-11-04,linear,1
2021-11-05,linear,1
2021-11-08,linear,1.0000000000000002
2021-11-09,linear,1
2021-11-10,linear,1
2021-11-11,linear,1
2021-11-12,linear,1.0000000000000002
2021-11-15,linear,1
2021-11-16,linear,1
2021-11-17,linear,1.0000000000000002
2021-11-18,linear,1
2021-11-19,linear,1
2021-11-22,linear,1.0000000000000002
2021-11-23,linear,1.0000000000000002
2021-11-24,linear,1.0000000000000002
2021-11-25,linear,1.0000000000000002
2021-11-26,linear,1.0000000000000002
2021-11-29,linear,1.0000000000000002
2021-11-30,linear,1
2021-12-01,linear,1
2021-12-02,linear,1.0000000000000002
2021-12-03,linear,1
2021-12-06,linear,1
2021-12-07,linear,1
2021-12-08,linear,1
2021-12-09,linear,1
2021-12-10,linear,1.0000000000000002
2021-12-13,linear,1
2021-12-14,linear,1.0000000000000002
2021-12-15,linear,1.0000000000000002
2021-12-16,linear,1.0000000000000002
2021-12-17,linear,1
2021-12-20,linear,1
2021-12-21,linear,1
2021-12-22,linear,1.0000000000000002
2021-12-23,linear,1
2021-12-24,linear,1.0000000000000002
2021-12-27,linear,1.0000000000000002
2021-12-28,linear,1
2021-12-29,linear,1
2021-12-30,linear,1
2021-12-31,linear,1.0000000000000002
2022-01-03,linear,1
2022-01-04,linear,1
2022-01-05,linear,0.99999999999999989
2022-01-06,linear,1.0000000000000002
2022-01-07,linear,1.0000000000000002
2022-01-10,linear,1.0000000000000002
2022-01-11,linear,1.0000000000000002
2022-01-12,linear,1.0000000000000002
2022-01-13,linear,1.0000000000000002
2022-01-14,linear,1.0000000000000002
2022-01-17,linear,1.0000000000000002
2022-01-18,linear,1.0000000000000002
2022-01-19,linear,0.99999999999999989
2022-01-20,linear,1.0000000000000002
2022-01-21,linear,1.0000000000000002
2022-01-24,linear,1.0000000000000002
2022-01-25,linear,1.0000000000000002
2022-01-26,linear,1.0000000000000002
2022-01-27,linear,1.0000000000000002
2022-01-28,linear,1.0000000000000002
2022-01-31,linear,1
2022-02-01,linear,1
2022-02-02,linear,1.0000000000000002
2022-02-03,linear,1
2022-02-04,linear,1.0000000000000002
2022-02-07,linear,1.0000000000000002
2022-02-08,linear,1.0000000000000002
2022-02-09,linear,1.0000000000000002
2022-02-10,linear,1.0000000000000002
2022-02-11,linear,1
2022-02-14,linear,1
2022-02-15,linear,1
2022-02-16,linear,1.0000000000000002
2022-02-17,linear,1.0000000000000002
2022-02-18,linear,1.0000000000000002
2022-02-21,linear,1
2022-02-22,linear,1
2022-02-23,linear,1.0000000000000004
2022-02-24,linear,1.0000000000000002
2022-02-25,linear,1.0000000000000007
2022-02-28,linear,1.0000000000000002
2022-03-01,linear,1.0000000000000002
2022-03-02,linear,1.0000000000000002
2022-03-03,linear,1.0000000000000002
2022-03-04,linear,1
2022-03-07,linear,1
2022-03-08,linear,1
2022-03-09,linear,1
2022-03-10,linear,0.99999999999999978
2022-03-11,linear,1
2022-03-14,linear,1.0000000000000004
2022-03-15,linear,1.0000000000000002
2022-03-16,linear,1.0000000000000002
2022-03-17,linear,1.0000000000000002
2022-03-18,linear,1
2022-03-21,linear,1.0000000000000002
2022-03-22,linear,1.0000000000000002
2022-03-23,linear,1.0000000000000002
2022-03-24,linear,1.0000000000000002
2022-03-25,linear,1
2022-03-28,linear,1
2022-03-29,linear,1
2022-03-30,linear,1
2022-03-31,linear,1.0000000000000002
2022-04-01,linear,1.0000000000000002
2022-04-04,linear,1
2022-04-05,linear,1
2022-04-06,linear,1.0000000000000002
2022-04-07,linear,0.99999999999999989
2022-04-08,linear,1
2022-04-11,linear,0.99999999999999989
2022-04-12,linear,0.99999999999999989
2022-04-13,linear,1
2022-04-14,linear,1.0000000000000002
2022-04-15,linear,1.0000000000000002
2022-04-18,linear,1.0000000000000002
2022-04-19,linear,1.0000000000000002
2022-04-20,linear,1.0000000000000002
2022-04-21,linear,1.0000000000000002
2022-04-22,linear,1.0000000000000002
2022-04-25,linear,1
2022-04-26,linear,1
2022-04-27,linear,1.0000000000000002
2022-04-28,linear,0.99999999999999989
2022-04-29,linear,1
2022-05-02,linear,1
2022-05-03,linear,1.0000000000000002
2022-05-04,linear,1.0000000000000004
2022-05-05,linear,1
2022-05-06,linear,1.0000000000000002
2022-05-09,linear,1.0000000000000002
2022-05-10,linear,0.99999999999999989
2022-05-11,linear,1
2022-05-12,linear,1
2022-05-13,linear,1
2022-05-16,linear,1
2022-05-17,linear,1
2022-05-18,linear,1.0000000000000002
2022-05-19,linear,0.99999999999999989
2022-05-20,linear,1
2022-05-23,linear,1.0000000000000002
2022-05-24,linear,1
2022-05-25,linear,1.0000000000000002
2022-05-26,linear,1
2022-05-27,linear,1.0000000000000002
2022-05-30,linear,1.0000000000000002
2022-05-31,linear,1.0000000000000002
2022-06-01,linear,1.0000000000000002
2022-06-02,linear,1.0000000000000002
2022-06-03,linear,1
2022-06-06,linear,1
2022-06-07,linear,1.0000000000000002
2022-06-08,linear,1
2022-06-09,linear,1.0000000000000002
2022-06-10,linear,1
2022-06-13,linear,1
2022-06-14,linear,1
2022-06-15,linear,1
2022-06-16,linear,1.0000000000000002
2022-06-17,linear,1
2022-06-20,linear,1.0000000000000002
2022-06-21,linear,1
2022-06-22,linear,1.0000000000000002
2022-06-23,linear,1
2022-06-24,linear,1.0000000000000004
2022-06-27,linear,1.0000000000000002
2022-06-28,linear,1
2022-06-29,linear,1.0000000000000002
2022-06-30,linear,1.0000000000000002
2022-07-01,linear,1.0000000000000002
2022-07-04,linear,0.99999999999999989
2022-07-05,linear,1.0000000000000002
2022-07-06,linear,1
2022-07-07,linear,1
2022-07-08,linear,0.99999999999999978
2022-07-11,linear,1.0000000000000004
2022-07-12,linear,0.99999999999999967
2022-07-13,linear,1
2022-07-14,linear,0.99999999999999989
2022-07-15,linear,1
2022-07-18,linear,1
2022-07-19,linear,1.0000000000000002
2022-07-20,linear,1
2022-07-21,linear,1
2022-07-22,linear,0.99999999999999989
2022-07-25,linear,1
2022-07-26,linear,1.0000000000000004
2022-07-27,linear,1.0000000000000002
2022-07-28,linear,1.0000000000000004
2022-07-29,linear,1.0000000000000002
2022-08-01,linear,1
2022-08-02,linear,1.0000000000000002
2022-08-03,linear,1
2022-08-04,linear,1.0000000000000004
2022-08-05,linear,1
2022-08-08,linear,1.0000000000000004
2022-08-09,linear,1.0000000000000002
2022-08-10,linear,1.0000000000000002
2022-08-11,linear,1.0000000000000002
2022-08-12,linear,1.0000000000000002
2022-08-15,linear,1.0000000000000002
2022-08-16,linear,0.99999999999999978
2022-08-17,linear,1
2022-08-18,linear,1
2022-08-19,linear,0.99999999999999956
2022-08-22,linear,1.0000000000000009
2022-08-23,linear,1.0000000000000002
2022-08-24,linear,0.99999999999999978
2022-08-25,linear,1
2022-08-26,linear,1.0000000000000002
2022-08-29,linear,0.99999999999999989
2022-08-30,linear,1
2022-08-31,linear,1.0000000000000002
2022-09-01,linear,1.0000000000000002
2022-09-02,linear,1.0000000000000004
2022-09-05,linear,1
2022-09-06,linear,1
2022-09-07,linear,1
2022-09-08,linear,1.0000000000000002
2022-09-09,linear,1
2022-09-12,linear,1
2022-09-13,linear,0.99999999999999967
2022-09-14,linear,1
2022-09-15,linear,1
2022-09-16,linear,0.99999999999999978
2022-09-19,linear,0.99999999999999989
2022-09-20,linear,1.0000000000000009
2022-09-21,linear,0.99999999999999989
2022-09-22,linear,1.0000000000000007
2022-09-23,linear,1.0000000000000002
2022-09-26,linear,1.0000000000000002
2022-09-27,linear,1.0000000000000002
2022-09-28,linear,1.0000000000000002
2022-09-29,linear,1
2022-09-30,linear,0.99999999999999978
2022-10-03,linear,1
2022-10-04,linear,0.99999999999999989
2022-10-05,linear,1.0000000000000002
2022-10-06,linear,1.0000000000000002
2022-10-07,linear,1.0000000000000002
2022-10-10,linear,0.99999999999999989
2022-10-11,linear,1.0000000000000004
2022-10-12,linear,1
2022-10-13,linear,1.0000000000000002
2022-10-14,linear,0.99999999999999989
2022-10-17,linear,0.99999999999999989
2022-10-18,linear,1.0000000000000002
2022-10-19,linear,1
2022-10-20,linear,1.0000000000000007
2022-10-21,linear,1.0000000000000002
2022-10-24,linear,1
2022-10-25,linear,1.0000000000000004
2022-10-26,linear,0.99999999999999922
2022-10-27,linear,0.99999999999999978
2022-10-28,linear,1.0000000000000002
2022-10-31,linear,1
2022-11-01,linear,1.0000000000000002
2022-11-02,linear,1.0000000000000007
2022-11-03,linear,0.99999999999999911
2022-11-04,linear,1.0000000000000002
2022-11-07,linear,1.0000000000000002
2022-11-08,linear,1.0000000000000004
2022-11-09,linear,0.99999999999999944
2022-11-10,linear,1
2022-11-11,linear,1.0000000000000002
2022-11-14,linear,1
2022-11-15,linear,1
2022-11-16,linear,1.0000000000000002
2022-11-17,linear,1
2022-11-18,linear,1
2022-11-21,linear,0.99999999999999967
2022-11-22,linear,1.0000000000000002
2022-11-23,linear,1.0000000000000002
2022-11-24,linear,0.99999999999999989
2022-11-25,linear,0.99999999999999956
2022-11-28,linear,1
2022-11-29,linear,1.0000000000000002
2022-11-30,linear,1
2022-12-01,linear,1.0000000000000002
2022-12-02,linear,1.0000000000000004
2022-12-05,linear,0.99999999999999956
2022-12-06,linear,0.99999999999999989
2022-12-07,linear,1.0000000000000004
2022-12-08,linear,0.99999999999999989
2022-12-09,linear,1
2022-12-12,linear,1.0000000000000004
2022-12-13,linear,1.0000000000000004
2022-12-14,linear,1.0000000000000002
2022-12-15,linear,1.0000000000000002
2022-12-16,linear,1.0000000000000002
2022-12-19,linear,0.99999999999999933
2022-12-20,linear,1
2022-12-21,linear,1
2022-12-22,linear,1.0000000000000002
2022-12-23,linear,1
2022-12-26,linear,1.0000000000000004
2022-12-27,linear,0.99999999999999967
2022-12-28,linear,0.99999999999999989
2022-12-29,linear,0.99999999999999989
2022-12-30,linear,1
2023-01-02,linear,1
2023-01-03,linear,1
2023-01-04,linear,1.0000000000000002
2023-01-05,linear,1.0000000000000002
2023-01-06,linear,1
2023-01-09,linear,1
2023-01-10,linear,1.0000000000000002
2023-01-11,linear,1
2023-01-12,linear,1
2023-01-13,linear,1.0000000000000002
2023-01-16,linear,1.0000000000000002
2023-01-17,linear,1.0000000000000002
2023-01-18,linear,1
2023-01-19,linear,1.0000000000000002
2023-01-20,linear,1.0000000000000002
2023-01-23,linear,1
2023-01-24,linear,1
2023-01-25,linear,1
2023-01-26,linear,1
2023-01-27,linear,1
2023-01-30,linear,1.0000000000000002
2023-01-31,linear,1
2023-02-01,linear,1.0000000000000002
2023-02-02,linear,1.0000000000000002
2023-02-03,linear,1.0000000000000002
2023-02-06,linear,1.0000000000000007
2023-02-07,linear,1.0000000000000002
2023-02-08,linear,1
2023-02-09,linear,1
2023-02-10,linear,1
2023-02-13,linear,1.0000000000000002
2023-02-14,linear,1.0000000000000002
2023-02-15,linear,1
2023-02-16,linear,1.0000000000000002
2023-02-17,linear,1
2023-02-20,linear,1
2023-02-21,linear,1
2023-02-22,linear,1.0000000000000002
2023-02-23,linear,1.0000000000000002
2023-02-24,linear,1
2023-02-27,linear,1.0000000000000002
2023-02-28,linear,1
2023-03-01,linear,1.0000000000000002
2023-03-02,linear,1
2023-03-03,linear,1.0000000000000002
2023-03-06,linear,1
2023-03-07,linear,1
2023-03-08,linear,1
2023-03-09,linear,1
2023-03-10,linear,1.0000000000000002
2023-03-13,linear,1
2023-03-14,linear,1.0000000000000002
2023-03-15,linear,1.0000000000000002
2023-03-16,linear,1
2023-03-17,linear,1
2023-03-20,linear,1
2023-03-21,linear,1
2023-03-22,linear,1
2023-03-23,linear,1.0000000000000002
2023-03-24,linear,1.0000000000000002
2023-03-27,linear,1
2023-03-28,linear,1
2023-03-29,linear,1
2023-03-30,linear,1
2023-03-31,linear,1
2023-04-03,linear,1
2023-04-04,linear,1.0000000000000002
2023-04-05,linear,1.0000000000000002
2023-04-06,linear,1.0000000000000002
2023-04-07,linear,1.0000000000000002
2023-04-10,linear,1
2023-04-11,linear,1
2023-04-12,linear,1.0000000000000002
2023-04-13,linear,1.0000000000000002
2023-04-14,linear,1
2023-04-17,linear,1.0000000000000004
2023-04-18,linear,1
2023-04-19,linear,1.0000000000000002
2023-04-20,linear,1.0000000000000002
2023-04-21,linear,1
2023-04-24,linear,1.0000000000000002
2023-04-25,linear,1.0000000000000002
2023-04-26,linear,1
2023-04-27,linear,1.0000000000000002
2023-04-28,linear,1.0000000000000002
2023-05-01,linear,1
2023-05-02,linear,1
2023-05-03,linear,1
2023-05-04,linear,1
2023-05-05,linear,1.0000000000000002
2023-05-08,linear,1.0000000000000002
2023-05-09,linear,1.0000000000000002
2023-05-10,linear,1.0000000000000002
2023-05-11,linear,1
2023-05-12,linear,1
2023-05-15,linear,1.0000000000000002
2023-05-16,linear,1.0000000000000002
2023-05-17,linear,1.0000000000000002
2023-05-18,linear,1
2023-05-19,linear,1.0000000000000002
2023-05-22,linear,1
2023-05-23,linear,1.0000000000000002
2023-05-24,linear,1.0000000000000002
2023-05-25,linear,1.0000000000000002
2023-05-26,linear,1.0000000000000002
2023-05-29,linear,1
2023-05-30,linear,1
2023-05-31,linear,1.0000000000000002
2023-06-01,linear,1
2023-06-02,linear,1.0000000000000002
2023-06-05,linear,1
2023-06-06,linear,1.0000000000000002
2023-06-07,linear,1
2023-06-08,linear,1.0000000000000002
2023-06-09,linear,1
2023-06-12,linear,1.0000000000000002
2023-06-13,linear,1.0000000000000002
2023-06-14,linear,1
2023-06-15,linear,1
2023-06-16,linear,1
2023-06-19,linear,1
2023-06-20,linear,1
2023-06-21,linear,1
2023-06-22,linear,1.0000000000000002
2023-06-23,linear,1
2023-06-26,linear,1
2023-06-27,linear,1.0000000000000002
2023-06-28,linear,1
2023-06-29,linear,1.0000000000000002
2023-06-30,linear,1
2023-07-03,linear,0.99999999999999989
2023-07-04,linear,1
2023-07-05,linear,1
2023-07-06,linear,1.0000000000000002
2023-07-07,linear,1
2023-07-10,linear,1.0000000000000002
2023-07-11,linear,1.0000000000000002
2023-07-12,linear,1.0000000000000002
2023-07-13,linear,1
2023-07-14,linear,1.0000000000000002
2023-07-17,linear,1.0000000000000002
2023-07-18,linear,1
2023-07-19,linear,1.0000000000000004
2023-07-20,linear,1.0000000000000002
2023-07-21,linear,1
2023-07-24,linear,1.0000000000000002
2023-07-25,linear,1
2023-07-26,linear,1
2023-07-27,linear,0.99999999999999956
2023-07-28,linear,1.0000000000000002
2023-07-31,linear,0.99999999999999978
2023-08-01,linear,1.0000000000000002
2023-08-02,linear,0.99999999999999989
2023-08-03,linear,1.0000000000000002
2023-08-04,linear,1
2023-08-07,linear,1
2023-08-08,linear,1.0000000000000004
2023-08-09,linear,1.0000000000000002
2023-08-10,linear,1.0000000000000004
2023-08-11,linear,0.99999999999999989
2023-08-14,linear,1.0000000000000004
2023-08-15,linear,1.0000000000000004
2023-08-16,linear,1.0000000000000004
2023-08-17,linear,1.0000000000000002
2023-08-18,linear,1
2023-08-21,linear,1.0000000000000002
2023-08-22,linear,0.99999999999999989
2023-08-23,linear,1
2023-08-24,linear,1
2023-08-25,linear,0.99999999999999989
2023-08-28,linear,0.99999999999999989
2023-08-29,linear,1
2023-08-30,linear,1.0000000000000002
2023-08-31,linear,1.0000000000000004
2023-09-01,linear,1.0000000000000004
2023-09-04,linear,1.0000000000000004
2023-09-05,linear,0.99999999999999989
2023-09-06,linear,0.99999999999999967
2023-09-07,linear,1.0000000000000002
2023-09-08,linear,1.0000000000000002
2023-09-11,linear,1
2023-09-12,linear,0.99999999999999978
2023-09-13,linear,1
2023-09-14,linear,0.99999999999999989
2023-09-15,linear,0.99999999999999978
2023-09-18,linear,1.0000000000000002
2023-09-19,linear,1.0000000000000004
2023-09-20,linear,0.99999999999999989
2023-09-21,linear,1.0000000000000002
2023-09-22,linear,0.99999999999999978
2023-09-25,linear,1.0000000000000002
2023-09-26,linear,0.99999999999999967
2023-09-27,linear,0.99999999999999978
2023-09-28,linear,1.0000000000000002
2023-09-29,linear,1.0000000000000002
2023-10-02,linear,1.0000000000000002
2023-10-03,linear,0.99999999999999978
2023-10-04,linear,1
2023-10-05,linear,1.0000000000000002
2023-10-06,linear,1
2023-10-09,linear,1.0000000000000002
2023-10-10,linear,1.0000000000000004
2023-10-11,linear,1.0000000000000004
2023-10-12,linear,0.99999999999999989
2023-10-13,linear,0.99999999999999956
2023-10-16,linear,1
2023-10-17,linear,0.99999999999999967
2023-10-18,linear,1.0000000000000004
2023-10-19,linear,1.0000000000000004
2023-10-20,linear,1
2023-10-23,linear,1.0000000000000004
2023-10-24,linear,1.0000000000000004
2023-10-25,linear,0.99999999999999956
2023-10-26,linear,0.99999999999999978
2023-10-27,linear,1.0000000000000009
2023-10-30,linear,1.0000000000000002
2023-10-31,linear,1.0000000000000002
2023-11-01,linear,1.0000000000000007
2023-11-02,linear,1.0000000000000002
2023-11-03,linear,1.0000000000000002
2023-11-06,linear,1
2023-11-07,linear,1.0000000000000004
2023-11-08,linear,0.99999999999999989
2023-11-09,linear,0.99999999999999956
2023-11-10,linear,1.0000000000000002
2023-11-13,linear,1.0000000000000002
2023-11-14,linear,1
2023-11-15,linear,0.99999999999999989
2023-11-16,linear,1
2023-11-17,linear,1.0000000000000002
2023-11-20,linear,0.99999999999999989
2023-11-21,linear,1.0000000000000002
2023-11-22,linear,0.99999999999999978
2023-11-23,linear,0.99999999999999989
2023-11-24,linear,1
2023-11-27,linear,1.0000000000000002
2023-11-28,linear,0.99999999999999989
2023-11-29,linear,0.99999999999999989
2023-11-30,linear,1.0000000000000004
2023-12-01,linear,1
2023-12-04,linear,1.0000000000000004
2023-12-05,linear,1.0000000000000004
2023-12-06,linear,0.99999999999999978
2023-12-07,linear,1.0000000000000004
2023-12-08,linear,1.0000000000000002
2023-12-11,linear,0.99999999999999978
2023-12-12,linear,1.0000000000000002
2023-12-13,linear,1.0000000000000002
2023-12-14,linear,1
2023-12-15,linear,0.99999999999999989
2023-12-18,linear,1.0000000000000002
2023-12-19,linear,1
2023-12-20,linear,0.99999999999999978
2023-12-21,linear,1
2023-12-22,linear,1
2023-12-25,linear,0.99999999999999989
2023-12-26,linear,1.0000000000000004
2023-12-27,linear,1.0000000000000004
2023-12-28,linear,1
2023-12-29,linear,1
2024-01-01,linear,1
2024-01-02,linear,1
2024-01-03,linear,1
2024-01-04,linear,1
2024-01-05,linear,1
2024-01-08,linear,1
2024-01-09,linear,1
2024-01-10,linear,1
2024-01-11,linear,1.0000000000000002
2024-01-12,linear,1
2024-01-15,linear,1.0000000000000002
2024-01-16,linear,1
2024-01-17,linear,1
2024-01-18,linear,1
2024-01-19,linear,1.0000000000000002
2024-01-22,linear,1.0000000000000002
2024-01-23,linear,1.0000000000000002
2024-01-24,linear,1
2024-01-25,linear,1.0000000000000002
2024-01-26,linear,1
2024-01-29,linear,1
2024-01-30,linear,1
2024-01-31,linear,1
2024-02-01,linear,1
2024-02-02,linear,1.0000000000000002
2024-02-05,linear,1
2024-02-06,linear,1
2024-02-07,linear,1.0000000000000002
2024-02-08,linear,1.0000000000000002
2024-02-09,linear,1.0000000000000002
2024-02-12,linear,1
2024-02-13,linear,1
2024-02-14,linear,1.0000000000000002
2024-02-15,linear,1.0000000000000002
2024-02-16,linear,1
2024-02-19,linear,1
2024-02-20,linear,1
2024-02-21,linear,1
2024-02-22,linear,1
2024-02-23,linear,1.0000000000000002
2024-02-26,linear,1.0000000000000002
2024-02-27,linear,1
2024-02-28,linear,1
2024-02-29,linear,1
2024-03-01,linear,1
2024-03-04,linear,1
2024-03-05,linear,1.0000000000000002
2024-03-06,linear,1
2024-03-07,linear,1.0000000000000002
2024-03-08,linear,1.0000000000000002
2024-03-11,linear,1
2024-03-12,linear,1
2024-03-13,linear,1
2024-03-14,linear,1
2024-03-15,linear,1
2024-03-18,linear,1
2024-03-19,linear,1.0000000000000002
2024-03-20,linear,1
2024-03-21,linear,1.0000000000000002
2024-03-22,linear,1
2024-03-25,linear,1.0000000000000002
2024-03-26,linear,1
2024-03-27,linear,1
2024-03-28,linear,1
2024-03-29,linear,1.0000000000000002
2024-04-01,linear,1
2024-04-02,linear,1.0000000000000002
2024-04-03,linear,1
2024-04-04,linear,1
2024-04-05,linear,1
2024-04-08,linear,1
2024-04-09,linear,1
2024-04-10,linear,1
2024-04-11,linear,1
2024-04-12,linear,1
2024-04-15,linear,1
2024-04-16,linear,1.0000000000000002
2024-04-17,linear,1
2024-04-18,linear,1.0000000000000002
2024-04-19,linear,1.0000000000000002
2024-04-22,linear,1
2024-04-23,linear,1.0000000000000002
2024-04-24,linear,1.0000000000000002
2024-04-25,linear,1
2024-04-26,linear,1
2024-04-29,linear,1
2024-04-30,linear,1
2024-05-01,linear,1.0000000000000002
2024-05-02,linear,1
2024-05-03,linear,1.0000000000000002
2024-05-06,linear,1.0000000000000002
2024-05-07,linear,1
2024-05-08,linear,1.0000000000000002
2024-05-09,linear,1
2024-05-10,linear,1
2024-05-13,linear,1
2024-05-14,linear,1.0000000000000002
2024-05-15,linear,1
2024-05-16,linear,1
2024-05-17,linear,1.0000000000000002
2024-05-20,linear,1.0000000000000002
2024-05-21,linear,1.0000000000000002
2024-05-22,linear,1
2024-05-23,linear,1.0000000000000002
2024-05-24,linear,1.0000000000000002
2024-05-27,linear,1
2024-05-28,linear,1
2024-05-29,linear,1
2024-05-30,linear,1.0000000000000002
2024-05-31,linear,1
2024-06-03,linear,1.0000000000000002
2024-06-04,linear,1
2024-06-05,linear,1.0000000000000002
2024-06-06,linear,1
2024-06-07,linear,1.0000000000000002
2024-06-10,linear,1.0000000000000002
2024-06-11,linear,1
2024-06-12,linear,1
2024-06-13,linear,1
2024-06-14,linear,1.0000000000000002
2024-06-17,linear,1.0000000000000002
2024-06-18,linear,1
2024-06-19,linear,1.0000000000000002
2024-06-20,linear,1
2024-06-21,linear,1
2024-06-24,linear,1.0000000000000002
2024-06-25,linear,1.0000000000000002
2024-06-26,linear,1.0000000000000002
2024-06-27,linear,1.0000000000000002
2024-06-28,linear,1.0000000000000002
2024-07-01,linear,1
2024-07-02,linear,1.0000000000000002
2024-07-03,linear,1
2024-07-04,linear,1
2024-07-05,linear,1
2024-07-08,linear,1.0000000000000002
2024-07-09,linear,1
2024-07-10,linear,1
2024-07-11,linear,1
2024-07-12,linear,1
2024-07-15,linear,1
2024-07-16,linear,1
2024-07-17,linear,1.0000000000000002
2024-07-18,linear,1
2024-07-19,linear,1.0000000000000002
2024-07-22,linear,0.99999999999999989
2024-07-23,linear,1.0000000000000002
2024-07-24,linear,1
2024-07-25,linear,1
2024-07-26,linear,1
2024-07-29,linear,1.0000000000000002
2024-07-30,linear,1
2024-07-31,linear,1.0000000000000002
2024-08-01,linear,1
2024-08-02,linear,1
2024-08-05,linear,1
2024-08-06,linear,1.0000000000000002
2024-08-07,linear,1
2024-08-08,linear,1
2024-08-09,linear,1.0000000000000002
2024-08-12,linear,1.0000000000000002
2024-08-13,linear,1.0000000000000002
2024-08-14,linear,1
2024-08-15,linear,1
2024-08-16,linear,1.0000000000000002
2024-08-19,linear,1
2024-08-20,linear,1.0000000000000002
2024-08-21,linear,1
2024-08-22,linear,1.0000000000000002
2024-08-23,linear,1
2024-08-26,linear,1
2024-08-27,linear,1
2024-08-28,linear,1.0000000000000002
2024-08-29,linear,1
2024-08-30,linear,1
2024-09-02,linear,1
2024-09-03,linear,1.0000000000000002
2024-09-04,linear,1
2024-09-05,linear,1
2024-09-06,linear,1
2024-09-09,linear,1.0000000000000002
2024-09-10,linear,1.0000000000000002
2024-09-11,linear,1.0000000000000002
2024-09-12,linear,1.0000000000000002
2024-09-13,linear,1.0000000000000002
2024-09-16,linear,1
2024-09-17,linear,1
2024-09-18,linear,1
2024-09-19,linear,1
2024-09-20,linear,1.0000000000000002
2024-09-23,linear,1
2024-09-24,linear,1
2024-09-25,linear,1
2024-09-26,linear,1.0000000000000002
2024-09-27,linear,1
2024-09-30,linear,1
2024-10-01,linear,1
2024-10-02,linear,0.99999999999999989
2024-10-03,linear,1
2024-10-04,linear,1.0000000000000002
2024-10-07,linear,1
2024-10-08,linear,1.0000000000000002
2024-10-09,linear,1
2024-10-10,linear,1.0000000000000002
2024-10-11,linear,1
2024-10-14,linear,1.0000000000000002
2024-10-15,linear,1.0000000000000002
2024-10-16,linear,1
2024-10-17,linear,1.0000000000000002
2024-10-18,linear,1.0000000000000002
2024-10-21,linear,1
2024-10-22,linear,1
2024-10-23,linear,1.0000000000000002
2024-10-24,linear,1
2024-10-25,linear,1
2024-10-28,linear,1.0000000000000002
2024-10-29,linear,1.0000000000000002
2024-10-30,linear,1
2024-10-31,linear,1
2024-11-01,linear,1
2024-11-04,linear,1
2024-11-05,linear,1
2024-11-06,linear,1
2024-11-07,linear,1
2024-11-08,linear,1.0000000000000002
2024-11-11,linear,1
2024-11-12,linear,1.0000000000000002
2024-11-13,linear,1
2024-11-14,linear,1
2024-11-15,linear,1.0000000000000002
2024-11-18,linear,1
2024-11-19,linear,1
2024-11-20,linear,1
2024-11-21,linear,1
2024-11-22,linear,1.0000000000000002
2024-11-25,linear,1
2024-11-26,linear,1.0000000000000002
2024-11-27,linear,1
2024-11-28,linear,1
2024-11-29,linear,1
2024-12-02,linear,1
2024-12-03,linear,1
2024-12-04,linear,1
2024-12-05,linear,1
2024-12-06,linear,1.0000000000000002
2024-12-09,linear,1
2024-12-10,linear,1
2024-12-11,linear,1.0000000000000002
2024-12-12,linear,1
2024-12-13,linear,1.0000000000000002
2024-12-16,linear,1.0000000000000002
2024-12-17,linear,1
2024-12-18,linear,1
2024-12-19,linear,1.0000000000000002
2024-12-20,linear,1.0000000000000002
2024-12-23,linear,1
2024-12-24,linear,1
2024-12-25,linear,1
2024-12-26,linear,1
2024-12-27,linear,1.0000000000000002
2024-12-30,linear,1
2024-12-31,linear,1
2025-01-02,linear,1.0000000000000002
2025-01-03,linear,1
2025-01-06,linear,1
2025-01-07,linear,1
2025-01-08,linear,1
2025-01-09,linear,1.0000000000000004
2025-01-10,linear,1
2025-01-13,linear,1.0000000000000002
2025-01-14,linear,1.0000000000000002
2025-01-15,linear,1
2025-01-16,linear,0.99999999999999967
2025-01-17,linear,1.0000000000000002
2025-01-20,linear,0.99999999999999989
2025-01-21,linear,1
2025-01-22,linear,1
2025-01-23,linear,1.0000000000000002
2025-01-24,linear,1
2025-01-27,linear,1.0000000000000002
2025-01-28,linear,1
2025-01-29,linear,1
2025-01-30,linear,1
2025-01-31,linear,1.0000000000000002
2025-02-03,linear,1.0000000000000002
2025-02-04,linear,1
2025-02-05,linear,1
2025-02-06,linear,1.0000000000000002
2025-02-07,linear,1
2025-02-10,linear,1.0000000000000002
2025-02-11,linear,1
2025-02-12,linear,1
2025-02-13,linear,0.99999999999999989
2025-02-14,linear,1.0000000000000002
2025-02-17,linear,1
2025-02-18,linear,1
2025-02-19,linear,1
2025-02-20,linear,1.0000000000000002
2025-02-21,linear,0.99999999999999989
2025-02-24,linear,1
2025-02-25,linear,1
2025-02-26,linear,1
2025-02-27,linear,0.99999999999999978
2025-02-28,linear,0.99999999999999978
2025-03-03,linear,1.0000000000000004
2025-03-04,linear,1
2025-03-05,linear,1.0000000000000002
2025-03-06,linear,1
2025-03-07,linear,1
2025-03-10,linear,1.0000000000000002
2025-03-11,linear,1
2025-03-12,linear,1
2025-03-13,linear,1
2025-03-14,linear,1.0000000000000002
2025-03-17,linear,1.0000000000000002
2025-03-18,linear,1
2025-03-19,linear,0.99999999999999989
2025-03-20,linear,1.0000000000000002
2025-03-21,linear,1.0000000000000002
2025-03-24,linear,1.0000000000000009
2025-03-25,linear,1
2025-03-26,linear,1.0000000000000002
2025-03-27,linear,1.0000000000000002
2025-03-28,linear,1
2025-03-31,linear,0.99999999999999978
2025-04-01,linear,1
2025-04-02,linear,1
2025-04-03,linear,1.0000000000000004
2025-04-04,linear,1.0000000000000004
2025-04-07,linear,1.0000000000000002
2025-04-08,linear,1
2025-04-09,linear,0.99999999999999889
2025-04-10,linear,1.0000000000000002
2025-04-11,linear,0.99999999999999989
2025-04-14,linear,1.0000000000000002
2025-04-15,linear,1
2025-04-16,linear,1
2025-04-17,linear,1.0000000000000002
2025-04-18,linear,1.0000000000000007
2025-04-21,linear,1.0000000000000002
2025-04-22,linear,1.0000000000000007
2025-04-23,linear,1.0000000000000002
2025-04-24,linear,1.0000000000000002
2025-04-25,linear,1.0000000000000002
2025-04-28,linear,1
2025-04-29,linear,1
2025-04-30,linear,1
2025-05-01,linear,1.0000000000000002
2025-05-02,linear,1
2025-05-05,linear,1
2025-05-06,linear,1
2025-05-07,linear,1
2025-05-08,linear,1.0000000000000002
2025-05-09,linear,1
2025-05-12,linear,1
2025-05-13,linear,1.0000000000000002
2025-05-14,linear,1
2025-05-15,linear,1.0000000000000002
2025-05-16,linear,1.0000000000000002
2025-05-19,linear,1.0000000000000002
2025-05-20,linear,0.99999999999999989
2025-05-21,linear,1
2025-05-22,linear,1.0000000000000002
2025-05-23,linear,1.0000000000000002
2025-05-26,linear,1
2025-05-27,linear,1
2025-05-28,linear,1.0000000000000002
2025-05-29,linear,1
2025-05-30,linear,1
2025-06-02,linear,1
2025-06-03,linear,1.0000000000000002
2025-06-04,linear,1.0000000000000002
2025-06-05,linear,1
2025-06-06,linear,1.0000000000000002
2025-06-09,linear,1
2025-06-10,linear,1
2025-06-11,linear,1.0000000000000002
2025-06-12,linear,1.0000000000000002
2025-06-13,linear,1
2025-06-16,linear,1
2025-06-17,linear,1
2025-06-18,linear,1.0000000000000002
2025-06-19,linear,1.0000000000000002
2025-06-20,linear,1.0000000000000002
2025-06-23,linear,1.0000000000000002
2025-06-24,linear,1.0000000000000004
2025-06-25,linear,1
2025-06-26,linear,1.0000000000000002
2025-06-27,linear,1
2025-06-30,linear,0.99999999999999978
2025-07-01,linear,1
2025-07-02,linear,1.0000000000000002
2025-07-03,linear,1
2025-07-04,linear,1
2025-07-07,linear,1
2025-07-08,linear,1
2025-07-09,linear,1.0000000000000004
2025-07-10,linear,1.0000000000000002
2025-07-11,linear,1
2025-07-14,linear,1
2025-07-15,linear,1
2025-07-16,linear,1.0000000000000002
2025-07-17,linear,1
2025-07-18,linear,1
2025-07-21,linear,1
2025-07-22,linear,1.0000000000000002
2025-07-23,linear,1.0000000000000002
2025-07-24,linear,1
2025-07-25,linear,1
2025-07-28,linear,1
2025-07-29,linear,1
2025-07-30,linear,1
2025-07-31,linear,1
2025-08-01,linear,1
2025-08-04,linear,0.99999999999999989
2025-08-05,linear,1.0000000000000002
2025-08-06,linear,1
2025-08-07,linear,1
2025-08-08,linear,1.0000000000000002
2025-08-11,linear,1
2025-08-12,linear,1.0000000000000002
2025-08-13,linear,1
2025-08-14,linear,1
2025-08-15,linear,1.0000000000000002
2025-08-18,linear,1.0000000000000002
2025-08-19,linear,1.0000000000000002
2025-08-20,linear,1.0000000000000002
2025-08-21,linear,1
2025-08-22,linear,1.0000000000000002
2025-08-25,linear,1.0000000000000002
2025-08-26,linear,1
2025-08-27,linear,1.0000000000000002
2025-08-28,linear,1
2025-08-29,linear,1
2025-09-01,linear,1
2025-09-02,linear,1.0000000000000002
2025-09-03,linear,1
2025-09-04,linear,1
2025-09-05,linear,1
2025-09-08,linear,1
2025-09-09,linear,1.0000000000000002
2025-09-10,linear,1
2025-09-11,linear,1.0000000000000002
2025-09-12,linear,1
2025-09-15,linear,1.0000000000000002
2025-09-16,linear,1
2025-09-17,linear,1
2025-09-18,linear,1.0000000000000002
2025-09-19,linear,1
2025-09-22,linear,1.0000000000000002
2025-09-23,linear,1
2025-09-24,linear,1
2025-09-25,linear,1
2025-09-26,linear,1.0000000000000002
2025-09-29,linear,1
2025-09-30,linear,1
2025-10-01,linear,1
2025-10-02,linear,1.0000000000000002
2025-10-03,linear,1.0000000000000002
2025-10-06,linear,1.0000000000000002
2025-10-07,linear,1
2025-10-08,linear,1
2025-10-09,linear,1
2025-10-10,linear,1
2025-10-13,linear,1.0000000000000002
2025-10-14,linear,1
2025-10-15,linear,1.0000000000000002
2025-10-16,linear,1
2025-10-17,linear,1
2025-10-20,linear,1
2025-10-21,linear,1
2025-10-22,linear,1
2025-10-23,linear,1.0000000000000002
2025-10-24,linear,1.0000000000000002
2025-10-27,linear,1
2025-10-28,linear,1
2025-10-29,linear,1
2025-10-30,linear,1.0000000000000002
2025-10-31,linear,1.0000000000000002
2025-11-03,linear,1
2025-11-04,linear,1.0000000000000002
2025-11-05,linear,0.99999999999999989
2025-11-06,linear,1
2025-11-07,linear,1
2025-11-10,linear,1
2025-11-11,linear,1
2025-11-12,linear,1
2025-11-13,linear,1
2025-11-14,linear,1
2025-11-17,linear,1
2025-11-18,linear,1.0000000000000002
2025-11-19,linear,1
2025-11-20,linear,1
2025-11-21,linear,1.0000000000000002
2025-11-24,linear,0.99999999999999989
2025-11-25,linear,1
2025-11-26,linear,1
2025-11-27,linear,1
2025-11-28,linear,1.0000000000000002
2025-12-01,linear,1.0000000000000002
2025-12-02,linear,1
2025-12-03,linear,1.0000000000000002
2025-12-04,linear,1.0000000000000002
2025-12-05,linear,1
2025-12-08,linear,1
2025-12-09,linear,1
2025-12-10,linear,1.0000000000000002
2025-12-11,linear,1.0000000000000002
2025-12-12,linear,1
2025-12-15,linear,1
2025-12-16,linear,1
2025-12-17,linear,1
2025-12-18,linear,1.0000000000000002
2025-12-19,linear,1
2025-12-22,linear,1
2025-12-23,linear,1
2025-12-24,linear,1
2025-12-25,linear,1.0000000000000002
2025-12-26,linear,1.0000000000000002
2025-12-29,linear,1
2025-12-30,linear,1
2005-01-03,polynomial,1
2005-01-04,polynomial,1
2005-01-05,polynomial,0.99999999999999989
2005-01-06,polynomial,1.0000000000000002
2005-01-07,polynomial,1
2005-01-10,polynomial,1
2005-01-11,polynomial,1
2005-01-12,polynomial,1
2005-01-13,polynomial,1.0000000000000002
2005-01-14,polynomial,1
2005-01-17,polynomial,1.0000000000000002
2005-01-18,polynomial,1.0000000000000002
2005-01-19,polynomial,1.0000000000000002
2005-01-20,polynomial,1
2005-01-21,polynomial,1.0000000000000002
2005-01-24,polynomial,0.99999999999999989
2005-01-25,polynomial,1.0000000000000002
2005-01-26,polynomial,1.0000000000000002
2005-01-27,polynomial,1
2005-01-28,polynomial,1.0000000000000002
2005-01-31,polynomial,1
2005-02-01,polynomial,1.0000000000000002
2005-02-02,polynomial,1.0000000000000002
2005-02-03,polynomial,0.99999999999999989
2005-02-04,polynomial,1.0000000000000002
2005-02-07,polynomial,1.0000000000000002
2005-02-08,polynomial,1
2005-02-09,polynomial,1.0000000000000002
2005-02-10,polynomial,1.0000000000000002
2005-02-11,polynomial,1.0000000000000002
2005-02-14,polynomial,1.0000000000000002
2005-02-15,polynomial,1.0000000000000002
2005-02-16,polynomial,1
2005-02-17,polynomial,1
2005-02-18,polynomial,1
2005-02-21,polynomial,1.0000000000000002
2005-02-22,polynomial,1
2005-02-23,polynomial,1.0000000000000002
2005-02-24,polynomial,0.99999999999999989
2005-02-25,polynomial,1
2005-02-28,polynomial,1.0000000000000002
2005-03-01,polynomial,1.0000000000000002
2005-03-02,polynomial,0.99999999999999989
2005-03-03,polynomial,1
2005-03-04,polynomial,1.0000000000000002
2005-03-07,polynomial,1.0000000000000002
2005-03-08,polynomial,1
2005-03-09,polynomial,1
2005-03-10,polynomial,1.0000000000000002
2005-03-11,polynomial,1.0000000000000002
2005-03-14,polynomial,1.0000000000000002
2005-03-15,polynomial,1
2005-03-16,polynomial,1.0000000000000002
2005-03-17,polynomial,0.99999999999999989
2005-03-18,polynomial,1
2005-03-21,polynomial,1
2005-03-22,polynomial,1.0000000000000002
2005-03-23,polynomial,1.0000000000000002
2005-03-24,polynomial,1
2005-03-25,polynomial,1.0000000000000007
2005-03-28,polynomial,1
2005-03-29,polynomial,1.0000000000000004
2005-03-30,polynomial,1
2005-03-31,polynomial,1
2005-04-01,polynomial,1.0000000000000002
2005-04-04,polynomial,1.0000000000000002
2005-04-05,polynomial,1
2005-04-06,polynomial,1.0000000000000002
2005-04-07,polynomial,1
2005-04-08,polynomial,1
2005-04-11,polynomial,1.0000000000000002
2005-04-12,polynomial,1.0000000000000002
2005-04-13,polynomial,1.0000000000000002
2005-04-14,polynomial,0.99999999999999978
2005-04-15,polynomial,1.0000000000000002
2005-04-18,polynomial,1
2005-04-19,polynomial,1.0000000000000002
2005-04-20,polynomial,1.0000000000000004
2005-04-21,polynomial,1.0000000000000002
2005-04-22,polynomial,1
2005-04-25,polynomial,0.99999999999999989
2005-04-26,polynomial,1.0000000000000002
2005-04-27,polynomial,1.0000000000000004
2005-04-28,polynomial,1
2005-04-29,polynomial,1
2005-05-02,polynomial,0.99999999999999978
2005-05-03,polynomial,1
2005-05-04,polynomial,1
2005-05-05,polynomial,1.0000000000000002
2005-05-06,polynomial,1
2005-05-09,polynomial,0.99999999999999989
2005-05-10,polynomial,1
2005-05-11,polynomial,1.0000000000000002
2005-05-12,polynomial,1
2005-05-13,polynomial,0.99999999999999978
2005-05-16,polynomial,1
2005-05-17,polynomial,1.0000000000000002
2005-05-18,polynomial,1
2005-05-19,polynomial,1
2005-05-20,polynomial,1
2005-05-23,polynomial,1
2005-05-24,polynomial,1
2005-05-25,polynomial,1.0000000000000004
2005-05-26,polynomial,1.0000000000000002
2005-05-27,polynomial,0.99999999999999956
2005-05-30,polynomial,1
2005-05-31,polynomial,1
2005-06-01,polynomial,1
2005-06-02,polynomial,1.0000000000000002
2005-06-03,polynomial,1.0000000000000002
2005-06-06,polynomial,1.0000000000000002
2005-06-07,polynomial,1.0000000000000002
2005-06-08,polynomial,0.99999999999999967
2005-06-09,polynomial,1.0000000000000002
2005-06-10,polynomial,1.0000000000000004
2005-06-13,polynomial,1
2005-06-14,polynomial,1.0000000000000002
2005-06-15,polynomial,1.0000000000000004
2005-06-16,polynomial,1.0000000000000004
2005-06-17,polynomial,0.99999999999999944
2005-06-20,polynomial,1.0000000000000007
2005-06-21,polynomial,0.99999999999999989
2005-06-22,polynomial,1.0000000000000002
2005-06-23,polynomial,1.0000000000000002
2005-06-24,polynomial,1.0000000000000011
2005-06-27,polynomial,0.999999999999999
2005-06-28,polynomial,1
2005-06-29,polynomial,0.99999999999999978
2005-06-30,polynomial,0.99999999999999967
2005-07-01,polynomial,1.0000000000000002
2005-07-04,polynomial,1
2005-07-05,polynomial,1.0000000000000002
2005-07-06,polynomial,1
2005-07-07,polynomial,1
2005-07-08,polynomial,1
2005-07-11,polynomial,1.0000000000000004
2005-07-12,polynomial,1
2005-07-13,polynomial,1
2005-07-14,polynomial,1
2005-07-15,polynomial,1
2005-07-18,polynomial,1.0000000000000002
2005-07-19,polynomial,1.0000000000000004
2005-07-20,polynomial,1.0000000000000002
2005-07-21,polynomial,1
2005-07-22,polynomial,1
2005-07-25,polynomial,1
2005-07-26,polynomial,1.0000000000000002
2005-07-27,polynomial,1.0000000000000002
2005-07-28,polynomial,1
2005-07-29,polynomial,1.0000000000000002
2005-08-01,polynomial,1
2005-08-02,polynomial,1
2005-08-03,polynomial,1
2005-08-04,polynomial,1
2005-08-05,polynomial,1
2005-08-08,polynomial,1
2005-08-09,polynomial,1
2005-08-10,polynomial,1.0000000000000002
2005-08-11,polynomial,1.0000000000000002
2005-08-12,polynomial,1
2005-08-15,polynomial,1
2005-08-16,polynomial,1.0000000000000007
2005-08-17,polynomial,1
2005-08-18,polynomial,1.0000000000000007
2005-08-19,polynomial,1
2005-08-22,polynomial,1
2005-08-23,polynomial,0.99999999999999989
2005-08-24,polynomial,0.99999999999999989
2005-08-25,polynomial,0.99999999999999989
2005-08-26,polynomial,1
2005-08-29,polynomial,1.0000000000000002
2005-08-30,polynomial,1
2005-08-31,polynomial,1.0000000000000002
2005-09-01,polynomial,1.0000000000000004
2005-09-02,polynomial,1
2005-09-05,polynomial,1.0000000000000002
2005-09-06,polynomial,1
2005-09-07,polynomial,1
2005-09-08,polynomial,1.0000000000000002
2005-09-09,polynomial,1.0000000000000002
2005-09-12,polynomial,0.99999999999999989
2005-09-13,polynomial,0.99999999999999989
2005-09-14,polynomial,1
2005-09-15,polynomial,1.0000000000000002
2005-09-16,polynomial,1
2005-09-19,polynomial,1
2005-09-20,polynomial,1
2005-09-21,polynomial,1.0000000000000002
2005-09-22,polynomial,1.0000000000000002
2005-09-23,polynomial,1
2005-09-26,polynomial,1
2005-09-27,polynomial,0.99999999999999956
2005-09-28,polynomial,1.0000000000000002
2005-09-29,polynomial,1
2005-09-30,polynomial,1
2005-10-03,polynomial,1
2005-10-04,polynomial,1
2005-10-05,polynomial,1
2005-10-06,polynomial,1.0000000000000002
2005-10-07,polynomial,0.99999999999999989
2005-10-10,polynomial,1
2005-10-11,polynomial,1.0000000000000002
2005-10-12,polynomial,1.0000000000000002
2005-10-13,polynomial,0.99999999999999989
2005-10-14,polynomial,1
2005-10-17,polynomial,1.0000000000000002
2005-10-18,polynomial,1
2005-10-19,polynomial,0.99999999999999989
2005-10-20,polynomial,1
2005-10-21,polynomial,1.0000000000000002
2005-10-24,polynomial,1
2005-10-25,polynomial,1.0000000000000002
2005-10-26,polynomial,1.0000000000000002
2005-10-27,polynomial,1.0000000000000002
2005-10-28,polynomial,1.0000000000000002
2005-10-31,polynomial,1
2005-11-01,polynomial,0.99999999999999967
2005-11-02,polynomial,1
2005-11-03,polynomial,1.0000000000000002
2005-11-04,polynomial,1
2005-11-07,polynomial,1.0000000000000002
2005-11-08,polynomial,1
2005-11-09,polynomial,1
2005-11-10,polynomial,1
2005-11-11,polynomial,1
2005-11-14,polynomial,1.0000000000000002
2005-11-15,polynomial,0.99999999999999989
2005-11-16,polynomial,0.99999999999999967
2005-11-17,polynomial,1.0000000000000004
2005-11-18,polynomial,1.0000000000000002
2005-11-21,polynomial,1.0000000000000002
2005-11-22,polynomial,1.0000000000000002
2005-11-23,polynomial,1
2005-11-24,polynomial,1
2005-11-25,polynomial,1
2005-11-28,polynomial,1
2005-11-29,polynomial,0.99999999999999989
2005-11-30,polynomial,1
2005-12-01,polynomial,0.99999999999999989
2005-12-02,polynomial,1
2005-12-05,polynomial,1
2005-12-06,polynomial,1
2005-12-07,polynomial,0.99999999999999989
2005-12-08,polynomial,1.0000000000000004
2005-12-09,polynomial,1.0000000000000004
2005-12-12,polynomial,1.0000000000000002
2005-12-13,polynomial,0.99999999999999989
2005-12-14,polynomial,1
2005-12-15,polynomial,1.0000000000000002
2005-12-16,polynomial,0.99999999999999989
2005-12-19,polynomial,1.0000000000000004
2005-12-20,polynomial,1.0000000000000002
2005-12-21,polynomial,0.99999999999999978
2005-12-22,polynomial,0.99999999999999967
2005-12-23,polynomial,1
2005-12-26,polynomial,1.0000000000000002
2005-12-27,polynomial,0.99999999999999978
2005-12-28,polynomial,1.0000000000000009
2005-12-29,polynomial,1.0000000000000002
2005-12-30,polynomial,1
2006-01-02,polynomial,1
2006-01-03,polynomial,1
2006-01-04,polynomial,1
2006-01-05,polynomial,1
2006-01-06,polynomial,1.0000000000000002
2006-01-09,polynomial,1.0000000000000002
2006-01-10,polynomial,1.0000000000000004
2006-01-11,polynomial,0.99999999999999989
2006-01-12,polynomial,1.0000000000000002
2006-01-13,polynomial,1
2006-01-16,polynomial,1.0000000000000002
2006-01-17,polynomial,1.0000000000000002
2006-01-18,polynomial,1.0000000000000002
2006-01-19,polynomial,1.0000000000000002
2006-01-20,polynomial,1.0000000000000004
2006-01-23,polynomial,0.99999999999999989
2006-01-24,polynomial,1
2006-01-25,polynomial,1
2006-01-26,polynomial,1
2006-01-27,polynomial,0.99999999999999967
2006-01-30,polynomial,1
2006-01-31,polynomial,1.0000000000000002
2006-02-01,polynomial,1
2006-02-02,polynomial,1
2006-02-03,polynomial,1.0000000000000004
2006-02-06,polynomial,1.0000000000000002
2006-02-07,polynomial,1
2006-02-08,polynomial,1
2006-02-09,polynomial,1
2006-02-10,polynomial,0.99999999999999989
2006-02-13,polynomial,1
2006-02-14,polynomial,1
2006-02-15,polynomial,1
2006-02-16,polynomial,1
2006-02-17,polynomial,1
2006-02-20,polynomial,1
2006-02-21,polynomial,1.0000000000000002
2006-02-22,polynomial,1
2006-02-23,polynomial,1
2006-02-24,polynomial,1
2006-02-27,polynomial,1
2006-02-28,polynomial,1
2006-03-01,polynomial,1
2006-03-02,polynomial,0.99999999999999978
2006-03-03,polynomial,1.0000000000000002
2006-03-06,polynomial,1
2006-03-07,polynomial,1.0000000000000002
2006-03-08,polynomial,1
2006-03-09,polynomial,1.0000000000000002
2006-03-10,polynomial,1
2006-03-13,polynomial,1.0000000000000002
2006-03-14,polynomial,1.0000000000000002
2006-03-15,polynomial,1.0000000000000002
2006-03-16,polynomial,1.0000000000000002
2006-03-17,polynomial,1
2006-03-20,polynomial,1
2006-03-21,polynomial,1
2006-03-22,polynomial,1.0000000000000002
2006-03-23,polynomial,1
2006-03-24,polynomial,1.0000000000000002
2006-03-27,polynomial,1
2006-03-28,polynomial,0.99999999999999978
2006-03-29,polynomial,1
2006-03-30,polynomial,1.0000000000000002
2006-03-31,polynomial,1
2006-04-03,polynomial,1.0000000000000002
2006-04-04,polynomial,1
2006-04-05,polynomial,1
2006-04-06,polynomial,1
2006-04-07,polynomial,1
2006-04-10,polynomial,1.0000000000000002
2006-04-11,polynomial,1
2006-04-12,polynomial,1
2006-04-13,polynomial,1.0000000000000002
2006-04-14,polynomial,1.0000000000000004
2006-04-17,polynomial,1
2006-04-18,polynomial,1
2006-04-19,polynomial,1
2006-04-20,polynomial,1
2006-04-21,polynomial,1
2006-04-24,polynomial,1.0000000000000004
2006-04-25,polynomial,1
2006-04-26,polynomial,1
2006-04-27,polynomial,1
2006-04-28,polynomial,1.0000000000000002
2006-05-01,polynomial,0.99999999999999978
2006-05-02,polynomial,1
2006-05-03,polynomial,1
2006-05-04,polynomial,1
2006-05-05,polynomial,1
2006-05-08,polynomial,0.99999999999999989
2006-05-09,polynomial,0.99999999999999989
2006-05-10,polynomial,1
2006-05-11,polynomial,1
2006-05-12,polynomial,1
2006-05-15,polynomial,1
2006-05-16,polynomial,1
2006-05-17,polynomial,1
2006-05-18,polynomial,1
2006-05-19,polynomial,0.99999999999999989
2006-05-22,polynomial,1.0000000000000002
2006-05-23,polynomial,1
2006-05-24,polynomial,1
2006-05-25,polynomial,1
2006-05-26,polynomial,0.99999999999999989
2006-05-29,polynomial,0.99999999999999978
2006-05-30,polynomial,0.99999999999999967
2006-05-31,polynomial,1
2006-06-01,polynomial,1
2006-06-02,polynomial,1
2006-06-05,polynomial,1.0000000000000013
2006-06-06,polynomial,1.0000000000000002
2006-06-07,polynomial,1.0000000000000002
2006-06-08,polynomial,1
2006-06-09,polynomial,1
2006-06-12,polynomial,1.0000000000000002
2006-06-13,polynomial,1
2006-06-14,polynomial,0.99999999999999967
2006-06-15,polynomial,1
2006-06-16,polynomial,1
2006-06-19,polynomial,1
2006-06-20,polynomial,1
2006-06-21,polynomial,1
2006-06-22,polynomial,1.0000000000000002
2006-06-23,polynomial,1
2006-06-26,polynomial,1.0000000000000002
2006-06-27,polynomial,1.0000000000000002
2006-06-28,polynomial,1.0000000000000002
2006-06-29,polynomial,0.99999999999999989
2006-06-30,polynomial,1
2006-07-03,polynomial,1
2006-07-04,polynomial,1.0000000000000004
2006-07-05,polynomial,0.99999999999999989
2006-07-06,polynomial,1.0000000000000002
2006-07-07,polynomial,1.0000000000000004
2006-07-10,polynomial,1
2006-07-11,polynomial,1.0000000000000002
2006-07-12,polynomial,0.99999999999999989
2006-07-13,polynomial,1.0000000000000002
2006-07-14,polynomial,1.0000000000000002
2006-07-17,polynomial,1.0000000000000002
2006-07-18,polynomial,1.0000000000000002
2006-07-19,polynomial,0.99999999999999956
2006-07-20,polynomial,1.0000000000000002
2006-07-21,polynomial,1.0000000000000002
2006-07-24,polynomial,1
2006-07-25,polynomial,1
2006-07-26,polynomial,1.0000000000000002
2006-07-27,polynomial,1.0000000000000002
2006-07-28,polynomial,1
2006-07-31,polynomial,1.0000000000000002
2006-08-01,polynomial,1.0000000000000002
2006-08-02,polynomial,1.0000000000000002
2006-08-03,polynomial,1
2006-08-04,polynomial,1
2006-08-07,polynomial,1.0000000000000002
2006-08-08,polynomial,1
2006-08-09,polynomial,1
2006-08-10,polynomial,1.0000000000000002
2006-08-11,polynomial,1.0000000000000002
2006-08-14,polynomial,1.0000000000000002
2006-08-15,polynomial,1.0000000000000004
2006-08-16,polynomial,1
2006-08-17,polynomial,1
2006-08-18,polynomial,1.0000000000000002
2006-08-21,polynomial,1.0000000000000002
2006-08-22,polynomial,1
2006-08-23,polynomial,1.0000000000000002
2006-08-24,polynomial,1
2006-08-25,polynomial,1
2006-08-28,polynomial,1
2006-08-29,polynomial,1
2006-08-30,polynomial,1.0000000000000002
2006-08-31,polynomial,1.0000000000000002
2006-09-01,polynomial,1
2006-09-04,polynomial,1
2006-09-05,polynomial,1
2006-09-06,polynomial,1.0000000000000002
2006-09-07,polynomial,1.0000000000000002
2006-09-08,polynomial,1
2006-09-11,polynomial,1.0000000000000002
2006-09-12,polynomial,1.0000000000000002
2006-09-13,polynomial,1.0000000000000002
2006-09-14,polynomial,1
2006-09-15,polynomial,1
2006-09-18,polynomial,1
2006-09-19,polynomial,1
2006-09-20,polynomial,1
2006-09-21,polynomial,1.0000000000000002
2006-09-22,polynomial,1.0000000000000002
2006-09-25,polynomial,0.99999999999999989
2006-09-26,polynomial,1
2006-09-27,polynomial,1.0000000000000002
2006-09-28,polynomial,1
2006-09-29,polynomial,1.0000000000000002
2006-10-02,polynomial,1
2006-10-03,polynomial,1
2006-10-04,polynomial,1.0000000000000004
2006-10-05,polynomial,1.0000000000000002
2006-10-06,polynomial,1.0000000000000002
2006-10-09,polynomial,1
2006-10-10,polynomial,1
2006-10-11,polynomial,1.0000000000000002
2006-10-12,polynomial,1.0000000000000002
2006-10-13,polynomial,1
2006-10-16,polynomial,1.0000000000000002
2006-10-17,polynomial,1.0000000000000002
2006-10-18,polynomial,1.0000000000000002
2006-10-19,polynomial,1
2006-10-20,polynomial,1.0000000000000002
2006-10-23,polynomial,1.0000000000000002
2006-10-24,polynomial,1
2006-10-25,polynomial,1.0000000000000002
2006-10-26,polynomial,1.0000000000000002
2006-10-27,polynomial,1.0000000000000002
2006-10-30,polynomial,1
2006-10-31,polynomial,1.0000000000000002
2006-11-01,polynomial,1.0000000000000004
2006-11-02,polynomial,1
2006-11-03,polynomial,0.99999999999999967
2006-11-06,polynomial,0.99999999999999967
2006-11-07,polynomial,1
2006-11-08,polynomial,1.0000000000000002
2006-11-09,polynomial,1.0000000000000002
2006-11-10,polynomial,1
2006-11-13,polynomial,1.0000000000000002
2006-11-14,polynomial,1.0000000000000002
2006-11-15,polynomial,1.0000000000000002
2006-11-16,polynomial,0.99999999999999989
2006-11-17,polynomial,1.0000000000000002
2006-11-20,polynomial,1
2006-11-21,polynomial,1.0000000000000002
2006-11-22,polynomial,1.0000000000000002
2006-11-23,polynomial,1.0000000000000002
2006-11-24,polynomial,1
2006-11-27,polynomial,1.0000000000000002
2006-11-28,polynomial,1.0000000000000002
2006-11-29,polynomial,1
2006-11-30,polynomial,0.99999999999999989
2006-12-01,polynomial,1.0000000000000002
2006-12-04,polynomial,1
2006-12-05,polynomial,1.0000000000000002
2006-12-06,polynomial,1
2006-12-07,polynomial,1.0000000000000004
2006-12-08,polynomial,1.0000000000000002
2006-12-11,polynomial,1.0000000000000011
2006-12-12,polynomial,1
2006-12-13,polynomial,1
2006-12-14,polynomial,1
2006-12-15,polynomial,1.0000000000000002
2006-12-18,polynomial,1.0000000000000002
2006-12-19,polynomial,1
2006-12-20,polynomial,1
2006-12-21,polynomial,1.0000000000000002
2006-12-22,polynomial,1
2006-12-25,polynomial,1
2006-12-26,polynomial,1.0000000000000004
2006-12-27,polynomial,1
2006-12-28,polynomial,1.0000000000000002
2006-12-29,polynomial,1.0000000000000002
2007-01-01,polynomial,1.0000000000000002
2007-01-02,polynomial,1
2007-01-03,polynomial,1
2007-01-04,polynomial,1
2007-01-05,polynomial,1.0000000000000002
2007-01-08,polynomial,1.0000000000000007
2007-01-09,polynomial,1.0000000000000002
2007-01-10,polynomial,1
2007-01-11,polynomial,1.0000000000000002
2007-01-12,polynomial,1
2007-01-15,polynomial,1.0000000000000002
2007-01-16,polynomial,1.0000000000000002
2007-01-17,polynomial,1
2007-01-18,polynomial,1.0000000000000002
2007-01-19,polynomial,1
2007-01-22,polynomial,1
2007-01-23,polynomial,1.0000000000000002
2007-01-24,polynomial,1.0000000000000002
2007-01-25,polynomial,1.0000000000000007
2007-01-26,polynomial,1
2007-01-29,polynomial,1.0000000000000002
2007-01-30,polynomial,1
2007-01-31,polynomial,1
2007-02-01,polynomial,1.0000000000000002
2007-02-02,polynomial,1.0000000000000002
2007-02-05,polynomial,1
2007-02-06,polynomial,1
2007-02-07,polynomial,1.0000000000000002
2007-02-08,polynomial,1
2007-02-09,polynomial,1
2007-02-12,polynomial,1.0000000000000002
2007-02-13,polynomial,1.0000000000000002
2007-02-14,polynomial,1
2007-02-15,polynomial,1
2007-02-16,polynomial,1
2007-02-19,polynomial,1.0000000000000002
2007-02-20,polynomial,1
2007-02-21,polynomial,1.0000000000000002
2007-02-22,polynomial,1
2007-02-23,polynomial,1.0000000000000002
2007-02-26,polynomial,1.0000000000000002
2007-02-27,polynomial,0.99999999999999956
2007-02-28,polynomial,1
2007-03-01,polynomial,1.0000000000000002
2007-03-02,polynomial,1
2007-03-05,polynomial,0.99999999999999989
2007-03-06,polynomial,1.0000000000000004
2007-03-07,polynomial,1.0000000000000002
2007-03-08,polynomial,1
2007-03-09,polynomial,1
2007-03-12,polynomial,1.0000000000000002
2007-03-13,polynomial,1.0000000000000002
2007-03-14,polynomial,1
2007-03-15,polynomial,1
2007-03-16,polynomial,1
2007-03-19,polynomial,1
2007-03-20,polynomial,1
2007-03-21,polynomial,1
2007-03-22,polynomial,1.0000000000000002
2007-03-23,polynomial,1.0000000000000002
2007-03-26,polynomial,1.0000000000000002
2007-03-27,polynomial,1
2007-03-28,polynomial,1.0000000000000002
2007-03-29,polynomial,0.99999999999999967
2007-03-30,polynomial,1
2007-04-02,polynomial,1.0000000000000002
2007-04-03,polynomial,1.0000000000000002
2007-04-04,polynomial,1
2007-04-05,polynomial,1
2007-04-06,polynomial,0.99999999999999989
2007-04-09,polynomial,1.0000000000000002
2007-04-10,polynomial,1
2007-04-11,polynomial,1
2007-04-12,polynomial,1.0000000000000002
2007-04-13,polynomial,1.0000000000000002
2007-04-16,polynomial,1
2007-04-17,polynomial,1
2007-04-18,polynomial,1
2007-04-19,polynomial,1.0000000000000002
2007-04-20,polynomial,1.0000000000000002
2007-04-23,polynomial,1
2007-04-24,polynomial,1
2007-04-25,polynomial,0.99999999999999956
2007-04-26,polynomial,1
2007-04-27,polynomial,0.99999999999999989
2007-04-30,polynomial,1.0000000000000004
2007-05-01,polynomial,1.0000000000000009
2007-05-02,polynomial,1.0000000000000002
2007-05-03,polynomial,1.0000000000000002
2007-05-04,polynomial,1
2007-05-07,polynomial,1
2007-05-08,polynomial,1.0000000000000011
2007-05-09,polynomial,0.99999999999999989
2007-05-10,polynomial,1
2007-05-11,polynomial,0.99999999999999967
2007-05-14,polynomial,1.0000000000000002
2007-05-15,polynomial,1.0000000000000002
2007-05-16,polynomial,1
2007-05-17,polynomial,1.0000000000000002
2007-05-18,polynomial,1
2007-05-21,polynomial,0.99999999999999978
2007-05-22,polynomial,0.999999999999999
2007-05-23,polynomial,1
2007-05-24,polynomial,1.0000000000000002
2007-05-25,polynomial,0.99999999999999978
2007-05-28,polynomial,1.0000000000000002
2007-05-29,polynomial,1.0000000000000002
2007-05-30,polynomial,1
2007-05-31,polynomial,1.0000000000000002
2007-06-01,polynomial,1
2007-06-04,polynomial,1.0000000000000002
2007-06-05,polynomial,1.0000000000000002
2007-06-06,polynomial,1.0000000000000002
2007-06-07,polynomial,1.0000000000000002
2007-06-08,polynomial,1.0000000000000004
2007-06-11,polynomial,1
2007-06-12,polynomial,1
2007-06-13,polynomial,0.99999999999999956
2007-06-14,polynomial,1
2007-06-15,polynomial,1.0000000000000002
2007-06-18,polynomial,0.99999999999999978
2007-06-19,polynomial,1
2007-06-20,polynomial,1.0000000000000002
2007-06-21,polynomial,1
2007-06-22,polynomial,1
2007-06-25,polynomial,1.0000000000000002
2007-06-26,polynomial,1
2007-06-27,polynomial,1.0000000000000007
2007-06-28,polynomial,1.0000000000000004
2007-06-29,polynomial,1.0000000000000002
2007-07-02,polynomial,1.0000000000000002
2007-07-03,polynomial,1
2007-07-04,polynomial,1
2007-07-05,polynomial,0.99999999999999989
2007-07-06,polynomial,1
2007-07-09,polynomial,1
2007-07-10,polynomial,1
2007-07-11,polynomial,1
2007-07-12,polynomial,0.99999999999999867
2007-07-13,polynomial,0.99999999999999989
2007-07-16,polynomial,1.0000000000000002
2007-07-17,polynomial,1.0000000000000009
2007-07-18,polynomial,1
2007-07-19,polynomial,1.0000000000000002
2007-07-20,polynomial,0.99999999999999933
2007-07-23,polynomial,1.0000000000000002
2007-07-24,polynomial,1.0000000000000002
2007-07-25,polynomial,1.0000000000000002
2007-07-26,polynomial,0.99999999999999978
2007-07-27,polynomial,1.0000000000000002
2007-07-30,polynomial,1.0000000000000004
2007-07-31,polynomial,0.99999999999999989
2007-08-01,polynomial,1.0000000000000002
2007-08-02,polynomial,1.0000000000000002
2007-08-03,polynomial,1.0000000000000002
2007-08-06,polynomial,1.0000000000000004
2007-08-07,polynomial,1
2007-08-08,polynomial,0.99999999999999933
2007-08-09,polynomial,1.0000000000000004
2007-08-10,polynomial,1.0000000000000004
2007-08-13,polynomial,1.0000000000000002
2007-08-14,polynomial,1.0000000000000002
2007-08-15,polynomial,1.0000000000000007
2007-08-16,polynomial,0.99999999999999689
2007-08-17,polynomial,1.0000000000000002
2007-08-20,polynomial,1.0000000000000002
2007-08-21,polynomial,0.99999999999999978
2007-08-22,polynomial,0.99999999999999911
2007-08-23,polynomial,1.0000000000000002
2007-08-24,polynomial,1.0000000000000002
2007-08-27,polynomial,0.99999999999999978
2007-08-28,polynomial,0.99999999999999989
2007-08-29,polynomial,1
2007-08-30,polynomial,1.0000000000000013
2007-08-31,polynomial,1.0000000000000004
2007-09-03,polynomial,1
2007-09-04,polynomial,1.0000000000000002
2007-09-05,polynomial,1.0000000000000013
2007-09-06,polynomial,0.99999999999999978
2007-09-07,polynomial,1.0000000000000013
2007-09-10,polynomial,1
2007-09-11,polynomial,1.0000000000000011
2007-09-12,polynomial,1.0000000000000007
2007-09-13,polynomial,1.0000000000000004
2007-09-14,polynomial,1.0000000000000007
2007-09-17,polynomial,0.99999999999999989
2007-09-18,polynomial,1.0000000000000018
2007-09-19,polynomial,1.0000000000000004
2007-09-20,polynomial,1
2007-09-21,polynomial,1
2007-09-24,polynomial,1.0000000000000002
2007-09-25,polynomial,1.0000000000000002
2007-09-26,polynomial,1
2007-09-27,polynomial,0.99999999999999989
2007-09-28,polynomial,1.0000000000000002
2007-10-01,polynomial,1
2007-10-02,polynomial,1.0000000000000002
2007-10-03,polynomial,1
2007-10-04,polynomial,1.0000000000000002
2007-10-05,polynomial,1.0000000000000002
2007-10-08,polynomial,1.0000000000000004
2007-10-09,polynomial,1.0000000000000002
2007-10-10,polynomial,0.99999999999999989
2007-10-11,polynomial,0.999999999999998
2007-10-12,polynomial,1
2007-10-15,polynomial,1.0000000000000002
2007-10-16,polynomial,1.0000000000000002
2007-10-17,polynomial,1
2007-10-18,polynomial,1.0000000000000013
2007-10-19,polynomial,1.0000000000000002
2007-10-22,polynomial,1.0000000000000007
2007-10-23,polynomial,1.0000000000000002
2007-10-24,polynomial,1.0000000000000002
2007-10-25,polynomial,1.0000000000000007
2007-10-26,polynomial,1
2007-10-29,polynomial,1
2007-10-30,polynomial,1.0000000000000002
2007-10-31,polynomial,1.0000000000000002
2007-11-01,polynomial,1
2007-11-02,polynomial,1
2007-11-05,polynomial,1.0000000000000002
2007-11-06,polynomial,1.0000000000000002
2007-11-07,polynomial,1
2007-11-08,polynomial,1.0000000000000004
2007-11-09,polynomial,0.99999999999999978
2007-11-12,polynomial,1
2007-11-13,polynomial,1.0000000000000004
2007-11-14,polynomial,1.0000000000000004
2007-11-15,polynomial,1
2007-11-16,polynomial,1.0000000000000002
2007-11-19,polynomial,1.0000000000000004
2007-11-20,polynomial,1.0000000000000024
2007-11-21,polynomial,0.999999999999999
2007-11-22,polynomial,0.99999999999999956
2007-11-23,polynomial,0.99999999999999889
2007-11-26,polynomial,1.0000000000000002
2007-11-27,polynomial,1.0000000000000016
2007-11-28,polynomial,1
2007-11-29,polynomial,1.0000000000000002
2007-11-30,polynomial,1.0000000000000011
2007-12-03,polynomial,1
2007-12-04,polynomial,1.0000000000000002
2007-12-05,polynomial,0.99999999999999944
2007-12-06,polynomial,0.99999999999999956
2007-12-07,polynomial,0.99999999999999989
2007-12-10,polynomial,1
2007-12-11,polynomial,1.0000000000000007
2007-12-12,polynomial,1.0000000000000002
2007-12-13,polynomial,0.99999999999999756
2007-12-14,polynomial,1.0000000000000002
2007-12-17,polynomial,0.99999999999999878
2007-12-18,polynomial,1.0000000000000002
2007-12-19,polynomial,1.0000000000000009
2007-12-20,polynomial,0.99999999999999989
2007-12-21,polynomial,1
2007-12-24,polynomial,1.0000000000000004
2007-12-25,polynomial,1.0000000000000007
2007-12-26,polynomial,0.99999999999999989
2007-12-27,polynomial,1.0000000000000004
2007-12-28,polynomial,1.0000000000000007
2007-12-31,polynomial,1.0000000000000004
2008-01-01,polynomial,0.99999999999999989
2008-01-02,polynomial,1
2008-01-03,polynomial,1
2008-01-04,polynomial,1
2008-01-07,polynomial,1.0000000000000011
2008-01-08,polynomial,1.0000000000000002
2008-01-09,polynomial,0.99999999999999922
2008-01-10,polynomial,1
2008-01-11,polynomial,1.0000000000000002
2008-01-14,polynomial,1
2008-01-15,polynomial,1.0000000000000022
2008-01-16,polynomial,1.0000000000000002
2008-01-17,polynomial,1.0000000000000004
2008-01-18,polynomial,1
2008-01-21,polynomial,1.0000000000000031
2008-01-22,polynomial,1.0000000000000004
2008-01-23,polynomial,1.0000000000000004
2008-01-24,polynomial,1.0000000000000009
2008-01-25,polynomial,1
2008-01-28,polynomial,1
2008-01-29,polynomial,1.0000000000000007
2008-01-30,polynomial,1.0000000000000004
2008-01-31,polynomial,1
2008-02-01,polynomial,1.0000000000000002
2008-02-04,polynomial,0.99999999999999989
2008-02-05,polynomial,1.0000000000000007
2008-02-06,polynomial,1
2008-02-07,polynomial,0.99999999999999967
2008-02-08,polynomial,0.99999999999999922
2008-02-11,polynomial,1
2008-02-12,polynomial,0.99999999999999856
2008-02-13,polynomial,0.99999999999999956
2008-02-14,polynomial,1
2008-02-15,polynomial,0.99999999999999989
2008-02-18,polynomial,1
2008-02-19,polynomial,1.0000000000000004
2008-02-20,polynomial,1.0000000000000007
2008-02-21,polynomial,0.99999999999999944
2008-02-22,polynomial,1
2008-02-25,polynomial,1.0000000000000002
2008-02-26,polynomial,0.99999999999999944
2008-02-27,polynomial,1
2008-02-28,polynomial,0.99999999999999845
2008-02-29,polynomial,1.0000000000000009
2008-03-03,polynomial,1.0000000000000009
2008-03-04,polynomial,0.99999999999999967
2008-03-05,polynomial,1.0000000000000004
2008-03-06,polynomial,1.0000000000000009
2008-03-07,polynomial,1.0000000000000004
2008-03-10,polynomial,1.0000000000000011
2008-03-11,polynomial,1.0000000000000004
2008-03-12,polynomial,0.99999999999999989
2008-03-13,polynomial,0.99999999999999556
2008-03-14,polynomial,1.0000000000000013
2008-03-17,polynomial,1.0000000000000009
2008-03-18,polynomial,0.99999999999999989
2008-03-19,polynomial,1.0000000000000004
2008-03-20,polynomial,1.0000000000000007
2008-03-21,polynomial,0.99999999999999833
2008-03-24,polynomial,1.0000000000000002
2008-03-25,polynomial,1.0000000000000002
2008-03-26,polynomial,1
2008-03-27,polynomial,0.99999999999999978
2008-03-28,polynomial,1.0000000000000004
2008-03-31,polynomial,1.0000000000000007
2008-04-01,polynomial,1
2008-04-02,polynomial,1.0000000000000002
2008-04-03,polynomial,1.0000000000000009
2008-04-04,polynomial,0.99999999999999667
2008-04-07,polynomial,1.0000000000000013
2008-04-08,polynomial,1.0000000000000009
2008-04-09,polynomial,0.99999999999999922
2008-04-10,polynomial,0.99999999999999989
2008-04-11,polynomial,1.0000000000000004
2008-04-14,polynomial,1.0000000000000002
2008-04-15,polynomial,1.0000000000000002
2008-04-16,polynomial,1.0000000000000009
2008-04-17,polynomial,0.99999999999999756
2008-04-18,polynomial,1.0000000000000002
2008-04-21,polynomial,1.0000000000000002
2008-04-22,polynomial,0.99999999999999933
2008-04-23,polynomial,1
2008-04-24,polynomial,0.99999999999999989
2008-04-25,polynomial,0.99999999999999967
2008-04-28,polynomial,1.0000000000000009
2008-04-29,polynomial,1
2008-04-30,polynomial,1.0000000000000067
2008-05-01,polynomial,0.99999999999999667
2008-05-02,polynomial,0.99999999999999944
2008-05-05,polynomial,1.0000000000000002
2008-05-06,polynomial,1
2008-05-07,polynomial,0.99999999999999989
2008-05-08,polynomial,0.99999999999999978
2008-05-09,polynomial,1.0000000000000013
2008-05-12,polynomial,1.0000000000000004
2008-05-13,polynomial,1
2008-05-14,polynomial,0.99999999999999889
2008-05-15,polynomial,1
2008-05-16,polynomial,0.99999999999999878
2008-05-19,polynomial,1.0000000000000004
2008-05-20,polynomial,1.0000000000000038
2008-05-21,polynomial,1.0000000000000002
2008-05-22,polynomial,1.0000000000000002
2008-05-23,polynomial,0.99999999999999878
2008-05-26,polynomial,1.0000000000000084
2008-05-27,polynomial,0.99999999999999989
2008-05-28,polynomial,0.99999999999999856
2008-05-29,polynomial,1
2008-05-30,polynomial,1
2008-06-02,polynomial,1
2008-06-03,polynomial,0.99999999999999956
2008-06-04,polynomial,1
2008-06-05,polynomial,0.99999999999999922
2008-06-06,polynomial,1.0000000000000002
2008-06-09,polynomial,0.99999999999999634
2008-06-10,polynomial,1
2008-06-11,polynomial,0.99999999999999911
2008-06-12,polynomial,1
2008-06-13,polynomial,1.0000000000000007
2008-06-16,polynomial,1.0000000000000004
2008-06-17,polynomial,1.0000000000000007
2008-06-18,polynomial,1.0000000000000018
2008-06-19,polynomial,1.0000000000000018
2008-06-20,polynomial,0.99999999999999989
2008-06-23,polynomial,1.0000000000000002
2008-06-24,polynomial,0.99999999999999867
2008-06-25,polynomial,1.0000000000000004
2008-06-26,polynomial,1.0000000000000007
2008-06-27,polynomial,0.99999999999999756
2008-06-30,polynomial,0.99999999999999822
2008-07-01,polynomial,1
2008-07-02,polynomial,1.0000000000000002
2008-07-03,polynomial,0.99999999999999978
2008-07-04,polynomial,1
2008-07-07,polynomial,1.0000000000000002
2008-07-08,polynomial,1
2008-07-09,polynomial,1.0000000000000002
2008-07-10,polynomial,0.99999999999999989
2008-07-11,polynomial,1.0000000000000004
2008-07-14,polynomial,1
2008-07-15,polynomial,1
2008-07-16,polynomial,1.0000000000000007
2008-07-17,polynomial,1
2008-07-18,polynomial,1.0000000000000002
2008-07-21,polynomial,1.0000000000000002
2008-07-22,polynomial,1
2008-07-23,polynomial,0.99999999999999989
2008-07-24,polynomial,1.0000000000000002
2008-07-25,polynomial,1.0000000000000002
2008-07-28,polynomial,1
2008-07-29,polynomial,1.0000000000000002
2008-07-30,polynomial,1
2008-07-31,polynomial,1.0000000000000002
2008-08-01,polynomial,1.0000000000000002
2008-08-04,polynomial,1.0000000000000002
2008-08-05,polynomial,1
2008-08-06,polynomial,1.0000000000000002
2008-08-07,polynomial,0.99999999999999989
2008-08-08,polynomial,0.99999999999999967
2008-08-11,polynomial,1.0000000000000002
2008-08-12,polynomial,0.99999999999999944
2008-08-13,polynomial,0.99999999999999978
2008-08-14,polynomial,1
2008-08-15,polynomial,1
2008-08-18,polynomial,1
2008-08-19,polynomial,1.0000000000000002
2008-08-20,polynomial,1.0000000000000002
2008-08-21,polynomial,1.0000000000000002
2008-08-22,polynomial,0.99999999999999967
2008-08-25,polynomial,1.0000000000000004
2008-08-26,polynomial,1
2008-08-27,polynomial,1
2008-08-28,polynomial,1.0000000000000002
2008-08-29,polynomial,0.99999999999999956
2008-09-01,polynomial,0.99999999999999978
2008-09-02,polynomial,1
2008-09-03,polynomial,0.99999999999999989
2008-09-04,polynomial,0.99999999999999989
2008-09-05,polynomial,0.99999999999999989
2008-09-08,polynomial,1
2008-09-09,polynomial,0.99999999999999933
2008-09-10,polynomial,1.0000000000000007
2008-09-11,polynomial,1.0000000000000002
2008-09-12,polynomial,0.99999999999999967
2008-09-15,polynomial,1.0000000000000007
2008-09-16,polynomial,0.99999999999999922
2008-09-17,polynomial,1
2008-09-18,polynomial,1
2008-09-19,polynomial,1.0000000000000009
2008-09-22,polynomial,1.0000000000000002
2008-09-23,polynomial,1
2008-09-24,polynomial,1.0000000000000004
2008-09-25,polynomial,1
2008-09-26,polynomial,1.0000000000000002
2008-09-29,polynomial,1.0000000000000013
2008-09-30,polynomial,1
2008-10-01,polynomial,1
2008-10-02,polynomial,1
2008-10-03,polynomial,1.0000000000000009
2008-10-06,polynomial,1.0000000000000009
2008-10-07,polynomial,1.0000000000000016
2008-10-08,polynomial,0.99999999999999922
2008-10-09,polynomial,0.99999999999999922
2008-10-10,polynomial,1.0000000000000009
2008-10-13,polynomial,1.0000000000000009
2008-10-14,polynomial,0.99999999999999967
2008-10-15,polynomial,0.99999999999999933
2008-10-16,polynomial,1.0000000000000009
2008-10-17,polynomial,1.0000000000000009
2008-10-20,polynomial,0.99999999999999956
2008-10-21,polynomial,0.99999999999999956
2008-10-22,polynomial,0.99999999999999911
2008-10-23,polynomial,0.99999999999999989
2008-10-24,polynomial,1.0000000000000027
2008-10-27,polynomial,1.0000000000000027
2008-10-28,polynomial,1.0000000000000009
2008-10-29,polynomial,0.99999999999999922
2008-10-30,polynomial,0.99999999999999967
2008-10-31,polynomial,1.0000000000000004
2008-11-03,polynomial,1
2008-11-04,polynomial,0.99999999999999944
2008-11-05,polynomial,0.99999999999999967
2008-11-06,polynomial,0.99999999999999956
2008-11-07,polynomial,1
2008-11-10,polynomial,1.0000000000000009
2008-11-11,polynomial,0.99999999999999922
2008-11-12,polynomial,0.99999999999999789
2008-11-13,polynomial,1.0000000000000002
2008-11-14,polynomial,1.0000000000000009
2008-11-17,polynomial,1.0000000000000002
2008-11-18,polynomial,1
2008-11-19,polynomial,1.0000000000000009
2008-11-20,polynomial,1.0000000000000013
2008-11-21,polynomial,0.99999999999999922
2008-11-24,polynomial,0.99999999999999922
2008-11-25,polynomial,1
2008-11-26,polynomial,1.0000000000000009
2008-11-27,polynomial,0.99999999999999922
2008-11-28,polynomial,1.0000000000000009
2008-12-01,polynomial,1.0000000000000031
2008-12-02,polynomial,1
2008-12-03,polynomial,1.0000000000000009
2008-12-04,polynomial,1.0000000000000033
2008-12-05,polynomial,1.0000000000000009
2008-12-08,polynomial,1.0000000000000011
2008-12-09,polynomial,0.99999999999997624
2008-12-10,polynomial,0.99999999999999922
2008-12-11,polynomial,0.99999999999999922
2008-12-12,polynomial,1.0000000000000027
2008-12-15,polynomial,1.0000000000000002
2008-12-16,polynomial,1.0000000000000009
2008-12-17,polynomial,0.99999999999999045
2008-12-18,polynomial,1.0000000000000029
2008-12-19,polynomial,0.99999999999999922
2008-12-22,polynomial,0.99999999999999922
2008-12-23,polynomial,1.0000000000000011
2008-12-24,polynomial,1.0000000000000049
2008-12-25,polynomial,1.0000000000000033
2008-12-26,polynomial,1.0000000000000044
2008-12-29,polynomial,0.99999999999999944
2008-12-30,polynomial,1.0000000000000004
2008-12-31,polynomial,1.0000000000000002
2009-01-01,polynomial,0.99999999999999989
2009-01-02,polynomial,1
2009-01-05,polynomial,1
2009-01-06,polynomial,1
2009-01-07,polynomial,1
2009-01-08,polynomial,1.0000000000000002
2009-01-09,polynomial,1.0000000000000002
2009-01-12,polynomial,1.0000000000000002
2009-01-13,polynomial,1
2009-01-14,polynomial,1
2009-01-15,polynomial,1.0000000000000002
2009-01-16,polynomial,1
2009-01-19,polynomial,0.99999999999999944
2009-01-20,polynomial,1.0000000000000002
2009-01-21,polynomial,1
2009-01-22,polynomial,1
2009-01-23,polynomial,1.0000000000000002
2009-01-26,polynomial,1.0000000000000004
2009-01-27,polynomial,1.0000000000000002
2009-01-28,polynomial,0.99999999999999989
2009-01-29,polynomial,1
2009-01-30,polynomial,1
2009-02-02,polynomial,1
2009-02-03,polynomial,1
2009-02-04,polynomial,1
2009-02-05,polynomial,1.0000000000000002
2009-02-06,polynomial,1.0000000000000002
2009-02-09,polynomial,1.0000000000000018
2009-02-10,polynomial,1.0000000000000002
2009-02-11,polynomial,0.99999999999999967
2009-02-12,polynomial,1.0000000000000002
2009-02-13,polynomial,1
2009-02-16,polynomial,1.0000000000000002
2009-02-17,polynomial,1.0000000000000002
2009-02-18,polynomial,1
2009-02-19,polynomial,1.0000000000000002
2009-02-20,polynomial,1.0000000000000004
2009-02-23,polynomial,1
2009-02-24,polynomial,1.0000000000000002
2009-02-25,polynomial,1.0000000000000002
2009-02-26,polynomial,1.0000000000000007
2009-02-27,polynomial,1.0000000000000004
2009-03-02,polynomial,1.0000000000000002
2009-03-03,polynomial,1
2009-03-04,polynomial,1.0000000000000002
2009-03-05,polynomial,1.0000000000000002
2009-03-06,polynomial,1
2009-03-09,polynomial,0.99999999999999967
2009-03-10,polynomial,1
2009-03-11,polynomial,1.0000000000000004
2009-03-12,polynomial,0.99999999999999989
2009-03-13,polynomial,1
2009-03-16,polynomial,1
2009-03-17,polynomial,1.0000000000000002
2009-03-18,polynomial,0.99999999999999989
2009-03-19,polynomial,1
2009-03-20,polynomial,1
2009-03-23,polynomial,1.0000000000000007
2009-03-24,polynomial,1
2009-03-25,polynomial,1.0000000000000002
2009-03-26,polynomial,1
2009-03-27,polynomial,1
2009-03-30,polynomial,1.0000000000000002
2009-03-31,polynomial,1.0000000000000002
2009-04-01,polynomial,1.0000000000000002
2009-04-02,polynomial,1
2009-04-03,polynomial,1
2009-04-06,polynomial,1
2009-04-07,polynomial,1.0000000000000002
2009-04-08,polynomial,0.99999999999999989
2009-04-09,polynomial,0.99999999999999989
2009-04-10,polynomial,1.0000000000000013
2009-04-13,polynomial,1.0000000000000004
2009-04-14,polynomial,1.0000000000000002
2009-04-15,polynomial,1
2009-04-16,polynomial,1
2009-04-17,polynomial,0.99999999999999956
2009-04-20,polynomial,1
2009-04-21,polynomial,1.0000000000000002
2009-04-22,polynomial,1
2009-04-23,polynomial,1
2009-04-24,polynomial,1.0000000000000002
2009-04-27,polynomial,1
2009-04-28,polynomial,1
2009-04-29,polynomial,1
2009-04-30,polynomial,1.0000000000000004
2009-05-01,polynomial,0.99999999999999989
2009-05-04,polynomial,1.0000000000000002
2009-05-05,polynomial,1.0000000000000002
2009-05-06,polynomial,1.0000000000000002
2009-05-07,polynomial,1
2009-05-08,polynomial,1.0000000000000002
2009-05-11,polynomial,1
2009-05-12,polynomial,1.0000000000000002
2009-05-13,polynomial,0.99999999999999989
2009-05-14,polynomial,1.0000000000000002
2009-05-15,polynomial,1
2009-05-18,polynomial,1.0000000000000002
2009-05-19,polynomial,0.99999999999999956
2009-05-20,polynomial,0.99999999999999978
2009-05-21,polynomial,0.99999999999999989
2009-05-22,polynomial,1.0000000000000002
2009-05-25,polynomial,1.0000000000000002
2009-05-26,polynomial,1.0000000000000002
2009-05-27,polynomial,1
2009-05-28,polynomial,1.0000000000000002
2009-05-29,polynomial,1.0000000000000002
2009-06-01,polynomial,1
2009-06-02,polynomial,1
2009-06-03,polynomial,1.0000000000000002
2009-06-04,polynomial,1.0000000000000002
2009-06-05,polynomial,1
2009-06-08,polynomial,1
2009-06-09,polynomial,1.0000000000000002
2009-06-10,polynomial,1
2009-06-11,polynomial,1
2009-06-12,polynomial,1
2009-06-15,polynomial,1
2009-06-16,polynomial,1.0000000000000004
2009-06-17,polynomial,1
2009-06-18,polynomial,1
2009-06-19,polynomial,1.0000000000000002
2009-06-22,polynomial,1.0000000000000002
2009-06-23,polynomial,1
2009-06-24,polynomial,0.99999999999999978
2009-06-25,polynomial,1
2009-06-26,polynomial,1.0000000000000002
2009-06-29,polynomial,1.0000000000000002
2009-06-30,polynomial,1
2009-07-01,polynomial,1
2009-07-02,polynomial,1
2009-07-03,polynomial,1
2009-07-06,polynomial,1.0000000000000002
2009-07-07,polynomial,1.0000000000000002
2009-07-08,polynomial,1.0000000000000002
2009-07-09,polynomial,1.0000000000000002
2009-07-10,polynomial,1
2009-07-13,polynomial,1.0000000000000002
2009-07-14,polynomial,1
2009-07-15,polynomial,1
2009-07-16,polynomial,1
2009-07-17,polynomial,1.0000000000000002
2009-07-20,polynomial,1
2009-07-21,polynomial,1
2009-07-22,polynomial,1
2009-07-23,polynomial,1
2009-07-24,polynomial,1
2009-07-27,polynomial,1
2009-07-28,polynomial,1
2009-07-29,polynomial,1.0000000000000002
2009-07-30,polynomial,1.0000000000000002
2009-07-31,polynomial,1.0000000000000002
2009-08-03,polynomial,1.0000000000000002
2009-08-04,polynomial,1
2009-08-05,polynomial,1.0000000000000002
2009-08-06,polynomial,1.0000000000000002
2009-08-07,polynomial,1.0000000000000002
2009-08-10,polynomial,1.0000000000000002
2009-08-11,polynomial,1
2009-08-12,polynomial,1
2009-08-13,polynomial,1.0000000000000002
2009-08-14,polynomial,1.0000000000000002
2009-08-17,polynomial,1
2009-08-18,polynomial,1
2009-08-19,polynomial,1.0000000000000002
2009-08-20,polynomial,1
2009-08-21,polynomial,1
2009-08-24,polynomial,1
2009-08-25,polynomial,1
2009-08-26,polynomial,1.0000000000000002
2009-08-27,polynomial,1
2009-08-28,polynomial,1.0000000000000002
2009-08-31,polynomial,1.0000000000000002
2009-09-01,polynomial,1
2009-09-02,polynomial,1
2009-09-03,polynomial,1.0000000000000002
2009-09-04,polynomial,1
2009-09-07,polynomial,1
2009-09-08,polynomial,1.0000000000000002
2009-09-09,polynomial,1
2009-09-10,polynomial,1.0000000000000002
2009-09-11,polynomial,1
2009-09-14,polynomial,1.0000000000000002
2009-09-15,polynomial,1.0000000000000002
2009-09-16,polynomial,1
2009-09-17,polynomial,1
2009-09-18,polynomial,1
2009-09-21,polynomial,1.0000000000000002
2009-09-22,polynomial,1
2009-09-23,polynomial,1
2009-09-24,polynomial,1
2009-09-25,polynomial,1.0000000000000002
2009-09-28,polynomial,1
2009-09-29,polynomial,1
2009-09-30,polynomial,1
2009-10-01,polynomial,1
2009-10-02,polynomial,1.0000000000000002
2009-10-05,polynomial,1.0000000000000002
2009-10-06,polynomial,1
2009-10-07,polynomial,1.0000000000000002
2009-10-08,polynomial,1
2009-10-09,polynomial,1
2009-10-12,polynomial,1
2009-10-13,polynomial,1
2009-10-14,polynomial,1.0000000000000002
2009-10-15,polynomial,1.0000000000000002
2009-10-16,polynomial,1
2009-10-19,polynomial,1
2009-10-20,polynomial,1.0000000000000002
2009-10-21,polynomial,1
2009-10-22,polynomial,1
2009-10-23,polynomial,0.99999999999999989
2009-10-26,polynomial,1.0000000000000002
2009-10-27,polynomial,1.0000000000000002
2009-10-28,polynomial,1.0000000000000002
2009-10-29,polynomial,1.0000000000000002
2009-10-30,polynomial,1.0000000000000002
2009-11-02,polynomial,1.0000000000000002
2009-11-03,polynomial,1
2009-11-04,polynomial,1
2009-11-05,polynomial,1
2009-11-06,polynomial,1
2009-11-09,polynomial,1.0000000000000002
2009-11-10,polynomial,1.0000000000000002
2009-11-11,polynomial,1
2009-11-12,polynomial,1
2009-11-13,polynomial,1
2009-11-16,polynomial,1
2009-11-17,polynomial,1.0000000000000002
2009-11-18,polynomial,1.0000000000000002
2009-11-19,polynomial,1
2009-11-20,polynomial,1
2009-11-23,polynomial,1.0000000000000002
2009-11-24,polynomial,1.0000000000000002
2009-11-25,polynomial,1
2009-11-26,polynomial,1.0000000000000002
2009-11-27,polynomial,1
2009-11-30,polynomial,1
2009-12-01,polynomial,1
2009-12-02,polynomial,1
2009-12-03,polynomial,1
2009-12-04,polynomial,1.0000000000000002
2009-12-07,polynomial,1
2009-12-08,polynomial,1
2009-12-09,polynomial,1
2009-12-10,polynomial,1.0000000000000002
2009-12-11,polynomial,1
2009-12-14,polynomial,1.0000000000000002
2009-12-15,polynomial,1.0000000000000002
2009-12-16,polynomial,1
2009-12-17,polynomial,1
2009-12-18,polynomial,1
2009-12-21,polynomial,1.0000000000000002
2009-12-22,polynomial,1
2009-12-23,polynomial,1
2009-12-24,polynomial,1.0000000000000002
2009-12-25,polynomial,1.0000000000000002
2009-12-28,polynomial,1
2009-12-29,polynomial,1.0000000000000002
2009-12-30,polynomial,1.0000000000000002
2009-12-31,polynomial,1.0000000000000002
2010-01-01,polynomial,1
2010-01-04,polynomial,1.0000000000000002
2010-01-05,polynomial,1
2010-01-06,polynomial,1
2010-01-07,polynomial,1
2010-01-08,polynomial,1
2010-01-11,polynomial,1
2010-01-12,polynomial,1
2010-01-13,polynomial,1.0000000000000002
2010-01-14,polynomial,1.0000000000000002
2010-01-15,polynomial,1
2010-01-18,polynomial,1.0000000000000002
2010-01-19,polynomial,1
2010-01-20,polynomial,1.0000000000000002
2010-01-21,polynomial,1.0000000000000002
2010-01-22,polynomial,1
2010-01-25,polynomial,1.0000000000000002
2010-01-26,polynomial,1
2010-01-27,polynomial,1.0000000000000002
2010-01-28,polynomial,1
2010-01-29,polynomial,1.0000000000000002
2010-02-01,polynomial,1
2010-02-02,polynomial,1
2010-02-03,polynomial,1.0000000000000002
2010-02-04,polynomial,1.0000000000000002
2010-02-05,polynomial,1.0000000000000002
2010-02-08,polynomial,1
2010-02-09,polynomial,1
2010-02-10,polynomial,1
2010-02-11,polynomial,1.0000000000000002
2010-02-12,polynomial,1
2010-02-15,polynomial,1
2010-02-16,polynomial,1
2010-02-17,polynomial,1.0000000000000002
2010-02-18,polynomial,1
2010-02-19,polynomial,1.0000000000000002
2010-02-22,polynomial,1.0000000000000002
2010-02-23,polynomial,1
2010-02-24,polynomial,1.0000000000000002
2010-02-25,polynomial,1
2010-02-26,polynomial,1
2010-03-01,polynomial,1
2010-03-02,polynomial,1.0000000000000002
2010-03-03,polynomial,1.0000000000000002
2010-03-04,polynomial,1.0000000000000002
2010-03-05,polynomial,1.0000000000000002
2010-03-08,polynomial,1.0000000000000002
2010-03-09,polynomial,1.0000000000000002
2010-03-10,polynomial,1.0000000000000002
2010-03-11,polynomial,1
2010-03-12,polynomial,1
2010-03-15,polynomial,1
2010-03-16,polynomial,1
2010-03-17,polynomial,1
2010-03-18,polynomial,1
2010-03-19,polynomial,1.0000000000000002
2010-03-22,polynomial,1.0000000000000002
2010-03-23,polynomial,1.0000000000000002
2010-03-24,polynomial,1
2010-03-25,polynomial,1
2010-03-26,polynomial,1.0000000000000002
2010-03-29,polynomial,1
2010-03-30,polynomial,1
2010-03-31,polynomial,1.0000000000000002
2010-04-01,polynomial,1
2010-04-02,polynomial,1.0000000000000002
2010-04-05,polynomial,1
2010-04-06,polynomial,1.0000000000000002
2010-04-07,polynomial,1
2010-04-08,polynomial,1
2010-04-09,polynomial,1.0000000000000002
2010-04-12,polynomial,1
2010-04-13,polynomial,1
2010-04-14,polynomial,1
2010-04-15,polynomial,1.0000000000000002
2010-04-16,polynomial,1
2010-04-19,polynomial,1.0000000000000002
2010-04-20,polynomial,1.0000000000000002
2010-04-21,polynomial,1
2010-04-22,polynomial,1.0000000000000002
2010-04-23,polynomial,1
2010-04-26,polynomial,1.0000000000000002
2010-04-27,polynomial,0.99999999999999989
2010-04-28,polynomial,1.0000000000000002
2010-04-29,polynomial,1.0000000000000002
2010-04-30,polynomial,1.0000000000000002
2010-05-03,polynomial,1
2010-05-04,polynomial,1
2010-05-05,polynomial,1
2010-05-06,polynomial,1.0000000000000002
2010-05-07,polynomial,1.0000000000000002
2010-05-10,polynomial,1
2010-05-11,polynomial,1
2010-05-12,polynomial,1
2010-05-13,polynomial,1.0000000000000002
2010-05-14,polynomial,1
2010-05-17,polynomial,1.0000000000000002
2010-05-18,polynomial,1
2010-05-19,polynomial,0.99999999999999967
2010-05-20,polynomial,0.99999999999999989
2010-05-21,polynomial,1
2010-05-24,polynomial,1
2010-05-25,polynomial,1
2010-05-26,polynomial,1
2010-05-27,polynomial,1
2010-05-28,polynomial,1
2010-05-31,polynomial,1.0000000000000002
2010-06-01,polynomial,1.0000000000000002
2010-06-02,polynomial,1.0000000000000002
2010-06-03,polynomial,1
2010-06-04,polynomial,1.0000000000000002
2010-06-07,polynomial,1.0000000000000002
2010-06-08,polynomial,1
2010-06-09,polynomial,1
2010-06-10,polynomial,1.0000000000000002
2010-06-11,polynomial,1
2010-06-14,polynomial,1.0000000000000002
2010-06-15,polynomial,1
2010-06-16,polynomial,1
2010-06-17,polynomial,1.0000000000000002
2010-06-18,polynomial,1
2010-06-21,polynomial,1
2010-06-22,polynomial,1.0000000000000002
2010-06-23,polynomial,1
2010-06-24,polynomial,1.0000000000000002
2010-06-25,polynomial,1
2010-06-28,polynomial,1
2010-06-29,polynomial,1.0000000000000002
2010-06-30,polynomial,1
2010-07-01,polynomial,1.0000000000000002
2010-07-02,polynomial,1.0000000000000002
2010-07-05,polynomial,1.0000000000000002
2010-07-06,polynomial,1.0000000000000002
2010-07-07,polynomial,1.0000000000000002
2010-07-08,polynomial,1.0000000000000002
2010-07-09,polynomial,1
2010-07-12,polynomial,1.0000000000000002
2010-07-13,polynomial,1.0000000000000002
2010-07-14,polynomial,1.0000000000000002
2010-07-15,polynomial,1.0000000000000002
2010-07-16,polynomial,1.0000000000000002
2010-07-19,polynomial,1.0000000000000002
2010-07-20,polynomial,1.0000000000000002
2010-07-21,polynomial,1
2010-07-22,polynomial,1.0000000000000002
2010-07-23,polynomial,1.0000000000000002
2010-07-26,polynomial,1
2010-07-27,polynomial,1.0000000000000002
2010-07-28,polynomial,1
2010-07-29,polynomial,1
2010-07-30,polynomial,1
2010-08-02,polynomial,1
2010-08-03,polynomial,1.0000000000000002
2010-08-04,polynomial,1
2010-08-05,polynomial,1
2010-08-06,polynomial,1.0000000000000002
2010-08-09,polynomial,1
2010-08-10,polynomial,1.0000000000000002
2010-08-11,polynomial,1
2010-08-12,polynomial,1
2010-08-13,polynomial,1.0000000000000002
2010-08-16,polynomial,1
2010-08-17,polynomial,1.0000000000000002
2010-08-18,polynomial,1.0000000000000002
2010-08-19,polynomial,1
2010-08-20,polynomial,1.0000000000000004
2010-08-23,polynomial,1
2010-08-24,polynomial,1
2010-08-25,polynomial,1
2010-08-26,polynomial,1
2010-08-27,polynomial,1.0000000000000002
2010-08-30,polynomial,1
2010-08-31,polynomial,1
2010-09-01,polynomial,1
2010-09-02,polynomial,1
2010-09-03,polynomial,1
2010-09-06,polynomial,1.0000000000000002
2010-09-07,polynomial,1.0000000000000002
2010-09-08,polynomial,1
2010-09-09,polynomial,1
2010-09-10,polynomial,1.0000000000000002
2010-09-13,polynomial,1.0000000000000002
2010-09-14,polynomial,1
2010-09-15,polynomial,1.0000000000000002
2010-09-16,polynomial,1
2010-09-17,polynomial,1
2010-09-20,polynomial,1
2010-09-21,polynomial,1.0000000000000002
2010-09-22,polynomial,1.0000000000000002
2010-09-23,polynomial,1
2010-09-24,polynomial,1.0000000000000002
2010-09-27,polynomial,1
2010-09-28,polynomial,1.0000000000000002
2010-09-29,polynomial,1
2010-09-30,polynomial,1
2010-10-01,polynomial,1
2010-10-04,polynomial,1.0000000000000002
2010-10-05,polynomial,1.0000000000000002
2010-10-06,polynomial,1
2010-10-07,polynomial,1
2010-10-08,polynomial,1.0000000000000002
2010-10-11,polynomial,1.0000000000000002
2010-10-12,polynomial,1
2010-10-13,polynomial,1.0000000000000002
2010-10-14,polynomial,1
2010-10-15,polynomial,1
2010-10-18,polynomial,1
2010-10-19,polynomial,1
2010-10-20,polynomial,0.99999999999999989
2010-10-21,polynomial,1.0000000000000002
2010-10-22,polynomial,1.0000000000000002
2010-10-25,polynomial,1.0000000000000002
2010-10-26,polynomial,1.0000000000000002
2010-10-27,polynomial,1
2010-10-28,polynomial,1.0000000000000002
2010-10-29,polynomial,1
2010-11-01,polynomial,1
2010-11-02,polynomial,1.0000000000000002
2010-11-03,polynomial,1
2010-11-04,polynomial,1
2010-11-05,polynomial,1
2010-11-08,polynomial,1
2010-11-09,polynomial,1
2010-11-10,polynomial,1.0000000000000002
2010-11-11,polynomial,1.0000000000000002
2010-11-12,polynomial,1
2010-11-15,polynomial,1.0000000000000002
2010-11-16,polynomial,1
2010-11-17,polynomial,1
2010-11-18,polynomial,1.0000000000000002
2010-11-19,polynomial,1.0000000000000002
2010-11-22,polynomial,1
2010-11-23,polynomial,1.0000000000000002
2010-11-24,polynomial,1.0000000000000002
2010-11-25,polynomial,1
2010-11-26,polynomial,1.0000000000000002
2010-11-29,polynomial,1
2010-11-30,polynomial,1.0000000000000002
2010-12-01,polynomial,1.0000000000000002
2010-12-02,polynomial,1.0000000000000002
2010-12-03,polynomial,1.0000000000000002
2010-12-06,polynomial,1.0000000000000002
2010-12-07,polynomial,1.0000000000000002
2010-12-08,polynomial,1.0000000000000002
2010-12-09,polynomial,1.0000000000000002
2010-12-10,polynomial,1
2010-12-13,polynomial,1
2010-12-14,polynomial,1
2010-12-15,polynomial,1
2010-12-16,polynomial,1
2010-12-17,polynomial,1
2010-12-20,polynomial,1.0000000000000002
2010-12-21,polynomial,1
2010-12-22,polynomial,1.0000000000000002
2010-12-23,polynomial,1
2010-12-24,polynomial,1.0000000000000002
2010-12-27,polynomial,1.0000000000000002
2010-12-28,polynomial,1.0000000000000002
2010-12-29,polynomial,1.0000000000000002
2010-12-30,polynomial,1
2010-12-31,polynomial,1
2011-01-03,polynomial,1
2011-01-04,polynomial,1.0000000000000002
2011-01-05,polynomial,0.99999999999999944
2011-01-06,polynomial,1.0000000000000002
2011-01-07,polynomial,1
2011-01-10,polynomial,1.0000000000000002
2011-01-11,polynomial,1
2011-01-12,polynomial,1.0000000000000002
2011-01-13,polynomial,1
2011-01-14,polynomial,1.0000000000000002
2011-01-17,polynomial,1
2011-01-18,polynomial,1
2011-01-19,polynomial,1.0000000000000002
2011-01-20,polynomial,1
2011-01-21,polynomial,1.0000000000000002
2011-01-24,polynomial,1
2011-01-25,polynomial,1
2011-01-26,polynomial,1
2011-01-27,polynomial,1.0000000000000002
2011-01-28,polynomial,1.0000000000000002
2011-01-31,polynomial,1.0000000000000002
2011-02-01,polynomial,1.0000000000000004
2011-02-02,polynomial,1.0000000000000002
2011-02-03,polynomial,1.0000000000000002
2011-02-04,polynomial,1
2011-02-07,polynomial,1
2011-02-08,polynomial,1.0000000000000002
2011-02-09,polynomial,1.0000000000000002
2011-02-10,polynomial,1.0000000000000002
2011-02-11,polynomial,1
2011-02-14,polynomial,1
2011-02-15,polynomial,1.0000000000000002
2011-02-16,polynomial,1.0000000000000002
2011-02-17,polynomial,1
2011-02-18,polynomial,1
2011-02-21,polynomial,1.0000000000000002
2011-02-22,polynomial,1.0000000000000002
2011-02-23,polynomial,1.0000000000000002
2011-02-24,polynomial,1
2011-02-25,polynomial,1.0000000000000002
2011-02-28,polynomial,1.0000000000000002
2011-03-01,polynomial,1.0000000000000002
2011-03-02,polynomial,1
2011-03-03,polynomial,1.0000000000000002
2011-03-04,polynomial,1.0000000000000002
2011-03-07,polynomial,1
2011-03-08,polynomial,1
2011-03-09,polynomial,1.0000000000000002
2011-03-10,polynomial,1
2011-03-11,polynomial,1
2011-03-14,polynomial,1.0000000000000007
2011-03-15,polynomial,1.0000000000000016
2011-03-16,polynomial,1.0000000000000004
2011-03-17,polynomial,1
2011-03-18,polynomial,0.99999999999999978
2011-03-21,polynomial,1.0000000000000002
2011-03-22,polynomial,1.0000000000000002
2011-03-23,polynomial,1.0000000000000002
2011-03-24,polynomial,1.0000000000000004
2011-03-25,polynomial,1
2011-03-28,polynomial,1
2011-03-29,polynomial,1.0000000000000002
2011-03-30,polynomial,1
2011-03-31,polynomial,1
2011-04-01,polynomial,1.0000000000000002
2011-04-04,polynomial,1.0000000000000004
2011-04-05,polynomial,1
2011-04-06,polynomial,1
2011-04-07,polynomial,1
2011-04-08,polynomial,1.0000000000000002
2011-04-11,polynomial,1.0000000000000002
2011-04-12,polynomial,1
2011-04-13,polynomial,1
2011-04-14,polynomial,1
2011-04-15,polynomial,1.0000000000000002
2011-04-18,polynomial,1
2011-04-19,polynomial,1.0000000000000002
2011-04-20,polynomial,1.0000000000000002
2011-04-21,polynomial,1
2011-04-22,polynomial,1
2011-04-25,polynomial,1
2011-04-26,polynomial,1
2011-04-27,polynomial,0.99999999999999989
2011-04-28,polynomial,1.0000000000000002
2011-04-29,polynomial,1.0000000000000002
2011-05-02,polynomial,1.0000000000000002
2011-05-03,polynomial,1.0000000000000002
2011-05-04,polynomial,1
2011-05-05,polynomial,1
2011-05-06,polynomial,1.0000000000000002
2011-05-09,polynomial,1
2011-05-10,polynomial,1.0000000000000002
2011-05-11,polynomial,1
2011-05-12,polynomial,1.0000000000000002
2011-05-13,polynomial,1
2011-05-16,polynomial,1
2011-05-17,polynomial,1
2011-05-18,polynomial,1.0000000000000002
2011-05-19,polynomial,1.0000000000000002
2011-05-20,polynomial,1
2011-05-23,polynomial,1.0000000000000007
2011-05-24,polynomial,1.0000000000000002
2011-05-25,polynomial,1
2011-05-26,polynomial,1.0000000000000002
2011-05-27,polynomial,1.0000000000000002
2011-05-30,polynomial,1.0000000000000002
2011-05-31,polynomial,1.0000000000000002
2011-06-01,polynomial,1
2011-06-02,polynomial,1
2011-06-03,polynomial,1.0000000000000002
2011-06-06,polynomial,1
2011-06-07,polynomial,1
2011-06-08,polynomial,1
2011-06-09,polynomial,1.0000000000000002
2011-06-10,polynomial,1
2011-06-13,polynomial,1
2011-06-14,polynomial,1.0000000000000002
2011-06-15,polynomial,0.99999999999999989
2011-06-16,polynomial,1
2011-06-17,polynomial,1.0000000000000002
2011-06-20,polynomial,1
2011-06-21,polynomial,1
2011-06-22,polynomial,1.0000000000000002
2011-06-23,polynomial,1.0000000000000002
2011-06-24,polynomial,1.0000000000000002
2011-06-27,polynomial,1
2011-06-28,polynomial,1
2011-06-29,polynomial,1
2011-06-30,polynomial,1
2011-07-01,polynomial,1
2011-07-04,polynomial,1
2011-07-05,polynomial,1
2011-07-06,polynomial,1.0000000000000002
2011-07-07,polynomial,1
2011-07-08,polynomial,1
2011-07-11,polynomial,1
2011-07-12,polynomial,1.0000000000000002
2011-07-13,polynomial,1.0000000000000002
2011-07-14,polynomial,1
2011-07-15,polynomial,1.0000000000000002
2011-07-18,polynomial,1
2011-07-19,polynomial,1
2011-07-20,polynomial,1.0000000000000002
2011-07-21,polynomial,1
2011-07-22,polynomial,1.0000000000000002
2011-07-25,polynomial,0.99999999999999989
2011-07-26,polynomial,1
2011-07-27,polynomial,1.0000000000000002
2011-07-28,polynomial,1
2011-07-29,polynomial,1
2011-08-01,polynomial,1
2011-08-02,polynomial,1
2011-08-03,polynomial,1
2011-08-04,polynomial,1.0000000000000002
2011-08-05,polynomial,0.99999999999999989
2011-08-08,polynomial,1
2011-08-09,polynomial,1.0000000000000004
2011-08-10,polynomial,1
2011-08-11,polynomial,1.0000000000000004
2011-08-12,polynomial,1
2011-08-15,polynomial,1.0000000000000004
2011-08-16,polynomial,1
2011-08-17,polynomial,1.0000000000000002
2011-08-18,polynomial,1.0000000000000002
2011-08-19,polynomial,1
2011-08-22,polynomial,1.0000000000000002
2011-08-23,polynomial,1.0000000000000002
2011-08-24,polynomial,1
2011-08-25,polynomial,1
2011-08-26,polynomial,1.0000000000000002
2011-08-29,polynomial,0.99999999999999967
2011-08-30,polynomial,1
2011-08-31,polynomial,1.0000000000000002
2011-09-01,polynomial,1
2011-09-02,polynomial,1
2011-09-05,polynomial,1.0000000000000002
2011-09-06,polynomial,0.99999999999999989
2011-09-07,polynomial,1.0000000000000002
2011-09-08,polynomial,0.99999999999999989
2011-09-09,polynomial,1
2011-09-12,polynomial,1
2011-09-13,polynomial,1
2011-09-14,polynomial,1.0000000000000002
2011-09-15,polynomial,0.99999999999999967
2011-09-16,polynomial,1
2011-09-19,polynomial,1.0000000000000002
2011-09-20,polynomial,1
2011-09-21,polynomial,0.99999999999999989
2011-09-22,polynomial,1.0000000000000002
2011-09-23,polynomial,1
2011-09-26,polynomial,0.99999999999999956
2011-09-27,polynomial,0.99999999999999989
2011-09-28,polynomial,0.99999999999999989
2011-09-29,polynomial,0.99999999999999967
2011-09-30,polynomial,1.0000000000000004
2011-10-03,polynomial,1
2011-10-04,polynomial,1.0000000000000002
2011-10-05,polynomial,0.99999999999999989
2011-10-06,polynomial,1.0000000000000004
2011-10-07,polynomial,0.99999999999999989
2011-10-10,polynomial,1.0000000000000002
2011-10-11,polynomial,0.99999999999999989
2011-10-12,polynomial,1
2011-10-13,polynomial,1.0000000000000002
2011-10-14,polynomial,1.0000000000000002
2011-10-17,polynomial,1
2011-10-18,polynomial,1
2011-10-19,polynomial,1
2011-10-20,polynomial,1.0000000000000002
2011-10-21,polynomial,1
2011-10-24,polynomial,0.99999999999999989
2011-10-25,polynomial,1
2011-10-26,polynomial,1
2011-10-27,polynomial,1.0000000000000002
2011-10-28,polynomial,1
2011-10-31,polynomial,1.0000000000000002
2011-11-01,polynomial,1.0000000000000002
2011-11-02,polynomial,1.0000000000000002
2011-11-03,polynomial,1.0000000000000004
2011-11-04,polynomial,1
2011-11-07,polynomial,1.0000000000000002
2011-11-08,polynomial,1
2011-11-09,polynomial,0.99999999999999989
2011-11-10,polynomial,1.0000000000000002
2011-11-11,polynomial,1.0000000000000002
2011-11-14,polynomial,1
2011-11-15,polynomial,1.0000000000000002
2011-11-16,polynomial,1
2011-11-17,polynomial,1.0000000000000002
2011-11-18,polynomial,1
2011-11-21,polynomial,1.0000000000000002
2011-11-22,polynomial,1
2011-11-23,polynomial,1.0000000000000002
2011-11-24,polynomial,1.0000000000000002
2011-11-25,polynomial,1.0000000000000002
2011-11-28,polynomial,1
2011-11-29,polynomial,1.0000000000000002
2011-11-30,polynomial,0.99999999999999989
2011-12-01,polynomial,1
2011-12-02,polynomial,1
2011-12-05,polynomial,1
2011-12-06,polynomial,1
2011-12-07,polynomial,1
2011-12-08,polynomial,1.0000000000000002
2011-12-09,polynomial,1.0000000000000002
2011-12-12,polynomial,1.0000000000000002
2011-12-13,polynomial,1
2011-12-14,polynomial,1.0000000000000002
2011-12-15,polynomial,1.0000000000000002
2011-12-16,polynomial,1.0000000000000002
2011-12-19,polynomial,1.0000000000000002
2011-12-20,polynomial,1
2011-12-21,polynomial,1
2011-12-22,polynomial,1.0000000000000002
2011-12-23,polynomial,1
2011-12-26,polynomial,1
2011-12-27,polynomial,1.0000000000000002
2011-12-28,polynomial,1
2011-12-29,polynomial,1
2011-12-30,polynomial,1
2012-01-02,polynomial,1.0000000000000002
2012-01-03,polynomial,0.99999999999999978
2012-01-04,polynomial,1
2012-01-05,polynomial,1.0000000000000002
2012-01-06,polynomial,1
2012-01-09,polynomial,1
2012-01-10,polynomial,1.0000000000000002
2012-01-11,polynomial,0.99999999999999989
2012-01-12,polynomial,1
2012-01-13,polynomial,0.99999999999999989
2012-01-16,polynomial,1.0000000000000002
2012-01-17,polynomial,1.0000000000000009
2012-01-18,polynomial,1
2012-01-19,polynomial,1
2012-01-20,polynomial,1.0000000000000002
2012-01-23,polynomial,0.99999999999999989
2012-01-24,polynomial,1.0000000000000002
2012-01-25,polynomial,1.0000000000000002
2012-01-26,polynomial,1.0000000000000002
2012-01-27,polynomial,1.0000000000000004
2012-01-30,polynomial,1.0000000000000002
2012-01-31,polynomial,1
2012-02-01,polynomial,1
2012-02-02,polynomial,1
2012-02-03,polynomial,1
2012-02-06,polynomial,1.0000000000000004
2012-02-07,polynomial,1
2012-02-08,polynomial,1.0000000000000002
2012-02-09,polynomial,0.99999999999999989
2012-02-10,polynomial,1.0000000000000004
2012-02-13,polynomial,1.0000000000000002
2012-02-14,polynomial,1.0000000000000002
2012-02-15,polynomial,1
2012-02-16,polynomial,1.0000000000000002
2012-02-17,polynomial,1
2012-02-20,polynomial,1.0000000000000002
2012-02-21,polynomial,1
2012-02-22,polynomial,1.0000000000000002
2012-02-23,polynomial,1
2012-02-24,polynomial,1.0000000000000002
2012-02-27,polynomial,1.0000000000000002
2012-02-28,polynomial,1.0000000000000002
2012-02-29,polynomial,1.0000000000000002
2012-03-01,polynomial,1
2012-03-02,polynomial,1
2012-03-05,polynomial,1
2012-03-06,polynomial,1.0000000000000004
2012-03-07,polynomial,1
2012-03-08,polynomial,1.0000000000000002
2012-03-09,polynomial,1
2012-03-12,polynomial,1
2012-03-13,polynomial,1.0000000000000002
2012-03-14,polynomial,1.0000000000000002
2012-03-15,polynomial,1
2012-03-16,polynomial,1
2012-03-19,polynomial,1.0000000000000002
2012-03-20,polynomial,1.0000000000000002
2012-03-21,polynomial,1.0000000000000002
2012-03-22,polynomial,1
2012-03-23,polynomial,0.99999999999999956
2012-03-26,polynomial,1
2012-03-27,polynomial,1.0000000000000002
2012-03-28,polynomial,1
2012-03-29,polynomial,1
2012-03-30,polynomial,1.0000000000000002
2012-04-02,polynomial,1.0000000000000002
2012-04-03,polynomial,1
2012-04-04,polynomial,0.99999999999999978
2012-04-05,polynomial,1.0000000000000002
2012-04-06,polynomial,1
2012-04-09,polynomial,1
2012-04-10,polynomial,1.0000000000000002
2012-04-11,polynomial,1
2012-04-12,polynomial,1.0000000000000002
2012-04-13,polynomial,1.0000000000000002
2012-04-16,polynomial,1.0000000000000002
2012-04-17,polynomial,1
2012-04-18,polynomial,1.0000000000000002
2012-04-19,polynomial,1.0000000000000002
2012-04-20,polynomial,1
2012-04-23,polynomial,1.0000000000000002
2012-04-24,polynomial,1
2012-04-25,polynomial,1.0000000000000002
2012-04-26,polynomial,1.0000000000000002
2012-04-27,polynomial,1
2012-04-30,polynomial,1.0000000000000002
2012-05-01,polynomial,1.0000000000000002
2012-05-02,polynomial,1.0000000000000002
2012-05-03,polynomial,1.0000000000000009
2012-05-04,polynomial,1.0000000000000004
2012-05-07,polynomial,0.99999999999999967
2012-05-08,polynomial,1.0000000000000002
2012-05-09,polynomial,1
2012-05-10,polynomial,1
2012-05-11,polynomial,1.0000000000000004
2012-05-14,polynomial,1.0000000000000002
2012-05-15,polynomial,1
2012-05-16,polynomial,1.0000000000000004
2012-05-17,polynomial,1.0000000000000011
2012-05-18,polynomial,1.0000000000000002
2012-05-21,polynomial,1
2012-05-22,polynomial,1
2012-05-23,polynomial,0.99999999999999933
2012-05-24,polynomial,1.0000000000000004
2012-05-25,polynomial,1
2012-05-28,polynomial,1
2012-05-29,polynomial,1.0000000000000007
2012-05-30,polynomial,1.0000000000000002
2012-05-31,polynomial,1.0000000000000002
2012-06-01,polynomial,0.99999999999999978
2012-06-04,polynomial,1
2012-06-05,polynomial,1.0000000000000002
2012-06-06,polynomial,1.0000000000000007
2012-06-07,polynomial,1.0000000000000002
2012-06-08,polynomial,1.0000000000000002
2012-06-11,polynomial,1.0000000000000016
2012-06-12,polynomial,0.99999999999999989
2012-06-13,polynomial,0.99999999999999989
2012-06-14,polynomial,1.0000000000000002
2012-06-15,polynomial,1.0000000000000002
2012-06-18,polynomial,1.0000000000000004
2012-06-19,polynomial,1.0000000000000002
2012-06-20,polynomial,1
2012-06-21,polynomial,0.99999999999999967
2012-06-22,polynomial,0.99999999999999978
2012-06-25,polynomial,0.99999999999999989
2012-06-26,polynomial,1.0000000000000002
2012-06-27,polynomial,1.0000000000000002
2012-06-28,polynomial,1
2012-06-29,polynomial,1.0000000000000002
2012-07-02,polynomial,1
2012-07-03,polynomial,1
2012-07-04,polynomial,1.0000000000000002
2012-07-05,polynomial,1
2012-07-06,polynomial,1.0000000000000002
2012-07-09,polynomial,1
2012-07-10,polynomial,1
2012-07-11,polynomial,1
2012-07-12,polynomial,1
2012-07-13,polynomial,1
2012-07-16,polynomial,1
2012-07-17,polynomial,1
2012-07-18,polynomial,1.0000000000000002
2012-07-19,polynomial,1
2012-07-20,polynomial,1.0000000000000002
2012-07-23,polynomial,1
2012-07-24,polynomial,1
2012-07-25,polynomial,1.0000000000000002
2012-07-26,polynomial,1
2012-07-27,polynomial,1.0000000000000002
2012-07-30,polynomial,1
2012-07-31,polynomial,1
2012-08-01,polynomial,1
2012-08-02,polynomial,1
2012-08-03,polynomial,1.0000000000000002
2012-08-06,polynomial,1.0000000000000004
2012-08-07,polynomial,1.0000000000000002
2012-08-08,polynomial,1
2012-08-09,polynomial,1
2012-08-10,polynomial,1
2012-08-13,polynomial,1.0000000000000002
2012-08-14,polynomial,1
2012-08-15,polynomial,1
2012-08-16,polynomial,1
2012-08-17,polynomial,1.0000000000000002
2012-08-20,polynomial,1.0000000000000002
2012-08-21,polynomial,1.0000000000000002
2012-08-22,polynomial,1.0000000000000002
2012-08-23,polynomial,1
2012-08-24,polynomial,0.99999999999999989
2012-08-27,polynomial,1
2012-08-28,polynomial,1.0000000000000002
2012-08-29,polynomial,1.0000000000000002
2012-08-30,polynomial,1.0000000000000002
2012-08-31,polynomial,0.99999999999999989
2012-09-03,polynomial,1.0000000000000002
2012-09-04,polynomial,1
2012-09-05,polynomial,1
2012-09-06,polynomial,1.0000000000000002
2012-09-07,polynomial,1
2012-09-10,polynomial,1.0000000000000002
2012-09-11,polynomial,1
2012-09-12,polynomial,1.0000000000000002
2012-09-13,polynomial,1
2012-09-14,polynomial,1.0000000000000002
2012-09-17,polynomial,1.0000000000000002
2012-09-18,polynomial,1
2012-09-19,polynomial,1
2012-09-20,polynomial,1
2012-09-21,polynomial,1.0000000000000002
2012-09-24,polynomial,1
2012-09-25,polynomial,1.0000000000000002
2012-09-26,polynomial,1
2012-09-27,polynomial,1.0000000000000002
2012-09-28,polynomial,1.0000000000000002
2012-10-01,polynomial,1
2012-10-02,polynomial,1
2012-10-03,polynomial,1
2012-10-04,polynomial,1.0000000000000002
2012-10-05,polynomial,1
2012-10-08,polynomial,1
2012-10-09,polynomial,1.0000000000000002
2012-10-10,polynomial,1.0000000000000002
2012-10-11,polynomial,1.0000000000000002
2012-10-12,polynomial,1.0000000000000002
2012-10-15,polynomial,1
2012-10-16,polynomial,1.0000000000000002
2012-10-17,polynomial,1.0000000000000002
2012-10-18,polynomial,1.0000000000000002
2012-10-19,polynomial,0.99999999999999989
2012-10-22,polynomial,1
2012-10-23,polynomial,1
2012-10-24,polynomial,1.0000000000000002
2012-10-25,polynomial,1
2012-10-26,polynomial,1.0000000000000002
2012-10-29,polynomial,1
2012-10-30,polynomial,1.0000000000000002
2012-10-31,polynomial,1
2012-11-01,polynomial,1
2012-11-02,polynomial,1.0000000000000002
2012-11-05,polynomial,1.0000000000000002
2012-11-06,polynomial,1
2012-11-07,polynomial,1
2012-11-08,polynomial,1.0000000000000002
2012-11-09,polynomial,1.0000000000000002
2012-11-12,polynomial,1
2012-11-13,polynomial,1
2012-11-14,polynomial,1.0000000000000002
2012-11-15,polynomial,1.0000000000000002
2012-11-16,polynomial,1
2012-11-19,polynomial,1
2012-11-20,polynomial,1
2012-11-21,polynomial,1
2012-11-22,polynomial,1
2012-11-23,polynomial,1
2012-11-26,polynomial,1
2012-11-27,polynomial,1
2012-11-28,polynomial,1.0000000000000002
2012-11-29,polynomial,1
2012-11-30,polynomial,1
2012-12-03,polynomial,1
2012-12-04,polynomial,1
2012-12-05,polynomial,1
2012-12-06,polynomial,1
2012-12-07,polynomial,1
2012-12-10,polynomial,1
2012-12-11,polynomial,1.0000000000000002
2012-12-12,polynomial,1
2012-12-13,polynomial,1.0000000000000002
2012-12-14,polynomial,1.0000000000000002
2012-12-17,polynomial,1
2012-12-18,polynomial,1
2012-12-19,polynomial,1
2012-12-20,polynomial,1
2012-12-21,polynomial,1
2012-12-24,polynomial,1
2012-12-25,polynomial,1
2012-12-26,polynomial,1
2012-12-27,polynomial,1
2012-12-28,polynomial,1.0000000000000002
2012-12-31,polynomial,1.0000000000000002
2013-01-01,polynomial,1
2013-01-02,polynomial,1
2013-01-03,polynomial,1.0000000000000002
2013-01-04,polynomial,1.0000000000000002
2013-01-07,polynomial,1
2013-01-08,polynomial,1.0000000000000002
2013-01-09,polynomial,1
2013-01-10,polynomial,1.0000000000000002
2013-01-11,polynomial,1
2013-01-14,polynomial,1.0000000000000002
2013-01-15,polynomial,1
2013-01-16,polynomial,1.0000000000000002
2013-01-17,polynomial,1.0000000000000002
2013-01-18,polynomial,1
2013-01-21,polynomial,1.0000000000000007
2013-01-22,polynomial,1.0000000000000002
2013-01-23,polynomial,1.0000000000000002
2013-01-24,polynomial,1
2013-01-25,polynomial,1.0000000000000011
2013-01-28,polynomial,0.99999999999999989
2013-01-29,polynomial,1.0000000000000002
2013-01-30,polynomial,1
2013-01-31,polynomial,1.0000000000000002
2013-02-01,polynomial,1.0000000000000004
2013-02-04,polynomial,1.0000000000000004
2013-02-05,polynomial,1
2013-02-06,polynomial,0.99999999999999989
2013-02-07,polynomial,1
2013-02-08,polynomial,1
2013-02-11,polynomial,1.0000000000000002
2013-02-12,polynomial,0.99999999999999967
2013-02-13,polynomial,1
2013-02-14,polynomial,1.0000000000000002
2013-02-15,polynomial,1
2013-02-18,polynomial,1
2013-02-19,polynomial,1.0000000000000002
2013-02-20,polynomial,1
2013-02-21,polynomial,0.99999999999999989
2013-02-22,polynomial,1.0000000000000002
2013-02-25,polynomial,0.99999999999999767
2013-02-26,polynomial,1.0000000000000007
2013-02-27,polynomial,1
2013-02-28,polynomial,1.0000000000000002
2013-03-01,polynomial,1.0000000000000002
2013-03-04,polynomial,1
2013-03-05,polynomial,1
2013-03-06,polynomial,1.0000000000000002
2013-03-07,polynomial,1
2013-03-08,polynomial,1
2013-03-11,polynomial,1.0000000000000002
2013-03-12,polynomial,0.99999999999999956
2013-03-13,polynomial,1
2013-03-14,polynomial,1.0000000000000002
2013-03-15,polynomial,1
2013-03-18,polynomial,1.0000000000000002
2013-03-19,polynomial,0.99999999999999989
2013-03-20,polynomial,1
2013-03-21,polynomial,1.0000000000000007
2013-03-22,polynomial,1.0000000000000002
2013-03-25,polynomial,1
2013-03-26,polynomial,1.0000000000000002
2013-03-27,polynomial,1.0000000000000004
2013-03-28,polynomial,1.0000000000000002
2013-03-29,polynomial,1.0000000000000002
2013-04-01,polynomial,1.0000000000000002
2013-04-02,polynomial,1.0000000000000002
2013-04-03,polynomial,0.99999999999999989
2013-04-04,polynomial,0.99999999999999956
2013-04-05,polynomial,0.99999999999999989
2013-04-08,polynomial,1.0000000000000004
2013-04-09,polynomial,1
2013-04-10,polynomial,1
2013-04-11,polynomial,1
2013-04-12,polynomial,1
2013-04-15,polynomial,1
2013-04-16,polynomial,1.0000000000000002
2013-04-17,polynomial,1
2013-04-18,polynomial,1
2013-04-19,polynomial,0.99999999999999989
2013-04-22,polynomial,1.0000000000000002
2013-04-23,polynomial,1.0000000000000002
2013-04-24,polynomial,1.0000000000000002
2013-04-25,polynomial,1
2013-04-26,polynomial,1
2013-04-29,polynomial,1.0000000000000002
2013-04-30,polynomial,1.0000000000000002
2013-05-01,polynomial,1
2013-05-02,polynomial,1.0000000000000002
2013-05-03,polynomial,0.99999999999999989
2013-05-06,polynomial,0.99999999999999956
2013-05-07,polynomial,0.99999999999999989
2013-05-08,polynomial,1.0000000000000002
2013-05-09,polynomial,1
2013-05-10,polynomial,1.0000000000000002
2013-05-13,polynomial,1
2013-05-14,polynomial,1
2013-05-15,polynomial,1
2013-05-16,polynomial,1.0000000000000002
2013-05-17,polynomial,1.0000000000000002
2013-05-20,polynomial,1
2013-05-21,polynomial,1
2013-05-22,polynomial,1.0000000000000002
2013-05-23,polynomial,1.0000000000000002
2013-05-24,polynomial,1
2013-05-27,polynomial,1.0000000000000002
2013-05-28,polynomial,1
2013-05-29,polynomial,1
2013-05-30,polynomial,1.0000000000000004
2013-05-31,polynomial,1
2013-06-03,polynomial,1.0000000000000002
2013-06-04,polynomial,1.0000000000000002
2013-06-05,polynomial,1.0000000000000002
2013-06-06,polynomial,1.0000000000000002
2013-06-07,polynomial,1.0000000000000002
2013-06-10,polynomial,0.99999999999999989
2013-06-11,polynomial,1
2013-06-12,polynomial,1.0000000000000002
2013-06-13,polynomial,1.0000000000000007
2013-06-14,polynomial,1.0000000000000004
2013-06-17,polynomial,1.0000000000000002
2013-06-18,polynomial,1
2013-06-19,polynomial,1.0000000000000007
2013-06-20,polynomial,1.0000000000000002
2013-06-21,polynomial,1.0000000000000004
2013-06-24,polynomial,0.99999999999999989
2013-06-25,polynomial,1.0000000000000004
2013-06-26,polynomial,1.0000000000000002
2013-06-27,polynomial,0.99999999999999989
2013-06-28,polynomial,1.0000000000000002
2013-07-01,polynomial,1
2013-07-02,polynomial,1
2013-07-03,polynomial,1
2013-07-04,polynomial,1
2013-07-05,polynomial,1
2013-07-08,polynomial,1.0000000000000002
2013-07-09,polynomial,1
2013-07-10,polynomial,1
2013-07-11,polynomial,0.99999999999999889
2013-07-12,polynomial,1.0000000000000002
2013-07-15,polynomial,1
2013-07-16,polynomial,1
2013-07-17,polynomial,1
2013-07-18,polynomial,1.0000000000000002
2013-07-19,polynomial,1
2013-07-22,polynomial,1
2013-07-23,polynomial,1
2013-07-24,polynomial,1
2013-07-25,polynomial,1
2013-07-26,polynomial,1.0000000000000002
2013-07-29,polynomial,1
2013-07-30,polynomial,1
2013-07-31,polynomial,1
2013-08-01,polynomial,1
2013-08-02,polynomial,1.0000000000000002
2013-08-05,polynomial,1
2013-08-06,polynomial,0.99999999999999989
2013-08-07,polynomial,1
2013-08-08,polynomial,1.0000000000000002
2013-08-09,polynomial,1
2013-08-12,polynomial,1.0000000000000002
2013-08-13,polynomial,1
2013-08-14,polynomial,1
2013-08-15,polynomial,1.0000000000000002
2013-08-16,polynomial,1
2013-08-19,polynomial,1
2013-08-20,polynomial,1.0000000000000002
2013-08-21,polynomial,1
2013-08-22,polynomial,1.0000000000000002
2013-08-23,polynomial,1
2013-08-26,polynomial,1
2013-08-27,polynomial,1.0000000000000002
2013-08-28,polynomial,1.0000000000000002
2013-08-29,polynomial,1
2013-08-30,polynomial,1
2013-09-02,polynomial,1
2013-09-03,polynomial,1
2013-09-04,polynomial,1
2013-09-05,polynomial,1.0000000000000002
2013-09-06,polynomial,1.0000000000000002
2013-09-09,polynomial,1.0000000000000002
2013-09-10,polynomial,1
2013-09-11,polynomial,1
2013-09-12,polynomial,1
2013-09-13,polynomial,1
2013-09-16,polynomial,1.0000000000000002
2013-09-17,polynomial,1
2013-09-18,polynomial,1
2013-09-19,polynomial,1.0000000000000002
2013-09-20,polynomial,1.0000000000000002
2013-09-23,polynomial,1
2013-09-24,polynomial,1
2013-09-25,polynomial,1
2013-09-26,polynomial,1.0000000000000002
2013-09-27,polynomial,1.0000000000000002
2013-09-30,polynomial,1.0000000000000002
2013-10-01,polynomial,1
2013-10-02,polynomial,1
2013-10-03,polynomial,1
2013-10-04,polynomial,1
2013-10-07,polynomial,1
2013-10-08,polynomial,1.0000000000000002
2013-10-09,polynomial,1
2013-10-10,polynomial,1.0000000000000002
2013-10-11,polynomial,1
2013-10-14,polynomial,1
2013-10-15,polynomial,1
2013-10-16,polynomial,1.0000000000000002
2013-10-17,polynomial,1
2013-10-18,polynomial,1.0000000000000002
2013-10-21,polynomial,1
2013-10-22,polynomial,1.0000000000000002
2013-10-23,polynomial,1.0000000000000002
2013-10-24,polynomial,1.0000000000000002
2013-10-25,polynomial,1.0000000000000002
2013-10-28,polynomial,1
2013-10-29,polynomial,1
2013-10-30,polynomial,1.0000000000000002
2013-10-31,polynomial,1
2013-11-01,polynomial,1
2013-11-04,polynomial,1.0000000000000002
2013-11-05,polynomial,1
2013-11-06,polynomial,1.0000000000000002
2013-11-07,polynomial,1
2013-11-08,polynomial,1
2013-11-11,polynomial,1
2013-11-12,polynomial,1.0000000000000002
2013-11-13,polynomial,1
2013-11-14,polynomial,1.0000000000000002
2013-11-15,polynomial,1
2013-11-18,polynomial,1
2013-11-19,polynomial,1
2013-11-20,polynomial,1.0000000000000002
2013-11-21,polynomial,1
2013-11-22,polynomial,1
2013-11-25,polynomial,1.0000000000000002
2013-11-26,polynomial,1
2013-11-27,polynomial,1.0000000000000002
2013-11-28,polynomial,1
2013-11-29,polynomial,1
2013-12-02,polynomial,1.0000000000000002
2013-12-03,polynomial,1.0000000000000002
2013-12-04,polynomial,1.0000000000000002
2013-12-05,polynomial,1.0000000000000002
2013-12-06,polynomial,1
2013-12-09,polynomial,1
2013-12-10,polynomial,1
2013-12-11,polynomial,1
2013-12-12,polynomial,1.0000000000000002
2013-12-13,polynomial,1
2013-12-16,polynomial,1
2013-12-17,polynomial,1
2013-12-18,polynomial,1.0000000000000002
2013-12-19,polynomial,0.99999999999999978
2013-12-20,polynomial,1
2013-12-23,polynomial,1
2013-12-24,polynomial,1.0000000000000002
2013-12-25,polynomial,1.0000000000000002
2013-12-26,polynomial,1.0000000000000002
2013-12-27,polynomial,1.0000000000000002
2013-12-30,polynomial,1
2013-12-31,polynomial,1.0000000000000002
2014-01-01,polynomial,1.0000000000000002
2014-01-02,polynomial,1
2014-01-03,polynomial,1.0000000000000002
2014-01-06,polynomial,1
2014-01-07,polynomial,1
2014-01-08,polynomial,1
2014-01-09,polynomial,1
2014-01-10,polynomial,1
2014-01-13,polynomial,1
2014-01-14,polynomial,1
2014-01-15,polynomial,1
2014-01-16,polynomial,1
2014-01-17,polynomial,1.0000000000000002
2014-01-20,polynomial,1
2014-01-21,polynomial,1.0000000000000002
2014-01-22,polynomial,1
2014-01-23,polynomial,1
2014-01-24,polynomial,1
2014-01-27,polynomial,1
2014-01-28,polynomial,1
2014-01-29,polynomial,1
2014-01-30,polynomial,1.0000000000000002
2014-01-31,polynomial,1
2014-02-03,polynomial,1.0000000000000002
2014-02-04,polynomial,0.99999999999999989
2014-02-05,polynomial,1
2014-02-06,polynomial,1.0000000000000002
2014-02-07,polynomial,1.0000000000000002
2014-02-10,polynomial,1.0000000000000002
2014-02-11,polynomial,1
2014-02-12,polynomial,1
2014-02-13,polynomial,1.0000000000000002
2014-02-14,polynomial,1.0000000000000002
2014-02-17,polynomial,1
2014-02-18,polynomial,1
2014-02-19,polynomial,1.0000000000000002
2014-02-20,polynomial,1
2014-02-21,polynomial,1
2014-02-24,polynomial,1.0000000000000002
2014-02-25,polynomial,1.0000000000000002
2014-02-26,polynomial,1.0000000000000002
2014-02-27,polynomial,1
2014-02-28,polynomial,1
2014-03-03,polynomial,1
2014-03-04,polynomial,1
2014-03-05,polynomial,1.0000000000000002
2014-03-06,polynomial,1
2014-03-07,polynomial,1
2014-03-10,polynomial,1.0000000000000002
2014-03-11,polynomial,1
2014-03-12,polynomial,1.0000000000000002
2014-03-13,polynomial,1
2014-03-14,polynomial,1.0000000000000002
2014-03-17,polynomial,1
2014-03-18,polynomial,1
2014-03-19,polynomial,1
2014-03-20,polynomial,1
2014-03-21,polynomial,1.0000000000000002
2014-03-24,polynomial,1.0000000000000002
2014-03-25,polynomial,1
2014-03-26,polynomial,1
2014-03-27,polynomial,1
2014-03-28,polynomial,1
2014-03-31,polynomial,1
2014-04-01,polynomial,1
2014-04-02,polynomial,1
2014-04-03,polynomial,1.0000000000000002
2014-04-04,polynomial,1
2014-04-07,polynomial,1
2014-04-08,polynomial,1.0000000000000002
2014-04-09,polynomial,1
2014-04-10,polynomial,1.0000000000000002
2014-04-11,polynomial,1.0000000000000002
2014-04-14,polynomial,1
2014-04-15,polynomial,1
2014-04-16,polynomial,1
2014-04-17,polynomial,1
2014-04-18,polynomial,1.0000000000000002
2014-04-21,polynomial,1
2014-04-22,polynomial,1
2014-04-23,polynomial,1.0000000000000002
2014-04-24,polynomial,1.0000000000000002
2014-04-25,polynomial,1
2014-04-28,polynomial,1
2014-04-29,polynomial,1
2014-04-30,polynomial,1.0000000000000002
2014-05-01,polynomial,1
2014-05-02,polynomial,1
2014-05-05,polynomial,1
2014-05-06,polynomial,1
2014-05-07,polynomial,1
2014-05-08,polynomial,1.0000000000000002
2014-05-09,polynomial,1
2014-05-12,polynomial,1.0000000000000002
2014-05-13,polynomial,1
2014-05-14,polynomial,1.0000000000000002
2014-05-15,polynomial,1
2014-05-16,polynomial,1.0000000000000002
2014-05-19,polynomial,1
2014-05-20,polynomial,1
2014-05-21,polynomial,1
2014-05-22,polynomial,1
2014-05-23,polynomial,1
2014-05-26,polynomial,1.0000000000000002
2014-05-27,polynomial,1
2014-05-28,polynomial,1
2014-05-29,polynomial,1.0000000000000002
2014-05-30,polynomial,1
2014-06-02,polynomial,1.0000000000000002
2014-06-03,polynomial,1.0000000000000002
2014-06-04,polynomial,1
2014-06-05,polynomial,1.0000000000000002
2014-06-06,polynomial,1
2014-06-09,polynomial,1
2014-06-10,polynomial,1
2014-06-11,polynomial,1.0000000000000002
2014-06-12,polynomial,1
2014-06-13,polynomial,1.0000000000000002
2014-06-16,polynomial,1
2014-06-17,polynomial,1
2014-06-18,polynomial,1
2014-06-19,polynomial,1
2014-06-20,polynomial,1.0000000000000002
2014-06-23,polynomial,1
2014-06-24,polynomial,1
2014-06-25,polynomial,1.0000000000000002
2014-06-26,polynomial,1.0000000000000002
2014-06-27,polynomial,1.0000000000000002
2014-06-30,polynomial,1
2014-07-01,polynomial,0.99999999999999989
2014-07-02,polynomial,1
2014-07-03,polynomial,1
2014-07-04,polynomial,0.99999999999999978
2014-07-07,polynomial,1.0000000000000002
2014-07-08,polynomial,1.0000000000000002
2014-07-09,polynomial,1
2014-07-10,polynomial,1
2014-07-11,polynomial,1
2014-07-14,polynomial,1
2014-07-15,polynomial,1.0000000000000002
2014-07-16,polynomial,1.0000000000000002
2014-07-17,polynomial,1.0000000000000002
2014-07-18,polynomial,1
2014-07-21,polynomial,1
2014-07-22,polynomial,1
2014-07-23,polynomial,1
2014-07-24,polynomial,1
2014-07-25,polynomial,1.0000000000000002
2014-07-28,polynomial,1
2014-07-29,polynomial,1
2014-07-30,polynomial,1.0000000000000002
2014-07-31,polynomial,0.99999999999999922
2014-08-01,polynomial,1.0000000000000002
2014-08-04,polynomial,1.0000000000000002
2014-08-05,polynomial,1
2014-08-06,polynomial,1
2014-08-07,polynomial,1
2014-08-08,polynomial,0.99999999999999978
2014-08-11,polynomial,0.99999999999999989
2014-08-12,polynomial,1
2014-08-13,polynomial,1
2014-08-14,polynomial,1.0000000000000002
2014-08-15,polynomial,1.0000000000000002
2014-08-18,polynomial,1
2014-08-19,polynomial,1.0000000000000002
2014-08-20,polynomial,1.0000000000000002
2014-08-21,polynomial,1.0000000000000002
2014-08-22,polynomial,1
2014-08-25,polynomial,1.0000000000000002
2014-08-26,polynomial,1.0000000000000002
2014-08-27,polynomial,1.0000000000000002
2014-08-28,polynomial,0.99999999999999978
2014-08-29,polynomial,1.0000000000000002
2014-09-01,polynomial,1
2014-09-02,polynomial,1
2014-09-03,polynomial,1
2014-09-04,polynomial,1.0000000000000002
2014-09-05,polynomial,1
2014-09-08,polynomial,1
2014-09-09,polynomial,0.99999999999999989
2014-09-10,polynomial,1
2014-09-11,polynomial,1
2014-09-12,polynomial,1.0000000000000002
2014-09-15,polynomial,1
2014-09-16,polynomial,1.0000000000000002
2014-09-17,polynomial,1
2014-09-18,polynomial,1
2014-09-19,polynomial,1
2014-09-22,polynomial,0.99999999999999911
2014-09-23,polynomial,1.0000000000000002
2014-09-24,polynomial,1
2014-09-25,polynomial,0.99999999999999989
2014-09-26,polynomial,1.0000000000000002
2014-09-29,polynomial,1
2014-09-30,polynomial,1.0000000000000002
2014-10-01,polynomial,1
2014-10-02,polynomial,1.0000000000000002
2014-10-03,polynomial,1
2014-10-06,polynomial,0.99999999999999967
2014-10-07,polynomial,1
2014-10-08,polynomial,0.99999999999999989
2014-10-09,polynomial,1
2014-10-10,polynomial,1
2014-10-13,polynomial,1
2014-10-14,polynomial,1
2014-10-15,polynomial,0.99999999999999989
2014-10-16,polynomial,1.0000000000000002
2014-10-17,polynomial,1
2014-10-20,polynomial,1
2014-10-21,polynomial,1.0000000000000002
2014-10-22,polynomial,1
2014-10-23,polynomial,1
2014-10-24,polynomial,1.0000000000000002
2014-10-27,polynomial,1.0000000000000002
2014-10-28,polynomial,1.0000000000000007
2014-10-29,polynomial,1
2014-10-30,polynomial,1
2014-10-31,polynomial,1.0000000000000004
2014-11-03,polynomial,1
2014-11-04,polynomial,1
2014-11-05,polynomial,1
2014-11-06,polynomial,1.0000000000000002
2014-11-07,polynomial,1.0000000000000002
2014-11-10,polynomial,1.0000000000000002
2014-11-11,polynomial,1.0000000000000002
2014-11-12,polynomial,1
2014-11-13,polynomial,1
2014-11-14,polynomial,1
2014-11-17,polynomial,0.99999999999999989
2014-11-18,polynomial,1
2014-11-19,polynomial,1.0000000000000002
2014-11-20,polynomial,0.99999999999999989
2014-11-21,polynomial,1
2014-11-24,polynomial,1
2014-11-25,polynomial,1
2014-11-26,polynomial,1.0000000000000002
2014-11-27,polynomial,1.0000000000000002
2014-11-28,polynomial,1.0000000000000002
2014-12-01,polynomial,1.0000000000000004
2014-12-02,polynomial,1
2014-12-03,polynomial,1
2014-12-04,polynomial,1
2014-12-05,polynomial,1.0000000000000004
2014-12-08,polynomial,1
2014-12-09,polynomial,1
2014-12-10,polynomial,1
2014-12-11,polynomial,1.0000000000000002
2014-12-12,polynomial,1.0000000000000002
2014-12-15,polynomial,1.0000000000000002
2014-12-16,polynomial,0.99999999999999989
2014-12-17,polynomial,1
2014-12-18,polynomial,1.0000000000000007
2014-12-19,polynomial,0.99999999999999989
2014-12-22,polynomial,1.0000000000000002
2014-12-23,polynomial,1.0000000000000002
2014-12-24,polynomial,1.0000000000000002
2014-12-25,polynomial,1
2014-12-26,polynomial,1.0000000000000002
2014-12-29,polynomial,1
2014-12-30,polynomial,1.0000000000000002
2014-12-31,polynomial,1
2015-01-01,polynomial,1.0000000000000002
2015-01-02,polynomial,0.99999999999999978
2015-01-05,polynomial,1
2015-01-06,polynomial,1.0000000000000002
2015-01-07,polynomial,1.0000000000000002
2015-01-08,polynomial,1.0000000000000002
2015-01-09,polynomial,1.0000000000000004
2015-01-12,polynomial,1
2015-01-13,polynomial,1.0000000000000002
2015-01-14,polynomial,1.0000000000000002
2015-01-15,polynomial,0.99999999999999989
2015-01-16,polynomial,1.0000000000000082
2015-01-19,polynomial,1
2015-01-20,polynomial,1.0000000000000004
2015-01-21,polynomial,1.0000000000000002
2015-01-22,polynomial,1.0000000000000002
2015-01-23,polynomial,1
2015-01-26,polynomial,1.0000000000000004
2015-01-27,polynomial,1.0000000000000002
2015-01-28,polynomial,1
2015-01-29,polynomial,1.0000000000000002
2015-01-30,polynomial,1.0000000000000002
2015-02-02,polynomial,1.0000000000000002
2015-02-03,polynomial,1
2015-02-04,polynomial,1
2015-02-05,polynomial,1
2015-02-06,polynomial,1
2015-02-09,polynomial,1
2015-02-10,polynomial,1.0000000000000002
2015-02-11,polynomial,1
2015-02-12,polynomial,1
2015-02-13,polynomial,1
2015-02-16,polynomial,1.0000000000000002
2015-02-17,polynomial,1
2015-02-18,polynomial,0.99999999999999989
2015-02-19,polynomial,1.0000000000000002
2015-02-20,polynomial,1
2015-02-23,polynomial,1
2015-02-24,polynomial,1.0000000000000002
2015-02-25,polynomial,1.0000000000000002
2015-02-26,polynomial,1
2015-02-27,polynomial,1.0000000000000004
2015-03-02,polynomial,1.0000000000000004
2015-03-03,polynomial,1
2015-03-04,polynomial,1.0000000000000002
2015-03-05,polynomial,1
2015-03-06,polynomial,1.0000000000000002
2015-03-09,polynomial,1
2015-03-10,polynomial,1.0000000000000002
2015-03-11,polynomial,1.0000000000000002
2015-03-12,polynomial,1.0000000000000002
2015-03-13,polynomial,1.0000000000000007
2015-03-16,polynomial,1.0000000000000013
2015-03-17,polynomial,1
2015-03-18,polynomial,1.0000000000000007
2015-03-19,polynomial,1
2015-03-20,polynomial,0.99999999999999989
2015-03-23,polynomial,1
2015-03-24,polynomial,0.99999999999999989
2015-03-25,polynomial,1
2015-03-26,polynomial,1
2015-03-27,polynomial,1.0000000000000002
2015-03-30,polynomial,1.0000000000000002
2015-03-31,polynomial,1.0000000000000002
2015-04-01,polynomial,1.0000000000000002
2015-04-02,polynomial,1.0000000000000002
2015-04-03,polynomial,1
2015-04-06,polynomial,1.0000000000000002
2015-04-07,polynomial,1
2015-04-08,polynomial,1.0000000000000002
2015-04-09,polynomial,1
2015-04-10,polynomial,1
2015-04-13,polynomial,1.0000000000000002
2015-04-14,polynomial,1
2015-04-15,polynomial,1.0000000000000004
2015-04-16,polynomial,1.0000000000000002
2015-04-17,polynomial,1
2015-04-20,polynomial,1.0000000000000002
2015-04-21,polynomial,1
2015-04-22,polynomial,1
2015-04-23,polynomial,0.99999999999999944
2015-04-24,polynomial,1.0000000000000002
2015-04-27,polynomial,0.99999999999999989
2015-04-28,polynomial,0.99999999999999978
2015-04-29,polynomial,1.0000000000000002
2015-04-30,polynomial,0.99999999999999978
2015-05-01,polynomial,0.99999999999999989
2015-05-04,polynomial,1
2015-05-05,polynomial,1.0000000000000002
2015-05-06,polynomial,1
2015-05-07,polynomial,1.0000000000000004
2015-05-08,polynomial,1.0000000000000004
2015-05-11,polynomial,1.0000000000000002
2015-05-12,polynomial,1
2015-05-13,polynomial,1.0000000000000004
2015-05-14,polynomial,1.0000000000000002
2015-05-15,polynomial,1
2015-05-18,polynomial,0.99999999999999978
2015-05-19,polynomial,1
2015-05-20,polynomial,1.0000000000000002
2015-05-21,polynomial,1.0000000000000004
2015-05-22,polynomial,1.0000000000000002
2015-05-25,polynomial,1
2015-05-26,polynomial,1.0000000000000002
2015-05-27,polynomial,1
2015-05-28,polynomial,1
2015-05-29,polynomial,1
2015-06-01,polynomial,1
2015-06-02,polynomial,1
2015-06-03,polynomial,1.0000000000000004
2015-06-04,polynomial,1.0000000000000004
2015-06-05,polynomial,1.0000000000000002
2015-06-08,polynomial,1.0000000000000002
2015-06-09,polynomial,1.0000000000000013
2015-06-10,polynomial,0.99999999999999978
2015-06-11,polynomial,1.0000000000000007
2015-06-12,polynomial,1
2015-06-15,polynomial,1
2015-06-16,polynomial,1.0000000000000002
2015-06-17,polynomial,1
2015-06-18,polynomial,1.0000000000000002
2015-06-19,polynomial,1.0000000000000007
2015-06-22,polynomial,1.0000000000000011
2015-06-23,polynomial,0.99999999999999989
2015-06-24,polynomial,1.0000000000000002
2015-06-25,polynomial,0.99999999999999967
2015-06-26,polynomial,1
2015-06-29,polynomial,1.0000000000000004
2015-06-30,polynomial,1.0000000000000004
2015-07-01,polynomial,1.0000000000000004
2015-07-02,polynomial,1.0000000000000002
2015-07-03,polynomial,1
2015-07-06,polynomial,1.0000000000000002
2015-07-07,polynomial,1
2015-07-08,polynomial,1
2015-07-09,polynomial,1
2015-07-10,polynomial,1.0000000000000004
2015-07-13,polynomial,1.0000000000000002
2015-07-14,polynomial,1
2015-07-15,polynomial,1.0000000000000002
2015-07-16,polynomial,1
2015-07-17,polynomial,1.0000000000000002
2015-07-20,polynomial,1
2015-07-21,polynomial,1.0000000000000002
2015-07-22,polynomial,0.99999999999999989
2015-07-23,polynomial,1.0000000000000002
2015-07-24,polynomial,0.99999999999999989
2015-07-27,polynomial,1.0000000000000002
2015-07-28,polynomial,0.99999999999999989
2015-07-29,polynomial,1
2015-07-30,polynomial,1
2015-07-31,polynomial,1
2015-08-03,polynomial,1
2015-08-04,polynomial,1.0000000000000002
2015-08-05,polynomial,1
2015-08-06,polynomial,1
2015-08-07,polynomial,1.0000000000000002
2015-08-10,polynomial,1.0000000000000002
2015-08-11,polynomial,1
2015-08-12,polynomial,1
2015-08-13,polynomial,1.0000000000000004
2015-08-14,polynomial,1
2015-08-17,polynomial,1.0000000000000004
2015-08-18,polynomial,1.0000000000000002
2015-08-19,polynomial,0.99999999999999989
2015-08-20,polynomial,0.99999999999999967
2015-08-21,polynomial,1.0000000000000002
2015-08-24,polynomial,0.99999999999999967
2015-08-25,polynomial,1.0000000000000009
2015-08-26,polynomial,1
2015-08-27,polynomial,1
2015-08-28,polynomial,1
2015-08-31,polynomial,0.99999999999999922
2015-09-01,polynomial,0.99999999999999922
2015-09-02,polynomial,1.0000000000000002
2015-09-03,polynomial,0.99999999999999922
2015-09-04,polynomial,1.0000000000000009
2015-09-07,polynomial,1
2015-09-08,polynomial,0.99999999999999922
2015-09-09,polynomial,1.0000000000000004
2015-09-10,polynomial,0.99999999999999967
2015-09-11,polynomial,0.99999999999999922
2015-09-14,polynomial,1
2015-09-15,polynomial,0.99999999999999967
2015-09-16,polynomial,1.0000000000000004
2015-09-17,polynomial,1
2015-09-18,polynomial,0.99999999999999922
2015-09-21,polynomial,1
2015-09-22,polynomial,1.0000000000000011
2015-09-23,polynomial,1.0000000000000002
2015-09-24,polynomial,1
2015-09-25,polynomial,0.99999999999999967
2015-09-28,polynomial,1.0000000000000009
2015-09-29,polynomial,1
2015-09-30,polynomial,0.99999999999999989
2015-10-01,polynomial,1.0000000000000009
2015-10-02,polynomial,1
2015-10-05,polynomial,1
2015-10-06,polynomial,1.0000000000000004
2015-10-07,polynomial,1.0000000000000009
2015-10-08,polynomial,0.99999999999999967
2015-10-09,polynomial,0.99999999999999967
2015-10-12,polynomial,0.99999999999999967
2015-10-13,polynomial,1
2015-10-14,polynomial,1.0000000000000002
2015-10-15,polynomial,0.99999999999999989
2015-10-16,polynomial,1.0000000000000004
2015-10-19,polynomial,0.99999999999999967
2015-10-20,polynomial,0.99999999999999989
2015-10-21,polynomial,1.0000000000000004
2015-10-22,polynomial,1
2015-10-23,polynomial,1.0000000000000002
2015-10-26,polynomial,1
2015-10-27,polynomial,1.0000000000000004
2015-10-28,polynomial,1.0000000000000002
2015-10-29,polynomial,1
2015-10-30,polynomial,1
2015-11-02,polynomial,1
2015-11-03,polynomial,1
2015-11-04,polynomial,1.0000000000000004
2015-11-05,polynomial,1.0000000000000002
2015-11-06,polynomial,1.0000000000000004
2015-11-09,polynomial,1
2015-11-10,polynomial,0.99999999999999967
2015-11-11,polynomial,1.0000000000000004
2015-11-12,polynomial,1.0000000000000004
2015-11-13,polynomial,0.99999999999999967
2015-11-16,polynomial,1.0000000000000002
2015-11-17,polynomial,1
2015-11-18,polynomial,1
2015-11-19,polynomial,1
2015-11-20,polynomial,0.99999999999999989
2015-11-23,polynomial,1.0000000000000002
2015-11-24,polynomial,1.0000000000000002
2015-11-25,polynomial,1.0000000000000004
2015-11-26,polynomial,1.0000000000000002
2015-11-27,polynomial,1
2015-11-30,polynomial,1.0000000000000004
2015-12-01,polynomial,1.0000000000000002
2015-12-02,polynomial,1
2015-12-03,polynomial,1
2015-12-04,polynomial,1.0000000000000002
2015-12-07,polynomial,1.0000000000000002
2015-12-08,polynomial,1
2015-12-09,polynomial,0.99999999999999989
2015-12-10,polynomial,1.0000000000000007
2015-12-11,polynomial,1.0000000000000002
2015-12-14,polynomial,1
2015-12-15,polynomial,0.99999999999999889
2015-12-16,polynomial,1
2015-12-17,polynomial,1
2015-12-18,polynomial,1
2015-12-21,polynomial,1.0000000000000004
2015-12-22,polynomial,1
2015-12-23,polynomial,1
2015-12-24,polynomial,1
2015-12-25,polynomial,1.0000000000000002
2015-12-28,polynomial,1.0000000000000009
2015-12-29,polynomial,1.0000000000000002
2015-12-30,polynomial,1.0000000000000002
2015-12-31,polynomial,0.99999999999999967
2016-01-01,polynomial,1.0000000000000004
2016-01-04,polynomial,1
2016-01-05,polynomial,1
2016-01-06,polynomial,1.0000000000000002
2016-01-07,polynomial,0.99999999999999989
2016-01-08,polynomial,1
2016-01-11,polynomial,1
2016-01-12,polynomial,1.0000000000000002
2016-01-13,polynomial,0.99999999999999989
2016-01-14,polynomial,1
2016-01-15,polynomial,1.0000000000000002
2016-01-18,polynomial,1.0000000000000004
2016-01-19,polynomial,1
2016-01-20,polynomial,1
2016-01-21,polynomial,1
2016-01-22,polynomial,1
2016-01-25,polynomial,1.0000000000000004
2016-01-26,polynomial,1
2016-01-27,polynomial,0.99999999999999989
2016-01-28,polynomial,1.0000000000000002
2016-01-29,polynomial,1.0000000000000007
2016-02-01,polynomial,0.99999999999999989
2016-02-02,polynomial,1.0000000000000002
2016-02-03,polynomial,1.0000000000000002
2016-02-04,polynomial,1
2016-02-05,polynomial,0.99999999999999967
2016-02-08,polynomial,1
2016-02-09,polynomial,1.0000000000000002
2016-02-10,polynomial,1
2016-02-11,polynomial,1.0000000000000011
2016-02-12,polynomial,1
2016-02-15,polynomial,1
2016-02-16,polynomial,1.0000000000000002
2016-02-17,polynomial,0.99999999999999867
2016-02-18,polynomial,1
2016-02-19,polynomial,0.99999999999999989
2016-02-22,polynomial,1
2016-02-23,polynomial,1
2016-02-24,polynomial,1.0000000000000002
2016-02-25,polynomial,1
2016-02-26,polynomial,1
2016-02-29,polynomial,1
2016-03-01,polynomial,1.0000000000000004
2016-03-02,polynomial,1
2016-03-03,polynomial,0.99999999999999978
2016-03-04,polynomial,1
2016-03-07,polynomial,1
2016-03-08,polynomial,1
2016-03-09,polynomial,1
2016-03-10,polynomial,1
2016-03-11,polynomial,1
2016-03-14,polynomial,1.0000000000000002
2016-03-15,polynomial,1
2016-03-16,polynomial,1
2016-03-17,polynomial,1
2016-03-18,polynomial,1.0000000000000009
2016-03-21,polynomial,1.0000000000000002
2016-03-22,polynomial,1.0000000000000002
2016-03-23,polynomial,1.0000000000000002
2016-03-24,polynomial,1
2016-03-25,polynomial,1
2016-03-28,polynomial,1
2016-03-29,polynomial,1.0000000000000002
2016-03-30,polynomial,0.99999999999999978
2016-03-31,polynomial,1
2016-04-01,polynomial,0.99999999999999989
2016-04-04,polynomial,1
2016-04-05,polynomial,1.0000000000000002
2016-04-06,polynomial,0.99999999999999989
2016-04-07,polynomial,1
2016-04-08,polynomial,1
2016-04-11,polynomial,1.0000000000000002
2016-04-12,polynomial,1
2016-04-13,polynomial,1
2016-04-14,polynomial,1
2016-04-15,polynomial,1.0000000000000002
2016-04-18,polynomial,1
2016-04-19,polynomial,1.0000000000000002
2016-04-20,polynomial,1
2016-04-21,polynomial,0.99999999999999989
2016-04-22,polynomial,1.0000000000000002
2016-04-25,polynomial,0.99999999999999989
2016-04-26,polynomial,1
2016-04-27,polynomial,1
2016-04-28,polynomial,1.0000000000000004
2016-04-29,polynomial,1.0000000000000002
2016-05-02,polynomial,1
2016-05-03,polynomial,0.99999999999999989
2016-05-04,polynomial,1
2016-05-05,polynomial,1.0000000000000002
2016-05-06,polynomial,1.0000000000000009
2016-05-09,polynomial,1.0000000000000002
2016-05-10,polynomial,1
2016-05-11,polynomial,1
2016-05-12,polynomial,1.0000000000000002
2016-05-13,polynomial,1
2016-05-16,polynomial,1.0000000000000002
2016-05-17,polynomial,1
2016-05-18,polynomial,1
2016-05-19,polynomial,1
2016-05-20,polynomial,0.99999999999999978
2016-05-23,polynomial,1
2016-05-24,polynomial,1
2016-05-25,polynomial,1.0000000000000002
2016-05-26,polynomial,1.0000000000000002
2016-05-27,polynomial,1
2016-05-30,polynomial,1.0000000000000002
2016-05-31,polynomial,1.0000000000000002
2016-06-01,polynomial,1
2016-06-02,polynomial,0.99999999999999989
2016-06-03,polynomial,1
2016-06-06,polynomial,1
2016-06-07,polynomial,1
2016-06-08,polynomial,1
2016-06-09,polynomial,1
2016-06-10,polynomial,1.0000000000000002
2016-06-13,polynomial,1.0000000000000002
2016-06-14,polynomial,1
2016-06-15,polynomial,1
2016-06-16,polynomial,1
2016-06-17,polynomial,1
2016-06-20,polynomial,1
2016-06-21,polynomial,1.0000000000000002
2016-06-22,polynomial,1
2016-06-23,polynomial,1
2016-06-24,polynomial,1.0000000000000009
2016-06-27,polynomial,0.99999999999999922
2016-06-28,polynomial,0.99999999999999989
2016-06-29,polynomial,1
2016-06-30,polynomial,0.99999999999999967
2016-07-01,polynomial,1.0000000000000004
2016-07-04,polynomial,1.0000000000000002
2016-07-05,polynomial,1
2016-07-06,polynomial,1
2016-07-07,polynomial,1
2016-07-08,polynomial,1
2016-07-11,polynomial,1.0000000000000009
2016-07-12,polynomial,1
2016-07-13,polynomial,1.0000000000000002
2016-07-14,polynomial,0.99999999999999989
2016-07-15,polynomial,1.0000000000000013
2016-07-18,polynomial,1
2016-07-19,polynomial,1.0000000000000002
2016-07-20,polynomial,1.0000000000000016
2016-07-21,polynomial,1.0000000000000011
2016-07-22,polynomial,1.0000000000000002
2016-07-25,polynomial,1.0000000000000002
2016-07-26,polynomial,1
2016-07-27,polynomial,1
2016-07-28,polynomial,1.0000000000000002
2016-07-29,polynomial,0.99999999999999989
2016-08-01,polynomial,1.0000000000000011
2016-08-02,polynomial,1.0000000000000002
2016-08-03,polynomial,1.0000000000000002
2016-08-04,polynomial,1.0000000000000004
2016-08-05,polynomial,0.99999999999999911
2016-08-08,polynomial,0.99999999999999967
2016-08-09,polynomial,1.0000000000000002
2016-08-10,polynomial,1
2016-08-11,polynomial,1.0000000000000002
2016-08-12,polynomial,1
2016-08-15,polynomial,1.0000000000000004
2016-08-16,polynomial,1
2016-08-17,polynomial,1.0000000000000002
2016-08-18,polynomial,1
2016-08-19,polynomial,1.0000000000000002
2016-08-22,polynomial,1
2016-08-23,polynomial,1
2016-08-24,polynomial,1
2016-08-25,polynomial,1
2016-08-26,polynomial,1
2016-08-29,polynomial,1.0000000000000004
2016-08-30,polynomial,1
2016-08-31,polynomial,1
2016-09-01,polynomial,1
2016-09-02,polynomial,0.99999999999999989
2016-09-05,polynomial,1
2016-09-06,polynomial,0.99999999999999989
2016-09-07,polynomial,1.0000000000000002
2016-09-08,polynomial,1.0000000000000002
2016-09-09,polynomial,1
2016-09-12,polynomial,1
2016-09-13,polynomial,1.0000000000000002
2016-09-14,polynomial,1
2016-09-15,polynomial,0.99999999999999978
2016-09-16,polynomial,1
2016-09-19,polynomial,1.0000000000000002
2016-09-20,polynomial,1
2016-09-21,polynomial,1
2016-09-22,polynomial,0.99999999999999978
2016-09-23,polynomial,1.0000000000000002
2016-09-26,polynomial,1.0000000000000002
2016-09-27,polynomial,1
2016-09-28,polynomial,1
2016-09-29,polynomial,1
2016-09-30,polynomial,1
2016-10-03,polynomial,1
2016-10-04,polynomial,1
2016-10-05,polynomial,1
2016-10-06,polynomial,1
2016-10-07,polynomial,1.0000000000000011
2016-10-10,polynomial,1.0000000000000002
2016-10-11,polynomial,1.0000000000000002
2016-10-12,polynomial,1.0000000000000002
2016-10-13,polynomial,1.0000000000000002
2016-10-14,polynomial,1
2016-10-17,polynomial,1.0000000000000002
2016-10-18,polynomial,1.0000000000000002
2016-10-19,polynomial,1
2016-10-20,polynomial,1
2016-10-21,polynomial,1
2016-10-24,polynomial,1.0000000000000002
2016-10-25,polynomial,1
2016-10-26,polynomial,1
2016-10-27,polynomial,1.0000000000000004
2016-10-28,polynomial,1
2016-10-31,polynomial,1.0000000000000002
2016-11-01,polynomial,1.0000000000000002
2016-11-02,polynomial,1
2016-11-03,polynomial,1
2016-11-04,polynomial,1
2016-11-07,polynomial,0.99999999999999989
2016-11-08,polynomial,1.0000000000000004
2016-11-09,polynomial,1
2016-11-10,polynomial,1.0000000000000002
2016-11-11,polynomial,0.99999999999999989
2016-11-14,polynomial,1
2016-11-15,polynomial,1.0000000000000004
2016-11-16,polynomial,1.0000000000000004
2016-11-17,polynomial,1
2016-11-18,polynomial,1.0000000000000002
2016-11-21,polynomial,1.0000000000000002
2016-11-22,polynomial,1
2016-11-23,polynomial,0.99999999999999978
2016-11-24,polynomial,1
2016-11-25,polynomial,0.99999999999999978
2016-11-28,polynomial,0.99999999999999967
2016-11-29,polynomial,1.0000000000000033
2016-11-30,polynomial,1
2016-12-01,polynomial,1.0000000000000002
2016-12-02,polynomial,0.999999999999999
2016-12-05,polynomial,0.99999999999999967
2016-12-06,polynomial,1
2016-12-07,polynomial,1
2016-12-08,polynomial,0.99999999999999989
2016-12-09,polynomial,0.99999999999999956
2016-12-12,polynomial,1.0000000000000011
2016-12-13,polynomial,1
2016-12-14,polynomial,1.0000000000000002
2016-12-15,polynomial,1
2016-12-16,polynomial,1.0000000000000002
2016-12-19,polynomial,1.0000000000000024
2016-12-20,polynomial,1
2016-12-21,polynomial,1.0000000000000007
2016-12-22,polynomial,1.0000000000000004
2016-12-23,polynomial,1.0000000000000002
2016-12-26,polynomial,1
2016-12-27,polynomial,1.0000000000000004
2016-12-28,polynomial,1.0000000000000002
2016-12-29,polynomial,0.99999999999999967
2016-12-30,polynomial,1
2017-01-02,polynomial,1
2017-01-03,polynomial,1.0000000000000002
2017-01-04,polynomial,1
2017-01-05,polynomial,1
2017-01-06,polynomial,1.0000000000000002
2017-01-09,polynomial,1
2017-01-10,polynomial,1
2017-01-11,polynomial,1.0000000000000002
2017-01-12,polynomial,1
2017-01-13,polynomial,1.0000000000000007
2017-01-16,polynomial,1.0000000000000002
2017-01-17,polynomial,1.0000000000000002
2017-01-18,polynomial,1.0000000000000002
2017-01-19,polynomial,1
2017-01-20,polynomial,1
2017-01-23,polynomial,1.0000000000000002
2017-01-24,polynomial,1
2017-01-25,polynomial,1
2017-01-26,polynomial,1
2017-01-27,polynomial,1
2017-01-30,polynomial,1.0000000000000004
2017-01-31,polynomial,0.99999999999999989
2017-02-01,polynomial,1
2017-02-02,polynomial,1.0000000000000002
2017-02-03,polynomial,0.99999999999999989
2017-02-06,polynomial,1
2017-02-07,polynomial,1.0000000000000002
2017-02-08,polynomial,1.0000000000000002
2017-02-09,polynomial,0.99999999999999978
2017-02-10,polynomial,1.0000000000000002
2017-02-13,polynomial,1
2017-02-14,polynomial,1
2017-02-15,polynomial,1.0000000000000002
2017-02-16,polynomial,1
2017-02-17,polynomial,1.0000000000000002
2017-02-20,polynomial,1
2017-02-21,polynomial,1.0000000000000002
2017-02-22,polynomial,1
2017-02-23,polynomial,1.0000000000000002
2017-02-24,polynomial,1.0000000000000002
2017-02-27,polynomial,1
2017-02-28,polynomial,1.0000000000000002
2017-03-01,polynomial,0.99999999999999911
2017-03-02,polynomial,1
2017-03-03,polynomial,1.0000000000000002
2017-03-06,polynomial,1.0000000000000002
2017-03-07,polynomial,1.0000000000000002
2017-03-08,polynomial,1.0000000000000002
2017-03-09,polynomial,0.99999999999999978
2017-03-10,polynomial,0.99999999999999989
2017-03-13,polynomial,1.0000000000000002
2017-03-14,polynomial,1.0000000000000002
2017-03-15,polynomial,1
2017-03-16,polynomial,1.0000000000000002
2017-03-17,polynomial,1
2017-03-20,polynomial,1.0000000000000002
2017-03-21,polynomial,1
2017-03-22,polynomial,1
2017-03-23,polynomial,1
2017-03-24,polynomial,1.0000000000000002
2017-03-27,polynomial,1
2017-03-28,polynomial,1.0000000000000002
2017-03-29,polynomial,1.0000000000000002
2017-03-30,polynomial,1.0000000000000002
2017-03-31,polynomial,1.0000000000000002
2017-04-03,polynomial,1.0000000000000002
2017-04-04,polynomial,1
2017-04-05,polynomial,1.0000000000000002
2017-04-06,polynomial,1
2017-04-07,polynomial,1.0000000000000002
2017-04-10,polynomial,1.0000000000000002
2017-04-11,polynomial,1
2017-04-12,polynomial,1
2017-04-13,polynomial,1
2017-04-14,polynomial,1.0000000000000002
2017-04-17,polynomial,1
2017-04-18,polynomial,1
2017-04-19,polynomial,1
2017-04-20,polynomial,1.0000000000000002
2017-04-21,polynomial,1
2017-04-24,polynomial,0.99999999999999989
2017-04-25,polynomial,1
2017-04-26,polynomial,1.0000000000000002
2017-04-27,polynomial,1
2017-04-28,polynomial,1
2017-05-01,polynomial,1.0000000000000002
2017-05-02,polynomial,1.0000000000000002
2017-05-03,polynomial,1.0000000000000009
2017-05-04,polynomial,0.99999999999999967
2017-05-05,polynomial,1
2017-05-08,polynomial,1.0000000000000002
2017-05-09,polynomial,1
2017-05-10,polynomial,1.0000000000000004
2017-05-11,polynomial,1
2017-05-12,polynomial,1
2017-05-15,polynomial,1
2017-05-16,polynomial,1
2017-05-17,polynomial,1.0000000000000004
2017-05-18,polynomial,1.0000000000000002
2017-05-19,polynomial,1
2017-05-22,polynomial,0.99999999999999989
2017-05-23,polynomial,1.0000000000000002
2017-05-24,polynomial,1
2017-05-25,polynomial,1.0000000000000002
2017-05-26,polynomial,1
2017-05-29,polynomial,1.0000000000000004
2017-05-30,polynomial,1.0000000000000002
2017-05-31,polynomial,1.0000000000000002
2017-06-01,polynomial,1.0000000000000004
2017-06-02,polynomial,1.0000000000000004
2017-06-05,polynomial,1.0000000000000002
2017-06-06,polynomial,1
2017-06-07,polynomial,1.0000000000000002
2017-06-08,polynomial,1.0000000000000004
2017-06-09,polynomial,1
2017-06-12,polynomial,0.99999999999999989
2017-06-13,polynomial,1.0000000000000004
2017-06-14,polynomial,1.0000000000000002
2017-06-15,polynomial,1
2017-06-16,polynomial,1
2017-06-19,polynomial,1.0000000000000002
2017-06-20,polynomial,0.99999999999999989
2017-06-21,polynomial,1
2017-06-22,polynomial,1
2017-06-23,polynomial,1.0000000000000002
2017-06-26,polynomial,0.99999999999999989
2017-06-27,polynomial,1.0000000000000002
2017-06-28,polynomial,1
2017-06-29,polynomial,1
2017-06-30,polynomial,1.0000000000000002
2017-07-03,polynomial,1.0000000000000002
2017-07-04,polynomial,1.0000000000000002
2017-07-05,polynomial,1.0000000000000002
2017-07-06,polynomial,1.0000000000000002
2017-07-07,polynomial,1.0000000000000002
2017-07-10,polynomial,1.0000000000000002
2017-07-11,polynomial,1.0000000000000004
2017-07-12,polynomial,1
2017-07-13,polynomial,0.99999999999999989
2017-07-14,polynomial,1
2017-07-17,polynomial,0.99999999999999989
2017-07-18,polynomial,1
2017-07-19,polynomial,1
2017-07-20,polynomial,1.0000000000000002
2017-07-21,polynomial,1
2017-07-24,polynomial,1.0000000000000002
2017-07-25,polynomial,1
2017-07-26,polynomial,1
2017-07-27,polynomial,0.99999999999999967
2017-07-28,polynomial,1.0000000000000007
2017-07-31,polynomial,1
2017-08-01,polynomial,1.0000000000000002
2017-08-02,polynomial,1.0000000000000002
2017-08-03,polynomial,1.0000000000000002
2017-08-04,polynomial,1.0000000000000004
2017-08-07,polynomial,1.0000000000000004
2017-08-08,polynomial,1.0000000000000002
2017-08-09,polynomial,1.0000000000000002
2017-08-10,polynomial,0.99999999999999956
2017-08-11,polynomial,1.0000000000000002
2017-08-14,polynomial,1.0000000000000002
2017-08-15,polynomial,1
2017-08-16,polynomial,1.0000000000000004
2017-08-17,polynomial,1
2017-08-18,polynomial,1.0000000000000007
2017-08-21,polynomial,1.0000000000000002
2017-08-22,polynomial,1.0000000000000002
2017-08-23,polynomial,1.0000000000000002
2017-08-24,polynomial,1
2017-08-25,polynomial,1.0000000000000002
2017-08-28,polynomial,1.0000000000000002
2017-08-29,polynomial,1.0000000000000002
2017-08-30,polynomial,1
2017-08-31,polynomial,1
2017-09-01,polynomial,1.0000000000000002
2017-09-04,polynomial,1.0000000000000002
2017-09-05,polynomial,0.99999999999999989
2017-09-06,polynomial,1.0000000000000002
2017-09-07,polynomial,1
2017-09-08,polynomial,1.0000000000000002
2017-09-11,polynomial,1.0000000000000002
2017-09-12,polynomial,1.0000000000000002
2017-09-13,polynomial,1
2017-09-14,polynomial,1
2017-09-15,polynomial,1.0000000000000002
2017-09-18,polynomial,1
2017-09-19,polynomial,1
2017-09-20,polynomial,0.99999999999999989
2017-09-21,polynomial,0.99999999999999956
2017-09-22,polynomial,1
2017-09-25,polynomial,1.0000000000000002
2017-09-26,polynomial,1
2017-09-27,polynomial,1.0000000000000002
2017-09-28,polynomial,1.0000000000000002
2017-09-29,polynomial,1
2017-10-02,polynomial,1
2017-10-03,polynomial,1.0000000000000007
2017-10-04,polynomial,1
2017-10-05,polynomial,1
2017-10-06,polynomial,1.0000000000000004
2017-10-09,polynomial,1.0000000000000002
2017-10-10,polynomial,1
2017-10-11,polynomial,1.0000000000000002
2017-10-12,polynomial,1.0000000000000002
2017-10-13,polynomial,1
2017-10-16,polynomial,1
2017-10-17,polynomial,1
2017-10-18,polynomial,1
2017-10-19,polynomial,1
2017-10-20,polynomial,1
2017-10-23,polynomial,0.99999999999999956
2017-10-24,polynomial,1.0000000000000002
2017-10-25,polynomial,1.0000000000000007
2017-10-26,polynomial,1.0000000000000002
2017-10-27,polynomial,1.0000000000000002
2017-10-30,polynomial,1
2017-10-31,polynomial,1.0000000000000002
2017-11-01,polynomial,1.0000000000000002
2017-11-02,polynomial,1.0000000000000002
2017-11-03,polynomial,0.99999999999999956
2017-11-06,polynomial,1.0000000000000002
2017-11-07,polynomial,0.99999999999999989
2017-11-08,polynomial,1.0000000000000002
2017-11-09,polynomial,1.0000000000000002
2017-11-10,polynomial,1
2017-11-13,polynomial,1.0000000000000002
2017-11-14,polynomial,1.0000000000000002
2017-11-15,polynomial,0.99999999999999967
2017-11-16,polynomial,1.0000000000000004
2017-11-17,polynomial,1.0000000000000002
2017-11-20,polynomial,0.99999999999999967
2017-11-21,polynomial,1.0000000000000002
2017-11-22,polynomial,1.0000000000000002
2017-11-23,polynomial,0.99999999999999989
2017-11-24,polynomial,1
2017-11-27,polynomial,1
2017-11-28,polynomial,1.0000000000000002
2017-11-29,polynomial,0.99999999999999978
2017-11-30,polynomial,1.0000000000000002
2017-12-01,polynomial,1.0000000000000002
2017-12-04,polynomial,0.99999999999999956
2017-12-05,polynomial,1
2017-12-06,polynomial,1.0000000000000002
2017-12-07,polynomial,0.99999999999999978
2017-12-08,polynomial,1.0000000000000002
2017-12-11,polynomial,1
2017-12-12,polynomial,1
2017-12-13,polynomial,1
2017-12-14,polynomial,1.0000000000000002
2017-12-15,polynomial,1.0000000000000002
2017-12-18,polynomial,1
2017-12-19,polynomial,1
2017-12-20,polynomial,1
2017-12-21,polynomial,1
2017-12-22,polynomial,1.0000000000000002
2017-12-25,polynomial,1.0000000000000002
2017-12-26,polynomial,1.0000000000000002
2017-12-27,polynomial,1
2017-12-28,polynomial,1.0000000000000002
2017-12-29,polynomial,1
2018-01-01,polynomial,1.0000000000000002
2018-01-02,polynomial,0.99999999999999978
2018-01-03,polynomial,1.0000000000000002
2018-01-04,polynomial,1
2018-01-05,polynomial,1.0000000000000002
2018-01-08,polynomial,1
2018-01-09,polynomial,1
2018-01-10,polynomial,1.0000000000000004
2018-01-11,polynomial,1
2018-01-12,polynomial,1
2018-01-15,polynomial,0.99999999999999989
2018-01-16,polynomial,1
2018-01-17,polynomial,1.0000000000000002
2018-01-18,polynomial,1
2018-01-19,polynomial,1.0000000000000002
2018-01-22,polynomial,1.0000000000000004
2018-01-23,polynomial,1
2018-01-24,polynomial,1
2018-01-25,polynomial,0.99999999999999989
2018-01-26,polynomial,1.0000000000000002
2018-01-29,polynomial,1.0000000000000002
2018-01-30,polynomial,0.99999999999999978
2018-01-31,polynomial,1.0000000000000002
2018-02-01,polynomial,0.99999999999999978
2018-02-02,polynomial,0.99999999999999978
2018-02-05,polynomial,1
2018-02-06,polynomial,1
2018-02-07,polynomial,1
2018-02-08,polynomial,1
2018-02-09,polynomial,1.0000000000000002
2018-02-12,polynomial,1
2018-02-13,polynomial,1
2018-02-14,polynomial,1.0000000000000002
2018-02-15,polynomial,1.0000000000000002
2018-02-16,polynomial,1.0000000000000002
2018-02-19,polynomial,1.0000000000000002
2018-02-20,polynomial,1.0000000000000002
2018-02-21,polynomial,0.99999999999999989
2018-02-22,polynomial,1.0000000000000002
2018-02-23,polynomial,1
2018-02-26,polynomial,1
2018-02-27,polynomial,1
2018-02-28,polynomial,1
2018-03-01,polynomial,1
2018-03-02,polynomial,1
2018-03-05,polynomial,1
2018-03-06,polynomial,0.99999999999999989
2018-03-07,polynomial,0.99999999999999978
2018-03-08,polynomial,0.99999999999999978
2018-03-09,polynomial,1.0000000000000002
2018-03-12,polynomial,1
2018-03-13,polynomial,1
2018-03-14,polynomial,1
2018-03-15,polynomial,1.0000000000000002
2018-03-16,polynomial,1.0000000000000002
2018-03-19,polynomial,1
2018-03-20,polynomial,1
2018-03-21,polynomial,1.0000000000000002
2018-03-22,polynomial,1
2018-03-23,polynomial,1.0000000000000002
2018-03-26,polynomial,1.0000000000000002
2018-03-27,polynomial,1
2018-03-28,polynomial,1.0000000000000002
2018-03-29,polynomial,1.0000000000000002
2018-03-30,polynomial,0.99999999999999989
2018-04-02,polynomial,0.99999999999999944
2018-04-03,polynomial,1.0000000000000002
2018-04-04,polynomial,1.0000000000000002
2018-04-05,polynomial,1
2018-04-06,polynomial,1
2018-04-09,polynomial,1
2018-04-10,polynomial,1
2018-04-11,polynomial,1
2018-04-12,polynomial,1.0000000000000002
2018-04-13,polynomial,1
2018-04-16,polynomial,1.0000000000000002
2018-04-17,polynomial,1
2018-04-18,polynomial,0.99999999999999978
2018-04-19,polynomial,1.0000000000000002
2018-04-20,polynomial,1.0000000000000002
2018-04-23,polynomial,1
2018-04-24,polynomial,1
2018-04-25,polynomial,1
2018-04-26,polynomial,1
2018-04-27,polynomial,1.0000000000000004
2018-04-30,polynomial,1
2018-05-01,polynomial,0.99999999999999989
2018-05-02,polynomial,1
2018-05-03,polynomial,1.0000000000000002
2018-05-04,polynomial,1.0000000000000002
2018-05-07,polynomial,1
2018-05-08,polynomial,1.0000000000000004
2018-05-09,polynomial,1.0000000000000002
2018-05-10,polynomial,0.99999999999999989
2018-05-11,polynomial,1
2018-05-14,polynomial,1
2018-05-15,polynomial,1
2018-05-16,polynomial,1.0000000000000002
2018-05-17,polynomial,0.99999999999999989
2018-05-18,polynomial,1
2018-05-21,polynomial,1.0000000000000002
2018-05-22,polynomial,1
2018-05-23,polynomial,1.0000000000000002
2018-05-24,polynomial,1
2018-05-25,polynomial,1.0000000000000004
2018-05-28,polynomial,1.0000000000000004
2018-05-29,polynomial,0.99999999999999978
2018-05-30,polynomial,1.0000000000000002
2018-05-31,polynomial,0.99999999999999933
2018-06-01,polynomial,1
2018-06-04,polynomial,1.0000000000000002
2018-06-05,polynomial,1.0000000000000004
2018-06-06,polynomial,1
2018-06-07,polynomial,1.0000000000000002
2018-06-08,polynomial,1
2018-06-11,polynomial,1.0000000000000002
2018-06-12,polynomial,1
2018-06-13,polynomial,1.0000000000000002
2018-06-14,polynomial,0.99999999999999956
2018-06-15,polynomial,1.0000000000000004
2018-06-18,polynomial,0.99999999999999956
2018-06-19,polynomial,1.0000000000000004
2018-06-20,polynomial,1
2018-06-21,polynomial,0.99999999999999989
2018-06-22,polynomial,1.0000000000000004
2018-06-25,polynomial,1.0000000000000002
2018-06-26,polynomial,1
2018-06-27,polynomial,0.99999999999999989
2018-06-28,polynomial,1
2018-06-29,polynomial,1.0000000000000002
2018-07-02,polynomial,1.0000000000000004
2018-07-03,polynomial,1.0000000000000004
2018-07-04,polynomial,1.0000000000000002
2018-07-05,polynomial,1.0000000000000007
2018-07-06,polynomial,1
2018-07-09,polynomial,1.0000000000000002
2018-07-10,polynomial,1.0000000000000002
2018-07-11,polynomial,1.0000000000000009
2018-07-12,polynomial,1
2018-07-13,polynomial,1.0000000000000004
2018-07-16,polynomial,0.99999999999999978
2018-07-17,polynomial,1.0000000000000007
2018-07-18,polynomial,1
2018-07-19,polynomial,1.0000000000000002
2018-07-20,polynomial,1.0000000000000002
2018-07-23,polynomial,1
2018-07-24,polynomial,1
2018-07-25,polynomial,1
2018-07-26,polynomial,1.0000000000000004
2018-07-27,polynomial,0.99999999999999989
2018-07-30,polynomial,1
2018-07-31,polynomial,0.99999999999999989
2018-08-01,polynomial,1.0000000000000002
2018-08-02,polynomial,1.0000000000000002
2018-08-03,polynomial,0.99999999999999967
2018-08-06,polynomial,1
2018-08-07,polynomial,1.0000000000000002
2018-08-08,polynomial,1
2018-08-09,polynomial,1.0000000000000002
2018-08-10,polynomial,1
2018-08-13,polynomial,1.0000000000000002
2018-08-14,polynomial,1
2018-08-15,polynomial,0.99999999999999978
2018-08-16,polynomial,1.0000000000000002
2018-08-17,polynomial,1.0000000000000002
2018-08-20,polynomial,0.99999999999999978
2018-08-21,polynomial,1.0000000000000007
2018-08-22,polynomial,0.99999999999999989
2018-08-23,polynomial,1.0000000000000002
2018-08-24,polynomial,1.0000000000000004
2018-08-27,polynomial,1
2018-08-28,polynomial,1.0000000000000002
2018-08-29,polynomial,1
2018-08-30,polynomial,1.0000000000000002
2018-08-31,polynomial,0.99999999999999989
2018-09-03,polynomial,1.0000000000000007
2018-09-04,polynomial,1.0000000000000002
2018-09-05,polynomial,0.99999999999999989
2018-09-06,polynomial,1.0000000000000002
2018-09-07,polynomial,1
2018-09-10,polynomial,0.99999999999999989
2018-09-11,polynomial,0.99999999999999989
2018-09-12,polynomial,0.99999999999999989
2018-09-13,polynomial,1
2018-09-14,polynomial,1.0000000000000004
2018-09-17,polynomial,1
2018-09-18,polynomial,1
2018-09-19,polynomial,0.99999999999999956
2018-09-20,polynomial,1.0000000000000004
2018-09-21,polynomial,1.0000000000000004
2018-09-24,polynomial,1
2018-09-25,polynomial,1
2018-09-26,polynomial,0.99999999999999967
2018-09-27,polynomial,1
2018-09-28,polynomial,1
2018-10-01,polynomial,1
2018-10-02,polynomial,0.99999999999999989
2018-10-03,polynomial,1.0000000000000002
2018-10-04,polynomial,1
2018-10-05,polynomial,1.0000000000000002
2018-10-08,polynomial,0.99999999999999989
2018-10-09,polynomial,0.99999999999999956
2018-10-10,polynomial,1.0000000000000007
2018-10-11,polynomial,1
2018-10-12,polynomial,0.99999999999999956
2018-10-15,polynomial,0.99999999999999978
2018-10-16,polynomial,1
2018-10-17,polynomial,1
2018-10-18,polynomial,0.99999999999999956
2018-10-19,polynomial,1.0000000000000002
2018-10-22,polynomial,1.0000000000000002
2018-10-23,polynomial,1.0000000000000002
2018-10-24,polynomial,1.0000000000000002
2018-10-25,polynomial,1.0000000000000004
2018-10-26,polynomial,1.0000000000000013
2018-10-29,polynomial,1
2018-10-30,polynomial,1.0000000000000004
2018-10-31,polynomial,1.0000000000000002
2018-11-01,polynomial,1.0000000000000002
2018-11-02,polynomial,1
2018-11-05,polynomial,1.0000000000000002
2018-11-06,polynomial,1
2018-11-07,polynomial,1
2018-11-08,polynomial,1.0000000000000002
2018-11-09,polynomial,0.99999999999999989
2018-11-12,polynomial,1
2018-11-13,polynomial,0.99999999999999978
2018-11-14,polynomial,1.0000000000000002
2018-11-15,polynomial,1
2018-11-16,polynomial,1
2018-11-19,polynomial,1
2018-11-20,polynomial,1.0000000000000002
2018-11-21,polynomial,1.0000000000000007
2018-11-22,polynomial,1
2018-11-23,polynomial,1
2018-11-26,polynomial,1.0000000000000002
2018-11-27,polynomial,1
2018-11-28,polynomial,1.0000000000000002
2018-11-29,polynomial,1.0000000000000002
2018-11-30,polynomial,1
2018-12-03,polynomial,1
2018-12-04,polynomial,1
2018-12-05,polynomial,0.99999999999999911
2018-12-06,polynomial,1
2018-12-07,polynomial,1.0000000000000002
2018-12-10,polynomial,1.0000000000000004
2018-12-11,polynomial,0.99999999999999978
2018-12-12,polynomial,1
2018-12-13,polynomial,1
2018-12-14,polynomial,1
2018-12-17,polynomial,1.0000000000000002
2018-12-18,polynomial,1
2018-12-19,polynomial,0.99999999999999989
2018-12-20,polynomial,1.0000000000000002
2018-12-21,polynomial,1.0000000000000004
2018-12-24,polynomial,1
2018-12-25,polynomial,1
2018-12-26,polynomial,0.99999999999999867
2018-12-27,polynomial,1.0000000000000022
2018-12-28,polynomial,1
2018-12-31,polynomial,1
2019-01-01,polynomial,0.99999999999999944
2019-01-02,polynomial,1.0000000000000002
2019-01-03,polynomial,1.0000000000000018
2019-01-04,polynomial,1.0000000000000004
2019-01-07,polynomial,1
2019-01-08,polynomial,1.0000000000000004
2019-01-09,polynomial,1.0000000000000002
2019-01-10,polynomial,1.0000000000000004
2019-01-11,polynomial,1.0000000000000013
2019-01-14,polynomial,1.0000000000000002
2019-01-15,polynomial,1.0000000000000004
2019-01-16,polynomial,1.0000000000000002
2019-01-17,polynomial,1.0000000000000009
2019-01-18,polynomial,1.0000000000000002
2019-01-21,polynomial,1.0000000000000004
2019-01-22,polynomial,1
2019-01-23,polynomial,1
2019-01-24,polynomial,1
2019-01-25,polynomial,1.0000000000000002
2019-01-28,polynomial,0.99999999999999989
2019-01-29,polynomial,1.0000000000000004
2019-01-30,polynomial,1.0000000000000004
2019-01-31,polynomial,1
2019-02-01,polynomial,1.0000000000000002
2019-02-04,polynomial,0.99999999999999978
2019-02-05,polynomial,1.0000000000000004
2019-02-06,polynomial,0.99999999999999989
2019-02-07,polynomial,0.99999999999999978
2019-02-08,polynomial,1.0000000000000009
2019-02-11,polynomial,1.0000000000000004
2019-02-12,polynomial,1.0000000000000004
2019-02-13,polynomial,1.0000000000000007
2019-02-14,polynomial,1.0000000000000002
2019-02-15,polynomial,0.99999999999999989
2019-02-18,polynomial,1.0000000000000002
2019-02-19,polynomial,0.99999999999999978
2019-02-20,polynomial,1
2019-02-21,polynomial,1.0000000000000002
2019-02-22,polynomial,1
2019-02-25,polynomial,1
2019-02-26,polynomial,1.0000000000000002
2019-02-27,polynomial,1.0000000000000013
2019-02-28,polynomial,1.0000000000000002
2019-03-01,polynomial,0.99999999999999989
2019-03-04,polynomial,1.0000000000000002
2019-03-05,polynomial,1.0000000000000007
2019-03-06,polynomial,1.0000000000000004
2019-03-07,polynomial,1.0000000000000007
2019-03-08,polynomial,1.0000000000000009
2019-03-11,polynomial,1.0000000000000007
2019-03-12,polynomial,0.99999999999999889
2019-03-13,polynomial,1.0000000000000007
2019-03-14,polynomial,1.0000000000000002
2019-03-15,polynomial,0.99999999999999989
2019-03-18,polynomial,0.99999999999999989
2019-03-19,polynomial,0.99999999999999956
2019-03-20,polynomial,0.99999999999999978
2019-03-21,polynomial,1.0000000000000011
2019-03-22,polynomial,1
2019-03-25,polynomial,1.0000000000000002
2019-03-26,polynomial,0.99999999999999978
2019-03-27,polynomial,1
2019-03-28,polynomial,1.0000000000000004
2019-03-29,polynomial,0.99999999999999978
2019-04-01,polynomial,1
2019-04-02,polynomial,0.99999999999999944
2019-04-03,polynomial,1.0000000000000004
2019-04-04,polynomial,1.0000000000000002
2019-04-05,polynomial,1.0000000000000007
2019-04-08,polynomial,1.0000000000000004
2019-04-09,polynomial,1.0000000000000007
2019-04-10,polynomial,0.99999999999999989
2019-04-11,polynomial,0.99999999999999978
2019-04-12,polynomial,0.99999999999999978
2019-04-15,polynomial,1.0000000000000002
2019-04-16,polynomial,0.99999999999999978
2019-04-17,polynomial,1.0000000000000009
2019-04-18,polynomial,1.0000000000000002
2019-04-19,polynomial,1.0000000000000002
2019-04-22,polynomial,1
2019-04-23,polynomial,1
2019-04-24,polynomial,1
2019-04-25,polynomial,0.99999999999999989
2019-04-26,polynomial,1
2019-04-29,polynomial,0.99999999999999989
2019-04-30,polynomial,1.0000000000000002
2019-05-01,polynomial,1.0000000000000004
2019-05-02,polynomial,1.0000000000000002
2019-05-03,polynomial,0.99999999999999989
2019-05-06,polynomial,1.0000000000000004
2019-05-07,polynomial,1.0000000000000002
2019-05-08,polynomial,0.99999999999999989
2019-05-09,polynomial,1.0000000000000004
2019-05-10,polynomial,1
2019-05-13,polynomial,1.0000000000000004
2019-05-14,polynomial,1
2019-05-15,polynomial,1.0000000000000002
2019-05-16,polynomial,1.0000000000000011
2019-05-17,polynomial,1.0000000000000002
2019-05-20,polynomial,1
2019-05-21,polynomial,1
2019-05-22,polynomial,0.99999999999999956
2019-05-23,polynomial,1.0000000000000004
2019-05-24,polynomial,0.99999999999999978
2019-05-27,polynomial,0.99999999999999978
2019-05-28,polynomial,1.0000000000000002
2019-05-29,polynomial,1.0000000000000009
2019-05-30,polynomial,1.0000000000000009
2019-05-31,polynomial,1
2019-06-03,polynomial,0.99999999999999978
2019-06-04,polynomial,1.0000000000000004
2019-06-05,polynomial,0.99999999999999967
2019-06-06,polynomial,1.0000000000000002
2019-06-07,polynomial,1.0000000000000002
2019-06-10,polynomial,1.0000000000000002
2019-06-11,polynomial,1
2019-06-12,polynomial,0.99999999999999989
2019-06-13,polynomial,1.0000000000000007
2019-06-14,polynomial,1.0000000000000009
2019-06-17,polynomial,1.0000000000000007
2019-06-18,polynomial,1.0000000000000009
2019-06-19,polynomial,1.0000000000000007
2019-06-20,polynomial,0.99999999999999967
2019-06-21,polynomial,0.99999999999999989
2019-06-24,polynomial,0.99999999999999989
2019-06-25,polynomial,1
2019-06-26,polynomial,0.99999999999999989
2019-06-27,polynomial,1
2019-06-28,polynomial,1.0000000000000004
2019-07-01,polynomial,1
2019-07-02,polynomial,1.0000000000000002
2019-07-03,polynomial,1.0000000000000002
2019-07-04,polynomial,1.0000000000000004
2019-07-05,polynomial,1.0000000000000002
2019-07-08,polynomial,1
2019-07-09,polynomial,1.0000000000000002
2019-07-10,polynomial,1.0000000000000002
2019-07-11,polynomial,1.0000000000000002
2019-07-12,polynomial,1
2019-07-15,polynomial,1
2019-07-16,polynomial,0.99999999999999978
2019-07-17,polynomial,1.0000000000000002
2019-07-18,polynomial,1.0000000000000002
2019-07-19,polynomial,1.0000000000000004
2019-07-22,polynomial,1.0000000000000002
2019-07-23,polynomial,1
2019-07-24,polynomial,0.99999999999999989
2019-07-25,polynomial,1
2019-07-26,polynomial,1.0000000000000002
2019-07-29,polynomial,1.0000000000000002
2019-07-30,polynomial,1
2019-07-31,polynomial,0.99999999999999978
2019-08-01,polynomial,1.0000000000000002
2019-08-02,polynomial,0.99999999999999856
2019-08-05,polynomial,1.0000000000000004
2019-08-06,polynomial,1.0000000000000002
2019-08-07,polynomial,1.0000000000000002
2019-08-08,polynomial,1.0000000000000002
2019-08-09,polynomial,1.0000000000000002
2019-08-12,polynomial,1.0000000000000004
2019-08-13,polynomial,1.0000000000000004
2019-08-14,polynomial,0.99999999999999978
2019-08-15,polynomial,1.0000000000000009
2019-08-16,polynomial,1
2019-08-19,polynomial,1
2019-08-20,polynomial,0.99999999999999978
2019-08-21,polynomial,1.0000000000000002
2019-08-22,polynomial,1.0000000000000004
2019-08-23,polynomial,0.99999999999999989
2019-08-26,polynomial,1
2019-08-27,polynomial,1.0000000000000007
2019-08-28,polynomial,1.0000000000000002
2019-08-29,polynomial,0.99999999999999989
2019-08-30,polynomial,1.0000000000000007
2019-09-02,polynomial,1.0000000000000007
2019-09-03,polynomial,1.0000000000000002
2019-09-04,polynomial,1
2019-09-05,polynomial,1.0000000000000002
2019-09-06,polynomial,1.0000000000000002
2019-09-09,polynomial,1.0000000000000002
2019-09-10,polynomial,1.0000000000000002
2019-09-11,polynomial,1.0000000000000002
2019-09-12,polynomial,0.99999999999999989
2019-09-13,polynomial,1.0000000000000002
2019-09-16,polynomial,0.99999999999999989
2019-09-17,polynomial,0.99999999999999978
2019-09-18,polynomial,1
2019-09-19,polynomial,1
2019-09-20,polynomial,1
2019-09-23,polynomial,1
2019-09-24,polynomial,0.99999999999999989
2019-09-25,polynomial,1.0000000000000002
2019-09-26,polynomial,0.99999999999999978
2019-09-27,polynomial,0.99999999999999944
2019-09-30,polynomial,1
2019-10-01,polynomial,1
2019-10-02,polynomial,1
2019-10-03,polynomial,0.99999999999999989
2019-10-04,polynomial,1.0000000000000002
2019-10-07,polynomial,1
2019-10-08,polynomial,1.0000000000000007
2019-10-09,polynomial,1.0000000000000002
2019-10-10,polynomial,1
2019-10-11,polynomial,0.99999999999999944
2019-10-14,polynomial,1
2019-10-15,polynomial,1.0000000000000002
2019-10-16,polynomial,1.0000000000000002
2019-10-17,polynomial,1
2019-10-18,polynomial,1.0000000000000002
2019-10-21,polynomial,1
2019-10-22,polynomial,1.0000000000000002
2019-10-23,polynomial,1.0000000000000002
2019-10-24,polynomial,1
2019-10-25,polynomial,1.0000000000000002
2019-10-28,polynomial,0.99999999999999967
2019-10-29,polynomial,1
2019-10-30,polynomial,1
2019-10-31,polynomial,0.99999999999999989
2019-11-01,polynomial,1.0000000000000002
2019-11-04,polynomial,1.0000000000000004
2019-11-05,polynomial,0.99999999999999922
2019-11-06,polynomial,1.0000000000000004
2019-11-07,polynomial,1
2019-11-08,polynomial,1.0000000000000004
2019-11-11,polynomial,1
2019-11-12,polynomial,1
2019-11-13,polynomial,1.0000000000000002
2019-11-14,polynomial,1
2019-11-15,polynomial,1.0000000000000002
2019-11-18,polynomial,1.0000000000000002
2019-11-19,polynomial,1
2019-11-20,polynomial,1.0000000000000002
2019-11-21,polynomial,1
2019-11-22,polynomial,1
2019-11-25,polynomial,1.0000000000000002
2019-11-26,polynomial,1.0000000000000004
2019-11-27,polynomial,1
2019-11-28,polynomial,0.99999999999999933
2019-11-29,polynomial,1.0000000000000007
2019-12-02,polynomial,1
2019-12-03,polynomial,0.99999999999999989
2019-12-04,polynomial,1.0000000000000002
2019-12-05,polynomial,1
2019-12-06,polynomial,1
2019-12-09,polynomial,1.0000000000000002
2019-12-10,polynomial,1
2019-12-11,polynomial,1
2019-12-12,polynomial,1
2019-12-13,polynomial,0.99999999999999944
2019-12-16,polynomial,1.0000000000000004
2019-12-17,polynomial,1.0000000000000002
2019-12-18,polynomial,1.0000000000000007
2019-12-19,polynomial,0.99999999999999989
2019-12-20,polynomial,1.0000000000000004
2019-12-23,polynomial,1.0000000000000002
2019-12-24,polynomial,1.0000000000000002
2019-12-25,polynomial,1
2019-12-26,polynomial,1.0000000000000002
2019-12-27,polynomial,1
2019-12-30,polynomial,1
2019-12-31,polynomial,1
2020-01-01,polynomial,1.0000000000000002
2020-01-02,polynomial,1
2020-01-03,polynomial,1.0000000000000002
2020-01-06,polynomial,1
2020-01-07,polynomial,1
2020-01-08,polynomial,1
2020-01-09,polynomial,1
2020-01-10,polynomial,1.0000000000000002
2020-01-13,polynomial,1
2020-01-14,polynomial,1
2020-01-15,polynomial,1.0000000000000002
2020-01-16,polynomial,1.0000000000000002
2020-01-17,polynomial,1
2020-01-20,polynomial,1.0000000000000002
2020-01-21,polynomial,0.99999999999999989
2020-01-22,polynomial,1
2020-01-23,polynomial,0.99999999999999989
2020-01-24,polynomial,1
2020-01-27,polynomial,1.0000000000000002
2020-01-28,polynomial,1.0000000000000002
2020-01-29,polynomial,1
2020-01-30,polynomial,1
2020-01-31,polynomial,1
2020-02-03,polynomial,1
2020-02-04,polynomial,1
2020-02-05,polynomial,1
2020-02-06,polynomial,1
2020-02-07,polynomial,1
2020-02-10,polynomial,1
2020-02-11,polynomial,1
2020-02-12,polynomial,0.99999999999999967
2020-02-13,polynomial,1.0000000000000002
2020-02-14,polynomial,1.0000000000000004
2020-02-17,polynomial,1.0000000000000004
2020-02-18,polynomial,1.0000000000000002
2020-02-19,polynomial,1
2020-02-20,polynomial,1.0000000000000007
2020-02-21,polynomial,1.0000000000000007
2020-02-24,polynomial,0.99999999999999944
2020-02-25,polynomial,1
2020-02-26,polynomial,1.0000000000000002
2020-02-27,polynomial,1.0000000000000002
2020-02-28,polynomial,1.0000000000000009
2020-03-02,polynomial,1.0000000000000002
2020-03-03,polynomial,1.0000000000000009
2020-03-04,polynomial,1
2020-03-05,polynomial,1
2020-03-06,polynomial,1
2020-03-09,polynomial,0.99999999999999922
2020-03-10,polynomial,1
2020-03-11,polynomial,0.99999999999999922
2020-03-12,polynomial,0.99999999999999922
2020-03-13,polynomial,1.0000000000000002
2020-03-16,polynomial,1.0000000000000062
2020-03-17,polynomial,0.99999999999999922
2020-03-18,polynomial,1.0000000000000027
2020-03-19,polynomial,1.0000000000000062
2020-03-20,polynomial,1.0000000000000002
2020-03-23,polynomial,0.99999999999999922
2020-03-24,polynomial,1.0000000000000009
2020-03-25,polynomial,1
2020-03-26,polynomial,1.0000000000000009
2020-03-27,polynomial,1.0000000000000027
2020-03-30,polynomial,0.99999999999999722
2020-03-31,polynomial,1.0000000000000009
2020-04-01,polynomial,0.99999999999999922
2020-04-02,polynomial,0.99999999999999922
2020-04-03,polynomial,0.99999999999999922
2020-04-06,polynomial,0.99999999999999922
2020-04-07,polynomial,0.99999999999999922
2020-04-08,polynomial,1.0000000000000009
2020-04-09,polynomial,1.0000000000000002
2020-04-10,polynomial,1.0000000000000011
2020-04-13,polynomial,0.99999999999999989
2020-04-14,polynomial,1
2020-04-15,polynomial,1
2020-04-16,polynomial,1
2020-04-17,polynomial,0.99999999999999967
2020-04-20,polynomial,0.99999999999999922
2020-04-21,polynomial,1.0000000000000009
2020-04-22,polynomial,1.0000000000000009
2020-04-23,polynomial,1.0000000000000002
2020-04-24,polynomial,1
2020-04-27,polynomial,0.99999999999999922
2020-04-28,polynomial,1
2020-04-29,polynomial,1
2020-04-30,polynomial,0.99999999999999922
2020-05-01,polynomial,1.0000000000000009
2020-05-04,polynomial,1.0000000000000002
2020-05-05,polynomial,1
2020-05-06,polynomial,1
2020-05-07,polynomial,0.99999999999999967
2020-05-08,polynomial,1.0000000000000004
2020-05-11,polynomial,0.99999999999999967
2020-05-12,polynomial,0.99999999999999922
2020-05-13,polynomial,1.0000000000000002
2020-05-14,polynomial,1.0000000000000009
2020-05-15,polynomial,0.99999999999999922
2020-05-18,polynomial,1.0000000000000004
2020-05-19,polynomial,0.99999999999999922
2020-05-20,polynomial,0.99999999999999989
2020-05-21,polynomial,1
2020-05-22,polynomial,1.0000000000000002
2020-05-25,polynomial,1.0000000000000002
2020-05-26,polynomial,1.0000000000000018
2020-05-27,polynomial,1.0000000000000004
2020-05-28,polynomial,1.0000000000000002
2020-05-29,polynomial,0.99999999999999922
2020-06-01,polynomial,1
2020-06-02,polynomial,0.99999999999999989
2020-06-03,polynomial,1.0000000000000004
2020-06-04,polynomial,0.99999999999999922
2020-06-05,polynomial,0.99999999999999944
2020-06-08,polynomial,0.99999999999999967
2020-06-09,polynomial,1
2020-06-10,polynomial,1
2020-06-11,polynomial,0.99999999999999922
2020-06-12,polynomial,1
2020-06-15,polynomial,1.0000000000000002
2020-06-16,polynomial,1
2020-06-17,polynomial,1
2020-06-18,polynomial,0.99999999999999922
2020-06-19,polynomial,1
2020-06-22,polynomial,1
2020-06-23,polynomial,1.0000000000000004
2020-06-24,polynomial,0.99999999999999922
2020-06-25,polynomial,1
2020-06-26,polynomial,0.99999999999999967
2020-06-29,polynomial,0.99999999999999922
2020-06-30,polynomial,1.0000000000000016
2020-07-01,polynomial,0.99999999999999989
2020-07-02,polynomial,1
2020-07-03,polynomial,1.0000000000000004
2020-07-06,polynomial,1.0000000000000002
2020-07-07,polynomial,0.99999999999999989
2020-07-08,polynomial,1.0000000000000002
2020-07-09,polynomial,1
2020-07-10,polynomial,1
2020-07-13,polynomial,1.0000000000000002
2020-07-14,polynomial,0.99999999999999956
2020-07-15,polynomial,1.0000000000000002
2020-07-16,polynomial,1
2020-07-17,polynomial,1.0000000000000002
2020-07-20,polynomial,1.0000000000000004
2020-07-21,polynomial,0.99999999999999989
2020-07-22,polynomial,1.0000000000000002
2020-07-23,polynomial,1.0000000000000002
2020-07-24,polynomial,1.0000000000000002
2020-07-27,polynomial,1.0000000000000002
2020-07-28,polynomial,1.0000000000000002
2020-07-29,polynomial,1.0000000000000007
2020-07-30,polynomial,0.99999999999999989
2020-07-31,polynomial,1.0000000000000002
2020-08-03,polynomial,1.0000000000000002
2020-08-04,polynomial,1.0000000000000002
2020-08-05,polynomial,1.0000000000000002
2020-08-06,polynomial,1.0000000000000002
2020-08-07,polynomial,1
2020-08-10,polynomial,1
2020-08-11,polynomial,1
2020-08-12,polynomial,1
2020-08-13,polynomial,0.99999999999999956
2020-08-14,polynomial,1.0000000000000002
2020-08-17,polynomial,1.0000000000000004
2020-08-18,polynomial,1.0000000000000002
2020-08-19,polynomial,0.99999999999999989
2020-08-20,polynomial,1
2020-08-21,polynomial,1.0000000000000004
2020-08-24,polynomial,1.0000000000000002
2020-08-25,polynomial,1
2020-08-26,polynomial,1.0000000000000002
2020-08-27,polynomial,1
2020-08-28,polynomial,1
2020-08-31,polynomial,0.999999999999998
2020-09-01,polynomial,1.0000000000000004
2020-09-02,polynomial,1
2020-09-03,polynomial,1
2020-09-04,polynomial,0.99999999999999989
2020-09-07,polynomial,1
2020-09-08,polynomial,1
2020-09-09,polynomial,1
2020-09-10,polynomial,1.0000000000000002
2020-09-11,polynomial,1.0000000000000002
2020-09-14,polynomial,1
2020-09-15,polynomial,1.0000000000000002
2020-09-16,polynomial,1.0000000000000002
2020-09-17,polynomial,1
2020-09-18,polynomial,1.0000000000000002
2020-09-21,polynomial,1.0000000000000002
2020-09-22,polynomial,0.99999999999999989
2020-09-23,polynomial,0.99999999999999967
2020-09-24,polynomial,1
2020-09-25,polynomial,1
2020-09-28,polynomial,1
2020-09-29,polynomial,1
2020-09-30,polynomial,1.0000000000000002
2020-10-01,polynomial,1.0000000000000002
2020-10-02,polynomial,1
2020-10-05,polynomial,0.99999999999999989
2020-10-06,polynomial,1.0000000000000002
2020-10-07,polynomial,1
2020-10-08,polynomial,0.99999999999999989
2020-10-09,polynomial,1
2020-10-12,polynomial,0.99999999999999989
2020-10-13,polynomial,0.99999999999999944
2020-10-14,polynomial,1.0000000000000002
2020-10-15,polynomial,1
2020-10-16,polynomial,1
2020-10-19,polynomial,1.0000000000000004
2020-10-20,polynomial,1.0000000000000002
2020-10-21,polynomial,1.0000000000000002
2020-10-22,polynomial,1.0000000000000002
2020-10-23,polynomial,1
2020-10-26,polynomial,1
2020-10-27,polynomial,0.99999999999999967
2020-10-28,polynomial,1.0000000000000007
2020-10-29,polynomial,1
2020-10-30,polynomial,1
2020-11-02,polynomial,0.99999999999999967
2020-11-03,polynomial,0.99999999999999978
2020-11-04,polynomial,1
2020-11-05,polynomial,1.0000000000000002
2020-11-06,polynomial,1.0000000000000004
2020-11-09,polynomial,0.99999999999999856
2020-11-10,polynomial,1
2020-11-11,polynomial,1
2020-11-12,polynomial,1.0000000000000016
2020-11-13,polynomial,1.0000000000000002
2020-11-16,polynomial,1.0000000000000009
2020-11-17,polynomial,0.99999999999999933
2020-11-18,polynomial,1.0000000000000002
2020-11-19,polynomial,1.0000000000000002
2020-11-20,polynomial,1.0000000000000002
2020-11-23,polynomial,1.0000000000000004
2020-11-24,polynomial,1
2020-11-25,polynomial,0.99999999999999911
2020-11-26,polynomial,0.99999999999999889
2020-11-27,polynomial,1
2020-11-30,polynomial,1.0000000000000002
2020-12-01,polynomial,1.0000000000000004
2020-12-02,polynomial,1.0000000000000002
2020-12-03,polynomial,1.0000000000000002
2020-12-04,polynomial,0.99999999999999967
2020-12-07,polynomial,1.0000000000000004
2020-12-08,polynomial,1.0000000000000002
2020-12-09,polynomial,1.0000000000000002
2020-12-10,polynomial,1.0000000000000002
2020-12-11,polynomial,1.0000000000000002
2020-12-14,polynomial,1
2020-12-15,polynomial,0.99999999999999967
2020-12-16,polynomial,1
2020-12-17,polynomial,0.99999999999999845
2020-12-18,polynomial,1.0000000000000002
2020-12-21,polynomial,0.99999999999999989
2020-12-22,polynomial,0.99999999999999956
2020-12-23,polynomial,1.0000000000000009
2020-12-24,polynomial,0.99999999999999889
2020-12-25,polynomial,1.0000000000000004
2020-12-28,polynomial,1.0000000000000007
2020-12-29,polynomial,1.0000000000000011
2020-12-30,polynomial,1.0000000000000004
2020-12-31,polynomial,0.99999999999999878
2021-01-01,polynomial,1.0000000000000004
2021-01-04,polynomial,0.99999999999999933
2021-01-05,polynomial,1.0000000000000002
2021-01-06,polynomial,1.0000000000000002
2021-01-07,polynomial,1.0000000000000002
2021-01-08,polynomial,1.0000000000000004
2021-01-11,polynomial,1.0000000000000002
2021-01-12,polynomial,1.0000000000000002
2021-01-13,polynomial,1.0000000000000002
2021-01-14,polynomial,1.0000000000000002
2021-01-15,polynomial,1.0000000000000002
2021-01-18,polynomial,1
2021-01-19,polynomial,1.0000000000000002
2021-01-20,polynomial,1.0000000000000002
2021-01-21,polynomial,1.0000000000000002
2021-01-22,polynomial,1
2021-01-25,polynomial,1
2021-01-26,polynomial,1
2021-01-27,polynomial,1.0000000000000009
2021-01-28,polynomial,1.0000000000000007
2021-01-29,polynomial,1.0000000000000002
2021-02-01,polynomial,1
2021-02-02,polynomial,1
2021-02-03,polynomial,1
2021-02-04,polynomial,1.0000000000000004
2021-02-05,polynomial,1.0000000000000002
2021-02-08,polynomial,0.99999999999999978
2021-02-09,polynomial,1
2021-02-10,polynomial,1
2021-02-11,polynomial,1.0000000000000002
2021-02-12,polynomial,0.99999999999999978
2021-02-15,polynomial,1.0000000000000002
2021-02-16,polynomial,1.0000000000000004
2021-02-17,polynomial,1.0000000000000002
2021-02-18,polynomial,1
2021-02-19,polynomial,0.99999999999999967
2021-02-22,polynomial,1.0000000000000002
2021-02-23,polynomial,1.0000000000000002
2021-02-24,polynomial,1
2021-02-25,polynomial,1.0000000000000002
2021-02-26,polynomial,1
2021-03-01,polynomial,1.0000000000000004
2021-03-02,polynomial,1.0000000000000002
2021-03-03,polynomial,1
2021-03-04,polynomial,1.0000000000000002
2021-03-05,polynomial,1
2021-03-08,polynomial,1
2021-03-09,polynomial,1
2021-03-10,polynomial,1.0000000000000002
2021-03-11,polynomial,1.0000000000000002
2021-03-12,polynomial,1.0000000000000004
2021-03-15,polynomial,1.0000000000000004
2021-03-16,polynomial,1.0000000000000007
2021-03-17,polynomial,1
2021-03-18,polynomial,1
2021-03-19,polynomial,0.99999999999999944
2021-03-22,polynomial,1.0000000000000004
2021-03-23,polynomial,1
2021-03-24,polynomial,0.99999999999999989
2021-03-25,polynomial,1.0000000000000004
2021-03-26,polynomial,1.0000000000000002
2021-03-29,polynomial,1.0000000000000004
2021-03-30,polynomial,1
2021-03-31,polynomial,1.0000000000000002
2021-04-01,polynomial,1.0000000000000002
2021-04-02,polynomial,1.0000000000000002
2021-04-05,polynomial,1.0000000000000004
2021-04-06,polynomial,1.0000000000000002
2021-04-07,polynomial,1.0000000000000004
2021-04-08,polynomial,1.0000000000000009
2021-04-09,polynomial,1.0000000000000007
2021-04-12,polynomial,1.0000000000000002
2021-04-13,polynomial,1.0000000000000007
2021-04-14,polynomial,1.0000000000000002
2021-04-15,polynomial,1
2021-04-16,polynomial,1
2021-04-19,polynomial,1.0000000000000002
2021-04-20,polynomial,0.99999999999999789
2021-04-21,polynomial,1.0000000000000002
2021-04-22,polynomial,1.0000000000000002
2021-04-23,polynomial,1.0000000000000002
2021-04-26,polynomial,0.99999999999999989
2021-04-27,polynomial,1.0000000000000002
2021-04-28,polynomial,1.0000000000000004
2021-04-29,polynomial,1
2021-04-30,polynomial,1.0000000000000002
2021-05-03,polynomial,0.99999999999999978
2021-05-04,polynomial,1.0000000000000004
2021-05-05,polynomial,1.0000000000000002
2021-05-06,polynomial,1
2021-05-07,polynomial,0.99999999999999944
2021-05-10,polynomial,1.0000000000000002
2021-05-11,polynomial,0.99999999999999989
2021-05-12,polynomial,1.0000000000000004
2021-05-13,polynomial,1.0000000000000002
2021-05-14,polynomial,0.99999999999999989
2021-05-17,polynomial,1.0000000000000004
2021-05-18,polynomial,1.0000000000000002
2021-05-19,polynomial,1
2021-05-20,polynomial,0.99999999999999967
2021-05-21,polynomial,1
2021-05-24,polynomial,1.0000000000000002
2021-05-25,polynomial,1
2021-05-26,polynomial,0.99999999999999967
2021-05-27,polynomial,1.0000000000000002
2021-05-28,polynomial,0.99999999999999967
2021-05-31,polynomial,1.0000000000000004
2021-06-01,polynomial,1
2021-06-02,polynomial,1.0000000000000007
2021-06-03,polynomial,1
2021-06-04,polynomial,1
2021-06-07,polynomial,0.99999999999999989
2021-06-08,polynomial,1.0000000000000002
2021-06-09,polynomial,1
2021-06-10,polynomial,0.99999999999999978
2021-06-11,polynomial,1
2021-06-14,polynomial,1
2021-06-15,polynomial,0.99999999999999967
2021-06-16,polynomial,1.0000000000000002
2021-06-17,polynomial,1.0000000000000002
2021-06-18,polynomial,1.0000000000000002
2021-06-21,polynomial,1
2021-06-22,polynomial,0.99999999999999967
2021-06-23,polynomial,1
2021-06-24,polynomial,1.0000000000000002
2021-06-25,polynomial,1.0000000000000002
2021-06-28,polynomial,1.0000000000000002
2021-06-29,polynomial,1.0000000000000004
2021-06-30,polynomial,1
2021-07-01,polynomial,1
2021-07-02,polynomial,0.99999999999999978
2021-07-05,polynomial,1.0000000000000002
2021-07-06,polynomial,1
2021-07-07,polynomial,1.0000000000000002
2021-07-08,polynomial,1
2021-07-09,polynomial,1.0000000000000007
2021-07-12,polynomial,1.0000000000000002
2021-07-13,polynomial,1
2021-07-14,polynomial,1
2021-07-15,polynomial,1.0000000000000002
2021-07-16,polynomial,1.0000000000000002
2021-07-19,polynomial,1.0000000000000002
2021-07-20,polynomial,1
2021-07-21,polynomial,1
2021-07-22,polynomial,1.0000000000000002
2021-07-23,polynomial,1
2021-07-26,polynomial,1.0000000000000002
2021-07-27,polynomial,1.0000000000000002
2021-07-28,polynomial,1.0000000000000004
2021-07-29,polynomial,1.0000000000000002
2021-07-30,polynomial,1
2021-08-02,polynomial,1
2021-08-03,polynomial,1.0000000000000002
2021-08-04,polynomial,1
2021-08-05,polynomial,1.0000000000000002
2021-08-06,polynomial,1
2021-08-09,polynomial,1.0000000000000002
2021-08-10,polynomial,1
2021-08-11,polynomial,1
2021-08-12,polynomial,1.0000000000000002
2021-08-13,polynomial,1
2021-08-16,polynomial,1
2021-08-17,polynomial,0.99999999999999989
2021-08-18,polynomial,1.0000000000000002
2021-08-19,polynomial,1
2021-08-20,polynomial,1
2021-08-23,polynomial,1
2021-08-24,polynomial,1.0000000000000002
2021-08-25,polynomial,1
2021-08-26,polynomial,1.0000000000000004
2021-08-27,polynomial,1.0000000000000002
2021-08-30,polynomial,0.99999999999999956
2021-08-31,polynomial,1.0000000000000002
2021-09-01,polynomial,0.99999999999999978
2021-09-02,polynomial,1
2021-09-03,polynomial,1
2021-09-06,polynomial,1
2021-09-07,polynomial,1.0000000000000004
2021-09-08,polynomial,1.0000000000000002
2021-09-09,polynomial,1.0000000000000002
2021-09-10,polynomial,1
2021-09-13,polynomial,1.0000000000000002
2021-09-14,polynomial,1
2021-09-15,polynomial,1.0000000000000002
2021-09-16,polynomial,1.0000000000000002
2021-09-17,polynomial,0.99999999999999989
2021-09-20,polynomial,1
2021-09-21,polynomial,1.0000000000000002
2021-09-22,polynomial,1
2021-09-23,polynomial,0.99999999999999978
2021-09-24,polynomial,1
2021-09-27,polynomial,1
2021-09-28,polynomial,1.0000000000000009
2021-09-29,polynomial,1.0000000000000002
2021-09-30,polynomial,1
2021-10-01,polynomial,1
2021-10-04,polynomial,1
2021-10-05,polynomial,1
2021-10-06,polynomial,1.0000000000000002
2021-10-07,polynomial,1.0000000000000002
2021-10-08,polynomial,1
2021-10-11,polynomial,1
2021-10-12,polynomial,1.0000000000000004
2021-10-13,polynomial,1
2021-10-14,polynomial,1
2021-10-15,polynomial,1.0000000000000002
2021-10-18,polynomial,1
2021-10-19,polynomial,1
2021-10-20,polynomial,0.99999999999999989
2021-10-21,polynomial,1.0000000000000002
2021-10-22,polynomial,1
2021-10-25,polynomial,1
2021-10-26,polynomial,1
2021-10-27,polynomial,1
2021-10-28,polynomial,1
2021-10-29,polynomial,1.0000000000000004
2021-11-01,polynomial,1.0000000000000002
2021-11-02,polynomial,1.0000000000000004
2021-11-03,polynomial,1.0000000000000002
2021-11-04,polynomial,0.99999999999999989
2021-11-05,polynomial,1
2021-11-08,polynomial,1
2021-11-09,polynomial,1
2021-11-10,polynomial,1
2021-11-11,polynomial,1.0000000000000002
2021-11-12,polynomial,1
2021-11-15,polynomial,1
2021-11-16,polynomial,1.0000000000000002
2021-11-17,polynomial,1.0000000000000004
2021-11-18,polynomial,1.0000000000000004
2021-11-19,polynomial,1
2021-11-22,polynomial,1.0000000000000002
2021-11-23,polynomial,1
2021-11-24,polynomial,1
2021-11-25,polynomial,1.0000000000000002
2021-11-26,polynomial,1.0000000000000002
2021-11-29,polynomial,0.99999999999999978
2021-11-30,polynomial,1
2021-12-01,polynomial,1.0000000000000002
2021-12-02,polynomial,1.0000000000000002
2021-12-03,polynomial,1
2021-12-06,polynomial,1
2021-12-07,polynomial,1.0000000000000011
2021-12-08,polynomial,1.0000000000000002
2021-12-09,polynomial,1.0000000000000002
2021-12-10,polynomial,1.0000000000000004
2021-12-13,polynomial,1.0000000000000002
2021-12-14,polynomial,1
2021-12-15,polynomial,1.0000000000000002
2021-12-16,polynomial,1
2021-12-17,polynomial,1.0000000000000002
2021-12-20,polynomial,1
2021-12-21,polynomial,1
2021-12-22,polynomial,1.0000000000000004
2021-12-23,polynomial,1.0000000000000002
2021-12-24,polynomial,1.0000000000000002
2021-12-27,polynomial,1.0000000000000004
2021-12-28,polynomial,1.0000000000000002
2021-12-29,polynomial,1.0000000000000002
2021-12-30,polynomial,1.0000000000000002
2021-12-31,polynomial,1.0000000000000002
2022-01-03,polynomial,1
2022-01-04,polynomial,1.0000000000000002
2022-01-05,polynomial,1
2022-01-06,polynomial,1
2022-01-07,polynomial,1.0000000000000002
2022-01-10,polynomial,1.0000000000000002
2022-01-11,polynomial,1
2022-01-12,polynomial,1
2022-01-13,polynomial,1
2022-01-14,polynomial,1
2022-01-17,polynomial,1.0000000000000002
2022-01-18,polynomial,1.0000000000000002
2022-01-19,polynomial,1.0000000000000002
2022-01-20,polynomial,1
2022-01-21,polynomial,1
2022-01-24,polynomial,1
2022-01-25,polynomial,1
2022-01-26,polynomial,1
2022-01-27,polynomial,1.0000000000000002
2022-01-28,polynomial,0.99999999999999989
2022-01-31,polynomial,1
2022-02-01,polynomial,1.0000000000000002
2022-02-02,polynomial,1
2022-02-03,polynomial,1
2022-02-04,polynomial,1.0000000000000002
2022-02-07,polynomial,0.99999999999999989
2022-02-08,polynomial,1.0000000000000002
2022-02-09,polynomial,1
2022-02-10,polynomial,1.0000000000000004
2022-02-11,polynomial,1.0000000000000004
2022-02-14,polynomial,1
2022-02-15,polynomial,0.99999999999999989
2022-02-16,polynomial,1
2022-02-17,polynomial,1
2022-02-18,polynomial,1.0000000000000002
2022-02-21,polynomial,1.0000000000000004
2022-02-22,polynomial,1.0000000000000002
2022-02-23,polynomial,1
2022-02-24,polynomial,0.99999999999999967
2022-02-25,polynomial,1.0000000000000002
2022-02-28,polynomial,1
2022-03-01,polynomial,1.0000000000000002
2022-03-02,polynomial,1.0000000000000002
2022-03-03,polynomial,1
2022-03-04,polynomial,1.0000000000000002
2022-03-07,polynomial,0.99999999999999967
2022-03-08,polynomial,0.99999999999999978
2022-03-09,polynomial,0.99999999999999989
2022-03-10,polynomial,0.99999999999999989
2022-03-11,polynomial,1
2022-03-14,polynomial,1.0000000000000002
2022-03-15,polynomial,1.0000000000000002
2022-03-16,polynomial,0.99999999999999989
2022-03-17,polynomial,1.0000000000000002
2022-03-18,polynomial,1
2022-03-21,polynomial,1.0000000000000002
2022-03-22,polynomial,1
2022-03-23,polynomial,1
2022-03-24,polynomial,1.0000000000000002
2022-03-25,polynomial,1
2022-03-28,polynomial,1
2022-03-29,polynomial,1.0000000000000002
2022-03-30,polynomial,1
2022-03-31,polynomial,1.0000000000000002
2022-04-01,polynomial,1.0000000000000002
2022-04-04,polynomial,1
2022-04-05,polynomial,0.99999999999999967
2022-04-06,polynomial,1
2022-04-07,polynomial,1
2022-04-08,polynomial,0.99999999999999989
2022-04-11,polynomial,1.0000000000000002
2022-04-12,polynomial,1
2022-04-13,polynomial,1
2022-04-14,polynomial,1.0000000000000004
2022-04-15,polynomial,1.0000000000000002
2022-04-18,polynomial,0.99999999999999967
2022-04-19,polynomial,1.0000000000000002
2022-04-20,polynomial,0.99999999999999956
2022-04-21,polynomial,1
2022-04-22,polynomial,1
2022-04-25,polynomial,1.0000000000000007
2022-04-26,polynomial,0.99999999999999989
2022-04-27,polynomial,1.0000000000000002
2022-04-28,polynomial,1.0000000000000002
2022-04-29,polynomial,1.0000000000000002
2022-05-02,polynomial,1.0000000000000002
2022-05-03,polynomial,1
2022-05-04,polynomial,1.0000000000000002
2022-05-05,polynomial,1
2022-05-06,polynomial,1.0000000000000004
2022-05-09,polynomial,1.0000000000000009
2022-05-10,polynomial,0.99999999999999989
2022-05-11,polynomial,1
2022-05-12,polynomial,1
2022-05-13,polynomial,0.99999999999999989
2022-05-16,polynomial,1
2022-05-17,polynomial,1
2022-05-18,polynomial,1.0000000000000002
2022-05-19,polynomial,1.0000000000000002
2022-05-20,polynomial,0.99999999999999967
2022-05-23,polynomial,1
2022-05-24,polynomial,1
2022-05-25,polynomial,1
2022-05-26,polynomial,1
2022-05-27,polynomial,1.0000000000000002
2022-05-30,polynomial,1.0000000000000002
2022-05-31,polynomial,1
2022-06-01,polynomial,0.99999999999999989
2022-06-02,polynomial,1
2022-06-03,polynomial,0.99999999999999978
2022-06-06,polynomial,0.99999999999999933
2022-06-07,polynomial,1
2022-06-08,polynomial,1.0000000000000002
2022-06-09,polynomial,1
2022-06-10,polynomial,1
2022-06-13,polynomial,1.0000000000000004
2022-06-14,polynomial,0.99999999999999967
2022-06-15,polynomial,0.99999999999999978
2022-06-16,polynomial,1.0000000000000002
2022-06-17,polynomial,1.0000000000000004
2022-06-20,polynomial,1.0000000000000004
2022-06-21,polynomial,1.0000000000000002
2022-06-22,polynomial,1.0000000000000002
2022-06-23,polynomial,1.0000000000000002
2022-06-24,polynomial,1.0000000000000002
2022-06-27,polynomial,1
2022-06-28,polynomial,1
2022-06-29,polynomial,0.99999999999999978
2022-06-30,polynomial,1
2022-07-01,polynomial,1.0000000000000011
2022-07-04,polynomial,0.99999999999999967
2022-07-05,polynomial,0.99999999999999922
2022-07-06,polynomial,0.99999999999999933
2022-07-07,polynomial,0.99999999999999978
2022-07-08,polynomial,0.99999999999999989
2022-07-11,polynomial,1.0000000000000004
2022-07-12,polynomial,1
2022-07-13,polynomial,1.0000000000000002
2022-07-14,polynomial,1.0000000000000002
2022-07-15,polynomial,1.0000000000000002
2022-07-18,polynomial,1.0000000000000004
2022-07-19,polynomial,1
2022-07-20,polynomial,0.99999999999999956
2022-07-21,polynomial,1.0000000000000002
2022-07-22,polynomial,1.0000000000000007
2022-07-25,polynomial,0.999999999999999
2022-07-26,polynomial,1.0000000000000007
2022-07-27,polynomial,1.0000000000000002
2022-07-28,polynomial,1
2022-07-29,polynomial,0.999999999999999
2022-08-01,polynomial,1.0000000000000004
2022-08-02,polynomial,1.0000000000000002
2022-08-03,polynomial,1
2022-08-04,polynomial,1.0000000000000004
2022-08-05,polynomial,1
2022-08-08,polynomial,1
2022-08-09,polynomial,1.0000000000000004
2022-08-10,polynomial,0.99999999999999978
2022-08-11,polynomial,1.0000000000000002
2022-08-12,polynomial,1.0000000000000004
2022-08-15,polynomial,0.99999999999999978
2022-08-16,polynomial,1.0000000000000002
2022-08-17,polynomial,1
2022-08-18,polynomial,1.0000000000000002
2022-08-19,polynomial,1.0000000000000002
2022-08-22,polynomial,1.0000000000000002
2022-08-23,polynomial,1
2022-08-24,polynomial,1.0000000000000002
2022-08-25,polynomial,1.0000000000000004
2022-08-26,polynomial,1.0000000000000002
2022-08-29,polynomial,1.0000000000000004
2022-08-30,polynomial,1.0000000000000013
2022-08-31,polynomial,0.99999999999999989
2022-09-01,polynomial,1.0000000000000002
2022-09-02,polynomial,1.0000000000000002
2022-09-05,polynomial,1
2022-09-06,polynomial,1
2022-09-07,polynomial,1.0000000000000002
2022-09-08,polynomial,1.0000000000000013
2022-09-09,polynomial,1.0000000000000013
2022-09-12,polynomial,1.0000000000000004
2022-09-13,polynomial,1.0000000000000002
2022-09-14,polynomial,1
2022-09-15,polynomial,1
2022-09-16,polynomial,1.0000000000000009
2022-09-19,polynomial,1.0000000000000002
2022-09-20,polynomial,1
2022-09-21,polynomial,1.0000000000000002
2022-09-22,polynomial,0.99999999999999989
2022-09-23,polynomial,1.0000000000000018
2022-09-26,polynomial,1.0000000000000044
2022-09-27,polynomial,1.000000000000002
2022-09-28,polynomial,1.0000000000000013
2022-09-29,polynomial,0.99999999999999989
2022-09-30,polynomial,1
2022-10-03,polynomial,1
2022-10-04,polynomial,0.99999999999999978
2022-10-05,polynomial,1.0000000000000009
2022-10-06,polynomial,1.0000000000000016
2022-10-07,polynomial,1
2022-10-10,polynomial,1.0000000000000002
2022-10-11,polynomial,1.0000000000000002
2022-10-12,polynomial,1.0000000000000004
2022-10-13,polynomial,0.99999999999999967
2022-10-14,polynomial,1.0000000000000007
2022-10-17,polynomial,1.0000000000000009
2022-10-18,polynomial,1.000000000000002
2022-10-19,polynomial,0.99999999999999956
2022-10-20,polynomial,0.99999999999999967
2022-10-21,polynomial,1.0000000000000002
2022-10-24,polynomial,1
2022-10-25,polynomial,1.0000000000000002
2022-10-26,polynomial,1.0000000000000002
2022-10-27,polynomial,1.0000000000000002
2022-10-28,polynomial,1.0000000000000007
2022-10-31,polynomial,0.99999999999999989
2022-11-01,polynomial,0.99999999999999845
2022-11-02,polynomial,1
2022-11-03,polynomial,1.0000000000000004
2022-11-04,polynomial,1.0000000000000018
2022-11-07,polynomial,0.99999999999999845
2022-11-08,polynomial,1.0000000000000027
2022-11-09,polynomial,1.0000000000000007
2022-11-10,polynomial,0.99999999999999967
2022-11-11,polynomial,1.0000000000000002
2022-11-14,polynomial,1.0000000000000016
2022-11-15,polynomial,0.999999999999998
2022-11-16,polynomial,1.0000000000000002
2022-11-17,polynomial,0.99999999999999956
2022-11-18,polynomial,1.0000000000000007
2022-11-21,polynomial,1.0000000000000004
2022-11-22,polynomial,1
2022-11-23,polynomial,1.0000000000000004
2022-11-24,polynomial,1
2022-11-25,polynomial,1
2022-11-28,polynomial,1.0000000000000007
2022-11-29,polynomial,0.99999999999999922
2022-11-30,polynomial,1.0000000000000002
2022-12-01,polynomial,0.99999999999999989
2022-12-02,polynomial,1.0000000000000002
2022-12-05,polynomial,0.99999999999999911
2022-12-06,polynomial,1.0000000000000004
2022-12-07,polynomial,0.99999999999999978
2022-12-08,polynomial,1
2022-12-09,polynomial,1.0000000000000009
2022-12-12,polynomial,0.99999999999999956
2022-12-13,polynomial,1.0000000000000004
2022-12-14,polynomial,0.99999999999999989
2022-12-15,polynomial,1.0000000000000002
2022-12-16,polynomial,1.0000000000000002
2022-12-19,polynomial,1
2022-12-20,polynomial,1.0000000000000004
2022-12-21,polynomial,0.99999999999999956
2022-12-22,polynomial,1.0000000000000007
2022-12-23,polynomial,1.0000000000000002
2022-12-26,polynomial,1.0000000000000007
2022-12-27,polynomial,1.0000000000000002
2022-12-28,polynomial,1.0000000000000004
2022-12-29,polynomial,0.99999999999999922
2022-12-30,polynomial,0.99999999999999944
2023-01-02,polynomial,1
2023-01-03,polynomial,1.0000000000000002
2023-01-04,polynomial,1
2023-01-05,polynomial,1.0000000000000004
2023-01-06,polynomial,1.0000000000000002
2023-01-09,polynomial,1.0000000000000002
2023-01-10,polynomial,1.0000000000000002
2023-01-11,polynomial,1
2023-01-12,polynomial,1
2023-01-13,polynomial,1
2023-01-16,polynomial,1
2023-01-17,polynomial,1.0000000000000002
2023-01-18,polynomial,1.0000000000000004
2023-01-19,polynomial,1.0000000000000004
2023-01-20,polynomial,1
2023-01-23,polynomial,1.0000000000000002
2023-01-24,polynomial,1
2023-01-25,polynomial,1.0000000000000002
2023-01-26,polynomial,1.0000000000000002
2023-01-27,polynomial,1
2023-01-30,polynomial,1
2023-01-31,polynomial,1
2023-02-01,polynomial,0.99999999999999989
2023-02-02,polynomial,1
2023-02-03,polynomial,1
2023-02-06,polynomial,1.0000000000000002
2023-02-07,polynomial,1
2023-02-08,polynomial,1
2023-02-09,polynomial,1.0000000000000002
2023-02-10,polynomial,1
2023-02-13,polynomial,1
2023-02-14,polynomial,1
2023-02-15,polynomial,1
2023-02-16,polynomial,1
2023-02-17,polynomial,1.0000000000000002
2023-02-20,polynomial,1.0000000000000002
2023-02-21,polynomial,1.0000000000000002
2023-02-22,polynomial,1.0000000000000002
2023-02-23,polynomial,1.0000000000000002
2023-02-24,polynomial,1
2023-02-27,polynomial,1
2023-02-28,polynomial,1
2023-03-01,polynomial,1
2023-03-02,polynomial,1.0000000000000002
2023-03-03,polynomial,1.0000000000000002
2023-03-06,polynomial,1.0000000000000002
2023-03-07,polynomial,1
2023-03-08,polynomial,1.0000000000000002
2023-03-09,polynomial,1
2023-03-10,polynomial,1.0000000000000002
2023-03-13,polynomial,1
2023-03-14,polynomial,1.0000000000000002
2023-03-15,polynomial,1
2023-03-16,polynomial,1
2023-03-17,polynomial,1
2023-03-20,polynomial,1
2023-03-21,polynomial,1.0000000000000002
2023-03-22,polynomial,1
2023-03-23,polynomial,1
2023-03-24,polynomial,1
2023-03-27,polynomial,1
2023-03-28,polynomial,1.0000000000000004
2023-03-29,polynomial,1.0000000000000002
2023-03-30,polynomial,1.0000000000000002
2023-03-31,polynomial,1
2023-04-03,polynomial,1
2023-04-04,polynomial,1
2023-04-05,polynomial,1
2023-04-06,polynomial,1
2023-04-07,polynomial,1.0000000000000004
2023-04-10,polynomial,1
2023-04-11,polynomial,1.0000000000000002
2023-04-12,polynomial,1
2023-04-13,polynomial,1.0000000000000002
2023-04-14,polynomial,1.0000000000000002
2023-04-17,polynomial,1
2023-04-18,polynomial,1.0000000000000002
2023-04-19,polynomial,1
2023-04-20,polynomial,1.0000000000000002
2023-04-21,polynomial,1
2023-04-24,polynomial,1
2023-04-25,polynomial,1
2023-04-26,polynomial,1
2023-04-27,polynomial,1
2023-04-28,polynomial,1.0000000000000002
2023-05-01,polynomial,1.0000000000000004
2023-05-02,polynomial,1.0000000000000002
2023-05-03,polynomial,1.0000000000000002
2023-05-04,polynomial,1.0000000000000002
2023-05-05,polynomial,1.0000000000000002
2023-05-08,polynomial,1.0000000000000002
2023-05-09,polynomial,1.0000000000000002
2023-05-10,polynomial,1.0000000000000004
2023-05-11,polynomial,1
2023-05-12,polynomial,1
2023-05-15,polynomial,1.0000000000000002
2023-05-16,polynomial,1
2023-05-17,polynomial,1.0000000000000002
2023-05-18,polynomial,1.0000000000000004
2023-05-19,polynomial,1
2023-05-22,polynomial,1
2023-05-23,polynomial,1.0000000000000002
2023-05-24,polynomial,1.0000000000000002
2023-05-25,polynomial,0.99999999999999989
2023-05-26,polynomial,1
2023-05-29,polynomial,1.0000000000000002
2023-05-30,polynomial,1.0000000000000002
2023-05-31,polynomial,1
2023-06-01,polynomial,1.0000000000000004
2023-06-02,polynomial,1.0000000000000004
2023-06-05,polynomial,1.0000000000000002
2023-06-06,polynomial,1
2023-06-07,polynomial,1
2023-06-08,polynomial,0.99999999999999989
2023-06-09,polynomial,1.0000000000000002
2023-06-12,polynomial,1
2023-06-13,polynomial,1
2023-06-14,polynomial,1
2023-06-15,polynomial,1.0000000000000002
2023-06-16,polynomial,1.0000000000000004
2023-06-19,polynomial,1.0000000000000011
2023-06-20,polynomial,0.99999999999999989
2023-06-21,polynomial,1
2023-06-22,polynomial,1.0000000000000004
2023-06-23,polynomial,1.0000000000000002
2023-06-26,polynomial,0.99999999999999967
2023-06-27,polynomial,0.99999999999999989
2023-06-28,polynomial,1.0000000000000002
2023-06-29,polynomial,0.99999999999999978
2023-06-30,polynomial,1
2023-07-03,polynomial,1.0000000000000002
2023-07-04,polynomial,1.0000000000000002
2023-07-05,polynomial,1.0000000000000002
2023-07-06,polynomial,1.0000000000000002
2023-07-07,polynomial,1
2023-07-10,polynomial,1
2023-07-11,polynomial,1
2023-07-12,polynomial,1
2023-07-13,polynomial,1.0000000000000002
2023-07-14,polynomial,1
2023-07-17,polynomial,1
2023-07-18,polynomial,1
2023-07-19,polynomial,1
2023-07-20,polynomial,1
2023-07-21,polynomial,1.0000000000000002
2023-07-24,polynomial,1
2023-07-25,polynomial,1
2023-07-26,polynomial,1
2023-07-27,polynomial,1
2023-07-28,polynomial,1.0000000000000002
2023-07-31,polynomial,1
2023-08-01,polynomial,1
2023-08-02,polynomial,1
2023-08-03,polynomial,1.0000000000000002
2023-08-04,polynomial,1.0000000000000002
2023-08-07,polynomial,1
2023-08-08,polynomial,1
2023-08-09,polynomial,1
2023-08-10,polynomial,1.0000000000000002
2023-08-11,polynomial,1.0000000000000002
2023-08-14,polynomial,1.0000000000000002
2023-08-15,polynomial,1
2023-08-16,polynomial,1.0000000000000002
2023-08-17,polynomial,1.0000000000000002
2023-08-18,polynomial,1.0000000000000002
2023-08-21,polynomial,1
2023-08-22,polynomial,1
2023-08-23,polynomial,1.0000000000000002
2023-08-24,polynomial,1
2023-08-25,polynomial,1
2023-08-28,polynomial,1
2023-08-29,polynomial,1.0000000000000002
2023-08-30,polynomial,1
2023-08-31,polynomial,1
2023-09-01,polynomial,1
2023-09-04,polynomial,1
2023-09-05,polynomial,1.0000000000000002
2023-09-06,polynomial,1.0000000000000002
2023-09-07,polynomial,1
2023-09-08,polynomial,1.0000000000000002
2023-09-11,polynomial,1.0000000000000002
2023-09-12,polynomial,1
2023-09-13,polynomial,1
2023-09-14,polynomial,1
2023-09-15,polynomial,1
2023-09-18,polynomial,1
2023-09-19,polynomial,1
2023-09-20,polynomial,1.0000000000000002
2023-09-21,polynomial,1.0000000000000002
2023-09-22,polynomial,1
2023-09-25,polynomial,1.0000000000000002
2023-09-26,polynomial,1.0000000000000002
2023-09-27,polynomial,1.0000000000000002
2023-09-28,polynomial,1.0000000000000002
2023-09-29,polynomial,1
2023-10-02,polynomial,1
2023-10-03,polynomial,1
2023-10-04,polynomial,1
2023-10-05,polynomial,1
2023-10-06,polynomial,1.0000000000000002
2023-10-09,polynomial,1
2023-10-10,polynomial,1
2023-10-11,polynomial,1
2023-10-12,polynomial,1.0000000000000002
2023-10-13,polynomial,1.0000000000000002
2023-10-16,polynomial,0.99999999999999967
2023-10-17,polynomial,1.0000000000000002
2023-10-18,polynomial,1
2023-10-19,polynomial,1
2023-10-20,polynomial,0.99999999999999989
2023-10-23,polynomial,0.99999999999999989
2023-10-24,polynomial,1
2023-10-25,polynomial,1
2023-10-26,polynomial,1
2023-10-27,polynomial,1
2023-10-30,polynomial,1
2023-10-31,polynomial,1.0000000000000002
2023-11-01,polynomial,1
2023-11-02,polynomial,1
2023-11-03,polynomial,1.0000000000000002
2023-11-06,polynomial,1.0000000000000002
2023-11-07,polynomial,1
2023-11-08,polynomial,1.0000000000000002
2023-11-09,polynomial,1
2023-11-10,polynomial,1.0000000000000002
2023-11-13,polynomial,0.99999999999999989
2023-11-14,polynomial,1.0000000000000002
2023-11-15,polynomial,1
2023-11-16,polynomial,0.99999999999999989
2023-11-17,polynomial,1.0000000000000002
2023-11-20,polynomial,1.0000000000000002
2023-11-21,polynomial,1.0000000000000002
2023-11-22,polynomial,1.0000000000000002
2023-11-23,polynomial,1
2023-11-24,polynomial,1.0000000000000002
2023-11-27,polynomial,1.0000000000000002
2023-11-28,polynomial,1.0000000000000002
2023-11-29,polynomial,1.0000000000000002
2023-11-30,polynomial,1.0000000000000002
2023-12-01,polynomial,1.0000000000000002
2023-12-04,polynomial,1.0000000000000002
2023-12-05,polynomial,1
2023-12-06,polynomial,1
2023-12-07,polynomial,1.0000000000000002
2023-12-08,polynomial,1
2023-12-11,polynomial,1.0000000000000002
2023-12-12,polynomial,1
2023-12-13,polynomial,1.0000000000000002
2023-12-14,polynomial,1
2023-12-15,polynomial,1.0000000000000002
2023-12-18,polynomial,1
2023-12-19,polynomial,1.0000000000000002
2023-12-20,polynomial,1
2023-12-21,polynomial,1
2023-12-22,polynomial,1
2023-12-25,polynomial,1.0000000000000002
2023-12-26,polynomial,1
2023-12-27,polynomial,1.0000000000000002
2023-12-28,polynomial,1
2023-12-29,polynomial,1
2024-01-01,polynomial,1.0000000000000002
2024-01-02,polynomial,1.0000000000000002
2024-01-03,polynomial,0.99999999999999989
2024-01-04,polynomial,1.0000000000000002
2024-01-05,polynomial,1
2024-01-08,polynomial,1
2024-01-09,polynomial,1
2024-01-10,polynomial,1
2024-01-11,polynomial,1.0000000000000004
2024-01-12,polynomial,0.99999999999999989
2024-01-15,polynomial,1.0000000000000002
2024-01-16,polynomial,1
2024-01-17,polynomial,1.0000000000000004
2024-01-18,polynomial,1.0000000000000002
2024-01-19,polynomial,1.0000000000000002
2024-01-22,polynomial,1.0000000000000002
2024-01-23,polynomial,1
2024-01-24,polynomial,1.0000000000000002
2024-01-25,polynomial,1
2024-01-26,polynomial,1.0000000000000002
2024-01-29,polynomial,1.0000000000000009
2024-01-30,polynomial,1.0000000000000002
2024-01-31,polynomial,0.99999999999999933
2024-02-01,polynomial,1
2024-02-02,polynomial,1.0000000000000004
2024-02-05,polynomial,1
2024-02-06,polynomial,1.0000000000000002
2024-02-07,polynomial,0.99999999999999956
2024-02-08,polynomial,1.0000000000000002
2024-02-09,polynomial,1
2024-02-12,polynomial,1.0000000000000002
2024-02-13,polynomial,0.99999999999999978
2024-02-14,polynomial,0.99999999999999944
2024-02-15,polynomial,1
2024-02-16,polynomial,1
2024-02-19,polynomial,1
2024-02-20,polynomial,0.99999999999999989
2024-02-21,polynomial,1
2024-02-22,polynomial,0.99999999999999989
2024-02-23,polynomial,1.0000000000000002
2024-02-26,polynomial,1.0000000000000004
2024-02-27,polynomial,1.0000000000000002
2024-02-28,polynomial,1
2024-02-29,polynomial,1
2024-03-01,polynomial,1
2024-03-04,polynomial,0.99999999999999989
2024-03-05,polynomial,0.99999999999999989
2024-03-06,polynomial,1.0000000000000002
2024-03-07,polynomial,1.0000000000000004
2024-03-08,polynomial,1
2024-03-11,polynomial,0.99999999999999989
2024-03-12,polynomial,1.0000000000000002
2024-03-13,polynomial,1
2024-03-14,polynomial,1
2024-03-15,polynomial,0.99999999999999989
2024-03-18,polynomial,1.0000000000000002
2024-03-19,polynomial,1.0000000000000002
2024-03-20,polynomial,0.99999999999999989
2024-03-21,polynomial,1.0000000000000002
2024-03-22,polynomial,1.0000000000000002
2024-03-25,polynomial,1.0000000000000002
2024-03-26,polynomial,1.0000000000000002
2024-03-27,polynomial,1.0000000000000004
2024-03-28,polynomial,1.0000000000000002
2024-03-29,polynomial,1
2024-04-01,polynomial,1.0000000000000002
2024-04-02,polynomial,1.0000000000000002
2024-04-03,polynomial,1
2024-04-04,polynomial,1.0000000000000004
2024-04-05,polynomial,1.0000000000000002
2024-04-08,polynomial,1.0000000000000002
2024-04-09,polynomial,1.0000000000000002
2024-04-10,polynomial,0.99999999999999978
2024-04-11,polynomial,1.0000000000000002
2024-04-12,polynomial,1.0000000000000007
2024-04-15,polynomial,0.99999999999999989
2024-04-16,polynomial,1.0000000000000004
2024-04-17,polynomial,1.0000000000000004
2024-04-18,polynomial,1
2024-04-19,polynomial,1.0000000000000002
2024-04-22,polynomial,0.99999999999999967
2024-04-23,polynomial,1.0000000000000002
2024-04-24,polynomial,1
2024-04-25,polynomial,1.0000000000000002
2024-04-26,polynomial,1.0000000000000002
2024-04-29,polynomial,1
2024-04-30,polynomial,1
2024-05-01,polynomial,1.0000000000000002
2024-05-02,polynomial,1
2024-05-03,polynomial,1.0000000000000002
2024-05-06,polynomial,1
2024-05-07,polynomial,1.0000000000000002
2024-05-08,polynomial,1
2024-05-09,polynomial,1.0000000000000004
2024-05-10,polynomial,1.0000000000000002
2024-05-13,polynomial,1.0000000000000004
2024-05-14,polynomial,1.0000000000000002
2024-05-15,polynomial,1.0000000000000002
2024-05-16,polynomial,0.99999999999999978
2024-05-17,polynomial,1
2024-05-20,polynomial,1
2024-05-21,polynomial,1.0000000000000002
2024-05-22,polynomial,1.0000000000000002
2024-05-23,polynomial,1.0000000000000002
2024-05-24,polynomial,1
2024-05-27,polynomial,1
2024-05-28,polynomial,1
2024-05-29,polynomial,1.0000000000000002
2024-05-30,polynomial,1.0000000000000004
2024-05-31,polynomial,1.0000000000000002
2024-06-03,polynomial,1.0000000000000002
2024-06-04,polynomial,1.0000000000000004
2024-06-05,polynomial,1
2024-06-06,polynomial,1
2024-06-07,polynomial,1
2024-06-10,polynomial,1
2024-06-11,polynomial,1.0000000000000002
2024-06-12,polynomial,0.99999999999999989
2024-06-13,polynomial,1.0000000000000002
2024-06-14,polynomial,1.0000000000000002
2024-06-17,polynomial,1.0000000000000004
2024-06-18,polynomial,1.0000000000000002
2024-06-19,polynomial,1
2024-06-20,polynomial,1.0000000000000002
2024-06-21,polynomial,1.0000000000000002
2024-06-24,polynomial,1
2024-06-25,polynomial,1
2024-06-26,polynomial,1.0000000000000002
2024-06-27,polynomial,1.0000000000000002
2024-06-28,polynomial,1
2024-07-01,polynomial,1.0000000000000002
2024-07-02,polynomial,1.0000000000000002
2024-07-03,polynomial,1
2024-07-04,polynomial,1
2024-07-05,polynomial,1.0000000000000002
2024-07-08,polynomial,1
2024-07-09,polynomial,1.0000000000000004
2024-07-10,polynomial,1
2024-07-11,polynomial,1.0000000000000002
2024-07-12,polynomial,1.0000000000000002
2024-07-15,polynomial,1.0000000000000011
2024-07-16,polynomial,1.0000000000000013
2024-07-17,polynomial,1
2024-07-18,polynomial,0.99999999999999989
2024-07-19,polynomial,1.0000000000000002
2024-07-22,polynomial,1.0000000000000002
2024-07-23,polynomial,1.0000000000000002
2024-07-24,polynomial,1
2024-07-25,polynomial,1
2024-07-26,polynomial,1.0000000000000004
2024-07-29,polynomial,1
2024-07-30,polynomial,1
2024-07-31,polynomial,1
2024-08-01,polynomial,1.0000000000000002
2024-08-02,polynomial,0.99999999999999989
2024-08-05,polynomial,1.0000000000000042
2024-08-06,polynomial,0.99999999999999967
2024-08-07,polynomial,0.99999999999999956
2024-08-08,polynomial,1.0000000000000002
2024-08-09,polynomial,1.0000000000000002
2024-08-12,polynomial,1
2024-08-13,polynomial,1.0000000000000004
2024-08-14,polynomial,1
2024-08-15,polynomial,1.0000000000000002
2024-08-16,polynomial,1.0000000000000002
2024-08-19,polynomial,1
2024-08-20,polynomial,1.0000000000000002
2024-08-21,polynomial,1.0000000000000004
2024-08-22,polynomial,1.0000000000000002
2024-08-23,polynomial,1.0000000000000002
2024-08-26,polynomial,1.0000000000000002
2024-08-27,polynomial,1
2024-08-28,polynomial,1.0000000000000002
2024-08-29,polynomial,1
2024-08-30,polynomial,1.0000000000000002
2024-09-02,polynomial,1.0000000000000004
2024-09-03,polynomial,0.99999999999999989
2024-09-04,polynomial,1
2024-09-05,polynomial,1.0000000000000016
2024-09-06,polynomial,1.0000000000000002
2024-09-09,polynomial,0.99999999999999933
2024-09-10,polynomial,1.0000000000000004
2024-09-11,polynomial,1
2024-09-12,polynomial,1.0000000000000002
2024-09-13,polynomial,1.0000000000000004
2024-09-16,polynomial,1
2024-09-17,polynomial,1.0000000000000002
2024-09-18,polynomial,1.0000000000000002
2024-09-19,polynomial,1.0000000000000002
2024-09-20,polynomial,1.0000000000000004
2024-09-23,polynomial,1
2024-09-24,polynomial,1.0000000000000002
2024-09-25,polynomial,0.99999999999999978
2024-09-26,polynomial,1.0000000000000002
2024-09-27,polynomial,1
2024-09-30,polynomial,1
2024-10-01,polynomial,1.0000000000000009
2024-10-02,polynomial,1
2024-10-03,polynomial,1
2024-10-04,polynomial,1
2024-10-07,polynomial,1.0000000000000004
2024-10-08,polynomial,1.0000000000000002
2024-10-09,polynomial,1.0000000000000004
2024-10-10,polynomial,1.0000000000000002
2024-10-11,polynomial,1.0000000000000002
2024-10-14,polynomial,1.0000000000000002
2024-10-15,polynomial,0.99999999999999989
2024-10-16,polynomial,0.99999999999999956
2024-10-17,polynomial,1
2024-10-18,polynomial,1
2024-10-21,polynomial,0.99999999999999989
2024-10-22,polynomial,1
2024-10-23,polynomial,1.0000000000000004
2024-10-24,polynomial,1.0000000000000002
2024-10-25,polynomial,1
2024-10-28,polynomial,1.0000000000000002
2024-10-29,polynomial,1
2024-10-30,polynomial,0.99999999999999989
2024-10-31,polynomial,1.0000000000000002
2024-11-01,polynomial,1
2024-11-04,polynomial,1.0000000000000004
2024-11-05,polynomial,1.0000000000000002
2024-11-06,polynomial,1.0000000000000002
2024-11-07,polynomial,1
2024-11-08,polynomial,1
2024-11-11,polynomial,1.0000000000000004
2024-11-12,polynomial,0.99999999999999967
2024-11-13,polynomial,1.0000000000000007
2024-11-14,polynomial,0.99999999999999967
2024-11-15,polynomial,1.0000000000000002
2024-11-18,polynomial,0.99999999999999956
2024-11-19,polynomial,1.0000000000000004
2024-11-20,polynomial,0.99999999999999989
2024-11-21,polynomial,1.0000000000000002
2024-11-22,polynomial,1
2024-11-25,polynomial,1
2024-11-26,polynomial,1
2024-11-27,polynomial,1
2024-11-28,polynomial,1.0000000000000002
2024-11-29,polynomial,0.99999999999999989
2024-12-02,polynomial,1
2024-12-03,polynomial,1.0000000000000002
2024-12-04,polynomial,1.0000000000000002
2024-12-05,polynomial,1
2024-12-06,polynomial,0.99999999999999956
2024-12-09,polynomial,1
2024-12-10,polynomial,1
2024-12-11,polynomial,1
2024-12-12,polynomial,1
2024-12-13,polynomial,1.0000000000000002
2024-12-16,polynomial,1.0000000000000002
2024-12-17,polynomial,1.0000000000000002
2024-12-18,polynomial,0.99999999999999867
2024-12-19,polynomial,1.0000000000000011
2024-12-20,polynomial,0.99999999999999967
2024-12-23,polynomial,1.0000000000000002
2024-12-24,polynomial,1.0000000000000002
2024-12-25,polynomial,1.0000000000000002
2024-12-26,polynomial,1.0000000000000002
2024-12-27,polynomial,1.0000000000000002
2024-12-30,polynomial,1.0000000000000002
2024-12-31,polynomial,1.0000000000000004
2025-01-02,polynomial,1
2025-01-03,polynomial,0.99999999999999967
2025-01-06,polynomial,0.99999999999999989
2025-01-07,polynomial,1
2025-01-08,polynomial,1.0000000000000002
2025-01-09,polynomial,1.0000000000000002
2025-01-10,polynomial,1
2025-01-13,polynomial,1.0000000000000002
2025-01-14,polynomial,1
2025-01-15,polynomial,1.0000000000000002
2025-01-16,polynomial,0.99999999999999944
2025-01-17,polynomial,1.0000000000000002
2025-01-20,polynomial,1
2025-01-21,polynomial,1.0000000000000002
2025-01-22,polynomial,1.0000000000000002
2025-01-23,polynomial,1.0000000000000002
2025-01-24,polynomial,1.0000000000000002
2025-01-27,polynomial,1.0000000000000002
2025-01-28,polynomial,0.99999999999999978
2025-01-29,polynomial,1
2025-01-30,polynomial,1
2025-01-31,polynomial,1.0000000000000002
2025-02-03,polynomial,0.99999999999999944
2025-02-04,polynomial,1.0000000000000002
2025-02-05,polynomial,1
2025-02-06,polynomial,1
2025-02-07,polynomial,1.0000000000000009
2025-02-10,polynomial,1
2025-02-11,polynomial,1
2025-02-12,polynomial,1
2025-02-13,polynomial,0.99999999999999978
2025-02-14,polynomial,1
2025-02-17,polynomial,1.0000000000000002
2025-02-18,polynomial,1
2025-02-19,polynomial,1
2025-02-20,polynomial,1
2025-02-21,polynomial,1
2025-02-24,polynomial,1
2025-02-25,polynomial,1
2025-02-26,polynomial,1.0000000000000002
2025-02-27,polynomial,1.0000000000000002
2025-02-28,polynomial,1
2025-03-03,polynomial,1
2025-03-04,polynomial,1
2025-03-05,polynomial,0.99999999999999989
2025-03-06,polynomial,0.99999999999999989
2025-03-07,polynomial,1
2025-03-10,polynomial,1
2025-03-11,polynomial,1.0000000000000002
2025-03-12,polynomial,0.99999999999999978
2025-03-13,polynomial,1
2025-03-14,polynomial,0.99999999999999933
2025-03-17,polynomial,1
2025-03-18,polynomial,1
2025-03-19,polynomial,1
2025-03-20,polynomial,1.0000000000000002
2025-03-21,polynomial,1
2025-03-24,polynomial,0.99999999999999989
2025-03-25,polynomial,1
2025-03-26,polynomial,1.0000000000000002
2025-03-27,polynomial,1
2025-03-28,polynomial,1.0000000000000004
2025-03-31,polynomial,1.0000000000000002
2025-04-01,polynomial,1
2025-04-02,polynomial,1.0000000000000002
2025-04-03,polynomial,1.0000000000000007
2025-04-04,polynomial,1.0000000000000004
2025-04-07,polynomial,1.0000000000000004
2025-04-08,polynomial,1.0000000000000009
2025-04-09,polynomial,1.0000000000000011
2025-04-10,polynomial,1.0000000000000002
2025-04-11,polynomial,0.99999999999999978
2025-04-14,polynomial,1
2025-04-15,polynomial,1
2025-04-16,polynomial,1
2025-04-17,polynomial,0.99999999999999967
2025-04-18,polynomial,0.99999999999999944
2025-04-21,polynomial,1.0000000000000004
2025-04-22,polynomial,0.99999999999999978
2025-04-23,polynomial,1.0000000000000002
2025-04-24,polynomial,1.0000000000000002
2025-04-25,polynomial,1
2025-04-28,polynomial,0.99999999999999978
2025-04-29,polynomial,1
2025-04-30,polynomial,1.0000000000000002
2025-05-01,polynomial,1.0000000000000002
2025-05-02,polynomial,1.0000000000000004
2025-05-05,polynomial,0.99999999999999944
2025-05-06,polynomial,0.99999999999999989
2025-05-07,polynomial,0.99999999999999978
2025-05-08,polynomial,1
2025-05-09,polynomial,0.99999999999999978
2025-05-12,polynomial,1
2025-05-13,polynomial,1
2025-05-14,polynomial,1
2025-05-15,polynomial,1.0000000000000002
2025-05-16,polynomial,1
2025-05-19,polynomial,1
2025-05-20,polynomial,1
2025-05-21,polynomial,1.0000000000000004
2025-05-22,polynomial,1.0000000000000002
2025-05-23,polynomial,1
2025-05-26,polynomial,1.0000000000000002
2025-05-27,polynomial,1
2025-05-28,polynomial,0.99999999999999967
2025-05-29,polynomial,1.0000000000000002
2025-05-30,polynomial,0.99999999999999967
2025-06-02,polynomial,1
2025-06-03,polynomial,1.0000000000000002
2025-06-04,polynomial,1
2025-06-05,polynomial,1
2025-06-06,polynomial,1.0000000000000002
2025-06-09,polynomial,1.0000000000000002
2025-06-10,polynomial,1.0000000000000002
2025-06-11,polynomial,1.0000000000000002
2025-06-12,polynomial,1.0000000000000002
2025-06-13,polynomial,1.0000000000000004
2025-06-16,polynomial,1
2025-06-17,polynomial,1
2025-06-18,polynomial,1.0000000000000002
2025-06-19,polynomial,1
2025-06-20,polynomial,1.0000000000000002
2025-06-23,polynomial,1
2025-06-24,polynomial,0.99999999999999967
2025-06-25,polynomial,1.0000000000000004
2025-06-26,polynomial,0.99999999999999989
2025-06-27,polynomial,1
2025-06-30,polynomial,1.0000000000000002
2025-07-01,polynomial,1.0000000000000002
2025-07-02,polynomial,1
2025-07-03,polynomial,1
2025-07-04,polynomial,1.0000000000000007
2025-07-07,polynomial,1.0000000000000002
2025-07-08,polynomial,1.0000000000000002
2025-07-09,polynomial,1
2025-07-10,polynomial,1
2025-07-11,polynomial,1.0000000000000002
2025-07-14,polynomial,1
2025-07-15,polynomial,1
2025-07-16,polynomial,1.0000000000000004
2025-07-17,polynomial,1.0000000000000002
2025-07-18,polynomial,1
2025-07-21,polynomial,1.0000000000000002
2025-07-22,polynomial,1.0000000000000002
2025-07-23,polynomial,1.0000000000000002
2025-07-24,polynomial,1.0000000000000002
2025-07-25,polynomial,1
2025-07-28,polynomial,1.0000000000000002
2025-07-29,polynomial,0.99999999999999967
2025-07-30,polynomial,1.0000000000000002
2025-07-31,polynomial,1
2025-08-01,polynomial,1.0000000000000002
2025-08-04,polynomial,1.0000000000000002
2025-08-05,polynomial,1.0000000000000002
2025-08-06,polynomial,1
2025-08-07,polynomial,1
2025-08-08,polynomial,1.0000000000000002
2025-08-11,polynomial,1
2025-08-12,polynomial,1
2025-08-13,polynomial,1
2025-08-14,polynomial,1
2025-08-15,polynomial,1
2025-08-18,polynomial,1
2025-08-19,polynomial,1
2025-08-20,polynomial,1.0000000000000002
2025-08-21,polynomial,1.0000000000000002
2025-08-22,polynomial,1
2025-08-25,polynomial,1
2025-08-26,polynomial,1.0000000000000004
2025-08-27,polynomial,1.0000000000000002
2025-08-28,polynomial,1.0000000000000002
2025-08-29,polynomial,1
2025-09-01,polynomial,1
2025-09-02,polynomial,1.0000000000000002
2025-09-03,polynomial,0.99999999999999989
2025-09-04,polynomial,1.0000000000000002
2025-09-05,polynomial,1.0000000000000002
2025-09-08,polynomial,1.0000000000000002
2025-09-09,polynomial,1.0000000000000002
2025-09-10,polynomial,1
2025-09-11,polynomial,1
2025-09-12,polynomial,1.0000000000000002
2025-09-15,polynomial,1.0000000000000004
2025-09-16,polynomial,1.0000000000000002
2025-09-17,polynomial,0.99999999999999989
2025-09-18,polynomial,1.0000000000000002
2025-09-19,polynomial,1.0000000000000002
2025-09-22,polynomial,1.0000000000000002
2025-09-23,polynomial,1
2025-09-24,polynomial,1
2025-09-25,polynomial,1.0000000000000002
2025-09-26,polynomial,0.99999999999999989
2025-09-29,polynomial,1
2025-09-30,polynomial,1
2025-10-01,polynomial,1.0000000000000002
2025-10-02,polynomial,1
2025-10-03,polynomial,1
2025-10-06,polynomial,1.0000000000000002
2025-10-07,polynomial,1.0000000000000002
2025-10-08,polynomial,1.0000000000000002
2025-10-09,polynomial,1.0000000000000002
2025-10-10,polynomial,0.99999999999999967
2025-10-13,polynomial,1
2025-10-14,polynomial,1
2025-10-15,polynomial,1.0000000000000002
2025-10-16,polynomial,1
2025-10-17,polynomial,1
2025-10-20,polynomial,1
2025-10-21,polynomial,1
2025-10-22,polynomial,1.0000000000000002
2025-10-23,polynomial,1
2025-10-24,polynomial,1.0000000000000004
2025-10-27,polynomial,1
2025-10-28,polynomial,1
2025-10-29,polynomial,1.0000000000000004
2025-10-30,polynomial,0.99999999999999989
2025-10-31,polynomial,1.0000000000000002
2025-11-03,polynomial,1
2025-11-04,polynomial,1
2025-11-05,polynomial,1.0000000000000004
2025-11-06,polynomial,1.0000000000000004
2025-11-07,polynomial,1
2025-11-10,polynomial,1
2025-11-11,polynomial,1.0000000000000002
2025-11-12,polynomial,1
2025-11-13,polynomial,0.99999999999999978
2025-11-14,polynomial,0.99999999999999989
2025-11-17,polynomial,0.99999999999999978
2025-11-18,polynomial,1.0000000000000007
2025-11-19,polynomial,1
2025-11-20,polynomial,1
2025-11-21,polynomial,1.0000000000000002
2025-11-24,polynomial,1
2025-11-25,polynomial,1
2025-11-26,polynomial,1
2025-11-27,polynomial,1.0000000000000002
2025-11-28,polynomial,1
2025-12-01,polynomial,1.0000000000000002
2025-12-02,polynomial,1.0000000000000002
2025-12-03,polynomial,1.0000000000000002
2025-12-04,polynomial,1
2025-12-05,polynomial,1
2025-12-08,polynomial,1
2025-12-09,polynomial,1.0000000000000002
2025-12-10,polynomial,1
2025-12-11,polynomial,1.0000000000000002
2025-12-12,polynomial,1
2025-12-15,polynomial,1
2025-12-16,polynomial,1.0000000000000007
2025-12-17,polynomial,1
2025-12-18,polynomial,1.0000000000000002
2025-12-19,polynomial,1.0000000000000002
2025-12-22,polynomial,0.99999999999999956
2025-12-23,polynomial,1
2025-12-24,polynomial,1
2025-12-25,polynomial,1.0000000000000002
2025-12-26,polynomial,1
2025-12-29,polynomial,1
2025-12-30,polynomial,1.0000000000000002
